usdot,legal_name,dba_name,registered,status,operation,class,street,city,state,zip,phone,email,power_units,drivers,entity_type,mcs150_date
6383552,DDLC FREIGHT LLC,,2026-09-27,A,A,AUTHORIZED FOR HIRE,678 S BURGESS AVE,COLUMBUS,OH,43204,6149723019,DLCFREIGHTLLC@GMAIL.COM,2,4,,
9895863,MB LOPEZ TRUCKING LLC,,2026-09-26,A,C,PRIVATE PROPERTY;AUTHORIZED FOR HIRE,1863 QUIMBY RD,SAN JOSE,CA,95122,4083732078,MBLOPEZTRUCKINGLLC@GMAIL.COM,1,1,,
9868980,HD LANDSCAPE LLC,,2026-09-26,A,C,PRIVATE PROPERTY;AUTHORIZED FOR HIRE,14 SURFSIDE DR,NANTUCKET,MA,02554-4148,7742360459,WHALERS.ACK@GMAIL.COM,2,1,,
9859741,FREIGHT DREAM LOGISTICS LLC,,2026-09-26,A,A,PRIVATE PROPERTY;AUTHORIZED FOR HIRE,8839 STRAIGHT OAKS,SAN ANTONIO,TX,78254-6392,5125225149,KAMALZADRAN2019@GMAIL.COM,2,4,,
9796724,MOVES R US,,2026-09-26,A,C,AUTHORIZED FOR HIRE,16163 VIA WALTER,SAN LORENZO,CA,94580,5109622561,MOVESRUS7@GMAIL.COM,1,1,,
9791854,CAMERON FREDRICK REIMER,,2026-09-26,A,C,PRIVATE PROPERTY,3569 RENO CREEK RD,GARRYOWEN,MT,59031,4068613216,CAMLYNREIMER@GMAIL.COM,3,3,,
9780343,KASEY'S TRUCKING LLC,,2026-09-26,A,A,AUTHORIZED FOR HIRE,239 BUCKINGHAM DR,COLCHESTER,VT,05446-6947,8025561644,AUDIALLROAD082004@GMAIL.COM,1,1,,
9776816,S&W FOUNDATIONS LLC,,2026-09-26,A,C,PRIVATE PROPERTY,2806 SINGLETON ST,ROWLETT,TX,75088-4986,2742614748,DANIELLEG@SWFOUNDATION.COM,7,8,,
9774664,DAVID'S STUCCO LLC,,2026-09-26,A,C,PRIVATE PROPERTY,4607 LIBERTY AVE,NORTH BERGEN,NJ,07047,2019277238,DAVIDSTUCCO7238@HOTMAIL.COM,1,1,,
9746211,ROUTE 36 TRANSPORT LLC,,2026-09-26,A,A,PRIVATE PROPERTY;AUTHORIZED FOR HIRE,44094 US HIGHWAY 36,COSHOCTON,OH,43812,3306012829,ejhersh13@gmail.com,3,4,,
9683872,HERCON INVESTMENTS LLC,,2026-09-26,A,A,AUTHORIZED FOR HIRE,170 MORNING MIST LN,DOTHAN,AL,36305,3362879623,conra0311@yahoo.com,1,4,,
9643687,CONVOI LLC,,2026-09-26,A,A,AUTHORIZED FOR HIRE,970 W PERSHING RD,CHICAGO,IL,60609,3106664445,KATZCOMPANIES@YAHOO.COM,1,4,,
9624243,JKWW LLC,ANTHONY FAMILY TRANSPORT,2026-09-26,A,A,PRIVATE PROPERTY;AUTHORIZED FOR HIRE,75 LARK DRIVE,DUNLAP,TN,37327,4236610156,STARSANDSTRIPESAUTOLOCK@GMAIL.COM,1,4,,
9557992,SHAMIE LOGISTICS LLC,,2026-09-26,A,C,,5654 OWENS DR APT 208,PLEASANTON,CA,94588,5104151643,SHAMIELOGISTICS@GMAIL.COM,0,,,
9510104,JJ&O LOGISTICS LLC,,2026-09-26,A,A,AUTHORIZED FOR HIRE,770 NE PALOMA AVE,GRESHAM,OR,97030,5037542836,OLAZABALRAYDEL39@GMAIL.COM,2,3,,
9489178,"REGENCY LEASING, INC.",,2026-09-26,A,A,AUTHORIZED FOR HIRE,8210 BEECHCRAFT AVE,GAITHERSBURG,MD,20879-1587,3019909000,CASIEAN@TRANSITGROUP.COM,1,1,,
9307973,MINTO LANDSCAPING INC,,2026-09-26,A,C,PRIVATE PROPERTY,309 STEWART STREET,BUTLER,PA,16001,7242871278,MINTOLANDSCAPING@GMAIL.COM,2,1,,
9296234,DANDOLO TRANSPORTATION SERVICES LLC,,2026-09-26,A,A,"PRIVATE PASSENGER, BUSINESS;PRIVATE PASSENGER, NON-BUSINESS;AUTHORIZED FOR HIRE;EXEMPT FOR HIRE",995 BURYCOVE LN,LAWRENCEVILLE,GA,30043,4046203538,INFO@DANDOLOTRANS.COM,1,4,,
9235687,TURAB LANE LLC,,2026-09-26,A,A,AUTHORIZED FOR HIRE,1120 SW DOTTIE COURT,TROUTDALE,OR,97060,2068897319,TURABLANE@GMAIL.COM,1,2,,
9164667,"FINGER LAKES FIBERGLASS, LLC",,2026-09-26,A,C,PRIVATE PROPERTY,88 MIDDLE ST,GENEVA,NY,14456-1836,3152791203,RMCMULLEN@COACHANDEQUIPMENT.COM,1,2,,
9151424,ELITE TRANSPORT LOGISTICS LLC,,2026-09-26,A,A,AUTHORIZED FOR HIRE,1658 SAX LEIGH DR,DALLAS,TX,75241-3766,2052132367,JAVIER.SANDERS24@GMAIL.COM,2,1,,
9148721,"FAST EAGLE SERVICES, LLC",,2026-09-26,A,A,AUTHORIZED FOR HIRE,822 N INDIAN CREEK DR APT P24,CLARKSTON,GA,30021,4044542528,FESERVICE14@GMAIL.COM,2,4,,
9134417,TEXAS HEAT CATERING LLC,TEXAS HEAT TRANSPORT,2026-09-26,A,A,PRIVATE PROPERTY;AUTHORIZED FOR HIRE,100 SUNSET CIRCLE 100 SUNSET CIRCLE,BURNET,TX,78611,5129257047,TEXHEATCARRIER@OUTLOOK.COM,1,4,,
9087931,SAFARI INTERNATIONAL MARKET,,2026-09-26,A,A,PRIVATE PROPERTY,1407 SAGAMORE PKWY N,LAFAYETTE,IN,47905,7658380036,SAFARIMARKET317@GMAIL.COM,1,4,,
9007038,"TRIAL EXPRESS LOGISTICS, LLC",,2026-09-26,A,A,PRIVATE PROPERTY;AUTHORIZED FOR HIRE,400 WYOMING AVE,WILMINGTON,DE,19809-1304,3023835907,MIKE@TRIALTRANSPORTLOGISTICS.COM,2,2,,
9003913,SAY-LES LOGISTICS LLC,,2026-09-26,A,C,,1027 RIDGE ST,WAPAKONETA,OH,45895-2244,9374074368,KENYASAYLES@SAYLESLOGISTICS.COM,0,,,
8880809,ATLAS FREIGHT LLC,,2026-09-26,A,A,AUTHORIZED FOR HIRE,3061 MAIN ST APT 20,BRIDGEPORT,CT,06606,4752310501,ATLASFREIGHTINFO@GMAIL.COM,1,2,,
8803662,G & C FREIGHT TRANSPORT SERVICES LLC,,2026-09-26,A,A,AUTHORIZED FOR HIRE,907 VENICE CIRCLE,DUNCANVILLE,TX,75116,9729696081,GINMCC2001@AOL.COM,1,1,,
8768997,LRC EXPRESS INC.,,2026-09-26,A,A,AUTHORIZED FOR HIRE,179 LANGLAW DR,CAMBRIDGE,ON,N1P 1E8,5198415572,admin@lrcexpress.com,1,2,,
8758357,M&M MOBILE INC,,2026-09-26,A,A,PRIVATE PROPERTY;AUTHORIZED FOR HIRE,9471 W QUARTER MOON DR,PENDLETON,IN,46064-8570,7657449488,MANDMMOBILE26@GMAIL.COM,3,8,,
8715169,LARA TRUCKING LLC,,2026-09-26,A,A,AUTHORIZED FOR HIRE,981 FAXON AVE,MEMPHIS,TN,38105,9014258552,PABLOLARAACOSTA@HOTMAIL.COM,1,1,,
8707039,ALL ROUTE LOGISTICS LLC,,2026-09-26,A,C,AUTHORIZED FOR HIRE,524 GRAND AVE 4201,ENGLEWOOD,NJ,07631,7187996221,BM_2188@ICLOUD.COM,4,1,,
8657852,GILLBALDEEPS FIRSTFLIGHTS INC,,2026-09-26,A,A,AUTHORIZED FOR HIRE,9 HOLYOAKE CRESCENT,ETOBICOKE,ON,M9W 6G9,6479890188,BALDEEPGILL.1989@GMAIL.COM,1,1,,
8592083,"PALOMINO ROOFING COMPANY, LLC",,2026-09-26,A,A,PRIVATE PROPERTY,520 E LUZERNE ST,PHILADELPHIA,PA,19124-4226,2152887400,PALOMINOROOFING.TRACEY@GMAIL.COM,1,3,,
8544575,EC OPERATIONS LLC,,2026-09-26,A,C,AUTHORIZED FOR HIRE,7702 FOX DEN ROAD,ODESSA,TX,79765,4324250412,ECOPERATIONLLC@GMAIL.COM,2,1,,
8535026,COMPLETE HOLDINGS LLC,,2026-09-26,A,A,AUTHORIZED FOR HIRE,12585 NW 56TH DR,CORAL SPRINGS,FL,33076-3478,9296476894,HERNANDEZSERGIO0417@ICLOUD.COM,1,1,,
8523720,"BLADE K. ENTERPRISES, LLC",,2026-09-26,A,A,AUTHORIZED FOR HIRE,1027 CHICKASAW DR. SUITE A,MONTGOMERY,TX,77316,3374221575,BLADEKENTERPRISES@GMAIL.COM,1,1,,
8522691,BTO TRANSPORT LLC,,2026-09-26,A,A,PRIVATE PROPERTY;AUTHORIZED FOR HIRE;EXEMPT FOR HIRE,13708 68TH AVE,COOPERSVILLE,MI,49404,6166908390,JANSSEN.BTO@GMAIL.COM,2,1,,
8373224,LABELNOT MEDIA LLC,RESCUE TEAM HOME SERVICES,2026-09-26,A,A,PRIVATE PROPERTY;AUTHORIZED FOR HIRE,408 PRAIRIE VIEW RD,GREENWOOD,MO,64034-8979,8168244744,RON@LABELNOTMEDIA.COM,3,2,,
8322998,HOPE SERVICES LLC,LOOLOO PARTY EVENTS,2026-09-26,A,C,PRIVATE PROPERTY;AUTHORIZED FOR HIRE,8906 SAINT LANDRY LANE,SPOTSYLVANIA,VA,22553,8262029931,JON.TANON@HOPE-SERVICESLLC.COM,3,3,,
8257790,BLUEFIELDS CONTRACTING CORP,ALATSAS HOME BUILDERS,2026-09-26,A,A,PRIVATE PROPERTY,17 BLUEFIELDS LN,BLAUVELT,NY,10913,2409189204,BBCORP19@GMAIL.COM,1,2,,
8217684,NEW GEN KC AUTO SALES LLC,FAST LANE TOWING,2026-09-26,A,A,PRIVATE PROPERTY,8716 E 67TH ST,KANSAS CITY,MO,64133-4749,8166662622,SHAZIQASIM6@GMAIL.COM,2,4,,
8208794,FDS TECH INC,,2026-09-26,A,A,AUTHORIZED FOR HIRE,49 CADILLAC CRES,BRAMPTON,ON,L7A 3B6,6479940909,FDSTECHINC@HOTMAIL.COM,3,6,,
8143068,VON RAY GARRISON JR,,2026-09-26,A,C,PRIVATE PROPERTY;AUTHORIZED FOR HIRE,3211 NW 33RD ST,FORT WORTH,TX,76106-3423,8303390631,VGARRISON82.VG@GMAIL.COM,1,1,,
8141995,LPSDETAILING LLC,,2026-09-26,A,C,AUTHORIZED FOR HIRE,245 TANYARD PARK PLACE,LOUISVILLE,KY,40229,5029963359,LPSBUSINESS01@GMAIL.COM,1,4,,
8091982,MDM BROTHERS LLC,,2026-09-26,A,A,AUTHORIZED FOR HIRE,2014 STONEHEATHER ROAD,HENRICO,VA,23238,8043652906,MDMBROTHERS23@GMAIL.COM,1,4,,
8078684,JC HAULING,,2026-09-26,A,C,PRIVATE PROPERTY;AUTHORIZED FOR HIRE,102 QUAIL RUN,CARROLLTON,GA,30116,4702186377,JHARDEN1972@AOL.COM,1,1,,2026-09-26
8075383,MUSAB A BASHIR,,2026-09-26,A,A,AUTHORIZED FOR HIRE,500 ABERDEEN DR,WAITE PARK,MN,56387,6124966142,MUSCABAQBALBASHIR@GMAIL.COM,1,1,,
8054332,BAYOU RIDGE TRANSPORT GROUP PLLC,,2026-09-26,A,A,AUTHORIZED FOR HIRE,114 BARBER RD,UNIONVILLE,TN,37180-8685,6156866312,KENNY5317@YAHOO.COM,1,2,,
8026702,DELIVERY DONE RIGHT LLC,,2026-09-26,A,A,AUTHORIZED FOR HIRE,1005 NW CAMPUS RIDGE CT,ANKENY,IA,50023,3474838526,DELIVERYDONERIGHT@HOTMAIL.COM,4,5,,
8010935,NOVA CRESCENT LLC.,,2026-09-26,A,A,PRIVATE PROPERTY;AUTHORIZED FOR HIRE,3910 CENTRAL PIKE APT 146,HERMITAGE,TN,37076,9857889030,CRESCENT.GRAVEL.GUARDIAN25@GMAIL.COM,1,4,,
8002257,HERCULES ENTERPRISES LLC,,2026-09-26,A,A,PRIVATE PROPERTY,321 VALLEY ROAD,HILLSBOROUGH,NJ,08844,9083690000,SALES@HERCULESCHASSIS.COM,2,4,,
7984333,CONCRETE READY LLC,,2026-09-26,A,C,PRIVATE PROPERTY,917 FELTON PLACE,EL PASO,TX,79928,9156911191,JEAS2377@GMAIL.COM,1,400,,
7976367,CURATED NATURE L.L.C.,,2026-09-26,A,A,PRIVATE PROPERTY,521 OLD FORKS ROAD,HAMMONTON,NJ,08037-2645,6097038562,ADMIN@CURATEDNATURE.CO,2,4,,
7949607,GROUNDBREAKING UTILITY SERVICES,,2026-09-26,A,C,PRIVATE PROPERTY,4603 RIVER CLOSE BOULEVARD,VALRICO,FL,33596,2487033006,MARIUSACHIM2022@GMAIL.COM,4,4,,
7941029,PRIME EXPRESS EC LLC,,2026-09-26,A,A,AUTHORIZED FOR HIRE,303 W LE MOYNE ST APT 2,CHICAGO,IL,60651,7739028643,FERNANDOLOGRO21@GMAIL.COM,1,2,,
7899798,ALABAMA GRID SERVICES,,2026-09-26,A,A,PRIVATE PROPERTY,415 COUNTY ROAD 488,CLANTON,AL,35046,2052940514,JEREMY@ALABAMGRIDSERVICES.COM,6,4,,
7798002,PYNK EQUITY GROUP,,2026-09-26,A,C,AUTHORIZED FOR HIRE,8735 DUNWOODY PLACE STE R,ATLANTA,GA,30350,7656318610,PYNKEQUITYGROUP@GMAIL.COM,1,1,,
7795968,GRACELAND TRANSPORTS LLC,,2026-09-26,A,A,AUTHORIZED FOR HIRE,5100 LEBANON AVE APT 407,PHILADELPHIA,PA,19131-3329,7183408841,GRACELANDTRANSPORTSLLC@GMAIL.COM,1,4,,
7786216,BNETWORKS L.L.C,,2026-09-26,A,C,,1141 MAPLE ST,EAGAN,MN,55121-4402,6519832666,NETWORKS114@GMAIL.COM,0,,,
7766585,GREEN TRAIN TOWING & RECOVERY LLC,,2026-09-26,A,C,PRIVATE PROPERTY;AUTHORIZED FOR HIRE,2821 REGENT PARK LN,BURLINGTON,NC,27217,3363809320,GREENTRAINTR@GMAIL.COM,1,1,,
7739435,HAUL-A-HOLICS LLC (DE),,2026-09-26,A,C,AUTHORIZED FOR HIRE,"3293 STONE MOUNTAIN HWY, SUITE G41",SNELLVILLE,GA,30078,8774285401,INFO@HAULAHOLICS.COM,1,2,,
7738230,UNCLE FRYS THIS AND THAT LLC,,2026-09-26,A,A,AUTHORIZED FOR HIRE,124 CHARLESTON LN,MILNER,GA,30257,6785722998,UNCLEFRYSTHISANDTHAT@YAHOO.COM,1,1,,
7731116,LOS DURITOS LOGISTICS LLC,,2026-09-26,A,A,AUTHORIZED FOR HIRE,54A PELHAM ST,METHUEN,MA,01844,3475924812,NATHALYLARA0@GMAIL.COM,2,1,,
7659377,TRUE GRADE SOLUTIONS LLC,,2026-09-26,A,A,PRIVATE PROPERTY,149 HURRICANE HILL RD,MASON,NH,03048,2747978811,SAMOHAGAN71@GMAIL.COM,2,1,,
7594634,"HNL LUMBER AND HARDWARE, LLC",,2026-09-26,A,C,PRIVATE PROPERTY,251 N. ORANGE STREET,GIDDINGS,TX,78942,9795423181,MATT@GVLUMBER.COM,3,3,,
7510377,L A R TRUCKING LLC,,2026-09-26,A,A,AUTHORIZED FOR HIRE,130 KY HIGHWAY 1050,JEFFERSONVILLE,KY,40337,6063624078,ASHLEY.BYRD17@YAHOO.COM,1,1,,
7487611,DIEGO TRUCKING LLC,,2026-09-26,A,A,AUTHORIZED FOR HIRE,6180 COOPER COLONY DR,WESTERVILLE,OH,43081,3802137782,DIEGOTRUCKING1@GMAIL.COM,1,1,,
7486698,OLOTH EXPRESS LLC,,2026-09-26,A,A,AUTHORIZED FOR HIRE,5898 MEDOC COURT 5898 MEDOC CT,COLUMBUS,OH,43229,6147466661,OLOTH2006@GMAIL.COM,2,4,,
7423436,CSMG LOGISTICS CORP,,2026-09-26,A,A,AUTHORIZED FOR HIRE,7733 FORSYTH BLVD 1137,CLAYTON,MO,63105,3144845015,CSMGLOGISTICS@GMAIL.COM,5,20,,
7378953,FLEX EXPRESS LLC,,2026-09-26,A,A,AUTHORIZED FOR HIRE,4752 WILLIAMSON ST,DEARBORN,MI,48126,3135740124,FLEXEXPRESSLLC1@GMAIL.COM,1,1,,
7376889,1800BILLY GOAT LANDSCAPING INC,,2026-09-26,A,C,PRIVATE PROPERTY,27 PRINCE STREET,NEW HYDE PARK,NY,11040,5166592387,BILLYAAA25@GMAIL.COM,2,0,,
7368614,HUDSKINZBON TRANSPORT & TRUCKING CO. INC.,,2026-09-26,A,A,AUTHORIZED FOR HIRE,7133 W NORTH AVE,WAUWATOSA,WI,53213-1810,8633461724,HKBTRANSPORTTRUCKINGCO@OUTLOOK.COM,1,1,,
7355442,"G.A. RITTENHOUSE, LLC",,2026-09-26,A,A,PRIVATE PROPERTY,1610 MABRY MILL ROAD,HOUSTON,TX,77062-2084,8482008388,ANGELO.MITLO@GAR-USA.COM,1,1,,2026-09-26
7260445,MJS TRANSPORT LLC,,2026-09-26,A,A,AUTHORIZED FOR HIRE,2473 SALINA ST,DEARBORN,MI,48120,3133990095,MJSTRANSPORT313@GMAIL.COM,1,1,,
7258728,MR. MAGIC MOVING & CLEANING LLC,,2026-09-26,A,C,AUTHORIZED FOR HIRE,1207 LANE BLVD,KALAMAZOO,MI,49001,2693707099,MRMAGICMOVINGCLEANINGLLC@GMAIL.COM,1,1,,
7249960,"PETRA LOGISTICS, LLC",,2026-09-26,A,C,,1002 NORTHPINE DR,CONROE,TX,77301,9365378358,JAY.MCCURRY65@GMAIL.COM,0,,,
7224984,AFGHANI LLC,,2026-09-26,A,A,PRIVATE PROPERTY;AUTHORIZED FOR HIRE;EXEMPT FOR HIRE,3004 N MONROE ST SPOKANE WA 99205 3004 N MONROE ST,SPOKANE,WA,99205,5093252639,MUSHWANI18@GMAIL.COM,2,8,,
7217456,AS TOWING LLC,,2026-09-26,A,A,PRIVATE PROPERTY;AUTHORIZED FOR HIRE,1937 HARVEST DR,WINCHESTER,VA,22601,7037289362,ATOWSVA@GMAIL.COM,1,1,,
7191752,UNDERESTIMATED TOW LLC,ASAP TOW AND RECOVERY,2026-09-26,A,A,AUTHORIZED FOR HIRE,1036 THOMASVILLE ESTATES WAY SE,ATLANTA,GA,30315,4016925771,ASAPTOWANDRECOVERY72@GMAIL.COM,1,4,,
7175509,LIONESS LOGISTICS LLC,,2026-09-26,A,C,AUTHORIZED FOR HIRE,2100 E BROAD ST APT 2312,MANSFIELD,TX,76063,2105502196,MARIE@LIONESSLOGISTICS-LLC.COM,1,4,,
7148890,ROCHESTER GLASS INC,,2026-09-26,A,C,AUTHORIZED FOR HIRE,360 NORTH ST,ROCHESTER,NY,14605-2541,5853253350,JSTEVENSON@ROCHESTERGLASS.COM,6,6,,
7074324,HEBER TRANSPORT LOGISTICS LLC,,2026-09-26,A,A,AUTHORIZED FOR HIRE,2204 SW GRAND BLVD,OKLAHOMA CITY,OK,73119,4056376528,HEBERTRANSPORT835@GMAIL.COM,1,1,,
7033423,GOLDILOCKS TRANSPORT LLC,,2026-09-26,A,A,AUTHORIZED FOR HIRE,4614 WILSHIRE DR,MIDLAND,TX,79703,4329005052,BIGEMELENDEZ@GMAIL.COM,1,1,,
7020086,P FIDELITY EXPRESS LLC,,2026-09-26,A,A,PRIVATE PROPERTY;AUTHORIZED FOR HIRE,1201 E BELL AVE APT 9,DES MOINES,IA,50315,7743408636,P.FEDELITYESPRESS91@GMAIL.COM,1,4,,2026-09-26
6995780,BASHIR AHMAD POPAL,,2026-09-26,A,C,AUTHORIZED FOR HIRE,"10939 SE 211TH PL, #1324",KENT,WA,98031-1122,4259419279,BASHIRAFGHAN959@GMAIL.COM,1,2,,
6974151,META TRANSPORT INC.,,2026-09-26,A,A,AUTHORIZED FOR HIRE,4 CALLALILY RD,BRAMPTON,ON,L7A 0M1,5872234134,INFO@METATRANSPORTINC.CA,5,7,,
6930740,AGK TOWING & TRANSPORTATION LLC,,2026-09-26,A,C,PRIVATE PROPERTY;AUTHORIZED FOR HIRE,198 BROAD ST,SUMMIT,NJ,07901-3977,9084181983,PEOTTERAG@GMAIL.COM,1,2,,
6872930,JEFFREY CAPPALO,,2026-09-26,A,C,AUTHORIZED FOR HIRE,46 DAVE MOORE BLVD,NORTH EAST,MD,21901,3025881423,JEFFREYCAPPALO@GMAIL.COM,2,2,,2026-09-26
6806827,MODS AUTO WORLD LLC,MODS AUTO WORLD,2026-09-26,A,A,AUTHORIZED FOR HIRE,690 RIVER HWY,MOORESVILLE,NC,28117,9363331713,PJOSERHERRERA@GMNAIL.COM,1,1,,
6783298,ILLINOIS TANKER LINES LLC,,2026-09-26,A,A,AUTHORIZED FOR HIRE,7501 LEMONT RD STE 200,WOODRIDGE,IL,60517-2688,6028980834,NADIA@ILTANKERLINES.COM,10,5,,
6746146,CARGONOVA CORP,,2026-09-26,A,A,AUTHORIZED FOR HIRE,1200 N FEDERAL HIGHWAY SUITE 300,BOCA RATON,FL,33432,7869224341,GOKHAN@CARGONOVACORP.COM,1,20,,
6638768,ALLAMERICOM FIBER AND LINE CONSTRUCTION LLC,,2026-09-26,A,C,PRIVATE PROPERTY,1976 BALL HOLLOW RD,COALPORT,PA,16627,7175540091,WAYNE.ALLAMERICOM@GMAIL.COM,1,1,,
6501398,ZEBENEY TRUCKING LLC,,2026-09-26,A,A,AUTHORIZED FOR HIRE,2150 SOUTH WEST TEMPLE APT 317,SALT LAKE CITY,UT,84115,7018091640,ZEBENEYTRUCKINGLLC@GMAIL.COM,1,1,,
6492629,BZMAN TRANSPORTATION LLC,,2026-09-26,A,A,AUTHORIZED FOR HIRE,3065 OAK MEADOW DR,SNELLVILLE,GA,30078,6787092065,BZMAN05@GMAIL.COM,1,1,,
6485552,SINDY ADRIANA CUEVAS HERNANDEZ,,2026-09-26,A,C,PRIVATE PROPERTY,1214 FALL AVE,ODESSA,TX,79763,4323413252,SADRIANA12200@GMAIL.COM,1,1,,
6415702,ASI EXPRESS TRANSPORTATION LLC,,2026-09-26,A,A,AUTHORIZED FOR HIRE,9838 LITTLEROCK COURT,MECHANICSVILLE,VA,23116,8042953187,ASIEXPRESSTLLC@GMAIL.COM,1,1,,
6329566,"HOLMES HAULING & TRANSPORT SERVICES, LLC",,2026-09-26,A,A,PRIVATE PROPERTY;AUTHORIZED FOR HIRE;EXEMPT FOR HIRE,8709 LEMODE CT APT D,INDIANAPOLIS,IN,46268,3179657705,HOLMES.TRANSPORT@OUTLOOK.COM,1,4,,
6275233,S V STONES,,2026-09-26,A,A,PRIVATE PROPERTY;AUTHORIZED FOR HIRE,1701 N 33RD,MELROSE PARK,IL,60160,7739966487,OWAISVAID1@GMAIL.COM,4,8,,
6256563,PEREZ CHAVEZ TRANSPORTATION LLC,,2026-09-26,A,A,AUTHORIZED FOR HIRE,926 SILVER AVE,KANSAS CITY,KS,66106,9132382195,PEREZCHAVEZMANUELUBALDO@GMAIL.COM,1,2,,
6218980,KINGDOM BRIDGE TRANSPORT,,2026-09-26,A,A,AUTHORIZED FOR HIRE,7013 ROCK BRIDGE RD,GRAND LEDGE,MI,48837,5173888432,KINGDOMBRIDGETRANSPORT@GMAIL.COM,2,4,,
6187375,PLEX INDUSTRIES LLC,,2026-09-26,A,A,PRIVATE PROPERTY,4255 MEREDITH RD,PADUCAH,KY,42001-9634,2703314969,BRIAN@PLEX-INDUSTRIES.COM,3,2,,
6121330,FORTENBERRY TRANSPORT SOLUTIONS LLC,,2026-09-26,A,C,AUTHORIZED FOR HIRE,13241 NEWTON END ROAD,COLLINSVILLE,MS,39325,6016668624,michaelhfortenberry@gmail.com,1,4,,2026-09-26
6064881,AKUNNA MOVERS LLC,,2026-09-26,A,C,AUTHORIZED FOR HIRE,279 MONTANA STREET,SAN FRANCISCO,CA,94112,6504479207,INFO@AKUNNAMOVERS.COM,1,2,,
6024775,BUSTILLOS TRANSPORT INC,,2026-09-26,A,C,AUTHORIZED FOR HIRE,554 CRESTWOOD ST SW,LEESBURG,VA,20175-3812,6312064852,BUSTILLOMORALES1@GMAIL.COM,1,1,,
6002415,TAXI GO PLUS DELIVERY LLC,,2026-09-26,A,A,AUTHORIZED FOR HIRE,8822 LANIER DR APT 004,SILVER SPRING,MD,20910,2273047383,JASONLUNA62@ICLOUD.COM,1,1,,
5981266,GREGORY EISELE,,2026-09-26,A,A,PRIVATE PROPERTY,31781 HIGHWAY B,PERRY,MO,63462,5734734382,GREGEISELE275@GMAIL.COM,8,18,,
5974643,B&J SERVICES,,2026-09-26,A,A,PRIVATE PROPERTY;AUTHORIZED FOR HIRE,7510 CORRECTIONVILLE RD,LAWTON,IA,51030,6054037512,B-JSERVICES@OUTLOOK.COM,1,8,,
5972123,"BEAR'S BOX DELIVERY, LLC",,2026-09-26,A,C,AUTHORIZED FOR HIRE,2921 MARS ST,VA BEACH,VA,23452,7577938690,BEARSBOXDELIVERY@OUTLOOK.COM,1,1,,
5925395,BARNES AUTO TRANSPORT,,2026-09-26,A,A,AUTHORIZED FOR HIRE,16500 RICHMOND HWY,PAMPLIN,VA,23958,2038081144,BARNESAUTOTRANS@GMAIL.COM,2,4,,
5918149,BIG RICH ENT LLC,BIG RICH TRUCK LOAD,2026-09-26,A,C,PRIVATE PROPERTY;AUTHORIZED FOR HIRE,9350 N 67TH AVENUE APT 132,GLENDALE,AZ,85302,3124819003,BIGRICHENTLLC@GMAIL.COM,1,4,,2026-09-26
5913647,WEDGE TRUCKING LLC,,2026-09-26,A,C,AUTHORIZED FOR HIRE,815 WEST 5TH STREET,LUSK,WY,82225,3073401807,MARKKUPKE22@GMAIL.COM,1,1,,
5898745,LV ENTERPRISES,,2026-09-26,A,C,PRIVATE PROPERTY;AUTHORIZED FOR HIRE,218 NORTH 4TH STREET,JEANNETTE,PA,15644,4124096189,GDVEGA599@GMAIL.COM,3,4,,
5878788,"SOUTHEASTERN DIRTWORKS, LLC",,2026-09-26,A,A,PRIVATE PROPERTY,5820 US HIGHWAY 52,SALISBURY,NC,28146-8137,7042320055,SEDIRTWORKS5@GMAIL.COM,1,2,,
5793244,IRONGRADE EXCAVATING LLC,IRONGRADE SURFACE SOLUTIONS,2026-09-26,A,C,PRIVATE PROPERTY,26806 PARK LN 26806 PARK LN,WOODHAVEN,MI,48183,7342312293,IRONGRADESURFACESOLUTIONS@GMAIL.COM,2,4,,
5782062,DAILY BREAD WNY LLC,,2026-09-26,A,C,AUTHORIZED FOR HIRE,60 CALVIN COURT NORTH,TONAWANDA,NY,14150,7168303930,DAILYBREADWNY@GAMIL.COM,1,1,,
5766965,BELEN TRANSPORTATION LLC,,2026-09-26,A,A,AUTHORIZED FOR HIRE,804 REGIS CT,HALETHORPE,MD,21227,2024685790,J84220414@GMAIL.COM,2,4,,
5720517,DARIEL AND YANELIS TRANSPORT LLC,,2026-09-26,A,A,AUTHORIZED FOR HIRE,3311 W NEW ORLEANS AVE,TAMPA,FL,33614,8133253698,DTURINOACOSTA@GMAIL.COM,1,2,,
5693723,JAGUAR TOWING & RECOVERY LLC,,2026-09-26,A,C,PRIVATE PROPERTY;AUTHORIZED FOR HIRE,5534 HIGHWAY AVE,JACKSONVILLE,FL,32254,9045739040,REPO@JAGUARRECOVERY.COM,2,2,,
5652447,HALL OF FAME HAULING LLC,,2026-09-26,A,A,AUTHORIZED FOR HIRE,1391 PROSPECT RD,MADISON,GA,30650,7068189753,AMERICANDREAMTRUCKING1@YAHOO.COM,2,4,,
5636328,FISHING CREEK YARD WORKS LLC,FCYW LLC,2026-09-26,A,C,PRIVATE PROPERTY;AUTHORIZED FOR HIRE,411 SAVAGE HILL ROAD,ORANGEVILLE,PA,17859,5704920614,YARDWORKS@FISHINGCREEK.NET,2,2,,
5608683,BAILEY WINDOWS LLC,,2026-09-26,A,A,PRIVATE PROPERTY,1717 S LONDONER AVE,BOISE,ID,83706,2083155559,ESW.CO@OUTLOOK.COM,1,1,,
5578372,ADAM ROSS GILLARD,,2026-09-26,A,C,PRIVATE PROPERTY,49401 195TH AVE,PINE ISLAND,MN,55963,5079937363,ADAMGILLARD2018@GMAIL.COM,1,1,,
5533855,COMMONWEALTH ARBORISTS LLC,,2026-09-26,A,C,PRIVATE PROPERTY,835 PLAIN ST,MARSHFIELD,MA,02050,7815729173,COMMONWEALTHARBORISTS@GMAIL.COM,4,1,,
5531885,UNRIVALED RESOURCES LLC,,2026-09-26,A,A,AUTHORIZED FOR HIRE,5132 OYSTER CV,NEW PORT RICHEY,FL,34652-3091,7034778606,PAUL.WILSON@UNRIVALEDRESOURCES.COM,2,2,,
5495161,NAVARRO MARTINEZ TRUCKING INC,,2026-09-26,A,C,AUTHORIZED FOR HIRE,2716 FRUITVALE AVE APT C,OAKLAND,CA,94601,2098086040,NAVARROMARTINEZTRUCKINGINC@YAHOO.COM,1,1,,
5472952,DAWE EXPRESS LLC,,2026-09-26,A,A,PRIVATE PROPERTY;AUTHORIZED FOR HIRE,6564 DOUGLAS DR N,BROOKLYN PARK,MN,55429,6126664304,BILALDAWE2024@GMAIL.COM,1,1,,
5416610,DIXIE LOGISTICS CORP,,2026-09-26,A,C,AUTHORIZED FOR HIRE,6114 SUGARTREE CT,LIBERTY TOWNSHIP,OH,45011,3475952775,DIXIELOGISTICSCORP@GMAIL.COM,1,4,,
5370587,NEW PORT AUTO RECYCLING INC,TMR,2026-09-26,A,C,PRIVATE PROPERTY,4707 VOORHEES RD,NEW PORT RICHEY,FL,34653-5540,7278422367,NEWPORTAUTORECYCLING@GMAIL.COM,2,2,,
5329833,DIAGEN TRANSPORT LLC,,2026-09-26,A,A,AUTHORIZED FOR HIRE,18180 DELICIOUS ST,ADELANTO,CA,92301,5622345898,MARTINNEWDRIVER@GMAIL.COM,1,1,,
5288248,MATTOX PLUMBING LLC,MATTOX PLUMBING,2026-09-26,A,C,PRIVATE PROPERTY,1634 S 108TH ST,WEST ALLIS,WI,53214-4021,4142495034,BGUMS@MATTOXPLUMBING.COM,1,2,,
5244497,GREAT LAKES GROUNDS & SNOW L.L.C.,,2026-09-26,A,C,PRIVATE PROPERTY,613 WRENSHALL STREET,WRENSHALL,MN,55797,2183914761,BRANDON@GREATLAKESGROUNDSANDSNOW.COM,1,1,,
5230315,"GOATED VISION ENTERPRISES, LLC",,2026-09-26,A,A,AUTHORIZED FOR HIRE,7901 4TH ST N STE 300,ST PETERSBURG,FL,33702,7542141759,GOATEDVISION@GMAIL.COM,1,1,,
5226342,MANUEL A GOMEZ RIVERA,,2026-09-26,A,C,AUTHORIZED FOR HIRE,BO CANTA GALLO C15 CALLE FRANCISCO JIMENEZ,JUNCOS,PR,00777,7876850974,MANAGORI@GMAIL.COM,2,1,,
5147241,AVILA TRANSPORT LLC,,2026-09-26,A,A,AUTHORIZED FOR HIRE,3713 S ENSENADA ST,AURORA,CO,80013,7203124623,RAFAELAVILA0130@GMAIL.COM,1,1,,
5071237,ROUTEPROS DELIVERY LLC,,2026-09-26,A,A,AUTHORIZED FOR HIRE,16576 WASHBURN ST,DETROIT,MI,48221,3137219640,INFO@ROUTEPROSDELIVERY.COM,1,1,,
5068438,TRES HANDYMEN LLC,,2026-09-26,A,C,AUTHORIZED FOR HIRE,4211 E 9TH AVE,TAMPA,FL,33605,8132301130,TRESHANDYMANLLC@GMAIL.COM,1,4,,
4998404,OCALA FENCE LLC,,2026-09-26,A,C,PRIVATE PROPERTY;AUTHORIZED FOR HIRE,311 NW 11TH PLACE,OCALA,FL,34475,3522740823,BRANDON@OCALAFENCE.COM,16,30,,
4996114,BASUDEV TRUCKLINES LLC,,2026-09-26,A,A,AUTHORIZED FOR HIRE,1919 SANDY HILL RD APT B-3,PLYMOUTH MEETING,PA,19462,9294662401,BEST451969@GMAIL.COM,1,1,,
4942877,NICK AND DAD'S TRUCKING LLC,,2026-09-26,A,A,AUTHORIZED FOR HIRE,6146 WESTOVER ST,HOUSTON,TX,77033,9364363754,ALFREDOYELENABRAVO@GMAIL.COM,1,2,,
4855976,HOME BASE SERVICES LLC,HB HOME SERVICES LLC,2026-09-26,A,A,PRIVATE PROPERTY,2987 PROSPERITY AVE,FAIRFAX,VA,22031-2208,7037640498,ACCOUNTSPAYABLE@HBSERVICES.BIZ,2,1,,
4847985,TGKTRUCKING LLC,,2026-09-26,A,A,PRIVATE PROPERTY;AUTHORIZED FOR HIRE,3626 NORTH HALL ST SUITE 610,DALLAS,TX,75219,4693585567,TGKTRUCKINGLLC@YAHOO.COM,2,4,,
4801310,NICAT RECOVERY LLC,,2026-09-26,A,C,AUTHORIZED FOR HIRE,17380 WILSHIRE DR,SOUTH BEND,IN,46635,2698456889,J_FLI@YAHOO.COM,1,16,,
4784379,B&E ENTERPRISES LLC,,2026-09-26,A,A,AUTHORIZED FOR HIRE,215 S 2ND ST W,RIRIE,ID,83443-7716,4724804644,MIKERBULLARD@GMAIL.COM,1,1,,
4671146,ASTRIK’S LOGISTICS LLC,,2026-09-26,A,C,PRIVATE PROPERTY;AUTHORIZED FOR HIRE,151 COURTNEYS LN,FAYETTEVILLE,GA,30215-4010,4708138243,ASTRIKSLOGISTICSLLC@OUTLOOK.COM,2,2,,
4639058,JORGES AUTO TRANSPORT LLC,,2026-09-26,A,A,PRIVATE PROPERTY;AUTHORIZED FOR HIRE,19 CURVE ST,FRAMINGHAM,MA,01702-2903,4012018823,CARTORIOEXPRESSMA@GMAIL.COM,2,4,,
4631989,SAM HAMMICK,,2026-09-26,A,A,PRIVATE PROPERTY;AUTHORIZED FOR HIRE,2201 GALLANT FOX CIRCLE,MONTGOMERY,IL,60538,7737996599,INFO@SNEENTERPRISES.COM,2,4,,
9968655,"IZZY LOGISTICS, INC",,2026-09-25,A,A,AUTHORIZED FOR HIRE,1704 W MANCHESTER AVE STE 207E,LOS ANGELES,CA,90047-3057,3233380204,izurichy.chris@gmail.com,1,1,,
9946723,MILVAK TRANSPORT INC,,2026-09-25,A,A,PRIVATE PROPERTY;AUTHORIZED FOR HIRE,4734 AVON CT ST,CLOUD,FL,34769,4078670820,MILVAKTRANSPORTINC@GMAIL.COM,1,1,,
9935154,ADP TRUCKING LLC,,2026-09-25,A,C,AUTHORIZED FOR HIRE,6503 LINMORE AVENUE,PHILADELPHIA,PA,19142,2254077837,ADPTRUCKINGLLC2025@GMAIL.COM,5,4,,
9892364,PAZ BROTHERS READY MIX LLC,,2026-09-25,A,C,AUTHORIZED FOR HIRE,12122 LOCUST ST,CROSBY,TX,77532,3465630463,VICTORPAZ1997@ICLOUD.COM,1,2,,
9867113,PORTILLOS LOGISTICS AND SERVICES LLC,,2026-09-25,A,A,AUTHORIZED FOR HIRE,2372 MARES RD SW,ALBUQUERQUE,NM,87105,5053624609,PORTILLOLOGISTICS.SVCS@GMAIL.COM,1,1,,
9850501,SPARTAN CONSULTING GROUP LLC,,2026-09-25,A,C,AUTHORIZED FOR HIRE,1317 E BRIDGE ST,REDWOOD FALLS,MN,56283,5073825758,WENDYLEAANDERSON@GMAIL.COM,2,2,,
9841958,CHAD ALLAN DEVITT,,2026-09-25,A,C,PRIVATE PROPERTY,395 DUNN LN,HARRODSBURG,KY,40330-8730,5418409948,chaddevitt@aol.com,1,1,,
9802224,FAITH OVER FEAR TRUCKING LLC,,2026-09-25,A,A,AUTHORIZED FOR HIRE;EXEMPT FOR HIRE,9802 W VAN BUREN ST UNIT 39,TOLLESON,AZ,85353,6024611983,faithoverfeartrucking2026@gmail.com,1,3,,
9799308,HODASH HAULING LLC,,2026-09-25,A,C,AUTHORIZED FOR HIRE,916 VISTA VERDE WAY,BAKERSFIELD,CA,93309,6613401021,liamh@hodashhauling.com,0,4,,
9794925,EASTSIDE CONCRETE LLC,,2026-09-25,A,A,PRIVATE PROPERTY,830 SE LAMBERT CIR,GRESHAM,OR,97080,5035041644,eastsideconcrete503@gmail.com,4,4,,
9786634,"MENTOR SNF HEALTHCARE, LLC",MENTOR HILLS POST ACUTE,2026-09-25,A,C,"PRIVATE PASSENGER, BUSINESS;PRIVATE PASSENGER, NON-BUSINESS;AUTHORIZED FOR HIRE",8200 MENTOR HILLS DRIVE,MENTOR HILLS,OH,44060-7861,4402561496,jessica.aleman@pacs.com,2,3,,
9716983,TOTAL DEDICATION TRUCKING LLC,,2026-09-25,A,A,AUTHORIZED FOR HIRE,14313 OWINGS AVE,BRANDYWINE,MD,20613,2027102330,TOTALDEDICATIONTRUCKING@GMAIL.COM,2,4,,
9705108,GUJJAR TRANS INC,,2026-09-25,A,A,AUTHORIZED FOR HIRE;EXEMPT FOR HIRE,2668 N COVE DR,SACRAMENTO,CA,95833,4582724023,gujjartransinc@gmail.com,1,1,,2026-09-25
9687202,R&F TRANSPORT SERVES LLC,,2026-09-25,A,A,AUTHORIZED FOR HIRE,3032 MESQUITE POD TRL,CONROE,TX,77301,9365143121,RFTRANSPORTSERVESLLC@YAHOO.COM,1,1,,
9623737,SANTO DOMINGO MARKET INC,,2026-09-25,A,C,PRIVATE PROPERTY,388 HAMPSHIRE ST,LAWRENCE,MA,01841,9782582001,SANTODOMINGOMARKET978@GMAIL.COM,1,1,,
9600866,PRIME HAUL FREIGHT LOGISTICS LLC,,2026-09-25,A,A,AUTHORIZED FOR HIRE,12608 GRIMSBY AVENUE,CLEVELAND,OH,44135,4123784592,PRIMEHAULFREIGHTLOGISTICS@OUTLOOK.COM,1,2,,
9585613,AMAZING CARE HEALTH SYSTEMS LLC,,2026-09-25,A,C,AUTHORIZED FOR HIRE,4425 HILL AVE,TOLEDO,OH,43615,4193781422,amazingcare2024@gmail.com,1,1,,
9581005,KUKY TOWING LLC,,2026-09-25,A,A,AUTHORIZED FOR HIRE,1207 CULHANE ST,CHESTER,PA,19013,9739372099,MARTYMARIA54@YAHOO.COM,2,11,,
9577701,ALLEGHANY FREIGHT BROKERAGE,,2026-09-25,A,C,,2929 COFER RD,RICHMOND,VA,23224,8044367581,NASH.CARRINGTON@ALLEGHANY.NET,0,,,
9562891,REESE'S ROOFING LLC,FLYGUYS ROOFING,2026-09-25,A,A,AUTHORIZED FOR HIRE,1863 MAIN ST STE 106,FERNDALE,WA,98248-9059,3603175027,OFFICE@FLYGUYSROOF.COM,5,4,,
9560484,LEAL POWDER COATING INC,,2026-09-25,A,C,PRIVATE PROPERTY,1443 POTRERO AVE,SOUTH EL MONTE,CA,91733,6265343591,GENOVEVALEALPOWDERCOATING@GMAIL.COM,1,2,,
9552941,KAIJU ENTERPRISES LLC,KAIJU TRANSPORT,2026-09-25,A,A,AUTHORIZED FOR HIRE,3903 SCOTS PL E,WILMINGTON,NC,28412-8315,4696595498,ROY@KAIJUTRANSPORT.COM,1,3,,
9552775,"CML FREIGHT & LOGISTICS, LLC",,2026-09-25,A,A,AUTHORIZED FOR HIRE,1607 STANBURY DRIVE,ORLANDO,FL,32818,4079540950,CMLFREIGHTLOGISTICS@GMAIL.COM,2,4,,
9551828,GARDEN COUNTY MERCANTILE CO LLC,,2026-09-25,A,A,PRIVATE PROPERTY;AUTHORIZED FOR HIRE,18141 ROAD 58,OSHKOSH,NE,69154,7577737512,NATE@LEVEL7HIGHPERFORMANCE.COM,5,4,,
9538354,RG LOGISTICS LLC,,2026-09-25,A,A,AUTHORIZED FOR HIRE,12790 E KANSAS DR APT P101,AURORA,CO,80012,7207090392,RGLOGISTICSLL2026@GMAIL.COM,2,2,,2026-09-25
9537751,"TRANSPORTE VALLEJOS, LLC",,2026-09-25,A,C,AUTHORIZED FOR HIRE,7436 JESSICA WAY,ROCKY MOUNT,NC,27803,2525811790,jesuschavarriavallejos@gmail.com,2,2,,
9509218,LIMA LOGISTICS LLC,,2026-09-25,A,C,AUTHORIZED FOR HIRE,921 UPPER DENTON RD,WEATHERFORD,TX,76085,6828035593,trevor@shopdps.com,2,2,,
9507670,BOUSSA INC,,2026-09-25,A,A,AUTHORIZED FOR HIRE,4865 WRIGHT TER APT 2E,SKOKIE,IL,60077,3129191402,boussainc3557@gmail.com,1,1,,
9504714,R&D HEATING & COOLING L.L.C.,,2026-09-25,A,C,PRIVATE PROPERTY,13 ARCH ST APT 1,HIGH BRIDGE,NJ,08829,2078791289,ROB.GAWEL@RDHEATCOOL.NET,1,1,,
9498328,PAZOS LOGISTICS LLC,,2026-09-25,I,A,AUTHORIZED FOR HIRE,5314 FARLEY FEATHER CT,NORTH LAS VEGAS,NV,89031,7027381307,pazoslogisticsllc45@gmail.com,2,2,,
9475654,NSBX LOGISTICS LLC,,2026-09-25,A,A,PRIVATE PROPERTY;AUTHORIZED FOR HIRE,14 SADDLEWOOD LN,GLEN CARBON,IL,62034,6188188067,NSBX7000@GMAIL.COM,1,1,,
9472708,CARLOS IVAN MENDEZ DURAN,,2026-09-25,A,A,AUTHORIZED FOR HIRE,842 FRANKFORT PLACE CT,FRANKFORT,IN,46041,7656055962,carlosimendezduran1983@gmail.com,1,1,,
9469130,ANAZAGATIS TRANSPORTATION LLC,,2026-09-25,A,A,AUTHORIZED FOR HIRE,22 VINTON ST,WORCESTER,MA,01605,9789029529,JOSE.ANAZAGATIS@GMAIL.COM,1,1,,
9464589,BLACK STONES LANDSCAPING LLC,,2026-09-25,A,C,AUTHORIZED FOR HIRE,7602 NE 59TH CIRCLE,VANCOUVER,WA,98662,3609802732,BLACKSTONESLANDSCAPING@HOTMAIL.COM,1,4,,
9443151,PATRICIA LOVE DISPATCH LLC,PATRICIA LOVE SERVICES,2026-09-25,A,A,AUTHORIZED FOR HIRE,112 NORTHINGTON PLACE F,CARY,NC,27513,9194341578,INFO@PATLOVEDISPATCH.COM,1,1,,
9441437,BAINS TRANSPORT LLC,,2026-09-25,A,C,AUTHORIZED FOR HIRE,8460 SAINT ARVANT CT SAINT ARVANT CT,ELK GROVE,CA,95624,9168770538,sukh@bainstransportllc.com,4,4,,
9426582,SPEED STARS INC,,2026-09-25,A,A,AUTHORIZED FOR HIRE,1555 TORRY PINE DRIVE,YUBA CITY,CA,95993,9169040035,SPEEDSTARSINC@GMAIL.COM,1,1,,
9387988,PAYELOAD DELIVERY LLC,,2026-09-25,A,C,,24044 PLATA CT,WILDOMAR,CA,92595,9519704471,britayik@payeload.com,0,,,
9376158,JHONNATAN ERNESTO HERNANDEZ ROQUE,,2026-09-25,A,C,AUTHORIZED FOR HIRE,167 HOWARD STREET,PORT JEFFERSON STATION,NY,11776,6316813669,camaleon.roque1@gmail.com,2,1,,
9359361,JJJ TRAILERS,,2026-09-25,A,C,PRIVATE PROPERTY;AUTHORIZED FOR HIRE,1802 WHITEOAK DR,GARLAND,TX,75040,4699961144,JJJHAULING26@GMAIL.COM,1,4,,
9345447,OTT INDUSTRIAL LLC,,2026-09-25,A,A,AUTHORIZED FOR HIRE;EXEMPT FOR HIRE,803 ARVANA ST,HOUSTON,TX,77034,8324030056,operez@ottindustrial.com,1,6,,
9329126,IN HEART CARE LLC,,2026-09-25,A,C,AUTHORIZED FOR HIRE,2839 BOAT HOUSE,THE COLONY,TX,75056,2146723434,INHEARTCARELLC@GMAIL.COM,1,3,,
9274348,AZ ROUTE LLC,,2026-09-25,A,C,AUTHORIZED FOR HIRE,6200 DESIMONE LN 57A,CITRUS HEIGHTS,CA,95621,9166999982,AZROUTE916@GMAIL.COM,1,4,,
9264723,OIS LOGISTICS LLC,,2026-09-25,A,A,AUTHORIZED FOR HIRE,"4977 S MAIN ST, SUITE C101",COWPENS,SC,29330,7826414061,ois.logistics.llc@gmail.com,1,2,,
9225370,TOP NOTCH TOWING & RECOVERY LLC,,2026-09-25,A,A,AUTHORIZED FOR HIRE,876 TAILDRAGGER RD,GARDNERVILLE,NV,89410,7756005032,TOPNOTCHTRECOVERY@GMAIL.COM,2,4,,
9214701,RUBENS TRANSPORTERS LLC,,2026-09-25,A,A,AUTHORIZED FOR HIRE,17000 W ELWOOD ST,GOODYEAR,AZ,85338,4805502379,RUBENSTRANSPORTERS@GMAIL.COM,1,4,,
9211599,MILK TRANSPORT AZ CORP,,2026-09-25,A,C,AUTHORIZED FOR HIRE,1410 W 10TH PLACE,TEMPE,AZ,85281,4805791264,MILKTRANSPORTAZ@GMAIL.COM,3,2,,
9191246,S-TEC TRUCKING INC,,2026-09-25,A,C,PRIVATE PROPERTY;AUTHORIZED FOR HIRE,107 MCMULLEN RD,MOULTRIE,GA,31788,2294441323,STECTRUCKING@GMAIL.COM,1,1,,
9151850,IRONFOX RENTALS LLC,,2026-09-25,A,A,PRIVATE PROPERTY,4469 FAIRVIEW RD,COLUMBIA,PA,17512,7178035528,IRONFOXRENTALS@GMAIL.COM,2,4,,
9149758,BRANDON T RATLIFF,,2026-09-25,A,C,AUTHORIZED FOR HIRE,204 EAST FAIRGROUND AVE,TROY,NC,27371,9102208410,BACKTORUNNING23@YAHOO.COM,1,1,,
9133669,"BIG TREE WATER, LLC",,2026-09-25,P,C,PRIVATE PROPERTY;STATE GOVERNMENT;AUTHORIZED FOR HIRE,1381 PANAMA BEAR LAKE RD,PANAMA,NY,14767,7166657414,DAVIDMUNSEE@YAHOO.COM,4,2,,
9130300,DOBLE BB TRANSPORTACION LLC,,2026-09-25,A,A,AUTHORIZED FOR HIRE,5904 E 43RD ST,TULSA,OK,74135,9182828103,ROSAMARIABRASSFIELD@YAHOO.COM,2,1,,
9129036,PECORA CONSTRUCTION,,2026-09-25,A,A,PRIVATE PROPERTY,1445 S 2900 W,OGDEN,UT,84401,8019790457,ADMIN@PECORACO.COM,2,8,,
9121588,C&D SCOTT TRANSPORT,,2026-09-25,A,A,PRIVATE PROPERTY;AUTHORIZED FOR HIRE,810 E BALL AVE,STANFIELD,OR,97875,5414492069,sesroh4me@gmail.com,1,4,,
9068310,ETH EXPRESS LLC,,2026-09-25,A,A,AUTHORIZED FOR HIRE,4616 WESTHAMPTON CIR,TUCKER,GA,30084,4047074569,abelbantie.ab@gmail.com,1,1,,
9059952,SHEMAR PARKER,NSM CAPITAL HOLDINGS,2026-09-25,A,A,PRIVATE PROPERTY,5515 TOBINS GULLY DR.,KATY,TX,77449,3127144278,autometgrim@gmail.com,1,4,,
9058357,ASC TRUCKING LLC,,2026-09-25,A,A,PRIVATE PROPERTY,3900 SOUTHCENTER BLVD APT B15,TUKWILA,WA,98188,2065781759,asctrucking57@gmail.com,1,2,,2026-09-25
9046110,DS & H DELIVERY LLC,,2026-09-25,A,C,AUTHORIZED FOR HIRE,1813 BOLADO PKWY,CAPE CORAL,FL,33990,9292558058,DSNHDELIVERYLLC@GMAIL.COM,1,2,,2026-09-25
9044265,"VOYAGER MANUFACTURING GROUP, LLC",,2026-09-25,A,A,PRIVATE PROPERTY,"1515 HIGHWAY 74 NORTH BUILDING 100, SUITE A",TYRONE,GA,30290,4709454653,INFO@VOYAGEREV.COM,1,4,,
8998889,STEVEN K JACOBSEN,,2026-09-25,A,A,PRIVATE PROPERTY,13505 N. 108TH ST.,OMAHA,NE,68142,4026776867,SKACOBSEN@GMAIL.COM,4,2,,
8989422,NELSFINCH CONSTRUCTION LLC,,2026-09-25,I,C,PRIVATE PROPERTY,6580 LEESBOROUGH AVE,EDEN PRAIRIE,MN,55346,9525407178,MARK@NELSFINCH.COM,1,1,,2026-09-25
8983003,BRYANT BROTHERS INC,,2026-09-25,A,A,PRIVATE PROPERTY;AUTHORIZED FOR HIRE,3321 STATE ROUTE 41 SE,WASHINGTON COURT HOUSE,OH,43160-9792,9372054043,KCOLEMAN@BRYANTAG.COM,6,10,,
8978992,CARTESIAN MACHINE LLC,,2026-09-25,A,C,PRIVATE PROPERTY,10116 MIDWAY,DURHAM,CA,95938-9717,5305700465,books@cartesian-machine.com,1,1,,
8940589,GRACE OF GOD TRANSPORTATION LLC,,2026-09-25,A,C,PRIVATE PROPERTY,2087 GLESS AVE,UNION,NJ,07083,9738785128,VICHAYAFIGARO31@YAHOO.COM,1,1,,
8934798,LEGENDARY TRANSPORT SERVICES LLC,,2026-09-25,A,C,PRIVATE PROPERTY;AUTHORIZED FOR HIRE,526 ST HWY 148 S,HENRIETTA,TX,76365-2605,9406139054,CLAY@LEGENDARY-TRANSPORT.COM,3,3,,
8930902,GAEL A PEREZ CHAVEZ,,2026-09-25,A,C,PRIVATE PROPERTY,12204 CLARETTA ST,SYLMAR,CA,91342,6614332273,GPEREZ0312@ICLOUD.COM,2,1,,
8915987,SAMRAOW TRUCKING INC,,2026-09-25,A,A,AUTHORIZED FOR HIRE,1309 MOONFLOWER CT,PATTERSON,CA,95363,2095136954,SAMRAOWTRUCKINGINC@GMAIL.COM,1,1,,
8902936,MUKHAMMADAMIN 93 INC,,2026-09-25,A,A,AUTHORIZED FOR HIRE,2550 CONEY ISLAND,BROOKLYN,NY,11223,1929672013,MUHAMM7272@GMAIL.COM,1,1,,
8898956,TTR LLC,,2026-09-25,A,A,PRIVATE PROPERTY;AUTHORIZED FOR HIRE,58 YOUNGS AVENUE,WEST WARWICK,RI,02893-4534,4013692556,DINOEMMA@HOTMAIL.COM,4,1,,
8884562,MTM CARRIER LLC,,2026-09-25,A,A,PRIVATE PROPERTY;AUTHORIZED FOR HIRE,3209 W GRANGE AVE,MILWAUKEE,WI,53221,4146284158,MTM1122LLC@GMAIL.COM,2,1,,2026-09-25
8860171,JARED NEWTON TRUCKING LLC,WARREN JARED NEWTON,2026-09-25,A,A,PRIVATE PROPERTY,864 MOPAR LANE 864 MOPAR LANE,ANDREWS,SC,29510,8438335768,PGGYNEWTON@YAHOO.COM,6,12,,2026-09-26
8856133,"SUNSET PARK HEALTH COUNCIL, INC.",FAMILY HEALTH CENTERS AT NYU LANGONE,2026-09-25,A,C,"PRIVATE PROPERTY;PRIVATE PASSENGER, BUSINESS;PRIVATE PASSENGER, NON-BUSINESS",150 55TH ST,BROOKLYN,NY,11220-2508,3319528187,boris.bruk@nyulangone.org,2,1,,
8855556,ELEVATION LANE LLC,,2026-09-25,A,C,,9802 W VAN BUREN ST UNIT 39,TOLLESON,AZ,85353,9295593992,ELEVATIONLANE2026@GMAIL.COM,0,,,
8828120,DRP HANDY SERVICES,,2026-09-25,A,A,AUTHORIZED FOR HIRE,N1065 STATE ROAD 49,BERLIN,WI,54923,9202905853,drpservices24@gmail.com,1,1,,2026-09-25
8816102,DELTA AA HOLDINGS INC,,2026-09-25,A,A,AUTHORIZED FOR HIRE,1329 32A ST NW,EDMONTON,AB,T6T 0Z2,7809072871,AJAYMALHI@DELTAHOLDING.CA,2,2,,
8805486,RODARTE ICE COMPANY,,2026-09-25,A,C,PRIVATE PROPERTY,72227 ADELAID ST. SUITE B,THOUSAND PALMS,CA,92276,7603460324,RODARTEICE7@GMAIL.COM,4,2,,
8798023,"FM CLARK PLUMBING, INC.",,2026-09-25,A,C,PRIVATE PROPERTY,1818 MONROE ST,CARLETON,MI,48117,4722876073,FRANKCLARK1973@GMAIL.COM,6,4,,
8790171,PEACE LOAD INC.,,2026-09-25,A,A,AUTHORIZED FOR HIRE,10862 STEELES AVE E,MILTON,ON,L9T 2X8,4167355555,PEACELOADINC@GMAIL.COM,1,2,,
8785307,NNS SERVICES INC,,2026-09-25,A,C,PRIVATE PROPERTY,1519 E 27TH ST,BROOKLYN,NY,11229-1709,9292406244,NNSSERVICESINC@GMAIL.COM,1,2,,
8783026,"DJM ENTERPRISES, LLC",,2026-09-25,A,C,AUTHORIZED FOR HIRE,1815 WEST FARM ROAD 102,SPRINGFIELD,MO,65803,4175069860,dmeyer081@gmail.com,1,4,,
8764224,"LCC EXECUTIVE TRANSPORTATION, LLC",,2026-09-25,A,A,"PRIVATE PASSENGER, BUSINESS;PRIVATE PASSENGER, NON-BUSINESS;AUTHORIZED FOR HIRE",2360 OLD WASHINGTON RD,WALDORF,MD,20601-3198,3019741286,danielle.ymclean@yahoo.com,1,3,,
8762352,MARILIN PALACIOS,,2026-09-25,A,C,AUTHORIZED FOR HIRE,7630 SW 19TH TER,MIAMI,FL,33155,3052163702,MARILINPALACIOS94@YAHOO.COM,0,1,,
8735799,"AREA SALVAGE & RECYCLING, INC.",,2026-09-25,A,A,PRIVATE PROPERTY,207 PEOPLES AVE,ROCKFORD,IL,61104,4724243865,SUPMN24@ICLOUD.COM,1,1,,
8734627,SATNAM SINGH,S B D S TRANSPORT,2026-09-25,A,A,AUTHORIZED FOR HIRE,2679 NEBRASKA AVE APT 207,SELMA,CA,93662,5596209516,HAPPYSANDHU9100@GMAIL.COM,1,1,,
8730650,TENGIZI GROUP LLC,,2026-09-25,A,A,AUTHORIZED FOR HIRE,1801 EVARTS ST APT C11,PHILADELPHIA,PA,19152,3479309321,TENGO.KACHARAVA@GMAIL.COM,2,1,,
8725081,A&A BROTHERS LLC,,2026-09-25,A,A,AUTHORIZED FOR HIRE,5352 W CASSATT CIR,SALT LAKE CITY,UT,84118,4698182868,AYOUNESS345@GMAIL.COM,1,1,,
8710864,TRIPLE7TRUCKING LLC,TST,2026-09-25,A,C,AUTHORIZED FOR HIRE,8755 S COUNTY ROAD 425 E,MOORESVILLE,IN,46158-7745,3175000432,tripletrucking777@gmail.com,1,1,,
8707623,CRUISE'S AND SON ENTERPRISE LLC,,2026-09-25,A,A,AUTHORIZED FOR HIRE,41 COSS LN,GLADY,WV,26268-4502,3045176270,SUECOSS41@GMAIL.COM,1,1,,
8703772,LIQUID ROCK LLC,,2026-09-25,A,C,PRIVATE PROPERTY,4893 9TH STREET,CARPINTERIA,CA,93013,8054482129,LIQUIDROCKCA@GMAIL.COM,2,1,,
8698397,MIDWEST CORPORATE SERVICES LLC,,2026-09-25,A,A,PRIVATE PROPERTY,12416 87TH AVE N,MAPLE GROVE,MN,55369-3038,3204240136,john@mwcorporateservices.com,4,1,,
8686961,AURORA DELIVERY LLC,,2026-09-25,A,C,PRIVATE PROPERTY,14174 PADDOCK ST,SYLMAR,CA,91342,8186325243,NANDAKARAN95@YAHOO.COM,2,2,,
8683452,AL MUQARAB LOGISTICS LLC,,2026-09-25,A,C,PRIVATE PROPERTY;AUTHORIZED FOR HIRE,5510 POUNDSTONE CT,SUGAR LAND,TX,77479-5379,3466730078,ALMUQARAB@GMAIL.COM,1,4,,
8679643,THERMA-LOCK INSULATION LLC,,2026-09-25,A,A,PRIVATE PROPERTY,7807 E BALDWIN AVE,SPOKANE VALLEY,WA,99212-2403,5098280223,THERMALOCKWA@GMAIL.COM,1,2,,
8673020,ROADAXIS CARRIERS INC,,2026-09-25,A,A,AUTHORIZED FOR HIRE,3425 SIMPSON FERRY RD #100,CAMP HILL,PA,17011,7176855902,INFO@ROADAXISCARRIERSINC.NET,2,1,,
8627057,JC CONSTRUCTION EQUIPMENT RENTAL LLC,,2026-09-25,A,C,PRIVATE PROPERTY,5014 CHEROKEE CT,NORCROSS,GA,30071-3702,6788493251,JONATHAN_CAJAS@LIVE.COM.MX,2,2,,
8617457,VIDALONE,,2026-09-25,A,C,AUTHORIZED FOR HIRE,1685 W 64TH ST,HIALEAH,FL,33012,7868602371,VIDALONELLC@GMAIL.COM,1,1,,2026-09-25
8612861,JALMED LLC,,2026-09-25,A,A,AUTHORIZED FOR HIRE,4825 KINGSHILL DR APT 116,COLUMBUS,OH,43229,6145560927,JALMEDLLC6@GMAIL.COM,1,1,,
8609340,GONZALEZ TOWING & RECOVERY LLC,,2026-09-25,A,C,AUTHORIZED FOR HIRE,93 ANGEL DR,WATERBURY,CT,06708,9592488084,GONZALEZJO1190@GMAIL.COM,1,1,,
8589569,FIVE HORSES VENTURES LLC,,2026-09-25,A,A,AUTHORIZED FOR HIRE,3560 ROSSLARE HARBOUR DR,PICKERINGTON,OH,43147-7782,3802823394,moneyern22@gmail.com,1,1,,2026-09-25
8586187,MAKE TRANSPORT IN AMERICA EASY AGAIN LLC,,2026-09-25,A,A,AUTHORIZED FOR HIRE,412 PENSACOLA DRIVE,LANTANA,FL,33462,5615772529,SAINTYLD@YAHOO.COM,2,1,,
8562543,DUNLAP PREMIER TRANSPORT LLC,,2026-09-25,A,A,PRIVATE PROPERTY;AUTHORIZED FOR HIRE,929 N UNION WAY,STAR,ID,83669,2095919309,ryan@dunlaptransport.com,2,1,,
8561811,NETCO LLC,,2026-09-25,A,A,AUTHORIZED FOR HIRE,1121 LAKEWALK DR,ANTIOCH,TN,37013,6159386363,NETCOLLC77@GMAIL.COM,1,1,,
8559575,NAS TRANSPORTATION,,2026-09-25,A,A,AUTHORIZED FOR HIRE,23682 E MISSISSIPPI CIR,AURORA,CO,80018,8434895713,nasmedtransport@gmail.com,4,16,,
8541507,H&I HAULING LLC,,2026-09-25,A,A,AUTHORIZED FOR HIRE,23595 AUDREY AVENUE,FARMINGTON,MN,55024,6513538776,IMRANSAMAROO@OUTLOOK.COM,2,1,,2026-09-26
8511123,GT CLASSICS TRANSPORTATION LLC,GT TRANSPORT,2026-09-25,A,C,"PRIVATE PASSENGER, BUSINESS;PRIVATE PASSENGER, NON-BUSINESS;AUTHORIZED FOR HIRE",4807 ROCKSIDE RD SUITE 400,INDEPENDENCE,OH,44131,8442099606,DARNELL@GTCLASSICSTRANSPORT.COM,1,2,,
8499180,APEX FLEET INC,,2026-09-25,A,A,AUTHORIZED FOR HIRE,848 LOON ST,LATHROP,CA,95330,2094049239,apexfleetinc@gmail.com,1,1,,
8496243,SVW GLOBAL FREIGHT SOLUTIONS LLC,,2026-09-25,A,C,,440 W BOUGHTON RD SUITE J,BOLINGBROOK,IL,60440,8154191682,DISPATCH@SVWGLOBALFREIGHT.COM,0,,,
8477026,ALPHA & OMEGA OWN LLC,,2026-09-25,A,C,,390 W PIKE ST SUITE 205,LAWRENCEVILLE,GA,30046,4049519503,ALPHAOMEGAOWNSHIP@GMAIL.COM,0,,,
8475829,ADRIFT MOTORS LLC,,2026-09-25,A,C,PRIVATE PROPERTY;AUTHORIZED FOR HIRE,2824 1/2 TEXAS AVE,GRAND JUNCTION,CO,81501,9707087688,adriftmotors@gmail.com,2,8,,2026-09-25
8470706,ELTA LOGISTICS LLC,,2026-09-25,A,A,AUTHORIZED FOR HIRE,1017 VERA COURT 1017 VERA CT,IRVING,TX,75060,2147852347,SHAMEILA@ELTALOGISTICSLLC.COM,1,2,,
8443950,CONSTRUCTIVE WORKS INSTALLS L.L.C.,,2026-09-25,A,A,AUTHORIZED FOR HIRE,216 RAINEY RD.,GREENVILLE,SC,29609,8643468777,CONSTRUCTIVEWORKSINSTALLSLLC@GMAIL.COM,1,2,,
8425772,MIKE LOHAY TRUCKING,,2026-09-25,A,C,AUTHORIZED FOR HIRE,398 NW GRANVILLE ST,PSL,FL,34986,7723808536,mlcla1036@gmail.com,0,1,,
8421823,BRUSH & BLADE LLC,,2026-09-25,A,C,PRIVATE PROPERTY,214 WALLINWOOD AVE NE,GRAND RAPIDS,MI,49503,6164267631,LARSON710@GMAIL.COM,2,2,,
8388934,COLLINS LAWN & LANDSCAPE,,2026-09-25,A,C,PRIVATE PROPERTY;AUTHORIZED FOR HIRE,1690 STATE ROUTE 11B,NORTH BANGOR,NY,12966,5186517816,edmundcollins27@gmail.com,1,1,,
8371252,GARNERE GROUP TRUCKING & TRANSPORTATION LLC,,2026-09-25,A,A,AUTHORIZED FOR HIRE,112 SOUTH ST APT 3,HARRISBURG,PA,17101,7178848255,GREGORYCJOHNSON74@GMAIL.COM,1,1,,
8333744,BME DELIVERY SERVICES LLC,,2026-09-25,A,A,PRIVATE PROPERTY;AUTHORIZED FOR HIRE,5585 277TH ST,WYOMING,MN,55092,5074662699,INFO@BMEDELIVERYSERVICES.COM,2,4,,
8332117,ALBATROSS HIGHROAD LLC,,2026-09-25,A,A,AUTHORIZED FOR HIRE,5700 EL PARAISO AVE,SACRAMENTO,CA,95824-4009,9165944346,ALBATROSSHIGHROAD@GMAIL.COM,1,1,,
8331159,STAR MANAR TRANSPORT LLC,,2026-09-25,A,A,AUTHORIZED FOR HIRE,17 WEST 38TH ST,ERIE,PA,16508,8143841262,STARMANARTRANSPORTLLC@GMAIL.COM,2,4,,
8290732,CENTRAL MAINE CRATE INC,,2026-09-25,A,C,PRIVATE PROPERTY,34 CLAIRMONT AVE,OAKLAND,ME,04963,2078735880,SCOTTLECLAIR@CENTRALMAINECRATE.COM,2,1201,,
8286914,ELECTRIC LINES SERVICE CORPORATION,,2026-09-25,A,C,PRIVATE PROPERTY,66 S PHILLIPS AVE,REMSENBURG,NY,11960-2059,6314330887,TPJORDAN80@GMAIL.COM,1,1,,
8286666,ESTI GARDEN ESTATE,,2026-09-25,A,A,PRIVATE PROPERTY;AUTHORIZED FOR HIRE,84 N MAIN STREET,MULLICA HILL,NJ,08062,6094534704,COACH1MONARK@GMAIL.COM,4,8,,
8270360,SULLIVAN STONE COMPANY LTD,MARCO EXCAVATING,2026-09-25,A,A,PRIVATE PROPERTY;AUTHORIZED FOR HIRE,501 HELEN STREET,CRESTON,BC,V0B 1G6,2504282939,OFFICE@SULLIVANSTONE.CA,10,1,,
8258902,MADE RYTE CO,,2026-09-25,A,C,AUTHORIZED FOR HIRE,4861 BROOKHAVEN RD APT 18,MACON,GA,31206-4168,4782096028,hendersonmax03@gmail.com,1,8,,2026-09-26
8215784,UNITED ROAD CARRIERS LLC,,2026-09-25,A,A,AUTHORIZED FOR HIRE,17 W 38TH ST,ERIE,PA,16508,8142184752,UNITEDROADCARRIERS26@GMAIL.COM,3,4,,
8215078,MARRS LOGGING,MARRS HARDWOOD,2026-09-25,A,A,PRIVATE PROPERTY,1593 HIGHWAY US 412 W,LINDEN,TN,37096,9316980453,MARRSLOGGING@YAHOO.COM,3,5,,
8213378,TITAN ROAD LOGISTICS LLC,,2026-09-25,A,A,AUTHORIZED FOR HIRE,8720 DENNISON,DETROIT,MI,48210,3133135077,TITANROADLOGISTICSLLC@GMAIL.COM,1,1,,
8213115,"ANYTIME SERVICES, LLC",,2026-09-25,A,A,PRIVATE PROPERTY,321 OLNEY SANDY SPRING RD,ASHTON,MD,20861-3630,4432442994,SCOTTEDSALL@ROCKETMAIL.COM,1,1,,
8205428,AJM LLC,,2026-09-25,A,C,PRIVATE PROPERTY;AUTHORIZED FOR HIRE,10711 EAST 30TH ST,TULSA,OK,74129-7809,9187047978,AJMTRANSIT@YAHOO.COM,1,3,,
8204276,RIDGEX HAULING LLC,,2026-09-25,A,A,AUTHORIZED FOR HIRE,395 BILL WATKINS RD,HOSCHTON,GA,30548,7708805927,ADMIN@RIDGEXHAULING.COM,2,4,,
8201718,RUNMOREDELIVERIES LLC,,2026-09-25,A,A,AUTHORIZED FOR HIRE,316 S PRINCETON AVE,COLUMBUS,OH,43223,2166457584,REGGMREMY@GMAIL.COM,1,1,,
8187470,M&S TOWING LLC,,2026-09-25,A,C,AUTHORIZED FOR HIRE,38 MACMATH DR,TRUMBULL,CT,06611,5103200546,MSTOWINGCT@GMAIL.COM,1,1,,
8182990,BEST TRUCKING LLC,BEST TRUCKING,2026-09-25,A,A,AUTHORIZED FOR HIRE,7308 NW 85TH TERRACE,KANSAS CITY,MO,64153,8169239822,besttruckingllc84@gmail.com,1,2,,2026-09-25
8160325,MISSION READY TRANSPORTATION LLC,,2026-09-25,A,A,AUTHORIZED FOR HIRE,132 RHODES LN,CANTON,MS,39046-6200,7692189295,MISSIONREADYTRANSPORTATION@GMAIL.COM,1,1,,
8154722,ALSA TRUCKING SERVICES LLC,,2026-09-25,A,C,AUTHORIZED FOR HIRE,2604 SELENA ST,MISSION,TX,78572,9562221872,DISPATCH.ALSATRUCKING@GMAIL.COM,1,1,,
8153164,M&S TEXAS HAULING LLC,,2026-09-25,A,C,AUTHORIZED FOR HIRE,800 LIVE OAK DR,DESOTO,TX,75115,6827169343,nashalysoto04@gmail.com,1,1,,
8130738,OSBO LLC,,2026-09-25,A,A,AUTHORIZED FOR HIRE,33 HARKER,WATERBURY,CT,06705,4755297059,BRAIDENOWEN@OSBOLLC.COM,2,2,,
8115488,LD ENTERPRISE,,2026-09-25,A,A,AUTHORIZED FOR HIRE,3709 TURNSTONE DR,MESQUITE,TX,75181-2981,9032594037,LADARIUSHORTON14@GMAIL.COM,1,4,,
8114291,PLASTSCIENCE INC.,,2026-09-25,A,A,PRIVATE PROPERTY,38127 WILLOUGHBY PKWY STE B,WILLOUGHBY,OH,44094,7178770197,KUAN.HUANG@PLASTSCIENCE.COM,1,1,,
8059553,BIG HEART EXPRESS LLC,,2026-09-25,A,C,AUTHORIZED FOR HIRE,20240 US HIGHWAY 301 N,LAWTEY,FL,32058,9047969584,martysellers1971@gmail.com,1,1,,
8053544,A.G.P EXPRESS LLC,,2026-09-25,A,A,AUTHORIZED FOR HIRE,41 HUNTINGTON ST APT 303,HARTFORD,CT,06105,9595990063,ALVAROGOROTIZA@GMAIL.COM,2,1,,
8049282,BIG E CONSTRUCTION LLC,,2026-09-25,A,A,AUTHORIZED FOR HIRE,77085 S 4640 RD,STILWELL,OK,74960,9185073149,SHELBY_EUBANKS@YAHOO.COM,1,1,,
8047935,"SMA LIMOUSINE, INC",,2026-09-25,A,A,"PRIVATE PASSENGER, BUSINESS;PRIVATE PASSENGER, NON-BUSINESS;AUTHORIZED FOR HIRE;EXEMPT FOR HIRE",1S256 WINDSOR LANE,VILLA PARK,IL,60181,6303209220,INFO@SMALIMOUSINE.COM,1,4,,
8037310,CCL HAULING & STORAGE,,2026-09-25,A,A,AUTHORIZED FOR HIRE;EXEMPT FOR HIRE,421 MARY ST,MAYVILLE,WI,53050,9203823603,jamieheesen@outlook.com,1,4,,2026-09-25
8031059,"TTGF, LLC",,2026-09-25,A,A,AUTHORIZED FOR HIRE;EXEMPT FOR HIRE,9431 LONESTAR RD,AMARILLO,TX,79119,8063369183,TTGFLLC2016@GMAIL.COM,2,1,,
8026205,R & Y LOGISTICS LLC,,2026-09-25,A,A,AUTHORIZED FOR HIRE,911 WEST 39TH ST,ODESSA,TX,79764,7868569113,YURIMA.MARTINEZ@YAHOO.COM,1,1,,
7998782,GAVIN'S CLIMATE CONTROLS LLC,,2026-09-25,A,C,PRIVATE PROPERTY,1030 RIVER TRAIL CIR APT 8,KIEL,WI,53042,9209808660,GCLIMATECONTROLS@GMAIL.COM,1,4,,
7988796,YUNFENG LOGISTICS INC,,2026-09-25,A,C,AUTHORIZED FOR HIRE,11399 WILLIAMS RIDGE DR,RANCHO CUCAMONGA,CA,91701,6266978668,QQ9676531@GMAIL.COM,1,1,,
7967298,OC TOWING & RECOVERY LLC,,2026-09-25,A,A,AUTHORIZED FOR HIRE,507 W 3RD ST,LIVINSTON,TN,38570,9313192688,jodyjackson640@icloud.com,1,2,,
7966758,A J PEREZ,,2026-09-25,A,C,PRIVATE PROPERTY,BO QUEMADO CARR 181 KM 2.2,SAN LORENZO,PR,00754,7875100933,ALEXJAVIER959@GMAIL.COM,2,4,,
7939688,GOBOX LLC,,2026-09-25,A,C,AUTHORIZED FOR HIRE,8457 NARCOOSSEE RD APT 11106,ORLANDO,FL,32827,3058505421,GOBOXMCO@GMAIL.COM,2,2,,
7900774,AMAYAS TRANSPORTATION LLC,,2026-09-25,A,C,AUTHORIZED FOR HIRE,5462 N CROOKED CREEK DR,HOUSTON,TX,77017,7138595179,ROBERTO.AKZY9691@GMAIL.COM,1,1,,
7885004,FLORES LANDSCAPE LLC,,2026-09-25,A,C,PRIVATE PROPERTY,2223 KELLY AVE,SCRANTON,PA,18508,5708157581,FLORESLANDSCAPELLC23@GMAIL.COM,2,1,,
7869712,EFFATA GLOBAL TRUCKING LLC,,2026-09-25,A,C,AUTHORIZED FOR HIRE,2515 E AVENUE I SPC E3,LANCASTER,CA,93535,3237603555,EFFATAGLOBALTRUCKING@GMAIL.COM,1,2,,
7866282,ARIAL-LINES INC,,2026-09-25,A,C,PRIVATE PROPERTY,4745 MOORPARK AVE APT 27,MOORPARK,CA,93021,8052982284,ARIALLINES87@GMAIL.COM,2,3,,
7835026,"ROLLINSON CONSTRUCTION, INC.",,2026-09-25,A,A,PRIVATE PROPERTY,895 S NESHANNOCK RD,HERMITAGE,PA,16148,7243422099,TJROLLINSON@ROADRUNNER.COM,2,8,,
7833800,"CORKTREE HOLDINGS, LLC",NEWPORT BEACH MEMORY CARE,2026-09-25,A,C,"PRIVATE PASSENGER, BUSINESS;PRIVATE PASSENGER, NON-BUSINESS;AUTHORIZED FOR HIRE",1000 HALYARD,NEWPORT BEACH,CA,92633-2739,9492209700,jessica.aleman@pacs.com,1,1,,
7819100,PRO USA LOGISTICS LLC,,2026-09-25,A,A,AUTHORIZED FOR HIRE,10821 S HARLEM AVE 2S,WORTH,IL,60482,7733269624,prousalogistics@gmail.com,1,1,,
7816418,O'KEEFE'S PROPERTY SERVICES LLC,,2026-09-25,A,A,PRIVATE PROPERTY,45 ACORN HILL RD,LYME,NH,03768,2742273742,OKEEFESPS@GMAIL.COM,2,2,,
7756050,FIVE RIVER EXPRESS LTD.,,2026-09-25,A,A,AUTHORIZED FOR HIRE,1610 8TH STREET,NISKU,AB,T9E 7S6,7808031515,dispatch@fiveriveredmonton.com,2,1,,
7752596,"STIG, LLC",,2026-09-25,A,A,PRIVATE PROPERTY;AUTHORIZED FOR HIRE,536 POND STREET,BRAINTREE,MA,02184,6508858434,TONYDANG@TDANGSOLUTIONS.COM,1,4,,
7731052,SEMPER TRANSIT LLC,,2026-09-25,A,A,AUTHORIZED FOR HIRE,1425 GALLINA TRL,FORT WORTH,TX,76119-2669,8323035037,INFO@SEMPERTRANSIT.COM,1,1,,
7728074,NICKS MOBILE AUTO REPAIR,FRED BALLIN HERNANDEZ,2026-09-25,A,C,AUTHORIZED FOR HIRE,1580 MENLO AVE STE B,CLOVIS,CA,93611,5599783490,NICKAUTOFIX93611@GMAIL.COM,1,2,,
7706519,M&M AUTOMOTIVE SERVICES,FULLER TECH & AUTO SYSTEMS,2026-09-25,A,C,PRIVATE PROPERTY;AUTHORIZED FOR HIRE,2525 FRANCIS STREET FL 1,BALTIMORE,MD,21217,6675140057,DOCS@FULLERTNA.COM,5,4,,
7697080,YOU NEED A DUMPSTER LLC,,2026-09-25,A,C,AUTHORIZED FOR HIRE,19531 W FREMONT RD,BUCKEYE,AZ,85326,6027990097,ABISAIDV14@GMAIL.COM,2,1,,
7696178,DIESEL INSTALLATIONS LLC,,2026-09-25,A,C,AUTHORIZED FOR HIRE,20877 HAINES ST,PERRIS,CA,92570,6197071283,DIESELINSTALLATIONS@GMAIL.COM,1,1,,
7693854,PINNACLE TIER LLC,,2026-09-25,A,A,AUTHORIZED FOR HIRE,129 8TH AVE E,LA PUENTE,CA,91746,6143309510,CICIYANG755@GMAIL.COM,1,1,,
7692393,"J&J FORESTRY MULCHING & LAND MANAGEMENT,LLC",,2026-09-25,A,A,PRIVATE PROPERTY,1571 KNOXVILLE RD,SHERRARD,IL,61281,3099306651,JJFORESTRYMULCH@GMAIL.COM,3,4,,
7688486,MATTHEW ANDREW WOMENS FASHION,,2026-09-25,A,C,PRIVATE PROPERTY;AUTHORIZED FOR HIRE,9676 E SALVATORE PLACE,TUCSON,AZ,85748,3134337529,MATTHEWANDREWFASHION@GMAIL.COM,2,4,,
7686348,CBOWMAN LOGISTICS INC,,2026-09-25,A,A,AUTHORIZED FOR HIRE,405 MOSS HILL DR,ARLINGTON,TX,76018,9048682983,CBOWMAN@GENITTY.COM,1,1,,
7667373,GRAND SYSTEM TRANSPORT LLC,,2026-09-25,A,A,AUTHORIZED FOR HIRE,10035 BLESSER ST,DEARBORN,MI,48126,3138505458,SALAHALMURAISI58@GMAIL.COM,2,4,,
7648826,COMPLETE CAR CARE AUTOMOTIVE LLC,,2026-09-25,A,C,AUTHORIZED FOR HIRE,727 BEACH AVE APT 2,BRONX,NY,10473,3479939320,CCCAUTOMOTIVELLC@ICLOUD.COM,1,1,,
7640569,CDM TRANSPORT LLC,,2026-09-25,A,A,AUTHORIZED FOR HIRE,11706 AUTUMN FOREST CT,LOUISVILLE,KY,40229,5022811436,ARTUROCUTINO7@GMAIL.COM,4,4,,
7637784,JORGE DANIEL CRUZ VILLATORO,TEXAS BULL TRUCKING,2026-09-25,A,C,AUTHORIZED FOR HIRE,2213 PANNELL ST,HOUSTON,TX,77026,8322908414,jorgecruz1900@gmail.com,2,1,,
7611805,IAG &SONS TRANSPORT LLC,,2026-09-25,A,C,AUTHORIZED FOR HIRE,2337 CR 7630,LUBBOCK,TX,79423,8065009215,IAGARCIA81683@ICLOUD.COM,4,2,,
7611501,COASTAL POINTS CONSTRUCTION LLC,,2026-09-25,A,C,AUTHORIZED FOR HIRE,3 GILMAN ST,DOVER,NH,03820,6033956655,CWMELNIK@GMAIL.COM,2,2,,
7609170,KM LOGISTICS LLC,,2026-09-25,A,A,AUTHORIZED FOR HIRE,8162 STARLING CT,YPSILANTI,MI,48197,3137528624,kmlogicticsllc12@gmail.com,1,1,,
7585758,IKES TOWING & RECOVERY LLC,,2026-09-25,A,C,AUTHORIZED FOR HIRE,2723 APPLE VALLEY RD,BROOK HAVEN,GA,30319,3059727999,KRISTINASTOKES101@YAHOO.COM,1,1,,
7574595,DM TRANSERVICES LLC,,2026-09-25,A,A,AUTHORIZED FOR HIRE,440 NE 5TH WAY,FLORIDA CITY,FL,33034,7167175426,DMTRANSERVICE@GMAIL.COM,1,1,,
7574041,EASTERN SIERRA TOW AND RECOVERY CORP.,,2026-09-25,A,A,AUTHORIZED FOR HIRE,391 S MAIN ST,BIG PINE,CA,93513,7609207162,EASTERNSIERRATOW@GMAIL.COM,3,1,,
7558052,KICKROCKS HAULING LLC,,2026-09-25,A,C,AUTHORIZED FOR HIRE,5753 W T RYAN LN,LAVEEN,AZ,85339,6023947048,kickrockshauling.az@gmail.com,1,1,,
7545586,SMITH FREIGHT BROKERAGE LLC,,2026-09-25,A,C,,200 VALLEY RANCH LN,MENA,AR,71953,8705717405,smithfreight26@gmail.com,0,,,
7529478,"LEGENDS PARK COMMUNITY HEALTHCARE, LLC",LEGENDS PARK ASSISTED LIVING,2026-09-25,A,C,"PRIVATE PASSENGER, BUSINESS;PRIVATE PASSENGER, NON-BUSINESS;AUTHORIZED FOR HIRE",1820 N. LEGENDS PKWY.,COEUR D'ALENE,ID,83815,2086669900,JESSICA.ALEMAN@PACS.COM,2,5,,
7521828,THOMAS JAMES STASHEK,,2026-09-25,A,C,PRIVATE PROPERTY;AUTHORIZED FOR HIRE,1447 COUNTY LINE RD,RUDOLPH,WI,54475,7152131847,TOMSTASHEK50@GMAIL.COM,1,1,,
7512373,MARIO LEON LANDSCAPE LLC,,2026-09-25,A,C,PRIVATE PROPERTY,46169 ELLENBEE CT,LEXINGTON PARK,MD,20653,2028055937,INFOCLASIFICADO1121@GMAIL.COM,1,1,,
7493737,LTS LOGISTICS LLC,,2026-09-25,A,C,AUTHORIZED FOR HIRE,209 MALLARD PT,LYMAN,SC,29365,8643864329,"thomas,snoddy@icloud,com",1,1,,
7458670,PROMINENT VIEW LLC,,2026-09-25,A,C,PRIVATE PROPERTY,6104 STILLWATER COURT,BRADENTON,FL,34201,8135496949,CAPITHOM@GMAIL.COM,5,4,,2026-09-25
7449403,EZZYXPRESS CARRIER & LOGISTICS LLC,,2026-09-25,A,C,AUTHORIZED FOR HIRE,1320 IRIS LANE,LEWISVILLE,TX,75067,2149974230,info@ezzyxpress.com,1,12,,
7445650,TOUGH NUT LOGISTICS LLC,,2026-09-25,A,A,PRIVATE PROPERTY;AUTHORIZED FOR HIRE,1413 SPLENDIDO DR,LAS VEGAS,NV,89117-0853,7472957778,toughnutlogistics@gmail.com,1,4,,
7438227,DIRGAL TRANSPORTATION LLC,,2026-09-25,A,A,AUTHORIZED FOR HIRE,3755 WOODDALE AVE S APT 310,ST. LOUIS PARK,MN,55416,6124620075,DIRGALTRANSPORTATION@GMAIL.COM,2,2,,
7426989,ALL WAYZ TRUCKING LLC,,2026-09-25,A,A,AUTHORIZED FOR HIRE,1855 TEAK CT,HENDERSON,NV,89014,8332559299,ALLWAYZ.TRUCKING@YAHOO.COM,1,1,,
7405267,E-LANES TRUCKING LLC,,2026-09-25,A,A,AUTHORIZED FOR HIRE,1489 DOLAN RD,NASHVILLE,TN,37218,6153367914,ELANESTRUCKINGLLC23@OUTLOOK.COM,1,1,,
7403255,LDR GENERAL SERVICE CORPORATION,,2026-09-25,A,C,AUTHORIZED FOR HIRE,5605 PACIFIC BLVD APTO 601,BOCA RATON,FL,33433,9549074619,engrodrigovilela@hotmail.com,1,2,,
7402916,LMA TRANSPORTATION LLC,,2026-09-25,A,A,AUTHORIZED FOR HIRE,4623 W HIDDLESTON DR,RIVERTON,UT,84096,3856150803,lma1990arbab@gmail.com,1,1,,
7398871,JOSE PABLO NUNEZ MEDINA,,2026-09-25,A,C,AUTHORIZED FOR HIRE,335 BINNACLE WAY,CROSBY,TX,77532-4500,3463736849,josepchamparis.13@gmail.com,2,4,,
7357577,GOLDEN EAGLE CARRIER INC.,,2026-09-25,A,A,AUTHORIZED FOR HIRE,33 BACHELOR ST,BRAMPTON,ON,L7A 5B1,3062015771,ADMIN@GOLDENEAGLECARRIER.COM,1,2,,
7345015,QG EXPRESS LLC,,2026-09-25,A,C,PRIVATE PROPERTY;AUTHORIZED FOR HIRE,214 WILSON STREET 214 WILSON ST,SUMTER,SC,29150,8032367888,qntngreen15@yahoo.com,2,700,,
7344645,MI AMIGO TRUCKING LLC,,2026-09-25,A,A,AUTHORIZED FOR HIRE,141 VIRGINIA AVE,NEW BRITAIN,CT,06052,2037151094,MARIO02121@OUTLOOK.ES,1,1,,
7340708,"APEX ACADEMY TRUCK LINES, INC",,2026-09-25,A,A,AUTHORIZED FOR HIRE,309 FAIRLANE DR,JOLIET,IL,60435,6788486596,aatl@tscgroupinc.net,2,1,,
7320953,RICHARD CALEB WENDHAUSEN,WENDHAUSEN FARMS,2026-09-25,A,C,AUTHORIZED FOR HIRE,2350 BLOOMFIELD RD,MINERAL POINT,WI,53565,6085749901,WENDHAUSEN50@GMAIL.COM,1,1,,
7308778,J'LEE & SONS LLC,J'LEE & SONS MOVING AND CLEANOUTS,2026-09-25,A,C,AUTHORIZED FOR HIRE,3107 VILLAWOOD AVE,PITTSBURGH,PA,15227,4123083567,JLEESONS2026@MOVECLEANLEE.COM,1,6,,
7290968,BAREFOOT LAWNS & LANDSCAPING LLC,,2026-09-25,A,A,PRIVATE PROPERTY,2334 N SYLVANIA AVE,STURTEVANT,WI,53177-1019,2747226623,barefootlawns.info@gmail.com,4,4,,
7289707,"SAY WHEN, HAULING LLC",,2026-09-25,A,A,PRIVATE PROPERTY;AUTHORIZED FOR HIRE,159302 W ATWOOD RD,PROSSER,WA,99350-7266,5098320503,SAYWHENHAULINGLLC509@GMAIL.COM,2,4,,
7271741,REED DIESEL PERFORMANCE,,2026-09-25,A,A,PRIVATE PROPERTY,925 INGLESIDE LN,SALEM,VA,24153,5407959778,reeddiesel98@gmail.com,2,6,,
7236835,GOLDEN WAY LOGISTICS LLC,,2026-09-25,A,A,AUTHORIZED FOR HIRE,4648 KENNETH JOSEPH CT,MORROW,OH,45152,5135260577,GOLDENWAYLOGISTICSLLCC@GMAIL.COM,1,1,,
7234444,BURKES NATIONWIDE LOGISTICS LLC,,2026-09-25,A,A,PRIVATE PROPERTY;AUTHORIZED FOR HIRE,122 EAST AVE APT 1F,HAGERSTOWN,MD,21740,2272829186,MERCEDESSHANHOLTZ11@GMAIL.COM,2,4,,
7228281,LOAD N GO TRANSPORT LLC,,2026-09-25,A,A,PRIVATE PROPERTY;AUTHORIZED FOR HIRE,106 HICKORY AVE,TEMPLE,PA,19560,4842043175,LOADNGO1008@GMAIL.COM,1,2,,
7208423,"JAYSPEED ENTERPRISES, LLC",,2026-09-25,A,C,AUTHORIZED FOR HIRE,11911 MORNING COVE,MISSOURI CITY,TX,77459-5798,2487526393,JAYSPEEDENTERPRISES@GMAIL.COM,1,1,,
7189988,APEX HAULING INC,,2026-09-25,A,A,AUTHORIZED FOR HIRE,9465 COUNSELORS ROW STE 200,INDIANAPOLIS,IN,46240,7653939990,ADMIN@APEXHAULINGINC.COM,2,1,,
7186088,GEOSHIP S.P.C.,,2026-09-25,A,C,PRIVATE PROPERTY,180 SPRING HILL DRIVE,GRASS VALLEY,CA,95945,5305594822,ALICE@GEOSHIP.IS,1,8,,
7153029,KENTUCKY FRIED GRIP LLC,,2026-09-25,A,A,PRIVATE PROPERTY,2224 DOROTHY AVE,LOUISVILLE,KY,40205,5027581757,goforlefan@gmail.com,2,8,,2026-09-25
7150617,DAVID TRANSPORTATION LLC,,2026-09-25,A,C,AUTHORIZED FOR HIRE,444 ALL SEASONS DR,BOILING SPRINGS,SC,29316,4694300068,kareemd678@gmail.com,1,1,,
7123423,PALOS LOGISTICS LLC,,2026-09-25,A,C,AUTHORIZED FOR HIRE,1007 GARFIELD AVE,BAY CITY,MI,48708-7175,9897700627,vpalos458@gmail.com,1,1,,2026-09-25
7119747,J & S TRANS INC,,2026-09-25,A,A,AUTHORIZED FOR HIRE,6312 W RAMONA WAY,FRESNO,CA,93723,5598327184,jstransinc26@gmail.com,1,1,,
7105203,GOLDEN HORIZON FREIGHT SOLUTION INC,,2026-09-25,A,C,AUTHORIZED FOR HIRE,1868 STAGELINE CIRCLE,ROCKLIN,CA,95765,5105667122,GHFS0504@GMAIL.COM,0,1,,2026-09-25
7097603,ATWELL TRUCKING LLC,,2026-09-25,A,A,AUTHORIZED FOR HIRE,1112 RANCHETTE RD,WEST PALM BEACH,FL,33415,5612150319,ATWELLTRUCKINGLLC@OUTLOOK.COM,1,1,,
7097440,C2 CONSULTING LLC,,2026-09-25,A,A,PRIVATE PROPERTY,641 LIGHTHOUSE DRIVE,NORTH PALM BEACH,FL,33408,5618445682,JIMCASKEYC2@GMAIL.COM,0,2,,
7062694,KINGS CARGO LLC,,2026-09-25,A,A,AUTHORIZED FOR HIRE,7533 CHESTNUT HILLS DR,INDIANAPOLIS,IN,46278-1780,3173664974,REYNALDO_136@HOTMAIL.COM,1,4,,
7048562,DBL LOGISTICS LLC,,2026-09-25,A,A,AUTHORIZED FOR HIRE,109 LAUREL HEIGHTS DRIVE 205,MOORESVILLE,NC,28117,3369296513,DYLAN.LOVELACE22@ICLOUD.COM,1,1,,2026-09-25
7036739,WILLIAM ALFRED TURNER JR,WORK BUILD THRIVE,2026-09-25,A,A,AUTHORIZED FOR HIRE,730 MICHIGAN AVE,BELLPORT,NY,11713,9342380288,WORKBUILDTHRIVE@GMAIL.COM,1,1,,
6981483,TACHOS AUTOMOTIVE LLC,,2026-09-25,A,A,AUTHORIZED FOR HIRE,7800 S LINDER RD,MERIDIAN,ID,83642,9702600166,FRANCISCOCUEVAS@USCSACS.ORG,1,1,,
6976528,INKS TRUCKING LLC,,2026-09-25,A,C,AUTHORIZED FOR HIRE,307 S CENTER ST,ZEARING,IA,50278,6418586799,ISAACINKS142@GMAIL.COM,1,1,,
6963669,SOUTHERNWAY FREIGHT & LOGISTICS LLC,,2026-09-25,A,C,,113 RUE VIANSA,LAFAYETTE,LA,70501,5018587326,ALENB21@GMAIL.COM,0,,,
6960532,SJ STAHLE TRUCKING LLC,,2026-09-25,A,C,PRIVATE PROPERTY;AUTHORIZED FOR HIRE,4496 140TH ST NE,SOLON,IA,52333-9177,3193303404,kstahle44@southslope.net,1,1,,
6953336,STAR VALLEY HAULING LLC,,2026-09-25,A,C,PRIVATE PROPERTY,10 MUNIZ CIRCLE,RIO GRANDE CITY,TX,78582,9567350579,JGFLORES74@GMAIL.COM,2,2,,
6925227,CIRCLE BOWDEN TRANSPORTATION LLC,,2026-09-25,A,A,AUTHORIZED FOR HIRE,13122 MAPLEWOOD LN,DAYTON,TX,77535,3462253307,CIRCLEBOWDENTRANSPORTATIONLLC@GMAIL.COM,1,4,,
6914716,JUAN ANDRES JAUME,SKY BLUE LIMOUSINE,2026-09-25,A,A,"PRIVATE PASSENGER, BUSINESS;PRIVATE PASSENGER, NON-BUSINESS;AUTHORIZED FOR HIRE",66 GLENBROOK RD APT 4225,STAMFORD,CT,06902-8408,9145631640,JJAUME71@GMAIL.COM,1,1,,
6901444,GATEWAY TRUSS LLC,,2026-09-25,A,A,PRIVATE PROPERTY,2650 MISSOURI 19,OWENSVILLE,MO,65066,7657611170,contact@gatewaytruss.com,1,4,,
6890430,METRO TOWING UNLIMITED LLC.,METRO TOWING,2026-09-25,A,C,AUTHORIZED FOR HIRE,3333 E. FREMONT ST.,LAS VEGAS,NV,89104-2212,7023065975,RTADMOR702@GMAIL.COM,1,1,,
6883183,PRIMEWAY GOODS LLC,,2026-09-25,A,A,AUTHORIZED FOR HIRE;EXEMPT FOR HIRE,933 WYANDOTTE,BETHLEHEM,PA,18015,4844477284,primewaygoodslogistics@gmail.com,1,1,,
6871671,WV EXPRESS LLC,,2026-09-25,A,A,AUTHORIZED FOR HIRE,33 BRIARWOOD LN APT 5,MARLBOROUGH,MA,01752,5085075225,WILLIANDEJESUS2045@GMAIL.COM,1,1,,
6861471,ANTHONY B DAILEY,DAILEY EXCAVATING,2026-09-25,A,C,PRIVATE PROPERTY,4710 TEAYS VALLEY RD,SCOTT DEPOT,WV,25560,3047412990,DAILEYEXCAVATING@YAHOO.COM,2,1,,
6857062,FERNANDESEMPIRE LLC,,2026-09-25,A,C,"PRIVATE PROPERTY;PRIVATE PASSENGER, BUSINESS;PRIVATE PASSENGER, NON-BUSINESS",30 SHERWOOD ST,PROVIDENCE,RI,02908,7742401470,fernandesfrancisco2050@gmail.com,4,4,,
6827115,GARRISON INDUSTRIES LLC,,2026-09-25,A,A,PRIVATE PROPERTY;AUTHORIZED FOR HIRE,12696 W OUTER DR,DETROIT,MI,48223-3204,3138890124,NEWGARRISONINDUSTRIESLLC@GMAIL.COM,2,8,,
6816831,TWIN CROWN LOGISTICS LLC,TWIN CROWN,2026-09-25,A,A,AUTHORIZED FOR HIRE,8417 COUNTRYWOOD FWY,CORDOVA,TN,38016,9014949152,TWINCROWNLLC@GMAIL.COM,2,8,,
6810859,"RELIABLE DOOR SERVICE, LLC",,2026-09-25,A,C,PRIVATE PROPERTY,2921 35TH STREET NORTH,SARTELL,MN,56377,3202678033,TROY@RDSMN.NET,3,3,,2026-09-25
6799586,TAME TRANSPORT LLC,,2026-09-25,A,A,AUTHORIZED FOR HIRE,8213 OAK HARVEST,SAN ANTONIO,TX,78254,2106362556,TAMETRANSPORTLLC@GMAIL.COM,3,3,,
6778053,POLYUNO LOGISTICS LLC,,2026-09-25,A,A,AUTHORIZED FOR HIRE,2016 CASTING RDG,MESQUITE,TX,75181,4693219890,ali@polyuno.com,1,0,,
6775593,NKL TOOLS LLC,,2026-09-25,A,C,PRIVATE PROPERTY,952 S 62ND ST,WEST ALLIS,WI,53214-3211,4147086323,NKLTOOLSLLC@GMAIL.COM,3,1,,
6775479,JCK LOGISTICS LLC,,2026-09-25,A,A,AUTHORIZED FOR HIRE,10561 SILVER ORE PT APT 302,COLORADO SPRINGS,CO,80908,7199675631,jrmonroy8735@gmail.com,1,1,,
6757520,"COUSENS CONSTRUCTION, LLC",,2026-09-25,A,C,PRIVATE PROPERTY,188 MAPLE ST,NORWICH,CT,06360-5320,8608613173,cousenbob@gmail.com,1,1,,
6741088,"SPR TRANSPORTATION, LLC",,2026-09-25,A,A,AUTHORIZED FOR HIRE,14947 PASEO VERDE PL,VICTORVILLE,CA,92394,5623418538,geovannyramirez03@gmail.com,4,2,,2026-09-25
6732685,AQX LOGISTICS LLC,,2026-09-25,A,A,AUTHORIZED FOR HIRE,4779 S SPRING AVE APT D,SAINT LOUIS,MO,63116,3147360903,admin@aqxlogistic.com,1,1,,
6730975,BOBCO CONSTRUCTION LLC,,2026-09-25,A,C,PRIVATE PROPERTY,10 RANCH TRAIL RD,HAINES CITY,FL,33844-9749,2079646409,bobcoconstruction@gmail.com,1,1,,
6700009,MAJESTIK ENTERTAINMENT,,2026-09-25,A,C,AUTHORIZED FOR HIRE,224 MARKET STREET,STATEN ISLAND,NY,10310,9173121857,JOE24777@GMAIL.COM,1,2,,2026-09-25
6681131,ROUND TOP RIDES & TOURS LLC,,2026-09-25,A,C,"PRIVATE PASSENGER, BUSINESS;PRIVATE PASSENGER, NON-BUSINESS;AUTHORIZED FOR HIRE",1412 E SH 237,FAYETTEVILLE,TX,78940,9795302187,AERIKBRAATEN@YAHOO.COM,1,3,,
6678333,LISTEN2HIM LOGISTICS AND CONSULTING LLC,,2026-09-25,A,A,PRIVATE PROPERTY;AUTHORIZED FOR HIRE,13055 PEBBLEBROOK DRIVE,HOUSTON,TX,77079,7138235807,smavery@l2hlc.com,1,8,,
6677695,"COUNTRY ROAD HOLDINGS, INC.",CLEAR,2026-09-25,A,A,PRIVATE PROPERTY,301 SERENDIPITY DRIVE,MILLERSVILLE,MD,21108,4435619100,INFO@CLEAR-TEAM.COM,8,14,,
6675822,CED LOGISTICS LLC,,2026-09-25,A,A,AUTHORIZED FOR HIRE,7439 HIGHWAY 70S APT 259,NASHVILLE,TN,37217,2062491960,CEDLOGISTICLLC@GMAIL.COM,1,1,,
6653999,PROCESS FREIGHT LLC,,2026-09-25,A,A,AUTHORIZED FOR HIRE,"1020 CEDAR AVE, SUITE #220",ST. CHARLES,IL,60174,8722003837,contact@processfreight.com,1,1,,
6621799,RMA FREIGHT SERVICES LLC,,2026-09-25,A,C,AUTHORIZED FOR HIRE,14318 MAISEMORE RD,HOUSTON,TX,77015,7027507439,OFFICETRANSPORTATIONSERVICES@GMAIL.COM,1,1,,
6608555,15131791 CANADA INC,MOVEX TRANSPORT,2026-09-25,A,A,AUTHORIZED FOR HIRE,20 FERDINAND DR,BRAMPTON,ON,L6Y 2C9,4374999399,DISPATCH@MOVEXLOGISTICS.CA,1,1,,
6578638,PURPOSE DRIVEN LOGISTICS LLC,,2026-09-25,A,C,AUTHORIZED FOR HIRE,31 DOGWOOD DRIVE CIRCLE,OCALA,FL,34472,3525310713,info.purposedrivenlogistics@gmail.com,1,4,,
6574203,EXEMPLAR HORTICULTURE LTD.,,2026-09-25,A,A,PRIVATE PROPERTY,5947 MT LEHMAN ROAD,ABBOTSFORD,BC,V4X 1V5,2029182132,paula@exemplarhorticulture.com,1,2,,
6572617,TRINITY ASPHALT LLC,,2026-09-25,A,A,PRIVATE PROPERTY,1846 1ST ST,IDAHO FALLS,ID,83401,5058622942,trinityasphaltt@gmail.com,1,1,,2026-09-26
6564587,LITTLETON GLOBAL ENTERPRISES,,2026-09-25,A,A,AUTHORIZED FOR HIRE,1501 E 74TH PL,CHICAGO,IL,60619,7738919959,littletonglobalenterprises@gmail.com,1,1,,
6560118,"IRON REAPER TRANSPORT, LLC",,2026-09-25,A,A,PRIVATE PROPERTY;AUTHORIZED FOR HIRE,716 ARMORY RD,CLARKSBURG,WV,26301,3047097457,ADMIN@BLACKSTARTC.COM,2,8,,
6539078,CAROLINA WEST GAS PIPING,GREGORY A JOHNGRASS,2026-09-25,A,C,PRIVATE PROPERTY,75 CHESTNUT HILL DRIVE,FRANKLIN,NC,28734,8285244502,CWGASPIPING@GMAIL.COM,1,1,,
6525569,MATATAN TOWING LLC,,2026-09-25,A,C,AUTHORIZED FOR HIRE,409 MITTAS GRV,GEORGETOWN,TX,78626,7377381703,MATATANTOWING@GMAIL.COM,6,6,,
6525304,RED RIVER LOGISTICS LLC,,2026-09-25,A,A,PRIVATE PROPERTY;AUTHORIZED FOR HIRE,217 S DUNLAP AVE,CADDO,OK,74729,5803670788,REDRIVERLOGISTICS@DUCK.COM,4,8,,
6516559,NELSON'S EXPRESS LLC,,2026-09-25,A,A,AUTHORIZED FOR HIRE,120 ROSEMARY AVE,HUBERT,NC,28539,7633502496,NELSONSEXPRESSLLC@GMAIL.COM,1,1,,
6499157,LEGAL ZOOM LLC,,2026-09-25,A,A,AUTHORIZED FOR HIRE,56 BRADDOCK PLACE,JACKSON,TN,38305,9018342625,RPWARLICK1980@GMAIL.COM,1,1,,
6483533,KENTUCKY HOOP BARNS,,2026-09-25,A,C,PRIVATE PROPERTY;AUTHORIZED FOR HIRE,830 SALLY RAY PIKE,RAYWICK,KY,40060,2706995484,MPMA224@GMAIL.COM,1,4,,
6466092,"BIG C TRUCKING, LLC",,2026-09-25,A,C,AUTHORIZED FOR HIRE,231 NE 295TH AVE,CROSS CITY,FL,32628-3127,1352210748,carlowilliams1122@icloud.com,1,1,,
6452929,BGN LOGISTICS LLC,,2026-09-25,A,C,AUTHORIZED FOR HIRE,6590 ALBION ST,COMMERCE CITY,CO,80022,7207251587,YAKINERI0105@GMAIL.COM,3,1,,
6449444,NEW WAYZ INC,,2026-09-25,A,A,PRIVATE PROPERTY;AUTHORIZED FOR HIRE,426 GAGE HILL LANE,FAIRBURN,GA,30213,4045939359,CEDRIC@NEWWAYSINC.COM,4,8,,
6448829,TIRANKE LLC,,2026-09-25,A,A,AUTHORIZED FOR HIRE,5621 GRANDE RIVER ROAD,ATLANTA,GA,30349,2176076243,LANCINE45@GMAIL.COM,1,1,,
6446985,TRIPLE C TRANSPORTATION SERVICES LLC,,2026-09-25,A,C,AUTHORIZED FOR HIRE,2708 W. PALMETTO ST,TAMPA,FL,33607,8137288110,WILLIAMS.COREY67@YAHOO.COM,1,1,,
6440782,FEC TRANSPORT LLC,,2026-09-25,A,A,AUTHORIZED FOR HIRE,17685 SENIOR ROAD #13,VON ORMY,TX,78073,2108540195,FECTRANSPORTLLC@GMAIL.COM,2,1,,
6439933,NLR BROKERAGE LLC,,2026-09-25,A,C,,20127 BLACK CANYON DRIVE,KATY,TX,77450,2817070017,DENNISS.RAMBRICH@NLRBROKERAGE.COM,0,,,
6415355,FOREVERDEEDEE LLC,,2026-09-25,A,C,AUTHORIZED FOR HIRE,303 OLD HOLCOMBE BRIDGE WAY,ROSWELL,GA,30076,6785989017,JETSETDEE@PROTON.ME,1,4,,
6399982,A-LIFT CRANE RENTAL LLC,,2026-09-25,A,C,PRIVATE PROPERTY;AUTHORIZED FOR HIRE,15405 E 13 MILE RD,FRASER,MI,48026,3139603053,ALIALSOIPHONE@GMAIL.COM,2,2,,
6397160,STATE MOTORS AUTO TRANSPORT LLC,,2026-09-25,A,C,,2150 MCDONALD DR UNIT 1306,OAK BROOK,IL,60523,3312591095,STATEMOTORSTRANS@GMAIL.COM,0,,,
6396313,CLS-DIESEL LLC,,2026-09-25,A,A,AUTHORIZED FOR HIRE,11197 HIGHWAY 135,PILOT GROVE,MO,65276-2501,6605374304,CLSDIESEL@YAHOO.COM,4,3,,
6394860,TYLERS LOGISTICS AND FREIGHT LLC,,2026-09-25,A,A,PRIVATE PROPERTY;AUTHORIZED FOR HIRE,1217 RABON POND DR,COLUMBIA,SC,29223,8032108433,TYLERSLFLLC@GMAIL.COM,2,4,,
6368597,MGERB LOGISTICS LLC,,2026-09-25,A,A,AUTHORIZED FOR HIRE,8 LERNER CT,SICKLERVILLE,NJ,08081,8563816109,marvinb@mblogisticsdata.com,1,1,,
6366901,NORTHKEY TRANSPORTATION INC.,,2026-09-25,A,A,AUTHORIZED FOR HIRE,UNIT 10 - 100 SAINT REGIS CRESCENT,NORTH YORK,ON,M3J 1Y8,4166020170,YAVUZ.KURAN1@GMAIL.COM,2,2,,
6358387,TDS AUTO SALES LLC,,2026-09-25,A,A,PRIVATE PROPERTY,2378 TERRAPIN XING,JESSUP,MD,20794,4104197037,TIDIANEDEME579@GMAIL.COM,4,1,,
6353179,FUEL BOY MARYVILLE LLC,,2026-09-25,A,C,PRIVATE PROPERTY,20621 HAWK RD,MARYVILLE,MO,64468,6602543114,SBHENGGELER@OUTLOOK.COM,2,2,,
6348992,Y & SONS TRANSPORT LLC,,2026-09-25,A,C,AUTHORIZED FOR HIRE,7208 N HIMES AVE,TAMPA,FL,33614,8138534360,YANDSONSTRANSPORT@HOTMAIL.COM,1,1,,
6338417,TL COASTAL CONSTRUCTION LLC,,2026-09-25,A,C,PRIVATE PROPERTY;AUTHORIZED FOR HIRE,4161 7TH AVE NW,NAPLES,FL,34119,2398776340,tlcoastalconstruction@gmail.com,1,1,,
6326515,AMAZING STAR ENTERPRISES INC,,2026-09-25,A,A,AUTHORIZED FOR HIRE,7101 ROSECRANS AVE APT 29,PARAMOUNT,CA,90723,5625648084,AMAZINGSTARINC@GMAIL.COM,1,1,,
6316173,MP EXPRESS LLC,,2026-09-25,A,A,PRIVATE PROPERTY;AUTHORIZED FOR HIRE,1509 SARA CT,BURLINGTON,WI,53105,3172608495,MP_EXPRESS1@YAHOO.COM,1,4,,
6299775,IRIDIUM DEVELOPMENT INC,,2026-09-25,A,C,PRIVATE PROPERTY;AUTHORIZED FOR HIRE,2828 CENTRAL AVE,ST. PETERSBURG,FL,33712,5615970021,NICOLE.D@IRIDIUMDEV.IO,2,3,,
6292859,BIG BUCK LOGISTICS LLC,,2026-09-25,A,A,AUTHORIZED FOR HIRE,8001 S CALUMET AVE,CHICAGO,IL,60619,7734849650,JROBERTSONBBL@GMAIL.COM,1,1,,
6289364,MADISON CARGO SERVICE INC,,2026-09-25,A,A,AUTHORIZED FOR HIRE,17 FAIRMOUNT AVE,NEWARK,NJ,07107,9735891961,MADISONCARGOSERVICE@GMAIL.COM,1,1,,
6279787,HEMMER TRUCKING LLC,,2026-09-25,A,A,AUTHORIZED FOR HIRE,307 S REYNOLDS STREET APT 408,ALEXANDRIA,VA,22304,7183046182,hemmertrucking@gmail.com,1,1,,
6278506,SUNRISE TRUCKING LLC,,2026-09-25,A,A,AUTHORIZED FOR HIRE,915 ROBERT ROSE DRIVE APT 723,MURFREESBORO,TN,37129,9294886004,SUNRISETRUCKINGLLC26@GMAIL.COM,1,1,,
6264240,BURB'S DIRTWORX LLC,,2026-09-25,A,A,AUTHORIZED FOR HIRE,42A MONKTON RD,VERGENNES,VT,05491,8023778618,BURBSDIRTWORX@GMAIL.COM,1,1,,
6263158,KULAR EXPRESS LTD.,,2026-09-25,A,A,AUTHORIZED FOR HIRE,14 GILLESPIE DR,BRANTFORD,ON,N3T 0J7,5192093837,INFO.KULAREXPRESS@GMAIL.COM,1,2,,
6196919,FREIGHTX LLC,,2026-09-25,A,A,PRIVATE PROPERTY;AUTHORIZED FOR HIRE,25735 LORAIN RD UNIT 421,NORTH OLMSTED,OH,44070,2168586754,reightex2026@yahoo.com,2,2,,
6161998,FLYING STAR LOGISTICS LLC,FLYING STAR LOGISTICS,2026-09-25,A,C,,95-76 115TH ST,S RICHMOND HILL,NY,11419,9296860690,flyingstarlogistics1@gmail.com,0,,,
6127759,NV TOWING AND RECOVERY LLC,,2026-09-25,A,C,AUTHORIZED FOR HIRE,587 FLEMING RD,ROUND O,SC,29474,8432614557,NVTOWINGANDRECOVERY@GMAIL.COM,1,2,,
6127506,VZLA TRANSPORTATION LLC,,2026-09-25,A,A,PRIVATE PROPERTY;AUTHORIZED FOR HIRE;EXEMPT FOR HIRE,11515 TAMARISK AVE,HESPERIA,CA,92345,9514595616,amparanor@icloud.com,1,4,,
6124599,LEGIT FREIGHT LOGISTICS LLC,,2026-09-25,A,C,AUTHORIZED FOR HIRE,6036 S WABASH AVE APT 2,CHICAGO,IL,60637,7736338409,JONAHHOWARD25@YAHOO.COM,1,1,,
6113430,"LONESTAR TRANSPORTATION SYSTEMS, LLC",,2026-09-25,A,A,PRIVATE PROPERTY;AUTHORIZED FOR HIRE,810 SAMLON DR,LAREDO,TX,78041,9568354034,operations@gowithlonestar.com,12,4,,
6109349,BABYLON EXPRESS LLC,,2026-09-25,A,A,AUTHORIZED FOR HIRE,11847 SILVER COINS,SAN ANTONIO,TX,78254,2107730965,bashar.zubaidi85@gmail.com,1,4,,
6096548,MDZ LLC,,2026-09-25,A,A,PRIVATE PROPERTY;AUTHORIZED FOR HIRE,1455 S EDGAR CT,STRASBURG,CO,80136,7203714487,MENDEZISRAEL69@YAHOO.COM,2,2,,
6095159,RZ'S INC,,2026-09-25,A,A,AUTHORIZED FOR HIRE,33 CLIFFORD ST APT 1,SPRINGFIELD,MA,01109-4416,4134052250,rosheleb@gmail.com,1,2,,
6091491,AC & J TRUCKING LLC,,2026-09-25,A,C,AUTHORIZED FOR HIRE,3921 W COMANCHE DR,HOBBS,NM,88240,5753189213,MARIALEYVA1013@GMAIL.COM,2,2,,
6075407,PROFESSIONAL FLATBED TRANSPORTATION LLC,PFT,2026-09-25,A,A,AUTHORIZED FOR HIRE,12387 HOLLIMAN CIR,GULFPORT,MS,39503-5573,2747318603,AJRICH72@GMAIL.COM,2,2,,
6060960,B LINE DELIVERY LLC,,2026-09-25,A,A,AUTHORIZED FOR HIRE,116 WINFORD ARBOR LANE,SLIDELL,LA,70461,5044514314,LEONARDW23@ICLOUD.COM,1,1,,
6058184,BAMB LAWN & LANDSCAPING LLC,,2026-09-25,A,A,AUTHORIZED FOR HIRE,8435 BROAD NECK ROAD,CHESTERTOWN,MD,21620,4107087338,BUCKJACQUETTE@GMAIL.COM,1,1,,
6031809,TRISON FARMS INTERNATIONAL INC.,,2026-09-25,A,A,PRIVATE PROPERTY;AUTHORIZED FOR HIRE,1451 ROAD 2 EAST,KINGSVILLE,ON,N9Y 2E4,5197128646,logistics@trisonfarms.com,3,2,,
6001256,ROYAL LIMO AND SHUTTLE SERVICE LLC,,2026-09-25,A,C,"PRIVATE PROPERTY;PRIVATE PASSENGER, BUSINESS;PRIVATE PASSENGER, NON-BUSINESS;AUTHORIZED FOR HIRE",10040 21ST AVE SW,SEATTLE,WA,98146,2063493248,FILMON.GEBREKRISTOS@YAHOO.COM,15,1,,
5987526,IRONCLAD AUTO EXPRESS,,2026-09-25,A,A,PRIVATE PROPERTY;AUTHORIZED FOR HIRE,26612 S 610 RD,GROVE,OK,74344,4796335872,DJKIDD3@GMAIL.COM,2,4,,
5987052,NSC TRANSPORT LLC,,2026-09-25,A,C,AUTHORIZED FOR HIRE,1920 STEWART RD. LOT 11,MELBOURNE,FL,32935,8607728036,natessctransport@gmail.com,1,2,,
5984993,REDSTONE AGGREGATE LLC,,2026-09-25,A,A,AUTHORIZED FOR HIRE,2210 N 87TH DR,PHOENIX,AZ,85037,6027707201,REDSTONEAGGREGATE@GMAIL.COM,2,2,,
5963182,JOSE JUAN RIVERA CINTRON,,2026-09-25,A,C,AUTHORIZED FOR HIRE,47 CLL 181 R 757 K1 H8 LOS POLLOS,PATILLAS,PR,00723,7874005863,josejrivera.5642@gmail.com,1,1,,
5962669,KORVEYA LOGISTICS LLC,,2026-09-25,A,C,AUTHORIZED FOR HIRE,115 E MAIN ST STE A1B-4W,BUFORD,GA,30518,7706265674,HELLO@KORVEYA.COM,2,1,,
5961272,VON SACKSEN EVENTING LLC.,,2026-09-25,A,C,PRIVATE PROPERTY,274 SADDLE RD.,SOMERSET,PA,15501-5447,8144427776,samsacksendvm@gmail.com,3,8,,
5956546,GRAY CROWN FREIGHT,,2026-09-25,A,C,AUTHORIZED FOR HIRE,8224 BRANDYWINE PARKWAY,BROOKLYN PARK,MN,55444,6015941551,GRAYCROWNFREIGHT@GMAIL.COM,2,1,,
5938093,SLICE OF PI HAULING LLC,,2026-09-25,A,A,AUTHORIZED FOR HIRE,1131 HOLLEN RD,BALTIMORE,MD,21239,4434439353,pi@sliceofpihauling.com,2,4,,
5924938,LEMUS M TRANSPORT LLC,,2026-09-25,A,C,AUTHORIZED FOR HIRE,5567 GORGONIO RD,PHELAN,CA,92371,5628102797,LEMUS213BOSS@GMAIL.COM,1,1,,2026-09-25
5920788,THREE ARROWS LOGISTICS LLC,,2026-09-25,A,A,PRIVATE PROPERTY;AUTHORIZED FOR HIRE,512 OGELTHORPE DRIVE,DAVENPORT,FL,33897,4074870478,LOGISTICS3ARROWS@GMAIL.COM,1,1,,
5914590,LOUDAA LLC,,2026-09-25,A,A,PRIVATE PROPERTY;AUTHORIZED FOR HIRE,4621 SEMINARY RD APT 203,ALEXANDRIA,VA,22304,7039757404,medsalemloudaa@gmail.com,1,1,,
5914178,TRUE BROTHERS LOGISTICS INC,,2026-09-25,A,C,,6142 HONEY HAVEN LANE,HUGHSON,CA,95326,2097498383,INFO@TRUEBROSLOGISTICS.COM,0,,,
5914105,SHAK TRANSPORT LLC,,2026-09-25,A,A,PRIVATE PROPERTY;AUTHORIZED FOR HIRE,9406 NE 106TH CT,VANCOUVER,WA,98662,3609043222,SHAKTRANSPORT@GMAIL.COM,1,1,,
5899997,DEVONSHIRE LANDSCAPES INC,,2026-09-25,A,C,AUTHORIZED FOR HIRE,1701 SW 112TH ST,BURIEN,WA,98146-2057,2067621933,WILL@DEVONSHIRELANDSCAPES.COM,6,6,,
5890593,HACKBARTH FARM,,2026-09-25,A,C,PRIVATE PROPERTY;AUTHORIZED FOR HIRE,25800 MORNING GLORY DR,WINONA,MN,55987,2747839679,ZOEYNASH101@GMAIL.COM,1,1,,
5879506,"YOROCA ENGINEERING CONTRACTORS, LLC",,2026-09-25,A,C,PRIVATE PROPERTY,3133 NW 114TH AVE,CORAL SPRINGS,FL,33065-3105,7864877669,yorocaengineeringcontractors@gmail.com,6,8,,
5879398,RESURGENCE DIRECT,,2026-09-25,A,C,AUTHORIZED FOR HIRE,7315 SPRING CYPRESS RD APT 831,SPRING,TX,77379,2252098128,INFO@RESURGENCEDIRECT.COM,1,1,,
5877610,COURSONS LOGISTICS LLC,,2026-09-25,A,A,AUTHORIZED FOR HIRE,56 BLUEBERRY CT,MACCLENNY,FL,32063,9049039336,WHOC9988@GMAIL.COM,1,1,,
5872809,NM HOTSHOT TRANSPORT LLC,,2026-09-25,A,A,AUTHORIZED FOR HIRE,9851 S CONGRESS ST,NEW MARKET,VA,22844,5406242913,NMHOTSHOTTRANSPORTATIONLLC@GMAIL.COM,2,4,,
5867074,CJJ LOGISTIC LLC,,2026-09-25,A,A,PRIVATE PROPERTY;AUTHORIZED FOR HIRE,2009 W OXFORD ST APT A,PHILADELPHIA,PA,19121-4001,7176660804,SUPPORT@CJJLOGISTIC.NET,1,1,,
5864559,CARRILLO LOT CLEARING & EXCAVATION LLC,,2026-09-25,A,C,PRIVATE PROPERTY,124 ALCONES LN,GEORGETOWN,TX,78626,5127152056,CARRILLOEXCAVATIONLLC2020@GMAIL.COM,5,10,,
5857999,HA-CONSTRUCTION LLC,,2026-09-25,A,C,PRIVATE PROPERTY,9065 S STATE ROAD 165,POSEYVILLE,IN,47633,8124571332,markh@haconstruction-llc.com,2,2,,
5853501,IN IT TOGETHER TRANSPORTATION LLC,,2026-09-25,A,A,AUTHORIZED FOR HIRE,2516 CRESCENT CLUB DR,HIXSON,TN,37343-4515,4238026332,LDODD1210@GMAIL.COM,1,4,,
5832313,JCS CONSTRUCTION & DEMOLITION INC,,2026-09-25,A,C,PRIVATE PROPERTY,6642 ALEXANDRIA DR,HUNTINGTON BEACH,CA,92647,7142064061,C.CABANAS2012@GMAIL.COM,1,1,,2026-09-25
5767442,MAXIM LELAND KIRSCHNER,,2026-09-25,A,A,AUTHORIZED FOR HIRE,3100 BENSON MILL RD,UPPERCO,MD,21155,4433912610,NOVEMBERTAMI25@GMAIL.COM,1,1,,2026-09-25
5733322,"RIVERA TRANSPORTATION, LLC",,2026-09-25,A,A,AUTHORIZED FOR HIRE,1618 NEW YORK AVENUE APT 1,UNION CITY,NJ,07087,5513008482,jr4623314@gmail.com,1,1,,
5727550,TITUSVILLE MOTOR COMPANY INC.,,2026-09-25,A,A,PRIVATE PROPERTY,12641 STATE HIGHWAY 8,TITUSVILLE,PA,16354,8148277329,TMC16354@GMAIL.COM,2,8,,
5717076,ALPINE DEMOLITION LLC,,2026-09-25,A,C,PRIVATE PROPERTY;AUTHORIZED FOR HIRE,320 E 600 N,LEHI,UT,84043-1648,8014487193,alpinedemolitionutah@gmail.com,1,1,,
5708007,B&B TRUCKING SERVICE LLC,,2026-09-25,A,A,AUTHORIZED FOR HIRE,402 BING ST,YEMASSEE,SC,29945,8438126481,BUGBROWN53@GMAIL.COM,1,4,,
5701296,JMF SERVICES,JMF LOGISTICS,2026-09-25,A,C,PRIVATE PROPERTY;AUTHORIZED FOR HIRE,24537 LA BARCA WAY,MORENO VALLEY,CA,92551,7143638942,jflogerzi@gmail.com,1,1,,
5691260,PAUL'S PLOW & HAUL,,2026-09-25,A,C,PRIVATE PROPERTY;AUTHORIZED FOR HIRE,6111 SHAMROCK DRIVE,MADISON LAKE,MN,56063,5073407161,paulsplowandhaul@gmail.com,2,2,,
5682046,C&B FUTURES LLC,NORTH STAR RV REPAIR,2026-09-25,A,C,PRIVATE PROPERTY;AUTHORIZED FOR HIRE,14350 EIDE RD,BRAINERD,MN,56401,2188218572,NORTHSTARRVREPAIR@GMAIL.COM,1,1,,
5679074,ONE23 LOGISTICS LLC,,2026-09-25,A,A,AUTHORIZED FOR HIRE,2008 FARMINGTON LAKES DR APT 8,OSWEGO,IL,60543,9296964256,ONE23KMA@GMAIL.COM,1,1,,
5663563,ADMIRAL CARGO LLC,,2026-09-25,A,A,AUTHORIZED FOR HIRE,23402 BRACINO LAKE DR,KATY,TX,77493,3154019603,ADMIRALCARGOLLC1@GMAIL.COM,1,1,,
5652299,JOSE LUIS VASQUEZ,,2026-09-25,A,C,AUTHORIZED FOR HIRE,1050 BEAVERS LANE,UVALDE,TX,78801,2107602011,JLVTRUCKING23@GMAIL.COM,1,2,,
5646989,R&A EXPRESS DELIVERY LLC,,2026-09-25,A,C,AUTHORIZED FOR HIRE,4020 WALNUT AVE,LYNWOOD,CA,90262,3107536801,raexp2026@yahoo.com,1,1,,
5636802,RUZIC FAMILY FARM,,2026-09-25,A,C,PRIVATE PROPERTY,N8833 SIDNEY AVE,GREENWOOD,WI,54437,7152677288,ejruzic@yahoo.com,2,4,,
5633549,S & G SHIPPING LLC,,2026-09-25,A,C,AUTHORIZED FOR HIRE,340 E. 119TH ST,LOS ANGELES,CA,90061,3239475786,allisonsteven08@gmail.com,2,1,,
5626097,JEROMY FINCHER,,2026-09-25,A,C,PRIVATE PROPERTY,2514 GENESEE STREET,CORFU,NY,14036,7163349554,FINCHER@GMAIL.COM,1,2,,2026-09-25
5621258,YBW LLC,,2026-09-25,A,C,AUTHORIZED FOR HIRE,5538 CEDARDALE DR,WESTERVILLE,OH,43081-9635,7403241060,YBWEQUIPMENT@GMAIL.COM,2,2,,
5608671,KAVENTRAX LOGISTICS INC,,2026-09-25,A,A,AUTHORIZED FOR HIRE,6707 BURGUNDY BLAZE TRAIL,MANVEL,TX,77578-2256,8329071861,kaventraxlogistics@gmail.com,1,1,,
5599881,E&S FLEET SERVICE LLC,,2026-09-25,A,C,PRIVATE PROPERTY,105 112TH ST S STE 230,TACOMA,WA,98444-5711,2532546018,FLEETSERVICE@ESINDUSTRIESLLC.COM,2,2,,2026-09-25
5597671,MOSS LOGISTICS AND SERVICES LLC,,2026-09-25,A,C,AUTHORIZED FOR HIRE,2306 61ST STREET,VALLEY,AL,36854,7065946499,MOSS.LOGISTICS@OUTLOOK.COM,1,1,,
5570032,GG CARGO INC,,2026-09-25,A,A,AUTHORIZED FOR HIRE,16 SHOSHONI PASS,COLDWATER,MI,49036,9179916612,ggcargoinc47@gmail.com,1,1,,
5560648,1A HOME ENERGY INSULATION INC,,2026-09-25,A,A,PRIVATE PROPERTY,"165 MEMORIAL DR, SUITE A",SHREWSBURY,MA,01545,5084160490,fernando.guedes@1ahomeenergy.com,2,12,,2026-09-25
5551290,STRAIN EXCAVATION,,2026-09-25,A,C,PRIVATE PROPERTY;AUTHORIZED FOR HIRE,770 NORTH PETERMAN ROAD,GREENWOOD,IN,46142,3173666913,STRAINEXCAVATION@GMAIL.COM,2,1,,
5545590,LTA SERVICES LLC,,2026-09-25,A,A,AUTHORIZED FOR HIRE,101 W 16TH ST STE A,YUMA,AZ,85364,9714991279,LTASERVICES26@GMAIL.COM,2,4,,
5461307,COUSINS OIL & GAS SERVICES LLC,,2026-09-25,A,C,PRIVATE PROPERTY;AUTHORIZED FOR HIRE,301253 E 1790 RD,DUNCAN,OK,73533-1489,5802208357,5OLIVERJT@GMAIL.COM,4,1,,
5424679,OASIS LAWN SERVICE LLC,,2026-09-25,A,C,PRIVATE PROPERTY,1318 MAYS LANDING RD,HAMMONTON,NJ,08037,6097079656,OASISLAWNSERVICES19@GMAIL.COM,2,2,,
5420236,MORGAN CONSTRUCTION LLC,MORGAN TRANSPORT,2026-09-25,A,A,AUTHORIZED FOR HIRE,6263 W STATE HIGHWAY 29,BERTRAM,TX,78605,5122760195,TSMORGAN76@GMAIL.COM,1,1,,
5351285,NEXT UP CARRIERS LLC,,2026-09-25,A,C,AUTHORIZED FOR HIRE,5900 BALCONES DR APT 12210,AUSTIN,TX,78731,8327744188,NEXTUPCARRIERSLLC@GMAIL.COM,2,2,,
5317114,VILLASMIL MOTORS LLC,,2026-09-25,A,A,PRIVATE PROPERTY,6637 437TH ST STE A,HARRIS,MN,55032,2254814098,VILLASMILMOTORSLLC@GMAIL.COM,2,4,,
5272642,ONEIL DELIVERY LLC,,2026-09-25,A,A,AUTHORIZED FOR HIRE,418 BROADWAY STE N,ALBANY,NY,12207-2922,9292282203,oneilsdeliveryllc@yahoo.com,1,1,,
5268667,NICHOLAS EXPRESS INC,,2026-09-25,A,A,AUTHORIZED FOR HIRE,2132 SW HAYWORTH AVE,PORT SAINT. LUCIE,FL,34953,9545540787,NICHOLASEX@GMAIL.COM,2,1001,,
5266495,J & ABE TRUCKING CORP,,2026-09-25,A,A,AUTHORIZED FOR HIRE,4008 FOLI STREET,PLANO,IL,60545,6306088205,josecvallez86@gmail.com,2,4,,
5262616,CK TRANSPORT SERVICES LLC,,2026-09-25,A,C,PRIVATE PROPERTY;AUTHORIZED FOR HIRE,7000 FRANKLIN BLVD STE 625,SACRAMENTO,CA,95823,2795997164,contracts@cktransportservicesllc.com,2,4,,
5234553,HERMAN FARMS LLC,,2026-09-25,A,C,AUTHORIZED FOR HIRE,1771 HWY Z,BATES CITY,MO,64011,8164562499,JHERMAN1985@ICLOUD.COM,1,2,,
5232168,LANDSCAPE LOGISTICS,,2026-09-25,A,C,PRIVATE PROPERTY;AUTHORIZED FOR HIRE,2518 WYANDOTTE DR,FORT COLLINS,CO,80526,7755448132,LANDSCAPELOGISTICSLLC@YAHOO.COM,2,1,,
5214108,BLUE RIDGE SPECIALIZED LLC,,2026-09-25,A,C,AUTHORIZED FOR HIRE,1004 OLD CONCORD RD,SALISBURY,NC,28146,9899809361,BOOKBLUERIDGE@GMAIL.COM,4,2,,
5210816,"SOUTHEASTERN LIQUIDATORS, INC.",,2026-09-25,A,A,PRIVATE PROPERTY,54 HILLWOOD CIR,NEWNAN,GA,30263-5856,5672303317,invoicing@fashionten.com,7,3,,
5198244,SINCERE DELIVERY LLC,,2026-09-25,P,A,STATE GOVERNMENT;AUTHORIZED FOR HIRE,9805 STATESVILLE RD STE 6429,CHARLOTTE,NC,28269,9804092647,SINCEREDELIVERYMSG@GMAIL.COM,1,4,,
5185941,MIDDLEMEN & COMPANY,,2026-09-25,A,C,AUTHORIZED FOR HIRE,2935 GENEVA DR,GRAND PRAIRIE,TX,75054,8178797559,WYANDOTTE68@ICLOUD.COM,1,1,,
5174612,WESTERN SKY LANDSCAPE LLC,,2026-09-25,A,A,PRIVATE PROPERTY;AUTHORIZED FOR HIRE,3817 AZALEA ST,PUEBLO,CO,81005,7192894651,WESTERNSKYLANDSCAPE21@YAHOO.COM,1,4,,
5165730,226 LOGISTICS LLC,,2026-09-25,A,A,AUTHORIZED FOR HIRE;EXEMPT FOR HIRE,114 KCTM FM 103 RD,RIO GRANDE CITY,TX,78582,9537354535,loads@226logisticsllc.com,2,1,,
5132847,APEX HEATING AND AIR LLC,,2026-09-25,A,A,PRIVATE PROPERTY,22645 253RD AVE,FERGUS FALLS,MN,56537,3294357902,APEXHEATINGANDAIRMN@GMAIL.COM,2,2,,
5053561,BAND OF BROTHERS TRUCKING LLC,,2026-09-25,A,C,AUTHORIZED FOR HIRE,3424 LAUBERT RD,ATWATER,OH,44201-9794,3305996416,BANDOFBROTHERSLLC25@GMAIL.COM,1,2,,
5045382,SQUADRON LLC,,2026-09-25,A,C,PRIVATE PROPERTY,14075 W 141ST TERRACE,OLATHE,KS,66062-5869,7859791033,tosinbablo@yahoo.com,2,4,,
5043464,THOMAS TRANS INC,,2026-09-25,A,A,AUTHORIZED FOR HIRE,1093 TRUMAN ST,ROCK SPRINGS,WY,82901,9283164242,thomastranscorp@gmail.com,2,1,,
5043226,1ST CHOICE HEALTH LOGISTICS,,2026-09-25,A,C,AUTHORIZED FOR HIRE,19110 MEADOWLARK LANE,WARRENSVILLE HEIGHTS,OH,44128,2169705767,CHANELWRIGHT207@GMAIL.COM,1,2,,
5034671,SILVERBERRY TRANSPORT,VICTORIA CREEK TRANSPORT,2026-09-25,A,C,AUTHORIZED FOR HIRE,3300 E GATZKE RD,CEDAR,MI,49621,2318350001,SILVERBERRYTRANSPORT@GMAIL.COM,4,2,,
5033549,INDIANA PRIME TOWING LLC,,2026-09-25,A,A,AUTHORIZED FOR HIRE,2110 E COUNTY LANE RD,INDIANAPOLIS,IN,46227,8134507236,INDIANAPRIMETOWING@GMAIL.COM,1,1,,
5004306,MICHELL INC,,2026-09-25,A,A,AUTHORIZED FOR HIRE;EXEMPT FOR HIRE,336 BRIGHTSEAT RD,HYATTSVILLE,MD,20785,2407053774,MICHELLINC2027@GMAIL.COM,2,1,,
5001112,CENTER STREET RIDEZ,,2026-09-25,A,A,PRIVATE PROPERTY;AUTHORIZED FOR HIRE,4689 W 11TH AVE,EUGENE,OR,97402,5415256352,JOLENEM.CSR@GMAIL.COM,2,3,,
4988733,GOLDEN STAR BOXLINE LLC,,2026-09-25,A,A,AUTHORIZED FOR HIRE,1307 BRADY DR,IRVING,TX,75061,2143944823,5STARTRANSPORTATION99@GMAIL.COM,1,1,,
4978579,TUCKER'S TRUCKING LLC,,2026-09-25,A,C,PRIVATE PROPERTY;AUTHORIZED FOR HIRE,3241 BUFF CREEK,HURRICANE,WV,25526,3049538212,CASEYTUCKER300@ICLOUD.COM,2,4,,
4959919,"M&R FENCING, LLC",,2026-09-25,A,C,PRIVATE PROPERTY;AUTHORIZED FOR HIRE,2847 SOUTH BURRELL STREET,MILWAUKEE,WI,53207,4143241889,mrfencing20@gmail.com,4,1,,
4947830,ROUSEEL ABDUL DIAZ BONILLA,DIAZ TRUCKING,2026-09-25,A,C,AUTHORIZED FOR HIRE,4622 BLUESTONE DR,BAKERSFIELD,CA,93311,6613889335,rouseel1989@yahoo.com,1,1,,
4940947,MANUEL TRANSIT SERVICES INC,,2026-09-25,A,A,AUTHORIZED FOR HIRE,5534 FLORAL VALLEY LN,KATY,TX,77449,3462326027,ALKAHAAL@YAHOO.COM,1,1,,2026-09-25
4934886,SKYLINE TREE SERVICE,,2026-09-25,A,C,PRIVATE PROPERTY,3966 COUNTY ROAD 107,SCOTTSBORO,AL,35768,2562441327,BAMABOY_26@HOTMAIL.COM,3,0,,
4930716,BRUCE TRUCKING LLC,,2026-09-25,I,A,AUTHORIZED FOR HIRE;EXEMPT FOR HIRE,7561 N SR-19,DENVER,IN,46926,2175202573,HAYDENBRUCE04@GMAIL.COM,1,1,,
4925615,NASA TRUCKING LLC,,2026-09-25,A,A,AUTHORIZED FOR HIRE,7605 WISCONSIN ST,DEARBORN,MI,48126,3132092428,NASATRUCKING26@GMAIL.COM,1,1,,2026-09-25
4891414,D&D LOAD & GO LLC,,2026-09-25,A,A,AUTHORIZED FOR HIRE,1228 S MARLYN AVE,ESSEX,MD,21221,4433197230,AVERYDAVID284@GMAIL.COM,1,1,,
4888274,OPTIMO TRUCK SERVICES LLC,,2026-09-25,A,A,PRIVATE PROPERTY,1540 N. 14TH AVE,MELROSE PARK,IL,60160,3127313956,EDGARBLANCO108@GMAIL.COM,1,1,,
4885538,TEAM BRYANT LLC,BRYANT JUNK REMOVAL,2026-09-25,A,C,PRIVATE PROPERTY;AUTHORIZED FOR HIRE,1928 MADISON STREET,SHELTON,WA,98584,2532446125,INFO@BRYANTJUNKREMOVAL.COM,2,2,,
4862901,JJ EXPRESS LLC,,2026-09-25,A,A,PRIVATE PROPERTY;AUTHORIZED FOR HIRE,133 RESERVOIR AVE,PROVIDENCE,RI,02907,4014515967,jjexpress.llc@hotmail.com,2,2,,
4860327,D L Z TRANSPORT LLC,,2026-09-25,A,A,AUTHORIZED FOR HIRE,4722 BENTONITE BLVD,BAYTOWN,TX,77521,2816285812,LDZLOGISTICS13@GMAIL.COM,1,1,,
4859539,DALES DISPOSAL,,2026-09-25,A,C,PRIVATE PROPERTY,93 BLANKENSHIP RD,DANVILLE,AL,35619,2565951186,LIFTBOAT6@GMAIL.COM,1,1,,
4857172,"MTN TRANSPORTATION, INC.",,2026-09-25,A,A,AUTHORIZED FOR HIRE,9142 PRIMROSE LN,FOX RIVER GROVE,IL,60021,7733874471,MICHALMUCHA2010@GMAIL.COM,1,1,,
4857061,WOLFIE'S PALLETS,,2026-09-25,A,A,AUTHORIZED FOR HIRE,311 SIMMONS TAWZER RD,CHICKAMAUGA,GA,30707,4233140410,SHANNON2371@YAHOO.COM,3,2,,
4850098,"JOSEPH CO. OF NC, LLC",GREENGO BUGGIES,2026-09-25,A,A,PRIVATE PROPERTY,2370 US HIGHWAY 220,STOKESDALE,NC,27357-8554,3364200973,JOEY.WHITE@GREENGOBUGGIESNC.COM,1,2,,2026-09-25
4849637,M&A LLC,,2026-09-25,A,A,PRIVATE PROPERTY;AUTHORIZED FOR HIRE,28661 PANAMA ST,WARREN,MI,48092,3136032854,MNATOWINGLLC@GMAIL.COM,2,4,,
4845581,AAPD TRANSPORTATION LLC,,2026-09-25,A,A,AUTHORIZED FOR HIRE,512 NW 208TH TERRACE,PEMBROKE PINES,FL,33029,9173046051,aapdtransportationllc@gmail.com,7,7,,
4842301,PACIFIC MACHINE PARTNERS INC.,PACIFIC MACHINE INC.,2026-09-25,A,C,PRIVATE PROPERTY,8601 38TH AVE SW,LAKEWOOD,WA,98499,2533833838,INFO@PACMACINC.COM,2,8,,
4842230,JM PROPERTY MANAGEMENT OF WNY LLC,,2026-09-25,A,C,PRIVATE PROPERTY,7075 NASH RD,NORTH TONAWANDA,NY,14120-1207,2408314920,montesanti.joe@gmail.com,1,1,,
4821232,THE BLACK STALLION ROUTE LOGISTICS LLC,,2026-09-25,A,A,AUTHORIZED FOR HIRE,26000 W LUGONIA AVENUE APT 2117,REDLANDS,CA,92374,4248885704,fmcclain875@gmail.com,1,1,,
4808840,IC LEGACY TRUCKING LLC,,2026-09-25,A,A,AUTHORIZED FOR HIRE,420 STELLE AVE 420 STELLE AVE,PLAINFIELD,NJ,07060-2327,8622011470,iclegacytruckingllc@outlook.com,2,1,,
4764862,"LEGACY PRO WASH, LLC",LEGACY DELIVERY SERVICE,2026-09-25,A,A,AUTHORIZED FOR HIRE,6437 WINSLOW PARC LN,TRUSSVILLE,AL,35173,2053350263,legacyprowash@yahoo.com,2,4,,
4763960,TRU BLUE WORLD LLC,,2026-09-25,A,A,AUTHORIZED FOR HIRE,4410 LODGE VINE CT,SUGAR LAND,TX,77479,3465439719,TRUBLUEWORLD786@GMAIL.COM,2,4,,
4746162,NEXT LEVEL LOGISTIC L.L.C,,2026-09-25,A,A,PRIVATE PROPERTY;AUTHORIZED FOR HIRE,2901 CENTRAL DR,FORT WAYNE,IN,46806,2602098271,INFO@NEXTLVLLOGISTIC.COM,2,4,,
4735200,GUERRERO'S CP TRUCKING LLC,,2026-09-25,A,C,AUTHORIZED FOR HIRE,11701 PALM LAKE DR APT 1912,JACKSONVILLE,FL,32218,9049440070,guerreroscptrucking@gmail.com,1,1,,
4729789,TOPFLY TRANSPORT LLC,,2026-09-25,A,A,AUTHORIZED FOR HIRE,20665 SW WYNGATE ST,BEAVERTON,OR,97078,6232259948,TOPFLYTRANSPORT@GMAIL.COM,2,2,,
4710658,AC CARPET SERVICE LLC,A&C LLC,2026-09-25,A,A,PRIVATE PROPERTY;AUTHORIZED FOR HIRE,42 SAN ANTONIO AVE,NUTLEY,NJ,07110,9733037563,ACLLC9950@GMAIL.COM,2,4,,
4696541,BLACKSTOCK LOGISTICS GROUP LLC,,2026-09-25,A,C,,5436 CARLISLE DR,GROVE CITY,OH,43123,6147178207,JOSH@BLACKSTOCKLOGISTICS.COM,0,,,
4676777,NSS LOGISTICS INC,,2026-09-25,A,A,AUTHORIZED FOR HIRE,672 WEST 11TH STREET SUITE 202,TRACY,CA,95376,3502509210,nsslogisticsinfo@gmail.com,1,1,,
4673534,RAUL VALDEZ JR,,2026-09-25,A,C,PRIVATE PROPERTY,2704 W 101ST ST,INGLEWOOD,CA,90303-1641,4244498191,raul.perfectplants@gmail.com,1,1,,
4667223,TRENDTEX FABRICS LTD,,2026-09-25,A,C,AUTHORIZED FOR HIRE,1258 KAMAILE STREET,HONOLULU,HI,96814-2903,8088421356,ACCOUNT@TRENDTEX-FABRICS.COM,2,1,,
4665690,GC TRUCKING SERVICES LLC,,2026-09-25,A,A,AUTHORIZED FOR HIRE,126 GALATIANS DRIVE,GREER,SC,29651,5713283860,gctruckingservicesllc@gmail.com,2,1,,
4657453,XRM CARGO LLC,,2026-09-25,A,A,AUTHORIZED FOR HIRE,8717 WALES DR,CINCINNATI,OH,45249,6282082281,XRMCARGOLLC@GMAIL.COM,1,1,,
4656263,"EASY PICKINGS FISHERIES, LLC",,2026-09-25,A,C,PRIVATE PROPERTY,860 NORTH RAINIER STREET,WESTPORT,WA,98595,3605806329,BAILEYHOFFER@YAHOO.COM,2,2,,
4648784,RM TRUCKS LLC,,2026-09-25,A,C,AUTHORIZED FOR HIRE,2732 PARKWOOD DRIVE,INDIANAPOLIS,IN,46224,3177721074,RMTRUCKSLLC@GMAIL.COM,1,3,,2026-09-25
4643446,FREIGHT HAUL LOGISTICS LLC,,2026-09-25,A,A,AUTHORIZED FOR HIRE,5010 PAINTED PONY LN,LOVES PARK,IL,61111,7797724162,JRWOODS45@GMAIL.COM,1,1,,2026-09-25
4639081,ALCHEMIA STUDIO LLC,,2026-09-25,A,A,PRIVATE PROPERTY,3210 30TH AVE APT 2R,ASTORIA,NY,11102-1536,6462265684,MIKE@JUNXION.NYC,1,2,,
4636210,MY CARGO FREIGHT LLC,,2026-09-25,A,A,AUTHORIZED FOR HIRE,11600 GASTON RD 2117,KATY,TX,77494,2817589637,MYCARGO.FREIGHTLLC@GMAIL.COM,2,2,,
4629696,UMS FREIGHT INC,,2026-09-25,A,A,AUTHORIZED FOR HIRE,5183 W PALO ALTO AVE,FRESNO,CA,93722,2138208117,UMSFREIGHTINC@GMAIL.COM,1,1,,
4629546,GAMAS TRUCKING LLC,,2026-09-25,A,C,PRIVATE PROPERTY;AUTHORIZED FOR HIRE,2307 W HARRISON ST,WESLACO,TX,78599,9563326385,eddyrey73@hotmail.com,1,1,,
4588199,JJ PRIME CARGO INC,,2026-09-25,A,A,AUTHORIZED FOR HIRE,11206 HALSTEAD ST,PHILADELPHIA,PA,19116,8582827158,INFO@JJPRIMECARGOINC.COM,1,1,,
9985437,BENKADI HOME CARE SOLUTIONS LLC,,2026-09-24,A,C,"PRIVATE PASSENGER, BUSINESS;PRIVATE PASSENGER, NON-BUSINESS;AUTHORIZED FOR HIRE",3253 WEST BROAD STREET,COLUMBUS,OH,43204,7109080955,INFO@BENKADIHOMECARESOLUTIONS.COM,1,1,,
9984989,HARBOUR TRAILER PARTS LLC,,2026-09-24,A,C,PRIVATE PROPERTY,1308 INDUSTRIAL RD.,MOUNT PLEASANT,TX,75455,9035727549,HARBOURTRAILERPARTS@GMAIL.COM,6,4,,
9965003,"J&T RECYCLING, LLC",CLOTHESBIN,2026-09-24,A,A,PRIVATE PROPERTY,394 MAIN ST APT 2,SOMERSET,MA,02726,5082571393,JT@FILLTHEBINS.COM,1,1,,
9962693,A&S FAMILY TRUCKING LLC,,2026-09-24,A,A,AUTHORIZED FOR HIRE;EXEMPT FOR HIRE,271 S EASTON RD,GLENSIDE,PA,19038,2672901080,abdol1977sh@gmail.com,4,8,,
9955688,EMMA LUNA LOGISTICS LLC,,2026-09-24,A,C,PRIVATE PROPERTY;AUTHORIZED FOR HIRE,299 GUY LOMBARDO AVENUE,FREEPORT,NY,11520,5166397396,MANNYLOADSBOXTRUCK@GMAIL.COM,6,6,,
9948873,HERMENEGILDO S GOMEZ AGUILAR,,2026-09-24,A,C,PRIVATE PROPERTY,1700 OAKLAND AVE,SAN FRANCISCO,CA,94124,4155746192,HERMENEJILDO1985@GMAIL.COM,1,1,,
9946727,BLUE ROAD TRUCKING LLC,,2026-09-24,A,C,AUTHORIZED FOR HIRE,1502 MARGARET ST,TAMPA,FL,33619,8328690677,BLUEROADTRUCKING@GMAIL.COM,1,1,,
9945687,FRGR LLC,,2026-09-24,A,C,PRIVATE PROPERTY,629 E COMMERCIAL ST,SPRINGFIELD,MO,65803-3244,7066120505,EDDIE@NBPGGROUP.COM,16,3,,
9944558,HARD ROAD TRUCKING LLC,,2026-09-24,A,C,AUTHORIZED FOR HIRE,2155 AGAVE MANOR,MIDDLEBURG,FL,32068,9379467430,HARDROAD2020@GMAIL.COM,1,0,,
9943660,MC FARMS & TRUCKING LLC,,2026-09-24,A,C,PRIVATE PROPERTY;AUTHORIZED FOR HIRE,1450 CR 270,FLOYDADA,TX,79235,8069830030,MRBHC11298@YAHOO.COM,2,1,,
9935060,GRUMPY DUCK HAULER LLC,,2026-09-24,A,A,AUTHORIZED FOR HIRE,133 FOREST HILL DR,EATONTON,GA,31024-7666,7064739748,dacollins8589@gmail.com,1,1,,
9931226,TELIDJE EXPRESS LLC,,2026-09-24,A,A,AUTHORIZED FOR HIRE,958 MAE CHRISTINE DR APP 207,WORTHINGTON,OH,43085,3474650854,MOUSTAPHABARRY366@GMAIL.COM,2,1,,
9927472,TRISKEL TRANSPORT LLC,,2026-09-24,A,A,AUTHORIZED FOR HIRE,12227 GREENMESA DR,HOUSTON,TX,77044,7868208058,TRISKELTLLC@GMAIL.COM,1,1,,
9907885,MOSLEY LOGISTICS AND HAULING LLC,,2026-09-24,A,C,AUTHORIZED FOR HIRE,141 FLEXUS LANE,LIBERTY HILLS,TX,78642,5129429164,MOSLEYLOGISTICSANDHAULING@GMAIL.COM,1,1,,
9895631,B3 LAND MANAGEMENT LLC,,2026-09-24,A,C,PRIVATE PROPERTY,1045 SEPTEMBER LANE,WILLIAMSTON,NC,27892,2528020334,BUCKWILLIAM28@YAHOO.COM,1,1,,
9879612,NICHOLAS LEE MEES,VANDERVEER PROJECTS LLC,2026-09-24,A,A,PRIVATE PROPERTY,N6150 US HWY 12 AND 16,NEW LISBON,WI,53950,6083440097,NICHOLAS.MEES1980@GMAIL.COM,2,4,,
9865523,HOMESHIELD INSULATION LLC,,2026-09-24,A,C,PRIVATE PROPERTY,319 COLUMBIA AVE,BRIDGEPORT,WA,98813-9744,5094497333,HOMESHIELDINSULATIONLLC@GMAIL.COM,1,1,,
9863473,"SWIFT MOTION, LLC",,2026-09-24,A,C,AUTHORIZED FOR HIRE,644 CREEKVIEW DRIVE,BURLESON,TX,76028,6827168155,swiftmotion10@gmail.com,1,4,,
9863278,RH PREMIER TRUCKING LLC,,2026-09-24,A,C,AUTHORIZED FOR HIRE,10401 N LAMAR BLVD APT B201,AUSTIN,TX,78753,7867690451,hernandezreyesraul82@gmail.com,2,1,,
9860210,TABLE ROCK COMPANY,,2026-09-24,A,A,PRIVATE PROPERTY,3030 SOUTH 203RD ST 3030 SOUTH 203RD ST,OMAHA,NE,68130,4024081830,ADAEMON@TABLEROCKCO.COM,4,1,,
9856043,ANVI CORP.,,2026-09-24,A,A,AUTHORIZED FOR HIRE,1800 S 330TH ST APT C204,FEDERAL WAY,WA,98003-9421,8722222570,ANATOLII23@YAHOO.COM,1,1,,2026-09-24
9844659,HAULIN ASSETS EQUINE TRANSPORT LLC,,2026-09-24,A,A,AUTHORIZED FOR HIRE,39 N PROSECT AVE,RED BANK,NJ,07701,9086010774,OFFICE@HAULINASSETSEQUINETRANSPORT.COM,2,2,,
9832176,RENTIN' & FLIPPIN' LLC,EQUIPGO RENTALS,2026-09-24,A,A,PRIVATE PROPERTY,401 N HORTON PKWY,CHAPEL HILL,TN,37034-3308,9313647368,woody@equipgo.llc,2,3,,
9792864,LIBERTY RADIO DISPATCH INC,,2026-09-24,A,A,PRIVATE PROPERTY,260 FORDHAM RD # 125,WILMINGTON,MA,01887-2170,9787012159,PASCUALCOLON@YAHOO.COM,1,6,,
9776848,WATER RENEGADEA RESTORATION AND REBUILDS,,2026-09-24,A,C,PRIVATE PROPERTY,6075 NORTH NORWOOD STREET,PHILADELPHIA,PA,19138,2673356972,WATERRENEGADES@GMAIL.COM,2,1,,
9771416,RAYOUNG CONCRETE CONTRACTORS INC,"ACCURATE ONSITE CONCRETE, INC.",2026-09-24,A,A,PRIVATE PROPERTY,4395 SW 60TH AVE,DAVIE,FL,33314,8157906182,RAYOUNGCONCRETE@GMAIL.COM,3,4,,
9769989,WOLF CREEK CONSTRUCTION,,2026-09-24,A,C,PRIVATE PROPERTY,212 US 1 NORTH STE 25,TEQUESTA,FL,33469,5613896501,LAURA@WOLFCREEKCONST.COM,3,1,,
9748092,BMK TRANSPORTATION PHASE 2 LLC,,2026-09-24,A,A,AUTHORIZED FOR HIRE,2917 DUPONT AVE 2917 DUPONT AVE,BALTIMORE,MD,21215,4434872255,BMKTRANS2@GMAIL.COM,1,4,,
9736874,FEGUINS TRANSPORTATION LLC,,2026-09-24,A,A,PRIVATE PROPERTY,2 ALEXANDER STREET,NORWICH,CT,06360,8607053916,LFEGUINS@YMAIL.COM,1,4,,
9734929,EBB ELITE TRANSPORT LLC,,2026-09-24,A,A,AUTHORIZED FOR HIRE,8535 SULTANA AVE STE A,FONTANA,CA,92335,9095122131,RYAN@ELITEMDS.CO,1,1,,
9720479,A SQUARED TRUCKING LLC,,2026-09-24,A,C,AUTHORIZED FOR HIRE,111 REAGOR DR,TAYLOR,TX,76574,5124017938,HAYLIEMARTINEZ@GMAIL.COM,1,1,,
9714261,"TRUKFITT TRUCKING, LLC",,2026-09-24,P,A,STATE GOVERNMENT;AUTHORIZED FOR HIRE,764 SUNSET DOWN COURT,LOGANVILLE,GA,30052,4704696173,COLLIERANTHONY175@GMAIL.COM,1,4,,
9712323,CAPITAL WAY LLC,,2026-09-24,A,A,AUTHORIZED FOR HIRE,7214 OLDE LANTERN WAY,SPRINGFIELD,VA,22152,2026501845,CAPITALWAYLLC@PM.ME,2,4,,
9689272,PARADISE FRUIT LLC,,2026-09-24,A,A,PRIVATE PROPERTY,1502 ARNOLD BAY RD,PANTON,VT,05491,3197750503,PEACHES@PARADISEFRUIT802.COM,4,3,,
9686658,LORDS LOADING LLC,,2026-09-24,A,A,AUTHORIZED FOR HIRE,1548 SLASH PINE CT,ORANGE PARK,FL,32073,9048153656,LORDSLOADING02@GMAIL.COM,1,1,,
9626449,DAVID LOHMAN,,2026-09-24,A,C,PRIVATE PROPERTY,29616 - 150TH AVE N,HILLSDALE,IL,61257,3097382006,DLOHMAN98@GMAIL.COM,5,2,,
9585917,LJA CONSTRUCTION & TRANSPORT LLC,,2026-09-24,A,C,PRIVATE PROPERTY;AUTHORIZED FOR HIRE,4415 N OAKHILL AVE,ODESSA,TX,79764,4322952779,lla.hernandez86@gmail.com,2,2,,
9579260,CAROLINA CONNECTIONS LOGISTICS LLC,,2026-09-24,A,C,AUTHORIZED FOR HIRE,919 5TH AVE,CHARLESTON,SC,29407,8035522013,CAROLINACONNECTIONSLOGISTICS@GMAIL.COM,2,2,,
9578498,LN FREIGHT LOGISTIC LLC,,2026-09-24,A,A,PRIVATE PROPERTY;AUTHORIZED FOR HIRE,4160 GERSHWIN AVE N APT 208,OAKDALE,MN,55128,4705728547,NEJYAHYA@LNFREIGHTLOGISTIC.COM,1,1,,
9575151,J.C. SEWER & DRAIN SERVICE LLC,,2026-09-24,A,C,PRIVATE PROPERTY;AUTHORIZED FOR HIRE,1481 EGMONT PLACE,FAR ROCKAWAY,NY,11691,7173272828,JCSEWER@GMAIL.COM,1,1,,
9554955,TIMOTHY VINCENT MACCUE,AFFORDABLE TRUCK AND TRAILER REPAIR,2026-09-24,A,C,AUTHORIZED FOR HIRE,164 PRINCE RD,SOUTHBRIDGE,MA,01550-2039,5083201632,ATTRSERVICES@GMAIL.COM,1,1,,
9554892,LANDHANDLER EXCAVATION LLC,,2026-09-24,A,C,PRIVATE PROPERTY,35223 LANCER AVENUE NA,OSAGE,IA,50461-8587,6417324004,LANDHANDLEREXCAVATION@GMAIL.COM,9,12,,
9549724,FOE LOGISTICS LLC,,2026-09-24,A,A,AUTHORIZED FOR HIRE,13 ALYSSA PALMS DRIVE,MANVEL,TX,77578,7132063337,DIDI@FOELOGISTICSLL.COM,2,4,,
9541254,DRIVEN VETS OF AMERICA RESOURCE GROUP LLC,DVOA TRANSPORT SERVICES,2026-09-24,A,C,AUTHORIZED FOR HIRE,13475 ATLANTIC BOULEVARD UNIT 8,JACKSONVILLE,FL,32225,9047701766,DVOARESOURCEGROUP@OUTLOOK.COM,1,2,,
9533942,NEPTUNO FREIGHT EXPRESS CORP,,2026-09-24,A,A,AUTHORIZED FOR HIRE,20022 NW 66TH PL,HIALEAH,FL,33015,7863976202,neptunoexpress2026@gmail.com,1,1,,
9525588,UBUNTU LOGISTICS LLC,,2026-09-24,A,A,AUTHORIZED FOR HIRE,975 WOODLOW ST,PITTSBURGH,PA,15205,4122513882,UBUNTULOGISTICS412@GMAIL.COM,1,4,,
9515720,TDP ENFORCEMENT,,2026-09-24,A,C,PRIVATE PROPERTY;AUTHORIZED FOR HIRE,4606 BURKEY RD,YOUNGSTOWN,OH,44515,4194671839,TDOOKS32@GMAIL.COM,1,4,,
9506489,SILVAAS TRUCK LLC,,2026-09-24,A,C,AUTHORIZED FOR HIRE,11944 KNOEFLER DR,RIVERSIDE,CA,92505,9512240494,ARELI.DIAZ.S@GMIL.COM,1,1,,
9489925,BEST CHOICE OUTDOORS LLC,,2026-09-24,A,C,PRIVATE PROPERTY,1495 BUCKEYE LOOP RD,WINTER HAVEN,FL,33881-2761,8636621527,bestchoiceoutdoors@yahoo.com,1,2,,
9463200,AV TRUCKING LLC,,2026-09-24,A,A,PRIVATE PROPERTY,2958 GREENWICH STREET,SPRINGDALE,AR,72764,4795710042,AV_TRUCKINGLLC@HOTMAIL.COM,1,4,,
9428908,"LECTRO COURIER, LLC",,2026-09-24,A,A,AUTHORIZED FOR HIRE,6711 PARK HEIGHTS AVE APT 217,BALTIMORE,MD,21215,4436034776,LECTROT@YAHOO.COM,1,1,,
9425910,GREENLOOP PARTNERS LLC,,2026-09-24,A,A,PRIVATE PROPERTY,11530 S GLEN RD,POTOMAC,MD,20854-1852,8338885667,JOEY@GREENLOOPPARTNERS.COM,1,2,,
9419245,IRONBOX TRANSPORT LLC,,2026-09-24,A,C,AUTHORIZED FOR HIRE,2907 BANYAN LN,LAKELAND,FL,33805,8633466807,IRONBOX.TRUCK@GMAIL.COM,1,1,,
9414844,NEXTROUTE TRANS INC,,2026-09-24,A,A,AUTHORIZED FOR HIRE,2273 N RALEIGH DR,FRESNO,CA,93727,5594999140,nextroutetransinc@gmail.com,1,1,,
9398279,TRUEWAY TRANSPORT LLC,,2026-09-24,A,A,AUTHORIZED FOR HIRE,492 HENNES AVE,SHAKOPEE,MN,55379,6197575863,truewaytransport26@gmail.com,1,1,,
9387450,LAWTON ENTERPRISES LLC,,2026-09-24,A,C,PRIVATE PROPERTY,7609 E 165TH ST A,BELTON,MO,64012,8167260329,SLAWTON113@GMAIL.COM,2,2,,
9358009,DIESEL RIDGE TRANSPORT LLC,,2026-09-24,A,A,AUTHORIZED FOR HIRE,221 16TH AVE W,MENOMONIE,WI,54751,4077731479,DIESELRIDGELLC@GMAIL.COM,1,1,,
9355612,KS CARRIER INC,,2026-09-24,A,A,AUTHORIZED FOR HIRE,4 BLACKSMITH CT,REISTERSTOWN,MD,21136,4437296013,ks@kscarrier.com,1,1,,
9351871,HAMILTON RANCH,BRANDON HAMILTON,2026-09-24,A,C,PRIVATE PROPERTY,771 TENMILE VALLEY RD,TENMILE,OR,97481,5416432697,BRANDONH@INDUSTRIALSOURCE.COM,5,1,,
9337113,BRIGHTNESS TRANSPORT LLC,,2026-09-24,A,A,AUTHORIZED FOR HIRE,8033 N FLORA AVE,KANSAS CITY,MO,64118,8168780816,brightnesstransport92@gmail.com,1,1,,
9327385,A.G.R. TRUCKING LLC,,2026-09-24,A,C,AUTHORIZED FOR HIRE,4741 N STATE HIGHWAY 18,FORT STOCKTON,TX,79735-9491,7866066573,ALEXCUBAA@YAHOO.ES,1,1,,
9312870,"HANOVER GLASS, INCORPORATED",,2026-09-24,A,A,PRIVATE PROPERTY,35 CORPORATE PARK DR,PEMBROKE,MA,02359,7818294242,JOHN@HANOVERGLASS.COM,3,4,,2026-09-24
9275266,SHIPLEY ENTERPRISES LLC,,2026-09-24,A,A,AUTHORIZED FOR HIRE,870 POSSUM CREEK RD,GREENEVILLE,TN,37743,4239727224,shipleyenterprisesllc@gmail.com,1,1,,
9269613,ROADRUNNER RANCH WTX TRUCKING LIMITED LIABILITY COMPANY,,2026-09-24,A,A,AUTHORIZED FOR HIRE,4600 ANDREWS HWY APT L103,MIDLAND,TX,79703,7602962417,ARS01@LIVE.COM,1,1,,2026-09-24
9261093,2705 INDUSTRIES LLC,,2026-09-24,A,A,AUTHORIZED FOR HIRE,1810 E SAHARA AVE SUITE 809,LAS VEGAS,NV,89104,7024730153,2705trucking@gmail.com,1,1,,
9257638,TRUSTEDWAY LOGISTICS LLC,,2026-09-24,A,A,AUTHORIZED FOR HIRE,4341 W DEFENDER DR,HERRIMAN,UT,84096,8016889419,trustedway2026@gmail.com,1,1,,
9256006,HARRIS ENTERPRISE LLC,,2026-09-24,A,C,AUTHORIZED FOR HIRE,1122 SOMMERVILLE DRIVE,ROSHARON,TX,77583,2026603372,INFO@HARRISENTERPRISE1.COM,1,2,,
9253443,HAMMERCORE GROUP LLC,,2026-09-24,A,A,PRIVATE PROPERTY,13000 W BLUEMOUND RD STE 214,ELM GROVE,WI,53122-2650,2629395432,SETH@HAMMERCOREGROUP.COM,6,2,,
9246929,KALABAT TRANSPORTATION LLC,,2026-09-24,A,C,AUTHORIZED FOR HIRE,5401 LANGLEWOOD DR.,WEST BLOOMFIELD,MI,48322,2483463161,KALABATTRANSPORTATION@GMAIL.COM,1,1,,
9238879,IOR ENTERPRISE LLC,,2026-09-24,A,C,,110 E IRVIN AVE,HAGERSTOWN,MD,21742,2403105714,info@iorenterprise.com,0,,,
9216626,BURAK TRANSPORTATION LLC,,2026-09-24,A,A,AUTHORIZED FOR HIRE,307 MERLIN DR,MURFREESBORO,TN,37127,6159925984,ABD.SHEKHAN1980@ICLOUD.COM,2,4,,
9215871,L3VEL3 OPS INC.,,2026-09-24,A,C,PRIVATE PROPERTY,2250 WESTERN AVE,PARK FOREST,IL,60466-1227,7084396666,TERRY@LV3.COM,1,1,,
9189137,ROTTWEILER TOWING & TRANSPORT LLC,,2026-09-24,A,C,AUTHORIZED FOR HIRE,2671 OATES HWY,LAMAR,SC,29069-8851,8436241817,JOPAULEY1975@GMAIL.COM,1,1,,
9187694,GRAMAJO LANDSCAPING SERVICES CORP,,2026-09-24,A,C,PRIVATE PROPERTY,384 MULRY LN APT 2,LAWRENCE,NY,11559,6466390760,GRAMAJOLANDSCAPINGSERVICES@OUTLOOK.COM,1,1,,
9180464,RACE AUTO LLC,,2026-09-24,A,A,AUTHORIZED FOR HIRE,1615 N 76TH AVE,ELMWOOD PARK,IL,60707,7082744276,RACEAUTOLLC@GMAIL.COM,1,1,,
9168638,OUTRIGHT CONSTRUCTION & FEDERAL CONTRACTING LLC,,2026-09-24,A,A,AUTHORIZED FOR HIRE,13904 CAROLINA PONCE AVE 13904 CAROLINA PONCE AVE,HORIZON CITY,TX,79928,9152386383,OUTRIGHTCONSTRUCTIONLLC@GMAIL.COM,5,8,,
9150916,AMERICA ENVIOS PAQUETERIA,,2026-09-24,A,A,AUTHORIZED FOR HIRE,1470 W HOLT AVE,POMONA,CA,91768,9095398815,AMERICAENVIOSPAQUETERIA@GMAIL.COM,2,2,,
9108963,BIG DIC'S LLC,,2026-09-24,A,A,PRIVATE PROPERTY;AUTHORIZED FOR HIRE,21801 NORTHCREST DR APT 1611,SPRING,TX,77389,3463024212,BIGDICSTRUCKING/23@GMAIL.COM,2,3,,
9105409,SHERI STROCK INC,FARMERS WIFE CREATIONS,2026-09-24,A,C,PRIVATE PROPERTY,33862 TRACY RD,LAFARGEVILLE,NY,13656,3156582511,STROCKTA@HOTMAIL.COM,3,3,,
9103760,HANLEY ENERGY ELECTRICAL,,2026-09-24,A,A,PRIVATE PROPERTY,44381 RUSSELL BRANCH PKWY,ASHBURN,VA,20147,7038589120,JEFF.MADDOX@US.HANLEYENERGY.COM,4,6,,
9098708,PAI TRANSPORTATION INC,,2026-09-24,A,A,AUTHORIZED FOR HIRE,2512 ROTTERDAM DR,ELVERTA,CA,95626,9092520007,pai.transportation20@gmail.com,1,1,,
9093369,LONGSWORTH HAULING LLC,,2026-09-24,A,C,PRIVATE PROPERTY;AUTHORIZED FOR HIRE,1825 HWY 896,PARKERS LAKE,KY,42634,6065161352,LONGSWORTHCONSTRUCTION@GMAIL.COM,2,1,,
9081318,ALINOSI DESSERT COMPANY LLC,,2026-09-24,A,A,PRIVATE PROPERTY,12748 E MCNICHOLS RD,DETROIT,MI,48205,3135273195,INFO@ALINOSISPUMONI.COM,1,1,,
9074311,BERKSHIRE CONSTRUCTION & LOGGING LLC,,2026-09-24,A,A,PRIVATE PROPERTY,993 E WASHINGTON RD,HINSDALE,MA,01235-9461,4134466665,BERKSHIRECONSTRUCTION@YAHOO.COM,1,1,,
9070742,HOPSON FARMS,,2026-09-24,A,C,PRIVATE PROPERTY,6201 N HIGHWAY 74,CRESCENT,OK,73028,4052199873,bthopson@pldi.net,3,1,,
9065880,DYLAN J FULTON,FULTON DISTRIBUTING,2026-09-24,A,C,PRIVATE PROPERTY,1476 SOLOMON RD,SANTA MARIA,CA,93455-6024,2083862863,CLINTFULTON@COMCAST.NET,2,2,,
9063493,BURNELL BIZZ LLC,,2026-09-24,A,A,AUTHORIZED FOR HIRE,"1500 S DAIRY ASHFORD RD, SUITE 207",HOUSTON,TX,77077,3469141122,DISPATCH@BURNELLBIZZ.COM,1,1,,
9051972,OTW EXPRESS COURIERS,,2026-09-24,A,C,PRIVATE PROPERTY;AUTHORIZED FOR HIRE,191 E HAMILTON ROW,SARATOGA SPRINGS,UT,84045,8017793503,TRAJAN@OTWEXP.COM,2,3,,
9033091,BLACK FLAG SHIPPING LLC,,2026-09-24,A,A,AUTHORIZED FOR HIRE,222 N CENTER ST APT 203,GRAND PRAIRIE,TX,75050,2148093090,BRAYANFLORES9727@YAHOO.COM,1,2,,
9027631,PROBUILDER SERVICES LLC,,2026-09-24,A,C,AUTHORIZED FOR HIRE,4728 ARBOR DR APT 203,ROLLING MEADOWS,IL,60008,7737070521,aladagahmet49@gmail.com,2,1,,
9023416,"MAMA LA'S KITCHEN, LLC",,2026-09-24,A,A,PRIVATE PROPERTY,4802 GULF FWY,HOUSTON,TX,77023,7132379588,TONYLTRUONG@GMAIL.COM,3,8,,
9006971,SALAZAR FREIGHT LLC,,2026-09-24,A,A,AUTHORIZED FOR HIRE,651 W 42ND AVE UNIT 556,DENVER,CO,80216,7206716442,salazarfreight@gmail.com,1,1,,
9006799,BULLSSCALE LLC,,2026-09-24,A,C,PRIVATE PROPERTY,1870 THE EXCHANGE SE PMB 220 # 311904,ATLANTA,GA,30339-2171,2192855772,BULLSSCALECARRIER@GMAIL.COM,1,1,,
9003482,KELLY BURCH,KELLY’S SERVICES,2026-09-24,A,A,PRIVATE PROPERTY;AUTHORIZED FOR HIRE,4540 LIBBY LANE,KEVIL,KY,42053,2702014315,kyak120@protonmail.com,2,2,,
9002288,A & A TRANSPORT,,2026-09-24,P,C,PRIVATE PROPERTY;STATE GOVERNMENT;AUTHORIZED FOR HIRE,2015 BROADWAY,EUREKA,CA,95501,7867532343,AARONEIB52@GMAIL.COM,1,4,,
8980443,AI ELECTRICAL CONTRACTORS LLC,,2026-09-24,A,C,AUTHORIZED FOR HIRE,4 BECKERLE ST 4 BECKERLE ST,DANBURY,CT,06811,2037399245,AIELECTRICALCONTRACTORSLLC@GMAIL.COM,2,4,,
8976415,ATL OUTDOORS LANDSCAPING LLC,,2026-09-24,A,C,PRIVATE PROPERTY,844 GAINESVILLE HIGHWAY,WINDER,GA,30680,7703187825,ATLOUTDOORSLANDSCAPINGLLC@GMAIL.COM,2,4,,
8951107,A & A TRANSPORTATION LLC,,2026-09-24,A,C,PRIVATE PROPERTY;AUTHORIZED FOR HIRE,14 RIVERDALE ST,PROVIDENCE,RI,02909,4016882333,AA.TRANSPORTATION.1023@GMAIL.COM,2,4,,
8949310,KLCARPENTRY AND REMODELING LLC,,2026-09-24,A,C,AUTHORIZED FOR HIRE,457 DUTCH MEADOWS LANE,SCHENECTADY,NY,12302,5189372648,KLENEHANCARPENTRY@GMAIL.COM,3,2,,
8948256,RED LINE TRANSPORT DIVISION LLC,RED LINE TRANSPORT,2026-09-24,A,C,PRIVATE PROPERTY;AUTHORIZED FOR HIRE,2513 COUNTY ROAD A,BELGIUM,WI,53004,2626898994,FORDGIRL0000@FRONTIER.COM,1,1,,
8944114,CAJUN RABBIT TRUCKING LLC,,2026-09-24,A,C,AUTHORIZED FOR HIRE,621 TEALWOOD DRIVE,MESQUITE,TX,75181,2145429263,vicvape2020@gmail.com,1,4,,
8922573,"OHANA FIL-AM INVESTMENTS, LLC",,2026-09-24,A,A,AUTHORIZED FOR HIRE,203 WOOD ST,CROSSETT,AR,71635,3185485135,STEVEWHITE0502@YAHOO.COM,2,2,,
8922445,FINCH'S HAULING,,2026-09-24,I,A,AUTHORIZED FOR HIRE;EXEMPT FOR HIRE,123 JAMESTOWN ST,RANDOLPH,NY,14772,7162901953,SRMFINCH@YAHOO.COM,1,4,,
8919771,LEOSLIAN FREIGHT SERVICE,,2026-09-24,A,C,PRIVATE PROPERTY;AUTHORIZED FOR HIRE,1606 BROOKSIDE CIR E,JACKSONVILLE,FL,32207,7278316325,LEOH44144@GMAIL.COM,1,1,,
8906359,JOEL'S BRICK & STONE CORP.,,2026-09-24,A,C,PRIVATE PROPERTY,2 WILLS AVE,MASTIC,NY,11950,4154589308,bravosalasjose@gmail.com,2,1,,
8905473,RAI AMERICAN XPRESS INC,,2026-09-24,A,A,AUTHORIZED FOR HIRE,95 W SAN FRANCISCO DR APT 2,TRACY,CA,95391,2096992576,raixpress1@gmail.com,1,1,,
8897091,W COSEY TRANSPORT LLC,,2026-09-24,A,A,AUTHORIZED FOR HIRE,17935 COLLEGE RD,HAGERSTOWN,MD,21740,2406252696,WCOSEY73@GMAIL.COM,1,1,,
8894773,LDT ENTERPRISES LLC,,2026-09-24,A,A,AUTHORIZED FOR HIRE,201 CURTIN PARK RD,COT,OR,97424,4583310863,enterprisesldtllc@outlook.com,0,2,,
8873178,POWELLGOESHARD LLC,,2026-09-24,A,A,PRIVATE PROPERTY;AUTHORIZED FOR HIRE;EXEMPT FOR HIRE,118 3RD AVENUE,ALIQUIPPA,PA,15001,7246839568,POWELLGEORGE1983@GMAIL.COM,3,4,,
8850316,JC HAWAII CONSTRUCTION LLC,,2026-09-24,A,C,PRIVATE PROPERTY,94-1098 KAPEHU ST,WAIPAHU,HI,96797,8086505517,ALOHA@JCHAWAIICONSTRUCTION.COM,2,1,,
8847782,REYNIER TRUCKING LLC,,2026-09-24,A,A,AUTHORIZED FOR HIRE,3210 ALABAMA ST,EL PASO,TX,79930,4026066788,reynierthalia@gmail.com,0,,,2026-09-26
8844127,"BARLOWE SOLUTIONS, LLC",,2026-09-24,A,C,PRIVATE PROPERTY,537 WILKESBORO BLVD,LENOIR,NC,28645,8282170031,BARLOWESOLUTIONS@GMAIL.COM,2,2,,
8839308,WEL CONSTRUCTION CORP,,2026-09-24,A,C,PRIVATE PROPERTY;AUTHORIZED FOR HIRE,466 CALLE 4,PENUELAS,PR,00624,7874578634,WELCONSTRUCTION@HOTMAIL.COM,2,2,,
8826726,FLEX & LEXA LLC,,2026-09-24,A,A,AUTHORIZED FOR HIRE,106 CARDINAL ST,WARSAW,NC,28398,4724720139,FLEXANDLEXA@GMAIL.COM,1,1,,
8823672,TAYLOR LIGHT TRUCKING LLC,,2026-09-24,A,A,AUTHORIZED FOR HIRE,408 MESILLA ST SE APT 4,ALBUQUERQUE,NM,87108,5056772845,taylortruckingllc2022@gmail.com,1,1,,
8819347,CN MECHANICAL SERVICES LLC,,2026-09-24,A,C,AUTHORIZED FOR HIRE,7516 BENT MOUNTAIN RD,LERONA,WV,25971,3187323032,CAIRE.POWE@GMAIL.COM,1,1,,
8817974,CLIFTON TILE AND FLOORING CENTER,,2026-09-24,A,A,PRIVATE PROPERTY,1057 ROUTE 46,CLIFTON,NJ,07013-2429,9739554900,operations@cliftontileflooring.com,2,2,,
8812017,PATRIOT DIRTWORKZ & LAND SERVICES LLC,,2026-09-24,A,A,PRIVATE PROPERTY;AUTHORIZED FOR HIRE,698 ROAD EAST A S,OGALLALA,NE,69153,3082895189,DDECDIRTWORK02@GMAIL.COM,3,2,,
8788669,"SITE WORK SPECIALIST, INC",,2026-09-24,A,A,PRIVATE PROPERTY,803 INDUSTRIAL AVE,RAPID CITY,SD,57702,6053550933,ACHYTKA@SCULLCONST.COM,28,7,,
8763017,LAUREN CATHERINE COOK,,2026-09-24,A,A,PRIVATE PROPERTY,8252 COUNTY ROUTE 119,CAMERON MILLS,NY,14820,6077696237,RLCOLE1202@YAHOO.COM,4,4,,
8762163,COWBOY STATE FENCING LLC,,2026-09-24,A,C,PRIVATE PROPERTY,3118 STINSON LN,RIVERTON,WY,82501-9201,3078516411,COWBOYSTATEFENCINGLLC@GMAIL.COM,2,2,,
8745012,STEADORN LLC,,2026-09-24,A,C,PRIVATE PROPERTY;AUTHORIZED FOR HIRE,12204 EAGLES NEST CT APT F,GERMANTOWN,MD,20874,2403296243,STEADORNLLC@GMAIL.COM,3,3,,
8718734,MOREE HAUL LLC,,2026-09-24,A,A,AUTHORIZED FOR HIRE,1008 SHANGRI LA DRIVE,TAMPA,FL,33584,6562125154,morehaulllc@gmail.com,2,1001,,
8715085,"EZ TRANS LOGISTICS, INC",,2026-09-24,A,C,,182 WOODVALE AVENUE,STATEN ISLAND,NY,10309,7182663432,peter@eztranslog.com,0,,,
8711960,MAIKEL A CLARK RODRIGUEZ,,2026-09-24,A,C,AUTHORIZED FOR HIRE,203 W WABRY ST,LONDON,TX,76854,2285236722,mclarkrodriguez@gmail.com,1,1,,2026-09-25
8699952,MARIA ISABEL VARGAS,,2026-09-24,A,C,PRIVATE PROPERTY,6136 WALKER AVENUE,MAYWOOD,CA,90270,3235789819,carpentryjose@yahoo.com,1,2,,
8692668,CASEY R CARPENTER,,2026-09-24,A,A,AUTHORIZED FOR HIRE;EXEMPT FOR HIRE,288 EAST GRAFTON ROAD,FAIRMONT,WV,26554,3043638585,CCCRX1@AOL.COM,3,4,,
8679286,NORTH TO SOUTH DELIVERY LLC,,2026-09-24,A,C,AUTHORIZED FOR HIRE,785 PELLAS LN,SAN JOSE,CA,95127,5105135380,northtosouthdelivery@gmail.com,2,1,,
8670069,MUHAMMAD SADIK 2024 INC,,2026-09-24,A,A,AUTHORIZED FOR HIRE,2700 NORTHVIEW RD APT 3A,PHILADELPHIA,PA,19152,2676167863,NASYMOVBAHODUR@YAHOO.COM,2,1,,
8663437,"ROCKING N CONCRETE, LLC",,2026-09-24,A,A,AUTHORIZED FOR HIRE,5425 TEABERRY RD,RIVERSIDE,CA,92505,9493240720,rockinntransport@gmail.com,1,1,,
8655127,PIN POINT SPRAYING LLC,,2026-09-24,A,C,PRIVATE PROPERTY;AUTHORIZED FOR HIRE,420 MINNESOTA AVE,DANVERS,MN,56231,3208152771,JSWERSINGER@FEDTEL.NET,2,1,,
8654692,HILLBILLY HAULING LLC,,2026-09-24,A,A,AUTHORIZED FOR HIRE,410 MARKET ST,HENRY,IL,61537,3096349347,MUSTANG_HOPPER19@YAHOO.COM,1,1,,
8654365,JDL TRAILER REPAIR,,2026-09-24,A,C,PRIVATE PROPERTY,112 N MAGNOLIA AVE,RIALTO,CA,92376,9093439460,jdltrailerrepair@gmail.com,1,1,,
8644127,MMCC TRUCKING,,2026-09-24,A,C,AUTHORIZED FOR HIRE,4337 FALLS OAKS STREET,MYRTLE BEACH,SC,29579,6095056259,mikerdavis2@gmail.com,1,1,,2026-09-25
8635592,"BUILT BY DAD, LLC",,2026-09-24,A,A,AUTHORIZED FOR HIRE,33 NORDEN ST,NEW BRITAIN,CT,06051,8603577159,LMEDINA7714@GMAIL.COM,2,1,,2026-09-24
8633602,CHANDLER WADE HARRIS,HB TREES,2026-09-24,A,C,PRIVATE PROPERTY;AUTHORIZED FOR HIRE,30140 MAGRA RD,GOLD RUN,CA,95717,5303059121,cw22harris@icloud.com,2,1,,
8614617,B&K TRANSIT LLC,,2026-09-24,A,A,AUTHORIZED FOR HIRE,2183 PLANTATION DR,LONGS,SC,29568,2028006584,bkenterprisellc2@gmail.com,1,2,,
8612416,ZEEK STRATEGIC PARTNERS,,2026-09-24,A,A,AUTHORIZED FOR HIRE,9955 S CICERO AVENUE 301,OAK LAWN,IL,60453,7738865866,ISRAELZEEK071@YAHOO.COM,1,1,,
8599624,JT TRUCKING,,2026-09-24,A,C,,7943 SHADY ARBOR LN,HOUSTON,TX,77040,8325402497,squaddboyzz@yahoo.com,0,,,
8596514,JBD DIAMOND GLASS CORP,,2026-09-24,A,A,AUTHORIZED FOR HIRE,30241 SW 152 AVE,HOMESTEAD,FL,33033-3605,7868037907,JBDDIAMONDGLASS@GMAIL.COM,2,4,,
8594316,MAC & WOOD HAULING LLC,,2026-09-24,A,C,AUTHORIZED FOR HIRE,238 CHURCH ST,COATESVILLE,PA,19320-2607,6108880841,thadizhane@aol.com,2,2,,
8592945,K40 PROPERTY SERVICES LLC,,2026-09-24,A,A,PRIVATE PROPERTY,1015 JONQUIL DR,JEFFERSONVILLE,IN,47130,8123081009,K40PROPERTYSERVICES@GMAIL.COM,1,1,,
8589967,A&R TRUCKING LLC,,2026-09-24,I,A,AUTHORIZED FOR HIRE,512 E. ZIA,HOBBS,NM,88240,5759424179,artruckingllc2017@gmail.com,8,10,,
8587477,COURIER ON CARGO LOGISTICS LLC,,2026-09-24,A,C,AUTHORIZED FOR HIRE,1060 E 71ST WAY,LONG BEACH,CA,90805,2132105821,aof2018@icloud.com,1,1,,
8558782,LILIA PONCE TRUCKING,,2026-09-24,A,C,PRIVATE PROPERTY;AUTHORIZED FOR HIRE,1183 TABITHA WAY,CORONA,CA,92882,7149138538,LPTRUCKING00@GMAIL.COM,3,6,,
8541085,PEPIN CONSULTING GROUP LLC,,2026-09-24,A,A,AUTHORIZED FOR HIRE,6650 RIVERS AVE,NORTH CHARLESTON,SC,29406,8575794057,ARGELLIZ@PEPINCG.COM,1,4,,
8537302,KK 17 CONSULTANTS LLC,,2026-09-24,A,A,AUTHORIZED FOR HIRE,6052 COMMERCE CT,GARDEN CITY,GA,31408,2294628537,ADMIN@KK17CONSULTANTSLLC.COM,12,24,,
8535749,POTTER TRUCKING LLC,,2026-09-24,A,A,AUTHORIZED FOR HIRE,565 W MT HOPE HWY,GRAND LEDGE,MI,48837,5172312207,pottertrucking2026@gmail.com,2,1,,
8529646,RUNNIN THA STREETZ TRANSPORT LLC,,2026-09-24,A,A,AUTHORIZED FOR HIRE,5420 GALES ST,HOPE MILLS,NC,28348,9108185277,RTSTRANSPORT26GMAIL.COM,1,1,,
8528960,TEAM LOGISTICS SEVEN LLC,,2026-09-24,A,A,AUTHORIZED FOR HIRE,671 CHANEY CT,CREST HILL,IL,60403,6304294952,dispatch.teamseven@gmail.com,1,1,,2026-09-25
8522294,C CANGA TRANSPORT LLC,,2026-09-24,A,A,AUTHORIZED FOR HIRE,16410 NELSON PARK DR 303,CLERMONT,FL,34714,3524064247,BELCAROLLINATTANSPORTLLC@OUTLOOK.COM,1,1,,
8506723,ARMC EXPRESS LLC,,2026-09-24,A,A,AUTHORIZED FOR HIRE,3450 BRECKINRIDGE BLVD APT 1406,DULUTH,GA,30096,9432794317,ARMCEXPRESSLLC@GMAIL.COM,1,1,,
8504411,MALTY AUTOMOTIVE INC,,2026-09-24,A,C,PRIVATE PROPERTY,900 N PACIFIC COAST HWY,REDONDO BEACH,CA,90277,4244085500,amalty@maltyamazedealerships.com,1,1,,
8496379,TITAN PROPERTY MANAGEMENT LLC,,2026-09-24,A,A,PRIVATE PROPERTY,58 MAST CAMP RD,WATERBORO,ME,04087,2072053289,NVSOTIR@GMAIL.COM,1,4,,
8495023,BEE HAPPY HONEY & POLLINATION,,2026-09-24,A,C,PRIVATE PROPERTY,6549 SOUTH FRANKWOOD AVE,REEDLEY,CA,93654,5593417098,beehappyhoneypollination@gmail.com,2,4,,
8494189,WALK BY FAITH SOLUTIONS,,2026-09-24,A,A,AUTHORIZED FOR HIRE,7836 S ABERDEEN ST,CHICAGO,IL,60620,3127186332,walkbyfaith0214@gmail.com,1,4,,
8488995,DA SILVA FOODS TX LLC,,2026-09-24,A,A,PRIVATE PROPERTY,20940 KATY FWY STE A,KATY,TX,77449-3146,4075657631,INFO@DASILVAFOODS.COM,1,2,,
8486222,KALA TRUCKS INC,,2026-09-24,A,A,PRIVATE PROPERTY;AUTHORIZED FOR HIRE,5490 N SALINAS AVE APT 155,FRESNO,CA,93722,3502287700,kalatrucksinc@gmail.com,1,1,,
8470968,CHICAGO TORRES DISTRIBUTION CO,,2026-09-24,A,C,AUTHORIZED FOR HIRE,6800 S KOSTNER AVE,CHICAGO,IL,60629,3128566303,KOSTNER55@GMAIL.COM,2,1,,
8444341,SIXTO PRIME LOGISTICS LLC,,2026-09-24,A,C,,1231 W 63RD ST,HIALEAH,FL,33012,7865239594,SIXTOPRIMELOG@GMAIL.COM,0,,,
8438330,MWA MOVING CO. LLC,,2026-09-24,A,A,AUTHORIZED FOR HIRE,879 BARNACLE COURT,ADKINS,TX,78101,2105026471,sblakely210@gmail.com,2,4,,
8424256,SURE POINT SOLUTIONS LLC,,2026-09-24,A,A,PRIVATE PROPERTY;AUTHORIZED FOR HIRE,2702 HINTON DRIVE,LAKE CHARLES,LA,70615,3375137963,SUREPOINT26@GMAIL.COM,2,12,,
8420945,"DVD CONSTRUCTION, INC.",DVD LOGISTICS,2026-09-24,A,C,PRIVATE PROPERTY;AUTHORIZED FOR HIRE,1246 WEST CHESTNUT AVENUE,SANTA ANA,CA,92703,9498649986,ddo@dvdconstruction.com,3,2,,
8417235,PADDY’S HAULING LLC,,2026-09-24,A,C,AUTHORIZED FOR HIRE,249 OLD COHAS AVE,MANCHESTER,NH,03109,6033966391,MPD2502002@YAHOO.COM,2,2,,
8416824,GREEN STONE LANDSCAPING & MASONRY INC,,2026-09-24,A,C,PRIVATE PROPERTY;AUTHORIZED FOR HIRE,40 SPRINGS FIREPLACE RD,EAST HAMPTON,NY,11937,6312236519,RMBUSINESS1135@GMAIL.COM,1,1,,
8403200,RJ TRANSPORT LLC,,2026-09-24,A,A,AUTHORIZED FOR HIRE,3145 DELBURN AVE,DUBLIN,OH,43017,6145882277,rjtransport.dispatch@gmail.com,3,6,,2026-09-25
8401984,NATIONAL MOTOR TRANSPORT SERVICES,,2026-09-24,A,C,,455 N LAKE AVE,PASADENA,CA,91101,7475774550,nationalmotortransportservices@gmail.com,0,,,
8401340,HANSON MECHANICAL,,2026-09-24,A,C,PRIVATE PROPERTY;AUTHORIZED FOR HIRE,5274 MARBLE LAKE ROAD,TWO HARBORS,MN,55616,2188308983,DORIGHTPLUMBING2015@GMAIL.COM,1,2,,
8389833,GALLARDO ROOFING LLC,,2026-09-24,I,C,PRIVATE PROPERTY,6426 STATE HIGHWAY 19,WAUNAKEE,WI,53597,6086589935,gallardoroofingllc@gmail.com,5,2,,
8387795,AMAZING CONSTRUCTION & REMODELING LLC,,2026-09-24,A,C,PRIVATE PROPERTY;AUTHORIZED FOR HIRE,3271 TIMBER BLUFF DR NE,MARIETTA,GA,30062,4077255025,AMAZINGCOSNTRUCTIONUS@GMAIL.COM,1,2,,
8385022,M&M-TRANSPORT SERVICES LLC,,2026-09-24,A,A,AUTHORIZED FOR HIRE,17220 SW 93 RD,PALMETTO BAY,FL,33157,7867702411,FAMAGDIEL85@GMAIL.COM,0,1,,
8377987,ASHTON GALDERISI,SPEEDY PANDA TRANSPORT,2026-09-24,A,C,AUTHORIZED FOR HIRE,4004 HAMILTON CIR APT 123,ARLINGTON,TX,76013,4694264732,SPEEDYP.TRANSPORT@GMAIL.COM,1,1,,
8368103,"JOHNSON'S EXPRESS, INC.",,2026-09-24,A,C,"PRIVATE PASSENGER, BUSINESS;PRIVATE PASSENGER, NON-BUSINESS;AUTHORIZED FOR HIRE",990 LEE ROAD 203,SALEM,AL,36874,3342983957,janice.w.johnson@att.net,1,3,,
8355458,AVE FENIX FREIGHT LLC,,2026-09-24,A,C,AUTHORIZED FOR HIRE,2409 E PARADISE RD,ANAHEIM,CA,92806,5595098786,ericrivas503@gmail.com,1,1,,
8349755,CONEQUIP PARTS & EQUIPMENT LLC,,2026-09-24,A,A,PRIVATE PROPERTY,5251 SHAWNEE RD,SANBORN,NY,14132,7168365069,joe.grimaldi@conequip.com,9,24,,
8348581,JME ENTERPRISE LLC,,2026-09-24,A,A,AUTHORIZED FOR HIRE,35 HARRISON PLACE,CLIFTON,NJ,07011,2017056709,SOFIAMOREIRAFARIAS@GMAIL.COM,2,1,,
8331887,CAMPBELLS TREE SERVICE,,2026-09-24,A,C,AUTHORIZED FOR HIRE,"3 RIVER SEND DRIVE LODI, CA 95242",LODI,CA,95242,7073743299,CLAYTONCAMPBELL@COMCAST.NET,4,3,,
8331268,ISAIAS GUERRERO ESCAMILLA,IGJC TRANSPORT,2026-09-24,A,C,PRIVATE PROPERTY,4302 ELIZABETH ST UNIT 11,CUDAHY,CA,90201,3232684695,GRIOS1977@GMAIL.COM,2,1,,
8327318,CSA HAULING LLC,,2026-09-24,A,A,AUTHORIZED FOR HIRE,1018 E HENDERSON ST,BULLARD,TX,75757,9168609423,CSAHAULING1@GMAIL.COM,1,4,,
8320077,CLICK & PICK LLC,,2026-09-24,A,A,AUTHORIZED FOR HIRE,8800 FONDREN RD 292,HOUSTON,TX,77074-7041,3462345515,clickpickllc730@gmail.com,1,1,,
8307620,J&D EXPRESS LLC,,2026-09-24,A,C,AUTHORIZED FOR HIRE,1001 S MAIN STREET STE 49,KALISPELL,MT,59901,6463728068,johnathan.pereyra@gmail.com,2,4,,
8300983,SUPER STREET MECHANICAL LLC,,2026-09-24,A,C,PRIVATE PROPERTY;AUTHORIZED FOR HIRE,1715 MOUNT HOOD TRL NW,ALBUQUERQUE,NM,87120-4386,5052646987,ssanchez2731@hotmail.com,1,1,,
8300431,M D PROPERTY SERVICES LLC,,2026-09-24,A,C,AUTHORIZED FOR HIRE,2398 CO RD 136,INTERNATIONAL FALLS,MN,56649,6417512725,contact@mdpropertyservice.com,1,2,,
8288381,HUSKY SERVICES INC,,2026-09-24,A,A,AUTHORIZED FOR HIRE,17000 93RD AVE,ORLAND HILLS,IL,60487,7739614749,HUSKYSERVICESINC@GMAIL.COM,3,1,,
8281591,RIDGELINE TRANSPORT,,2026-09-24,A,A,AUTHORIZED FOR HIRE,1423 7TH AVE WEST UNIT A,KALISPELL,MT,59901,4062124546,RIDGELINETRANSPORT406@GMAIL.COM,1,8,,
8267704,PAJ SOLUTIONS GROUP LLC,,2026-09-24,A,A,AUTHORIZED FOR HIRE,1333 ELDRIDGE PARKWAY APT 1631,HERRIMAN,UT,77077,3014126333,SHUNTELMAX@GMAIL.COM,1,1,,
8243598,BOOTH HAULING AND REMOVAL,,2026-09-24,A,C,PRIVATE PROPERTY;AUTHORIZED FOR HIRE,208 PANSY PL,WAYNESVILLE,NC,28785,8285421668,CONTACT@BOOTHHAULINGANDREMOVAL.COM,2,1,,
8233364,JS VIRK TRUCKING INC,,2026-09-24,A,A,AUTHORIZED FOR HIRE,16748 WYNDHAM LANE,FONTANA,CA,92336,6266161056,jsvirktrucking26@gmail.com,1,1,,
8222952,GENTRY POOL COMPANY LLC.,,2026-09-24,A,A,PRIVATE PROPERTY,355 RICHARDSON RD SE STE 3,CALHOUN,GA,30701-3681,7065376300,gentrypool@gmail.com,1,1,,
8217011,LUIS ANTONIO RIVERA POMAR,,2026-09-24,A,A,AUTHORIZED FOR HIRE,3630 SW 28TH ST,MIAMI,FL,33133,3463072790,lucayallc2026@gmail.com,1,1,,
8198174,BAG DROP INVESTMENTS LLC,,2026-09-24,A,C,PRIVATE PROPERTY,11582 SW VILLAGE PKWY,PORT SAINT LUCIE,FL,34987,5619511070,INFO@CYNTINVESTMENTS.COM,0,2,,
8187830,PLATINUM FREIGHT LLC,,2026-09-24,A,A,AUTHORIZED FOR HIRE,6432 ARGYLE ST,DEARBORN,MI,48126,3138881614,platinum.freight7@gmail.com,1,1,,
8182870,PINDOCO TRUCKING LLC,,2026-09-24,A,A,AUTHORIZED FOR HIRE,3202 IROQUOIS AVE,READING,PA,19608,4848777312,YANDYLOPEZ96@GMAIL.COM,1,1,,2026-09-24
8176025,S&F FREIGHT LOGISTICS LLC,,2026-09-24,A,C,AUTHORIZED FOR HIRE,16311 RIVER WOOD CT,CROSBY,TX,77532,8329948789,SFFREIGHT.LOG@GMAIL.COM,1,1,,
8169049,MARY GOLDLINE LLC,,2026-09-24,A,A,AUTHORIZED FOR HIRE,1103 E ARDYCE LN,MOUNT PROSPECT,IL,60056,3478250077,marygoldlinellc@gmail.com,1,1,,
8156600,J & J TRANSPORTERS LLC,,2026-09-24,A,C,AUTHORIZED FOR HIRE,12500 SHADOWGLEN TRCE APT 6208,MANOR,TX,78653,8327626794,yalexeyrodriguez826@gmail.com,2,1,,
8152663,LIGHTNING LOU'S SERVICES LLC.,,2026-09-24,A,C,PRIVATE PROPERTY;AUTHORIZED FOR HIRE,11828 W VICTORY RD,BOISE,ID,83709-3858,2088183998,J.CRINER@LIGHTNINGLOUS.COM,3,1,,
8150909,GDO ENTERPRISES LLC,,2026-09-24,A,C,AUTHORIZED FOR HIRE,7890 NW 191 ST,HIALEAH,FL,33015,3055422463,ORLYJAVI@YAHOO.COM,2,2,,
8142066,PURPOSE DRIVEN LOGICTICS,,2026-09-24,A,A,AUTHORIZED FOR HIRE,"4375 MITCHELL PLACE, OLIVE BRANCH, MS 38654",OLIVE BRANCH,MS,38654,9014862096,purposedlogistics@gmail.com,1,4,,2026-09-25
8131657,RH & SONS TRUCKING LLC,,2026-09-24,A,A,AUTHORIZED FOR HIRE,105 FATHER LUIS CATANO,SUNLAND PARK,NM,88063,9152497282,RHSONSTRUCKINGLLC.3@GMAIL.COM,1,1,,
8130370,REVLINE TOWING CORP,,2026-09-24,A,C,AUTHORIZED FOR HIRE,5 SHERWOOD FOREST STE E,WAPPINGERS,NY,12590,3475474185,REVLINETOWINGCORP@GMAIL.COM,2,1,,
8125811,J&V TRANSPORT INC,,2026-09-24,A,A,AUTHORIZED FOR HIRE,26 FRYE RD,METHUEN,MA,01844,9789733305,JVTRANSPINC@GMAIL.COM,1,1,,
8122275,MILLENNIAL TOWING & RECOVERY LLC,EASTERN TOWING & RECOVERY LLC,2026-09-24,A,A,AUTHORIZED FOR HIRE;EXEMPT FOR HIRE,4705 OVERVIEW DRIVE,FREDRICKSBURG,VA,22408,5403698179,DISPATCHTOWCOMPANY@ICLOUD.COM,4,8,,
8111719,PP SOLUTIONS LLC,,2026-09-24,A,A,PRIVATE PROPERTY;AUTHORIZED FOR HIRE,1533 N 55TH DR APT A,KANSAS CITY,KS,66102,9132831234,JCSOLUTIONS.APPLICATIONS@GMAIL.COM,1,2,,2026-09-24
8100480,J.D. BERGLUND GROUP,ARMOUR FENCE,2026-09-24,A,C,PRIVATE PROPERTY,234 ALBION AVENUE,REDWOOD CITY,CA,94062,4153081239,JOSH@ARMOURFENCE.COM,9,2,,
8082810,AVENOR LOGISTICS LLC,,2026-09-24,A,C,AUTHORIZED FOR HIRE,8049 RHODES AVE,NORTH HOLLYWOOD,CA,91605,8189705899,AVENORLOGISTICSLLC@GMAIL.COM,2,14,,
8076869,BT LEASING INC.,,2026-09-24,A,C,PRIVATE PROPERTY;AUTHORIZED FOR HIRE,2555 PROSPECT RD,NAUVOO,AL,35578,2052721305,BTLEASING@GMAIL.COM,1,1,,
8072639,T3 TRANSPORT & LOGISTICS LLC,,2026-09-24,A,A,AUTHORIZED FOR HIRE,5076 KITE RD,GRAND PRAIRIE,TX,75052,2148372597,T3TRANSPORTANDLOGISTICS@GMAIL.COM,1,1,,
8068501,OMRAMA LLC,,2026-09-24,A,A,AUTHORIZED FOR HIRE,1014 PANTHEON DR,KISSIMMEE,FL,34759,4075499053,omrama3579@gmail.com,1,402,,
8059908,HUBER FARMS LLC,,2026-09-24,A,C,PRIVATE PROPERTY,115 RICH RD,CANTON,NY,13617,3158545161,HFADRAM@YAHOO.COM,1,3,,
8052798,NEXT MILE LOGISTICS LLC,,2026-09-24,A,A,AUTHORIZED FOR HIRE,1206 PARKER PL,CEDAR PARK,TX,78613,7372476568,brysonphilen59@gmail.com,1,4,,
8051374,LIGHTNING FLEET GROUP LLC,,2026-09-24,A,A,AUTHORIZED FOR HIRE,1507 HOBBS ST,TAMPA,FL,33619-0971,7868600033,LIGHTNINGFLEETFL@GMAIL.COM,1,5,,
8044620,AREA CODE MOVERS LLC,,2026-09-24,A,A,AUTHORIZED FOR HIRE,7094 LONGBOW COURT,CINCINNATI,OH,45230,5135182170,ANDREW@513MOVERS.COM,2,2,,
8030995,KING HAULING LLC,,2026-09-24,A,A,AUTHORIZED FOR HIRE,19405 COUNTY ROAD 5430,ROLLA,MO,65401-6197,5736129633,LOGANKING516@GMAIL.COM,1,1,,
8026367,PALOMO HOMES LLC,,2026-09-24,A,C,AUTHORIZED FOR HIRE,6993 W MAJESTIC VIEW LN,HERRIMAN,UT,84096,8016358051,PALOMOHOMES@YAHOO.COM,1,1,,
8014782,BLACK HOUSE LOGISTICS GROUP LLC,,2026-09-24,A,A,AUTHORIZED FOR HIRE,4496 N RIDGE E,GENEVA,OH,44041,9804031719,DISPATCH@BLACKHOUSELOGISTICSGROUP.COM,1,1,,
8010122,"F&S HOLDINGS, LLC",,2026-09-24,A,A,PRIVATE PROPERTY,2929 N RINGE LN,LAS VEGAS,NV,89156,3185477548,BEN@TEAMFNS.COM,8,12,,
7992233,NAPOLES TRUCKING INC,,2026-09-24,A,C,AUTHORIZED FOR HIRE,400 FLINTLOCK DR,DACULA,GA,30019,6783962604,YASBELTRUCKING@GMAIL.COM,4,4,,
7950719,MARACAS BAY EXPRESS LLC,,2026-09-24,P,A,PRIVATE PROPERTY;STATE GOVERNMENT;AUTHORIZED FOR HIRE,1839 VIRGINIA AVENUE,ELMONT,NY,11003,3632214382,ELJEFE@MARACASBAYEXPRESS.COM,2,4,,
7941466,"RENO TRUCKING, LLC",,2026-09-24,A,A,AUTHORIZED FOR HIRE,7027 BARRIE ST,DEARBORN,MI,48126,3136059711,RENOTRUCKING12@GMAIL.COM,1,1,,
7940080,SPOOLIN FREIGHT LLC,,2026-09-24,P,A,AUTHORIZED FOR HIRE,25746 HAZY ELM LN,PORTER,TX,77365,9087643620,spoolinfreightllc@gmail.com,1,1,,2026-09-25
7922769,AMEANI LOGISTICS LLC,,2026-09-24,A,C,AUTHORIZED FOR HIRE,14900 MEMORIAL DR APT 410,HOUSTON,TX,77079,6162404017,SERGEYAVANESYAN@YAHOO.COM,1,1,,
7920075,BLW TRANSPORT LLC,,2026-09-24,A,A,AUTHORIZED FOR HIRE,831 S WOODLAND AVE,GERALD,MO,63037,5732055468,blwtransport69@gmail.com,1,1,,
7911188,IP SHIPPING LLC,,2026-09-24,A,A,AUTHORIZED FOR HIRE,808 E CAMPBELL RD,RICHARDSON,TX,75081,5622987035,pablozetina@ip-shipping.com,1,1,,
7896216,CHILD HUNGER OUTREACH PARTNERS,CHOP OUT HUNGER,2026-09-24,A,C,PRIVATE PROPERTY,2 ELIZABETH ST,TOWANDA,PA,18848,5704855050,DANI@CHOPOUTHUNGER.ORG,8,4,,
7888236,NUTRIFEED LLC,,2026-09-24,A,A,PRIVATE PROPERTY,W4249 HWY US 2,POWERS,MI,49874,9066800376,ACCOUNTS@NUTRIFEED.US,4,3,,
7878639,G4 FARMS LLC,,2026-09-24,A,C,PRIVATE PROPERTY,6680 W 700 S,HUDSON,IN,46747,2603168973,RACHAEL_ANGOLA8@HOTMAIL.COM,10,3,,
7877060,NEW HOPE TRUCKING LLC,,2026-09-24,A,C,AUTHORIZED FOR HIRE,5993 SUNSET VISTA DR,KEARNS,UT,84118,3106958833,EVELIAGALVAN72@GMAIL.COM,1,1,,
7872791,PLEDGE INC,,2026-09-24,A,A,AUTHORIZED FOR HIRE,9206 MCCOMBS 26,EL PASO,TX,79924,9159776705,YASEENLEWISCOO@PLEDGEINC.COM,1,4,,
7863252,VP.CO TRANSPORT & LOGISTICS LLC,,2026-09-24,A,A,AUTHORIZED FOR HIRE,13254 EMERALD CREEK DR,HORIZON CITY,TX,79928,9152281702,VPCOTRANSPORT.LOGISTICS@OUTLOOK.COM,1,1,,
7854679,CKOC ENTERPRISES L.L.C.,,2026-09-24,A,C,AUTHORIZED FOR HIRE,44273 JOE LOUIS DR,HAMMOND,LA,20147,2254051370,CKOCENTERPRISES@GMAIL.COM,2,2,,
7853997,IZZY'S TIRE SERVICE LLC,,2026-09-24,A,C,AUTHORIZED FOR HIRE,12688 ELDERBERRY AVE,VISALIA,CA,93291,5598701134,IZZYSTIRES1@GMAIL.COM,1,4,,
7853237,ROWLAND STONES EXCAVATING & LAND CLEARING LLC,,2026-09-24,A,C,PRIVATE PROPERTY,4033 DIXIE BARWICK RD,BOSTON,GA,31626,2299777201,TRANSPORTATION@AGPROCO.COM,2,1,,
7849507,NANOMETER ACQUIRECO LLC,,2026-09-24,A,A,PRIVATE PROPERTY,57-10 49TH PLACE,MASPETH,NY,11378,7788469211,tina.stewart@cooledgelighting.com,2,2,,
7845367,MECA LOGISTICS LLC,,2026-09-24,A,A,AUTHORIZED FOR HIRE,2312 JAHODI PL,HENRICO,VA,23231,7174069421,musa@mecalogisticsllc.com,1,1,,
7838926,CARTE BLANCHE HOLDINGS LLC,MUD & MUSCLE,2026-09-24,A,C,PRIVATE PROPERTY;AUTHORIZED FOR HIRE,251 PEBBLE CREEK RUN,NEW BRAUNFELS,TX,78130,2243009139,JUNK4NUN@GMAIL.COM,1,3,,
7824833,GRUPO ESCORPION LLC,090 GRUAS + TRANSPORTE,2026-09-24,A,C,AUTHORIZED FOR HIRE,URB VALENCIA 548 CALLE ASTORGA,SAN JUAN,PR,00923,9393046462,090GT@GRUPOESCORPION.NET,2,1,,
7822197,HANDLEBAR TRASH CO. LLC,,2026-09-24,A,C,AUTHORIZED FOR HIRE,805 BEESON COURT STE E,DODGE CITY,KS,67801-5920,6204302143,handlebartrashco@gmail.com,2,2,,
7820214,7EXPRESSMOVING LLC,,2026-09-24,A,C,AUTHORIZED FOR HIRE,2602 62ND AVE E APT B,FIFE,WA,98424,2067975254,contact@7expressmovingllc.com,1,1,,
7813954,EYAP EXPRESS 1984 LLC,,2026-09-24,A,A,AUTHORIZED FOR HIRE,4507 EAGLE CREEK PKWY APT 205,EAGLE CREEK,IN,46254,7183147875,eyapexpress1969@aol.com,1,3,,
7796285,STURDY ROOTS SERVICES LLC,,2026-09-24,A,A,AUTHORIZED FOR HIRE,162 BECKY DR,MERIDIANVILLE,AL,35759,9386662656,JTT099112@OUTLOOK.COM,1,1,,
7787855,WASTE PARTS DIRECT LLC,MACK LADUKE TRUCKING,2026-09-24,A,C,PRIVATE PROPERTY;AUTHORIZED FOR HIRE,1402 1ST STREET,OLTON,TX,79064,8068695470,mackladuke@wastepartsdirect.com,1,2,,
7782430,HORTON'S HAULING LLC,,2026-09-24,A,C,AUTHORIZED FOR HIRE,9807 MARSH HAVEN CT,MIDDLE RIVER,MD,21220-1767,4438944956,hh2020inc@gmail.com,1,1,,
7763679,EMBER ROADS GROUP LLC,,2026-09-24,A,C,AUTHORIZED FOR HIRE,635 SILVERDALE DR,CLAREMONT,CA,91711,9095266488,SANDY@EMBERROADSGROUP.COM,1,1,,
7745722,MZ TRUCKING LLC,,2026-09-24,A,A,AUTHORIZED FOR HIRE,203 S VAN KIRK ST,LATIMER,IA,50452,6413732747,marroquinoscar860@gmail.com,1,1,,
7721564,J LIVINGSTON AUTO-PA LLC,,2026-09-24,A,A,PRIVATE PROPERTY;AUTHORIZED FOR HIRE;EXEMPT FOR HIRE,37 S RIDGE ROAD,SHELOCTA,PA,15774,7247624095,john.livingston37@gmail.com,2,4,,
7719655,BMS TRANSPORTATION LLC,,2026-09-24,A,A,PRIVATE PROPERTY;AUTHORIZED FOR HIRE,3509 NEWBERRY RD,PHILADELPHIA,PA,19154,5714308065,BMSLOGISTICSLCL@GMAIL.COM,1,1,,
7712287,NORTHERN RIDGE CONTRACTING LLC,,2026-09-24,A,C,PRIVATE PROPERTY,5556 S OLD LYMAN LAKE RD,SOUTH RANGE,WI,54874,2185919295,NORTHERNRIDGEEXC@GMAIL.COM,2,2,,
7711252,IMPERIAL LIMO LLC,,2026-09-24,A,A,PRIVATE PROPERTY;AUTHORIZED FOR HIRE,20630 NORTHWEST FIRST COURT,MIAMI,FL,33169,3053409492,jrjglobal90@gmail.com,4,16,,
7687242,JAVIER TRUCKING LOGISTICS LLC,,2026-09-24,A,A,AUTHORIZED FOR HIRE,243 HAMILTON AVE APT 2,PATERSON,NJ,07501-1645,9738512957,BEBE122117@GMAIL.COM,1,1,,
7674621,VSM TRUCKLINES INC,,2026-09-24,A,A,AUTHORIZED FOR HIRE,10 PINE BROOK TERRACE APT 14,BRISTOL,CT,06010,2033924935,VSMTRUCKLINES01@GMAIL.COM,1,1,,
7658982,WEBER LOGISTICS LLC,,2026-09-24,A,C,PRIVATE PROPERTY;AUTHORIZED FOR HIRE,907 S 2ND ST,LILLINGTON,NC,27546,9106586270,clayclayweber@gmail.com,1,1,,
7652908,NM TRANSPORT & HAULING LLC,,2026-09-24,A,C,AUTHORIZED FOR HIRE,3780 SALIDA DEL SOL,BROWNSVILLE,TX,78521,9562801111,nmtransport.hauling@gmail.com,1,1,,
7637707,EL TRINQUETE HAULING LLC,,2026-09-24,A,C,AUTHORIZED FOR HIRE,1220 LEAR STREET APT F,HOUSTON,TX,77015,9045369410,YOSUELHERNANDEZ319@GMAIL.COM,2,1,,
7595783,MECA ONE LLC,,2026-09-24,A,A,AUTHORIZED FOR HIRE,78 LANZA AVE FL 1,GARFIELD,NJ,07026,2018145111,MECAONELLC@HOTMAIL.COM,4,2,,
7576750,PERFORMANCE LOGISTICS L.L.C,,2026-09-24,A,A,AUTHORIZED FOR HIRE,2545 JEFFERSON ST,LONG BEACH,CA,90810,3105652572,performancelogistics310@gmail.com,6,4,,2026-09-24
7567411,V TRANSPORT LLC,,2026-09-24,A,A,AUTHORIZED FOR HIRE,17601 N. SARDIS RD.,MABELVALE,AR,72103,9563930382,V.TRANSPORT00@GMAIO.COM,1,1,,
7554413,DAY STAR TRANSPORT LLC,,2026-09-24,A,A,AUTHORIZED FOR HIRE,626 MARYS GROVE CHURCH RD,KINGS MOUNTAIN,NC,28086,7046929071,CHADBELL60@GMAIL.COM,1,1,,
7533536,D J DREAMS INC,,2026-09-24,A,A,AUTHORIZED FOR HIRE,2654 N ANDREWS AVE STE,WILTON MANORS,FL,33311,1772275975,INFO@PHITALLC.COM,1,1,,
7532127,"TERRAIN JH, LLC",,2026-09-24,A,A,PRIVATE PROPERTY,1675 MARTIN LANE,JACKSON,WY,83001,3072186153,BILLING@TERRAINJH.COM,3,4,,
7523440,D&N JONES TRUCKING LLC,,2026-09-24,A,C,AUTHORIZED FOR HIRE,1405 VILLA STREET,RACINE,WI,53403,2622215060,JONESDERRICK262@YAHOO.COM,1,4,,
7512701,"BRANDYWINE NURSERIES, INC.",,2026-09-24,A,A,PRIVATE PROPERTY,4 JAMES CT,WILMINGTON,DE,19801-5250,3024290865,BRIENJR@BRANDYWINENURSERIES.COM,6,17,,
7505585,DOUBLE DIAMOND ACRES LIMITED,DOUBLE DIAMOND ACRES,2026-09-24,A,A,PRIVATE PROPERTY,2024 SPINKS DRIVE,KINGSVILLE,ON,N9Y 2E5,5193261000,CRAIGK@DOUBLEDIAMOND.COM,2,2,,
7501494,BM PREMIER TRANSPORT LLC,,2026-09-24,A,A,AUTHORIZED FOR HIRE,100 LAWN AVE APT 1,PAWTUCKET,RI,02860,4017873131,BRIANNAD@BMPREMIERTRANSPORT.COM,1,1,,
7499354,MARY DENE TRUCKING LLC,,2026-09-24,A,A,AUTHORIZED FOR HIRE,116 AGNES RD STE 200,KNOXVILLE,TN,37919,9017055401,MARYDENETRUCKING@YAHOO.COM,1,1,,
7499034,WYLIE THE GOAT TRANSPORT LLC,,2026-09-24,A,A,AUTHORIZED FOR HIRE,185 FOXTRAIL RD,PICAYUNE,MS,39466,5047826927,troytogw@yahoo.com,1,1,,
7472752,SAVAGELAND LLC,,2026-09-24,A,C,AUTHORIZED FOR HIRE,5 BARRINGTON CT,POOLER,GA,31322,9124848175,SAVAGELANDLLC7@YAHOO.COM,1,1,,
7453778,AMA RECOVERY & LOGISTICS LLC,,2026-09-24,A,C,AUTHORIZED FOR HIRE,17218 117TH AVE E,PUYALLUP,WA,98374,2069229534,zakabdullah84@gmail.com,1,1,,
7453038,ANYTHING GOES TRANSPORT LLC,,2026-09-24,A,A,AUTHORIZED FOR HIRE,101 RAINBOW DR,LIVINGSTON,TX,77399,7609747909,ANYTHINGGOESTRANSPORT@GMAIL.COM,1,1,,
7443373,STEVE JAYZ AUTOMOTIVE INC,,2026-09-24,A,C,AUTHORIZED FOR HIRE,1600 STILLWELL AVENUE,BRONX,NY,10461,3472938793,STEVEJAYZAUTO@GMAIL.COM,2,1,,
7429596,E. HUNT TRANSPORT LLC,,2026-09-24,A,A,AUTHORIZED FOR HIRE,760 LEXIMGTON AVE.,XENIA,OH,45385,3809998829,E.HUNTTRANSPORTLLC@GMAIL.COM,2,2,,
7429502,VEGGIESFRESH PRODUCE LLC,,2026-09-24,A,A,PRIVATE PROPERTY,6563 FRIETCHIE ROW,COLUMBIA,MD,21045,2404449745,VEGGIESFRESH21@GMAIL.COM,1,3,,
7421857,ASAP LLC,,2026-09-24,A,A,AUTHORIZED FOR HIRE,14481 GOVERNORS GROVE,UPPER MARLBORO,MD,20772,2403388747,LOLISSA.PHILSON18@GMAIL.COM,1,4,,
7420222,ENZO XPRESS FL LLC,,2026-09-24,A,C,AUTHORIZED FOR HIRE,12515 W RANDALL PARK DR,MIAMI,FL,33167,9542534055,ENZOXPRESS2025@GMAIL.COM,2,1,,
7418363,CATTLE CARTEL,,2026-09-24,A,A,AUTHORIZED FOR HIRE;EXEMPT FOR HIRE,20320 MELLARD RD,LUCAS,KS,67648,7853241019,mindy@thecattlecartel.com,10,6,,2026-09-24
7401071,DNO LLC,,2026-09-24,A,C,AUTHORIZED FOR HIRE,7113 VICTORIA AVE,HIGHLAND,CA,92346,9096876118,DNOTRUCKINGLLC@GMAIL.COM,1,1,,
7399609,DENALI CONSTRUCTION LLC,,2026-09-24,A,A,PRIVATE PROPERTY,6326 SALAMANDER RUN LANE,CHARLOTTE,NC,28215-5084,9803312574,ADAM@DENALICONSTRUCTION.ORG,8,8,,
7395820,SIMS LOGISTICS,,2026-09-24,A,C,PRIVATE PROPERTY;AUTHORIZED FOR HIRE,6871 HATCHERY RD,WATERFORD,MI,48327,7022667332,SIMSTATTOOS@GMAIL.COM,1,4,,
7380427,MONIKA SHAMAYNE SEMIEN,,2026-09-24,A,C,,4002 CORDER STREET APT 59,HOUSTON,TX,77021,3469005985,monikasemien4@gmail.com,0,,,
7364416,JACOB DAY BARRETT,,2026-09-24,A,A,PRIVATE PROPERTY,15155 E 1700TH RD,CHRISMAN,IL,61924,2178225889,JAKEBARRETT863@GMAIL.COM,1,2,,
7350807,"APEX PAVING & CONTRACTING, LLC",,2026-09-24,A,A,PRIVATE PROPERTY,218 MONTEREY RD,FRANKLIN,KY,42134,2703922143,jcook@apex-pavingco.com,4,2,,
7336865,NORTHWEST MARINE HANGAR,,2026-09-24,A,C,,6116 ELK LAKE RD,WILLIAMSBURG,MI,49690,2318834755,NORTHWESTMARINEHANGAR@OUTLOOK.COM,0,,,
7330641,PURCHASE SECURED ABSTRACT SERVICES LLC,,2026-09-24,A,A,AUTHORIZED FOR HIRE,900 PUSEY ST,CHESTER,PA,19013,6107172848,purchasesecuredabstractservicesllc@hotmail.com,1,1,,
7326280,"TOWN AND COUNTRY MAINTENANCE, LLC",,2026-09-24,A,C,PRIVATE PROPERTY,2 PARK LAWN DRIVE,BETHEL,CT,06801,2037443782,MICHELLE@BERKSHIRECORPORATEPARK.COM,7,8,,
7324027,BIG BEE TRUCKING & SERVICES LLC,,2026-09-24,A,C,AUTHORIZED FOR HIRE,12837 TIERRA PUEBLO,EL PASO,TX,79938,9155264692,MANUELDEJESUSCRUZGOMEZ90@GMAIL.COM,1,1,,
7316534,"BRANT GAINS, LLC",,2026-09-24,A,C,,1601-1 N MAIN ST #3159 SMB#117985,JACKSONVILLE,FL,32206,9177968097,jtsou@brantgains.com,0,,,
7312849,INSTAFORWARD GROUP LLC,,2026-09-24,A,A,AUTHORIZED FOR HIRE,488 EAST 70TH ST,SHREVEPORT,LA,71106,3184578052,tiamahoney@ymail.com,1,1,,2026-09-25
7304205,JOSE CARDENAS CORP,,2026-09-24,A,C,PRIVATE PROPERTY,30B PONQUOGUE AVE,HAMPTON BAYS,NY,11946,6319032868,JOSELUIS2405@LIVE.COM,1,1,,
7299383,503 DELIVERY SYSTEM LLC,,2026-09-24,A,A,AUTHORIZED FOR HIRE,3001 MICHAEL RD,MOUNT AIRY,MD,21771-8921,5164692042,ELBOMBA83@GMAIL.COM,1,1,,
7292651,JUN TOWING LLC,,2026-09-24,A,C,AUTHORIZED FOR HIRE,4609 RED LION PLACE,LAWRENCEVILLE,GA,30044,3347075352,bubble7437@naver.com,1,1,,
7282908,VELOX LOGISTICS LLC,,2026-09-24,A,A,AUTHORIZED FOR HIRE,4244 BALL RD NE,BLAINE,MN,55014,6513911464,info@velox-logistic.com,1,4,,
7282830,TOJO ENTERPRISES LLC,,2026-09-24,A,C,AUTHORIZED FOR HIRE,8950 HIGHPOINT RD,VILLA RICA,GA,30180-3450,6788733373,TJONES8950@OUTLOOK.COM,1,1,,
7282656,EL CONDOR HB SERVICES LLC,,2026-09-24,A,A,AUTHORIZED FOR HIRE,978 CARL-BETHLEHEM RD,WINDER,GA,30680,7708957452,jorgehernandezbuitrago@outlook.com,1,1,,
7263639,PALMERA VENTURES LLC,,2026-09-24,A,C,PRIVATE PROPERTY,1410 TURIN LN,LOS ANGELES,CA,90047-5370,2762201456,MARK@DESIGNITSTAGING.COM,1,3,,
7262159,NS LIMO SERVICE LLC,,2026-09-24,P,C,"PRIVATE PROPERTY;PRIVATE PASSENGER, BUSINESS;PRIVATE PASSENGER, NON-BUSINESS;STATE GOVERNMENT",1510 131ST CT W,ROSEMOUNT,MN,55068,3202238146,nure8146@gmail.com,2,2,,
7258571,DIAMOND J BAR RANCH LLC,,2026-09-24,A,A,PRIVATE PROPERTY,132 W 2ND ST,PLENTYWOOD,MT,59254,4067657616,JOE.JUVE80@GMAIL.COM,1,8,,
7248140,ELITE ONE TRUCKING LLC,,2026-09-24,A,C,AUTHORIZED FOR HIRE,325 GRASSY WAY,ELM MOTT,TX,76640-3751,6196130761,ELITEONETRUCKING01@GMAIL.COM,1,1,,
7235179,JPFANG LLC,,2026-09-24,A,C,AUTHORIZED FOR HIRE,9608 SUNFLOWER ST,RANCHO CUCAMONGA,CA,91737,6266366605,FANGJINPING511@GMAIL.COM,1,1,,
7208998,"SIMMONS ELITE TRANSPORT, LLC",,2026-09-24,A,C,AUTHORIZED FOR HIRE,319 WINDING TRAIL LANE,SUMMERVILLE,SC,29486,8438340249,GROLASIMMONS@GMAIL.COM,4,4,,
7203746,ROAD JACKALS CONTAINERS LLC,,2026-09-24,A,C,AUTHORIZED FOR HIRE,13503 NORTH THORNTREE DR APT 177,HOUSTON,TX,77015,9732946853,ROADJACKALS1903@GMAIL.COM,1,1,,
7202205,HOGAN CONSTRUCTION LLC,HOGAN CONSTRUCTION,2026-09-24,A,C,PRIVATE PROPERTY,12555 KELLER AVE N,HUGO,MN,55038,6513365625,DENNYHOGAN80@GMAIL.COM,2,4,,
7198992,RISING STAR CONSTRUCTION GROUP LLC,,2026-09-24,A,C,PRIVATE PROPERTY,15 PEYSTER ST APT 1,ALBANY,NY,12208,5187768982,CBERMEJO@LIVEWELLGROUP.COM,2,1,,
7196071,BRANSMITH LLC,,2026-09-24,A,A,AUTHORIZED FOR HIRE,5453 BRITAN DR,ORLANDO,FL,32808,3216668998,BRANSMITHCOMPANY@GMAIL.COM,1,1,,
7195831,"KETTERING SNF HEALTHCARE, LLC",KETTERING HEIGHTS POST ACUTE,2026-09-24,A,C,"PRIVATE PASSENGER, BUSINESS;PRIVATE PASSENGER, NON-BUSINESS;AUTHORIZED FOR HIRE",3313 WILMINGTON PIKE,KETTERING,OH,45429-4023,9379493550,JESSICA.ALEMAN@PACS.COM,1,1,,
7193723,LVG SOLUTIONS LLC,,2026-09-24,A,C,AUTHORIZED FOR HIRE,811 FOLEY ST,POPLAR BLUFF,MO,63901,5737274196,gilhamlogan@gmail.com,1,4,,
7189641,DYLAN THOMAS ROUS,,2026-09-24,A,A,PRIVATE PROPERTY,30851 419TH AVE,TYNDALL,SD,57066,6054644589,drous2000@gmail.com,2,2,,2026-09-25
7184944,MOTION UNITED ASSETS LLC,,2026-09-24,A,A,AUTHORIZED FOR HIRE,9637 LIBERTY ROAD SUITE G,RANDALLSTOWN,MD,21133,4434130468,HELLO@MOTIONUNITED.INFO,1,1,,
7183742,MOCHI ENTERPRISE,,2026-09-24,A,C,AUTHORIZED FOR HIRE,1014 LAS FLORES COURT,GRAND PRAIRIE,TX,75052,4693235102,AYDEEGS1@GMAIL.COM,2,1,,
7154178,BRIDGEWAY CARE SERVICES LLC,HELPING HANDS TRANSPORTATION,2026-09-24,A,C,AUTHORIZED FOR HIRE,3808 JASON DRIVE,ARLINGTON,TX,76016,4698839898,ADDISON.SARAH81@GMAIL.COM,1,1,,
7139022,DSB CARRIERS LLC,,2026-09-24,A,A,AUTHORIZED FOR HIRE,6455 N BROAD ST APT 105,PHILADELPHIA,PA,19126-3623,2675212108,BSBCARRIERSLLC@GMAIL.COM,1,1,,
7132750,"SOME MOVING COMPANY, LLC",,2026-09-24,A,C,AUTHORIZED FOR HIRE,2263 PRENTISS AVENUE,NEW ORLEANS,LA,70122,5044222814,spendletondocuments@gmail.com,2,4,,
7124699,GLOBAL GROUP LLC,GLOBAL GROUPS LLC,2026-09-24,A,A,AUTHORIZED FOR HIRE,10011 MAYWINE CIRCLE,HUNTERSVILLE,NC,28078,7022029905,GLOBALGROUPFREIGHT@GMAIL.COM,2,4,,
7115317,"CHALLENGER TOWING & TRANSPORT, LLC",,2026-09-24,A,C,AUTHORIZED FOR HIRE,4049 BURNELL CIR W,COLUMBUS,OH,43224,3802419712,DJONNYRENOUS30@GMAIL.COM,1,1,,
7106151,DNZ LOGISTICS LLC,,2026-09-24,A,A,PRIVATE PROPERTY;AUTHORIZED FOR HIRE,2509 TROLLINGER DR,CATAWBA,NC,28609,3045168904,dnzlogisticsco@gmail.com,1,4,,
7095966,INTERSTATE LOADS LLC,,2026-09-24,A,A,AUTHORIZED FOR HIRE,6279 ODUM CIR NW,COVINGTON,GA,30014,4702658178,KEENANS585@GMAIL.COM,1,1,,
7089610,BELLO TRANSPORT LLC,,2026-09-24,A,C,AUTHORIZED FOR HIRE,1000 E ASH LN APT 1020,EULESS,TX,76039,2147018932,BELLOALGENIS845@GMAIL.COM,2,1,,
7079262,"BTZS RAYMER FARMS, LLC",,2026-09-24,A,C,PRIVATE PROPERTY,88475 472ND AVE,STUART,NE,68780-5548,9833080670,BJRAYMER84@GMAIL.COM,1,1,,
7071518,PAH CONSTRUCTION LLC,PAH TRUCKING,2026-09-24,A,A,PRIVATE PROPERTY,822 SLIPSLIDEINGA WAY,BONNERS FERRY,ID,83805,2085970815,PAWHARPER@GMAIL.COM,1,1,,
7060166,NEW SOUTH EXCAVATING LLC,,2026-09-24,A,C,PRIVATE PROPERTY,1540 SID HAYES RD,JAY,FL,32565,8505169099,DEVIN@DOWNEYCOMPANIES.COM,2,1,,
7024683,TIGER TOWING AND TRANSPORT LLC,,2026-09-24,A,C,AUTHORIZED FOR HIRE,14262 PLUMAS CT,FONTANA,CA,92336,9096476297,tigertowing24@gmail.com,1,1,,
7001448,MIAMI SOLUTIONS GROUP LLC,,2026-09-24,A,A,PRIVATE PROPERTY;AUTHORIZED FOR HIRE,8520 SW 27TH STREET,MIAMI,FL,33155,7862128767,miamisolutionsgroupllc1@gmail.com,1,4,,
6986511,U FURNITURE DIRECT INC,,2026-09-24,A,A,PRIVATE PROPERTY,6101 N HOLLYWOOD BLVD STE 135,LAS VEGAS,NV,89115,7024625331,jabernal1969@gmail.com,1,1,,
6982240,"GP WRIGHT CONSTRUCTION COMPANY, LLC",,2026-09-24,A,A,AUTHORIZED FOR HIRE,171 HCR 1207,WHITNEY,TX,76692,2544179969,GPWRIGHTCONSTRUCTIONLLC@GMAIL.COM,5,12,,
6978172,ALP LOGISTICS LLC,,2026-09-24,A,A,AUTHORIZED FOR HIRE,74 W BROAD STREET 4TH FLOOR,BETHLEHEM,PA,18018,9732745723,mariyam@alplogistics.net,1,1,,2026-09-24
6975810,ALEMAN MEDINA TRUCKING LLC,,2026-09-24,A,A,AUTHORIZED FOR HIRE,8803 VAN BUREN ST NE,BLAINE,MN,55434,6518006041,IRALEMAN1982@GMAIL.COM,2,1,,
6959827,SENTELL'S TRUCKING LLC,,2026-09-24,A,C,AUTHORIZED FOR HIRE,1344 WALNUT ST,JACKSON,LA,70748,2252343499,EXPANDINGBYTHEDAY.AH@GMAIL.COM,1,1,,
6957380,FAVOR FRAZIER TRUCKING,,2026-09-24,A,A,AUTHORIZED FOR HIRE,4646 LAWN AVE,KANSAS CITY,MO,64130,8166027055,FAVORFRAZIERTRUCKING@FAVORFRAZIER.MICROSOFT.COM,5,4,,
6941006,SMART PLUMBING,,2026-09-24,A,A,PRIVATE PROPERTY,2735 MONACA DR 2011 EAST PINE LOOP CONWAY SC 29569,LONGS,SC,29568,8542180635,CARLOSMICHAE@OUTLOOK.COM,1,2,,
6938219,PARV LOGISTICS INC,,2026-09-24,A,A,AUTHORIZED FOR HIRE,23837 43RD AVE S,KENT,WA,98032-2856,2069661006,parvlogistics9@gmail.com,1,1,,
6937278,24X LOGISTICS LLC,,2026-09-24,A,A,AUTHORIZED FOR HIRE,1812 ATHENS DR,LOVELAND,OH,45140,5139993330,ADMIN@24XLOGISTICS.COM,1,1,,2026-09-24
6930897,FAST LOGISTICS CARRIER LLC,,2026-09-24,A,A,AUTHORIZED FOR HIRE,7100 SAN BERNARDO STE 103,LAREDO,TX,78041,9566938004,fastlogcar26@gmail.com,1,1,,
6929512,SOL STELLAR LLC,,2026-09-24,A,C,AUTHORIZED FOR HIRE,1655 W RIALTO AVE APT 38,RIALTO,CA,92376,9096423540,sol.stellar@yahoo.com,1,1,,
6926326,VICTOR ALBERTO ARMIJO VALLEJO,ONE DIAMOND LOGISTICS,2026-09-24,A,C,PRIVATE PROPERTY,13214 MARKDALE AVE,NORWALK,CA,90650,5625472792,VICTORARMIJONETMAIL@GMAIL.COM,1,1,,
6885849,ELITE TRUCK LLC,,2026-09-24,A,C,PRIVATE PROPERTY,5357 VALLEY RD,LOS ANGELES,CA,90032,3235297961,janet.elitetruck@gmail.com,1,1,,
6860669,AVILA'S TRANSPORT LLC,,2026-09-24,A,C,AUTHORIZED FOR HIRE,6403 SIERRA BLANCA DR,HOUSTON,TX,77083,3462131623,AVILASTRANSPORT2023@GMAIL.COM,1,1,,
6839186,TIM JOHN BURDITT,TIM BURDITT FARMS,2026-09-24,A,C,PRIVATE PROPERTY,6984 REDMAN RD,WILLIAMSON,NY,14589,3159457961,TBURDITT2@YAHOO.COM,2,1,,
6839057,BIG 50 FREIGHT LLC,,2026-09-24,A,A,AUTHORIZED FOR HIRE,1275 AUSTIN RD,TUNICA,MS,38676,9016723642,reginald092301@gmail.com,1,1,,
6834459,HARRISON ENTERPRISES CO.,,2026-09-24,A,C,AUTHORIZED FOR HIRE,146 CATFISH CIR,GYPSUM,CO,81637-7308,9703936284,harrisonentco@outlook.com,2,1,,
6830480,JASON ERIC WHITTEN,J WHITTEN FOUNDATIONS,2026-09-24,A,C,AUTHORIZED FOR HIRE,18 WINCHESTER,PORTER,ME,04068,2072298556,WHITTENCONCRETE33@YAHOO.COM,1,2,,
6826558,GETTIN IT DUNN TRUCKING & HAULING,,2026-09-24,A,C,AUTHORIZED FOR HIRE,316 RED MOUTAIN LN,KNIGHTDALE,NC,27545,9194928161,DAVONDUNN6@GMAIL.COM,1,2,,
6818352,B & K HAULING SOLUTIONS LLC,,2026-09-24,A,A,AUTHORIZED FOR HIRE,6000 TASSLE CT,WILMINGTON,NC,28411,7049107092,bkhaulsolutions@gmail.com,1,4,,
6816833,SOUTHAMPTON FUEL LLC,,2026-09-24,A,C,PRIVATE PROPERTY,62 J T BLVD,RIVERHEAD,NY,11901-4810,9832484971,southampton_fuel@outlook.com,1,1,,
6809803,HIGH CONTRAST LLC,,2026-09-24,A,C,,2266 24TH STREET 1,ASTORIA,NY,11105,9175595915,accounting@exphc.com,0,,,
6808169,ULRICH INDUSTRIES INC.,BILLS SERVICE CENTER,2026-09-24,A,A,PRIVATE PROPERTY,213600 STATE HWY 97 PO BOX 122,STRATFORD,WI,54484,7156873128,INFO@BILLSSERVICECENTER.COM,2,6,,
6801861,ODY TRANSPORTATION LLC,,2026-09-24,A,A,AUTHORIZED FOR HIRE,11718 BERKWAY TRL,HOUSTON,TX,77065,9293952181,ODYTRANSPORTLLCTX@GMAIL.COM,1,1,,
6782620,"MERIDIAN UTILITY SERVICES, LLC",,2026-09-24,A,A,PRIVATE PROPERTY,12116 GRANDVIEW ROAD,GRANDVIEW,MO,64030,4806819000,RSCHWEITZER@QUANTASERVICES.COM,75,80,,
6777252,HAULING AROUND LLC,,2026-09-24,A,C,AUTHORIZED FOR HIRE,5506 CHANDLER CT,DENVER,CO,80239,7202784358,haulingaroundllc@gmail.com,1,4,,
6766940,J P TRUCKING LOGISTICS LLC,,2026-09-24,A,A,AUTHORIZED FOR HIRE,1412 11TH STREET,SILVIS,IL,61282,8576543979,jptrackinglogistics7@gmail.com,1,1,,
6762706,"DESERT EQUIPMENT TRANSPORT, INC",,2026-09-24,A,A,PRIVATE PROPERTY,156 E MOHAVE ST,PHOENIX,AZ,85004,6024373981,DESERTEQUIPMENT157@GMAIL.COM,2,2,,
6744684,STELLAR LOGISTICS CORPORATION,,2026-09-24,A,A,AUTHORIZED FOR HIRE,9918 AVENUE J,BROOKLYN,NY,11236-4016,3479482114,laryg48@yahoo.com,2,4,,
6735748,PREMIER DESIGN BUILDERS INC,,2026-09-24,A,C,PRIVATE PROPERTY;AUTHORIZED FOR HIRE,4812 DELAND AVE,PICO RIVERA,CA,90660,3235561571,PREMIERDESIGNBUILDERSINC@GMAIL.COM,1,1,,
6732543,LORI LLC,LOADEX.US,2026-09-24,A,C,,"6640 WOODLEY AVE, APT. 214",VAN NUYS,CA,91406,2244642087,support@loadex.us,0,,,
6710929,SUITE WHEELS RV INSPECTIONS AND SERVICES CORP,SUITE WHEELS RV,2026-09-24,A,A,PRIVATE PROPERTY,5620 PARKVIEW CIRCLE SE,PRIOR LAKE,MN,55372,9525925852,SUITEWHEELS@GMAIL.COM,1,1,,
6710007,YL LOGISTICS LLC,,2026-09-24,A,A,AUTHORIZED FOR HIRE,8500 N WINFIELD AVE.,KANSAS CITY,MO,64153,8166944391,lemisori@gmail.com,1,1,,
6698365,WAYNE H CONOVER JR,,2026-09-24,A,C,AUTHORIZED FOR HIRE,289 COUNTY ROUTE 68,SARATOGA SPRINGS,NY,12866,5185889330,WCONOVERJR@HOTMAIL.COM,3,2,,
6688067,ABC ROADSIDE TOWING LLC,,2026-09-24,A,A,PRIVATE PROPERTY;AUTHORIZED FOR HIRE,32901 N MILWAUKEE AVE,LIBERTYVILLE,IL,60048,8476309000,VARELDZHYAN@GMAIL.COM,2,3,,
6675823,INTERMODAL TANK TRANSPORT USA INC,,2026-09-24,A,C,,"10720 WEST SAM HOUSTON PARKWAY N, SUITE 250",HOUSTON,TX,77064,7138880501,EGIANGREGORIO@INTERMODALTANK.COM,0,,,
6674454,ROBERTS BAY CUSTOM HOMES INC,,2026-09-24,A,C,PRIVATE PROPERTY,3271 17TH AVE SW,NAPLES,FL,34117,2398254424,robertsbayhayden@comcast.net,3,2,,
6650303,SEALCOATING AND STRIPING SOLUTIONS LLC,,2026-09-24,A,C,PRIVATE PROPERTY,1200 ARCH ST,NORRISTOWN,PA,19401,4842132958,STRIPINGSOLUTIONS@ICLOUD.COM,2,2,,
6645982,GOTTA STAY FOCUSED HAULING LLC,,2026-09-24,A,C,AUTHORIZED FOR HIRE,17 JUNIPER LOOP CT,OCALA,FL,34480,3524459617,INFO.GSFHAULING@GMAIL.COM,1,2,,
6639848,RSR TRUCKING LLC,,2026-09-24,A,A,AUTHORIZED FOR HIRE,338 REGATTA POINT,SCHAUMBURG,IL,60194,6302010359,RSRTRUCKINLLC@GMAIL.COM,1,1,,
6621505,R&R EXPRESS FREIGHT LLC,,2026-09-24,A,A,AUTHORIZED FOR HIRE,3640 N ARROWHEAD AVE,SAN BERNARDINO,CA,92405,9098097998,joserrlogistics@gmail.com,1,1,,
6619169,INTERLAGOS IMPORTS LLC,,2026-09-24,A,A,PRIVATE PROPERTY;AUTHORIZED FOR HIRE,53 WOODLAWN STREET,WEST HARTFORD,CT,06110,8607784308,JESSICANOGU488@GMAIL.COM,1,4,,
6583451,CLEANWHEY TRANSPORT LLC,,2026-09-24,A,C,AUTHORIZED FOR HIRE,435 CASTANO AVE,PASADENA,CA,91107,3237915133,edhorton321@yahoo.com,1,1,,
6567250,JOY FREIGHT CARRIERS LLC,,2026-09-24,A,A,AUTHORIZED FOR HIRE,6401 TAMMY COURT,WATAUGA,TX,76148,8176371334,la0star5913@gmail.com,2,4,,2026-09-25
6565294,CONDON AG SERVICES,,2026-09-24,A,C,PRIVATE PROPERTY;AUTHORIZED FOR HIRE,1748 EASTER AVE,BARNUM,IA,50518,5155423400,stcondon87@gmail.com,1,1,,2026-09-25
6562536,SLP MOORE LOGISTICS L.L.C.,,2026-09-24,A,A,AUTHORIZED FOR HIRE,2904 E 13TH ST,AUSTIN,TX,78702-2420,8325994481,moorelarone@gmail.com,1,1,,
6561728,NOBLUFF LOGISTICS LLC,,2026-09-24,A,A,AUTHORIZED FOR HIRE,6709 RAYMOND RD SUITE 250,MADISON,WI,53719,2245654382,jeremyedwards001@gmail.com,3,3,,
6550842,TNA RENTALS LLC,SHOW-ME AUTO BROKERS,2026-09-24,A,A,PRIVATE PROPERTY;AUTHORIZED FOR HIRE,1809 VANDIVER DR STE 111,COLUMBIA,MO,65202,5732192397,SHOWMEAUTOBROKERS2@GMAIL.COM,0,4,,
6545492,"PRECISION ELECTRONIC GLASS, INC",,2026-09-24,A,C,PRIVATE PROPERTY,1013 HENDEE RD,VINELAND,NJ,08360,8566912234,HR@PEGGLASS.COM,2,4,,
6532164,"MSV LAWN & LANDSCAPE, LLC",,2026-09-24,A,C,PRIVATE PROPERTY,101 MORGNEC ROAD F304,CHESTERTOWN,MD,21620,4434807752,msvlandscaping1@gmail.com,1,1,,
6518347,ETM TRANSPORT LLC,,2026-09-24,A,A,AUTHORIZED FOR HIRE,5245 MARLOWE CT APT#B,COLUMBUS,OH,43228,3802777892,etmload@gmail.com,1,1,,
6515269,R&S PALLETS AND SCRAP LLC,,2026-09-24,A,C,PRIVATE PROPERTY,2221 WYOMING AVENUE SOUTHWEST,WYOMING,MI,49519,6166346982,RSPALLETSSCRAP25@GMAIL.COM,1,2,,
6500202,BLUE RIVER TRUCKING LLC,,2026-09-24,I,C,AUTHORIZED FOR HIRE,5322 NORTHEAST 36TH STREET SAME AS 1,KANSAS CITY,MO,64117,8167257963,abdiqafar23s@gmail.com,2,2,,
6495888,STEEL HEAD LLC,,2026-09-24,A,C,PRIVATE PROPERTY;AUTHORIZED FOR HIRE,5907 88TH ST NE,MARYSVILLE,WA,98270,4253271398,AP.STEELHEAD@ICLOUD.COM,2,2,,
6473393,BROERING CONTRACTING SERVICES LLC,,2026-09-24,A,A,PRIVATE PROPERTY,1111 RIVER RD,BUTLER,KY,41006,8594869474,BROERINGCONTRACTING@GMAIL.COM,3,5,,
6466326,BEAR RIVER CONCRETE LLC,,2026-09-24,A,A,PRIVATE PROPERTY,236 S 9TH ST,MONTPELIER,ID,83254-1322,2088475322,bearriverconcrete@gmail.com,1,1,,
6443321,UN RINCONCITO DE NICARAGUA,,2026-09-24,A,A,PRIVATE PROPERTY,2404 EAST RAYMOND ST,INDIANAPOLIS,IN,46203-4557,7542073004,RINCONCITO.NIC@RINCONCITODENICARAGUA.COM,3,2,,
6438410,GALA OR TRANSPORT LLC,,2026-09-24,A,C,AUTHORIZED FOR HIRE,3300 MAIN ST APT 903,HOUSTON,TX,77002,3464258805,GALAORTRANSPORTLLC@GMAIL.COM,1,1,,
6428051,ROADBIRD TOWING AND RECOVERY LLC,,2026-09-24,A,C,AUTHORIZED FOR HIRE,17 CHERRY STREET,WILLOW GROVE,PA,19090-3409,2674764814,roadbirdtow@outlook.com,1,2,,
6419656,CARSON MORTIMER,C3 CONTRACTING CONSTRUCTION,2026-09-24,A,C,PRIVATE PROPERTY,10920 BLANCHARD RD,ATASCOSA,TX,78002-3921,8302338978,C3GENERALCONTRACTORS@GMAIL.COM,1,1,,
6417915,SAZ TRANSPORTATION INC,,2026-09-24,A,A,AUTHORIZED FOR HIRE,668 PINECREST DR APT 203,PROSPECT HEIGHTS,IL,60070,8477570949,DISPATCH.SAZTRANSPORT@GMAIL.COM,3,3,,
6399693,IBARRA HAULERS LLC,,2026-09-24,A,C,AUTHORIZED FOR HIRE,3267 PETERSON DRIVE EAST,FORT WORTH,TX,76140,6824023288,JIBARRA7140@YAHOO.COM,10,5,,
6368821,"VICTOR'S STEEL FABRICATION, INC.",,2026-09-24,A,A,PRIVATE PROPERTY,3153 CUDAHY ST,HUNTINGTON PARK,CA,90255,3239791151,MIGGY94@HOTMAIL.COM,4,5,,
6356572,"AUTOMATION INDUSTRIAL GROUP, LLC","AUTOMATION IG, LLC",2026-09-24,A,A,PRIVATE PROPERTY,106 SPRING RD,CHATTANOOGA,TN,37405-2020,4238758862,info@automationig.com,2,4,,
6354898,TRIPLE RAYS,,2026-09-24,A,C,PRIVATE PROPERTY;AUTHORIZED FOR HIRE,33 FARMINGTON RD,HARRINGTON,DE,19952,3023842006,raywall80@icloud.com,1,1,,
6342207,"BEECHER MANUFACTURING SERVICES, LLC",,2026-09-24,A,C,PRIVATE PROPERTY,2857 COUNTY LINE RD,WATKINS GLEN,NY,14891-9615,6077960149,BRANDON.CARLISLE@WARDDIESEL.COM,2,4,,
6339978,2650873 ONTARIO LTD,ABAJ TRANSPORT,2026-09-24,A,A,AUTHORIZED FOR HIRE,2335 RED THORNE AVE,LONDON,ON,N6P 0E8,5196176006,KSAS6006@GMAIL.COM,1,1,,
6316448,FALCON TRANZ INC,,2026-09-24,A,A,AUTHORIZED FOR HIRE,1665 TIERRA BUENA DRIVE,SAN JOSE,CA,95121,6694556500,falcontranzinc@gmail.com,1,4,,
6315940,LAKESIDE MANAGEMENT INC.,DOUBLETREE BEMIDJI,2026-09-24,A,C,PRIVATE PROPERTY,13395 GRAY GULL NE,BEMIDJI,MN,56601,2184443099,ACCOUNTING@LAKESIDEMGT.COM,1,2,,
6311344,"CONCEPT SOLUTIONS GRP, LLC",CSG HOTSHOTS,2026-09-24,A,A,AUTHORIZED FOR HIRE,20807 WHITE HYACINTH DRIVE,CYPRESS,TX,77433,8322632886,info@csghotshots.com,2,4,,
6297019,"THE DENALI COMPANY, L.L.C.",,2026-09-24,A,A,PRIVATE PROPERTY,10 E JEFFERSON ST,YORK,SC,29745,7322197771,KLINDEMANN@DENALICO.COM,1,4,,
6276062,OMAD EXPRESS LLC,,2026-09-24,A,A,AUTHORIZED FOR HIRE,206 CLARKES RIDGE CT APT H,BEL AIR,MD,21015,7183627487,SAFETY.OMADEXPRESSLLC@GMAIL.COM,1,1,,
6271599,PALCEROS ELITE JVY TRANSPORTATION LLC,,2026-09-24,A,A,AUTHORIZED FOR HIRE,1029 CHRISTOPHER AVE APT B,ROUND ROCK,TX,78681,4322824080,casasjorge864@gmail.com,1,1,,
6265528,ONE OF A KIND LOGISTICS LLC,,2026-09-24,A,A,PRIVATE PROPERTY;AUTHORIZED FOR HIRE,332 EAST GLENDALE AVE 332 EAST GLENDALE AVE,MOUNT HOLLY,NC,28120,9806360014,1OFAKINDLOGISTICSLLC@GMAIL.COM,6,4,,
6261654,"GUNTRZ EXPRESS, LLC",,2026-09-24,A,A,PRIVATE PROPERTY;AUTHORIZED FOR HIRE,442 HANLEY ROAD,OCEAN SPRINGS,MS,39564,2282825903,GUNTRZEXPRESSLLC2026@YAHOO.COM,2,4,,
6257134,SHAWN ANTHONY PADENI,,2026-09-24,A,A,PRIVATE PROPERTY,20 FREIGHTHOUSE RD,CHARLTON,MA,01507-5468,7742307809,SP52076@GMAIL.COM,1,1,,
6250760,WHITEROCK LOGISTICS LLC,,2026-09-24,A,A,AUTHORIZED FOR HIRE,315 APACHE TRAIL,MURPHY,TX,75094,2148432240,whiterocklogistics@outlook.com,1,1,,
6211484,ABOVE AND BEYOND DELIVERY SERVICES LLC,,2026-09-24,A,A,AUTHORIZED FOR HIRE,8543 ARBOLEDA DR,EL PASO,TX,79907,9152567328,above.beyond.ds2026@gmail.com,2,2,,
6202956,ST JOSEPH TRUCKING,,2026-09-24,A,C,AUTHORIZED FOR HIRE,49671 HESTOR LANE,MACOMB,MI,48044,5867198846,stjosephtrucking@yahoo.com,1,4,,
6202643,BLA CARRIER INC,,2026-09-24,A,A,AUTHORIZED FOR HIRE,9754 N 500 W,MICHIGAN CITY,IN,46360,7086963473,BLACARRIERINC@GMAIL.COM,2,1,,
6198786,"FUTURE IMPORTS SACRAMENTO,LLC",FUTURE HONDA,2026-09-24,A,C,PRIVATE PROPERTY,6151 AUBURN BLVD,CITRUS HEIGHTS,CA,95621,9169696151,IMIRACLE@THEFUTUREHONDA.COM,4,2,,
6195875,AV CONTINENTAL LLC,,2026-09-24,A,A,"PRIVATE PASSENGER, BUSINESS;PRIVATE PASSENGER, NON-BUSINESS;AUTHORIZED FOR HIRE",9555 TAVENOR LN,HOUSTON,TX,77075,8322527341,avcontinental26@gmail.com,2,4,,
6192169,ALFA ONE FREIGHT INC,,2026-09-24,A,A,AUTHORIZED FOR HIRE,88 LUCILE ST,LAKELAND,FL,33815,8189663432,INFO@ALFAONEFREIGHT.COM,2,1,,
6184368,MAH TRANSPORT LLC,,2026-09-24,A,A,AUTHORIZED FOR HIRE,564 S 400 W,PAYSON,UT,84651,8013108578,MAHACOUSTICS78@GMAIL.COM,1,1,,
6177385,ESTEBAN MIGUEL PEREZ BERNABE,,2026-09-24,A,C,PRIVATE PROPERTY,4274 GLEN ST,RIVERSIDE,CA,92509,3232684695,FLORESBERMIG88@GMAIL.COM,2,1,,
6176475,CHUN LI LOGISTICS INC,,2026-09-24,A,A,AUTHORIZED FOR HIRE,846 W ALONDRA BLVD 3,GARDENA,CA,90247,4243816189,CHUNLILOGISTICSINC@GMAIL.COM,1,1,,
6154755,"WATERFRONT GROUP PLC, LLC",,2026-09-24,A,A,PRIVATE PROPERTY,19421 LIVERPOOL PARKWAY,CORNELIUS,NC,28031,6893924371,MGRAGG@WATERFRONTGRP.COM,1,1,,
6146572,RAPID J LOGISTICS LLC,,2026-09-24,A,A,AUTHORIZED FOR HIRE,3103 SAPP RD,PLANT CITY,FL,33566,8138360968,JAIME.NAULA@ICLOUD.COM,1,1,,
6124084,"ACHIEVED ENTERPRISES, LLC",,2026-09-24,A,A,AUTHORIZED FOR HIRE,3548 N HUNTINGTON AVE,ODESSA,TX,79764,4695438284,achieved.enterprises@gmail.com,2,1,,
6120334,BETTY BOOS TRUCKING LLC,,2026-09-24,A,A,AUTHORIZED FOR HIRE,7040 PREBLE DR,COLORADO SPRINGS,CO,80915,7192101072,DISPATCH@BBTFREIGHT.COM,1,1,,
6087952,EVERROCK LOGISTICS LLC,,2026-09-24,A,C,AUTHORIZED FOR HIRE,27906 SEGER BEND TRAIL,SPRING,TX,77386,2815168684,REGINEC@EVERROCKLOGISTICS.COM,2,10,,
6086191,BEYOND THE BIN LLC,,2026-09-24,A,C,PRIVATE PROPERTY;AUTHORIZED FOR HIRE,6045 CHESTNUT EAGLE DRIVE,ZIONSVILLE,IN,46077,5023861439,BRIAN.LARK@BEYONDTHEBINHAULERS.COM,1,1,,
6074887,DALE-SHINE TRUCKING LLC,,2026-09-24,A,C,AUTHORIZED FOR HIRE,13670 MINERAL WELL,SAN ANTONIO,TX,78253,2103479232,ALONSO.ADAN@YAHOO.COM,1,1,,
6066272,SV UZB FREIGHT INC,,2026-09-24,A,A,AUTHORIZED FOR HIRE,6871 AMES RD APT 711,PARMA,OH,44129,2676156255,svuzbfreightinc@gmail.com,1,1,,
6064972,"ALL YOU CAN HAUL, LLC",,2026-09-24,A,A,AUTHORIZED FOR HIRE,8005 REEDY BRANCH RD,CHESTERFIELD,VA,23838-5710,8044813237,CLARK_ASHLEYR@YAHOO.COM,1,1,,
6051561,GERARDO J NIEVES MERCADO,GATO TOWING,2026-09-24,A,C,PRIVATE PROPERTY;AUTHORIZED FOR HIRE,CARR 646 KM 0.6 BO PUGNADO ADENTRO SECTOR BARTOLO,VEGA BAJA,PR,00693,7876168250,GERARDONIEVESMERCADO@OUTLOOK.COM,2,1,,
6004565,BRMONE LOGISTICS LLC,,2026-09-24,A,A,AUTHORIZED FOR HIRE,4841 MONARCH DRIVE,MESQUITE,TX,75181,9726569229,help@brm-logistics.com,1,1,,
5963012,JORDAN'S SALES LLC,,2026-09-24,A,A,PRIVATE PROPERTY,33587 HIGHWAY 13,STRAWBERRY POINT,IA,52076,5636084705,JORDANSSALES@OUTLOOK.COM,2,4,,
5959549,GORDON COMPANIES INC,,2026-09-24,I,C,PRIVATE PROPERTY,85 INNSBRUCK DRIVE,CHEEKTOWAGA,NY,14227,7162063407,HR@CHRISTMASCENTRAL.COM,2,4,,
5932893,SECOND MILE TRUCKING,,2026-09-24,A,A,AUTHORIZED FOR HIRE,119 STURBRIDGE CV,MOOREVILLE,MS,38857,6623974863,TAYLOR@SECONDMILETRUCKING.COM,1,2,,
5910558,INTERSTATE FABRIC SALES INC.,,2026-09-24,A,C,PRIVATE PROPERTY,306 COMFORT DR,CONOVER,NC,28613,8284599700,MSMITH@INTERSTATEFOAM.COM,1,1,,
5909284,RAFAEL SANTIESTEBAN PASSOS,,2026-09-24,A,A,AUTHORIZED FOR HIRE,HORACIO GARZA GARZA 635,NUEVO LAREDO,TA,88136,528671488289,rafael_santiamerica12@hotmail.com,2,2,,
5900167,"LAUNCHPAD ACADEMY NY, LLC",160 DRIVING ACADEMY,2026-09-24,A,A,PRIVATE PROPERTY,5990 W TOUHY AVE,NILES,IL,60714,6305811995,LPCOMPLIANCE@160DRIVINGACADEMY.COM,16,6,,
5876809,AMERICAN METAL RECYCLING LLC,,2026-09-24,A,A,PRIVATE PROPERTY,2069 E. ROUNDBUNCH RD,BRIDGE CITY,TX,77611,4092994413,DANIEL@LASCRAPMETAL.COM,1,1,,
5865029,ERIC J DYSART,,2026-09-24,A,C,PRIVATE PROPERTY;AUTHORIZED FOR HIRE,14 MAIN RD S,HAMPDEN,ME,04444,2078625010,eric@landandseastorage.com,2,2,,
5860761,"LONGSHOT TOOLS,LLC",,2026-09-24,A,C,PRIVATE PROPERTY,484 HIGH BLUFF CT NE,MILLEDGEVILLE,GA,31061,4785505751,BDWESSON@YAHOO.COM,2,1,,
5858771,POWER TRANSPORTATION WB INC,,2026-09-24,A,A,AUTHORIZED FOR HIRE,48 ALEXANDER ST,WILKES BARRE,PA,18702,5702909710,cruzwillians707@gmail.com,2,1,,
5847060,NORTHEAST TRANSPORT INC,,2026-09-24,A,A,AUTHORIZED FOR HIRE,3550 COTTER RIM LN,DIAMOND BAR,CA,91765,6268862999,NETRUCKINGINFO@GMAIL.COM,2,2,,
5840842,J&J SMALL BACKHOE AND OUTDOOR SERVICES,,2026-09-24,A,C,AUTHORIZED FOR HIRE,5353 MARYVILLE RD,GRANITE CITY,IL,62040,6189725437,JJDODGEBOY70@AOL.COM,2,4,,
5836985,SIMMONS CONTRACTING L.L.C.,,2026-09-24,A,C,PRIVATE PROPERTY,815 BRUNERS CHAPEL ROAD,HARRODSBURG,KY,40330,5025987189,simmonscontracting22@gmail.com,2,2,,
5832477,A & Y FAST SERVICE CORP,,2026-09-24,A,C,AUTHORIZED FOR HIRE,101 NE 7TH PL,CAPE CORAL,FL,33909,7864191849,ALEJANDROMDRS50@GMAIL.COM,1,1,,
5832048,PRADO INSULATION CORP,,2026-09-24,A,A,PRIVATE PROPERTY,283 MARKET ST APT R,ROCKLAND,MA,02370,7742042409,pradosprayfoaminsulation@gmail.com,2,4,,
5817328,"A&R PAVERS AND LANDSCAPING, LLC",,2026-09-24,A,C,PRIVATE PROPERTY;AUTHORIZED FOR HIRE,33B MARCY ST,FREEHOLD,NJ,07728,2017793085,JHON202437@ICLOUD.COM,1,2,,
5816156,IRON SOUTH LLC,,2026-09-24,A,A,AUTHORIZED FOR HIRE,128 PHILLIPS HOLLOW RD,CHICKAMAUGA,GA,30707,6789493089,B.IRONSOUTH@GMAIL.COM,1,2,,
5800122,RENTERIA & SONS TRUCKING INC,,2026-09-24,A,C,AUTHORIZED FOR HIRE,741 WOODSIDE LN,ATWATER,CA,95301,2097656496,renteriaraudel7@gmail.com,1,1,,
5793162,BRIGHTON BUILDERS OF OHIO LLC,,2026-09-24,A,C,PRIVATE PROPERTY,1062 WILSHIRE CT,LONDON,OH,43140-8419,8656840314,BRIGHTONBUILDERSOFOHIO@GMAIL.COM,1,2,,
5792738,DEQA TRANSPORTATION LCC,,2026-09-24,A,C,"PRIVATE PASSENGER, BUSINESS;PRIVATE PASSENGER, NON-BUSINESS;AUTHORIZED FOR HIRE",113 TITUS ALLEY,SYRACUSE,NY,13208,3153838151,deeqaladan8282@gmail.com,1,1,,2026-09-26
5791657,HORNETS LOGISTICS LLC,,2026-09-24,A,A,AUTHORIZED FOR HIRE,13318 HAMPTON DALE,SHAVANO PARK,TX,78249,2109667714,HORNETS.LOGISTICSLLC@GMAIL.COM,2,1,,
5773844,MANAS CIRCLE TRANSPORT LLC,,2026-09-24,A,A,AUTHORIZED FOR HIRE,6100 LAURENT DR APT 810,PARMA,OH,44129,3057245426,MANASCIRCLE26@GMAIL.COM,1,1,,
5767339,SBN TRANSPORT INC,,2026-09-24,A,A,AUTHORIZED FOR HIRE,365 MANHATTAN DR,LATHROP,CA,95330,2095525531,sbntransportinc@gmail.com,1,1,,
5765195,3LS HAULING LLC,,2026-09-24,A,C,AUTHORIZED FOR HIRE,4643 WHITE SANDS DR,LAREDO,TX,78046,3618461156,SERGIOMTZ80@HOTMAIL.COM,2,2,,
5757686,DG RED ANGUS RANCH LLC,,2026-09-24,A,A,PRIVATE PROPERTY,4699 ROUND LAKE RD,GLADWIN,MI,48624-9213,8106109199,DGREDANGUSRANCHLLC@GMAIL.COM,1,4,,
5751010,T & J SMITH TRUCKING LLC,,2026-09-24,A,A,AUTHORIZED FOR HIRE,200 VALLEY RANCH LANE,MENA,AR,71953-7578,8709140124,smithfreight26@gmail.com,0,,,2026-09-25
5743698,LAWN AND ORDER YARD CARE LLC,,2026-09-24,A,A,PRIVATE PROPERTY,2927 PUTNAM AVE,HURRICANE,WV,25526,9837021509,JEREMY@LAWNANDORDERWV.COM,1,1,,
5719423,ZAPGO LLC,,2026-09-24,A,C,,48 HOLLAND AVENUE,STATEN ISLAND,NY,10303,6464647368,zapgollc@yahoo.com,0,,,
5718710,LS CONSTRUCTION #1 LLC,,2026-09-24,A,A,PRIVATE PROPERTY,7440 ABLE ST NE,FRIDLEY,MN,55432,6128066993,YUPANGUI559955@GMAIL.COM,1,1,,
5696142,AH LOGISTICS LLC,,2026-09-24,A,A,PRIVATE PROPERTY,1183 SARANAP AVE APT 3,WALNUT CREEK,CA,94595,6284687591,wasihabibi12@yahoo.com,1,2,,2026-09-25
5690049,"AUTO RENTAL SERVICES, L.L.C.",,2026-09-24,A,C,,5404 ABBOTT DR,OMAHA,NE,68110-2803,4023466283,molly@hertzomaha.com,0,,,
5666082,BRAHMA BULLDOZING LLC,,2026-09-24,A,A,AUTHORIZED FOR HIRE,50 HIGH POINT LANDING,YAKIMA,WA,98901,5099520484,BRAHMA.DS@GMAIL.COM,1,1,,
5656465,FNK CATERING CORP,UNCLE GUSSYS,2026-09-24,A,C,PRIVATE PROPERTY,53-19 WOODSIDE AVENUE,WOODSIDE,NY,11377,9296001111,NICKO@UNCLEGUSSYS.COM,4,8,,
5642683,DOMINGO RODOLFO GONZALEZ TOMAS,,2026-09-24,A,C,PRIVATE PROPERTY;AUTHORIZED FOR HIRE,440 E AVIATION RD,FALLBROOK,CA,92028,7602977006,gonzalesdomingo92@gmail.com,2,1,,
5638797,JAMESON DEDON,,2026-09-24,A,C,AUTHORIZED FOR HIRE,1756 E DESERT BREEZE PLACE,CASA GRANDE,AZ,85122,4139771717,CPTJAMES72@GMAIL.COM,1,2,,
5637180,JBM TRANSPORT LLC,,2026-09-24,A,C,AUTHORIZED FOR HIRE,7395 VICTORIA AVE,HIGHLAND,CA,92346,3233762026,salasaje07@gmail.com,1,2,,
5635984,ACES UP TRANSPORT,,2026-09-24,A,C,AUTHORIZED FOR HIRE,3298 N GLASSFORD HILL RD SUITE 104-943,PRESCOTT VALLEY,AZ,86314,9288993766,ACESUPTRANSPORT@GMAIL.COM,1,4,,
5632593,MORRIS LEGACY LLC,,2026-09-24,A,C,PRIVATE PROPERTY;AUTHORIZED FOR HIRE,248 REYNOLDS STREET,MAPLESVILLE,AL,36750,3342672342,chazmorris33@gmail.com,2,1,,
5631929,CMGF LEGACY LLC,,2026-09-24,A,A,AUTHORIZED FOR HIRE,1519 E 43RD ST,ODESSA,TX,79762,3054271051,cmgflegacy@gmail.com,2,1,,
5617998,FDZ LOGISTICS LLC,,2026-09-24,A,A,AUTHORIZED FOR HIRE,17991 VALLE CUPA LN,NEW CANEY,TX,77357,8327901375,FDZLOGISTICSLLC@GMAIL.COM,3,4,,
5615042,95 LOGISTICS LLC,,2026-09-24,A,A,PRIVATE PROPERTY;AUTHORIZED FOR HIRE;EXEMPT FOR HIRE,7700 PORTLAND TRAIL,AUSTIN,TX,78729,7378889882,95TRUCKERLLC@GMAIL.COM,1,6,,
5603394,GGM TRANSPORT LLC,,2026-09-24,A,C,PRIVATE PROPERTY;AUTHORIZED FOR HIRE,295 WALLACE AIRPORT ROAD,WALLACE,NC,28466,9102846975,INFO@GGMENTERPRISES.COM,0,1,,
5592657,FLEETLY LOGISTICS LLC,,2026-09-24,A,A,AUTHORIZED FOR HIRE,3737 CHARLOE CT,CINCINNATI,OH,45227,5137676868,king27jon@icloud.com,1,2,,2026-09-25
5587734,TRANSFORMERS AUTO SPECIALIST CORP.,,2026-09-24,A,C,PRIVATE PROPERTY;AUTHORIZED FOR HIRE,3980 SW 119TH CT,MIAMI,FL,33175,7862833412,TRANSFORMERSAUTOSPECIALIST@GMAIL.COM,2,2,,
5583138,AGM TRUCKING LLC,,2026-09-24,A,C,AUTHORIZED FOR HIRE,19021 TAMPA RD S,FORT MYERS,FL,33967,2392579171,AWGTRUCKINGLLC@GMAIL.COM,2,1,,
5567112,BRIGHT EYE SOLAR LLC,,2026-09-24,A,A,PRIVATE PROPERTY,1200 CORPORATE BLVD STE 16,LANCASTER,PA,17601,7172078449,BRITANI@BRIGHTEYESOLAR.COM,12,8,,
5563302,BRAXTONS SELF DISPATCHING,,2026-09-24,A,A,AUTHORIZED FOR HIRE,5129 YUKON RD,WALKERTOWN,NC,27051,4432232333,BRAXTONSSELFDISPATCHING@GMAIL.COM,2,1,,
5550061,SHARIF LOGISTICS LLC,,2026-09-24,A,A,AUTHORIZED FOR HIRE,309 E SPRUCE ST,DODGE CITY,KS,67801,6204308662,shariflogisticllc@gmail.com,1,1,,
5537662,LS HOTSHOT TRANSPORT LLC,,2026-09-24,A,C,AUTHORIZED FOR HIRE,364 SMITH RD,ROARING BRANCH,PA,17765,5704478764,loganshepard900@gmail.com,0,1,,
5535481,"FULCROSS PRO, LLC",,2026-09-24,A,A,AUTHORIZED FOR HIRE,4515 S PINEMONT DR SUITE 216,HOUSTON,TX,77041,7865198447,TRANSPORTATION@FULCROSSPRO.COM,1,1,,
5533636,SEVEN40 LLC,,2026-09-24,A,C,AUTHORIZED FOR HIRE,19264 STATE HWY 1E,ADA,OK,74820,2565952407,RRSCBAMA@GMAIL.COM,18,9,,
5530265,AULAKH TRUCKLINE INC,,2026-09-24,A,A,AUTHORIZED FOR HIRE,600 HOSKING AVE APT 11D,BAKERSFIELD,CA,93307,5104994703,AULAKHTRUCKLINEINC@GMAIL.COM,1,1,,
5530069,TWISTED X TRUCKING LLC,,2026-09-24,A,A,AUTHORIZED FOR HIRE,4201 VAN ZANDT COUNTY ROAD 1110 4201 VAN ZANDT COU,GRAND SALINE,TX,75140,4302501042,TWISTEDXTRUCKING@GMAIL.COM,1,4,,
5513911,STAR EAGLE TRANSPORT INC,,2026-09-24,A,A,AUTHORIZED FOR HIRE,420 RAYMOND DR,FLORISSANT,MO,63031,9294124320,STAREAGLETRANS@GMAIL.COM,1,1,,
5511505,DIRECT CARGO SOLUTIONS LLC,,2026-09-24,A,A,AUTHORIZED FOR HIRE,9330 TAFT ST,PEMBROKE PINES,FL,33024,7865850220,santos980325@gmail.com,1,1,,
5479422,JACOB BRANT HURT,,2026-09-24,A,A,AUTHORIZED FOR HIRE,1104 KUDER LN,WARSAW,IN,46582,5743765333,JHURT785@GMAIL.COM,1,1,,
5477847,RICHARD CLAY LOWRANCE,LOWRANCE TRUCKING,2026-09-24,I,C,AUTHORIZED FOR HIRE,302 W OLLIE STREET,FLOYDADA,TX,79235,8069834168,patti-lowrance@live.com,2,1,,
5468365,ALPINA EXPRESS INC,,2026-09-24,A,A,AUTHORIZED FOR HIRE,9908 BUSTLETON AVE APT D12,PHILADELPHIA,PA,19115,2129311001,ALPINAINC@OUTLOOK.COM,2,1,,
5433618,R&R TRUCKING SOLUTIONS LLC,,2026-09-24,A,C,AUTHORIZED FOR HIRE,3813 N TEXAS AVE,ODESSA,TX,79762,8323704141,RRTRUCKINGSOLUTIONSLLC@GMAIL.COM,4,1,,
5427350,APEX HEAVY HAUL LLC,,2026-09-24,A,A,AUTHORIZED FOR HIRE,18 SUNFLOWER WAY SUITE B,HUNTINGDON VALLEY,PA,19006,2673046195,apexheavyhaulusa@gmail.com,1,1,,
5392128,WINWATER ST LOUIS MO CO,,2026-09-24,A,C,PRIVATE PROPERTY,2130 BOWLES AVENUE SUITE A,FENTON,MO,63026,6363372053,RDTAYLOR1@WINSUPPLY.COM,3,1,,
5386195,YOUNGS FARM,YOUNGS FARM-ANNEX INC,2026-09-24,A,C,PRIVATE PROPERTY,91 HEGEMANS LANE,BROOKVILLE,NY,11545,5166263955,INFO@YOUNGS.FARM,5,3,,2026-09-25
5342834,"SNS TRANSPORT, LLC",,2026-09-24,A,A,AUTHORIZED FOR HIRE,2047 PEBBLE CREEK DR.,BRANDON,MS,39042,7697982413,DARIUS@SNSTRANSPORT.INFO,2,4,,
5336074,227 FLOORING & CABINETS LLC,,2026-09-24,A,C,PRIVATE PROPERTY,16252 ARROW HWY,BALDWIN PARK,CA,91706,6263660119,JUDYZCL666@GMAIL.COM,1,2,,
5334771,DA LUMBERJACK LLC,,2026-09-24,A,C,PRIVATE PROPERTY;AUTHORIZED FOR HIRE,2289 UPPER PECKS RUN ROAD,BUCKHANNON,WV,26201,3046137000,dalumberjackllc@gmail.com,2,4,,
5329741,TRUCKLINE LOGISTICS LLC,,2026-09-24,A,A,AUTHORIZED FOR HIRE,1255 THURNRIDGE DR,CINCINNATI,OH,45215,5132532570,TRAYGREEN0831@GMAIL.COM,1,4,,
5329226,"MERIDIAN CONSTRUCTION SOLUTIONS, LLC",,2026-09-24,A,A,PRIVATE PROPERTY,408 N. GREAT SOUTHWEST PARKWAY,ARLINGTON,TX,76011,4806819000,RYAN.SCHWEITZER@MEARS.NET,75,102,,
5325769,TRANSPORT M&M LLC,,2026-09-24,A,A,AUTHORIZED FOR HIRE,446 5TH AVE,BALTIMORE,MD,21225,3012738968,TRANSPORTMM30@GMAIL.COM,1,1,,
5325027,NDJ FREIGHTWAY LLC,,2026-09-24,A,A,AUTHORIZED FOR HIRE,5309 FUQUA GARDENS VIEW RD,HOUSTON,TX,77045,9799467677,ndjfreightwayllc@gmail.com,2,1,,2026-09-25
5316289,ALWAYS ON THE GO LOGISTICS & TRUCKING LLC,,2026-09-24,A,A,AUTHORIZED FOR HIRE,1825 IONIAN ST 1825 IONIAN ST,SAN DIEGO,CA,92154-2821,6192188454,MISTERKT769@GMAIL.COM,1,1,,
5311791,RAPID RIDER DELIVERY LLC,,2026-09-24,A,A,AUTHORIZED FOR HIRE,12416 ESPANOL DR,PUNTA GORDA,FL,33955-2433,2397475933,RAPIDRIDERDELIVERYLLC@YAHOO.COM,1,4,,
5298492,TUFF JUNK HAULING LLC,TUFF JUNK HAULING,2026-09-24,A,C,AUTHORIZED FOR HIRE,186 WOODLAND AVE N,LYNN,MA,01904,7812189004,INFO@TUFFJUNKHAULING.COM,1,1,,
5285979,FREEDOM ENERGY SERVICES LLC,,2026-09-24,A,C,AUTHORIZED FOR HIRE,4637 ROUTE 220,NEW ALBANY,PA,18833-8983,5702503780,JAKEEN_33@ICLOUD.COM,10,8,,
5285791,ELEVA TRANSPORTATION LLC,,2026-09-24,A,A,AUTHORIZED FOR HIRE,10 AMBROSE ST,NORTH PROVIDENCE,RI,02094,4015855919,ELEVATRANSPORTATION@GMAIL.COM,1,1,,2026-09-24
5280817,CUTTING EDGE COLLISION REPAIR LLC,,2026-09-24,A,A,PRIVATE PROPERTY,1335 W PARK RD,SLIPPERY ROCK,PA,16057,7249919189,CECRPDR@GMAIL.COM,4,2,,
5276544,M A BAIG CO.,,2026-09-24,A,A,AUTHORIZED FOR HIRE,5121 BUTTERFIELD DR,MADISON,WI,53704,6089990055,naumantnleather@outlook.com,1,1,,
5262630,HENS LOGISTICS LLC,,2026-09-24,A,A,AUTHORIZED FOR HIRE,32 WOLCOTT ST,HARTFORD,CT,06106,8605176988,henstransportationlogistics@gmail.com,1,1,,
5251048,"KARCHER SNF HEALTHCARE, LLC",KARCHER POST ACUTE,2026-09-24,A,C,"PRIVATE PASSENGER, BUSINESS;PRIVATE PASSENGER, NON-BUSINESS;AUTHORIZED FOR HIRE",1127 CALDWELL BLVD.,NAMPA,ID,83651-1701,2084654935,JESSICA.ALEMAN@PACS.COM,1,1,,
5244334,RAUL MARTIN,MR. MARTIN LANDSCAPE,2026-09-24,A,C,AUTHORIZED FOR HIRE,2100 SUTTER AVE,SAN PABLO,CA,94806,5102538161,raulmstiaz84@gmail.com,1,2,,
5233312,BW & SONS TRANSPORT LLC,,2026-09-24,A,A,AUTHORIZED FOR HIRE,822 1ST STREET,NESCOPECK,PA,18635,5703944608,BWSONSTRANSPORT@YAHOO.COM,1,1,,2026-09-24
5224887,DUDES YOU CAN TRUST LLC,,2026-09-24,A,A,AUTHORIZED FOR HIRE,12408 TIERRA ALAMO DR,EL PASO,TX,79938,9153081066,dudesyoucantrust@hotmail.com,2,2,,
5211847,TARS MGMT LLC,,2026-09-24,A,A,AUTHORIZED FOR HIRE,713 N 44TH ST,PHILADELPHIA,PA,19104-1314,2677095451,MAMEANTU12@GMAIL.COM,1,1,,2026-09-24
5204363,VERPAX INC,,2026-09-24,A,A,AUTHORIZED FOR HIRE,1545 MARY DR,INDIANAPOLIS,IN,46241-2809,6512799860,INFO@VERPAX.ORG,1,2,,
5191418,TRIPLE B FABRICATIONS LLC,,2026-09-24,A,C,PRIVATE PROPERTY;AUTHORIZED FOR HIRE,314 SWEET HOME CHURCH RD,CHAUNCEY,GA,31011,2293153962,BRYANKIRKLAND84@ICLOUD.COM,1,2,,
5187207,TRIPPLE J'S HAULING SERVICES LLC,,2026-09-24,A,A,AUTHORIZED FOR HIRE;EXEMPT FOR HIRE,5512 PARKVIEW HILLS LN,FORT WORTH,TX,76179,6826990924,TRIPPLEJHAULINGSERVICESLLC@GMAIL.COM,2,3,,
5186925,RUNAWAY INTERNATIONAL TRUCKING CORP,,2026-09-24,A,A,AUTHORIZED FOR HIRE,5737 NW 2ND PL,OCALA,FL,34482,6464928691,RUNAWAYINT@GMAIL.COM,1,1,,
5181867,THE PAGODA TRANSPORTATION LLC,,2026-09-24,A,C,PRIVATE PROPERTY;AUTHORIZED FOR HIRE,823 WALNUT ST REAR,READING,PA,19601,4846500998,juliangil721@gmail.com,1,1,,
5151852,"GOOD TO GO SERVICES, VA - LLC",GOOD TO GO SERVICES,2026-09-24,A,A,PRIVATE PROPERTY;AUTHORIZED FOR HIRE,125 COURTNEY LN 1100 S BAY CLUB DR,MOYOCK,NC,27958,7572349828,CLINT@GOODTOGOSERVICEVA.COM,3,4,,2026-09-24
5129693,TREY JACOB HAULING LLC,,2026-09-24,A,A,AUTHORIZED FOR HIRE,8 SUNSET DR,HAZLE TOWNSHIP,PA,18201,5709263574,TOM42MORROW@GMAIL.COM,1,4,,
5129206,MONTROSE DELI INC.,,2026-09-24,A,A,PRIVATE PROPERTY,5411 W MONTROSE AVE,CHICAGO,IL,60641-1325,7737256123,market@montrosedeli.com,4,8,,
5123794,EDF TRANSPORTATION CORP.,,2026-09-24,A,A,AUTHORIZED FOR HIRE,39 16TH AVE APT 202,PATERSON,NJ,07501,3473170043,EDFTRANSPORTATION12@GMAIL.COM,1,1,,
5111857,"SOLARAY ENGINEERING, INC.",,2026-09-24,A,C,PRIVATE PROPERTY,5605 N MACARTHUR BLVD #550,IRVING,TX,75038,9722471516,JCHAVIRA@SOLARAYENGINEERING.COM,3,4,,
5105529,T&V TRANSPORTATIONS LLC,,2026-09-24,A,C,,10230 NICOLLS AVE,CORONA,NY,11368,3479248457,b.joshuagarcia@icloud.com,0,,,
5083469,RIGHT SOURCE COURIER LLC,,2026-09-24,A,A,AUTHORIZED FOR HIRE,10742 HUNTER LAKE LANE,INDIANAPOLIS,IN,46239-8986,3179641010,LWADE@RIGHTSOURCEHEALTHCARE.COM,2,4,,
5067782,PENARME INC,,2026-09-24,A,C,PRIVATE PROPERTY,188 CITRON AVE,PIRU,CA,93040,8186141023,PEDRORUIZ481@GMAIL.COM,2,1,,
5033346,360 LIVE MUSIC LLC,,2026-09-24,A,C,AUTHORIZED FOR HIRE,2216 CERALVO ST,SAN ANTONIO,TX,78237-4230,2102515737,360productionssa@gmail.com,1,1,,
5025089,LUNDVALL TRUCKING COMPANY LLC,,2026-09-24,A,C,AUTHORIZED FOR HIRE,317 EAST WILLIAM,WALLACE,NE,69169,3085306206,LUNDVALC@GMAIL.COM,1,1,,
5017856,"FR8 EXPERTS,LLC",,2026-09-24,A,C,AUTHORIZED FOR HIRE,2611 ISLAND VIEW WAY,VISTA,CA,92081,7605167575,dispatch@fr8experts.com,2,3,,
4981068,STIV LLC,,2026-09-24,A,A,AUTHORIZED FOR HIRE,5620 SOUTH 67TH AVE,LAVEEN,AZ,85339,7029806096,stiv6869@gmail.com,1,1,,
4980798,OZARK FREIGHT LLC,OZARK FREIGHT,2026-09-24,A,A,PRIVATE PROPERTY;AUTHORIZED FOR HIRE,959 BROWNS CREEK RD,RAVENDEN,AR,72459,8703066975,frontoffice@ozarkfreight.com,4,3,,
4980419,WASAFI TRANSPORT LLC,,2026-09-24,A,A,AUTHORIZED FOR HIRE,1982 WINSLOW DR APT 10,COLUMBUS,OH,43207,6148749667,WASAFITRANSPORTLLC@GMAIL.COM,1,1,,
4951600,VALKOK SOLUTIONS,,2026-09-24,A,C,AUTHORIZED FOR HIRE,2900 S ZUNI STREET,ENGLEWOOD,CO,80110,7204610362,VALKOKSOLUTIONS2@GMAIL.COM,2,2,,
4949667,MELO LOGISTICS & TRANSPORT LLC,,2026-09-24,A,A,AUTHORIZED FOR HIRE,2906 W BARGELLO LN,MONROVIA,IN,46157,3174923144,DIDITMIC@GMAIL.COM,2,4,,
4915653,TOOR EXPRESS LLC,,2026-09-24,A,A,AUTHORIZED FOR HIRE,3687 JASON AVE,FRANKLIN,IN,46131,7064093808,TOOREXPRESSLLC98@GMAIL.COM,1,1,,
4907191,"ILLINOIS VALLEY DOCUMENT DESTRUCTION, LLC",,2026-09-24,A,A,PRIVATE PROPERTY,3650 N 2975TH RD,PERU,IL,61354,8154812897,DANIELEITEN@GMAIL.COM,1,1,,
4902065,CARGO POINT LOGISTICS LLC,,2026-09-24,A,C,,2414 FABER ST,HAMTRAMCK,MI,48212,3138299078,broker@cargopointlogisticsllc.com,0,,,
4899443,BUFFALO TRUCKING,,2026-09-24,A,A,PRIVATE PROPERTY,32407 SE JUDD RD,EAGLE CREEK,OR,97022-9762,9714098344,buffalotrucking69@gmail.com,2,14,,
4899386,ELITE CARPET CLEANING & RESTORATION LLC,,2026-09-24,A,A,PRIVATE PROPERTY,5212 MACCORKLE AVENUE SOUTHEAST,CHARLESTON,WV,25304,3049935487,ELITERESTORATIONTEAM@GMAIL.COM,15,20,,
4864685,FOOTHILL FOREST CARE LLC,,2026-09-24,A,C,AUTHORIZED FOR HIRE,3095 SADDLEHILL RD,PLACERVILLE,CA,95667-9268,5309575880,caroline@foothillforestcare.com,4,2,,
4862625,ROMANA SHIPPING LLC,,2026-09-24,A,A,PRIVATE PROPERTY;AUTHORIZED FOR HIRE,4904 LAWRENCE ST,HYATTSVILLE,MD,20781,3012046235,DOMINGOMANANA1963@GMAIL.COM,2,2,,
4834787,ANR LOGISTICS LLC,,2026-09-24,A,A,AUTHORIZED FOR HIRE,5509 W MORGAN AVE APT 4,MILWAUKEE,WI,53220,4145108967,ANR.LLC.LOGISTICS@GMAIL.COM,1,1,,
4823202,XHAULERS LLC,,2026-09-24,A,A,AUTHORIZED FOR HIRE,4540 MACKINAC ST,LAKE IN THE HILLS,IL,60156,7432738655,operations@xhaulers.com,1,1,,
4822835,HAROUN EXPRESS LLC,,2026-09-24,A,A,AUTHORIZED FOR HIRE,2514 CASCADE LANE,IOWA CITY,IA,52246-2728,7185777145,HHAROUN81@YAHOO.COM,1,1,,
4816504,MID TRUCKING LLC,,2026-09-24,A,A,AUTHORIZED FOR HIRE,3231 GREENBROOK CT,COLUMBUS,OH,43224,6149025010,MIDTRUCKING26@GMAIL.COM,1,2,,
4807962,DOUBLE A TRUCKING,,2026-09-24,A,C,PRIVATE PROPERTY;AUTHORIZED FOR HIRE,540 KURT DRIVE,GERING,NE,69341,3086319475,ARMANDOESPARZA13@YAHOO.COM,2,4,,
4802894,JARRELL LOGISTICS LLC,,2026-09-24,A,C,AUTHORIZED FOR HIRE,5825 CROSSINGS BLVD C-703,ANTIOCH,TN,37013,6159853747,rellh84@gmail.com,1,4,,
4800818,LIYA TRUCKING LLC,,2026-09-24,A,A,AUTHORIZED FOR HIRE,11911 GREENVILLE AVE APT 3230,DALLAS,TX,75243,2149269126,LIYATRUCKING26@GMAIL.COM,3,2,,
4800747,LASHA GOGOLIDZE CORP,,2026-09-24,A,A,AUTHORIZED FOR HIRE,170 LAKESIDE RD APT C9,ARDMORE,PA,19003-3224,9297038555,lashagogolidzecorp@gmail.com,1,4,,
4800335,"SPECKHART AG SOLUTIONS, LLC",,2026-09-24,A,A,PRIVATE PROPERTY;AUTHORIZED FOR HIRE,9502 WEST 93RD STREET,OVERLAND PARK,KS,66212,2177797457,dspeckhart5@gmail.com,2,12,,2026-09-25
4783016,SCHUETZ TRANSPORT LLC,,2026-09-24,A,C,PRIVATE PROPERTY;AUTHORIZED FOR HIRE,3602 SCENIC RD,JACKSON,WI,53037,2624836335,schuetztransport@gmail.com,3,1,,
4781552,OL SKOOL LOGISTICS,,2026-09-24,A,A,AUTHORIZED FOR HIRE,12023 W ENGLAND AVE,BATON ROUGE,LA,70814,2252057658,JOHNNIE.ROSETTE@GMAIL.COM,1,1,,
4771948,LONGWA EXPRESS TRUCKING LLC,,2026-09-24,A,A,AUTHORIZED FOR HIRE,1055 ASHFORD CHASE CT,MACON,GA,31210,2037265807,LONGWAPASIAN@GMAIL.COM,1,1,,
4764144,TORRES PRODUCE SALES CORP,,2026-09-24,A,C,AUTHORIZED FOR HIRE,3961 6TH AVE SE,NAPLES,FL,34117,7863825036,TORRESPRODUCEFL@YAHOO.COM,2,1,,
4749993,L&E BANDID2 LLC,,2026-09-24,A,A,AUTHORIZED FOR HIRE,601 CYPRESS STATION DR APTO 201,HOUSTON,TX,77090,7865788511,ESTEBANEMA20@GMAIL.COM,1,1,,
4730924,MANETANE TRANSPORT LLC,,2026-09-24,P,C,STATE GOVERNMENT;AUTHORIZED FOR HIRE,113 S PERRY ST SUITE 206 113 S PERRY ST SUITE 206,LAWRENCEVILLE,GA,30046,2294179424,manetanetransport@outlook.com,1,2,,
4728437,MASON OMARI CARTER LLC,,2026-09-24,A,A,AUTHORIZED FOR HIRE,1323 TURNING LEAF LN,PENDERGRASS,GA,30567,4707987181,moc.transport3@gmail.com,1,1,,
4727932,MOJI PAHLAVAN,,2026-09-24,A,C,PRIVATE PROPERTY;AUTHORIZED FOR HIRE,15139 MANORHILL DRIVE,HOUSTON,TX,77062,4095011151,MOE.PAHLAVAN@SOUTHWESTERNCMS.COM,4,2,,
4708738,HATU SIGN FABRICATION LLC,DAVIS SIGNS UTAH,2026-09-24,A,C,PRIVATE PROPERTY,746 N HARRISVILLE RD,OGDEN,UT,84404-4159,8018233100,ACCOUNTING@DAVISSIGNSUTAH.COM,4,3,,
4705992,ON THE GO LLC,,2026-09-24,A,C,PRIVATE PROPERTY;AUTHORIZED FOR HIRE,3300 TOWERS BLVD APT 1126,SEABROOK,TX,77586-2663,7135849181,joemunoz7130@gmail.com,1,1,,
4703793,"METRO LEASING AND RENTALS, LLC",,2026-09-24,A,A,PRIVATE PROPERTY,115 CYPRESS CV,FLOWOOD,MS,39232-5501,6019394518,info@freshcutcateringandfloral.com,28,20,,
4697720,"TKO EARTHWORKS, LLC",,2026-09-24,A,A,PRIVATE PROPERTY,691 W 1725 N #691,LOGAN,UT,84321,4355122250,OFFICE@TKOEARTHWORKS.COM,1,1,,
4690830,THOMMY STONE MATERIALS LLC,,2026-09-24,A,C,PRIVATE PROPERTY,26 MONTICELLO AVENUE,JERSEY CITY,NJ,07304,5513447762,thommystonesmaterials@gmail.com,1,1,,
4690359,AEROTOWN LIMO LLC,,2026-09-24,A,C,"PRIVATE PASSENGER, BUSINESS;PRIVATE PASSENGER, NON-BUSINESS;AUTHORIZED FOR HIRE",8594 EXCELSIOR BLVD,HOPKINS,MN,55343,7633186163,WUBEASSE10@GMAIL.COM,1,2,,
4682771,CLEAR CHOICE TRUCKING LNC,,2026-09-24,P,C,"PRIVATE PROPERTY;PRIVATE PASSENGER, BUSINESS;PRIVATE PASSENGER, NON-BUSINESS;STATE GOVERNMENT;AUTHORIZED FOR HIRE",12002 HALLANDALE TER,BOWIE,MD,20721,2407918268,CHOICETRUCKING01@GMAIL.COM,1,4,,
4681306,ZAYURI TRANSPORTATION LLC,,2026-09-24,A,A,AUTHORIZED FOR HIRE,2530 SW CHERRY PARK ROAD APT F248,TROUTDALE,OR,97060-2955,9713868552,zayuritransportation@outlook.com,1,2,,
4679268,MIDWEST X CONSTRUCTION LLC,,2026-09-24,A,C,PRIVATE PROPERTY,3605 1ST AVE S APT 1,MINNEAPOLIS,MN,55409,7634388917,MIKE@MIDWESTXCONSTRUCTION.COM,2,2,,
4659061,OK TRANSIT LLC,,2026-09-24,A,A,"PRIVATE PASSENGER, BUSINESS;PRIVATE PASSENGER, NON-BUSINESS;AUTHORIZED FOR HIRE",10752 BUSTLETON AVE STE G,PHILADELPHIA,PA,19116,2727770110,OKTRANSITLLC@GMAIL.COM,2,2,,
4635868,KAK GLOBAL LINK INC,,2026-09-24,A,A,AUTHORIZED FOR HIRE,4142 CUSTER CREEK DRIVE,MISSOURI CITY,TX,77459,8327591368,KAKGLOBALLINK@GMAIL.COM,2,1,,
4620976,R KNIGHT TRUCKING LLC,,2026-09-24,P,C,STATE GOVERNMENT;AUTHORIZED FOR HIRE,6580 DELMONICO DR UNIT 403,COLORADO SPRINGS,CO,80919,7194929401,RKNIGHTTRUCKS@GMAIL.COM,2,1,,
9996329,SOSA LINE LLC,,2026-09-23,A,A,AUTHORIZED FOR HIRE,5125 BRAIDWOOD DR,LOUISVILLE,KY,40219,5025503435,frasomah@gmail.com,1,1,,
9988691,TOOLMANN LLC,,2026-09-23,A,C,PRIVATE PROPERTY,329 LANAFIELD CIR,BOONSBORO,MD,21713,2404466117,TMANNTOOLS@GMAIL.COM,1,1,,
9986801,BEM EXPRESS LOGISTICS LLC,,2026-09-23,A,A,AUTHORIZED FOR HIRE,940 19TH ST SW,NAPLES,FL,34117,2393305089,BEMEXPRESSLOGISTICS@GMAIL.COM,1,4,,
9979408,ISLAND TRANSPORT LLC,,2026-09-23,A,C,"PRIVATE PASSENGER, BUSINESS;PRIVATE PASSENGER, NON-BUSINESS;AUTHORIZED FOR HIRE",CARRETERA 568 KM 8.1,OROCOVIS,PR,00720,7872217574,ISLANDTRANSPORTLLC@YAHOO.COM,2,1,,
9971003,AUTO HAULS LLC,,2026-09-23,A,A,AUTHORIZED FOR HIRE,4409 W WILSON AVE APT 1,CHICAGO,IL,60630,9166649739,AUTOHAULSLLC@GMAIL.COM,1,1,,
9943202,STARK & SUMMIT FORESTRY MULCHING LLC,,2026-09-23,A,C,PRIVATE PROPERTY,7012 HERITAGE RD NW,MAGNOLIA,OH,44643-9523,3303544537,INFO@STARKSUMMITFORESTRY.COM,1,1,,
9939992,TAPDAR BROS INC,,2026-09-23,A,A,AUTHORIZED FOR HIRE,2312 S CLAREMONT AVE,FRESNO,CA,93727,5599194982,TAPDARBROS@GMAIL.COM,1,1,,
9924089,ACD 5 LLC,,2026-09-23,A,C,AUTHORIZED FOR HIRE,12205 W DRIVERS HALL OF FAME ST,ODESSA,TX,79763,6892559773,diazyaleny07@gmail.com,1,1,,
9921007,LIBERTY FREIGHT SOLUTIONS LLC,,2026-09-23,A,A,AUTHORIZED FOR HIRE,3751 GATEWAY LAKES DR,GROVE CITY,OH,43123-9377,6146164529,libertyfreightsolutionsllc@gmail.com,2,1,,
9920310,REDLINE TOWING AND RECOVER LLC,,2026-09-23,A,A,PRIVATE PROPERTY;AUTHORIZED FOR HIRE;EXEMPT FOR HIRE,10810 FIRST ST,FAIRFAX,VA,22030,2026664507,SERVICE@TABMOTORS.NET,4,8,,
9917744,LV AUTO TRANSPORT LLC,,2026-09-23,A,A,AUTHORIZED FOR HIRE,1815 S SALINA ST,SYRACUSE,NY,13205,6466304440,LVTRANSPORTNY@OUTLOOK.COM,1,1,,
9917707,SEQUOIA AG SOLUTIONS INC,,2026-09-23,A,C,AUTHORIZED FOR HIRE,1314 N BIRCH STREET,PORTERVILLE,CA,93257,5593105458,sequoiaagsolutions@gmail.com,1,1,,
9916648,BERRY HILLS TRANSPORT LTD.,,2026-09-23,A,A,PRIVATE PROPERTY;AUTHORIZED FOR HIRE,14430 58 AVENUE,SURREY,BC,V3S 1Y3,6049072700,BERRYHILLSTRANSPORT@GMAIL.COM,1,1,,
9915996,CEERAY TRANSPORT LLC,,2026-09-23,A,A,AUTHORIZED FOR HIRE,327 N LUMBER ST,ALLENTOWN,PA,18102-3203,3473571570,CEERAYTRANSPORT@GMAIL.COM,1,1,,
9901836,KO TRUCKING LLC,,2026-09-23,A,A,AUTHORIZED FOR HIRE,5101 LOCH DR.,UNION,KY,41091,8594090902,johnwkennett@outlook.com,1,12,,
9901384,TRIUMPH TRANSPORT LOGISTICS SERVICES LLC,,2026-09-23,A,A,AUTHORIZED FOR HIRE,5911 LORENZO DR,GRAND PRAIRIE,TX,75052,2144152895,triumphtrucking2526@gmail.com,1,2,,
9884390,FROMETA TRANSPORTATION LLC,,2026-09-23,A,A,AUTHORIZED FOR HIRE,132S PYLE ST 132S PYLE ST,KANSAS,AR,66101-1111,9139403195,frometatransportationllc@gmail.com,1,2,,2026-09-24
9865059,MCY TRUCKING LLC,,2026-09-23,A,A,AUTHORIZED FOR HIRE,2709 13TH AVE S,MINNEAPOLIS,MN,55407,6124976440,MABDIYASSIN482@GMAIL.COM,2,4,,
9862237,BRAZ TRANSPORT LLC,,2026-09-23,A,A,AUTHORIZED FOR HIRE,29733 COJAK CIRCLE,FAIR OAKS RANCH,TX,78015,2679773942,BRAZTRANSPORTLLC@OUTLOOK.COM,2,2,,
9847543,AA TRANSPORTATION AND DELIVERY INC,,2026-09-23,A,A,AUTHORIZED FOR HIRE,"457 HAVERHILL ST, APT 2",LAWRENCE,MA,01841,9783272175,AATRANSPORTATION26@ICLOUD.COM,1,1,,
9811073,APEX PATHWAYS LLC,,2026-09-23,A,C,AUTHORIZED FOR HIRE,9155 CANOPY OAK LANE APT 201,RIVERVIEW,FL,33578,6562170599,INFO@APEXPATHWAYS.NET,1,1,,
9796594,GILMAN DRIVEWAY & LAND SERVICES LLC,,2026-09-23,A,A,PRIVATE PROPERTY,617 TRIPPTOWN RD,HIRAM,ME,04041,2072566634,CONTACT@MAINEGRAVELDRIVEWAYS.COM,1,2,,
9793180,BLUE APEX FREIGHT LLC,,2026-09-23,A,C,AUTHORIZED FOR HIRE,13573 WINEWOOD RD,VICTORVILLE,CA,92392,5624725666,FREDDYJIMENEZG90.JJ@GMAIL.COM,1,1,,
9785519,ELH7 LOGISTICS LLC,,2026-09-23,A,A,AUTHORIZED FOR HIRE,1547 REBECCA ANN DR APT B,EL PASO,TX,79936,9155042826,elh7logisticsllc@gmail.com,1,1,,
9767588,ANCHOR HVAC SERVICES,,2026-09-23,A,A,PRIVATE PROPERTY,2565 HULMEVILLE RD,EDDINGTON,PA,19020,2155335433,ANCHORHVACSERVICES@GMAIL.COM,8,6,,
9766061,GOOD STEWARD SERVICES LLC,,2026-09-23,A,C,AUTHORIZED FOR HIRE,157 ANCHETA PL,VALLEJO,CA,94591,5108372304,SAULRODRIGUEZGSS@GMAIL.COM,2,4,,
9763858,"HILLSBORO SNF HEALTHCARE, LLC",HILLSBORO POST ACUTE,2026-09-23,A,C,"PRIVATE PASSENGER, BUSINESS;PRIVATE PASSENGER, NON-BUSINESS;AUTHORIZED FOR HIRE",1141 NORTHVIEW DRIVE,HILLSBORO,OH,45133-8525,9373935766,jessica.aleman@pacs.com,1,4,,
9756219,SHORTY MOVING COMPANY LLC,,2026-09-23,A,A,AUTHORIZED FOR HIRE,5757 UNIVERSITY AVENUE,SAN DIEGO,CA,92115,6194366260,dominic0804@yahoo.com,1,1,,2026-09-23
9749084,MARVIN TIRE RECYCLING LLC,,2026-09-23,A,C,AUTHORIZED FOR HIRE,201 E ARROW HWY SPACE 73,GLENDORA,CA,91740,3233540874,marvin85a@gmail.com,2,2,,
9745586,WILLIAM M BROWN,B&B SERVICES,2026-09-23,I,C,PRIVATE PROPERTY,2401 EASTMAN AVE STE 25,OXNARD,CA,93030-8077,8052789447,BBSERV@MSN.COM,1,4,,
9708557,J&E TRANSPORT LLC,,2026-09-23,A,C,AUTHORIZED FOR HIRE,25625 ESSEX,NEW CANEY,TX,77357,8329669630,LIZDELGADO093@GMAIL.COM,1,2,,
9701697,MAXIMUS MEDIA GROUP LLC,,2026-09-23,A,A,AUTHORIZED FOR HIRE,9310 CHADDSFORD,SAN ANTONIO,TX,78250,2083333333,motusapps@yahoo.com,2,2,,
9693771,GOOD HAND TOWING SERVICES LLC,,2026-09-23,A,C,AUTHORIZED FOR HIRE,32036 BUNERT RD,WARREN,MI,48088,5863819255,GOODHANDTOWING@GMAIL.COM,4,2,,
9690082,YEEHAUL TRUCKING LLC,,2026-09-23,A,A,AUTHORIZED FOR HIRE,28 W GOODYKOONTZ AVE,SAPULPA,OK,74066-6464,4057770213,tpate@yeehaultrucking.com,1,1,,
9684970,MAXWAY LOGISTICS LLC,,2026-09-23,A,A,AUTHORIZED FOR HIRE,781 COUNTRY PL DR APT 2036,HOUSTON,TX,77079,3468209129,MAXFREIGHT2013@GMAIL.COM,2,1,,
9665697,"SITELOGIQ, INC",,2026-09-23,A,A,PRIVATE PROPERTY,80 SOUTH 8TH STREET SUITE 1850,MINNEAPOLIS,MN,55402-2117,8888190041,LEGAL@SITELOGIQ.COM,68,210,,
9661544,MANTIS EXPRESS LLC,,2026-09-23,A,A,AUTHORIZED FOR HIRE,918 STONE CIRCLE CT,WATERFORD,WI,53185-4284,4144208269,rich@mantisexpress.com,1,1,,2026-09-25
9661542,KUHN'S AERIAL APPLICATIONS LLC,,2026-09-23,A,A,PRIVATE PROPERTY,92 SUNSET DRIVE,WESTON,WV,26452,3049042353,NKUHN@KAA-LLC.COM,2,2,,
9650991,CARE FREE LANDSCAPE & PROPERTY SERVICES,,2026-09-23,A,C,PRIVATE PROPERTY,1800 E HEIM AVE UNIT 43,ORANGE,CA,92865,7142961427,CFS@CAREFREESVC.COM,6,1,,
9633468,ANCA PRO LOGISTICS LLC,,2026-09-23,A,A,AUTHORIZED FOR HIRE,22206 HIGHLAND KNOLLS DR SUITE 128,KATY,TX,77450,3058904504,ANCAPROLOGISTICSLLC@GMAIL.COM,1,1,,
9632849,SEAWAY TRANS-LOGISTICS INC.,,2026-09-23,A,A,AUTHORIZED FOR HIRE,2568 WINTERGRACE AVE,OSHAWA,ON,L1L 0R3,5144005116,seawaytranslogistics@xprtgroup.ca,4,4,,
9615747,LAB PLUMBING & HEATING CO. INC.,,2026-09-23,A,A,PRIVATE PROPERTY,530 W 50TH ST,NEW YORK,NY,10019-7033,2122469690,lab3@labnyc.com,1,2,,
9605748,REEVER AG INDUSTRIES LLC,,2026-09-23,A,A,AUTHORIZED FOR HIRE;EXEMPT FOR HIRE,6828 PLEASANTVIEW DR,THOMASVILLE,PA,17364,7173164740,REEVERAGINDUSTRIES@GMAIL.COM,2,2,,2026-09-23
9595226,CENTRALIA AUTO INC,CENTRALIA AUCTION,2026-09-23,A,A,PRIVATE PROPERTY,35611 WASHINGTON STATE 507 STE C,MCKENNA,WA,98558,3608074331,NW.AUTO@YAHOO.COM,2,8,,
9587317,UNIFIED TRANSPORTATION LLC,,2026-09-23,A,C,AUTHORIZED FOR HIRE,1039 GOMEZ RD,EL PASO,TX,79932,9156378564,UNIFIEDTRANSPORTATIONLLC@YAHOO.COM,1,2,,
9587024,CAISSONS LLC,,2026-09-23,A,A,AUTHORIZED FOR HIRE,6722 EDSALL ROAD,SPRINGFIELD,VA,22151,7038897268,AHERRMANN2@LIBERTY.EDU,1,1,,
9585679,GLOBETASTES NJ LLC,,2026-09-23,A,A,PRIVATE PROPERTY,179 LINCOLN AVE UNIT L-9,ORANGE,NJ,07050,6608886888,YGAO@MALATOWN.US,1,1,,
9582139,AXON USA LLC,,2026-09-23,A,A,AUTHORIZED FOR HIRE,5547 W CORTLAND APT 2,CHICAGO,IL,60639,8725882561,axonusallc@gmail.com,2,2,,
9566304,KM&MD CEMENT LLC,,2026-09-23,A,C,PRIVATE PROPERTY;AUTHORIZED FOR HIRE,4323 11TH ST,ECORSE,MI,48229,3137788653,DANVQZDAN@GMAIL.COM,2,1,,
9561228,SOLORIO ROADSIDE AND TOWING LLC,,2026-09-23,A,C,AUTHORIZED FOR HIRE,12205 SAINT MORITZ WAY,SALINAS,CA,93906,8313205222,solorioroadsideandtowing@gmail.com,1,1,,
9559755,"MORTON'S CONTRACTING SERVICES, LLC",,2026-09-23,A,C,AUTHORIZED FOR HIRE,4599 DOGWOOD FARMS DR,DECATUR,GA,30034,4048244185,HGMORTON56@GMAIL.COM,1,1,,
9559195,METT LOGISTICS LLC,,2026-09-23,A,C,AUTHORIZED FOR HIRE,223 W MAIN ST,EL CENTRO,CA,92243,8885117206,SALES@METTLOGISTICS.ORG,1,4,,
9552599,"MOBILE GLASS OF OREGON,INC.",,2026-09-23,A,A,PRIVATE PROPERTY,27825 WILDERNESS LN.,JOHN DAY,OR,97845,5415751055,mglassinc@ortelco.net,2,6,,2026-09-23
9542925,SPENCER STREBLOW TRUCKING LLC,,2026-09-23,A,A,AUTHORIZED FOR HIRE;EXEMPT FOR HIRE,12545 105TH ST,DOUGHERTY,IA,50433-8507,6414252506,streblowspencer@gmail.com,1,1,,
9531038,NINE TAIL FOX LOGISTICS,,2026-09-23,A,C,AUTHORIZED FOR HIRE,2713 VERSTL WAY,STOCKTON,CA,95206,2098982617,JSOTO7905@GMAIL.COM,1,1,,
9522843,MEDEIROS TRANSPORTATION,,2026-09-23,A,C,AUTHORIZED FOR HIRE,85 PROSPECT ST APT 3A,WORCESTER,MA,01605,7816206075,SANTHIAGOFERREIRAPENA@OUTLOOK.COM,2,2,,
9521317,G WARRIOR TRANSPORT LLC,,2026-09-23,A,A,AUTHORIZED FOR HIRE,3107 CONDE DR,LAREDO,TX,78045,2106937323,GWARRIORTRANSPORT2026@YAHOO.COM,2,1,,
9516174,ARCO TRANSPORTATION LLC,,2026-09-23,A,A,AUTHORIZED FOR HIRE,6545 MARKET AVE NORTH STE 100,CANTON,OH,44721,3802852226,INFO@ARCOTRANSPORTATIONLLC.COM,2,2,,
9490703,HUFF N' IT LOGISTICS LLC,,2026-09-23,A,C,AUTHORIZED FOR HIRE,11350 MOUNT EDEN ROAD,WADDY,KY,40076,5026194641,SHANEHUFF971@GMAIL.COM,1,1,,
9478034,BOYD TRANSIT LLC,,2026-09-23,A,C,,1531 BALMORAL AVE APT 2N,WESTCHESTER,IL,60154,7084698856,BOYDTRANSIT@GMAIL.COM,0,,,
9473622,SILVER DOLLAR LTL FREIGHT LLC,,2026-09-23,A,A,AUTHORIZED FOR HIRE,1430 N MAIN AVE.,SIOUX FALLS,SD,57104-1524,6052503116,SILVERDOLLARLTL@GMAIL.COM,2,4,,
9468821,BTM READY MIX LLC,,2026-09-23,A,C,PRIVATE PROPERTY,2033 OUTLAND SCHOOL RD,MURRAY,KY,42071-7203,2702931991,btmexcavating@gmail.com,6,7,,
9468176,PRIME FAST WAY LOGISTICS,,2026-09-23,A,A,AUTHORIZED FOR HIRE,201 S LEWIS AVE #308,ORANGE,CA,92868,6265530551,PRIMEFASTWAYINC@GMAIL.COM,1,1,,
9464731,ROGERS STEELMAN TRUCKING LLC,ROGERS TRUCKING,2026-09-23,A,A,AUTHORIZED FOR HIRE,5425 E OREM DR 2307,HOUSTON,TX,77048,3618288868,rogerssteelmatruckingllc@gmail.com,1,1,,
9451804,PACIFIC PEAK MANAGEMENT LLC,,2026-09-23,A,A,AUTHORIZED FOR HIRE,1309 COFFEEN AVENUE STE 1200,SHERIDAN,WY,82801,3219470962,hans@battaglin-usa.com,1,4,,
9451727,COZY CORNER SPRAY FOAM LLC,,2026-09-23,A,C,PRIVATE PROPERTY,1036 CULBERTSON RD,KNOX,PA,16232,8143195627,COZYCORNERSPRAYFOAM@GMAIL.COM,1,1,,
9446673,SOUTHLAKE ELECTRIC SUPPLY INC,,2026-09-23,A,A,PRIVATE PROPERTY,2030 US HIGHWAY 41,SCHERERVILLE,IN,46375,2198651611,KGRADY@SOUTHLAKE-ELECTRIC.COM,2,4,,
9424720,ALVAREZ FAMILY TRUCKING LLC,,2026-09-23,A,C,AUTHORIZED FOR HIRE,9259 EAST AVENUE T4,LITTLEROCK,CA,93543,6615753675,alvarezfamilytruckingllc1@gmail.com,1,1,,
9405965,PALM TREE CONSTRUCTION LLC,J.C BORING CONSTRUCTION,2026-09-23,A,C,PRIVATE PROPERTY;AUTHORIZED FOR HIRE,325 FAIRVIEW AVE NW,LONG PRAIRIE,MN,56347,3203574336,JBORINGCONSTRUCTION@GMAIL.COM,1,2,,
9397734,ALLIED IRON LLC,,2026-09-23,A,A,PRIVATE PROPERTY,768 POLLARD ROAD,RINGGOLD,GA,30736,7069379040,ACCOUNTS@ALLIEDUG.COM,26,4,,
9382272,CROWN ROUTE TRANSPORT LLC,,2026-09-23,A,A,AUTHORIZED FOR HIRE,1976 S CALLE MEDIA,CASA GRANDE,AZ,85194,5204844319,CROWNROUTETRANSPORT@GMAIL.COM,1,1,,
9344079,VOLTARA LOGISTICS LLC,,2026-09-23,A,A,AUTHORIZED FOR HIRE,4820 MIDDLESEX ST,DEARBORN,MI,48126,3139384498,MUNASSAR2000004@GMAIL.COM,2,2,,
9325003,EDELY INVEST LLC,SEVEN GOLD CONNECT,2026-09-23,A,A,PRIVATE PROPERTY,14961 LEBEAU LOOP,WINTER GARDEN,FL,34787,6893161417,nelypguimaraes@gmail.com,2,1,,
9319344,SUPPLYED.COM USA INC,,2026-09-23,A,C,PRIVATE PROPERTY,8 RIVER DR,CARTERSVILLE,GA,30120,6266621289,SUPPORT@SUPPLYED.COM,4,2,,
9312681,REATA TRUCKING LLC,,2026-09-23,A,C,PRIVATE PROPERTY;AUTHORIZED FOR HIRE,1202 DREXEL BLVD,CARRIZOZO,NM,88301,5759370003,KIMROPER193@GMAIL.COM,1,1,,
9310088,IRONCLAD ROOFING SOLUTIONS,,2026-09-23,A,C,PRIVATE PROPERTY,6870 JONES AVE,RIVERSIDE,CA,92505,5628462439,DANIEL@IRONCLAD-ROOFS.COM,2,6,,
9295804,JP MOTORSPORTS LOGISTICS L.L.C.,,2026-09-23,A,A,AUTHORIZED FOR HIRE,16 DELANEY CT,SOUTH PLAINFIELD,NJ,07080-3019,9082226324,jpmotorsportslogistics@jpmotorsportslogistics.com,1,1,,2026-09-25
9288846,YPA COLLECTION SERVICES CORP,,2026-09-23,A,C,AUTHORIZED FOR HIRE,1250 NW 34TH ST,MIAMI,FL,33142,3054317419,YOELPELAEZACOSTA@GMAIL.COM,1,1,,
9262757,PAUL TUCKE,TUCKE FARMS,2026-09-23,A,A,PRIVATE PROPERTY,22212 WEST PARK ST,CRESCO,IA,52136,6412200919,TUCKEFARMS@GMAIL.COM,1,8,,
9262275,M.R.C. CONSTRUCTION CO.,,2026-09-23,A,A,PRIVATE PROPERTY,2203 WILLIS FOREMAN RD,HEPHZIBAH,GA,30815,4232880841,MANAGER@MRCCONSTRUCTION.COM,8,9,,
9248891,COTTON DELIVERY SERVICES LLC,,2026-09-23,A,C,AUTHORIZED FOR HIRE,6800 S INTERNATIONAL PARKWAY,MCALLEN,TX,78503,9569752011,JULIO.MACIAS@OUTLOOK.COM,2,1,,
9248317,MID MOUNTAIN SOLUTIONS,,2026-09-23,A,C,AUTHORIZED FOR HIRE,33699 SJ AND E RD,AUBERRY,CA,93602,5597657281,kiferterrence@gmail.com,2,2,,2026-09-25
9235699,PEARSALL TOWING &TIRES INC,,2026-09-23,A,A,PRIVATE PROPERTY,1430 WEST COMAL ST,PEARSALL,TX,78061,2109201530,ptowing1430@gmail.com,2,8,,
9228344,E AND B LOGISTICS,,2026-09-23,A,A,PRIVATE PROPERTY;AUTHORIZED FOR HIRE,484 S FRANKLIN ST,WILKES-BARRE,PA,18702,5704014301,EYBLOGICTYS@GMAIL.COM,1,1,,
9212788,SIVA TRANSPORTATION LLC,,2026-09-23,A,A,AUTHORIZED FOR HIRE,5000 ESTHER REED DRIVE,DOYLESTOWN,PA,18902,2674997509,SANTOS1985.SJ@GMAIL.COM,1,4,,
9208783,BLACK GOLD HAULING LLC,,2026-09-23,A,C,AUTHORIZED FOR HIRE,2748 KEYSTONE DR,ODESSA,TX,79762,4322080502,blackgoldllc10@gmail.com,1,1,,
9185694,WEALTHRISE,,2026-09-23,A,A,PRIVATE PROPERTY;AUTHORIZED FOR HIRE,710 CROSSINGS PL,GRIFFIN,GA,30223,4704020710,WEALTHRISE2@GMAIL.COM,5,4,,
9178439,47 MAGA TRUCK INC,,2026-09-23,A,A,AUTHORIZED FOR HIRE,12584 ATWOOD CT APT 1816,RANCHO CUCAMONGA,CA,91739,6267807726,BSSMKW1021@GMAIL.COM,1,1,,
9172502,4M LEGACY EXPRESS LLC,,2026-09-23,A,A,AUTHORIZED FOR HIRE,"732 MILL WATER DRIVE, APT 816",FORT WORTH,TX,76120,6824764090,DISPATCH@4MLEGACYEXPRESSLLC.COM,1,1,,
9169787,"AMD INVESTMENTS, LLC",,2026-09-23,A,A,PRIVATE PROPERTY;AUTHORIZED FOR HIRE,433 KERR LAKE RD.,ABERDEEN,NC,28315,3024637114,adowning1@gmail.com,2,4,,
9168387,MICHAEL GENE JOHNSON,,2026-09-23,A,C,PRIVATE PROPERTY,101 RIDINGS ROAD,OAKVILLE,WA,98568,3605802787,MIKEJAN1123@GMAIL.COM,2,1,,
9168255,RICHARD MICHAEL,,2026-09-23,A,C,PRIVATE PROPERTY,5670 FIVE MILE RD 5670 FIVE MILE RD,HINSDALE,NY,14743,7163781556,RICH17X@GMAIL.COM,1,2,,
9140886,"PBROAD RUNNER, LLC",,2026-09-23,A,A,AUTHORIZED FOR HIRE,1909 SE 44TH TER,GAINESVILLE,FL,32641-9509,3525983308,PBROADRUNNER352@GMAIL.COM,1,1,,
9123040,"EDWARDS LAND CLEARING & SITE PREP., INC.",,2026-09-23,A,A,AUTHORIZED FOR HIRE,656 MOUNT PLEASANT RD,CLYO,GA,31303-2541,9126676063,EDWARDSSITEPREP@AOL.COM,1,2,,
9100615,FORGE HAULING LLC,,2026-09-23,A,A,PRIVATE PROPERTY;AUTHORIZED FOR HIRE,473610 E 1080 ROAD,MULDROW,OK,74948,4798318463,FORGEHAULINGLLC@GMAIL.COM,24,8,,
9095761,DELIVERANCE LOGISTICS LLC,,2026-09-23,A,A,AUTHORIZED FOR HIRE,3415 KNOTWOOD DRIVE,COLORADO SPRINGS,CO,80910,3039991751,DELIVERANCELOGISTICS508@GMAIL.COM,1,1,,
9087656,CAR HAULER PRO LLC,,2026-09-23,A,A,AUTHORIZED FOR HIRE,2135 SE 122ND AVE APT 2,PORTLAND,OR,97233,9712911844,CARMOVERPRO@GMAIL.COM,4,4,,
9075294,F.C. LEONARD LOGISTICS,,2026-09-23,A,C,AUTHORIZED FOR HIRE,1371 JE BLAYDES PARKWAY,ATOKA,TN,38004,9014135948,CHEBREWLEONARD@GMAIL.COM,3,4,,
9064781,FREEDOM TOWING & AUTO SERVICE LLC,,2026-09-23,A,A,AUTHORIZED FOR HIRE,25 STANLEY LOOP,FREDERICKSBURG,VA,22406,5406766872,FREEDOMTASERVICE@GMAIL.COM,1,1,,
9060085,"ALL KINE TOWING, LLC",,2026-09-23,A,C,AUTHORIZED FOR HIRE,3472 KAHUMOKU ROAD,LIHUE,HI,96766,8083531581,ALLKINETOWINGLLC@GMAIL.COM,5,2,,
9056625,"PIKE FREIGHT SOLUTIONS, INC.",,2026-09-23,A,C,,7073 M35 HIGHWAY 2 AND 41,GLADSTONE,MI,49837,9067863732,jackk@pikedist.net,0,,,
9052070,"RYAN REPAIR SHOP, LLC",,2026-09-23,A,A,AUTHORIZED FOR HIRE,2175 RYAN RD,WESSON,MS,39191-9239,6017543242,RYANREPAIRSHOP2@YAHOO.COM,1,1,,
9048601,OKKA TRUCKING INC,,2026-09-23,A,C,PRIVATE PROPERTY,1501 VOORHIES AVE APT 18K,BROOKLYN,NY,11235,9172507343,ALIGUNHANKAYMAK@GMAIL.COM,1,1,,
9047716,PREMIUM DELIVERY TRANSPORTATION LLC,,2026-09-23,A,C,AUTHORIZED FOR HIRE,3450 BONWAY LANE,HOUSTON,TX,77045,3464206003,alejandrogarciadaniel42@gmail.com,1,1,,
9044306,RP LEGACY LOGISTICS LLC,,2026-09-23,A,C,AUTHORIZED FOR HIRE,2085 MCLAUGHLIN AVE APT 209,SAN JOSE,CA,95122,6693514381,rplegacylogisticsllc@gmail.com,1,1,,
9044208,J&J LOGISTICS SERVICES LLC,,2026-09-23,A,A,AUTHORIZED FOR HIRE,1204 STATE HIGHWAY 83,HARTFORD,WI,53027,4147975120,JJLOGISTICSWI@GMAIL.COM,3,4,,
8997238,ALKAT LOGISTICS LLC,,2026-09-23,A,A,AUTHORIZED FOR HIRE,228 HILLTOP DRIVE,WALPOLE,MA,02081-4404,8578690080,YAROSLAV.KYRPYCH@GMAIL.COM,2,4,,
8993484,9418229 CANADA INC.,GRACEWAY LOGISTICS,2026-09-23,A,A,AUTHORIZED FOR HIRE,119 BRANIGAN CRES,GEORGETOWN,ON,L7G 0M8,4168243292,ADMIN@GRACEWAYLOGISTICS.COM,1,1,,
8993332,WILLIAM T SHOEMAKER,SHOE’S LAWN CARE,2026-09-23,A,C,PRIVATE PROPERTY,2501 WEST 10TH ST,HASTINGS,NE,68901,4029845288,TYSHOEMAKER@LIVE.COM,1,3,,
8987036,A&T TREE SERVICE LLC,,2026-09-23,A,C,PRIVATE PROPERTY,29 HIGHLAND AVE,DOVER,NJ,07801,8622430929,ALECHAV2016@GMAIL.COM,2,2,,
8986120,C&M GLANCY,,2026-09-23,A,C,PRIVATE PROPERTY,107 DUTCH DRIVE,GRIFFIN,GA,30223,4044333568,hayjerry2016@gmail.com,3,4,,
8978714,AAAG AUTO TRANSPORT LLC,,2026-09-23,A,A,AUTHORIZED FOR HIRE,29W675 CUL DE SAC DR,WEST CHICAGO,IL,60185,6307200105,AAAGAUTOTRANSPORTLLC@YAHOO.COM,1,100,,
8973712,LOS DE GARCIA TRUCKING INC,,2026-09-23,A,A,AUTHORIZED FOR HIRE,5936 AUTUMN DAMASK ST,NORTH LAS VEGAS,NV,89081,7024173209,LDGTRUCKINGINC@GMAIL.COM,1,2,,
8970840,AMERISTAR SERVICES LLC,,2026-09-23,A,A,AUTHORIZED FOR HIRE,3533 EASTON SQUARE PL,COLUMBUS,OH,43219,6124411383,DISPATCH@AMERISTARSERVICESLLC2.COM,1,1,,
8957258,SHALABI TRANSPORT INC,,2026-09-23,A,A,AUTHORIZED FOR HIRE,10210 S 84TH TER APT 313,PALOS HILLS,IL,60465,7086917554,ahmadshalabi1948@gmail.com,1,1,,
8944472,INK GRAY LLC,,2026-09-23,A,A,AUTHORIZED FOR HIRE,1933 ARGYLE LN,LEWISVILLE,TX,75067,3326990205,INKGRAY2026@GMAIL.COM,1,1,,
8926158,DREAM GREEN ARCHITECTURAL LANDSCAPING LLC,DREAM GREEN DESIGN ARCHITECTURAL LANDSCAPING,2026-09-23,A,A,PRIVATE PROPERTY,26 OAK LN,RANDOLPH,NJ,07869-3117,2015729282,SARA@GETCOMMERCIALSUPPORT.COM,16,6,,2026-09-23
8914360,REBERTH LLC,REBERTH LOGISTICS,2026-09-23,P,A,STATE GOVERNMENT;AUTHORIZED FOR HIRE,6503 GREEN SUMMER LANE,HUMBLE,TX,77338,8237480012,KEN_1@REBERTHDIALYSIS.COM,2,4,,
8909126,K AND H TRUCKING LLC,,2026-09-23,A,C,AUTHORIZED FOR HIRE,7439 COUNTY RD 40,YUMA,CO,80759,9703609967,KEVIN.ISAC@ICLOUD.COM,1,1,,
8908920,FBELLA TRANSPORT LLC,,2026-09-23,A,C,AUTHORIZED FOR HIRE,4531 ALDERMAN RD,BOWLING GREEN,FL,33834,6562383898,freyabella1723@gmail.com,1,1,,
8905395,NEXTGEN DESIGN & CONCEPTS LLC,SUREHAUL SERVICES,2026-09-23,A,C,PRIVATE PROPERTY;AUTHORIZED FOR HIRE,4469 OLD MERCER RD,VOLANT,PA,16156-2615,7247144796,surehaulservicespa@gmail.com,1,1,,
8903764,APEX TOWING AND REPAIR LLC,,2026-09-23,A,C,PRIVATE PROPERTY,7610 104TH AVE,PLEASANT PRAIRE,WI,53158,2624122770,apextowingsolutions@gmail.com,1,61,,
8875452,R-N-R TRANSPORT LLC,,2026-09-23,A,A,PRIVATE PROPERTY;AUTHORIZED FOR HIRE,1811 BURNHAM ROAD,FORT SMITH,AR,72903-3205,4796523600,KWILMO00@GMAIL.COM,1,4,,
8871890,CAMBRIDGE TECHNOLOGIES LLC,,2026-09-23,A,A,PRIVATE PROPERTY,1525 BIOSCIENCE DR STE 3,WORTHINGTON,MN,56187,8772981321,ACCOUNTING@CAMBRIDGETECHNOLOGIES.COM,4,4,,
8857399,MCDOWELL A.C.E. LLC,,2026-09-23,A,A,AUTHORIZED FOR HIRE,344 HOLLY ST,CHARLESTON,MS,38921,9012180458,OSM1966@YAHOO.COM,1,1,,
8849925,JCMB DENVER LLC.,JUST JUNK DENVER,2026-09-23,A,C,AUTHORIZED FOR HIRE,10901 W TOLLER DRIVE,LITTLETON,CO,80127,6472342849,MATTBYRNE@JUSTJUNK.COM,2,4,,
8832293,"ROAD FREIGHT TRANSPORT, LLC",,2026-09-23,A,A,AUTHORIZED FOR HIRE,6650 CR 579 HIGHWAY,SEFFNER,FL,33581,8135397891,JARGOG442@GMAIL.COM,1,1,,
8831761,KEVIN GONZALEZ,,2026-09-23,A,A,AUTHORIZED FOR HIRE,617 E ROBERT ST,FORT WORTH,TX,76104,8174555574,GONZALEZKEVIN20@ICLOUD.COM,1,1,,
8826291,8660620 CANADA INC.,GRX FREIGHT,2026-09-23,A,A,AUTHORIZED FOR HIRE,6B MEREDITH DR,ST CATHARINES,ON,L2M 6R6,7162365279,RIASHKOGEORGE@GMAIL.COM,1,1,,
8821363,"CAMG TRANSPORTATION,LLC",,2026-09-23,A,A,AUTHORIZED FOR HIRE,3200 MOOREWOOD DR,NASHVILLE,TN,37207,6159436216,INFO@CAMGLLC.COM,1,3,,
8801273,MAXIM R&R PLANT DEPOT,,2026-09-23,A,C,PRIVATE PROPERTY,19780 SW 177TH AVE,HOMESTEAD,FL,33187,7542347754,maxrico61324@gmail.com,1,1,,
8781225,T & R FREIGHT EXPRESS LLC,,2026-09-23,A,A,AUTHORIZED FOR HIRE,5217 CARDIFF DR,NASHVILLE,TN,37211,6187590318,RODLINGLE@GMAIL.COM,1,1,,
8775733,BASHIR MOHAMED,RISING SUN LOGISTICS,2026-09-23,A,C,,1122 3RD ST SE STE 1906,CALGARY,AB,T2G 0E7,4039930980,hello@risingsunlogistics.ca,0,,,
8756923,CHITTY TRUCKING,BOBBY GENE CHITTY SR,2026-09-23,A,A,PRIVATE PROPERTY;AUTHORIZED FOR HIRE,5190 COUNTY ROAD 97,ABBEVILLE,AL,36310,9046737817,chittytony9@gmail.com,5,2,,
8744879,"DAVITT DESIGN BUILD, INC.",,2026-09-23,A,A,PRIVATE PROPERTY,4 FRANK AVENUE,WEST KINGSTON,RI,02892,4017929799,MJRDAVITT@DAVITTINC.COM,4,2,,
8721222,"OECS, LLC",,2026-09-23,A,A,PRIVATE PROPERTY,405 PERIWINKLE PL,SAINT JOHNS,FL,32259-4430,9042548386,LON@OECSLLC.COM,1,2,,
8714487,TRIPLE M EXPRESS LLC,,2026-09-23,A,A,PRIVATE PROPERTY;AUTHORIZED FOR HIRE,324 NELSON LANE,CLAYTON,NC,27527,9197388742,OATES.MARCUS@YAHOO.COM,1,4,,
8704358,LONESOME TRANSPORT LLC,,2026-09-23,A,A,AUTHORIZED FOR HIRE,877 KRISTIN ST.,CHINO VALLEY,AZ,86323-5372,9285159982,LONESOMETRANSPORT@GMAIL.GOV,1,1,,
8703546,SPM O23 TRUCKING CORP,,2026-09-23,A,A,AUTHORIZED FOR HIRE,5070 OLD AIRPORT RD,HAZLE TOWNSHIP,PA,18202,5704360348,spm023trucking@gmail.com,1,1,,
8702267,ELI & C SCHOOL BUS SERVICE INC,,2026-09-23,A,C,"PRIVATE PASSENGER, BUSINESS;PRIVATE PASSENGER, NON-BUSINESS;AUTHORIZED FOR HIRE",11271 NW 7TH ST UNIT 11,MIAMI,FL,33172,7867399698,CARLOSSACZEKR@GMAIL.COM,5,2,,
8700560,UNLIMITED MOTION 1WAY LOGISTICS,,2026-09-23,A,A,PRIVATE PROPERTY;AUTHORIZED FOR HIRE,9217 EVERGLADE DRIVE,HOUSTON,TX,77078,4329246248,MATTHEW.CASEY65@GMAIL.COM,2,8,,
8675990,EBENEZER LOGISTIC LLC,,2026-09-23,A,A,AUTHORIZED FOR HIRE,1606 FERRY ST,EASTON,PA,18042,4844566945,EBENEZERLOGISTCS@GMAIL.COM,1,1,,
8671824,HAJ LOGISTICS LLC,,2026-09-23,A,A,AUTHORIZED FOR HIRE,42 S DAWES AVENUE,KINGSTON,PA,18704,7867151820,ABODHAMDAN80@GMAIL.COM,1,1,,
8671363,HSM LOGISTICS LLC,,2026-09-23,A,A,AUTHORIZED FOR HIRE,2728 S ROSEGARDEN BLVD,MECHANICSBURG,PA,17055,7178020582,HSMLOGISTICLLC@GMAIL.COM,1,1,,
8664005,MVR XPRESS LLC,,2026-09-23,A,A,AUTHORIZED FOR HIRE,7101 VANSCOY AVE,NORTH HOLLYWOOD,CA,91605,8182378566,K.MHER@YAHOO.COM,1,1,,
8653226,FST CANADA INC,TRACKLESS VEHICLES,2026-09-23,A,A,PRIVATE PROPERTY,55 THUNDERBIRD DR,COURTLAND,ON,N0J 1E0,5196880370,SCOTT.FELLOWS@TRACKLESSVEHICLES.COM,6,6,,
8592079,SAMI TRANSPORTATION LLC,,2026-09-23,A,A,AUTHORIZED FOR HIRE,901 DINWIDDIE ST S APT 413,ARLINGTON,VA,22204,5712185659,NOAHSAMUEL95@YAHOO.COM,2,4,,
8563300,CHRISTY TOWING LLC,,2026-09-23,A,C,PRIVATE PROPERTY;AUTHORIZED FOR HIRE,5272 WEST BROADWAY AVE,CRYSTAL,MN,55429,6127032236,rbbchristy@yahoo.com,2,1,,
8561504,LA PIEDAD CORPORATION,,2026-09-23,A,C,PRIVATE PROPERTY;AUTHORIZED FOR HIRE,300 LA CANADA AVE,OXNARD,CA,93033,8057981708,lapiedadcorp@gmail.com,1,1,,
8552266,DMC FREIGHT TRANSPORT LLC,,2026-09-23,A,A,AUTHORIZED FOR HIRE,4011 ITZLE ISLAND CT,KATY,TX,77494,5313104221,dmcfreighttransport@gmail.com,1,1,,
8540217,KAVARI EXPRESS LLC,,2026-09-23,A,A,AUTHORIZED FOR HIRE,2401 W SPRING CREEK PKW 2502,PLANO,TX,75023,4697977454,EXPRESS.KAVARI@GMAIL.COM,1,2,,2026-09-23
8523812,WOODPORT NEWCO LLC,,2026-09-23,A,C,PRIVATE PROPERTY,24614 US HWY 71,BELGRADE,MN,56312,3202543651,ACCOUNTING@BAYERBUILT.COM,2,2,,
8518781,MATTHEW HOISINGTON,,2026-09-23,A,C,PRIVATE PROPERTY,4751 GANNON ROAD,FOWLERVILLE,MI,48836,5176054963,HOISY_32@HOTMAIL.COM,4,6,,
8497578,GV HEAVY HAULING LLC,,2026-09-23,A,C,AUTHORIZED FOR HIRE,10880 BARKER CYPRESS RD APTO 8302,CYPRESS,TX,77433,8329695403,GVHEAVYHAULING@GMAIL.COM,1,2,,
8494143,JENKS ELITE CARRIERS LLC,,2026-09-23,A,C,AUTHORIZED FOR HIRE,2203 MAINSAIL LANE,ARLINGTON,TX,76002,8175132303,transport@jenkelitecarriers.com,1,2,,
8493815,NEWCASTLE RIDGE LLC,,2026-09-23,A,C,AUTHORIZED FOR HIRE,133 EAST 100 SOUTH,NEWCASTLE,UT,84756,4359905985,NEWCASTLERIDGEMAIL@GMAIL.COM,2,1,,
8480837,MIEZI GROUP LLC,,2026-09-23,A,C,,322 N SHORE DRIVE STE 200,PITTSBURGH,PA,15212,4127063860,contact@miezigroup.com,0,,,
8475308,FENIX FREIGHT GROUP LLC,,2026-09-23,A,A,AUTHORIZED FOR HIRE,16435 W RETRIEVER WAY UNIT 108,LOCKPORT,IL,60441,5039147199,CARRIER@FENIXFREIGHTGROUP.COM,1,1,,
8464673,AMERICAN FRONTIER LLC,,2026-09-23,A,A,AUTHORIZED FOR HIRE,3621 5 MILE RD APT B,RACINE,WI,53402,4145148698,americanfrontier26@gmail.com,1,2,,
8459045,BROTHERS MENDOZA CABLE LLC,,2026-09-23,A,A,PRIVATE PROPERTY,6010 CORTEZ CT,HERMITAGE,TN,37076-2404,6292541300,FJMENDALMA@GMAIL.COM,0,1,,
8456306,BELLAINE & SONS TRUCKING LLC,,2026-09-23,A,A,AUTHORIZED FOR HIRE,410 W SEWELL ST,PAGELAND,SC,29728-1717,7046353205,B.STRUCKING2026@GMAIL.COM,1,1,,
8443143,LUNA DESIGN STUDIOS,,2026-09-23,A,A,PRIVATE PROPERTY;AUTHORIZED FOR HIRE,34801 SPYDER CIRCLE,PALM DESERT,CA,92211,7607761144,ricky@lunadesignstudios.com,6,80,,
8428962,J R LANDSCAPING INC,,2026-09-23,A,A,PRIVATE PROPERTY,21 PEQUOSSETTE ST,WATERTOWN,MA,02472-2761,6173187779,celinaroberto14@gmail.com,1,2,,
8422289,HERE I COME TRUCKING LLC,,2026-09-23,A,A,PRIVATE PROPERTY;AUTHORIZED FOR HIRE;EXEMPT FOR HIRE,2848 N ILLINOIS ST,INDIANAPOLIS,IN,46208,3174990541,damonstewart16@gmail.com,2,4,,
8415574,"D UNION COMPANY, INC",,2026-09-23,A,A,PRIVATE PROPERTY,4920 S LANDING DR 111,PORTLAND,OR,97239,9717064066,OFFICE@THEUNIONCOMPANY.COM,3,4,,
8412375,FARMDOG BEACH SERVICES LLC,,2026-09-23,A,A,PRIVATE PROPERTY;AUTHORIZED FOR HIRE,2403 WRIGHTSVILLE AVENUE,NAGS HEAD,NC,27959,2522561434,info@farmdogbeachservices.com,1,8,,2026-09-23
8402873,RGM HAULING LLC,,2026-09-23,A,C,AUTHORIZED FOR HIRE,118 E COBER DR,GRAND PRAIRIE,TX,75051,4805873169,RODRIGOGARZAMTZ21@GMAIL.COM,2,1,,
8396675,FORT MYERS HOTEL ONE LLC,COURTYARD BY MARRIOTT I75 & GULF COAST TOWN CENTER,2026-09-23,A,C,"PRIVATE PROPERTY;PRIVATE PASSENGER, BUSINESS;PRIVATE PASSENGER, NON-BUSINESS",10050 GULF CENTER DR,FORT MYERS,FL,33913,2393324747,CY.RSWAP.GM@MARRIOTT.COM,2,6,,
8386427,J2 DRIVEN LLC,,2026-09-23,A,A,AUTHORIZED FOR HIRE,1163 COUNTY ROAD 4200,WINNSBORO,TX,75494,9034401816,J2DRIVEN@YAHOO.COM,1,2,,
8382898,SK PRIME LOGISTICS INC,,2026-09-23,A,A,AUTHORIZED FOR HIRE,1343 WEST 223RD STREET,TORRANCE,CA,90501,3102599678,sk.prime333@gmail.com,1,4,,
8360438,ARANDA & SON LLC,,2026-09-23,A,C,AUTHORIZED FOR HIRE,1401 COUNTY ROAD 118 APT 1205,HUTTO,TX,78634,7375292336,ELIESERARANDA000@GMAIL.COM,1,1,,
8355931,CONTINUUM SMILES CORP,,2026-09-23,A,C,PRIVATE PROPERTY,101 SUMMIT HALL RD,GAITHERSBURG,MD,20877,3017487894,BWBAR023@OUTLOOK.COM,1,1,,
8354437,FORTIFY CONTRACTING LLC,,2026-09-23,A,A,PRIVATE PROPERTY,131 BIRCHWOOD ROAD,OLD TAPPAN,NJ,07675,6314841246,DFORTIFYCONTRACTING@GMAIL.COM,2,1,,
8349189,ESTX SPECIALIZED LLC,,2026-09-23,A,C,AUTHORIZED FOR HIRE,2023 DONA LUZ DR,LAREDO,TX,78045,9568577680,gloriana@estxspecialized.com,31,15,,
8346200,A2 ANYTIME ANYWHERE TOWING LLC,,2026-09-23,A,A,AUTHORIZED FOR HIRE,600 BOULEVARD SOUTH SW STE 104S,HUNTSVILLE,AL,35802,2566946579,info@a2towing.com,1,1,,
8332846,WAGON WHEEL TRUCKING LLC,,2026-09-23,A,A,PRIVATE PROPERTY;AUTHORIZED FOR HIRE,305 BRACKIN TRACE,GRAYSON,GA,30017,4043286769,LITTLEEGO@YAHOO.COM,3,4,,
8331609,QRE DISTRIBUTION LLC,,2026-09-23,A,A,PRIVATE PROPERTY,5611 EAGLE SKY BLVD,KATY,TX,77449,5615421235,QREDISTRIBUTIONLLC@GMAIL.COM,2,2,,
8329911,TROPICARGO EXPRESS LLC,,2026-09-23,A,C,AUTHORIZED FOR HIRE,225 NW 40TH ST,MIAMI,FL,33134,3054388022,TROPICARGOEXPRESSLLC@GMAIL.COM,1,1,,
8326232,H 2 P EXPRESS INC,,2026-09-23,A,A,AUTHORIZED FOR HIRE,6029 SHERIDAN WAY,BUENA PARK,CA,90620,3852595135,H2PEXPRESS@GMAIL.COM,1,2,,
8312087,ALLISON ABRASIVES INC,,2026-09-23,A,A,PRIVATE PROPERTY,141 INDUSTRY ROAD,LANCASTER,KY,40444,8597927030,SHANNA.BOLIN@ALLISONABRASIVES.COM,3,4,,
8310432,JAPAN FRESH NATURAL LLC,,2026-09-23,A,C,PRIVATE PROPERTY,1972 E 20TH ST,VERNON,CA,90058-1005,2135580057,ceo@japanfreshnatural.com,3,3,,
8292149,V BROTHERS TRANSPORT LLC,,2026-09-23,A,A,AUTHORIZED FOR HIRE,3445 ADAMSVILLE RD,ZANESVILLE,OH,43701,6145566049,VILLEDAREPAIR@GMAIL.COM,5,10,,
8272184,"IRON EARTH, LLC",,2026-09-23,A,C,PRIVATE PROPERTY,345276 E 1010 RD,MEEKER,OK,74855-7904,4059920258,JEREMY@IRONEARTHSEPTIC.COM,5,4,,
8269492,BENTLEY FAMILY LOGISTICS,,2026-09-23,A,A,AUTHORIZED FOR HIRE,38960 ALFRED COURT,CHERRY VALLEY,CA,92223,9518058604,cbentley0909@gmail.com,1,4,,
8266821,THE WAY OF EDOM INC,,2026-09-23,A,C,AUTHORIZED FOR HIRE,2328 W WALNUT CREEK PKWY,WEST COVINA,CA,91790,3106002241,LIS065214@GMAIL.COM,1,1,,
8251996,ROBINSON RANCH,,2026-09-23,A,A,PRIVATE PROPERTY,88790 5825 AVE,NEWCASTLE,NE,68757,3606310670,ROBINSONRANCHNEBRASKA@GMAIL.COM,2,2,,
8248979,"J U TRUST TRANSPORT, LLC",,2026-09-23,A,C,AUTHORIZED FOR HIRE,9751 CYPRESS BEND DR,AMARILLO,TX,79119-8058,8062027613,sandjwellservice@gmail.com,13,5,,
8245948,"POWERS RAPID TRANSPORT OF GEORGIA LLC,",,2026-09-23,A,C,AUTHORIZED FOR HIRE,3569 SALEM GLEN ROAD,LITHONIA,GA,30038,4049541743,powersrapidtransport@gmail.com,2,8,,
8237897,APEXLANE LOGISTICS LLC,,2026-09-23,A,C,AUTHORIZED FOR HIRE,542 FULLER ST SE,GRAND RAPIDS,MI,49506,6164082671,PSEYMORE3232@ICLOUD.COM,1,1,,
8231080,RIGOBERTO CRUZ CORDOVA,,2026-09-23,A,C,AUTHORIZED FOR HIRE,6915 FULTON AVE 4,NORTH HOLLYWOOD,CA,91605,8187921989,RIGOBERTOCRUZCORDOVA@GMAIL.COM,2,1,,
8229658,VELOZADRIVE LLC,,2026-09-23,A,C,AUTHORIZED FOR HIRE,285 BRUSSELS ST,SAN FRANCISCO,CA,94134,4153684497,VELOZADRIVE@GMAIL.COM,2,3,,
8220808,H & B TREE LLC,,2026-09-23,A,A,PRIVATE PROPERTY,"238 KLENCO RD, CORNETTSVILLE, KY 41731, USA 238 KL",CORNETTSVILLE,KY,41731,6063093533,JOEH_UCI@YAHOO.COM,4,8,,
8218796,MSM LINES LLC,,2026-09-23,A,A,AUTHORIZED FOR HIRE,18203 WESTFIELD PLACE DR UNIT 1136,HOUSTON,TX,77090,5127749190,MSMLINESLLC@GMAIL.COM,1,1,,
8206033,JESUS GUERRERO,,2026-09-23,A,C,AUTHORIZED FOR HIRE,418 BRIDGIT DRIVE,CONVERSE,TX,78109,2106299537,PROHAULN@GMAIL.COM,1,1,,
8190767,ARCTIC AUTO SALES,,2026-09-23,I,C,PRIVATE PROPERTY;AUTHORIZED FOR HIRE,150 CARRIAGE LN,DELRAN,NJ,08075,6095768022,WALEED8022@GMAIL.COM,3,2,,
8189191,REHOBOTH GLOBAL LLC,REHOBOTH GLOBAL,2026-09-23,A,A,AUTHORIZED FOR HIRE,26219 SERENITY OAKS DRIVE,RICHMOND,TX,77406,7372970481,bereshitoro@gmail.com,2,1,,
8187827,EVELYN & ADDO LOGISTICS LTD,,2026-09-23,A,A,AUTHORIZED FOR HIRE,12902 TIMBER WOOD CIR,PLAINFIELD,IL,60403,6304188343,evelyn@tscgroupinc.net,1,1,,
8179978,VANTIER LLC,,2026-09-23,A,A,PRIVATE PROPERTY;AUTHORIZED FOR HIRE,4215 EVADO LN,SUMMERVILLE,SC,29486,3476561436,VANTIERMGMT@GMAIL.COM,1,1,,
8168968,"MONTANA27, LLC",,2026-09-23,A,A,PRIVATE PROPERTY,1000 CAROLYNDON DR,HIGH POINT,NC,27262,3363376102,syurko@montana27.com,6,4,,2026-09-23
8158723,C&B HAULING LLC,,2026-09-23,A,C,AUTHORIZED FOR HIRE,7637 HAWTHORNE PL 2050 BELLE AVE,SAINT LOUIS,MO,63130,3149717387,CBHAULINGLLC314@GMAIL.COM,2,4,,
8156074,DATA SERVICESS LLC,,2026-09-23,A,A,AUTHORIZED FOR HIRE,163 GROVE ST,LODI,NJ,07644,8565108900,dataservicessllc@gmail.com,1,1,,
8143611,ELITE LOGISTICS 23 LLC,,2026-09-23,A,A,AUTHORIZED FOR HIRE,18403 SEAFORTH ST,HEPERIA,CA,92345,7607132614,ELAINERUIZZ@YAHOO.COM,1,1,,
8108934,DEREK DIETZENBACH,DEREK DIETZENBACH TRUCKING,2026-09-23,A,C,AUTHORIZED FOR HIRE,2382 123RD ST,FORT ATKINSON,IA,52144,5634221227,derekdietz00@gmail.com,1,1,,
8089182,ARTEAGA TRUCKING LLC,,2026-09-23,A,C,AUTHORIZED FOR HIRE,3318 BEGONIA BND,SAN ANTONIO,TX,78222-4460,3252487106,harteaga@atruckingllc.com,7,7,,
8072825,10-E POWER LLC,,2026-09-23,A,C,PRIVATE PROPERTY,6670 W 5100 S,HOOPER,UT,84315,8018662299,MATT@10E-POWER.COM,4,4,,
8069328,BADIE & SON LLC,,2026-09-23,A,A,AUTHORIZED FOR HIRE,1830 GLENIFER ST,PHILADELPHIA,PA,19141,2672348542,PHILLYAB215@GMAIL.COM,2,1,,
8063528,BLACK WOLVES FREIGHT LLC,,2026-09-23,A,A,AUTHORIZED FOR HIRE,15426 PERRIS BLVD C,MORENO VALLEY,CA,92551,2063595075,BLACKWOLVESFREIGHT@GMAIL.COM,1,1,,
8056805,KT EXPRESS TRUCKING LLC,,2026-09-23,A,C,AUTHORIZED FOR HIRE,2300 INDIAN HILLS DRIVE BUILDING 1 APT 224,SIOUX CITY,IA,51104,3369423453,KTEAME629@GMAIL.COM,1,1,,
8042613,KALEN JOHN BJERKESET,KB SERVICES,2026-09-23,A,C,PRIVATE PROPERTY,7025 COUNTY ROAD 15 SW,MONTEVIDEO,MN,56265,3203213891,KBJERKESETKAL@GMAIL.COM,3,2,,
8041966,SYCF LLC,,2026-09-23,A,A,AUTHORIZED FOR HIRE,7726 JORDAN AVE 7728,CANOGA PARK,CA,91303,8189230164,sycfllc@gmail.com,1,8,,
8021520,SANTOS TRUCKING LLC,,2026-09-23,A,A,AUTHORIZED FOR HIRE,21 WALNUT ST,ELMWOOD PARK,NJ,07407-1340,9736413811,santostruckingllc23@gmail.com,1,1,,2026-09-25
8001508,JACOB EDGAR TRUCKING LLC,,2026-09-23,A,A,AUTHORIZED FOR HIRE,13416 DARLINGTON RD NW,CALUMET,OK,73014,5803012329,JACOBEDGAR97@GMAIL.COM,1,1,,
7979201,"SHORT HAUL FLEET, LLC",,2026-09-23,A,A,AUTHORIZED FOR HIRE,1101 YAWKEY AVENUE,ROTHSCHILD,WI,54474,7152033696,MRUHR@CCSERVICESGROUP.COM,7,4,,
7975750,HAYES HAULING LLC,,2026-09-23,A,A,AUTHORIZED FOR HIRE,4617 OLD RANDLEMAN ROAD,GREENSBORO,NC,27406,9108417802,JAMES@HAYESHAULINGLLC.COM,1,1,,
7973735,N.A.B.L. TRUCKING LLC,,2026-09-23,A,A,PRIVATE PROPERTY,121 JACQUES STREET,ELIZABETH,NJ,07201,9082885344,n.a.b.l.trucking.nj@gmail.com,2,302,,
7965493,"SAPA FREIGHT, INC",,2026-09-23,A,A,AUTHORIZED FOR HIRE,10723 5TH AVE CUT OFF APT 302,COUNTRYSIDE,IL,60525-5021,6785598739,accounting@sapafreight.us,2,1,,
7954931,MF LOGISTICS LLC,,2026-09-23,A,A,AUTHORIZED FOR HIRE,1317 MAYBERRY ST,ODESSA,TX,79765,4322303224,mf.logistics.wtx@gmail.com,1,2,,
7953369,W.B TOWNSEND TRUCKING LLC,,2026-09-23,A,A,AUTHORIZED FOR HIRE,8 CEMETARY ROAD,HARDEEVILLE,SC,29927,9126433341,wbt3.hollywood@yahoo.com,1,4,,
7931584,AURORA TRUCKING COMPANY LLC,,2026-09-23,A,C,AUTHORIZED FOR HIRE,1674 W 44TH PL,HIALEAH,FL,33012,7869926313,YUNIORPALACIOS88@GMAIL.COM,1,1,,
7916918,WEARS TV LLC,,2026-09-23,A,A,PRIVATE PROPERTY,5139 CLARK DRIVE,ROELAND PARK,KS,66205,8163014358,wearstv@gmail.com,2,1,,
7909664,FERZAM FORWARD LLC,,2026-09-23,A,C,,11699 W SWEETTGUM ST,ODESSA,TX,79763,7022507472,rachelf@ferzamforwardllc.com,0,,,
7907003,"APPLIED SCIENCE, INC.",,2026-09-23,A,A,PRIVATE PROPERTY,"21455 MELROSE AVE BUILDING R, SUITE 12",SOUTHFIELD,MI,48075,3135673990,APPLIEDSCIENCE@ASI-ENG.COM,3,3,,
7883050,BRIGHTERSIDE ARCHITECTURAL LLC,STEPHEN BOURGEOIS,2026-09-23,A,C,PRIVATE PROPERTY,8185 E LOWRY BLVD UNIT 206,DENVER,CO,80230,9708197950,smbarchitect@gmail.com,1,4,,
7862949,BAM EMPIRE LLC,,2026-09-23,A,C,AUTHORIZED FOR HIRE,2609 CHARLOTTE AVE,ROSEMEAD,CA,91770,5626446655,bamempire2017@gmail.com,1,1,,
7862487,IAN K KOSKEI,JAMBO LOGISTICS,2026-09-23,A,A,AUTHORIZED FOR HIRE,11417 GRANDVIEW ROAD,KANSAS,MO,64137,8163799093,jambologistics34@gmail.com,1,1,,
7855817,RURAL PROPERTY SERVICES LLC,,2026-09-23,A,A,PRIVATE PROPERTY;AUTHORIZED FOR HIRE,44 TROLLEY ROAD,PEQUEA,PA,17565,7172081476,manotti55@gmail.com,1,4,,2026-09-24
7855758,DASH DIRECT LOGISTICS LLC,,2026-09-23,A,A,AUTHORIZED FOR HIRE,6116 CALLE DE AMANDA,EDINBURG,TX,78542,9565878687,DASHDIRECT.TX@GMAIL.COM,3,8,,
7850955,MICHELLE JOYNER,,2026-09-23,A,C,PRIVATE PROPERTY,36680 KESTREL AVE,MCGREGOR,MN,55760-5799,2029182132,RICH@HOTRODVALUE.COM,1,1,,
7846140,SMITH BROS MOVING & JUNK SERVICES LLC,,2026-09-23,A,C,AUTHORIZED FOR HIRE,333 S MOCK ROAD APT 8,ALBANY,GA,31705,2296030799,SMITHBROSMOVINGSERVICES@GMAIL.COM,1,1,,
7830097,MAVERICK LINE LOGISTICS LLC,,2026-09-23,A,A,AUTHORIZED FOR HIRE,495 BRICKELL AVENUE APT 3810,MIAMI,FL,33131,9497933883,PERSSONANNIE10@GMAIL.COM,1,1,,
7829977,V & S TRUCKING LLC,,2026-09-23,A,A,AUTHORIZED FOR HIRE,35 PEARSON COVE,BYHALIA,MS,38611,9016029694,venazejiles@gmail.com,1,1,,
7827925,PLATINUM ROAD LOGISTICS LLC,,2026-09-23,A,A,AUTHORIZED FOR HIRE,102 S CEDAR STREET,HAZLETON,PA,18201-6648,2074136979,platinumroadlogisticsllc1@outlook.es,1,2,,2026-09-25
7800214,REGISTER HOLDINGS LLC,PHOENIX COURIERS,2026-09-23,A,C,AUTHORIZED FOR HIRE,475 SUNSHINE BLVD,FREDERICA,DE,19946-2365,3022013083,PHOENIXCOURIERS@PHXCOURIERS.COM,2,10,,
7796361,SHIFTROAD LLC,,2026-09-23,A,C,AUTHORIZED FOR HIRE,11361 FOUNTAINBRIDGE DR,FRISCO,TX,75035,4693884388,SHIFTROAD26@GMAIL.COM,1,1,,
7777823,FLOYD LOGISTICS,A.V.A LOGISTICS,2026-09-23,A,C,AUTHORIZED FOR HIRE,132 FOX RIDGE DR,MURFREESBORO,TN,37128,7208095288,FLOYDLOGISTICSCO@GMAIL.COM,2,4,,
7775884,AMENABAR BOYS TRUCKING LLC,,2026-09-23,A,C,AUTHORIZED FOR HIRE,16110 GAVIN LN,HOUSTON,TX,77049,2816387624,WILLIAMAMENABAR1971@GMAIL.COM,1,1,,
7769001,LUXX DIESEL LLC,,2026-09-23,A,C,PRIVATE PROPERTY;AUTHORIZED FOR HIRE,185 E CENTER ST,NEPHI,UT,84648,4356608520,LUXXDIESEL@GMAIL.COM,1,1,,
7761921,SKIF MOVERS LLC,,2026-09-23,A,A,AUTHORIZED FOR HIRE,10712 5TH AVE NE UNIT 740,SEATTLE,WA,98125-7269,2065166141,skifmovers@gmail.com,1,1,,
7755449,AFFORDABLE FURNITURE & ELECTRONICS,,2026-09-23,A,A,PRIVATE PROPERTY;AUTHORIZED FOR HIRE,1545 NOSTRAND AVE,BROOKLYN,NY,11226-5111,7189351101,AFFORDABLEFURNITURELLC@GMAIL.COM,3,8,,
7732328,ARROW WRIGHT LOGISTICS LLC,,2026-09-23,A,C,PRIVATE PROPERTY;AUTHORIZED FOR HIRE,2156 BUTLER BRIDGE RD,COVINGTON,GA,30016,4702620464,KEYY2079@GMAIL.COM,1,4,,
7729916,HAKEEN TRUCKING LLC,,2026-09-23,A,C,AUTHORIZED FOR HIRE,3902 CASTLE TREE CT,STONE MOUNTAIN,GA,30083,4042773963,hakeentruckingllc@gmail.com,2,1,,
7720221,PROTECH FIX LLC,,2026-09-23,A,A,PRIVATE PROPERTY,40 SEMINOLE AVE.,OAKLAND,NJ,07436,2016610888,INFO@PRO-TECHFIX.COM,3,2,,
7706458,L.A.R TRANSPORTATION INC,,2026-09-23,A,C,AUTHORIZED FOR HIRE,8040 RESEDA BLVD APT 247,RESEDA,CA,91335-1369,6612004564,luisdeliversmint@gmail.com,1,2,,
7695907,B & D TRANSPORT LLC,,2026-09-23,A,C,AUTHORIZED FOR HIRE,110 BOLTON AVE,SHEFFIELD,AL,35660,2564364219,PEGGYMACK19@AOL.COM,2,2,,
7694064,LUMIUM TRANSPORTATION INC,,2026-09-23,A,A,PRIVATE PROPERTY;AUTHORIZED FOR HIRE,14401 GILMORE ST UNIT 103,VAN NUYS,CA,91401,8183550547,lumiumtransportationinc@gmail.com,1,1,,
7689513,GRIZZY WORLD LLC,,2026-09-23,A,C,PRIVATE PROPERTY;AUTHORIZED FOR HIRE,3332 SHIREHILL LN,COLUMBUS,GA,31909,7063927709,GRIZZYWORLDLLC@GMAIL.COM,1,3,,
7688354,LURAE TRANSPORT LLC,,2026-09-23,A,A,AUTHORIZED FOR HIRE,W227S9365 BIG BEND DR,BIG BEND,WI,53103,2627208807,office@luraetransport.com,1,1,,
7678568,MRM TRANSPORT LLC,,2026-09-23,A,A,AUTHORIZED FOR HIRE,1104 4TH STREET SW APT 10,ALTOONA,IA,50009,7126388644,mrmtransport2026@gmail.com,1,1,,
7676932,LAMAIR GROUP LLC,,2026-09-23,A,A,AUTHORIZED FOR HIRE,5175 MERRIMONT DR,JOHNS CREEK,GA,30022-4596,4044228920,MZU.RUSI@GMAIL.COM,1,1,,
7649644,MD SITEWORKS LLC,,2026-09-23,A,A,PRIVATE PROPERTY;AUTHORIZED FOR HIRE;EXEMPT FOR HIRE,16415 67TH ST SE,COLFAX,ND,58018,2099881120,MDSITEWORKS@GMAIL.COM,3,2,,
7649568,LBT 1 LLC,SERVPRO OF MINNETONKA,2026-09-23,A,C,PRIVATE PROPERTY,6031 CULLIGAN WAY,MINNETONKA,MN,55345,9524734837,OFFICE@SERVPRO10278.COM,13,12,,
7648163,AMERICAN EAGLE XPRESS INC,,2026-09-23,A,A,AUTHORIZED FOR HIRE,16530 145TH AVE,JAMAICA,NY,11434,3472386045,GS3489610@GMAIL.COM,2,2,,
7632880,JFD LOGISTICS LLC,,2026-09-23,A,C,AUTHORIZED FOR HIRE,19153 NW 37TH AVE,MIAMI GARDENS,FL,33056,8006712494,JERSON1306@JFDLOGISTICSLLC.COM,2,601,,
7605433,DND FREIGHT LOGISTICS LLC,,2026-09-23,A,C,,5164 E 81ST AVE,MERRLLVILLE,IN,46410,9163438525,dinisiogilbert@uscsacs.org,0,,,
7605204,EL DAVID TRUCKING LLC,,2026-09-23,A,C,AUTHORIZED FOR HIRE,3423 WESTMARK,SAN ANTONIO,TX,78259,2107769670,ELDAVIDTRUCKING@GMAIL.COM,2,2,,
7586466,RC FAMILY BUSINESS,,2026-09-23,A,A,"PRIVATE PASSENGER, BUSINESS;PRIVATE PASSENGER, NON-BUSINESS;AUTHORIZED FOR HIRE",4320 GLENHAVEN ROAD,CINCINNATI,OH,45238,2832355489,rcfamilybusiness3@gmail.com,1,8,,
7586076,LOVES EXPEDITED LOGISTICS,,2026-09-23,A,C,AUTHORIZED FOR HIRE,8115 45TH COURT EAST APT 5,SARASOTA,FL,34243,9418992822,VANESSALOYAL2014@GMAIL.COM,1,1,,
7575034,NEWBUILD CONSTRUCTION AND RESTORATION INC,,2026-09-23,A,C,PRIVATE PROPERTY,625 W. KATELLA AVE STE 27,ORANGE,CA,92867-4619,7149124836,newbuild27@gmail.com,1,3,,2026-09-25
7570499,METROGRIND LLC,,2026-09-23,A,A,AUTHORIZED FOR HIRE,1625 CONLEY RD APT 207,CONLEY,GA,30288-1888,4703858740,metrogrind253@gmail.com,1,1,,
7568683,SWORD LLC,,2026-09-23,A,A,AUTHORIZED FOR HIRE,2661 NE 115TH PL,VANCOUVER,WA,98684,3604513007,SWORD1979A@GMAIL.COM,1,1,,2026-09-23
7561618,JT LOGISTICS LLC,,2026-09-23,A,A,AUTHORIZED FOR HIRE,4208 VAN DYKE DR,KNOXVILLE,TN,37919,7733416533,dmoney_1@icloud.com,1,1,,
7554777,PLAIN SIGHT FREIGHT LLC,,2026-09-23,A,A,AUTHORIZED FOR HIRE,260 MARCELLA RD APT 215,HAMPTON,VA,23666,6467041509,RICARDO@PLAINSIGHTFREIGHT.COM,1,1,,
7532757,MEDIROUTE TRANS LLC,,2026-09-23,A,A,"PRIVATE PASSENGER, BUSINESS;PRIVATE PASSENGER, NON-BUSINESS;AUTHORIZED FOR HIRE",312 S FOURTH ST SUITE 700,LOUISVILLE,KY,40202,5189189601,wellpathtranz@gmail.com,10,5,,
7526299,PABLO RIVERA CASTILLO,SR TRANSPORTATION,2026-09-23,A,C,"PRIVATE PROPERTY;PRIVATE PASSENGER, BUSINESS;PRIVATE PASSENGER, NON-BUSINESS;AUTHORIZED FOR HIRE",URB RIO HONDO II AF-17 CALLE RIO HERRERA,BAYAMON,PR,00961,7875178217,sr.transportationpr@gmail.com,1,1,,
7495100,MTD FAMILY TRUCKING LLC,,2026-09-23,A,C,AUTHORIZED FOR HIRE,52 MELROSE AVE,HEWITT,NJ,07421,9734058032,mtdtruckingllc@gmail.com,6,1,,
7462384,S AND J TRANSPORTATION LLC,,2026-09-23,A,C,AUTHORIZED FOR HIRE,3066 S FESTIVAL DR,WEST VALLEY CITY,UT,84120,6507715444,JOSEBARRAGAN590@GMAIL.COM,2,1,,
7461218,EDEN VIEW ENTERPRISES LLC,,2026-09-23,A,C,AUTHORIZED FOR HIRE,9319 WHITTENBURG GATE 9319 WHITTENBURG GATE,DALLAS,TX,75234,2543015600,asiawhitley0@gmail.com,2,2,,
7454970,11091883 CANADA INC,LETS AUTOMATE SOLUTIONS,2026-09-23,A,A,AUTHORIZED FOR HIRE,115 RYAN ST,FERGUS,ON,N1M 0E4,6475492314,JVSEROKA@GMAIL.COM,1,4,,
7437820,REEM LOGISTICS LLC,,2026-09-23,A,A,AUTHORIZED FOR HIRE,20603 ENRIQUE DR,KATY,TX,77449,8328555505,reemlogisticsusa@gmail.com,1,1,,
7431241,"ENCANTO PALMS HEALTHCARE, LLC",ENCANTO PALMS ASSISTED LIVING,2026-09-23,A,C,"PRIVATE PASSENGER, BUSINESS;PRIVATE PASSENGER, NON-BUSINESS;AUTHORIZED FOR HIRE",39001 W. ENCANTO BLVD.,PHOENIX,AZ,85009-1241,6023520000,JESSICA.ALEMAN@PACS.COM,3,11,,
7429354,VANN MOVING VENTURES LLC,SQUARE COW MOOVERS,2026-09-23,A,A,AUTHORIZED FOR HIRE,20689 E PUMMELOS RD,QUEEN CREEK,AZ,85142,4259983916,JVANN@SQUARECOWMOOVERS.COM,2,2,,
7427841,PROPERLY VETTED LLC,,2026-09-23,A,C,,3799 MALPASS CORNER ROAD,BURGAW,NC,28425,9102715568,eddiejones@properlyvettedllc.com,0,,,
7417688,NEXCOR GROUP LLC,,2026-09-23,A,A,AUTHORIZED FOR HIRE,231 SUMMER PLACE DRIVE,AIKEN,SC,29801,8033958668,info@nexcorgroup.us,1,2,,
7415814,HUTCH INTERNATIONAL TRANSPORT LLC,,2026-09-23,A,A,AUTHORIZED FOR HIRE,1006 PARK MANOR BLVD,ENDICOTT,NY,13760,9297580015,HUTCHINTERNATIONALTRANSPORT@GMAIL.COM,1,1,,
7407851,"FARM & HARVEST, LLC",,2026-09-23,A,A,PRIVATE PROPERTY,345 7TH AVE,LABELLE,FL,33935,8636741745,FARMANDHARVESTLLC@GMAIL.COM,8,7,,
7405126,MINDSET LOGISTICS LLC,,2026-09-23,A,A,AUTHORIZED FOR HIRE,907 S WILLIAMS ST 114,WESTMONT,IL,60559,6307682048,MINDSETLOGISTICS1@GMAIL.COM,2,1,,
7401405,FOLADOR TOWING LLC,,2026-09-23,A,C,AUTHORIZED FOR HIRE,979 BRUSCO WAY 1,SSF,CA,94080,6502559078,FOLADORTOWING@GMAIL.COM,1,1,,
7388654,ROCKIES LLC,,2026-09-23,A,A,AUTHORIZED FOR HIRE,3155 S VAUGHN WAY APT 222,AURORA,CO,80014,7203889959,YOHANESGEBRU677@GMAIL.COM,1,2,,
7384133,ARTISAN EQUIPMENT,,2026-09-23,A,C,PRIVATE PROPERTY,5770 WINCHESTER RD,CARROLL,OH,43112-9204,7408086120,STU@ARTISANEQUIPMENT.COM,3,2,,
7365002,C.K.N.S TRUCKING LLC,,2026-09-23,A,C,AUTHORIZED FOR HIRE,7539 WINKLE WOOD LN,HOUSTON,TX,77086,3463216557,CALIXTOJVAZQUEZ@GMAIL.COM,2,1,,
7342408,L GONZALEZ TRANSPORT CORP,,2026-09-23,A,C,AUTHORIZED FOR HIRE,5047 FRATTINA ST,AVE MARIA,FL,34142,7864498712,FELIPE210785@GMAIL.COM,1,1,,
7338720,MH TRANSPORT LLC,,2026-09-23,A,A,AUTHORIZED FOR HIRE,11830 SE SCHILLER ST,PORTLAND,OR,97266,9718670499,MHTRANSPORTLLC365@GMAIL.COM,6,6,,
7333635,ARIZONA LONESTAR TRUCKING LLC,,2026-09-23,A,A,AUTHORIZED FOR HIRE,10630 W ARIVACA DR,ARIZONA CITY,AZ,85123,5206108130,bradazlonestartruck@gmail.com,2,1,,
7329645,ORIGEN MARACAIBO LLC,,2026-09-23,A,C,PRIVATE PROPERTY,140 4TH ST,STAMFORD,CT,06905-4701,2039194956,ORIGENMARACAIBOCT@GMAIL.COM,1,2,,
7327911,AFFORDABLE LUXURY TRUCKING & LOGISTICS LLC,,2026-09-23,A,C,PRIVATE PROPERTY;AUTHORIZED FOR HIRE,8011 OLD STATESVILLE RD,CHARLOTTE,NC,28269,8438122899,MANAGEMENT@AFFORDABLELUXGROUP.COM,2,1,,
7321609,STEINWAY FREIGHT LLC,,2026-09-23,A,A,AUTHORIZED FOR HIRE,2924 STONEWATER DR,NAPERVILLE,IL,60564-4693,3312269747,STEINWAYFREIGHTLLC@GMAIL.COM,1,1,,
7303977,TONY PHIL PHILLIPS,JOANNE'S LAWNCARE,2026-09-23,A,C,PRIVATE PROPERTY,2161 DAVIS ACADEMY ROAD,RUTLEDGE,GA,30663,7068181817,TONYPHILPHILLIPS@GMAIL.COM,1,1,,
7284915,SPROCKET AUTO LLC,,2026-09-23,A,C,PRIVATE PROPERTY;AUTHORIZED FOR HIRE,420 5TH ST NW,FARIBAULT,MN,55021-4103,7192439391,SPROCKETAUTO@GMAIL.COM,2,1,,
7281224,ASHLEYS PARIDISE GARDENS,,2026-09-23,A,C,PRIVATE PROPERTY,11083 WEST CENTER ST,MEDINA,NY,14103,7165257033,ashleysparidisegardens122896@yahoo.com,1,2,,
7266921,MID ATLANTIC EVENT SPECIALIST LLC,,2026-09-23,A,A,PRIVATE PROPERTY,19914 BRIGHTWELL CROSSING LANE,POOLESVILLE,MD,20837,2019887736,MEGAND@WILDBILLSSODA.COM,1,1,,2026-09-23
7253388,KINGS SPORT CLUB LLC,KINGS INTERSTATE TRANSPORT LLC,2026-09-23,A,A,AUTHORIZED FOR HIRE,8401 BEECH LN,MCKINNEY,TX,75072-1329,5105094562,SOHANAKIM@GMAIL.COM,2,4,,
7237519,ERO TRANSPORTATION LLC,,2026-09-23,A,A,AUTHORIZED FOR HIRE,1240 OWEN ST,DETROIT,MI,48211,7346031965,EROTRANSPORTATIONLLC@GMAIL.COM,4,0,,
7234400,PROPULSE LLC,,2026-09-23,P,C,LOCAL GOVERNMENT;AUTHORIZED FOR HIRE,103 S 34TH ST,CAMDEN,NJ,08105,8563663462,PROPULSELLC1@GMAIL.COM,1,0,,
7230515,QUICK HANDS MULTISERVICES LLC,,2026-09-23,A,C,PRIVATE PROPERTY;AUTHORIZED FOR HIRE,1401 SARASOTA DR,KISSIMMEE,FL,34759,4073608626,QHMLLC22@GMAIL.COM,2,2,,
7228845,SMKC LOGISTICS LLC,,2026-09-23,A,A,AUTHORIZED FOR HIRE,2533 S 51ST TERR,KANSAS CITY,KS,66106,9136171802,contact@smkclogistics.com,2,8,,
7226353,LIFETIME VINYL FENCE FABRICATORS INC,,2026-09-23,A,C,PRIVATE PROPERTY,12105 MADERA WAY,RIVERSIDE,CA,92503,9517353500,LIFETIMEFENCESUPPLY@YAHOO.COM,2,2,,
7215353,SAN MAR CORPORATION,,2026-09-23,A,A,PRIVATE PROPERTY,22833 SE BLACK NUGGET RD STE 130,ISSAQUAH,WA,98029-3621,2067273200,PAULWHYATT@SANMAR.COM,30,106,,
7213009,LGP PRIME HAULING LLC,,2026-09-23,A,A,AUTHORIZED FOR HIRE,2486 MCCULLAGH RD,STEVINSON,CA,95374,2098959345,LUISSPEREZZ47@GMAIL.COM,1,1,,
7210186,JAZZY LANE LLC,,2026-09-23,A,A,AUTHORIZED FOR HIRE,1760 WOODSIDE DR,WESTLAND,MI,48185,3134184051,jazzylane1116@gmail.com,2,1,,
7197348,DINAMIC CARGO LLC,,2026-09-23,A,A,PRIVATE PROPERTY;AUTHORIZED FOR HIRE,17035 SW 189TH AVE,MIAMI,FL,33187,2394906261,dinamiccargollc@gmail.com,2,1,,
7185384,MCKIBBEN MOTORSPORTS LP INC.,MCKIBBEN POWERSPORTS OF SEBRING,2026-09-23,A,A,PRIVATE PROPERTY,7820 TRACTOR RD,SEBRING,FL,33876-5702,9544129693,AMBER.HICKS@MCKIBBENCORP.COM,4,4,,
7168712,OPIFICIUS FAMILY FARMS,,2026-09-23,A,C,PRIVATE PROPERTY,5709 HACKMAN ROAD,CAPAC,MI,48014,8105435700,MIKE@OPIFICIUSFARM.NET,4,3,,
7145968,RESFLO TRANSPORT LLC,,2026-09-23,A,A,AUTHORIZED FOR HIRE,2795 SERRANO RD NORTH,SAN BERNARDINO,CA,92405,7147591705,resflo.inc@gmail.com,1,1,,
7132537,DAILY THERMETRICS CORP.,,2026-09-23,A,C,PRIVATE PROPERTY,9600 WEST GULF BANK ROAD,HOUSTON,TX,77040,7137808600,SALES@DAILYINST.COM,2,4,,
7130057,WAKHAN TRUCKING LLC,,2026-09-23,A,A,AUTHORIZED FOR HIRE,4346 W DEAN PANNILL DR APT D,SAN ANTONIO,TX,78229,2107123413,WAKHANTRUCKINGLLC@GMAIL.COM,1,2,,
7121995,AVAZA LOGISTICS LLC,,2026-09-23,A,A,PRIVATE PROPERTY;AUTHORIZED FOR HIRE,510 ANDALUSIAN TRAIL,CELINA,TX,75009,2129700027,avazalog@gmail.com,3,4,,
7118704,EASTSIDE TRUCKING LLC,,2026-09-23,A,C,PRIVATE PROPERTY;AUTHORIZED FOR HIRE,720 LINCOLN AVE,BARABOO,WI,53913-1833,6089633881,scott@gavinbros.com,2,1,,
7114560,J&P TRANSPORT CARGO LLC,,2026-09-23,A,A,PRIVATE PROPERTY;AUTHORIZED FOR HIRE,148 MILL ST,PATERSON,NJ,07501,9739558922,PINALESJOEL20@GMAIL.COM,1,1,,
7111831,X & B LOGISTICS CORP,,2026-09-23,A,A,AUTHORIZED FOR HIRE,815 NORTH HOMESTEAD BLVD #404,HOMESTEAD,FL,33030,7864870015,XBLOGISTICS@YAHOO.COM,1,1,,
7090024,LEG TRANSPORTATION LLC,,2026-09-23,A,C,AUTHORIZED FOR HIRE,1612 W WILSHIRE AVE,SANTA ANA,CA,92704,6573351347,GUAJAS.GOMEZ0424@GMAIL.COM,1,1,,
7083054,KONZO LOGISTICS LTD CO,,2026-09-23,A,A,AUTHORIZED FOR HIRE,14441 ADMIRAL DR APT 3205,FORT WORTH,TX,76155,2148133397,konzo.inc01@gmail.com,1,1,,
7076694,DASH LOGISTIX LLC,,2026-09-23,A,A,PRIVATE PROPERTY;AUTHORIZED FOR HIRE,8 DAYTONA CT,O'FALLON,MO,63368,3145469847,jeremeyallu44@gmail.com,2,4,,
7076081,MATSU INVESTMENTS INC,D&G RENT-ALLS,2026-09-23,A,C,PRIVATE PROPERTY,2551 7TH AVENUE,BEAVER FALLS,PA,15010,7248435500,DGRENT@COMCAST.NET,3,3,,
7074962,MJL TRUCKING LLC,,2026-09-23,A,A,AUTHORIZED FOR HIRE,911 E 24TH STREET LN,GREELEY,CO,80631,9705807133,SENTURYWWH@GMAIL.COM,1,1,,
7068230,AL HAMRA TRANS LLC,,2026-09-23,A,A,AUTHORIZED FOR HIRE,4605 NEWPORT AVE,ST. LOUIS,MO,63116,3149409902,alhamrah31@gmail.com,1,1,,
7068002,FRANCO LOGISTICS LLC,,2026-09-23,A,A,AUTHORIZED FOR HIRE,76 DEVON DR,MANCHESTER,CT,06040,8609937513,FRANCOLOGISTICSLLC26@GMAIL.COM,1,1,,
7066421,"MCKAMISH, INC.",,2026-09-23,A,A,PRIVATE PROPERTY,50 55TH STREET,PITTSBURGH,PA,15201,4127816262,INFO@MCKAMISH.COM,93,90,,
7047894,SEVERN LANDSCAPING LLC,,2026-09-23,A,A,PRIVATE PROPERTY;AUTHORIZED FOR HIRE,1321 SLEEPY HOLLOW RD,SEVERN,MD,21144-3501,4433464897,TMALONE@SEVERNEXCAVATION.COM,3,4,,
7047066,BUILT AGAIN TRUCKING,,2026-09-23,A,C,AUTHORIZED FOR HIRE,1811 MAIN STREET,ANDERSON,IN,46016,7657489413,BUILTAGAINTRUCKING@GMAIL.COM,1,0,,
7046824,POST FALLS PROFESSIONAL MOVING,,2026-09-23,A,A,AUTHORIZED FOR HIRE,3850 N CHARLEVILLE ROAD,POST FALLS,ID,83854,2082107747,support@postfallspromoving.com,2,4,,
7032832,CHUCKING SANDBLASTING,,2026-09-23,A,C,AUTHORIZED FOR HIRE,735 E SYCAMORE ST,ANAHEIM,CA,92805,9519036768,chuckingsandblasting@gmail.com,1,1,,
7028098,SUREPOINT COURIERS LLC,,2026-09-23,A,A,AUTHORIZED FOR HIRE,3325 SPRUCE APT 3211,ORION,MI,48359,8889019461,matthew.lively@surepointcouriers.com,100,400,,2026-09-26
7024791,LONGHAUL XPRESS INC,,2026-09-23,A,A,AUTHORIZED FOR HIRE,5665 N PERSHING AVE SUIT C5,STOCKTON,CA,95207,3502195577,LONGHAULXPRESSINC@GMAIL.COM,1,1,,
7016086,M3 XPRESS LLC,,2026-09-23,A,A,AUTHORIZED FOR HIRE,1301 STATE LINE RD,GAFFNEY,SC,29341,8595889009,juliejules05@yahoo.com,1,2,,
7015068,MARYJENE TRANSPORTATION LLC,,2026-09-23,A,A,AUTHORIZED FOR HIRE,1002 SNOWDEN DR,ANDALUSIA,AL,36420,3348289326,maryjenetransportationllc@gmail.com,1,1,,2026-09-23
7012697,"INTEGRATED CONSTRUCTION, INC.",,2026-09-23,A,C,PRIVATE PROPERTY,99-1400 KOAHA PLACE,AIEA,HI,96701,8084874885,ICIOPERATIONSOFFICE@GMAIL.COM,2,27,,
7005326,BETTER GARDENING AND LANDSCAPING LLC,,2026-09-23,A,C,PRIVATE PROPERTY,7108 2ND AVE,QUEENSTOWN,MD,21658,4107256528,bettergardening@yahoo.com,3,2,,
7001516,D4LOGISTICS LLC,,2026-09-23,A,A,AUTHORIZED FOR HIRE,32 IROQUOIS CT,GARNER,NC,27529,9843283928,D4LOGISTICSADMIN@GMAIL.COM,3,4,,
6997322,EDUARDO DIAZ BRICENO,,2026-09-23,A,C,AUTHORIZED FOR HIRE,2250 N 62ND AVE,HOLLYWOOD,FL,33024,7862772011,GIANCARLOX@GMAIL.COM,1,1,,
6990278,GOAT ENTERPRISES LLC,,2026-09-23,A,A,PRIVATE PROPERTY;AUTHORIZED FOR HIRE,4114 KENNETH DR,DINWIDDIE,VA,23803,2025733662,GOATENTERPRISESLLC95@GMAIL.COM,2,4,,2026-09-23
6979871,LA CANASTA IMPORTS LLC,,2026-09-23,I,A,PRIVATE PROPERTY,4111 AIRLINE DR,HOUSTON,TX,77022,8327034040,lacanastaimports@gmail.com,2,8,,
6977884,"PARICLINJANITORIALSERVICES, INC.",,2026-09-23,A,C,PRIVATE PROPERTY,1631 ROGERS AVE,SAN JOSE,CA,95112,6502836583,contact@pariclin.com,5,2,,
6976915,TRICO MECHANICAL CONTRACTORS INC,,2026-09-23,A,A,PRIVATE PROPERTY,2800 W. NAVY BLVD.,PENSACOLA,FL,32505,8504364433,JUDYPETERS@TRICOMECH.COM,3,12,,
6973368,KALIFKALIFLLC,,2026-09-23,A,C,AUTHORIZED FOR HIRE,4408 ALDERNY CIRCLE,HIGH POINT,NC,27265,3364307281,KALIFKALIFLLC@GMAIL.COM,5,4,,
6969321,LOS MACARIO TRUCKING CORP,,2026-09-23,A,A,PRIVATE PROPERTY,134 BURGESS PLACE FL 2,PASSAIC,NJ,07055,4848558275,GUILLENJOSELUIS97@GMAIL.COM,1,1,,
6965617,"ARNOLD'S TOWING ARMADA, LLC",,2026-09-23,A,A,AUTHORIZED FOR HIRE,122 COLUMBIA ST,HELIX,OR,97835-0010,5412154404,mindy@arnoldstowingarmada.com,1,2,,
6963463,OCG FREIGHT LLC,,2026-09-23,A,C,AUTHORIZED FOR HIRE,8124 CLOVERGLEN CIR,ORLANDO,FL,32818,4079631711,ocgfreight@yahoo.com,2,4,,
6946062,COLORADO CRAFT SERVICE,,2026-09-23,A,C,AUTHORIZED FOR HIRE,621 KALAMATH ST,DENVER,CO,80204,4802785316,COCRAFTSERVICE@GMAIL.COM,2,4,,
6942440,BENSON AND SON LLC,,2026-09-23,A,A,PRIVATE PROPERTY;AUTHORIZED FOR HIRE,3518 OLD POND RD,JOHNS ISLAND,SC,29455,4702132524,bensonandsonllc1954@gmail.com,2,4,,2026-09-25
6935937,LANELOGIC FREIGHT BROKERAGE LTD.,,2026-09-23,A,C,,UNIT 204 8268 120 STREET,SURREY,BC,V3W 3N4,7784102002,ap@lane-logic.ca,0,,,
6933332,WELDFORCE FABRICATORS LLC,,2026-09-23,A,C,PRIVATE PROPERTY,14875 WATERLOO DR,HOUSTON,TX,77053-1617,7132707733,FC@WELDFORCEGROUP.COM,2,2,,
6922128,RANDALL COUNTY TRANSPORT LLC,,2026-09-23,A,A,AUTHORIZED FOR HIRE,7009 WINGATE CIRCLE,AMARILLO,TX,79109,8069302084,RANDALLCOUNTYT@YAHOO.COM,2,1,,
6916797,M.A.S TOWING & TRANSPORT LLC,,2026-09-23,A,C,AUTHORIZED FOR HIRE,9311 TAFTSBERRY DR.,HOUSTON,TX,77095,8326490891,mastowingtx@gmail.com,1,1,,
6909255,4EVAPAIDLLC LLC,,2026-09-23,A,A,AUTHORIZED FOR HIRE,1311 S 21ST ST,MILWAUKEE,WI,53204-2027,4142509108,rayrobinson743@gmail.com,1,1,,
6894815,BEAUTY & BODY BY OLIVIA,,2026-09-23,A,A,AUTHORIZED FOR HIRE,2016 E WILDERMUTH AVE UNIT 1088,TEMPE,AZ,85281,3032103271,BEAUTYANDBODYBYOLIVIA@GMAIL.COM,2,1,,
6890484,JH TOWING AND REPAIR LLC,,2026-09-23,A,C,PRIVATE PROPERTY;AUTHORIZED FOR HIRE,5463 E COUNTY ROAD 100 N,LOGANSPORT,IN,46947-7899,5747351979,JAKEHINKLE2014@GMAIL.COM,2,1,,
6889968,SANDIA VERDE TRUCKING,,2026-09-23,A,C,AUTHORIZED FOR HIRE,6801 JEFFERSON ST NE STE 150 PMB 4299,ALBUQUERQUE,NM,87109,5053577346,HERRERADELBERT815@GMAIL.COM,1,2,,
6878623,CAREPILLARTRANSPORT.LLC,,2026-09-23,A,C,PRIVATE PROPERTY;AUTHORIZED FOR HIRE,1005 MILL RIVER DR,GARLAND,TX,75043,2148814083,CAREPILLARTRANSPORT@GMAIL.COM,2,4,,
6865203,J&S CONCRETE WORKS LLC,,2026-09-23,A,A,PRIVATE PROPERTY,6941 OLIVE STREET,COMMERCE CITY,CO,80022,3039165467,CHRISGIBBONS69@OUTLOOK.COM,4,4,,
6859312,FRANK WARREN,,2026-09-23,A,C,PRIVATE PROPERTY,444 PORTER CREEK RD,ELMA,WA,98541,3604704208,FRANKWARREN23@GMAIL.COM,1,2,,
6857871,STRONG TOWER LOGISTICS LLC,,2026-09-23,A,A,AUTHORIZED FOR HIRE,13308 WEDGEPORT LANE,GERMANTOWN,MD,20874,2403617578,STRONGTOWERLOGLLC@GMAIL.COM,2,4,,
6851985,"PAUL LLOYD, LLC",,2026-09-23,A,A,PRIVATE PROPERTY;AUTHORIZED FOR HIRE,30 CRANBERRY DRIVE,HOPEWELL JUNCTION,NY,12533,8452222672,PLLOYD1169@GMAIL.COM,1,10,,
6850332,AAD LOGISTICS LLC,,2026-09-23,A,A,AUTHORIZED FOR HIRE,1317 W ROBIN DR,VISALIA,CA,93291,5597403871,aadlogistics725@gmail.com,1,1,,
6849770,HARVEST FREIGHT INC,,2026-09-23,A,A,AUTHORIZED FOR HIRE,14520 BOYLE AVE,FONTANA,CA,92337,9092020251,harvestfreight539@gmail.com,1,2,,
6840064,AVR LOGISTICS LLC,,2026-09-23,A,A,AUTHORIZED FOR HIRE,1829 TACOMA WAY,ANNA,TX,75409,9728844455,OPERATIONS@AVR-LOGISTICS.COM,1,1,,
6837516,FAST LOGISTICS LLC,,2026-09-23,A,A,AUTHORIZED FOR HIRE,890 GLASTONBURY RD,NASHVILLE,TN,37217,6158101501,GEDI@FASTLOGISTICSCOM.NET,1,1,,
6818845,7 MARES TRUCKING LLC,,2026-09-23,A,A,AUTHORIZED FOR HIRE,2585 CINNAMON TEAL DR.,LOS BANOS,CA,93635,4082087168,7marestrucking@gmail.com,1,1,,
6800875,CAESAR EVENTS RENTALS LAS VEGAS INC,,2026-09-23,A,A,PRIVATE PROPERTY,2900 S HIGHLAND DR STE 20C,LAS VEGAS,NV,89109-1075,7022873389,uriya@caesareventsusa.com,1,2,,2026-09-24
6771728,"V & R USED AUTO PARTS, INC",,2026-09-23,A,C,PRIVATE PROPERTY;AUTHORIZED FOR HIRE,3655 NW 47TH STREET,MIAMI,FL,33142,3056389666,VRUSEDAUTOPARTS@GMIL.COM,1,1,,
6770944,Q LOGISTICS GROUP LLC,,2026-09-23,A,A,AUTHORIZED FOR HIRE,9520 LYRA COURT,BURKE,VA,22015,5715996476,QLOGISTICS202@GMAIL.COM,2,1,,
6754062,ALVIZO LOGISTICS LLC,,2026-09-23,A,C,AUTHORIZED FOR HIRE,3236 CR 413,MELISSA,TX,75454,9728396602,GREG@GAGCONSTRUCTIONSERVICELLC.COM,2,1,,
6752565,L&Y TRUCK SERVICES LLC,,2026-09-23,A,C,AUTHORIZED FOR HIRE,140 SABINE DR,PORTLAND,TX,78374,3617520696,LYTRUCKSERVICESLLC@GMAIL.COM,1,1,,
6750079,WILLIS TRANSPORT GROUP LLC,,2026-09-23,A,A,AUTHORIZED FOR HIRE,155 COBBLE CREEK DRIVE,TANNERSVILLE,PA,18372,3025599963,willistransportgroup@aol.com,1,1,,2026-09-24
6740448,JAR BIZ LLC,,2026-09-23,A,C,AUTHORIZED FOR HIRE,608 1/4 S BREED ST,LOS ANGELES,CA,90023-1211,3235702083,jorge.radiate@gmail.com,2,2,,
6739309,R3 REED'S ROAD RESCUE LLC,,2026-09-23,A,A,AUTHORIZED FOR HIRE,1422 AIRWAYS BLVD STE A,MEMPHIS,TN,38114,9012297156,R3REEDSROADRESCUE@GMAIL.COM,1,1,,
6738082,STANLOVE TRANSPORTATION LLC,,2026-09-23,A,A,AUTHORIZED FOR HIRE,820 E STATE ST APT 2,TRENTON,NJ,08609,6097338658,JOSEPHBIENAIME207@GMAIL.COM,1,1,,
6730105,ASTRAL TRANSPORTATION LLC,,2026-09-23,A,C,"PRIVATE PASSENGER, BUSINESS;PRIVATE PASSENGER, NON-BUSINESS;AUTHORIZED FOR HIRE",4825 240TH AVE SE,SAMMAMISH,WA,98029-7511,2064970777,INFO@ASTRALLIMO.COM,2,2,,
6721773,REALITY LOGISTICS LLC,,2026-09-23,A,A,AUTHORIZED FOR HIRE,6601 SCRIBNER RD,HOUSTON,TX,77074,8322981435,INFO@REALITYLOGISTICSLLC.COM,2,1,,
6715090,CURRY CREW ENTERPRISES LLC.,,2026-09-23,A,C,PRIVATE PROPERTY;AUTHORIZED FOR HIRE,169 GLENDALE DR.,BOLINGBROOK,IL,60440,7085305062,DANTACURRY@YAHOO.COM,2,4,,
6708336,POOL BUILDERS BY ACHING ACRES LLC,,2026-09-23,A,C,PRIVATE PROPERTY,8028 AZALEA DR,EVANSVILLE,IN,47712-9330,8123052800,HDEVINE@BSSCPA.COM,4,2,,
6693585,"CAVALCADE TRANSPORT, LLC",,2026-09-23,A,C,AUTHORIZED FOR HIRE,4362 ASHEVILLE LANE,SMYRNA,GA,30080,6787937255,CAVALCADETRANSPORT@GMAIL.COM,3,3,,
6690343,HANSEN BRIDGE LLC,,2026-09-23,A,C,PRIVATE PROPERTY;AUTHORIZED FOR HIRE,1325 COUNTY ROAD,NEW LONDON,NH,03257,6037240036,BETH@HANSENBRIDGE.COM,2,12,,
6680602,HERRING TRUCKING LLC,,2026-09-23,A,C,,317 FELTON AVE APT 2,COLLINGDALE,PA,19023,9293095660,popharlem@icloud.com,0,,,
6675233,"L5 FARMING, INC.",,2026-09-23,A,C,PRIVATE PROPERTY,20038 E MILTON RD,LINDEN,CA,95236,2099883522,L5FARMING@YAHOO.COM,3,3,,
6675082,DTM PRO RUNNERS LLC,,2026-09-23,A,A,AUTHORIZED FOR HIRE,6716 SAHARA DR,PLAINFIELD,IL,60586,3312555298,TARASBRYGAR@GMAIL.COM,1,1,,
6674737,JOSH LILLICH,,2026-09-23,A,A,PRIVATE PROPERTY;AUTHORIZED FOR HIRE,2000 N MAIN ST,JAY,OK,74346,9188016397,JOSHLILLICH@GMAIL.COM,1,3,,
6647118,SMART MOVING AND DELIVERY SERVICES LLC,,2026-09-23,A,C,AUTHORIZED FOR HIRE,12700 MARLBORO POINTE DR,UPPER MARLBORO,MD,20772,2025009369,smartmovingdeliveryservicellc@gmail.com,2,3,,
6628869,HERITAGE FAMILY CEMETERY INCORPORATED,OAK HILL MEMORIAL PARK AND CREMATION GARDENS,2026-09-23,A,A,PRIVATE PROPERTY,113 MEMORY GARDENS RD,JOHNSON CITY,TN,37615-4652,4233280134,ERIC.MONDRAGE@HFCEM.COM,1,5,,
6614790,ALG LOGISTICS LLC,,2026-09-23,A,A,AUTHORIZED FOR HIRE,350 N UNION RD APT 5,MANTECA,CA,95337,5204407718,alglogistics2225@gmail.com,2,1,,2026-09-23
6614035,J'OSORTO DELIVERYS LLC,,2026-09-23,A,A,AUTHORIZED FOR HIRE,11518 SOUTH DR,HOUSTON,TX,77099,8326435058,dlaojessy0304@gmail.com,1,1,,
6607561,LCP TRUCKING LLC,,2026-09-23,A,A,AUTHORIZED FOR HIRE,1495 S JOHNSONS RD STE 1,WASILLA,AK,99623-4236,9075708259,compliance@lcptruckingak.com,4,4,,
6605870,FLEETNET USA LLC,,2026-09-23,A,C,,1541 LAKE SHORE DRIVE,OWENSVILLE,MO,65066,6362983909,dispatch@fleetnetusa.us,0,,,
6604057,DYNAMICS LOGISTICS LLC,,2026-09-23,A,A,AUTHORIZED FOR HIRE,1157 CENTRAL AVE,BRIDGEPORT,CT,06607,2034301416,yojoselousa@yahoo.com,1,2,,
6594790,ANTELOPE TRANSPORT LLC,,2026-09-23,A,A,AUTHORIZED FOR HIRE,30 N GOULD ST STE N,SHERIDAN,WY,82801,3079490617,antelopetransportwyo@gmail.com,1,1,,
6591766,DALI GROUP INC.,,2026-09-23,A,A,AUTHORIZED FOR HIRE,1829 KELBERG AVE,HOFFMAN ESTATES,IL,60192,5135700971,DALIGROUPINCORP@GMAIL.COM,1,1,,
6569484,TNN TRANSPORT LLC,,2026-09-23,A,A,AUTHORIZED FOR HIRE,6501 ORCHARD AVE,DEARBORN,MI,48126,3136149085,TAHAALAMRI@YAHOO.COM,2,2,,
6566409,HAUL OF FAME ENVIRONMENTAL SERVICES,,2026-09-23,A,C,AUTHORIZED FOR HIRE,5900 BALCONES DR STE 100,AUSTIN,TX,78731,3466957595,info@hauloffameenvironmentalservices.com,2,2,,
6558663,FLY 1 HAULERS LLC,,2026-09-23,A,C,AUTHORIZED FOR HIRE,5610 EAGLE SKY BLVD,KATY,TX,77449,8325522687,oneflyhaulerllc@gmail.com,2,2,,
6556252,P. G. EXPRESS LLC,,2026-09-23,A,A,AUTHORIZED FOR HIRE,1536 KENNEDY CV,GREENVILLE,MS,38703,9015527077,KEIA@PGEXPRESS.NET,1,1,,
6544408,RH&K TRANSPORTATION LLC,,2026-09-23,A,A,AUTHORIZED FOR HIRE,210 BITTENBENDER DR,SAYLORSBURG,PA,18353,9293009234,RHENYVARGAS01@GMAIL.COM,1,2,,
6536764,TIMBER & STEEL BUILDERS LLC,,2026-09-23,A,A,PRIVATE PROPERTY,9334 NORTH 900 WEST,NAPPANEE,IN,46550,5742022208,ARLIN@TIMBERANDSTEELBUILDERS.COM,10,10,,
6536309,ONYX ETCO LLC,ELECTRIC TIME COMPANY,2026-09-23,A,A,PRIVATE PROPERTY,97 WEST STREET,MEDFIELD,MA,02052,7818983036,WILLIAM@ONYXPARTNERSLTD.COM,2,1,,
6529379,SARWAR FOOD DISTRIBUTION INC,,2026-09-23,A,A,PRIVATE PROPERTY,5601 MASPETH AVENUE,FLUSHING,NY,11378-2222,9294715485,SARWARFOODUSA@GMAIL.COM,2,2,,
6526249,JOSEPH BAMBURG,,2026-09-23,A,A,PRIVATE PROPERTY,834 TWIN OAKS RD,STONEWALL,LA,71078,3182720775,JOEBAMBURG@OUTLOOK.COM,1,1,,
6497708,CHEYANNE JAMISON,THE WAY IN JESUS NAME,2026-09-23,A,A,AUTHORIZED FOR HIRE,24 MONUMENT WALK APT 7A,BROOKLYN,NY,11205-1800,9294811807,CHEYANNEJ@ME.COM,2,1,,
6492895,JMK SERVICE LLC,,2026-09-23,A,A,AUTHORIZED FOR HIRE,239 LIBERTY CT,YORK,PA,17403,7173321957,jeuddyalmonte@gmail.com,1,2,,
6483464,ASSETSTACC INC.,,2026-09-23,A,C,PRIVATE PROPERTY,901 H ST STE 120,SACRAMENTO,CA,95814,9163060621,NOTIFICATION@ASSETSTACC.COM,1,1,,
6479824,GUARDIAN HAULERS LLC,,2026-09-23,A,A,AUTHORIZED FOR HIRE,967 E SAN TAN DR,GILBERT,AZ,85296,8013600874,tyson@guardianhaulers.com,1,1,,
6472908,Q&S WEST TRUCKING LLC,,2026-09-23,A,C,AUTHORIZED FOR HIRE,611 W 5TH STREET,FRIONA,TX,79035,8069875531,ELJUNIOR.QUINTANA1@GMAIL.COM,1,1,,
6470327,COMFORT BUILDERS LLC,,2026-09-23,A,A,PRIVATE PROPERTY,220 BUSHEE ROAD,SWANSEA,MA,02777,7744641489,rob@comfortbuildersllc.com,2,4,,2026-09-25
6465584,"JFDB, LLC",J. FELDKAMP DESIGN BUILD / FELDKAMP MECHANICAL,2026-09-23,A,A,PRIVATE PROPERTY,10036 SPRINGFIELD PIKE,CINCINNATI,OH,45215-1452,5138700601,nschoultheis@feldkampmechanical.com,69,69,,
6419860,CALVIN LEONARDO SOLIS MARTINEZ,REDONE SERVICES,2026-09-23,A,C,PRIVATE PROPERTY,1250 CLOVERLAWN DR,PONTIAC,MI,48340-,2488608965,REDONESERVICES2026@GMAIL.COM,1,1,,
6384149,DIRECT DROP TRANSPORT LLC,,2026-09-23,A,A,AUTHORIZED FOR HIRE,201 RODANDO DR,GARLAND,TX,75042,4692589466,DIRECTDROPTRANSPORTLLC@GMAIL.COM,1,4,,
6372814,FILIBERTO SIERRA III,F&S TRUCKING,2026-09-23,A,C,AUTHORIZED FOR HIRE,1730 S LOOP 1604 E,SAN ANTONIO,TX,78264,2103309847,FILISIERRA3@GMAIL.COM,1,2,,
6371896,MIDCOAST METALS LLC,,2026-09-23,A,C,PRIVATE PROPERTY,411 HIGH HEAD RD,HARPSWELL,ME,04079,2072953733,MSPIGEL@MIDCOASTMETALS.COM,2,1,,
6363066,ELITE ALLSTAR TRANSPORTATION LLC,,2026-09-23,A,A,AUTHORIZED FOR HIRE,2483 AVEENO AVE,HAINES CITY,FL,33844,3216554470,eliteallstartransport@gmail.com,1,1,,
6356826,MJ TRANSPORTATION COMPANY LLC,,2026-09-23,A,A,AUTHORIZED FOR HIRE,2586 TILLER LANE SUITE 2B,COLUMBUS,OH,43231,6146165793,contact@mnjtranspo.com,2,1,,
6348492,P&R CONSTRUCTION LLC,,2026-09-23,A,A,PRIVATE PROPERTY,105609 WISER PKWY,KENNEWICK,WA,99338,5093927080,jasmine@promadehomes.com,1,4,,2026-09-25
6343658,RUFTA TRANSPORTATION LLC,,2026-09-23,A,A,PRIVATE PROPERTY;AUTHORIZED FOR HIRE,3912 S ELDER BLVD,BROKEN ARROW,OK,74011-2125,2064288716,sukbagabr11@gmail.com,1,1,,
6341486,ROA PRIME LEGACY LLC,,2026-09-23,A,A,PRIVATE PROPERTY;AUTHORIZED FOR HIRE,3355 SWEETWATER RD APT 7108,LAWRENCEVILLE,GA,30044,3478183978,ROAPRIMELEGACYLLC@GMAIL.COM,3,4,,
6340592,RAMRUB TRANSPORT LLC,,2026-09-23,A,C,AUTHORIZED FOR HIRE,5900 BALCONES DR SUITE 100,AUSTIN,TX,78731,7025776157,RAMRUBTRANSPORT@GMAIL.COM,3,2,,
6310031,CALEB’S DELIVERY AND TRANSPORTATION LLC,,2026-09-23,A,C,AUTHORIZED FOR HIRE,15051 EAGLE FEATHER CT,HOUSTON,TX,77090-1339,8329040481,SUPPORT@CALEBSTRANSPORTATION.COM,1,1,,
6294645,APC INC.,,2026-09-23,A,C,PRIVATE PROPERTY;AUTHORIZED FOR HIRE,1750 GENESEO ROAD,PASO ROBLES,CA,93446,8056744824,AARONPEELCONSTRUCTION@YAHOO.COM,3,1,,
6287080,BLR TRANSPORT LLC,,2026-09-23,A,A,AUTHORIZED FOR HIRE,6414 CHARLES STREET F2,PHILADELPHIA,PA,19135,9295448940,blrtransportllc03@gmail.com,0,1,,
6285153,"CALL THE DOCTOR HANDYMAN, LLC",,2026-09-23,A,A,AUTHORIZED FOR HIRE,462 BREAKWATER ST,PALM BAY,FL,32909,3522995295,andyrampersad7907@gmail.com,1,1,,
6278131,APEX WASTE SOLUTIONS LLC,,2026-09-23,A,C,PRIVATE PROPERTY;AUTHORIZED FOR HIRE,1975 COUNTY ROUTE 4,FULTON,NY,13069,3152167606,josh@apexwastellc.com,2,2,,
6277542,NORTHLINE ELITE LOGISTICS INC,,2026-09-23,A,A,AUTHORIZED FOR HIRE;EXEMPT FOR HIRE,5318 NE 95TH ST,VANCOUVER,WA,98665,2067581658,NORTHLINEELITE@GMAIL.COM,1,1,,2026-09-25
6268185,WEREGOINGPLACES,,2026-09-23,A,C,PRIVATE PROPERTY;AUTHORIZED FOR HIRE,869 W MAIN ST,VAN,TX,75790,7735977445,weregoingplacestx@gmail.com,4,2,,
6247421,EVERSTAR LOGISTICS INC,,2026-09-23,A,C,AUTHORIZED FOR HIRE,5707 GOLDEN WEST AVE,TEMPLE CITY,CA,91780,6267768021,LIYAOBING731306@GMAIL.COM,1,1,,
6226203,NIKERRIA MICKENS,,2026-09-23,A,C,AUTHORIZED FOR HIRE,228 MORROW ROAD APT 4E,FOREST PARK,GA,30297-2342,4702250033,pennnnyyy@gmail.com,1,4,,
6222735,PONCE TRANSPORTATION GROUP LLC,,2026-09-23,A,A,AUTHORIZED FOR HIRE,13030 PERRY RD APT 1305,HOUSTON,TX,77070,3463143726,VIDALYORDANIA34@YAHOO.COM,1,1,,
6216814,LOAD BOYZ LOGISTICS LLC,,2026-09-23,A,A,AUTHORIZED FOR HIRE,2722 OLD SOUTH DRIVE,JONESBORO,GA,30236,4703030004,LOADBOYZLOGISTICSLLC@GMAIL.COM,1,1,,
6209249,ESSEX EXPRESS LLC,,2026-09-23,A,C,AUTHORIZED FOR HIRE,6180 LAUREN LANE,REX,GA,30273,4709005715,ESSEXEXPRESSLLC@GMAIL.COM,1,1,,
6202678,PETERSON’S PLUMBING,,2026-09-23,A,C,PRIVATE PROPERTY,2052 320TH ST,CUSHING,MN,56443,3203600750,PETERSONSPLUMBING22@GMAIL.COM,4,2,,
6202051,A & H DRIVERS LOGISTICS LLC,,2026-09-23,A,A,AUTHORIZED FOR HIRE,15156 KINSACK ROAD,CENTERVILLE,PA,16404,8142823126,AHDRIVERSLOGISTICS@GMAIL.COM,1,2,,
6200733,BRYANT LOGISTICS LLC,,2026-09-23,A,A,AUTHORIZED FOR HIRE,181 W VALLEY AVE,BIRMINGHAM,AL,35209,2053355666,ADMIN@GOBRYANTLOGISTICS.COM,1,1,,
6200312,NAPLES TOWING & RECOVERY,,2026-09-23,A,A,AUTHORIZED FOR HIRE,3812 ALGONQUIN PKWY,LOUISVILLE,KY,40211,5027513253,NAPLESTOWING90@GMAIL.COM,2,1,,
6199971,TRUCK & TRAILER SERVICE CENTER TX INC,,2026-09-23,A,C,AUTHORIZED FOR HIRE,16999 E US HIGHWAY 190,ROGERS,TX,76569,2543437477,SEMISERVICESTX@GMAIL.COM,1,1,,
6159565,PHAMA PRIME LOGISTICS LLC,,2026-09-23,A,A,PRIVATE PROPERTY,1995 W 136TH ST UNIT 424,BURNSVILLE,MN,55337,4696645177,PHAMA.PRIME@GMAIL.COM,1,2,,
6158001,NORMANDIN TRANSPORT LLC,,2026-09-23,A,A,PRIVATE PROPERTY;AUTHORIZED FOR HIRE,7901 4TH ST N STE 300,ST. PETERSBURG,FL,33702,7745336155,kyle@normandintransport.com,1,4,,
6153467,AFR LLC,,2026-09-23,A,A,AUTHORIZED FOR HIRE,80 W VINE ST,TOOELE,UT,84074,8015020134,AFRLLC26@GMAIL.COM,1,1,,
6153260,THE WEST HOGWARTS INC,,2026-09-23,A,C,PRIVATE PROPERTY;AUTHORIZED FOR HIRE,5001 CHELSEA DR,NEWARK,CA,94560,4085682173,chris@westhogwarts.com,2,1,,
6149402,"GRUPO GUERRA III TRUCKING COMPANY, LLC",,2026-09-23,A,C,AUTHORIZED FOR HIRE,17113 APPLEWHITE RD,SAN ANTONIO,TX,78264,9795710189,GRUPOTRUCKING210@GMAIL.COM,20,10,,
6141392,MP&RN EXPRESS INC.,,2026-09-23,A,A,AUTHORIZED FOR HIRE,5139 N EAST RIVER RD UNIT 162F,CHICAGO,IL,60656-2663,7735573357,pkotov19@icloud.com,1,1,,
6139475,B SQUARED LOGISTIC SERVICES LLC,,2026-09-23,A,A,AUTHORIZED FOR HIRE,1729 MISSELTHRUSH LN.,MCDONOUGH,GA,30253,6784957518,bsquaredlogisticservices@gmail.com,1,1,,
6135591,COLEMAN'S TRUCKING EMPIRE LLC.,,2026-09-23,A,C,AUTHORIZED FOR HIRE,717 LIPSEY STREET,BROOKHAVEN,MS,39601-2307,6016690617,COLEMANJEROME990@GMAIL.COM,1,1,,
6108003,VELOCITY TRANSPORT LOGISTICS LLC,,2026-09-23,A,A,AUTHORIZED FOR HIRE,1443 MAROBY ST,HOUSTON,TX,77017,7132928793,VELOCITY.LOGISTICSLLC@YAHOO.COM,2,1,,
6093297,AGRIPACE TRANSFER LLC,,2026-09-23,A,C,AUTHORIZED FOR HIRE,7796 COUNTY ROAD 21,KENNARD,NE,68034,4024273254,ANDREASENLEGACYFARMS@GMAIL.COM,1,1,,
6056487,"ALL COUNTY GLASS & METAL, LLC",,2026-09-23,A,A,PRIVATE PROPERTY,308 MAIN ST,NEW ROCHELLE,NY,10801-5716,9146368400,lauriek@allcountyglassandmetal.com,1,3,,
6053987,URBAN MOTION INC,SEGWAY LOS ANGELES,2026-09-23,A,C,PRIVATE PROPERTY,2637 FAIRFAX AVE,CULVER CITY,CA,90232,3103951395,INFO@SEGWAY.LA,2,3,,
6046418,MORENO CARGO TRANSPORT LLC,,2026-09-23,A,A,AUTHORIZED FOR HIRE,3017 34ST SW,LEHIGH ACRES,FL,33976,3053456689,mymlogisticsgroup@gmail.com,1,1,,
6041553,ALPHA & OMEGA FREIGHT LLC,,2026-09-23,A,A,AUTHORIZED FOR HIRE,12851 GARGONIA RD,MOUNT ORAB,OH,45154,9375090331,SGIOVENETTI@ALPHAOMEGAFREIGHT.COM,1,1,,
6020212,SUMMIT CARGO LLC,,2026-09-23,A,A,AUTHORIZED FOR HIRE,11535 128TH STREET CT E,PUYALLUP,WA,98374,2062292086,singhhardip@hotmail.com,1,1,,
6004475,ON THE ROAD LOGISTIC LLC,,2026-09-23,A,A,AUTHORIZED FOR HIRE,12731 W. TUCKEY LANE,GLENDALE,AZ,85307,6024345345,ontheroadlogistic26@gmail.com,0,4,,
6004275,SPARROW DUMPSTERS AND JUNK REMOVAL,BUCKS BINS,2026-09-23,A,C,PRIVATE PROPERTY;AUTHORIZED FOR HIRE,5151 S FRANKLIN RD,INDIANAPOLIS,IN,46239,3174033816,KOURTNEYZAHN@GMAIL.COM,1,2,,
5998514,COBA TRUCKING LLC,,2026-09-23,A,A,AUTHORIZED FOR HIRE,3220 WELLINGTON ST,PHILADELPHIA,PA,19149,9089002787,KARENSAMANTAORBEREY@GMAIL.COM,1,1,,2026-09-23
5979747,PINK HILL LOGISTICS INC,,2026-09-23,A,A,AUTHORIZED FOR HIRE,1864 N NC HIGHWAY 111,PINK HILL,NC,28572-7720,2525502350,MARI@PHLNC.COM,1,4,,
5969237,SL TRANSPORT SOLUTIONS LLC,,2026-09-23,A,A,AUTHORIZED FOR HIRE,28 W 3RD ST SUITE 6,CALEXICO,CA,92231,4423837322,SLTRANSPORT2026@GMAIL.COM,1,2,,2026-09-23
5961947,EJC INNOVATIONS LLC,,2026-09-23,A,C,PRIVATE PROPERTY,15368 240TH STREET,HAWKEYE,IA,52147,5634227642,jcannon@pattisoncompany.com,3,4,,
5947876,LAURA LIMBRICK,,2026-09-23,A,C,AUTHORIZED FOR HIRE,36 COUNTY ROAD 8304,CONCHO,AZ,85924,6027374233,whitemtnsheds@gmail.com,3,4,,
5944797,WISCONSIN DELIVERY LLC,,2026-09-23,A,C,AUTHORIZED FOR HIRE,19 WESTOVER CT,MADISON,WI,53719-2201,6082131131,wisconsindeliveryllc44@gmail.com,1,1,,
5936553,OVERFLOW TRANSIT LLC,,2026-09-23,A,C,"PRIVATE PASSENGER, BUSINESS;PRIVATE PASSENGER, NON-BUSINESS;AUTHORIZED FOR HIRE",MILE 46 MCCARTHY RD,CHITINA,AK,99566,9077079921,overflowtransit@gmail.com,3,4,,
5935803,RULEX TRANSPORT LLC,,2026-09-23,P,A,PRIVATE PROPERTY;FEDERAL GOVERNMENT,4905 MAPLE ST,DEARBORN,MI,48126,3132669139,rulextransport@gmail.com,2,1,,
5928606,"MACKENZIE PLACE COLORADO SPRINGS, LLC",,2026-09-23,A,C,"PRIVATE PASSENGER, BUSINESS;PRIVATE PASSENGER, NON-BUSINESS;AUTHORIZED FOR HIRE",1605 ELM CREEK VIEW,COLORADO SPRINGS,CO,80907,7196338181,DROBERTS@LEISURECARE.COM,2,2,,
5926759,ROADBERTOS TIRE SERVICES LLC,,2026-09-23,A,A,PRIVATE PROPERTY,1913 LINDEN AVE,WAUKEGAN,IL,60087,8473060692,betoserrano@me.com,2,1,,
5921119,LOADFOX FREIGHT INC,,2026-09-23,A,C,,43 NEW BRUNSWICK AVENUE AVENUE,HOPELAWN,NJ,08861,7324851251,praveen@loadfoxfreight.com,0,,,
5917979,"GEARHEAD TOOLS, LLC",,2026-09-23,A,C,AUTHORIZED FOR HIRE,9452 PENDERGAST ROAD,PHOENIX,NY,13135,3152470280,MOOSE6979@AOL.COM,2,2,,
5880606,"BARLOW AG SERVICE & SALES, INC.",,2026-09-23,I,A,PRIVATE PROPERTY,676 BARLOW RD,GETTYSBURG,PA,17325,7173348418,barlowagsvc@gmail.com,4,6,,
5878128,US VERSUS EVERYBODY LLC,,2026-09-23,A,C,AUTHORIZED FOR HIRE,10420 ORCHARD ST,BLOOMINGTON,CA,92316,9094181054,USVSEVERYBODYLLC@GMAIL.COM,1,1,,
5878035,HAYVEN LLC,,2026-09-23,A,C,AUTHORIZED FOR HIRE,3412 NE 16TH AVE,AMARILLO,TX,79107,8063670659,HAYVENLLCCOMPANY@GMAIL.COM,10,5,,
5872033,D.O.C. TRUCKING LC,,2026-09-23,A,C,AUTHORIZED FOR HIRE,429 KAY DR,EASLEY,SC,29640,8642757251,DOC@TRUCKINGLC.NET,1,4,,
5858304,J ARCIA TRUCKING LLC,,2026-09-23,A,C,PRIVATE PROPERTY;AUTHORIZED FOR HIRE,2906 E 21ST ST,ALVA,FL,33920,7272915906,julioarcia1409@gmail.com,1,2,,
5851713,A AND L TRUCKING LLC,,2026-09-23,A,A,AUTHORIZED FOR HIRE,110 BILLINGSLEY LANE,ISLANDTON,SC,29929,8435109464,chalupahead64@gmail.com,1,1,,
5845388,EXODUS FREIGHT SOLUTIONS LLC,,2026-09-23,A,C,,421 FOXBROOK WAY,CIBOLO,TX,78108-3069,2108606794,jalanda@exodusfreightsolutions.com,0,,,
5838776,JWZ TRANSPORT,,2026-09-23,A,A,AUTHORIZED FOR HIRE,6028 S MERRIMAC AVE,CHICAGO,IL,60638,8473161519,JWZTRANSPORT1@GMAIL.COM,2,8,,
5836629,LOUIS MOBILE MECHANIC LLC,,2026-09-23,A,A,PRIVATE PROPERTY,125 CLAY,SALISBURY,MD,21804,4434810100,LOUIS.MOBILE2000@GMAIL.COM,0,2,,
5831625,LET'S GO RELIABALE PICK UP & DELIVERY,,2026-09-23,A,A,AUTHORIZED FOR HIRE,3170 BROADWAY APT 11A,NEW YORK,NY,10027,6097870931,LASEAN.GOODE84@GMAIL.COM,2,1,,
5811168,SECOND CHANCE TRUCKLINES & LOGISTICS LLC,,2026-09-23,A,A,AUTHORIZED FOR HIRE,109 WEYMOUTH AVE,TROUTMAN,NC,28166,7048187239,SECONDCHANCETRUCKN@GMAIL.COM,2,1,,
5780811,SANDOVAL TRANSPORTATION LLC,,2026-09-23,A,A,AUTHORIZED FOR HIRE,22 SHEFFIELD ST FL 1,JERSEY CITY,NJ,07305,2016470183,whatdidyousaid@live.com,2,4,,
5778850,EDDY'S MASONRY CORP,,2026-09-23,A,C,PRIVATE PROPERTY,963 SHERMAN AVE APT 12 A,BRONX,NY,10456,6319492975,EDDYMEJIA447@HOTMAIL.COM,2,1,,
5776904,GEO MOTORS GROUP LLC,,2026-09-23,A,C,PRIVATE PROPERTY,3024 FRANKS RD,HUNTINGDON VALLEY,PA,19006,2673391412,patato1981@yahoo.com,1,1,,
5760581,NEW DAWN COMPANY LLC,,2026-09-23,A,A,AUTHORIZED FOR HIRE,1295 YVONNE AVE,MANTECA,CA,95336,2093029559,danielalejandre@new-dawn-company.com,1,1,,
5722792,AWAI & SONS CONCRETE & MASONRY LTD,,2026-09-23,A,C,"PRIVATE PROPERTY;PRIVATE PASSENGER, BUSINESS;PRIVATE PASSENGER, NON-BUSINESS;AUTHORIZED FOR HIRE",967 RAILROAD AVENUE,HILO,HI,96720,8089607570,DNCAWAI1@GMAIL.COM,10,6,,
5695161,TAGBUILD LLC,,2026-09-23,A,C,PRIVATE PROPERTY,2443 N LAFAYETTE AVENUE,BREMERTON,WA,98312,3606215971,TORYALLENGRUBER@COMCAST.NET,2,1,,
5665911,GLENN HEWITT,HEWITT'S CONTRACTING,2026-09-23,A,C,PRIVATE PROPERTY,1373 SUNSET RD,CASTLETON ON HUDSON,NY,12033-9515,5184245846,HEWITTSCONTRACTING@ICLOUD.COM,1,1,,
5662653,407 HOTSHOT LLC,,2026-09-23,A,C,AUTHORIZED FOR HIRE,1397 LATTIMORE DR,CLERMONT,FL,34711-9042,4077573009,mail@407hotshot.com,1,1,,
5643948,MARIANO DELIVERY GROUP LLC,,2026-09-23,A,A,AUTHORIZED FOR HIRE,8727 PETERSBURG LANE,HOUSTON,TX,77083,8328586891,elida.marianoo@gmail.com,10,10,,
5640990,SCHUYLER WRECKER AND SERVICE,,2026-09-23,A,C,PRIVATE PROPERTY,4474 COUNTY RD 4,BURDETT,NY,14818-9709,6075468333,wjb4744@gmail.com,6,1,,
5638635,"D.S. TOOLS, INC",,2026-09-23,A,A,PRIVATE PROPERTY,4 MOULTON DR.,EAST HAMPSTEAD,NH,03826,9783757496,DAVID.SWANTON@SNAPON.COM,1,2,,
5625521,ROADMASTER TRANS INC,,2026-09-23,A,A,AUTHORIZED FOR HIRE,3384 AMY DRIVE,CORONA,CA,92882,8409778790,dispatch@roadmastertrans.us,1,1,,
5616658,SCJ CARGO LLC,,2026-09-23,A,A,AUTHORIZED FOR HIRE,4342 GREEN ARBORS LN BLDG 2,CINCINNATI,OH,45249,5133304443,ADMIN@SCJCARGO.COM,1,1,,
5597361,XGF ENTERPRISES LLC,,2026-09-23,A,A,AUTHORIZED FOR HIRE,462 FM 2643,CHILTON,TX,76632,8326636664,XGFENTERPRISESLLC@GMAIL.COM,1,1,,
5591888,FRANLINS CONSTRUCTION LLC,,2026-09-23,A,C,PRIVATE PROPERTY,5207 RURAL WAY,LOUISVILLE,KY,40218,5029077229,ROS456JOR809@GMAIL.COM,2,1,,
5590852,SAHAR TRANSPORTATION LLC,,2026-09-23,A,A,AUTHORIZED FOR HIRE,810 BLOOMFIELD AVE,VERONA,NJ,07044,8622503217,sahartrucking77@yahoo.com,1,1,,
5578846,GOLDEN POOLS INC,,2026-09-23,A,C,PRIVATE PROPERTY,5013 HEPBURN WAY,CERES,CA,95307,2094954230,GOGOLDENPOOLS@GMAIL.COM,1,2,,
5574720,TITAN GENERAL SERVICES LLC,,2026-09-23,A,A,PRIVATE PROPERTY,7340 W GLENROSA AVE,PHOENIX,AZ,85033-2518,6232069714,TITANGENERALSERVICES.LLC2026@GMAIL.COM,2,2,,
5566782,"KUBIAK ELECTRIC CO., INC.",,2026-09-23,A,A,PRIVATE PROPERTY,1274 ROUTE 130 SOUTH,ROBBINSVILLE,NJ,08691,6095877168,KUBIAKELECTRIC@KUBIAKELECTRIC.COM,2,22,,
5561732,EVERMONT TRANSPORTATION LLC,,2026-09-23,A,A,AUTHORIZED FOR HIRE,903 E 24TH ST,SEDALIA,MO,65301,7547771666,EVERMONTTRANSPORTATION@GMAIL.COM,1,1,,
5552827,"FINAL MILE LOGISTICS, INC.",,2026-09-23,A,C,AUTHORIZED FOR HIRE,502 COUNTY ROAD 63 UNIT 3A,GRAND RAPIDS,MN,55744,9139632218,ATURVEY@FMLOGISTICS-MN.COM,2,1,,
5541126,ASST EXPRESS,,2026-09-23,A,A,PRIVATE PROPERTY;AUTHORIZED FOR HIRE,36 MCKAY AVENUE,EAST ORANGE,NJ,07112,6464349800,COOPERSHAMAR192@GMAIL.COM,2,4,,
5535618,OASIS LANDSCAPE LLC,,2026-09-23,A,C,PRIVATE PROPERTY,265 25TH ST NE,SALEM,OR,97301-4509,5039989183,lorenzo@oasislawnworks.com,6,8,,
5507747,A & T TRANSPORTATION LLP,,2026-09-23,A,A,"PRIVATE PASSENGER, BUSINESS;PRIVATE PASSENGER, NON-BUSINESS;AUTHORIZED FOR HIRE",255 CHEROKEE FARMS ROAD,BEAUFORT,SC,29906,8439413155,attransportation25@gmail.com,1,4,,
5504342,DEAN RACING INC,BEAR’S HD TRANSPORT,2026-09-23,A,A,PRIVATE PROPERTY,1009 SKYFLOWER LANE,CELINA,TX,75009,3106174619,bearshdtransport@gmail.com,1,4,,
5499076,ADAM TRUCKING INC,,2026-09-23,A,A,PRIVATE PROPERTY;AUTHORIZED FOR HIRE,3272 DRY RUN ST,TIPP CITY,OH,45371,9374776206,adamtrucking21@gmail.com,1,1,,
5490399,TAHOE THUNDER TAXI,,2026-09-23,A,A,"PRIVATE PASSENGER, BUSINESS;PRIVATE PASSENGER, NON-BUSINESS;AUTHORIZED FOR HIRE",2551 RAVENSHORN DR,CARSON CITY,NV,89706,5308077136,contact@tahoethundertaxi.com,3,4,,
5452635,TREADLOOP LLC,,2026-09-23,A,A,PRIVATE PROPERTY;AUTHORIZED FOR HIRE,4509 NE WINN RD,KANSAS CITY,MO,64117-1710,6466238829,INFO@FOUNTAINCITY.LLC,2,4,,
5444190,TRUCKMARK EXPRESS LLC,,2026-09-23,A,A,AUTHORIZED FOR HIRE,5454 JENNIFER LN,TOBYHANNA,PA,18466,2722490081,TRUCKMARKLLC@GMAIL.COM,1,2,,
5435728,FIRST CALL TOWING & ROADSIDE ASSISTANCE,,2026-09-23,A,A,PRIVATE PROPERTY;AUTHORIZED FOR HIRE,26 CLINTON AVENUE,NEW HAVEN,CT,06513,2039081970,FIRSTCALLT.RA@GMAIL.COM,3,4,,
5427034,GAIN 4 GREEN TRANSPORTATION LLC,,2026-09-23,A,C,AUTHORIZED FOR HIRE,4426 LAPLATA AVENUE,BALTIMORE,MD,21211,4436661440,gain4green26@gmail.com,1,2,,
5414270,"P-5 PRODUCTION SOLUTIONS, LLC",,2026-09-23,A,C,PRIVATE PROPERTY;AUTHORIZED FOR HIRE,122 LEISURE LANE,GOLIAD,TX,77963-3898,3612123122,JARED@P5PS.COM,3,2,,
5406525,ONE PLUS LOGISTICS LLC,FONSO URENA PENA & ELVIO R ULLOA ALMONTE,2026-09-23,A,A,AUTHORIZED FOR HIRE,"214 GARSIDE ST,APT2",NEWARK,NJ,07104,5183343590,onepluslogisticsllc@gmail.com,1,4,,2026-09-23
5399630,2627212 ONTARIO INC.,,2026-09-23,A,A,AUTHORIZED FOR HIRE,20 REDSTART DR,CAMBRIDGE,ON,N1T 2K3,5198415456,DAMANDEEPAR@GMAIL.COM,1,1,,
5398139,HAULONIX LLC,,2026-09-23,A,A,AUTHORIZED FOR HIRE,1145 US-80 SUITE C,POOLER,GA,31322,9122988350,ROBERT@HAULONIX.COM,1,1,,2026-09-23
5393636,3PT TRUCKING LLC,,2026-09-23,A,C,AUTHORIZED FOR HIRE,1747 GETTYSBURG AVE,CLOVIS,CA,93611,5597274785,3pttrucking@gmail.com,1,1,,
5389454,RED MOUNTAIN FREIGHT LLC,,2026-09-23,A,C,AUTHORIZED FOR HIRE,4602 HOLLOW LN,HELENA,AL,35080,9414472030,yeisivelazco95@gmail.com,2,1,,
5387442,COTTONWOOD TENT COMPANY,,2026-09-23,A,A,PRIVATE PROPERTY;AUTHORIZED FOR HIRE,323 SOUTH 16TH STREET,BLAIR,NE,68008-2011,4026571117,ISAAC@COTTONWOODTENTCOMPANY.COM,1,4,,
5385466,PROGRESS AUTO GROUP LLC,,2026-09-23,A,A,AUTHORIZED FOR HIRE,6000 PENDLETON WAY APT 6307,CRANBERRY TOWNSHIP,PA,16066,4127913969,PROGRESSAUTOGROUP@GMAIL.COM,1,1,,
5365280,ALRAHAF LLC,,2026-09-23,A,A,AUTHORIZED FOR HIRE,2713 PICKARDS POINT,LA VERGNE,TN,37086,6154196178,MAANK1989@GMAIL.COM,1,1,,
5361910,LOAD LINKED LOGISTICS CARRIERS LLC,3LC,2026-09-23,A,A,AUTHORIZED FOR HIRE,1562 E 108TH ST,CLEVELAND,OH,44106,2163929011,ROMELL.PETERS@3LGROUPINFO.COM,1,3,,
5311877,ROGERS ENTERPRISE LLC,,2026-09-23,A,C,AUTHORIZED FOR HIRE,4343 KATY HOCKLEY RD UNIT 79,KATY,TX,77493,8325672965,MELODYBAD30@YAHOO.COM,1,1,,2026-09-25
5311011,LIVEATFIVE LLC,,2026-09-23,A,C,AUTHORIZED FOR HIRE,8327 BENT MEADOW DR,CONVERSE,TX,78109,2103963415,liveat5ivestudios@gmail.com,2,2,,
5305627,TBROWN TRUCKING LLC,,2026-09-23,A,C,AUTHORIZED FOR HIRE,8421 W NATIONAL RD,NEW CARLISLE,OH,45344-9226,9372450156,TBROWN1957@AOL.COM,6,4,,
5303291,DROP IN COMMERCIAL PROPERTIES LLC,SEBANKS CO,2026-09-23,A,C,PRIVATE PROPERTY,6130 E 81ST ST,TULSA,OK,74137,5128552575,cbaird@sebanksco.com,2,6,,
5273743,FASTLANE LOGISTICS INC,,2026-09-23,A,A,AUTHORIZED FOR HIRE,130 N NEW AVE 130 #6,MONTEREY PARK,CA,91755,6264939421,KONGLANLAN08@GMAIL.COM,1,1,,
5271384,DIAMONDS FROM THE DIRT TRANSPORT LLC,,2026-09-23,A,A,AUTHORIZED FOR HIRE,509 BELLGROVE DR,HOPE MILLS,NC,28348,9103822002,dfdtransport@gmail.com,2,1,,
5262015,EVERYTHING LANDSCAPING LLC,,2026-09-23,A,C,PRIVATE PROPERTY,365 STAGE RD,BALLSTON LAKE,NY,12019,5183902559,EVERYTHING.LANDSCAPING518@GMAIL.COM,2,1,,
5259609,LEGEND AUTO CARRIER LLC,,2026-09-23,A,A,PRIVATE PROPERTY;AUTHORIZED FOR HIRE,18618 8TH AVENUE CT E,SPANAWAY,WA,98387,2532285315,legendautoc@gmail.com,2,4,,2026-09-23
5256277,MUTH AUDIO DESIGNS LLC,,2026-09-23,A,A,PRIVATE PROPERTY,1775 MASSIEVILLE RD,CHILLICOTHE,OH,45601,7406251575,BRIAN@MUTHAUDIO.COM,6,10,,
5251760,SORA INNOVATIONS INC,,2026-09-23,A,A,PRIVATE PROPERTY;AUTHORIZED FOR HIRE,15022 W ASHTON LN APT 1,LOCKPORT,IL,60441,3072203636,firasyassin3@gmail.com,3,1,,2026-09-23
5206303,"AUGUSTA CRANE SERVICE, LLC",,2026-09-23,A,C,PRIVATE PROPERTY;AUTHORIZED FOR HIRE,6480 MOSQUITO POINT RD,MUNNSVILLE,NY,13409-2602,3158251208,TANDK@UPWARDPRINT.COM,1,1,,
5191028,E&N TOWING AND TRANSPORTS LLC,,2026-09-23,A,C,PRIVATE PROPERTY;AUTHORIZED FOR HIRE,4903 BARTLETT RD,FOREST PARK,GA,30297,4049668261,THEHUSTLER@LIVE.COM,1,1,,
5186658,"VS DELIVERY, INC.",,2026-09-23,A,C,PRIVATE PROPERTY,53 N DUNTON AVENUE,MEDFORD,NY,11763,8622493692,VSDELIVERYINC@GMAIL.COM,1,1,,
5133937,BLACK LION EXPRESS LLC,,2026-09-23,A,A,AUTHORIZED FOR HIRE,31300 PLYMOUTH RD STE 200,LIVONIA,MI,48150,3133512609,ALMASTRANSPORTATION96@GMAIL.COM,2,4,,
5110554,SGH LOGISTICS LLC,,2026-09-23,A,A,AUTHORIZED FOR HIRE,"30 N GOULD ST, STE N",SHERIDAN,WY,82801,4156582186,SGHABTE22@GMAIL.COM,1,4,,
5103930,MAGDI TRUCKING LLC,,2026-09-23,A,C,AUTHORIZED FOR HIRE,2909 SALADO TRL,FORT WORTH,TX,76118,5712294666,magdifanous78@gmail.com,1,1,,
5099269,LEGENDARY MOTORS LLC,,2026-09-23,A,A,PRIVATE PROPERTY;AUTHORIZED FOR HIRE,24 WALKER AVE,SUMTER,SC,29150,6783678084,LEGENDARYMOTORS123@GMAIL.COM,2,4,,
5088174,GOAT WRECKER LLC,,2026-09-23,A,C,AUTHORIZED FOR HIRE,3851 NW NORTH RIVER DR,MIAMI,FL,33142,3053236980,GOATWRECKER305@GMAIL.COM,1,2,,
5088023,ARF XPRESS INC,,2026-09-23,A,C,AUTHORIZED FOR HIRE,6390 SCOTT STREET,HOLLYWOOD,FL,33024,8502420948,ARFXPRESSINC@GMAIL.COM,1,1,,
5067388,MICHARA LLC,,2026-09-23,A,A,PRIVATE PROPERTY;AUTHORIZED FOR HIRE,620 ELIZABETH ST,LEBANON,PA,17046,9296790891,MICHARA.LOGISTICS@GMAIL.COM,1,1,,
5065872,M&G TRANSPORT AND LOGISTICS LLC,,2026-09-23,A,A,PRIVATE PROPERTY;AUTHORIZED FOR HIRE,82 WENDELL AVE STE 100,PITTSFIELD,MA,01201,4133634572,MGTRANSPORTANDLOGISTICS101@GMAIL.COM,1,8,,
5054978,AK&SONS EMPIRE INC,,2026-09-23,A,A,AUTHORIZED FOR HIRE,4127 LUNAR WAY,UNION CITY,CA,94587,9254098590,aksonsempireinc01@gmail.com,1,1,,
5042598,CONCRETE ON DEMAND LLC,,2026-09-23,A,C,AUTHORIZED FOR HIRE,2547 CONNECTION POINT,OVIEDO,FL,32765,4079779898,INVOICES@SDCFL.COM,14,10,,
5027906,"BROOKS ICE COMPANY, INC.",,2026-09-23,A,A,PRIVATE PROPERTY,903 INDUSTRIAL PARK,MENA,AR,71953,4793943002,brooksicecompany@gmail.com,5,8,,
5025157,LA PIRAGUA TRUCKING LLC,,2026-09-23,A,A,AUTHORIZED FOR HIRE,9 PLEASANT TER,LAWRENCE,MA,01841,9783975559,ALFREDOKINGSLEY05@HOTMAIL.COM,1,8,,
5021458,IK EXPRESS LLC,,2026-09-23,A,A,AUTHORIZED FOR HIRE,200 ROUNDSTONE DR,INMAN,SC,29349,7019777070,IKEXPRESS26@HOTMAIL.COM,1,1,,
5014847,YFN EXPORTS LLC,,2026-09-23,A,A,AUTHORIZED FOR HIRE,8707 SUSQUEHANNA ST,LORTON,VA,22079,2026796664,yfnexp@gmail.com,1,1,,
5002070,ZE LOADING LLC,,2026-09-23,A,A,AUTHORIZED FOR HIRE,80 W MARYLAND AVE APT A1,ALDAN,PA,19019,2155263735,admin@zeloading.com,1,4,,
4996831,PMR & SONS LLC,,2026-09-23,A,A,AUTHORIZED FOR HIRE,10102 MCKINSTRY MILL RD,NEW WINDSOR,MD,21778,3017486449,eropp87@gmail.com,1,1,,2026-09-26
4975264,JMAX TOWING & RECOVERY LLC,,2026-09-23,A,A,PRIVATE PROPERTY;AUTHORIZED FOR HIRE,1200 UNION STREET,MONROE,MI,48161,7346936757,JMAXTOWING@GMAIL.COM,3,8,,
4960135,BLUE PANORAMA CORP,,2026-09-23,A,C,,61 TAMIAMI BLVD,MIAMI,FL,33144,7865424392,bluepanorama18@gmail.com,2,8,,
4945918,"CUMMINS HOTSHOT LOGISTICS, LLC",,2026-09-23,A,A,AUTHORIZED FOR HIRE,1225 ROMANO WAY,MODESTO,CA,95355,2095567016,MICHAEL7773@LIVE.COM,1,1,,
4921484,LOBO KING TRUCKING INC,,2026-09-23,A,A,AUTHORIZED FOR HIRE,532 THOMAS ST,WOODLAND,CA,95776-4284,5302206601,lobokingtrucking@gmail.com,1,1,,2026-09-23
4904661,"AMISH EXCELLENCE 901, LLC",,2026-09-23,A,A,PRIVATE PROPERTY,3601 S HOUSTON LEVEE RD SUITE 106,COLLIERVILLE,TN,38017,9015310001,AMISHEXCELLENCE901@GMAIL.COM,2,4,,
4895424,RISING STAR 777 LLC,,2026-09-23,A,A,AUTHORIZED FOR HIRE,79 BUSHNELL ST,HARTFORD,CT,06114,8608340332,alwiliams@icloud.com,2,4,,
4882267,HEBER'S TRANSPORT & TOWING SERVICES LLC,,2026-09-23,A,C,"PRIVATE PASSENGER, BUSINESS;PRIVATE PASSENGER, NON-BUSINESS;AUTHORIZED FOR HIRE",2204 SW GRAND BLVD,OKLAHOMA CITY,OK,73119-2721,4055383798,heber.16merida@yahoo.com,0,,,
4854024,SBS EXPRESS LLC,,2026-09-23,A,A,AUTHORIZED FOR HIRE,532 TIMBER RIDGE DRIVE APT 102,CAROL STREAM,IL,60188-2850,2245634318,SBSEXPRESSLLC.INFO@GMAIL.COM,1,1,,
4845450,218 ROOFING & CONSTRUCTION LLC,,2026-09-23,A,C,PRIVATE PROPERTY,5334 TRUMAN DRIVE,HERMANTOWN,MN,55811,2183489469,218ROOFINGCONSTRUCTION@GMAIL.COM,1,1,,
4842799,CRUT LINES LIMITED INC,,2026-09-23,A,A,AUTHORIZED FOR HIRE,1974 W COBBLESTONE RD,ROMEOVILLE,IL,60446,7737101817,main@damarktransport.com,1,1,,
4835659,THREE LITTLE BIRDS CATERING & EVENTS LLC,AFTERSHOW CATERING & EVENTS,2026-09-23,A,A,PRIVATE PROPERTY,222 HORSHAM RD,HORSHAM,PA,19044-2549,2152647700,bill@southernfarmcatering.com,1,3,,
4799006,EVE TRANSPORT LLC,,2026-09-23,A,C,AUTHORIZED FOR HIRE,12920 MONTANA AVE STE B,EL PASO,TX,79938,9152529238,EVETRANSPORTLLC@GMAIL.COM,2,1,,
4795361,C & J GLOBAL INDUSTRIES LLC,,2026-09-23,A,C,PRIVATE PROPERTY;AUTHORIZED FOR HIRE,155 FOXON ROAD,NORTH BRANFORD,CT,06471-1059,2035073376,CJINDUSLLC@GMAIL.COM,2,4,,
4791911,"WIDNER SITEWORKS, LLC",,2026-09-23,A,A,PRIVATE PROPERTY,28085 BOYDS CHAPEL ROAD,ELKMONT,AL,35620,2566565069,BWIDNER@WIDNERSITEWORKS.COM,3,2,,
4789349,ODIGITRIJA INC.,,2026-09-23,A,A,AUTHORIZED FOR HIRE,2700 PATRIOT BLVD,GLENVIEW,IL,60026,8722806454,ODIGITRIJAINC@YAHOO.COM,1,1,,
4779455,"ESSENTIAL HOMES, LLC",,2026-09-23,A,C,PRIVATE PROPERTY,560 BROADWAY STE 202,LONG BRANCH,NJ,07740-5964,7322221888,jack@essentialbuildersnj.com,2,2,,
4776561,THRONE MMA,,2026-09-23,A,A,PRIVATE PROPERTY,2218 9 1/2 ST N,FARGO,ND,58102,3203043538,DEAN@THRONEMMA.COM,1,8,,
4771953,TERRASAS INC.,,2026-09-23,A,C,PRIVATE PROPERTY,2412 HERITAGE MANOR DR,GILROY,CA,95020,5103204364,concretecrazyjoe@gmail.com,2,2,,
4771058,SR FREIGHT SOLUTIONS LLC,,2026-09-23,A,A,AUTHORIZED FOR HIRE,5601 CRESTLINE PL,RANCHO CUCAMONGA,CA,91739,6264745614,LOPEZSEBAS07.RR@GMAIL.COM,1,1,,2026-09-24
4762993,CITYSPAN COMMUNICATIONS LLC,,2026-09-23,A,C,AUTHORIZED FOR HIRE,66 WEST FLAGLER,MIAMI,FL,33130,8554427435,ACCOUNTS@CITY-SPAN.COM,2,12,,
4761729,DL RIVERO MOVING LLC,,2026-09-23,A,C,AUTHORIZED FOR HIRE,2948 NW 90TH ST,MIAMI,FL,33147,7864623662,dlriveromovingllc@gmail.com,2,2,,
4757881,NJR EXPRESS HOTSHOT LLC,,2026-09-23,A,A,AUTHORIZED FOR HIRE,1905 W HOUSTON AVE,FULLERTON,CA,92833,5624474935,farzad@njrexpresshotshotllc.com,1,1,,
4743807,KEVIN NORMAN,,2026-09-23,A,C,AUTHORIZED FOR HIRE,332 S MICHIGAN AVE,CHICAGO,IL,60604,2258281700,KNORMAN323@YAHOO.COM,1,1,,
4742192,HS FLEET LLC,,2026-09-23,A,A,AUTHORIZED FOR HIRE,223 BARBOUR RD,NEW BRITAIN,CT,06053,8606091416,info@hsfleetllc.com,1,1,,
4735938,DAVID CHAVARRIA,MCAKENZIE'S PALLETS,2026-09-23,A,C,PRIVATE PROPERTY,7316 14TH AVE,SACRAMENTO,CA,95820,9167938878,mackenziespallets@gmail.com,4,1,,
4712964,E&M HORIZON HOLDINGS LLC,,2026-09-23,A,C,AUTHORIZED FOR HIRE,513 E 35TH ST,ODESSA,TX,79762,4322692697,salvador.perez.camacho@gmail.com,1,1,,
4703417,BUMBLEBEE TRANSPORT LLC,,2026-09-23,A,C,AUTHORIZED FOR HIRE,3115 EAST MERRILL AVENUE,GILBERT,AZ,85234-1512,4804152781,PSKALER1969@GMAIL.COM,4,1,,
4693066,SPRIGGS BROTHERS LLC,,2026-09-23,A,C,AUTHORIZED FOR HIRE,148 LUCKNOW RD,HARRISBURG,PA,17110,7178297577,SPRIGGSBROTHERSLLC@GMAIL.COM,1,4,,
4684470,786 SERVICES INC,,2026-09-23,A,A,AUTHORIZED FOR HIRE,36 KEVIN DR,FLANDERS,NJ,07836-9760,9739450604,786TRUCKINGSERVICESINC@GMAIL.COM,3,3,,
4670715,ADVANCED RETREADING SOLUTIONS LLC,,2026-09-23,A,C,PRIVATE PROPERTY,1019 NW 22ND CT,OCALA,FL,34475,3522306655,ADMIN@RETREADINGSOLUTIONS.COM,2,1,,
4658754,TUCKS HORIZON LLC,,2026-09-23,A,A,PRIVATE PROPERTY;AUTHORIZED FOR HIRE,7700 BROADWAY STREET STE 104,SAN ANTONIO,TX,78209,4452351273,WEHAULIT@TUCKSHORIZON.COM,2,4,,
4657838,THE FAMILY TRANSPORT 15 LLC,,2026-09-23,A,A,AUTHORIZED FOR HIRE,32 VAN WINKLE AVE,PASSAIC,NJ,07055,8624661030,ftransport15@gmail.com,1,1,,2026-09-24
4648493,PONY EXPEDITION EXPRESS,,2026-09-23,A,C,AUTHORIZED FOR HIRE,6 4TH AVE,NEW CASTLE,DE,19720,2678815215,HOPEALLEN1265@GMAIL.COM,2,1,,
4593934,TRAVYX TRANSPORTATION LLC,,2026-09-23,A,A,PRIVATE PROPERTY,2118 AIRPORT LOOP,HOMER,LA,71040,3186583463,TRAVYXTRANSPORTATION@GMAIL.COM,1,1,,
9997322,4TH GEN ENERGY L.L.C.,,2026-09-22,A,C,PRIVATE PROPERTY;AUTHORIZED FOR HIRE,195 MITCH'S LANE,ROCKTON,PA,15856-4135,8145771902,SHANEWAROQUIER@YAHOO.COM,3,14,,
9996889,"LIBERAL LOGISTICS, LLC",,2026-09-22,A,A,AUTHORIZED FOR HIRE,4715 SPANIEL ST,ORLANDO,FL,32818,4074735812,liberalclaudy4@gmail.com,2,1,,
9983267,L & L CONTRACTORS INC,,2026-09-22,A,C,PRIVATE PROPERTY;AUTHORIZED FOR HIRE,510 W. MAIN ST,ANDREWS,SC,29510,8432642450,BJLAMBERT@LLCONTRACTORS.COM,1,1,,
9977488,JOWHAR TRUCKING LLC,,2026-09-22,A,A,AUTHORIZED FOR HIRE,1112 E 17TH ST APT 514,SOUTH SIOUX CITY,NE,68776,4024049812,jowhar147@gmail.com,1,1,,
9969705,FAST TURN EXPRESS INC.,,2026-09-22,A,A,AUTHORIZED FOR HIRE,1469 SANDHILL DR UNIT 4,ANCASTER,ON,L9G 0H7,4169853714,karthik.rajeswaran@fastturnexpress.com,2,1,,
9965068,BLIGHT TO BRIGHT GROUP LLC,,2026-09-22,A,A,AUTHORIZED FOR HIRE,15700 W 10 MILE RD STE 212,SOUTHFIELD,MI,48075,3137132065,info@blighttobright.com,1,1,,
9898889,BROWN LINE CONSTRUCTION LLC,,2026-09-22,A,C,PRIVATE PROPERTY,651 SNYDERS CORNERS ROAD,POESTENKILL,NY,12140,5187032589,CAMERONBR77@GMAIL.COM,1,1,,
9886480,J G CONSTRUCTIONS & CONTRACTORS INC,,2026-09-22,A,C,PRIVATE PROPERTY,33 OLD ROUTE 202 LOT 28,POMONA,NY,10970,8452699353,JGCCONTRACTOR28@GMAIL.COM,1,1,,
9885703,LALA FREIGHT SOLUTIONS LLC,,2026-09-22,A,A,PRIVATE PROPERTY;AUTHORIZED FOR HIRE,1939 NOE,HEATH,TX,75126,4695203093,lalatransporttx@gmail.com,7,6,,
9882079,SK MAAN TRUCKING INC,,2026-09-22,A,A,AUTHORIZED FOR HIRE,1767 GILEAD AVENUE,MANTECA,CA,95337,2093287832,skmaaninc@gmail.com,1,1,,
9864944,CHUCHI TOWING LLC,,2026-09-22,A,C,AUTHORIZED FOR HIRE,75 KASPER CIR,STRATFORD,CT,06614,2032604655,chuchitransportllc@gmail.com,2,1,,
9862489,NLF HOLDINGS LLC,,2026-09-22,A,C,AUTHORIZED FOR HIRE,1590 ROSECRANS AVE 1529,MANHATTAN BEACH,CA,90025,4028708962,UNCREATIVELIVING@GMAIL.COM,1,4,,
9861908,AMERICAN STAR CONTRACTOR CORP,,2026-09-22,A,C,PRIVATE PROPERTY,77 LAFAYETTE AVE.,WHITE PLAINS,NY,10603,8622949990,AMERICANSTAR75@YAHOO.COM,2,1,,
9858920,D&D ENTERPRISE LLC,,2026-09-22,A,A,AUTHORIZED FOR HIRE,1075 HERNDON RD,LAWRENCEBURG,KY,40342,8594574520,DDENTERPRISE.KY@GMAIL.COM,1,1,,
9849105,KR EXCAVATION LLC,,2026-09-22,A,A,PRIVATE PROPERTY,376 PIKE SCHOOL RD MARKLEYSBUG PA 15459,MARKLEYSBURG,PA,15459,7245700282,kylewray1217@gmail.com,2,8,,
9821375,C&C HAULING SERVICES LLC,,2026-09-22,A,A,PRIVATE PROPERTY;AUTHORIZED FOR HIRE,7789 MANDALAY CIRCLE,FOLEY,AL,36535,3372741063,CHANCEWADESMUDRICKS@GMAIL.COM,1,1,,
9805107,SOCIALPOPOC,,2026-09-22,A,C,AUTHORIZED FOR HIRE,3127 W. POLK AVE,ANAHEIM,CA,92801,6575432352,NAPOLES1503@GMAIL.COM,1,2,,
9781428,7RISELOGISTICSLLC,,2026-09-22,A,C,AUTHORIZED FOR HIRE,1 OLD POST RD,TOBYHANNA,PA,18466,3476621164,dispatch@7riselogisticsa.com,1,4,,
9772941,GARCIA TRANSPORT LLC,,2026-09-22,A,A,AUTHORIZED FOR HIRE,23 HART ST,TAUNTON,MA,02780,6177564899,GARCIATRANSPORTLLC25@GMAIL.COM,1,1,,
9769710,ADAM STOLL,,2026-09-22,P,A,AUTHORIZED FOR HIRE;FEDERAL GOVERNMENT,418 EAST BROADWAY BLVD APT 4,COLUMBIA,MO,65201,5733568943,ADAMSTOLL21@GMAIL.COM,1,4,,
9759203,KLNS TRUCKING LLC,,2026-09-22,A,A,AUTHORIZED FOR HIRE;EXEMPT FOR HIRE,6 WHIG COURT,HOLBROOK,NY,11741,1514992165,kingmorah@klnstruckingllc.com,4,2,,
9737592,KAMIR LOPEZ VELAZQUEZ,,2026-09-22,A,C,AUTHORIZED FOR HIRE,4265 54TH AVE NE,NAPLES,FL,34120,2393971916,LOPEZUSACORP@GMAIL.COM,1,1,,
9730909,J&J LOGISTICS LLC,,2026-09-22,A,C,AUTHORIZED FOR HIRE,7425 LA VISTA DR APT 1624,DALLAS,TX,75214,9728183733,jjlogisticsllc2026@outlook.com,3,2,,
9714791,LIONGATE CARGO LLC,,2026-09-22,A,C,,5833 E TRUMAN AVE,FRESNO,CA,93727,5598608990,liongatecargollc@gmail.com,0,,,
9707505,"HYDROGEO ENVIRONMENTAL, LLC",,2026-09-22,A,C,PRIVATE PROPERTY,5155 THREE NOTCH D RD STE F,CROZET,VA,22932,4342551617,TEAM@HYDROGEOENVIRONMENTAL.COM,6,4,,
9698590,"CARDINAL EXECUTIVE TRANSPORT, LLC",,2026-09-22,A,A,"PRIVATE PASSENGER, BUSINESS;PRIVATE PASSENGER, NON-BUSINESS;AUTHORIZED FOR HIRE",42603 GOOD HOPE LN.,BRAMBLETON,VA,20148,6462210941,venturesrck@gmail.com,15,4,,
9670236,DMS LINE LLC,,2026-09-22,A,A,PRIVATE PROPERTY,115 DEER STREET,BREWTON,AL,36426,2512860909,mbrown.dms@gmail.com,7,7,,2026-09-22
9660047,BUDDY WRIGHT TRUCKING LLC,,2026-09-22,A,A,AUTHORIZED FOR HIRE,151 KRAMER HOLLOW RD,BROOKVILLE,PA,15825-6609,8147151825,williamwright0803@gmail.com,1,1,,
9656925,FRENCH CREEK MECHANICAL LLC,,2026-09-22,A,C,PRIVATE PROPERTY,16856 STATE HIGHWAY 86,SAEGERTOWN,PA,16433-6230,8145733683,FRENCHCREEKMECHANICAL@GMAIL.COM,7,1,,
9633520,STULL FEEDERS LLC,,2026-09-22,A,A,PRIVATE PROPERTY,1595 MOUNTAIN VISTA ROAD,HARRISON,AR,72601,8707439546,info@stullfeeders.com,1,2,,
9627652,LIZAK HOMES LLC,,2026-09-22,A,A,AUTHORIZED FOR HIRE,7107 WEST 114TH PLACE,WORTH,IL,60482,7739713610,INFO@LIZAKHOMEROOFING.COM,1,1,,
9626233,PORTALATIN LLC,,2026-09-22,A,A,PRIVATE PROPERTY;AUTHORIZED FOR HIRE;EXEMPT FOR HIRE,2221 EAST MAIN STREET APT 2I,WATERBURY,CT,06705,4752434246,eyelinperez40@gmail.com,1,4,,
9610657,2 BROTHERS OILFIELD SERVICES LLC,,2026-09-22,A,C,PRIVATE PROPERTY,2022 PALO DURO DR,ODESSA,TX,79762,4324889675,VICTORSG8730@GMAIL.COM,3,1,,
9600487,B&L FLOORING AND CONTRACTING LLC,,2026-09-22,A,A,AUTHORIZED FOR HIRE,5208 KINGFISHER AVE SE,ABERDEEN,SD,57401-8799,6054192157,LITTLEBRIAN@GMAIL.COM,2,8,,
9595979,JLSOTO TRANSPORT INC,,2026-09-22,A,A,AUTHORIZED FOR HIRE,595 PROUDFOOT LANE APT 909,LONDON,ON,N6H 4S1,5197193207,LORENA@JLSOTOTRANSPORT.COM,1,1,,
9556867,CARLTON TRUCK AND TRAILER,,2026-09-22,A,A,PRIVATE PROPERTY;AUTHORIZED FOR HIRE;EXEMPT FOR HIRE,5365 US HIGHWAY 278,ROSSTON,AR,71858,8706020300,ANGELA.C@CARLTONTANDT.COM,3,4,,
9531738,KESTLER LOGGING INC,,2026-09-22,A,C,PRIVATE PROPERTY,W4618 FAWN AVE,WESTBORO,WI,54490,7154930161,kestler120@gmail.com,1,1,,
9529588,PHOENIX TRACK SAFETY,,2026-09-22,A,A,PRIVATE PROPERTY,3021 SARAH BETH WAY,JEFFERSONVILLE,IN,47130,5025988461,MHAMLIN@PHOENIXTRACKSAFETY.COM,2,8,,
9527265,THIRD GENERATION SERVICES LLC,,2026-09-22,A,C,PRIVATE PROPERTY;AUTHORIZED FOR HIRE,14810 BLACK ANKLE RD,MT AIRY,MD,21771,3016674404,THIRDGENSERV@AOL.COM,2,1,,
9526225,LCB BUILDING SERVICES,,2026-09-22,A,A,PRIVATE PROPERTY;AUTHORIZED FOR HIRE,522 KILDRUMMY DRIVE,DAVENPORT,FL,33896,3479970521,LINCOLNB@LCBBUILDINGSRRVICES.COM,2,0,,
9493512,GOLDEN VN LOGISTICS INC,,2026-09-22,A,A,AUTHORIZED FOR HIRE,451 KINGS HWY APT 4R,BROOKLYN,NY,11223,9177721112,goldenvnlogistics@gmail.com,1,1,,
9492480,HELMS AND SON LLC,,2026-09-22,A,C,AUTHORIZED FOR HIRE,5421 ORR RD.,MONROE,NC,28110,7042218985,HELMSANDSONLLC@GMAIL.COM,4,1,,
9492396,ALMAXX,,2026-09-22,A,C,PRIVATE PROPERTY,20 KRISSA CT,STATEN ISLAND,NY,10312,9178563430,ALMAXX.INET@GMAIL.COM,2,2,,
9480836,ANNELIE TRANSPORT AND SERVICES LLC,,2026-09-22,A,A,AUTHORIZED FOR HIRE,7 DICKINSON CT,LEDGEWOOD,NJ,07852-2304,8456718247,ANNELIETRANSPORT@GMAIL.COM,1,1,,
9477974,HORACIO VEGA,B&K TRUCKING,2026-09-22,A,C,AUTHORIZED FOR HIRE,4753 KENMORE AVE,BALDWIN PARK,CA,91706-2310,6264214886,BNKTRUCKING2026@YAHOO.COM,1,1,,
9467505,HELDERBERG MATERIAL LLC,,2026-09-22,A,C,PRIVATE PROPERTY,133 COUNTY ROUTE 312 UNIT 2,WESTERLO,NY,12193-2504,5182270894,HELDERBERGMATERIAL@GMAIL.COM,2,1,,
9452440,R&D DELIVERIES LLC,,2026-09-22,A,A,AUTHORIZED FOR HIRE,4045 SHERLOCK COURT,ORLANDO,FL,32824,6893226797,admin@rddeliveries.com,3,2,,
9450524,RISING GENERATION CONCRETE DELIVERY LLC,,2026-09-22,A,C,AUTHORIZED FOR HIRE,11021 TUMBLEWEED DR,DALLAS,TX,75217,2142078170,ABRA1406@YAHOO.COM,1,1,,
9443019,MIGUEL ANGEL RESTORATION AND REMODELING LLC,,2026-09-22,A,A,PRIVATE PROPERTY,11 KARL AVE,BELLEVILLE,WI,53508-9774,6084223609,RESTORATION.REMODELING@MAOFFICES.COM,1,8,,
9442809,DRJ TRANS LLC,,2026-09-22,A,A,AUTHORIZED FOR HIRE,4182 BRIDGEWATER PARKWAY APT 102,STOW,OH,44224,3303484793,DRJTRANSLLC80@GMAIL.COM,1,2,,
9440715,VR SERVICES GROUP LLC,,2026-09-22,A,C,AUTHORIZED FOR HIRE,6 BRUCE APT 1/2,NASHUA,NH,03064,7743726651,VRSERVICESGROUP@OUTLOOK.COM,2,2,,
9440282,JESUS ANTONIO SALINAS,REBEL TRANSPORT,2026-09-22,A,C,AUTHORIZED FOR HIRE,803 E BROWN ST,DECATUR,TX,76234,9405774071,TONYSALINAS417@GMAIL.COM,1,1,,
9430205,PTARMIGAN TRANSPORT SERVICES LLC,,2026-09-22,A,C,AUTHORIZED FOR HIRE,432 E BEAVER AVE,PALMER,AK,99645,9076902336,ptarmigantransportllc@gmail.com,1,2,,
9409198,PRIORITIZE TRANSPORTATION LLC,,2026-09-22,A,C,AUTHORIZED FOR HIRE,6995 CALVIN CREEK DRIVE #108,CANAL WINCHESTER,OH,43110,6143126519,REALDEALRIO88@GMAIL.COM,1,1,,
9408072,CISWAY LOGISTICS LLC,,2026-09-22,A,A,AUTHORIZED FOR HIRE,58 DOROTHY LANE,LAWRENCEVILLE,GA,30046,7708802463,AZIZ@CISWAYLOGISTICS.COM,1,1,,2026-09-22
9407762,J&E ELITE FREIGHT LLC,,2026-09-22,A,A,AUTHORIZED FOR HIRE,48 1/2 3RD ST,NEWARK,NJ,07107,9734448531,j.e.elitefreightllc@gmail.com,1,1,,
9401076,"BONE ROUTE TRANSPORT, LLC",,2026-09-22,A,A,AUTHORIZED FOR HIRE,26 BARRY ST APT 2,DORCHESTER,MA,02125-3074,9783827367,bonep0708@gmail.com,1,1,,
9390717,A3 FREIGHT LLC,,2026-09-22,A,A,AUTHORIZED FOR HIRE,140 15TH AVE N APT 216,WAITE PARK,MN,56387,3204200151,athreefreight@gmail.com,1,2,,
9383581,GREEN BY NATURE LLC,,2026-09-22,A,C,PRIVATE PROPERTY,1885 GERMAN CHAPEL RD,PRINCE FREDERICK,MD,20678-3608,2404621752,greenbynaturellc@gmail.com,2,2,,
9382969,ZACHARY RAY JACOBS,,2026-09-22,A,C,PRIVATE PROPERTY,1665 SEGAL RD,BROWNSVILLE,KY,42210-9242,2702460603,zachrayjacobs2004@gmail.com,1,1,,
9356336,EXPEDIA TRUCKING LLC,,2026-09-22,A,A,AUTHORIZED FOR HIRE,11776 UNITY DR,BRIDGETON,MO,63044,4044182653,ANDIIGEB@GMAIL.COM,2,8,,
9355861,NMA LLC,,2026-09-22,A,C,"PRIVATE PASSENGER, BUSINESS;PRIVATE PASSENGER, NON-BUSINESS;AUTHORIZED FOR HIRE",640 WISCONSIN AVENUE NORTH 111,GOLDEN VALLEY,MN,55427,6124336567,NATHNAELTOLOSSA@GMAIL.COM,2026,51,,
9355705,K2 WESTERN HAULING & TRANSPORT LLC,,2026-09-22,A,A,AUTHORIZED FOR HIRE,2331 JACKSON ROAD,LA GRANGE,TX,78945,9792500427,kyle_king20@icloud.com,2,2,,
9343747,KEILY HOPE BUMGARDNER,,2026-09-22,A,A,AUTHORIZED FOR HIRE,113 PONY BARN RD,LAWNDALE,NC,28090,7044725336,llg98transport@gmail.com,2,2,,
9341625,LEANING TREE TRANSPORTATION LLC,,2026-09-22,A,A,PRIVATE PROPERTY;AUTHORIZED FOR HIRE,51 COUNTY ROAD 1699,CULLMAN,AL,35058,2567353558,BAIN@LEANINGTREETRANSPORTATION.COM,1,1,,2026-09-22
9340382,MOVEX HUB LLC,,2026-09-22,A,A,AUTHORIZED FOR HIRE,9633 WATERFORD PL APT 103,LOVELAND,OH,45140,9173768205,MOVEXHUBLLC@GMAIL.COM,2,1,,
9337050,BLUE-COLLAR JUNK HAULERS,,2026-09-22,A,C,PRIVATE PROPERTY;AUTHORIZED FOR HIRE,7430 N FAIRPORT AVE,DUNNELLON,FL,34433,3522017925,BLUECOLLARJUNK01@GMAIL.COM,5,1,,
9332259,ADVANCING MINDS LEARNING CENTER LLC,,2026-09-22,A,C,"PRIVATE PROPERTY;PRIVATE PASSENGER, BUSINESS;PRIVATE PASSENGER, NON-BUSINESS",11 TRIANGLE PARK DRIVE,CINCINNATI,OH,45246,5136551842,ADVANCINGMINDSLEARNING@GMAIL.COM,1,2,,
9330242,YOUNG BUCKS LLC,YOUNG BUCKS TREE SERVICE,2026-09-22,A,A,PRIVATE PROPERTY,351 VIRGINIA AVE,MORGANTOWN,WV,26505,3046026727,youngbuckstrees@gmail.com,2,5,,
9324034,A&L LANDSCAPING LLC,,2026-09-22,A,C,PRIVATE PROPERTY,33706 AVONDALE ST,WESTLAND,MI,48186,7346648522,austin@al-landscapingmi.com,3,1,,
9297564,SWIFT-T HAULING LLC.,,2026-09-22,A,A,PRIVATE PROPERTY;AUTHORIZED FOR HIRE,9105 E 43RD TER,KANSAS CITY,MO,64133,8168715124,swiftthaulingllc@gmail.com,1,4,,
9295943,H2 GENESIS LLC,BROOKS LANDSCAPE LLC,2026-09-22,A,C,AUTHORIZED FOR HIRE,1805 EAST LINCOLN AVENUE A1,FORT COLLINS,CO,80524,9702927278,JESSICA@BROOKSLANDSCAPECO.COM,4,7,,
9295921,UNIQUE TRUE PIPELINE LLC,,2026-09-22,A,C,AUTHORIZED FOR HIRE,2114 CROTON,ROYSECITY,TX,75189,3468851675,MNTREVINO@UNIQUETRUEPIPELINE.COM,4,4,,
9282358,GRAVIX LLC,,2026-09-22,A,A,PRIVATE PROPERTY;AUTHORIZED FOR HIRE,120 PINNACLE PLACE DR SUITE A,LITTLE RIVER,SC,29566,8434819940,LOGISTICS2@BUYBENNETT.COM,3,1,,
9277459,SANTADEO TRUCKING LLC,,2026-09-22,A,A,AUTHORIZED FOR HIRE,4449 DE ORO LN,LAWNDALE,CA,90260,4243811137,santadeotrucking@gmail.com,1,1,,
9265362,"EVERFRAME STEEL, LLC",,2026-09-22,A,A,PRIVATE PROPERTY,1142 E CENTER ST STE 100,ROGERSVILLE,MO,65742,4179291303,dianna@everframesteel.com,1,2,,2026-09-25
9264280,ROYAL TOWING SERVICES LLC,,2026-09-22,A,C,AUTHORIZED FOR HIRE,696 PERRY CT,HAZLENTON,PA,18201,5705820604,royaltowingllc1@gmail.com,1,2,,
9248022,SANTOS CONSTRUCTION GROUP LLC,,2026-09-22,A,C,PRIVATE PROPERTY,3008 SHAFTO ROAD,TINTON FALLS,NJ,07753,9086752165,santoscgroup@gmail.com,4,2,,
9238354,FIRST CLASS NON EMERGENCY TRANSPORTATION LLC,,2026-09-22,A,C,"PRIVATE PASSENGER, BUSINESS;PRIVATE PASSENGER, NON-BUSINESS;AUTHORIZED FOR HIRE",10583 REDWOOD,HESPERIA,CA,92345,7605033382,FIRSTCLASSTRIP@OUTLOOK.COM,3,2,,
9233730,KHUN TRUCKING LLC,,2026-09-22,A,A,AUTHORIZED FOR HIRE,5015 PORTSMOUTH AVE,JACKSONVILLE,FL,32208-1644,9048828509,naung1344@gmail.com,1,1,,
9227623,DUARTE TRUCKING LLC,,2026-09-22,A,A,AUTHORIZED FOR HIRE,130 S GREENWICH RD LOT 42,WICHITA,KS,67207,3168831573,DUARTETRUCKING26@GMAIL.COM,1,1,,
9217757,FOSTER'S PLUMBING LLC,,2026-09-22,A,A,PRIVATE PROPERTY,1065 GEORGES CREEK RD,GALLIPOLIS,OH,45631,7407941117,CADM@ROADRUNNER.COM,2,2,,
9214933,CARTER'S TOWING LLC,,2026-09-22,A,C,PRIVATE PROPERTY;AUTHORIZED FOR HIRE,2141 N FRANKLIN RD.,INDIANAPOLIS,IN,46219,3177219590,CARTERSTOWING84@GMAIL.COM,2,4,,
9182237,"RIPPLE TELECOM, LLC",,2026-09-22,A,A,PRIVATE PROPERTY,7525 E 39TH ST STE 300,INDIANAPOLIS,IN,46226-5153,3174093618,jpearcy@rippletelecom.com,8,20,,
9179665,ESTATE GENIX LLC,REVEXPRESS LOGISTICS,2026-09-22,A,A,PRIVATE PROPERTY;AUTHORIZED FOR HIRE,10804 LEOTA DR,DALLAS,TX,75217,4699880031,ESTATEGENIXLLC@GMAIL.COM,1,2,,
9174680,NICOLE BOYKO,NICS LOGISTICS,2026-09-22,A,A,AUTHORIZED FOR HIRE,14 PRINCIP ST,HAMILTON,ON,L8W 2M3,2894408483,nicslogistics2026@gmail.com,1,2,,
9164984,MT. LASSEN HOLDINGS LLC,SUMMERFIELD SENIOR LIVING,2026-09-22,A,C,"PRIVATE PROPERTY;PRIVATE PASSENGER, BUSINESS;PRIVATE PASSENGER, NON-BUSINESS",1224 PLUMAS STREET,YUBA CITY,CA,95991,5307553850,cgildea@summerfieldal.com,1,1,,
9156030,MARDY'S PARADISE LLC,,2026-09-22,A,A,AUTHORIZED FOR HIRE,5923 BIHIA FOREST DR,HOUSTON,TX,77088,3612073966,kazmardy84@gmail.com,1,2,,
9143012,IN GEAR LOGISTICS LLC,,2026-09-22,A,A,AUTHORIZED FOR HIRE,8300 BRAHMA DRIVE,AUSTIN,TX,78744-5417,7373308639,INGEARLOGISTICSLLC@OUTLOOK.COM,1,2,,
9117749,EAGLE TRANSLINE GS INC,,2026-09-22,A,A,AUTHORIZED FOR HIRE,18319 HART STREET UNIT 14,LOS ANGELES,CA,91335,8187918153,eagletranslinegsinc@gmail.com,1,1,,
9117549,ON POINT LOGISTICS LLC,,2026-09-22,A,A,AUTHORIZED FOR HIRE,101 CLIFTWOOD ST. APT 3R,SPRINGFIELD,MA,01108,4135042499,joshuarortiz1991@gmail.com,1,1,,
9114307,NEXT HAVEN MOVERS LLC,,2026-09-22,A,A,AUTHORIZED FOR HIRE,5510 BROKEN SOUND BLVD NW APT 7202,BOCA RATON,FL,33487,9174285411,info@nexthavenmovers.com,2,4,,
9103304,APEX PLATINUM HOLDINGS LLC,APEX LINES,2026-09-22,A,A,PRIVATE PROPERTY;AUTHORIZED FOR HIRE,15234 WHITE MOSS DR,NEW CANEY,TX,77357,8327088427,apexplatinumholdings@gmail.com,4,12,,
9092703,DAY VISION LLC,,2026-09-22,A,A,AUTHORIZED FOR HIRE,4515 GARDENDALE ST APT 404,SAN ANTONIO,TX,78240,2108403504,dayvision33@gmail.com,1,1,,
9077255,LEP. SR TRUCKING COMPANY LLC,,2026-09-22,A,C,AUTHORIZED FOR HIRE,2044 FOREST RD,TYLERTOWN,MS,39667,6018140662,SMITHLESTER0222@GMAIL.COM,1,1,,
9072566,JK EXCAVATION LLC,,2026-09-22,A,C,PRIVATE PROPERTY,34763 JUANITA SPUR,TECUMSEH,OK,74873-5326,4053714994,EXCAVATIONJK@GMAIL.COM,1,1,,
9067813,ELEVATE TRANSPORT SOLUTION LLC,,2026-09-22,A,C,AUTHORIZED FOR HIRE,3523 BONNIE HEIGHTS ST,FULSHEAR,TX,77441,7866412805,ELEVATETRANSPORTSOLUTION@GMAIL.COM,2,1,,
9062511,FREIGHT LOAD SOLUTIONS INC,,2026-09-22,I,C,,3707 FORBES AVE,PITTSBURGH,PA,15213,7246805209,FREIGHTLOADSOLUTIONS@GMAIL.COM,0,,,
9061199,KD GREEN MULTISERVICES LLC,,2026-09-22,A,C,PRIVATE PROPERTY;AUTHORIZED FOR HIRE,4506 MAPLETREE LOOP,WESLEY CHAPEL,FL,33544,8136808203,KENTONDORCELY07@GMAIL.COM,1,1,,
9060376,ROGELIO S DE LEON GRAMAJO,ROGELITOS RECYCLING,2026-09-22,A,C,PRIVATE PROPERTY,75 WOODLAND AVE APT 8,SAN RAFAEL,CA,94901,4157269355,deleongramajorogelio7@gmail.com,1,1,,
9054096,TRANS NL CHICAGO COMPANY,,2026-09-22,A,A,AUTHORIZED FOR HIRE,4243 W WALTON ST APT BSMT,CHICAGO,IL,60651,7739792699,nelsonlogro540@gmail.com,2,1,,
9046361,DOMIVION LLC,,2026-09-22,A,C,PRIVATE PROPERTY;AUTHORIZED FOR HIRE,1300 DAHLIA CT APT 55,CARPINTERIA,CA,93013,8057080069,edwin@domivion.com,2,4,,
9044030,ES DELIVERY INC,,2026-09-22,A,A,AUTHORIZED FOR HIRE,392 BEEBE CT,NORTH BABYLON,NY,11703,5165323716,FALCONDELIVERY2841@GMAIL.COM,2,4,,
9027790,BRIAN MARKOVICH,BUSY BS HOME IMPROVEMENT,2026-09-22,A,C,,7627 PORTER RD,NIAGARA FALLS,NY,14304-1679,7169463715,busybsemail@gmail.com,0,,,
9027264,CROSS COUNTRY XPRESS L. L. C.,,2026-09-22,A,A,AUTHORIZED FOR HIRE,436 11TH AVE NW,NEW BRIGHTON,MN,55112,3202249074,info@crosscountryxpressllc.com,1,1,,
9027003,"JABALI HAULING, LLC",,2026-09-22,A,C,AUTHORIZED FOR HIRE,1836 SANTA CATARINA ST,ALAMO,TX,78516,9568287241,jabalihauling@gmail.com,2,2,,
9003372,TRUEIRON LOGISTICS LLC,,2026-09-22,A,A,AUTHORIZED FOR HIRE,5123 SHADY OAKS LN,FRIENDSWOOD,TX,77546,3463701496,TRUEIRONLOGISTICS@GMAIL.COM,1,1,,
8986602,LUIS WELDING & IRON WORKS INC,,2026-09-22,A,A,PRIVATE PROPERTY,414 E 155TH STREET FL1,BRONX,NY,10455,3477858874,luisweldingironworks@yahoo.com,2,1,,
8986107,"LANIER PLUMBING & DRAIN, LLC",,2026-09-22,A,C,AUTHORIZED FOR HIRE,4360 N INDUSTRIAL DRIVE STE 900,CUMMING,GA,30041,4708772259,support@lanierplumbingdrain.com,1,2,,
8976291,DAE JOON KIM,,2026-09-22,A,C,PRIVATE PROPERTY;AUTHORIZED FOR HIRE,12851 WESTERN AVE STE H,GARDEN GROVE,CA,92841-4028,7148756657,khdesign777@gmail.com,1,1,,
8972046,IKS AUTO TRANSPORT LLC,,2026-09-22,A,A,AUTHORIZED FOR HIRE,2634 BLAKELY LN,NAPERVILLE,IL,60540,2244651108,IKSAUTOTRANSPORTLLC@GMAIL.COM,1,1,,
8970112,D K A CARRIER INC,,2026-09-22,A,C,AUTHORIZED FOR HIRE,239 MUNTER CT,MANTECA,CA,95337,5103068561,DKACARRIERINC@GMAIL.COM,1,1,,
8951187,GREYHOUND XPRESS INC,,2026-09-22,A,A,AUTHORIZED FOR HIRE,5665 N PERSHING AVE SUIT A5,STOCKTON,CA,95207,3502195852,greyhoundxpressinc@gmail.com,1,1,,
8948706,CASTLECORP SOLUTIONS LLC,,2026-09-22,A,A,AUTHORIZED FOR HIRE,2337 E 98TH ST,CHICAGO,IL,60617,7082707200,kcastleberry@castlecorpsolutionsllc.com,2,1,,2026-09-23
8945420,"CHOSEN PATH TRANSPORT, LLC",,2026-09-22,A,A,AUTHORIZED FOR HIRE,9341 MILTON ST,LAURINBURG,NC,28352,9106109800,MCLEAN6484@AOL.COM,1,1,,
8929327,GEM CARE MOBILITY LLC,,2026-09-22,P,C,"PRIVATE PASSENGER, BUSINESS;PRIVATE PASSENGER, NON-BUSINESS;STATE GOVERNMENT;AUTHORIZED FOR HIRE",13508 S. OAK STREET,GLENPOOL,OK,74033,9185043727,GEMCARE2026@GMAIL.COM,1,1,,
8920436,O&A LOGISTICS SOLUTION LLC,,2026-09-22,A,A,AUTHORIZED FOR HIRE;EXEMPT FOR HIRE,4029 43RD STREET APT 317,SAN DIEGO,CA,92105,6194366379,akinfolarin894@gmail.com,2,4,,
8916878,ALADDIN PRIME LLC,,2026-09-22,A,A,AUTHORIZED FOR HIRE,1819 LINWOOD AVE,ERIE,PA,16510,8145727267,ALADDIN.PRIME7@GMAIL.COM,1,1,,
8882502,E ROMERO LOGISTICS LLC,,2026-09-22,A,C,AUTHORIZED FOR HIRE,4001 49TH ST N LOT 9,SAINT PETERSBURG,FL,33709-5759,7272254346,ERIESBELROMEROCISNEROS@GMAIL.COM,1,1,,
8872457,CORNERSTONE FREIGHT & LOGISTICS LLC,,2026-09-22,A,A,AUTHORIZED FOR HIRE,20750 VIA CASA LINDA DR,CYPRESS,TX,77433,8326841150,SALES@CORNERSFREIGHT.COM,1,1,,
8855327,HS MATERIAL HAULING LLC,,2026-09-22,A,A,AUTHORIZED FOR HIRE,700 COLEMAN AVE APT 2,MENLO PARK,CA,94025,3239728788,henrysolorzanosolorzano2018@gmail.com,1,1,,
8837589,4 BROTHERS GENERAL FREIGHT LLC,,2026-09-22,A,A,AUTHORIZED FOR HIRE,2721 SW137 AVE STE 116,MIAMI,FL,33175,3058428131,4BROTHERSCORDOVES@GMAIL.COM,1,1,,
8831258,LOS BROTHERS 3 TRUCKING LLC,,2026-09-22,A,A,AUTHORIZED FOR HIRE,1900 S 17 TH AVE,YUMA,AZ,85364,9286152905,angelp27301900@gmail.com,2,1,,
8825540,LEGACY TIRE LLC,,2026-09-22,A,A,PRIVATE PROPERTY;AUTHORIZED FOR HIRE,451 S VALLEY ST,KANSAS CITY,KS,66105,9132915872,annie.legacytire@gmail.com,1,2,,2026-09-27
8820131,SILVER PATH LOGISTICS LLC,,2026-09-22,A,A,AUTHORIZED FOR HIRE,2800 SUNNYSIDE CIR,BURNSVILLE,MN,55306,6122745613,silverpathlogisticsllc@gmail.com,1,1,,
8805719,RIVER ELECTRIC LLC,,2026-09-22,A,C,PRIVATE PROPERTY,525 RIVER ROAD,LISBON,CT,06351,8603673526,RIVERELECTRICLLCCT@GMAIL.COM,3,2,,
8803807,PENMART ENERGY LLC,,2026-09-22,A,C,AUTHORIZED FOR HIRE,1628 BLAKE ST,MISSION,TX,78572,9566078716,penmartenergy@gmail.com,2,1,,
8800691,LALLER CARGO INC,,2026-09-22,A,A,AUTHORIZED FOR HIRE,620 S COUNTY CENTER DR APT G,VISALIA,CA,93277,5592842709,LALLERCARGOINC@GMAIL.COM,1,1,,
8782234,METALSPHERE CORP,,2026-09-22,A,A,PRIVATE PROPERTY,13141 SANFORD AVENUE,FLUSHING,NY,11355,9295530268,office@ironli.com,2,4,,
8771695,CAMERON TOOLS LLC,,2026-09-22,A,C,PRIVATE PROPERTY;AUTHORIZED FOR HIRE,2873 W PIONEER RD,OGDEN,UT,84404-9521,8014589531,VICTORIAROACH55@GMAIL.COM,1,2,,
8767043,CS MOTOR TRANSPORT LLC,,2026-09-22,A,A,AUTHORIZED FOR HIRE,601 CATA DR,LAREDO,TX,78045-6956,9562350444,CSMOTORTRANSPORT2026@GMAIL.COM,2,2,,
8755911,"PLATINUM INDUSTRIAL SUPPLY, INC.",,2026-09-22,A,A,PRIVATE PROPERTY,1122 DICKINSON AVE,DICKINSON,TX,77539,8327381265,cblack@platinumindustrialsupply.com,7,24,,
8725041,"181 AG SUPPLY, LLC",,2026-09-22,A,C,PRIVATE PROPERTY;AUTHORIZED FOR HIRE,306 W OLD HIGHWAY 18,SYLVAN GROVE,KS,67481-8113,7856587297,office@181agsupply.net,1,1,,
8703441,5 STAR AUTO GLASS LLC,,2026-09-22,A,C,PRIVATE PROPERTY,300 W BROADWAY,LITTLE FALLS,MN,56345,3206391330,RICK@FIVESTARAUTOGLASSMN.COM,1,2,,
8693350,"APPL AUTOMOTIVE, LLC",WALKER AUTOMOTIVE,2026-09-22,A,C,AUTHORIZED FOR HIRE,1416 SOUTH 30TH STREET,KANSAS CITY,KS,66106,9134321410,ALEXAPPL1999@GMAIL.COM,1,2,,
8686711,"AIMP SERVICES, LLC",,2026-09-22,A,C,AUTHORIZED FOR HIRE,2801 COUNTY ROAD 658,FARMERSVILLE,TX,75442-6238,2148367957,AIMPSERVICES.TX@GMAIL.COM,2,2,,
8678245,VENTURA'S TRANSPORT LLC,,2026-09-22,A,A,AUTHORIZED FOR HIRE,19819 CROSSFALLS LN,CYPRESS,TX,77433,3465441456,VENTURATRANSPORT03@GMAIL.COM,4,2,,
8661622,KHUSHI PADLA TRANSPORT INC,,2026-09-22,A,A,AUTHORIZED FOR HIRE,4084 HOBLITT AVE,CLOVIS,CA,93619,3024500406,khushipadlatransportinc03@gmail.com,1,1,,2026-09-22
8641109,KMZ TOWING LLC,,2026-09-22,A,C,AUTHORIZED FOR HIRE,10398 ROCKINGHAM DRIVE UNIT# 15,SACRAMENTO,CA,95827,9253249581,MERZAZADA55@GMAIL.COM,2,1,,
8632987,AMDM USA LLC,,2026-09-22,A,A,AUTHORIZED FOR HIRE,1752 RED CANYON DR,KISSIMMEE,FL,34744,4076248527,SENTONEDIDIER@GMAIL.COM,1,1,,
8627905,CIPHER TRANSPORTATION SOLUTIONS LLC,,2026-09-22,A,A,AUTHORIZED FOR HIRE,1406 OXFORD DR,MANSFIELD,TX,76063,8588318716,CIPHERTRANSPORTATION@OUTLOOK.COM,1,1,,
8625408,IVALDIS TRUCKING LLC,,2026-09-22,A,A,AUTHORIZED FOR HIRE,287 PARKS ADDITION RD,MITCHELL,IN,47446-7650,8129226022,DISPATCH@IVALDISTRUCKING.COM,2,1,,
8616270,MEGA SHARK LLC,,2026-09-22,A,A,AUTHORIZED FOR HIRE,7 CORPORATE CENTER CT STE B,GREENSBORO,NC,27408,9048465220,mega@sharkaxgroup.com,1,1,,
8609762,M MILO TRUCKING LLC,,2026-09-22,A,A,AUTHORIZED FOR HIRE,570A BEAVER BLVD STE A,PACIFIC,WA,98047,2063073328,MMILOTURCKING@GMAIL.COM,1,1,,
8599468,LEGACY MARTINEZ TRANSPORT LLC,,2026-09-22,A,C,AUTHORIZED FOR HIRE,2020 45TH AVE,OAKLAND,CA,94601-3929,5103025527,legacymartineztransport@gmail.com,1,1,,
8583164,PROMISE CARRIERS LLC,PROMISE CARRIERS,2026-09-22,A,A,AUTHORIZED FOR HIRE,8290 COUNTY ROAD 4029,KEMP,TX,75143,7608557714,CZAZUETA@PROTON.ME,1,1,,
8577605,YUDIT EXPRESS LLC,,2026-09-22,A,A,AUTHORIZED FOR HIRE,31 DEL NIDO LN,LAS VEGAS,NV,89156,7025040668,YUDITEXPRESSLLC@GMAIL.COM,1,1,,2026-09-26
8571081,"DS MOBILE DIESEL SERVICE, LLC",,2026-09-22,A,C,PRIVATE PROPERTY;AUTHORIZED FOR HIRE,4241 MEADOWLARK RD,FORT LUPTON,CO,80621,3037202451,DSMOBILEDIESELSERVICE@GMAIL.COM,1,4,,
8567021,J PRIME TRUCKING LLC,,2026-09-22,A,C,AUTHORIZED FOR HIRE,1524 W GRANGE AVE,MILWAUKEE,WI,53221,4143912735,jjpadilla0624@gmail.com,1,1,,
8551251,TRUE LINE FENCE LLC,,2026-09-22,A,A,AUTHORIZED FOR HIRE,3385 E 84TH PL # 1,MERRILLVILLE,IN,46410-6550,2199163285,truelinefence@yahoo.com,1,1,,
8535395,ABR FREIGHT LLC,,2026-09-22,A,C,AUTHORIZED FOR HIRE,539 EL PORTAL DR,MERCED,CA,95340-0936,2096005586,breyes0524@gmail.com,1,1,,
8533119,"PRINGLES POWER VAC, INC",,2026-09-22,A,A,PRIVATE PROPERTY,2395 ROBERTSON DRIVE,RICHLAND,WA,99354,5093750500,dave@trustpringles.com,6,6,,
8526659,FINAL TOUCH LANDSCAPING LLC,,2026-09-22,A,C,PRIVATE PROPERTY;AUTHORIZED FOR HIRE,738 COOPER LANDING RD,CHERRYHILL,NJ,08002,6098203701,henryalmonte@hotmail.com,4,4,,
8511379,DELTA 1 TRUCKING LLC,,2026-09-22,A,C,AUTHORIZED FOR HIRE,1815 PARTIN TERRACE RD,KINDRED,FL,34744,2673936406,DELTA1TRUCKING@GMAIL.COM,1,1,,
8511291,TC PROPERTY SERVICES,,2026-09-22,A,C,PRIVATE PROPERTY,207 S 8TH ST P.O. BOX 1222,KREMMLING,CO,80459,9704859231,TCPROPERTYSERVICES.CO@GMAIL.COM,2,2,,
8510953,H&F FREIGHT SOLUTIONS LLC,,2026-09-22,A,A,AUTHORIZED FOR HIRE,1813 COLUMBIA STREET,WACO,TX,76711,2144294804,hffreightsolutions@gmail.com,1,1,,
8510771,"JOHNSON LAWNCARE & HAULING, INC",,2026-09-22,A,C,AUTHORIZED FOR HIRE,2218 LOWER MONCURE RD,SANFORD,NC,27330,9193539592,bobbyjohnson0227@gmail.com,1,1,,
8504934,"CONCRETE SUPPLY CO., EAST, LLC",,2026-09-22,A,A,AUTHORIZED FOR HIRE,205 GEORGIA AVE W,FAYETTEVILLE,GA,30214-1527,7706922620,burt@cscga.com,23,16,,
8500776,CHRISTOPHER OLYNICK LLC,,2026-09-22,A,A,AUTHORIZED FOR HIRE,W14282 TRUCKER LANE,GILMAN,WI,54433,7153140018,chrisolynick@gmail.com,1,1,,
8498538,TAYLOR'D HAULING LLC,,2026-09-22,A,A,PRIVATE PROPERTY;AUTHORIZED FOR HIRE;EXEMPT FOR HIRE,202 LINCOLN CIRCLE,SUMAS,WA,98295,3608209817,TAYLORDHAULING@GMAIL.COM,1,12,,
8492835,RAS HAULING LLC,,2026-09-22,A,C,AUTHORIZED FOR HIRE,1418 MELANIE DRIVE,ORLANDO,FL,32825,6893034121,rashaulingllc@gmail.com,1,1,,
8492223,OSO TRANSPORT LLC,,2026-09-22,A,A,PRIVATE PROPERTY;AUTHORIZED FOR HIRE,6120 2ND STREET,RIO LINDA,CA,95673,9165454125,osotransports@gmail.com,1,1,,
8483872,WANDERLUST LOGISTICS SUPPLY GROUP INC,,2026-09-22,A,A,AUTHORIZED FOR HIRE,3476 BRIARWICK DRIVE,KOKOMO,IN,46902,5089824060,WANDERLUSTLOGISTICSUPPLY@GMAIL.COM,2,1,,
8479363,ROYAL TOWING LLC,,2026-09-22,A,A,AUTHORIZED FOR HIRE,3333 NW SAINT HELENS RD 3333 NW SAINT HELENS RD,PORTLAND,OR,97210,5033348010,royaltowingllc09@gmail.com,5,10,,
8439937,"JEL ENTERPRISES, LLC",,2026-09-22,A,A,PRIVATE PROPERTY;AUTHORIZED FOR HIRE,8027 BRIDGETOWN RD,CLEVES,OH,45002,5134796411,office@jelenterprisesllc.com,2,2,,2026-09-23
8435228,H CAVENAUGH FARMS LLC,,2026-09-22,A,C,PRIVATE PROPERTY,4031 S NC HWY 41,WALLACE,NC,28466-7319,9102897696,HCAVENAUGH@YAHOO.COM,1,1,,
8432621,GDS EXPRESS LOGISTICS LLC,,2026-09-22,A,A,AUTHORIZED FOR HIRE,3492 LIGHTLE RD,CLYDE,MI,48049,8109560069,gstevens3492@gdsexpresslogistics.com,1,4,,
8419323,H&Y BROTHERS LLC,,2026-09-22,A,A,AUTHORIZED FOR HIRE,23214 SONNET DR,MORENO VALLEY,CA,92557,9514892501,hybrothersllc@outlook.com,1,1,,
8415031,SOUSA CONSTRUCTION & CLEANING SERVICES INC,,2026-09-22,A,C,AUTHORIZED FOR HIRE,21 GLENWOOD AVE,MEDFORD,MA,02155-4832,6175012736,SOUSACONSTRUCTION7@GMAIL.COM,6,2,,
8405382,NEW BEGINNINGS UNDERGROUND LLC,,2026-09-22,A,A,PRIVATE PROPERTY,2527 THORNFIELD RD,CHARLOTTE,NC,28273,7044262279,newbeginningsunderground2@gmail.com,0,2,,
8402088,HAO RONG CHENG,,2026-09-22,A,C,AUTHORIZED FOR HIRE,7 SEMINOLE AVE,SAN FRANCISCO,CA,94112,4152182263,HAORONGCHENG63@GMAIL.COM,1,2,,
8389341,MOUNTAIN LEAF LLC,,2026-09-22,A,A,PRIVATE PROPERTY;AUTHORIZED FOR HIRE,619 NORTONTOWN ROAD,VERGENNES,VT,05491-8999,8023493693,ADAMLYNCHVT@GMAIL.COM,2,1,,
8385189,CASEY CATES,,2026-09-22,A,A,AUTHORIZED FOR HIRE,901 COUNTY RD 147,BANGS,TX,76823,3258007069,CATESCLB@HOTMAIL.COM901 COUNTY RD 147,2,2,,
8369189,SELF MADE TRANSPORTATION LLC,,2026-09-22,A,A,AUTHORIZED FOR HIRE,3822 CHURCHMAN WOODS BLVD,INDIANAPOLIS,IN,46203,4632900665,rayself0827@yahoo.com,1,1,,
8364938,EBENEZER TRANSPORTATION R&C LLC,,2026-09-22,A,A,AUTHORIZED FOR HIRE,8552 CHARLESTON AVE,FORT WORTH,TX,76123,9293857117,EBENEZERTRANSPORTATIONRCLLC@GMAIL.COM,1,4,,
8360855,APEX CONSTRUCTION SYSTEMS,,2026-09-22,A,A,PRIVATE PROPERTY,1729 LINN STREET,NORTH KANSAS CITY,MO,64116,8168956060,ARMANDO@APEX.CONSTRUCTION,10,3,,
8351607,"ADLET SERVICES, LLC",,2026-09-22,A,A,AUTHORIZED FOR HIRE,979 S KIRKMAN RD 40,ORLANDO,FL,32811,4078646320,ADLETSERVICES7@GMAIL.COM,1,1,,
8349561,YANTAR LOGISTICS LLC,,2026-09-22,A,A,AUTHORIZED FOR HIRE,7865 S BINGHAM JUNCTION BLVD APT D304,MIDVALE,UT,84047,8015058518,ADMIN@YANTARLOGISTICS.COM,1,1,,
8334577,RLP CONSTRUCTION LLC,,2026-09-22,A,C,PRIVATE PROPERTY;AUTHORIZED FOR HIRE,1912 24TH ST NW,AUBURN,WA,98001,2539044930,RLPCONSTRUCTIONLLCWA@GMAIL.COM,5,2,,
8326296,"PHIPPS MOWING & LANDSCAPING, LLC",,2026-09-22,A,C,PRIVATE PROPERTY,1725 EMANUEL HOLLOW RD,GRAY,KY,40734,6062901730,PHIPPSMOWINGLLC@GMAIL.COM,3,3,,
8322043,RELABLE LOGISTIC LLC,,2026-09-22,A,A,AUTHORIZED FOR HIRE,36 FRENCH ST APT 2,WATERBURY,CT,06702-1151,2033178511,ruthmariaalmonte@gmail.com,1,1,,
8308916,BUFF N PUFF,MOVERS N SHAKERS,2026-09-22,A,C,AUTHORIZED FOR HIRE,1204 TAYLOR ST,ROCKFORD,IL,61101,7794235097,CSOJAMES815@GMAIL.COM,1,4,,
8302781,JP YATES CONSTRUCTION LLC,,2026-09-22,A,C,AUTHORIZED FOR HIRE,2579 US HIGHWAY 64 EAST 2579 US HIGHWAY 64 EAST,LEXINGTON,NC,27292,3362242200,PEGGY.PENN@AOL.COM,26,4,,
8293941,GC TRANSPORTATION INC,,2026-09-22,A,A,AUTHORIZED FOR HIRE,4240 S HEATHER PRIVADO,ONTARIO,CA,91761,6786709936,GCTRANSPORTATION6@GMAIL.COM,1,1,,
8285562,BRISBANE TOWING LLC,,2026-09-22,A,C,PRIVATE PROPERTY;AUTHORIZED FOR HIRE,1040 PARKER LANE,GREENSBORO,GA,30642,4706082463,BRISBANETOW1@GMAIL.COM,1,2,,
8282340,DIAMOND WAY LLC,,2026-09-22,A,C,,9508 TITAN DRIVE,LOUISVILLE,KY,40229,7868166693,daymondway1989@gmail.com,0,,,
8269404,D & A UNDERGROUND LLC,,2026-09-22,A,A,PRIVATE PROPERTY,47125 JAMES RD,MACOMB,MI,48044,7346586928,daunderground26@gmail.com,3,3,,
8255357,EBENEZER EBENEZER TRANSPORTATION LLC,,2026-09-22,A,A,AUTHORIZED FOR HIRE,6053 10TH AVENUE N APT140,GREENACRES,FL,33463,5613882146,ebenezertransportation53@gmail.com,1,1,,
8239609,MEDICAL EXPRESS LOGISTICS LLC,,2026-09-22,A,C,AUTHORIZED FOR HIRE,3616 BLUEJAY BLVD,MESQUITE,TX,75181,9453531485,SCOTTMICHIGAN15@GMAIL.COM,3,2,,
8214719,NEXT MILE TRUCKING INC,,2026-09-22,A,A,AUTHORIZED FOR HIRE,1825 BRIDGETOWN PIKE APT 503,FEASTERVILLE,PA,19053,2674013420,milenext14@gmail.com,1,1,,
8212030,LENIS ONDINA BONILLA CRUZ,,2026-09-22,A,A,AUTHORIZED FOR HIRE,1545 WAURIKA CIR,COLORADO SPRINGS,CO,80915,7203641995,leonelchirinos01@gmail.com,1,1,,
8208732,CLASSIC LINE TRANSPORT LLC.,,2026-09-22,A,A,AUTHORIZED FOR HIRE,7060 N MAIN ST,MILAN,TN,38358,7314181001,JACOB@CLASSICLINETRANSPORT.COM,2,2,,
8208706,2RD TRANSPORT LLC,,2026-09-22,A,A,AUTHORIZED FOR HIRE,12202 HILLCROFT AVE,HOUSTON,TX,77035,8322978131,DISPATCH@2RDTRANSPORT.COM,1,1,,
8207157,MILLION DOLLAR LOGISTICS LLC,,2026-09-22,A,C,PRIVATE PROPERTY;AUTHORIZED FOR HIRE,16250 HOMECOMING DR UNIT 1603,CHINO,CA,91708,9092292371,browndutch86@yahoo.com,0,4,,
8199303,LMM FREIGHT INC,,2026-09-22,A,A,AUTHORIZED FOR HIRE,3709 CANTEBURY DR,FRANKLIN,IN,46131,9292064857,LMMFREIGHTINC@GMAIL.COM,1,1,,
8192551,KEE & AIRE LOGISTICS LLC,,2026-09-22,A,A,AUTHORIZED FOR HIRE,223 CONE ST,ALBANY,GA,31705,2298548087,keeairelogistics08@gmail.com,1,1,,
8191478,CROWE'S LOGISTICS LLC,,2026-09-22,A,A,PRIVATE PROPERTY;AUTHORIZED FOR HIRE,62 MALLARD COURT,WINDSOR LOCKS,CT,06096,8602187848,CROWESLOGISTICSLLC@GMAIL.COM,2,4,,
8166120,TEXICAN TRUCKING LLC,,2026-09-22,A,C,AUTHORIZED FOR HIRE,665 WOOD FOREST RD,KINGSLAND,TX,78639,7138178539,TEXICANTRUCKINGLLC@GMAIL.COM,1,1,,
8161007,KF HAULING & LOGISTICS LLC,,2026-09-22,A,A,PRIVATE PROPERTY;AUTHORIZED FOR HIRE,4987 28TH ST SW,LEHIGH ACRES,FL,33973,2392645528,KFHAULINGLOGISTICS@GMAIL.COM,2,4,,
8124933,JML CARRIER SERVICES INC,,2026-09-22,A,C,AUTHORIZED FOR HIRE,8200 NW 41ST ST STE 200,DORAL,FL,33166,7866082495,JMLCARRIERS88@GMAIL.COM,1,1,,
8121191,DAYWAY LLC,,2026-09-22,A,A,AUTHORIZED FOR HIRE,1216 MICHELLE DR,PHILADELPHIA,PA,19116,4455871808,dayway312@gmail.com,1,1,,
8099723,A & L CARS GROUP LLC,,2026-09-22,A,C,PRIVATE PROPERTY;AUTHORIZED FOR HIRE,3359 HILLMONT CIRCLE,ORLANDO,FL,32817,7866599708,FERRANDOJORGE1992@GMAIL.COM,2,1,,
8091260,CITATION RANCH LLC,,2026-09-22,A,C,PRIVATE PROPERTY;AUTHORIZED FOR HIRE,1209 ORANGE STREET,WILMINGTON,DE,19801,6172484059,SSOUSA@CHOATE.COM,5,2,,
8086849,AARDEEP SINGH BIRK,BIRK TRUCKING,2026-09-22,A,A,AUTHORIZED FOR HIRE,2136 BRIGHT STAR PLACE,STOCKTON,CA,95209,2099680100,aardeepbirk@gmail.com,1,1,,
8074629,G & G TIRE SHOP LLC,G & G TOWING,2026-09-22,A,C,AUTHORIZED FOR HIRE,410 MURFREESBORO PIKE,NASHVILLE,TN,37210,6157528522,410GGTOWING@GMAIL.COM,1,1,,
8072124,BILLY TRUCKING LLC,,2026-09-22,A,A,AUTHORIZED FOR HIRE,10420 MAPLEVILLE RD,HAGERSTOWN,MD,21740,2405008989,billypowers82@gmail.com,1,1,,2026-09-26
8061009,NAJAH TRANSPORTATION LLC,,2026-09-22,A,A,AUTHORIZED FOR HIRE,3009 NICOSH CIR UNIT 4202,FALLS CHURCH,VA,22042,5713313935,TRD1970@YAHOO.COM,2,4,,
8026514,CITYWIDE CART SAVERS LLC,,2026-09-22,A,C,PRIVATE PROPERTY,9630 BRUCEVILLE ROAD STE 106-317,ELK GROVE,CA,95757,8005069983,SERVICE@CITYWIDECARTSAVERS.COM,3,8,,
8025857,BONES TRUCKING LLC,,2026-09-22,A,C,PRIVATE PROPERTY,43717 N. 16TH ST.,NEW RIVER,AZ,85087,6024785778,bonestruckllc@gmail.com,2,4,,
7997499,SHANE WASHBURN LLC,WASHBURN SERVICES,2026-09-22,A,C,AUTHORIZED FOR HIRE,257473 US HWY 101,PORT ANGELES,WA,98362,3606705984,SHANE@WASHBURNSERVICESPA.COM,20,2,,
7994825,THREE B EXPRESS INC,,2026-09-22,A,C,AUTHORIZED FOR HIRE,18 LINCOLN AVENUE,AMSTERDAM,NY,12010,3474853599,VADMATTIEH@GMAIL.COM,2,1,,
7990412,REALTY LANDSCAPE LLC,REALTY LANDSCAPE,2026-09-22,A,C,PRIVATE PROPERTY,913 FRANCIS AVENUE,HALETHORPE,MD,21227,4439552353,KATIERUSSELL@REALTYLANDSCAPE.COM,4,4,,
7981728,CASTLE HILLS LOGISTICS INC,,2026-09-22,A,A,AUTHORIZED FOR HIRE,2150 SOUTH CENTRAL EXPRESSWAY SUITE 200,MCKINNEY,TX,75072,9459413450,admin@chls-logistics.com,2,2,,
7978347,TEMARA LLC,,2026-09-22,A,A,AUTHORIZED FOR HIRE,"14440 CHERRY LANE COURT, SUITE 103",LAUREL,MD,20707,2409187744,INFO@TEMARALLC.COM,3,4,,
7970058,PRIME FORWARDING INC,,2026-09-22,A,C,,1595 E CHEVY CHASE DR,GLENDALE,CA,91206,9093257151,operations@primeforwardinginc.com,0,,,
7962316,PRIME ELCF LLC,,2026-09-22,A,C,AUTHORIZED FOR HIRE,9208 MOORES CHAPEL RD,CHARLOTTE,FL,28214,7046056721,PRIMEELCFLLC@GMAIL.COM,1,1,,
7958010,CDC TRANSPORTATION GROUP LLC,,2026-09-22,A,A,AUTHORIZED FOR HIRE,4762 RIVERS AVE SUITE C,NORTH CHARLESTON,SC,29405,8542961155,INFO@CDCTRANSPORTATIONGROUP.NET,4,8,,
7948095,LACHAREN QUAVON HALL RANDOLPH,P3 LOGISTICS,2026-09-22,A,C,AUTHORIZED FOR HIRE,7227 SAN PABLO DR,HOUSTON,TX,77083,8329236756,P3LOGISTICS26@YAHOO.COM,1,1,,
7941140,GREASER HEAVY EQUIPMENT SERVICE LLC,,2026-09-22,A,C,PRIVATE PROPERTY,238 BONZO RD,ROCHESTER,PA,15074-2646,7246500122,jaocb.greaser@gmail.com,1,1,,
7936845,ROKISA TRUCKING LLC,,2026-09-22,A,C,AUTHORIZED FOR HIRE,1397 W BELANGER LN,FORT STOCKTON,TX,79735,4323416845,ROGECONT188@GMAIL.COM,6,1,,
7927125,RC CARRIERS SERVICES LLC,,2026-09-22,A,A,AUTHORIZED FOR HIRE,2720 CAMELOT APT 308,LAREDO,TX,78041,9565086637,RCFREIGHTSOLUTIONSLLC@GMAIL.COM,1,1,,
7926338,RGC TRUCKING LLC,,2026-09-22,A,A,AUTHORIZED FOR HIRE,10371 BRUCEVILLE RD UNIT 210,ELK GROVE,CA,95757,9169174759,robinsinghchahal71@gmail.com,1,1,,
7915788,5 A DISTRIBUTION,,2026-09-22,A,A,AUTHORIZED FOR HIRE,"2405 CRESTON DRIVE, 825 SE 59TH ST,",OKLAHOMA CITY,OK,73111-3511,4058874927,5adistribution35@gmail.com,2,1,,
7915061,LA TOWING & TRANSPORTATION LLC,,2026-09-22,A,A,AUTHORIZED FOR HIRE,1080 W 3300 S BUILDING E APT 1051,S SALT LAKE,UT,84119,3855008154,luiiferap24@gmail.com,1,1,,
7914324,CHIEFLY COMPANY LIMITED,,2026-09-22,A,C,PRIVATE PROPERTY,4444 MALAAI ST,HONOLULU,HI,96818-3134,8084888282,info@chieflyco.com,3,1,,
7912101,THE LOST DOG TRANSPORT LLC,,2026-09-22,A,A,AUTHORIZED FOR HIRE,5220 SE COUNTY ROAD 1086,CORSICANA,TX,75109-9411,4302363106,THELOSTDOGTRANSPORTLLC@GMAIL.COM,1,1,,
7908168,MARIBEL CARRILLO-RANGEL,,2026-09-22,A,C,PRIVATE PROPERTY,12131 NO BOGIE COVE,SAN ANTONIO,TX,78221,2107933315,rangelhauling2@yahoo.com,1,2,,
7898622,EL PITUFIN GAR TRUCKER LLC,,2026-09-22,A,C,AUTHORIZED FOR HIRE,2717 ROGER AVE,ODESSA,TX,79762,7869646194,GEOVANISABREU228@GMAIL.COM,1,1,,
7888474,WENTE PLUMBING AND HEATING CO INC,WENTE PLUMBING AND FIRE PROTECTION,2026-09-22,A,A,PRIVATE PROPERTY;AUTHORIZED FOR HIRE,"1700 S RANEY ST,",EFFINGHAM,IL,62401,2173422242,INFO@WENTEPLUMBING.COM,27,10,,
7886788,RLE TRANSPORTATION LLC,,2026-09-22,A,A,AUTHORIZED FOR HIRE,101 21ST AVENUE,DELANO,CA,93215,6616420169,thisw6106@gmail.com,1,1,,
7884266,CROSSPATH LOGISTICS LLC,,2026-09-22,A,A,AUTHORIZED FOR HIRE,5935 SUNSTONE ROAD,INDIANAPOLIS,IN,46239,3174400666,LOGISTICSCROSSPATH@GMAIL.COM,1,1,,
7870743,"MX SERVICES, LLC",,2026-09-22,A,C,AUTHORIZED FOR HIRE,5689 106TH AVE NW,TIOGA,ND,58852,7012000322,MXSERVICESLLC@GMAIL.COM,14,40,,
7856698,HENARD LOGISTICS LLC,,2026-09-22,A,A,AUTHORIZED FOR HIRE,11505 S MAIN ST,SOMERVILLE,TN,38068,9017416306,chenard@henardlogistics.com,1,1,,
7820086,"CHAPMAN LANDSCAPE SUPPLY, LLC",HALO ENVIRONMENTAL,2026-09-22,A,C,PRIVATE PROPERTY,20 MOORE RD,LAKE ARIEL,PA,18436,5707805008,DUSTINJCHAPMAN1993@GMAIL.COM,2,1,,
7812195,A & R PALLETS LLC,,2026-09-22,A,C,AUTHORIZED FOR HIRE,255 COUNTY ROAD 3222,JACKSONVILLE,TX,75766,9038308004,maria@officearpalletsllc.com,6,5,,
7798734,BYRON LEE,,2026-09-22,A,C,,4463 E PIKES PEAK AVE,COLORADO SPRINGS,CO,80916,5137801106,leesecure2026@gmail.com,1,4,,
7788489,DIAMONDBACK TRANSPORTATION,,2026-09-22,A,A,AUTHORIZED FOR HIRE,217 FERSTL AVE,BELMONT,NC,28012-2711,9803488882,diamondbacktransportation2@gmail.com,2,4,,
7783602,COASTAL SEPTIC COMPANY LLC,,2026-09-22,I,C,PRIVATE PROPERTY,2110 S LARK AVE PO BOX 68,NAGS HEAD,NC,27959,2522552900,esthertillett@hotmail.com,4,3,,
7772378,JAEGER HOME SERVICES LLC,,2026-09-22,A,C,PRIVATE PROPERTY;AUTHORIZED FOR HIRE,716 HIGHLAND TERRACE,SHEBOYGAN,WI,53083,9209186283,JAEGERHOMESERVICES@GMAIL.COM,5,2,,
7769911,EVAN EGGERT,EGGERT TRUCKING,2026-09-22,A,C,AUTHORIZED FOR HIRE,43724 NORTH PLEASANT VALLEY RD,BREWSTER,NE,68821,3082150647,peterbiltevan@gmail.com,1,1,,
7763036,AMUSEMENT INNOVATION LLC,,2026-09-22,A,A,PRIVATE PROPERTY,2060 WAYCROSS RD,CINCINNATI,OH,45240-2717,5135421000,matt.damon@amusementinnovation.com,1,2,,
7754541,INCOVA ELECTRICAL SERVICES CORPORATION,INCOVA ELECTRICAL SERVICES,2026-09-22,A,C,PRIVATE PROPERTY,140 WHITE OAK ROAD 140 WHITE OAK ROAD,BOONES MILL,VA,24065,5409689346,levi@incovaelectrical.com,8,8,,
7752234,HIT-HANS INTERNATIONAL TRADING INC,HIT,2026-09-22,A,A,PRIVATE PROPERTY;AUTHORIZED FOR HIRE,3158 51ST STREET APT4 A,WOODSIDE,NY,11377,6464084476,HIT2199@YAHOO.COM,1,1,,
7748997,K&J FREIGHT SOLUTIONS LLC,,2026-09-22,I,A,PRIVATE PROPERTY,5633 W MADISON ST,CHICAGO,IL,60644,8722232464,commings.laura20@yahoo.com,1,4,,
7741172,LAWN BY TWINS INC,,2026-09-22,A,C,AUTHORIZED FOR HIRE,314 S POPLAR ST,SANTA ANA,CA,92703,7147208478,lawnbytwins@gmail.com,1,1,,
7729846,A&E TRANSPORT GROUP LLC,,2026-09-22,A,C,AUTHORIZED FOR HIRE,6454 W PINNACLE PEAK LN BUILDING E APT 202,HERRIMAN,UT,84096,5138235778,ANDRIKAYANEZ@GMAIL.COM,1,1,,
7727576,ROCKSTAR CARRIERS LLC,,2026-09-22,A,A,AUTHORIZED FOR HIRE,16820 SURREY CIRCLE,DAVIE,FL,33331,5613055536,ROCKSTARCARRIERS3691@GMAIL.COM,1,1,,
7719640,TRAILER MOVES INCORPORATED,,2026-09-22,A,C,,2813 74TH,LUBBOCK,TX,79423,8067456480,oscar@trailermoves.com,0,,,
7710396,L&S LOGISTICS LLC,,2026-09-22,A,A,AUTHORIZED FOR HIRE,3833 KEITH CIRCLE,LINCOLN,NE,68521,4028026797,lslogistics26@icloud.com,2,2,,2026-09-22
7709799,HOLDER GENERAL ENGINEERING LLC,HOLDER GENERAL ENGINEERING,2026-09-22,A,C,PRIVATE PROPERTY,3129 TIGER RUN COURT STE 219,CARLSBAD,CA,92010,4422440600,marilyn@holdergeneralengineering.com,3,2,,
7707099,AH LOGISTICS LLC,,2026-09-22,P,A,AUTHORIZED FOR HIRE,5066 ARGYLE ST,DEARBORN,MI,48126,3133291771,aliharajlj36@gmail.com,1,1,,
7697132,BARKER HEAVY DUTY SERVICE LLC,,2026-09-22,A,A,PRIVATE PROPERTY,1113 MILLER ST APT 1,JOHNSON CITY,TN,37604,4232126383,caleb@barkerhds.com,1,1,,
7688585,OSCAR ARMANDO JR CHACON,,2026-09-22,A,C,PRIVATE PROPERTY,3707 BALDWIN AVE,EL MONTE,CA,91731,6263136048,OSACR.CHACON313@GMAIL.COM,1,1,,
7685553,BAZAR TRUCK LLC,,2026-09-22,P,A,AUTHORIZED FOR HIRE,69 BLACKBERRY TRL,AURORA,IL,60506,2246427355,bazar.utamyshov@gmail.com,2,1,,
7681304,COMPOUND INTERMODAL & LOGISTICS LLC,,2026-09-22,A,A,AUTHORIZED FOR HIRE,9023 STATE ROUTE 28,PLEASANT PLAIN,OH,45162,5132065382,laronirvin@compound-log.com,4,2,,
7677952,HAWK CARGO INC,,2026-09-22,A,A,PRIVATE PROPERTY;AUTHORIZED FOR HIRE,5079 CATALPA DR,TIPP CITY,OH,45371,6614263346,HAWKCARGO1313@GMAIL.COM,2,2,,
7663255,ZOOM ZOOM AUTO LLC,,2026-09-22,A,A,PRIVATE PROPERTY;AUTHORIZED FOR HIRE,19235 COLMAN STREET,CLINTON TOWNSHIP,MI,48035,5866750678,MARECKI20@GMAIL.COM,2,4,,
7661646,RIVERA ROLL OFF SERVICES LLC,,2026-09-22,A,C,AUTHORIZED FOR HIRE,5608 BOGART DR,EDINBURG,TX,78542,9564789907,CARLOSRIVERA8512@YAHOO.COM,2,1,,
7661042,HALL N TOWING AND RECOVERY LLC,,2026-09-22,A,C,AUTHORIZED FOR HIRE,600 GULF DR,CHARLOTTE,NC,28208,7043904350,TRANSPORT@HALLNTOWINGANDRECOVERY.NET,0,1,,
7659493,FRAUENBERGER CONSTRUCTION LLC,,2026-09-22,A,C,PRIVATE PROPERTY;AUTHORIZED FOR HIRE,19936 EW 20 RD,NOWATA,OK,74048,9182738352,JFRAUENBERGER29@GMAIL.COM,2,2,,
7657028,T&J DELIVERIES LLC,,2026-09-22,A,C,AUTHORIZED FOR HIRE,917 HARBOR HOUSE DR UNIT UNIT 5,MADISON,WI,53719,9177028276,TLNORBU@YAHOO.COM,1,4,,
7652025,LUNAS TRANSPORTATION LLC,,2026-09-22,A,C,AUTHORIZED FOR HIRE,2805 E EL TORO RD,SAHUARITA,AZ,85629,5202791844,LUNASTRANSPORTATION2026@GMAIL.COM,2,1,,
7618836,NISSI CAPITAL LLC,,2026-09-22,A,A,AUTHORIZED FOR HIRE,12 CHESTNUT LN,WHITE HAVEN,PA,18661,9295238852,KLAIMYQ@GMAIL.COM,1,4,,
7603772,SAN FRANCISCO BEST IRON WORKS INC,,2026-09-22,A,C,PRIVATE PROPERTY,233 S MAPLE AVE #10,SOUTH SAN FRANCISCO,CA,94080,6508712694,sfbestironworks@sbcglobal.net,4,3,,
7592785,"ALFORDIX PROPERTIES, LLC",ALFORDIX,2026-09-22,A,A,AUTHORIZED FOR HIRE,2929 HENRY PASS,HOOVER,AL,35244,2057060023,alfordkm2929@gmail.com,1,2,,
7591085,GAROON TRUCKING LLC,,2026-09-22,A,A,AUTHORIZED FOR HIRE,11910 TOWN CENTER DR NE APT 102,SAINT MICHAEL,MN,55376,7162508211,qowdan978@gmail.com,1,1,,
7579301,VAP FREIGHT SOLUTIONS LLC,,2026-09-22,A,A,AUTHORIZED FOR HIRE,44 LAU PKWY,ENGLEWOOD,OH,45315,9378329595,THOOSIER@VAPMANAGED.COM,4,3,,
7547563,SJC CARGO LLC,,2026-09-22,A,A,PRIVATE PROPERTY;AUTHORIZED FOR HIRE,19740 E 39TH PL S,INDEPENDENCE,MO,64057,2136050570,admin@sjccargo.com,2,4,,
7514788,BELMONT TRUCKING LLC,,2026-09-22,A,A,AUTHORIZED FOR HIRE,13211 MYFORD RD APT 1225,TUSTIN,CA,92782,6577010704,SEZERERAY77@GMAIL.COM,1,1,,
7508383,DASILVA TRANSPORT LLC,,2026-09-22,A,A,AUTHORIZED FOR HIRE,2540 GRENNAN CT STE B,RANCHO CORDOVA,CA,95742,9168511889,dasilvahotshottrucking@gmail.com,3,3,,
7502027,JR FLOORINGS LLC,,2026-09-22,A,A,PRIVATE PROPERTY,94 WASHINGTON ST,EAST STROUDSBURG,PA,18301-2832,5704245508,jill@jrfloorings.com,1,1,,
7443616,FREDERICK WILLIAM DAVIS JR,,2026-09-22,A,C,AUTHORIZED FOR HIRE,3418 CIRCLE DR,FLINT,MI,48507,8102595860,fdavisjr865@gmail.com,2,2,,
7431001,RODNEY WHITE TRUCKING LLC,,2026-09-22,A,A,AUTHORIZED FOR HIRE,"2200 EAST TRINITY MILLS ROAD, APT 713",CARROLLTON,TX,75006,9455009647,rodneywhite.zzzk@gmail.com,4,12,,
7428915,STEADY TRANSPORT AND LOGISTICS L.L.C.,,2026-09-22,A,A,AUTHORIZED FOR HIRE,30 N GOULD ST STE R,"SHERIDAN,",WY,82801,9162074357,CONTACT@STEADYCARGOTRANSPORT.COM,2,1,,
7425558,GOLDEN XPRESS YONDER LLC,,2026-09-22,A,A,AUTHORIZED FOR HIRE,1305 GALENA CT,NAPERVILL,IL,60564,6263102244,buzhang731@hotmail.com,1,1,,
7412249,PONTIC LOGISTICS LLC,,2026-09-22,A,A,AUTHORIZED FOR HIRE,512 GRAND AVE,ENGLEWOOD,NJ,07631,2013975602,info@ponticlogistics.com,1,4,,
7402036,AES FREIGHT LLC,,2026-09-22,A,A,AUTHORIZED FOR HIRE,1760 SMOKEY PARK HIGHWAY,CANDLER,NC,28715,8285516544,liviu@aesfreightllc.com,2,1,,2026-09-22
7377726,1 TRAIL LLC,,2026-09-22,A,C,"PRIVATE PASSENGER, BUSINESS;PRIVATE PASSENGER, NON-BUSINESS;AUTHORIZED FOR HIRE",197 HERMAN ARNOLD ROAD,CAMDEN,NC,27921,9804282101,1trail.llc@gmail.com,1,1,,
7364081,ZEN EARTH LLC,,2026-09-22,A,C,PRIVATE PROPERTY,2154 OAK CT,NAPERVILLE,IL,60565-2411,6307681059,bennym@oxygenhealthsystems.com,1,1,,
7356181,CARGONOVA INC,,2026-09-22,A,C,AUTHORIZED FOR HIRE,194 GLENIFFER HILL RD,RICHBORO,PA,18954,6093366367,BYTSKO84@GMAIL.COM,1,1,,
7353638,Y & M XPREESS LLC,,2026-09-22,A,A,PRIVATE PROPERTY;AUTHORIZED FOR HIRE;EXEMPT FOR HIRE,544 SPANISH WELLS RD,JACKSONVILLE,FL,32218,9049829039,youdelmejias@gmail.com,2,3500,,
7348825,D&N FREIGHT SOLUTIONS LLC,,2026-09-22,A,A,AUTHORIZED FOR HIRE,1502 FLANDERS FIELD LN,SUGAR LAND,TX,77498,8322701573,INFO.DNFREIGHTSOLUTIONSLLC@GMAIL.COM,1,1,,
7311705,G & C LOGISTIC LLC,,2026-09-22,A,A,AUTHORIZED FOR HIRE,7856 NW 170 TERRACE,HIALEAH,FL,33015,3058030491,GUSCHRIS@GANDCLOGISTIC.COM,1,1,,
7267297,ZERO WASTE WRANGLER,,2026-09-22,A,C,AUTHORIZED FOR HIRE,2532 BALDWICK ROAD,PITTSBURGH,PA,15205-4104,4124075988,INFO@ZEROWASTEWRANGLER.COM,5,3,,
7260548,MISSCARRIER 911 LLC,,2026-09-22,A,A,AUTHORIZED FOR HIRE,15241 SW 150TH ST,MIAMI,FL,33196,3058137910,misscarrier911llc@gmail.com,1,1,,
7254968,SUMMIT CONCRETE PUMPING,,2026-09-22,A,C,AUTHORIZED FOR HIRE,967 RAILROAD AVENUE,HILO,HI,96720,8084304943,summitconcpump@gmail.com,1,2,,
7247273,MEGA FREIGHT LLC,,2026-09-22,A,C,PRIVATE PROPERTY;AUTHORIZED FOR HIRE,35 EAST PATH RISE,WEST HENRIETTA,NY,14586,5857059368,MEGAFREIGHTLLC@HOTMAIL.COM,1,1,,
7241645,NELSON LLANO,LLANO JR. LEGACY TRANSPORT,2026-09-22,A,C,AUTHORIZED FOR HIRE,912 CAMP DR,WACO,TX,76710,2547335068,NELSON.LLANO71@GMAIL.COM,1,2,,
7218592,LAKE COUNTY STUDENT RIDES LLC,,2026-09-22,A,C,"PRIVATE PASSENGER, BUSINESS;PRIVATE PASSENGER, NON-BUSINESS;AUTHORIZED FOR HIRE",7901 4TH ST N STE300,ST PETERSBURG,FL,33702,3525087578,TRANSPORTATION@LAKECOUNTYSTUDENTRIDES.COM,1,2,,
7209859,NEXHAUL TRANSPORT LLC,,2026-09-22,A,A,AUTHORIZED FOR HIRE,54 PARRY WAY,WARMINSTER,PA,18974,2672429094,nexhaul65@gmail.com,1,1,,
7192405,AMAYA CARRIER CORP,,2026-09-22,A,C,AUTHORIZED FOR HIRE,131 BLUE DRIVE,ODESSA,TX,79762,7863336215,PEDROGONZALEZ1256@GMAIL.COM,1,1,,
7186796,EMBER NETWORK LLC,,2026-09-22,A,A,AUTHORIZED FOR HIRE,10 EAGLEVIEW DRIVE SUITE#1,GRAND ISLAND,NY,14072,7169300440,EMBERNETWORK13@GMAIL.COM,3,4,,2026-09-23
7172200,AP PREMIER TRANSPORT LLC,,2026-09-22,A,A,AUTHORIZED FOR HIRE,102 FLORENCE ST,PROVIDENCE,RI,02909,4013013980,APLOGISTICS401@GMAIL.COM,1,3,,
7160424,IZZERS TOWING & RECOVERY LLC,,2026-09-22,A,C,AUTHORIZED FOR HIRE,3288 ROYAL TERN DRIVE,WINTER HAVEN,FL,33881,9392818594,izzerstowing@gmail.com,1,2,,
7158842,CR&D LLC,,2026-09-22,A,A,AUTHORIZED FOR HIRE,305 LAUREL AVE,SELMA,AL,36701,2163267814,rcdglobalmanagement@gmail.com,1,1,,
7135553,HILLCREST AUTOMOTIVE SERVICES LLC,,2026-09-22,A,C,AUTHORIZED FOR HIRE,10541 MT GLEASON AVE,SUNLAND,CA,91040,8189681775,HILLCRESTTOWINGINC@GMAIL.COM,1,1,,
7124600,MATT GREEN TRUCKING,,2026-09-22,A,C,PRIVATE PROPERTY;AUTHORIZED FOR HIRE,9103 COUNTY ROAD 450,MARQUEZ,TX,77865-4199,9363495106,GREENTM1996@GMAIL.COM,2,2,,
7123633,DAIRO LOGISTIC SERVICES LLC,,2026-09-22,A,A,AUTHORIZED FOR HIRE,4503 COOPERS HILL TRL,ROSENBERG,TX,77471,8326145928,YOMI_TEE@YAHOO.COM,1,1,,
7117481,OPPOSITION HAULING LLC,,2026-09-22,A,A,AUTHORIZED FOR HIRE,13745 WOODLAKE RD,ELBERT,CO,80106-8979,3035639304,oppositionrc@gmail.com,1,4,,
7109164,VAR-CITY CONTRACTING INC,,2026-09-22,A,C,PRIVATE PROPERTY,2074 TOKAY ST,SANTA ROSA,CA,95404,7078066800,OFFICE@VARCITYGC.COM,10,14,,
7106342,JR'S DISPOSAL,,2026-09-22,A,C,PRIVATE PROPERTY;AUTHORIZED FOR HIRE,7824 NORTH MAIN STREET,KANONA,NY,14856,6077766586,JUNIORSDISPOSAL@GMAIL.COM,2,1,,
7101454,PAVING 365 INC,,2026-09-22,A,C,AUTHORIZED FOR HIRE,18411 CRENSHAW BLVD. 385,TORRANCE,CA,90504,3102669760,STEVE@PAVING365INC.COM,1,1,,
7091978,ROCKING 4C LLC,,2026-09-22,A,A,AUTHORIZED FOR HIRE;EXEMPT FOR HIRE,21100 W FARMERS AVENUE,AMARILLO,TX,79119,8064435919,rocking4cllc@gmail.com,2,1,,
7084518,"A & S GEOTECHNICAL DRILLING, INC.",,2026-09-22,A,C,PRIVATE PROPERTY,34300 KIRKMAN RD,DADE CITY,FL,33523,3525884365,ASDRILLING2003@GMAIL.COM,4,2,,
7080684,M B R TRANSPORTATION LLC,,2026-09-22,A,A,PRIVATE PROPERTY;AUTHORIZED FOR HIRE,15591 STATE HIGHWAY 15,MEMPHIS,MO,63555-2106,6603412045,mbrequipmentllc@gmail.com,2,1,,
7057033,"JDS TOWING, LLC",,2026-09-22,A,C,AUTHORIZED FOR HIRE,5030 NANTUCKET RD,COLLEGE PARK,MD,20740,3018353788,JDSTOWING100@GMAIL.COM,4,1,,
7051537,KYM ENTERPRISES,PRIME 11 INC,2026-09-22,A,C,AUTHORIZED FOR HIRE,505 ROCK ROSE LN,WYLIE,TX,75098,4696496232,mrmanning24@gmail.com,1,2,,
7032049,NYLOFT LLC,,2026-09-22,A,A,AUTHORIZED FOR HIRE,20 WEST 20TH 500,NEW YORK,NY,10011,2122067400,ANAS@NYLOFT.NET,2,4,,
7017139,"JW PROJECTS, INC.",,2026-09-22,A,C,,84 MAPLE DR,GREAT NECK,NY,11021,3474000091,jie.wang@jwprojects.us,0,,,
7014274,MIDWEST SUPPLY & DISTRIBUTION LLC,,2026-09-22,A,A,PRIVATE PROPERTY,1871 193RD LANE,MONDAMIN,IA,51557,7122068868,office@midwestsd.com,2,4,,
7010734,A STAR GROUP INCORPORATED,,2026-09-22,A,A,AUTHORIZED FOR HIRE,3 ROCHESTER CT,ALGONQUIN,IL,60102,2248289398,astargroupinc@gmail.com,1,3,,
7010642,EVERETT FARMS LLC,,2026-09-22,A,C,PRIVATE PROPERTY;AUTHORIZED FOR HIRE,2511 FM 1958,FLOYDADA,TX,79235,8065590179,everettcaseih@gmail.com,9,2,,
7005400,AHI FREIGHT LLC,,2026-09-22,A,A,AUTHORIZED FOR HIRE,1839 ARNOLD ST # 1R,PHILADELPHIA,PA,19152-1834,2153817193,AHI.FREIGHTUSA@GMAIL.COM,2,1,,
6996909,HUGO RAMIREZ,,2026-09-22,A,C,PRIVATE PROPERTY;AUTHORIZED FOR HIRE,2340 PASEO DEL SOL,TURLOCK,CA,95382,2095951465,11jbrcattle15@gmail.com,15,5,,
6981649,ALADINO QUALITY TRANSPORTATION SERVICE LLC,,2026-09-22,A,A,AUTHORIZED FOR HIRE,200 OLD BOILING SPRINGS ROAD APT B37,GREER,SC,29650,8645655307,INFO@ALADINOQUALITY.COM,1,1,,
6979855,BROWNS AUTO SALVAGE,,2026-09-22,A,C,PRIVATE PROPERTY,4316 GREEN GARDEN RD,ALIQUIPPA,PA,15001,7244952699,brownsautosalvage3@gmail.com,3,2,,
6976076,LONE STAR TRANSPORT LLC,,2026-09-22,A,C,AUTHORIZED FOR HIRE,441 WHISPERING HILLS DRIVE,LEXINGTON,KY,40517,7373051221,lonestartransportllc1@gmail.com,2,1,,
6955679,"EZEQUIEL TOWING, INC.",,2026-09-22,A,C,PRIVATE PROPERTY;AUTHORIZED FOR HIRE,220 S LOCUST AVE,COMPTON,CA,90221,5622284595,ezequiel.towing26@gmail.com,1,3,,
6949751,M&C RETTKE LLC,,2026-09-22,A,C,PRIVATE PROPERTY,210 WHITE CHAPEL ROAD,GLENDIVE,MT,59330,7015807729,rettketrucking@outlook.com,1,1,,
6945141,HOLY TRUCKING LLC,,2026-09-22,A,A,AUTHORIZED FOR HIRE,8720 HEARTLEAF RD,CHARLOTTE,NC,28227,7122590111,theholytruckingllc@gmail.com,2,1,,
6930261,COOL ADE TRUCKING LLC,,2026-09-22,A,A,PRIVATE PROPERTY;AUTHORIZED FOR HIRE;EXEMPT FOR HIRE,415 EAST MOHR LANE,MUSTANG,OK,73064,4059569234,craigstrr@gmail.com,2,4,,
6907078,WIGGINS DISTRIBUTION SERVICES LLC,,2026-09-22,A,A,AUTHORIZED FOR HIRE,5518 DELIGHT DR,FORT PIERCE,FL,34947,9542358646,derrickwiggins46@gmail.com,1,1,,
6897219,BLACKWATER AUTO GROUP LLC,,2026-09-22,A,C,AUTHORIZED FOR HIRE,1348 VERNON HARNAGE SR RD,NASHVILLE,GA,31639,2292377949,BENJAMINHILLHOUSE@GMAIL.COM,1,1,,
6880623,THE PARTY BAR LLC,,2026-09-22,A,C,PRIVATE PROPERTY,7919 N 173RD TERRACE CIR,BENNINGTON,NE,68007,4025103367,dennis.duckert@gmail.com,4,2,,
6876070,K & G TURF FARMS LLC,,2026-09-22,A,C,PRIVATE PROPERTY,3402 N MILE 4 WEST,WESLACO,TX,78599,9565930713,JADENKNAUB@GMAIL.COM,2,3,,
6863808,DAVINCI SISTARE LLC,,2026-09-22,A,C,AUTHORIZED FOR HIRE,THE SHOPS AT WILLOW LAWN 1601 WILLOW LAWN DR 1066,RICHMOND,VA,23230,8049383325,info@davincisistare.us,1,2,,
6858205,EVER TRANSPORTATION INC,,2026-09-22,A,A,AUTHORIZED FOR HIRE,761 PUCHEU ST,MENDOTA,CA,93640,5594717098,EVERTRANSPORTATION1@GMAIL.COM,1,1,,
6843560,KZSS LLC,,2026-09-22,A,A,AUTHORIZED FOR HIRE,5296A SIR BORS DR,ST LOUIS,MO,63129,3146205655,christinaneuhaus28@gmail.com,1,1,,
6834936,YSM LOGISTICS CO,,2026-09-22,A,A,AUTHORIZED FOR HIRE,3747 LEVY LANE,HUNTINGDON VALLEY,PA,19006,2675388973,SAFETY.YSMLOGISTICS@GMAIL.COM,1,1,,
6802342,FRANCO ENGINEERING LLC,,2026-09-22,A,C,AUTHORIZED FOR HIRE,374 E 7TH ST,HIALEAH,FL,33010,3054647784,BRIANFRANCO672@GMAIL.COM,1,1,,
6796905,ASHAI TRANSPORT SERVICES LLC,,2026-09-22,A,A,AUTHORIZED FOR HIRE,755 W LANCASTER AVE SUITE 1033,BRYN MAWR,PA,19010,2672658604,ashaitransportservices@gmail.com,1,4,,
6795696,SON OF A LOAD LLC,,2026-09-22,A,A,AUTHORIZED FOR HIRE,116 E. LIVE OAK AVE 16,ARCADIA,CA,91006,8186264366,sonofaload@gmail.com,2,4,,2026-09-24
6792067,OB1 PRODUCTION SERVICES LLC,,2026-09-22,A,A,PRIVATE PROPERTY,1493 TRAE LN,LITHIA SPRINGS,GA,30122,4044902356,ogden@ob1films.com,3,16,,
6780687,"ALPHA WOLF SNOW REMOVAL, LLC",ALPHA WOLF SNOW AND LAWN SERVICES,2026-09-22,A,A,PRIVATE PROPERTY,632 N 39TH AVE W,DULUTH,MN,55807-1629,2185762877,alphawolfsnowandlawn@gmail.com,3,2,,
6780289,MI CHAVO AUTO REPAIR LLC,MI CHAVO AUTO TOWING,2026-09-22,A,A,PRIVATE PROPERTY;AUTHORIZED FOR HIRE,1224 S. 20TH ST,OMAHA,NE,68108,5313755652,michavoautorepair@gmail.com,1,1,,
6779023,DIRT ROAD TRUCKING LLC,,2026-09-22,A,A,PRIVATE PROPERTY,4357 NW 62ND AVE,OWATONNA,MN,55060,8445285907,strodtmanfarm@gmail.com,3,2,,
6767943,RZ UNIVERSAL LLC,,2026-09-22,A,C,AUTHORIZED FOR HIRE,1211 SONOMA AVE,MODESTO,CA,95355-3920,9806669915,rzuniversalllc@outlook.com,1,2,,
6763309,ROCK-N-G SECURITY LLC,,2026-09-22,A,A,AUTHORIZED FOR HIRE,818 VZ COUNTY ROAD 3601,EDGEWOOD,TX,75117,9036036942,jrgarza053162@yahoo.com,1,1,,2026-09-22
6763237,PRO-TECH FIELD SERVICE,MATTHEW CANTU,2026-09-22,A,C,PRIVATE PROPERTY;AUTHORIZED FOR HIRE,2319 GIN RD,INEZ,TX,77968,3615504858,matt@pro-tech.global,2,2,,
6759237,NEXT STOP TRANSPORTATION LLC,,2026-09-22,A,A,AUTHORIZED FOR HIRE,10676 COLONIAL BLVD 10676 COLONIAL BLVD,FORT MYERS,FL,33913,2392401010,nxtstoptransportation@gmail.com,1,1,,
6739261,SMART WAY LOGISTICS LLC,,2026-09-22,A,C,,145 KAMM AVENUE,SOUTH RIVER,NJ,08882,7329009633,smarwaylogistics2026@gmail.com,0,,,
6727816,MOUNTAIN WEST LOGISTICS INC,,2026-09-22,A,C,AUTHORIZED FOR HIRE,3900 CANOE ST,EVANS,CO,80620,6197980007,mwestinc26@gmail.com,1,1,,
6724513,IMPERIAL TRANSPORT INC,,2026-09-22,A,A,AUTHORIZED FOR HIRE,10913 CATTAIL COURT,MANASSAS,VA,20109,5715741155,IMPERIALTRANSPORT02@GMAIL.COM,1,1,,
6722384,VAULT AUTO TRANSPORTERS LLC,VAULT AUTO TRANSPORTERS,2026-09-22,A,C,,39W278 BAERT LN,SAINT CHARLES,IL,60175,8582184273,vaultautotransporters@gmail.com,0,,,
6714933,"THORNBURY LOGISTICS, LLC",,2026-09-22,A,A,AUTHORIZED FOR HIRE,1389 BRUCETON DR,CLARKSVILLE,TN,37042,7086352115,contact@thornburylogistics.com,1,2,,
6702106,YATES RENTALS LLC,,2026-09-22,A,C,PRIVATE PROPERTY,1297 NORTHERN BLVD NW,RIO RANCHO,NM,87124,5059940100,simon@aquaticpoolsus.com,6,4,,
6700604,AARON'S TOWING LLC,,2026-09-22,A,A,PRIVATE PROPERTY;AUTHORIZED FOR HIRE,8209 17TH PL,HYATTSVILLE,MD,20783,2029979536,MANUELUCEDA03@ICLOUD.COM,2,2,,
6691777,TIMSHEL LOGISTICS LLC,,2026-09-22,A,A,AUTHORIZED FOR HIRE;EXEMPT FOR HIRE,91 STROMNESS PATH,CLAYTON,NC,27527,9375031854,haijafaruk@gmail.com,1,1,,
6685664,AQUALINE TRUCKING LLC,,2026-09-22,A,A,AUTHORIZED FOR HIRE,15211 SW 163RD STREET,MIAMI,FL,33187,7866081284,TRUCKING@GETAQUALINE.COM,6,2,,
6679701,WESTON LOGISTICS LLC,,2026-09-22,A,A,AUTHORIZED FOR HIRE,5380 PLEASANT AVE BUILDING 1B SUITE 23B,FAIRFIELD,OH,45014,3476664662,WESTONLOGISTICSCO@GMAIL.COM,1,1,,
6673631,MAINSHIP TRANSPORT LLC,,2026-09-22,A,A,AUTHORIZED FOR HIRE,10323 ELLERBE RD,SHREVEPORT,LA,71106,3182862510,MAINSHIPTRANSPORT@GMAIL.COM,1,1,,
6651502,BUB'S RESTROOM TRAILERS,,2026-09-22,A,A,PRIVATE PROPERTY,166 N PEMBERTON RD,PEMBERTON,NJ,08068,6097526844,bubsrestroomtrailers@gmail.com,1,2,,
6644650,NWPPM LLC,PLACE 2B PROPERTIES,2026-09-22,A,C,PRIVATE PROPERTY;AUTHORIZED FOR HIRE,4646 RIDGE DR. NE,SALEM,OR,97301,5033620030,INFO@P2BPROP.COM,13,15,,
6625307,STEFFEN QUALITY FARMS,,2026-09-22,A,C,PRIVATE PROPERTY,N8301 COUNTY ROAD G,SAINT CLOUD,WI,53079,9209043452,steffen89@frontier.com,1,1,,
6618696,EMMANUEL LOGISTICS LLC,,2026-09-22,A,A,AUTHORIZED FOR HIRE,145 COLLEGE ST UNIT B,GALLATIN,TN,37066,6156308968,EMMANUELLOGISTICSLLC@OUTLOOK.COM,1,2,,
6615702,TEXAS BUSINESS BROKER AND COMMERCIAL SERVICES GROUP INC,,2026-09-22,A,C,PRIVATE PROPERTY;AUTHORIZED FOR HIRE,804 BIG ROCKY BEND,GEORGETOWN,TX,78626,9726893945,DEMIAN@TBBCSG.COM,1,2,,
6611391,LYONS AND SON OPERATIONS LLC,,2026-09-22,A,C,PRIVATE PROPERTY,806 ROUTE 23A,CATSKILL,NY,12414-5634,5189470206,lyonsandson21@gmail.com,1,1,,
6599928,ATLAS FREIGHT SOLUTIONS LLC,,2026-09-22,A,A,PRIVATE PROPERTY;AUTHORIZED FOR HIRE,2806 E 76TH PL. UNIT 3M,CHICAGO,IL,60649,8723503388,docter.g11@gmail.com,1,4,,
6588918,SILVER ENTERPRISES COMPANY,,2026-09-22,A,C,PRIVATE PROPERTY,105 MARY ST,SAINT ALBANS,WV,25177,3045536086,SILVERENTERPRISESCO@GMAIL.COM,4,4,,
6580946,ROADRUNNERZ LOGISTICS LLC,,2026-09-22,A,C,AUTHORIZED FOR HIRE,2004 FALCON DR,ST.LOUIS,MO,63133,2133571478,DISPATCHROADRUNNERZ@ZOHO.COM,1,1,,
6579119,MCKINNIE OWNERSHIP GROUP,,2026-09-22,A,C,PRIVATE PROPERTY;AUTHORIZED FOR HIRE,627 WAKEFIELD DR,FAYETTEVILLE,NC,28303,9196095754,MCKINNIEM5@GMAIL.COM,0,4,,
6569436,MOA TRANSPORTATION LLC,,2026-09-22,A,A,AUTHORIZED FOR HIRE,6011 PLACID PASS,LAKELAND,FL,33805,8287182600,MOATRANSPORTTRUCKING@GMAIL.COM,1,4,,
6567954,FA MARQUEZ FENCE LLC,,2026-09-22,A,C,AUTHORIZED FOR HIRE,13650 MANOR ST,DETROIT,MI,48238,6789399621,mservices393@gmail.com,0,1,,
6554126,LUTHER J. HILLEGASS,HILLMONT FARM,2026-09-22,A,A,PRIVATE PROPERTY,1766 SHANKSVILLE ROAD,BERLIN,PA,15530-8601,8144423391,ljhillegass@gmail.com,1,4,,
6548161,R & R LLC,,2026-09-22,A,A,AUTHORIZED FOR HIRE,10095 245TH ST W,MORRISTOWN,MN,55052,5073302104,DANVONDRUDEN29@GMAIL.COM,1,1,,
6546743,MYLES LOGISTICS GROUP LLC,,2026-09-22,A,A,AUTHORIZED FOR HIRE,1631 WESTMINSTER DR APT 110,NAPERVILLE,IL,60563-9228,3123071963,DISPATCH@MYLESLOGISTICSGROUP.COM,1,1,,
6538192,ROLL RITE DUMPSTERS LLC,,2026-09-22,A,C,PRIVATE PROPERTY,6399 ALLEN RD,SOBIESKI,WI,54171,9206218936,rollrite8@gmail.com,1,2,,
6529408,"SAGE BUILDERS MANAGEMENT, LLC",,2026-09-22,A,C,PRIVATE PROPERTY,1520 SYLVAN AVE,LATROBE,PA,15650-2067,4125587994,w.revitsky@sagebuilt.net,2,1,,
6527707,CLETO TRUCKING LLC,,2026-09-22,A,A,AUTHORIZED FOR HIRE,14 MAPLE AVENUE,CARBONDALE,PA,18407-1685,3479983401,BRYAN@CLETOTRUCKING.COM,3,1,,
6523615,NIGHT OWL ENTERPRISES LLC,,2026-09-22,A,A,AUTHORIZED FOR HIRE,2968 W CASE RD,DUBLIN,OH,43017,7609876463,nightowldispatching@gmail.com,2,1,,
6522484,M&W CANADIAN SUPPLIES INC.,KP SUPPLY,2026-09-22,A,A,PRIVATE PROPERTY,24 JEFFERSON AVE,HICKSVILLE,NY,11801,3474611159,wpimin@gmail.com,2,5,,
6514566,MABUYA TRUCKING CORP,,2026-09-22,A,C,AUTHORIZED FOR HIRE,14522 SW 289TH TER,HOMESTEAD,FL,33033,7863172322,rbalmaseda1984@gmail.com,1,1,,
6513498,LIVRAISON FAUCON EXPRESS INC.,,2026-09-22,A,A,AUTHORIZED FOR HIRE,633 NOTRE-DAME APP 202,JOLIETTE,QC,J6E 3J3,4389942692,LFE_INC@HOTMAIL.COM,1,1,,
6505581,ASJ LOGISTICS CORP,,2026-09-22,A,A,AUTHORIZED FOR HIRE,816 SUMMER ST,ELIZABETH,NJ,07202,8623854727,asjlogistics11@outlook.com,2,1,,
6504236,TANGLEFOOT TRANSPORT LLC,,2026-09-22,A,A,AUTHORIZED FOR HIRE,2239 KIVETT DRIVE,GREENSBORO,NC,27406,3369631446,TANGLEFOOTTRANSPORTLLC@GMAIL.COM,1,4,,
6459753,D DIAMOND VENTURES LLC,,2026-09-22,A,C,AUTHORIZED FOR HIRE,14100 BELL ST,AMARILLO,TX,79118,8062318561,D16799599@GMAIL.COM,2,2,,
6412142,DSTM LOGISTICS LLC,,2026-09-22,A,A,AUTHORIZED FOR HIRE,14201 E BURNSIDE ST 10,PORTLAND,OR,97233,5034052152,DSTMLOGISTICSLLC@GMAIL.COM,2,2,,
6404392,ALMA LOJANA LLC,,2026-09-22,A,A,AUTHORIZED FOR HIRE,2129 N MASON AVE,CHICAGO,IL,60639,8722109450,CANGOJ221@GMAIL.COM,1,1,,
6403376,TYC TRUCKING LLC,,2026-09-22,A,A,AUTHORIZED FOR HIRE,9501 HIGHWAY 495,MERIDIAN,MS,39305,6016220829,TYCTRUCKINGLLC2020@GMAIL.COM,2,2,,
6400191,MKC SERVICES AND SOLUTIONS LLC,,2026-09-22,A,A,PRIVATE PROPERTY;AUTHORIZED FOR HIRE,5821 FAIRVIEW RD STE 207,CHARLOTTE,NC,28209,8557862324,kc@jpfinancialgroupllc.com,1,5,,
6385909,MATTHEW MEINECKE,,2026-09-22,A,A,PRIVATE PROPERTY,1917 EMERALD BROOK COURT,EDMOND,OK,73003,4058880182,MATTMEINECKE91@GMAIL.COM,2,1,,
6363373,KRUDMEAS TRUCKING LLC,,2026-09-22,A,A,AUTHORIZED FOR HIRE,14767 47TH ST NE,ST MICHAEL,MN,55376,5592855758,JOEYHENGSOK@GMAIL.COM,1,1,,
6315665,RAIL AND PLANT SERVICES CO,,2026-09-22,A,C,,17141 CARTHAGE BLUFF RD.,SPRINGFIELD,LA,70462-6949,2253158452,amanda.rapsco@gmail.com,0,,,
6313311,"HAVOK MID-ATLANTIC, INC.",,2026-09-22,A,C,AUTHORIZED FOR HIRE,7 HANSON LANE,HOCKESSIN,DE,19707,3024063226,RLOWE@HAVOKRESTORATION.COM,2,6,,
6298355,NOBLE HAULERS LLC,,2026-09-22,A,A,AUTHORIZED FOR HIRE,2557 REAGAN LAKES LN,JACKSONVILLE,FL,32221,3029326019,NOBLEHAULERSLLC@GMAIL.COM,1,1,,2026-09-23
6294591,VIDES TRUCKING LLC,,2026-09-22,A,A,AUTHORIZED FOR HIRE,2507 40TH ST SW,LEHIGH ACRES,FL,33976,2394168270,VIDESTRUCKINGLLC@GMAIL.COM,1,4,,
6265641,FLYSTAR LOGISTICS LLC,,2026-09-22,A,A,AUTHORIZED FOR HIRE,4739 PECAN MEADOW DR,DALLAS,TX,75236,4693353797,CONTACT@FLYSTARLOGISTICS.COM,1,2,,
6263068,BOICHUK TRANSPORTATION INC,,2026-09-22,A,A,AUTHORIZED FOR HIRE,19606 VAN AKEN BLVD APT 203,SHAKER HEIGHTS,OH,44122,2165131883,BOICHUKTRANSPORTATION@GMAIL.COM,1,1,,
6262347,RJG CLEANING CO LLC,,2026-09-22,A,A,AUTHORIZED FOR HIRE,28272 VAN DYKE AVE,WARREN,MI,48093,9893727041,ROBERTG.RG31@GMAIL.COM,1,1,,
6258444,TATE EMPIRE,,2026-09-22,A,A,AUTHORIZED FOR HIRE,117 GRANITE DR,GAFFNEY,SC,29340,8644921226,tateempire31@gmail.com,2,4,,
6242346,MAC ENTERPRISES LLC,,2026-09-22,A,A,AUTHORIZED FOR HIRE,320 PARK STREET,MULLAN,ID,83846-0401,7608847700,macenterprisesnorthwest@gmail.com,3,4,,
6204076,JASON & KRISTINA RIEL TRUCKING LLC,,2026-09-22,A,C,AUTHORIZED FOR HIRE,N61W23803 SUMAC LANE,SUSSEX,WI,53089,7154153841,KRISTINAFARINA69@GMAIL.COM,1,1,,
6189535,FELGON LLC,,2026-09-22,A,C,AUTHORIZED FOR HIRE,8123 MARCY DRIVE,HOUSTON,TX,77033,7132645668,LLCFELGON@GMAIL.COM,1,1,,
6187376,"IMPERIAL EXPRESS COURIER, LLC",,2026-09-22,A,A,PRIVATE PROPERTY;AUTHORIZED FOR HIRE,704 PATTON CIRCLE UNIT 2,WINTERVILLE,NC,28590,9542451112,MALINDAMOULTON@IMPERIALEXPRESSCOURIER.COM,2,4,,
6174352,BIERY LLC,,2026-09-22,A,C,PRIVATE PROPERTY,7730 GOODWIN RD,EVERSON,WA,98247-9202,3607394824,jeff@bierybrushworks.com,1,1,,
6158546,PLUNKETT BROTHER FARMS LLC,CRANE FAMILY FARMS LLC,2026-09-22,A,A,PRIVATE PROPERTY,3195 COUNTY ROAD 173,PHILADELPHIA,MO,63463,5732312404,rplunkettbrofarms@gmail.com,7,10,,
6136359,POWER PRO EXPRESS LLC,,2026-09-22,A,A,AUTHORIZED FOR HIRE,3724 IDLEBROOK CIRCLE APT 110,CASSELBERRY,FL,32707,2107912371,INFO@POWERPROEXPRESS.COM,1,1,,
6126797,NKC TRUCKING LLC,,2026-09-22,A,A,AUTHORIZED FOR HIRE,2200 NE PARVIN RD,KANSAS CITY,MO,64116-2410,8162254692,NKCTRUCKS@GMAIL.COM,2,2,,
6090152,JRA TRUCKING LLC,,2026-09-22,A,C,AUTHORIZED FOR HIRE,8171 JASMINE ST,DUPONT,CO,80024,7205142089,novedadesperez@yahoo.com,1,2,,
6089086,KEEP IT EASY LOGISTICS LLC,,2026-09-22,A,A,AUTHORIZED FOR HIRE,3807 W JOHN ST,MCHENRY,IL,60050,8155282111,willinstrucking@gmail.com,1,1,,2026-09-22
6075782,"SOUTHEASTERN CRANE & RIGGING, LLC",,2026-09-22,A,C,AUTHORIZED FOR HIRE,617 JOHNSON MILL RD,JEFFERSON,GA,30549,7708640443,ebell@secraneandrigging.com,2,2,,
6061048,FIRST GEN TRANSPORTATION LLC,,2026-09-22,A,C,AUTHORIZED FOR HIRE,200 W MONROE ST,PHOENIX,AZ,85003,9517275503,contreras.vega10@icloud.com,2,2,,
6043791,B.J. LOGISTICS LLC,,2026-09-22,A,A,AUTHORIZED FOR HIRE,1325 S 215TH LN,BUCKEYE,AZ,85326,6234552433,bryan.jovel02@gmail.com,1,1,,
6032464,A & T EXPRESS LOGISTICS LLC,,2026-09-22,A,A,AUTHORIZED FOR HIRE,2111 DENVER DR,JONESBORO,AR,72401,8705209200,ATLOGISTICLLC77@GMAIL.COM,4,8,,
6025090,TRIPLE J & DDS LLC,G&G TRANSPORT & TRUCK SERVICE,2026-09-22,A,A,AUTHORIZED FOR HIRE,4203 CADDIE DR EAST APT 203,BRADENTON,FL,34203,9413999397,triplej.ddsllc@gmail.com,2,8,,
6016644,AMERICAN TRANSPORTATION & LOGISTICS LLC,,2026-09-22,A,A,AUTHORIZED FOR HIRE,1407 NORTH CAROLINE STREET APT 1,BALTIMORE,MD,21213,6675041520,ANTWANTRAVERS163@GMAIL.COM,1,1,,2026-09-22
6010890,HWY J TRANSPORT LLC,,2026-09-22,A,A,PRIVATE PROPERTY;AUTHORIZED FOR HIRE,3101 PEAKS CIRCLE,DAWSONVILLE,GA,30534,5042968941,HWYJTRANSPORT@GMAIL.COM,4,4,,
6007380,RANO TRANSPORT LINES INC,,2026-09-22,A,A,PRIVATE PROPERTY;AUTHORIZED FOR HIRE,331 MOHAWK DR,CAROL STREAM,IL,60188,3316662157,RANOTRANSPORTLINESINC@GMAIL.COM,1,1,,
5998251,IRON RIDGE RANCH LLC,,2026-09-22,A,C,PRIVATE PROPERTY,133 COUNTY ROUTE 312 UNIT 2,WESTERLO,NY,12193,5182270894,IRONRIDGERANCHLLC@YAHOO.COM,2,1,,
5996836,RUSSELL ENTERPRISES OF TENNESSEE LLC,,2026-09-22,A,A,AUTHORIZED FOR HIRE,102 PROFESSIONAL PARK PVT DR,KINGSPORT,TN,37663-2287,4233676555,SPENGRUSSELL@GMAIL.COM,2,1,,
5986798,HOLTS CUSTOM BUILDING LLC,,2026-09-22,A,A,PRIVATE PROPERTY;AUTHORIZED FOR HIRE,11 PROSPECT ST.,PAWLING,NY,12564,8158570100,NOEL@HOLTSCUSTOMBUILDINGLLC.COM,1,8,,
5955971,DAG TRUCKING,,2026-09-22,A,A,AUTHORIZED FOR HIRE,340 NEVILLE STREET,PERTH AMBOY,NJ,08861,6014880840,DNZ.ALPERENG@GMAIL.COM,1,1,,
5950303,ZACHS EZ DUMP,,2026-09-22,A,C,AUTHORIZED FOR HIRE,1665 SEGAL RD,BROWNSVILLE,KY,42210,2702460603,ZACHRAYJACOBS2004@GMAIL.COM,2,2,,
5945526,M&V TOWING & TRANSPORT LLC,,2026-09-22,A,C,PRIVATE PROPERTY;AUTHORIZED FOR HIRE,2909 KIRCALDY CT,ARLINGTON,TX,76015-4622,7138826452,admin@mvtowingtransportllc.com,2,1,,
5931861,BT AUTO GROUP LLC,,2026-09-22,A,A,AUTHORIZED FOR HIRE,2775 EAST 12TH ST APT 412,BROOKLYN,NY,11235,9295452322,btautogroupllc@gmail.com,1,1,,
5923967,GVS TRANSPORTATION CO,,2026-09-22,A,C,AUTHORIZED FOR HIRE,313 TRIPLE LANE DR,BLADENBORO,NC,28320,9109915332,gvstransportationco@gmail.com,1,2,,
5885827,ROCKVILLE TRUCK & AUTO LLC,,2026-09-22,A,A,AUTHORIZED FOR HIRE,10813 PEPPERBUSH COURT,GLEN ALLEN,VA,23060,8049294109,rvapalace@gmail.com,2,4,,2026-09-22
5879709,CHRIS STANDLEY,,2026-09-22,A,C,PRIVATE PROPERTY,12501 BUCKHORN RD,GLIDE,OR,97443-9727,5416705957,cstandley42@gmail.com,2,1,,
5858753,LAMA FREIGHT,,2026-09-22,A,C,,2161 SHATTUCK AVE STE 229,BERKELEY,CA,94704,5107255191,sonam.gyaltsen@lamafreight.com,0,,,
5848225,BROTHERHOOD INTERNATIONAL LLC,,2026-09-22,A,A,AUTHORIZED FOR HIRE,97 DIVISION ST,SCHENECTADY,NY,12304-1103,9293728085,y.sankar0233@gmail.com,1,1,,
5840158,GODFATHER TRANSPORT LLC,,2026-09-22,A,A,AUTHORIZED FOR HIRE,507 NW 8TH ST APT A,CONCORDIA,MO,64020-8158,7866897993,godfathertransport01@gmail.com,1,1,,
5827622,LORENTZ TREE SERVICE LLC,,2026-09-22,A,C,PRIVATE PROPERTY;AUTHORIZED FOR HIRE,2524 TOPAZ STREET,SAINT AUGUSTA,MN,56301,7636456278,LORENTZTREESERVICE@GMAIL.COM,2,2,,
5822139,BETELGEUSE FREIGHT GROUP LLC,BETELGEUSE FREIGHT,2026-09-22,A,A,AUTHORIZED FOR HIRE,1002 S CHESHIRE LN,GILBERT,AZ,85296,6156129073,dusty@betelgeusefreight.com,4,4,,
5818624,MAHA EXPRESS LLC,,2026-09-22,A,A,AUTHORIZED FOR HIRE,11222 WYCH ELM CT,RICHMOND,TX,77407,8327080572,INFO@MAHA-EXPRESS.COM,2,1,,
5812819,BEAN SPEED TRANSPORTATION,,2026-09-22,A,A,AUTHORIZED FOR HIRE,948 WEST EAGLE LAKE RD,BEECHER,IL,60401,7088827055,mattritchie618@gmail.com,1,2,,
5795263,QRF PRIME LLC,,2026-09-22,A,A,AUTHORIZED FOR HIRE,1837 N MASON AVE,CHICAGO,IL,60639,7733890404,dispatch@qrfprime.com,2,4,,
5788668,ASF TRUCK LLC,,2026-09-22,A,C,AUTHORIZED FOR HIRE,9201 MADERA ROAD,HOUSTON,TX,77078,8322033301,ASFTRUCKLLC@HOTMAIL.COM,1,1,,
5785021,ALENUB COMP LLC,,2026-09-22,A,A,PRIVATE PROPERTY,2121 GIRAUDO PL SW,ALBUQUERQUE,NM,87105,5053042080,jcastro.0808@gmail.com,1,1,,2026-09-22
5783048,ROMAN AROUND TRANSPORTING LLC,,2026-09-22,A,C,PRIVATE PROPERTY;AUTHORIZED FOR HIRE,3360 WALLACE ROAD,BARTOW,FL,33830-8588,8137485954,ROMANAROUNDTRANSPORTINGLLC@GMAIL.COM,1,4,,
5776884,OVERWHEELS LOGISTICS LLC,,2026-09-22,A,A,AUTHORIZED FOR HIRE,1451 BELTMILL PKWY APT 4316,SAGINAW,TX,76179,8179810414,OVERWHEELS.INFO@GMAIL.COM,2,1,,
5771765,AMERICANDREAM LLC,,2026-09-22,A,A,AUTHORIZED FOR HIRE,6914 NE 126TH ST UNIT B52,VANCOUVER,WA,98686,3607199257,AMERICANDREAMLLC0@GMAIL.COM,1,1,,2026-09-23
5771477,KENY TRANSPORTATION LLC,GENERAL,2026-09-22,A,C,,925 ALLENS LN,EVANSVILLE,IN,47710-3123,7862327590,kenedyhilaire37@gmail.com,0,,,
5747123,BAKER AGRICULTURE LLC,,2026-09-22,A,C,PRIVATE PROPERTY,12748 NEW WINDSOR ROAD,UNION BRIDGE,MD,21791,2406741572,BAKERAGRICULTURE@GMAIL.COM,2,4,,
5744277,WTM LLC,,2026-09-22,A,A,AUTHORIZED FOR HIRE,2252 AIRLANDS STREET,LAS VEGAS,NV,89134,2675965899,wtm97655@gmail.com,1,1,,2026-09-23
5725082,NOMAD RIDER LLC,,2026-09-22,A,C,PRIVATE PROPERTY;AUTHORIZED FOR HIRE,1105 COUNTY ROAD 246 SOUTH,OXFORD,FL,34484,3524616353,KANATTCHALABAEV@GMAIL.COM,1,1,,
5703208,SILKROAD LLC,,2026-09-22,A,A,AUTHORIZED FOR HIRE,8903 LAMON AVE,SKOKIE,IL,60077,8723739098,SILKROADLLC5@GMAIL.COM,1,1,,
5650734,PREMIER STAGING GROUP LLC,THE RECEIVING HOUSE,2026-09-22,A,A,AUTHORIZED FOR HIRE,22815 GLENN DRIVE SUITE 102,STERLING,VA,20164,8447324687,office@receiveeverything.com,7,1,,
5645110,ERZ LLC,,2026-09-22,A,A,AUTHORIZED FOR HIRE,4294 GRASMERE RUN,MASON,OH,45040,5134171818,erzllcco@gmail.com,1,1,,
5587776,EKAKO GROUP LLC,,2026-09-22,A,C,PRIVATE PROPERTY;AUTHORIZED FOR HIRE,9 ADVENTURE DR LOT 2322,GOULDSBORO,PA,18424,3476756707,ekuna.lomidze@gmail.com,1,1,,
5578093,"DESSAINT SHIPPING SERVICES, LLC",,2026-09-22,A,C,PRIVATE PROPERTY;AUTHORIZED FOR HIRE,145 SE FALLON DR,PORT SAINT LUCIE,FL,34983-3162,7722748752,frantzdessaint86@gmail.com,1,1,,
5576242,VENTURE PROPERTY MANAGEMENT LLC,,2026-09-22,A,A,PRIVATE PROPERTY,173 CHELMSFORD ST STE 1,CHELMSFORD,MA,01824-2334,9787585028,justin@venturepmllc.com,1,1,,
5566146,ARVATO TRANSPORTATION LLC,,2026-09-22,A,A,AUTHORIZED FOR HIRE,6081 WEST 9000 SOUTH,WEST JORDAN,UT,84081,2625975578,ALEX.VALDEZ@ARVATO.COM,4,1,,
5563230,SMJ EXPRESS LLC,,2026-09-22,A,A,AUTHORIZED FOR HIRE,1807 JACQUELINE CT,MYRTLE BEACH,SC,29577,8542121142,SMJEXPRESSLLC23@GMAIL.COM,1,1,,
5549464,AGRIFIELDS EQUIPMENT LLC,,2026-09-22,A,A,AUTHORIZED FOR HIRE,2872 AVILA CROSS CIRCLE APT.134,OVIEDO,FL,32765,7866896519,AGRIFIELDS@MAIL.COM,1,1,,
5519849,PHASED OPERATIONS LLC,,2026-09-22,A,C,PRIVATE PROPERTY;AUTHORIZED FOR HIRE,233 BATTLE STREET WEST,TALLADEGA,AL,35160,2562233398,customerservice@phasedops.com,2,4,,
5517418,JUBILEE FREIGHT LLC,,2026-09-22,A,A,AUTHORIZED FOR HIRE,127 WILSON DRIVE,SPANISH FORT,AL,36527,2516515437,MICHAEL@JUBILEEFREIGHT.COM,1,1,,
5499913,WATERMELON TRANSPORT LLC,,2026-09-22,A,A,AUTHORIZED FOR HIRE,2108 N ST STE N,SACRAMENTO,CA,95816,7148869115,INFO@WATERMELONTRANSPORT.COM,1,2,,
5499679,LOZANO TRUCKING AND EXCAVATION LLC,,2026-09-22,A,C,AUTHORIZED FOR HIRE,1463 COUNTY ROAD 149,ALVIN,TX,77511,2812355996,lozanotrucking1998@att.net,1,1,,
5493237,EDYJAN MOVING & DELIVERY SOLUTIONS,,2026-09-22,A,A,AUTHORIZED FOR HIRE,9203 NW 33RD AVE,MIAMI,FL,33147,7868014877,EDVELIZ.77@GMAIL.COM,2,2,,
5489595,"MSJ TRUCKING, LLC",,2026-09-22,A,A,AUTHORIZED FOR HIRE;EXEMPT FOR HIRE,74649 322 AVENUE,IMPERIAL,NE,69033,3084142355,moreljurado1@hotmail.com,2,4,,
5465256,TOP ROOFING AND CONSTRUCTION LLC,,2026-09-22,A,A,PRIVATE PROPERTY,7653 PRUETT PL,MANASSAS,VA,20109-3365,5713009013,oleeb1@gmail.com,1,4,,
5440596,CARL TRUCKING LLC,,2026-09-22,A,A,PRIVATE PROPERTY;AUTHORIZED FOR HIRE;EXEMPT FOR HIRE,202 E TEXIE AVE,MONETTE,AR,72447,8709194617,kfarms11@yahoo.com,12,8,,2026-09-22
5399288,ANDREW NAPOLITANO,TRANSIT-ONE,2026-09-22,A,A,PRIVATE PROPERTY,15976 W CLINTON ST,SURPRISE,AZ,85379,6028348483,transitone.andrew@gmail.com,3,1,,
5398936,ELITE EQUIPMENT REPAIR LLC,,2026-09-22,A,A,AUTHORIZED FOR HIRE,7970 BRISTOL BANE CT 7970 BRISTOL BANE CT,DUBLIN,OH,43016,6143638193,arjehtrucking@gmail.com,3,4,,
5395576,"BLACKSTONE COLLECTIVE, LLC",,2026-09-22,A,A,AUTHORIZED FOR HIRE,613 WEST CRAWFORD STREET,QUITMAN,GA,31643,4045020079,wrightanthony202@gmail.com,1,1,,
5350820,EBENEZER FREIGHT CARRIERS LLC,,2026-09-22,A,A,AUTHORIZED FOR HIRE,3375 E. TOMPKINS AVE UNIT 135,LAS VEGAS,NV,89121,7025215161,ebenezerfreightcarriers@gmail.com,1,2,,
5345958,MICHEAL HILL,HILL AND SONS MOVERS,2026-09-22,A,A,AUTHORIZED FOR HIRE,60 HOOPER RD,DEDHAM,MA,02026,6175153032,hillandsonsmovers@gmail.com,1,2,,
5329802,DOUBLE CH HAULERS LLC,,2026-09-22,A,A,AUTHORIZED FOR HIRE,1429 AN COUNTY ROAD 1225,ELKHART,TX,75839-3423,9037248479,dchaulers@yahoo.com,2,2,,
5321002,"THAYER TREE FARMS, LLC",,2026-09-22,A,A,PRIVATE PROPERTY,405 7TH AVENUE,OSCEOLA,WI,54020,7154949596,jonthayer@thayertreefarms.com,2,4,,
5319182,CLOCKWORK CARE LOGISTICS LLC,,2026-09-22,A,A,PRIVATE PROPERTY;AUTHORIZED FOR HIRE,380 E ST CHARLES RD UNIT 1792,LOMBARD,IL,60148,7735445407,JROD@CLOCKWORKCARELOGISTICSLLC.COM,2,6,,
5310455,SHACNI TRUCKING LLC,,2026-09-22,A,A,AUTHORIZED FOR HIRE,4562 GRANTS LN E,COLUMBUS,OH,43228,6145883412,nimoabdulahi500@gmail.com,2,3,,
5307201,S.S.D DYNAMICS SOLUTIONS LLC,,2026-09-22,A,A,AUTHORIZED FOR HIRE,1605 WRIGLEY DR,ODESSA,TX,79762,3522465442,S.S.D.DYNAMICSSOLUTIONS@GMAIL.COM,1,1,,
5305680,KD ENTERPRISE TRUCKING LLC,,2026-09-22,A,C,PRIVATE PROPERTY;AUTHORIZED FOR HIRE,41 BROWN ST,GRETNA,FL,32332,8505735323,keithrdan72@gmail.com,1,4,,
5283431,LIBERTY AIR LOGISTICS LLC,,2026-09-22,A,A,AUTHORIZED FOR HIRE,4517 MARPLE ST,PHILADELPHIA,PA,19136,2018444746,LUISPHONELAMARCA@GMAIL.COM,1,1,,
5281131,TRAP DUMPIN LLC,,2026-09-22,A,C,AUTHORIZED FOR HIRE,233 HIGHLAND DR.,EDEN,NC,27288,3365202758,SNAKELEGGSWEBB@ICLOUD.COM,1,1,,2026-09-25
5277834,"RAMPART SITE WORKS, LLC",,2026-09-22,A,A,PRIVATE PROPERTY,9412 KIMBOROUGH DR,KNOXVILLE,TN,37922-6255,8658054333,daniel@rampartsiteworks.com,1,1,,
5270034,WILLOW LAKE CONTRACTING LLC,,2026-09-22,A,A,AUTHORIZED FOR HIRE,1519 E 1ST AVE,POST FALLS,ID,83854-9520,2087040686,grimm11223@yahoo.com,1,1,,
5238552,AMERICAN FREIGHT SUPPORT,,2026-09-22,A,A,AUTHORIZED FOR HIRE,14650 NORTH AIRPORT DRIVE SUITE 104,SCOTTSDALE,AZ,85260,4808284889,DISPATCH@AFSTRUCKING.COM,2,4,,
5213895,LS WEST TRANSPORT LLC,,2026-09-22,A,A,AUTHORIZED FOR HIRE,2200 THAWLINE PL,EL PASO,TX,79911,9153527858,lswesttransportllc@gmail.com,1,1,,
5205042,DASH TRUCKING LLC,,2026-09-22,A,A,AUTHORIZED FOR HIRE,11880 BUSTLETON AVE #210,PHILADELPHIA,PA,19116,2679348869,dashtruckingllc1@gmail.com,1,1,,
5166066,PAPS DUMPSTERS LLC,,2026-09-22,A,C,PRIVATE PROPERTY,1917 SANDALWOOD RD,ABRAMS,WI,54101,9206803608,papsdumpsters@gmail.com,1,1,,
5149694,TRAVIS MCGEE,MCGEE TRUCKING,2026-09-22,A,A,AUTHORIZED FOR HIRE,1239 EXETER RD,BLUFFS,IL,62621,2176535114,TRAVISMCGEE@ROCKETMAIL.COM,3,2,,
5142681,"BROCK'S CABINETS SOUTH, INC.",,2026-09-22,A,A,PRIVATE PROPERTY,17849 COUNTY ROAD 83,SUMMERDALE,AL,36580-3853,2517470473,julian.brockssouth@gmail.com,1,2,,
5142601,JRLR LOGISTICS LLC,,2026-09-22,A,A,AUTHORIZED FOR HIRE,409 PARKER ST,CHESTER,PA,19013,2677702905,abujusumuwaab@gmail.com,1,1,,2026-09-24
5134089,ABOOD EXPRESS LLC,,2026-09-22,A,A,AUTHORIZED FOR HIRE,14500 PROSPECT ST APT 210,DEARBORN,MI,48126,6178701878,aabdulraouf01@gmail.com,1,1,,
5129534,ZSB EXPRESS LLC,,2026-09-22,A,A,AUTHORIZED FOR HIRE,330 S WASHINGTON ST APT 9,MECHANICSBURG,PA,17055,2234883978,zsbexpressllc@gmail.com,1,1,,
5108954,LUXURY FURNITURE INC,VENICASA,2026-09-22,A,A,PRIVATE PROPERTY,1200 STIRLING RD 1C,DANIA BEACH,FL,33004,8889668399,carlos@venicasa.com,3,1,,2026-09-24
5067284,CHARLES L DEHAVEN JR,,2026-09-22,A,C,PRIVATE PROPERTY;AUTHORIZED FOR HIRE,633 CHESTNUT GROVE RD,WINCHESTER,VA,22603,5405506783,dehavenexcavating@yahoo.com,12,2,,
5057207,LEE DELIVERY SERVICES LLC,,2026-09-22,A,A,AUTHORIZED FOR HIRE,21910 WINCHESTER,SOUTHFIELD,MI,48076-4892,3134337529,leedeliveryservicesllc@gmail.com,2,1,,
5050638,GOLDEN WING LLC,,2026-09-22,A,A,AUTHORIZED FOR HIRE,11618 TIMBER RIDGE LN APT 1,CINCINNATI,OH,45241,5133757110,GOLDENWINLLC7@GMAIL.COM,1,1,,
5048626,EDMA SOLUTION INC,,2026-09-22,A,C,PRIVATE PROPERTY,909 CENTER ST,RIVERSIDE,CA,92507,3239615595,edmasolutioninc@gmail.com,1,1,,
5042359,CORESCOPE CONSTRUCTION SERVICES,,2026-09-22,A,C,AUTHORIZED FOR HIRE,18 SCARLET OAK DR,LAFAYETTE HILL,PA,19444-2427,4845576746,ANTHONY@CORESCOPECONSTRUCTION.COM,1,2,,
5010883,GREEN LIGHT MOVING LLC,,2026-09-22,A,A,AUTHORIZED FOR HIRE,800 N CENTRAL AVE APT 1522,PHOENIX,AZ,85004,6023910653,alsaadialmokhtar@gmail.com,1,1,,
5005971,MOVEARTH LLC,,2026-09-22,A,C,AUTHORIZED FOR HIRE,6225 S HIGHWAY 35,ALVIN,TX,77511,7134467036,MOVER1@YAHOO.COM,1,1,,
5001398,LAKAY MULTISERVICES AND TRANSPORTATION LLC,,2026-09-22,A,A,AUTHORIZED FOR HIRE,4708 POSEIDON PL,LAKE WORTH,FL,33463,9547061187,LAKAYMULTISERVICESTP95@GMAIL.COM,1,1,,
4986263,264 TRUCKING,,2026-09-22,A,C,PRIVATE PROPERTY;AUTHORIZED FOR HIRE,4409 VALERA CT 4409 VALERA CT,CHESAPEAKE,VA,23321-6432,7572971298,TONIO@264TRUCKING.COM,2,5,,
4982314,"JDG CARRIERS, LLC",,2026-09-22,A,A,AUTHORIZED FOR HIRE,5101 N MOOREFIELD RD,MISSION,TX,78574,9564456595,JUANDOMINGO041982@GMAIL.COM,1,2,,
4975868,"PSAP, LLC",AFFORDABLE PROPANE OF NEOSHO,2026-09-22,A,C,PRIVATE PROPERTY,846 SOUTH HIGHWAY 37,GOLDEN CITY,MO,64748,4172147775,LACY.REED@OUTLOOK.COM,6,75,,
4957262,JOYNT ENTERPRISES LLC,JOYNT EQUIPMENT COMPANY,2026-09-22,A,A,PRIVATE PROPERTY,9725 BRIGHTON RD,HENDERSON,CO,80640,8156416059,jjoynt@joyntequipment.com,12,14,,
4954792,SMART LOGISTICS LLC,DEPO HOUSE,2026-09-22,A,A,PRIVATE PROPERTY,489 GETTY AVE,CLIFTON,NJ,07011,8623368382,info@smartlogisticsnj.com,1,1,,
4952485,SMITH VALLEY CATTLE FEEDERS,,2026-09-22,A,C,PRIVATE PROPERTY,500 HUDSON WAY,SMITH,NV,89430,7754652691,svcfbilling@gmail.com,1,1,,
4914170,CAROGO INC,,2026-09-22,A,A,AUTHORIZED FOR HIRE,6105 OLD CORRAL ST,CHARLOTTE,NC,28277,5514495940,carogoinc@gmail.com,1,1,,
4890382,"MNG ENCHANTED EXECUTIVE TRANSPORTATION, LLC",MNG EXECUTIVE TRANSPORTATION,2026-09-22,A,A,"PRIVATE PASSENGER, BUSINESS;PRIVATE PASSENGER, NON-BUSINESS;AUTHORIZED FOR HIRE",14140 HAMILTON STREET,OMAHA,NE,68154,4024194126,karl@mngtransportation.com,3,3,,
4885804,BALD EAGLE TRUCKING LLC,,2026-09-22,A,A,AUTHORIZED FOR HIRE,4100 CORPORATE SQUARE BLVD STE 104,NAPLES,FL,34104,5127409303,BALDEAGLETRUCKINGVIPLLC@GMAIL.COM,1,1,,
4877485,ARENA PROVISIONS INC.,,2026-09-22,A,A,PRIVATE PROPERTY,7240 GOLDEN WINGS RD UNIT 300,JACKSONVILLE,FL,32244,9049084516,arenaprovisions@arenaprovisions.com,8,12,,
4872675,C&J PREMIER SERVICES LLC,,2026-09-22,A,A,AUTHORIZED FOR HIRE,1898 E WINTER HAVEN DR,MOHAVE VALLEY,AZ,86440,7609270254,CJLOGISTICS1986@GMAIL.COM,2,2,,
4827016,D C GLOBAL GROUP LLC,,2026-09-22,A,C,,1957 DOLPHIN PLACE,DISCOVERY BAY,CA,94505,9093322668,dcglobals@dcglobals.com,0,,,
4816784,"MANUEL IGLESIAS CONCRETE, INC",,2026-09-22,A,C,AUTHORIZED FOR HIRE,4060 BROWN RD,OAKLEY,CA,94561,9256793969,MANUELCONCRETE@GMAIL.COM,3,6,,
4813025,TABLE AND TAIL LLC,,2026-09-22,A,A,PRIVATE PROPERTY;AUTHORIZED FOR HIRE,5900 BALCONES DR STE 100,AUSTIN,TX,78731,8325243162,TNT@VIRTUALASSISTANTKEY.COM,1,4,,
4811941,CATAMOUNT SPRING LLC,CELLU-SPRAY INSULATION,2026-09-22,A,A,PRIVATE PROPERTY;AUTHORIZED FOR HIRE,98 PINE ST. #6,FLORENCE,MA,01062,4135222580,JT@CELLUSPRAY.NET,1,4,,2026-09-22
4805445,9872345 CANADA LTD,MTA EXPRESS,2026-09-22,A,A,AUTHORIZED FOR HIRE,32 KEZIA CRES,CALEDON,ON,L7C 3T2,6474092913,DISPATCH@MTAEXPRESS.CA,1,1,,
4800837,"GO FAST VENTURES, LLC",,2026-09-22,A,A,AUTHORIZED FOR HIRE,1224 UNIVERSITY ST,HILLSBORO,IL,62049-1000,2173439462,LREYNOLDS@GOFASTVENTURESLLC.COM,1,4,,
4798087,RAYS TRUCKING LLC,,2026-09-22,A,A,AUTHORIZED FOR HIRE,13300 W ONONDAGA TRAIL,HOMER GLEN,IL,60491,8154124094,rsinno4500@gmail.com,1,1,,
4792532,3XC FARMS LLC,,2026-09-22,A,C,PRIVATE PROPERTY;AUTHORIZED FOR HIRE,204 EAST MAIN STREET,WALKERVILLE,MI,49459-9499,2317699456,3XCFARMS@GMAIL.COM,2,2,,
4792324,JAMOL FREIGHT INC,,2026-09-22,A,A,AUTHORIZED FOR HIRE,9200 BUSTLETON AVE APT 707,PHILADELPHIA,PA,19115,5704492212,JAMOLFREIGHTINC@GMAIL.COM,1,4,,
4766315,DONALD NIEMAN,,2026-09-22,A,C,PRIVATE PROPERTY,11203 W CLEOPHAS RD,BELOIT,WI,53511,6084732266,niemandonnie@gmail.com,1,1,,
4756609,WEIKEL CONSTRUCTION LLC,,2026-09-22,A,A,PRIVATE PROPERTY,3100 SAINT LAWRENCE AVE,READING,PA,19606,6108238606,jake@weikelconstruction.com,1,2,,
4735917,UNITED TIRE INC.,,2026-09-22,A,A,AUTHORIZED FOR HIRE,288 N MAIN ST,BRANFORD,CT,06405,2034814400,UNITEDTIREINC@GMAIL.COM,4,4,,
4735227,MADDY TRANSPORT LLC,,2026-09-22,A,A,AUTHORIZED FOR HIRE,2705 HERSCHEL ST N UNIT B401,ROSEVILLE,MN,55113,6124593677,halimo@maddytransport.com,1,1,,
4726544,GND LOGISTICS CORP,,2026-09-22,A,A,AUTHORIZED FOR HIRE,9042 GLADIOLA WAY UNIT B,ARVADA,CO,80005,8153835252,PAPUNASHVILIG4@GMAIL.COM,1,4,,
4720063,FRATERNAL HAULING LLC,,2026-09-22,A,A,AUTHORIZED FOR HIRE,2317 N WASHINGTON ST,WILMINGTON,DE,19802,3029832153,fraternalhauling@yahoo.com,1,1,,
4705403,BRUNNER CONSTRUCTION SERVICES LLC,BCS KONA,2026-09-22,A,C,PRIVATE PROPERTY,75-5668 HIENALOLI RD,KAILUA-KONA,HI,96740,8089904448,RYANBCSKONA@GMAIL.COM,2,2,,
4695105,ACEE,,2026-09-22,A,C,PRIVATE PROPERTY;AUTHORIZED FOR HIRE,2752 N HIGHLAND AVE,JACKSON,TN,38305,7313432664,FCP.ACEE.LLC@GMAIL.COM,2,4,,
4676580,CHAOSHENG TRUCKING INC,,2026-09-22,A,A,AUTHORIZED FOR HIRE,626 S SIERRA VISTA AVE APT 104,ALHAMBRA,CA,91801,6262687942,ZHANGSHENGMING843@GMAIL.COM,1,1,,
4674648,GRAIN AND GAIN AG,LINX HOTSHOT SERVICE,2026-09-22,A,C,AUTHORIZED FOR HIRE,403 COLEBROOK LANE,DICKINSON,TX,77539,3032505869,TYLER.LINCOLN35@GMAIL.COM,3,4,,
4666011,E&L LEGACY LOGISTICS,,2026-09-22,A,A,PRIVATE PROPERTY;AUTHORIZED FOR HIRE;EXEMPT FOR HIRE,850 NORTH WAUKEENAH STREET,MONTICELLO,FL,32344,8504454244,enllegacylogistics@gmail.com,1,2,,
4664068,WYNNFIELD ENTERPRISES LLC,,2026-09-22,A,C,,7313 BROOKHAVEN RD,PHILADELPHIA,PA,19151,2673681969,WYNNFIELD@PROTONMAIL.COM,0,0,,
4662073,HD HOTSHOT LLC,,2026-09-22,A,A,AUTHORIZED FOR HIRE,"3400 COTTAGE WAY, STE G2 #36989",SACRAMENTO,CA,95825,4424731106,dagskyline@yahoo.com,2,4,,
4649752,SAKE SUVS LLC,,2026-09-22,A,A,"PRIVATE PROPERTY;PRIVATE PASSENGER, BUSINESS;PRIVATE PASSENGER, NON-BUSINESS;AUTHORIZED FOR HIRE",75 PARK LN S UNIT 2303,JERSEY CITY,NJ,07310,6464500429,connect@sakesuvs.com,1,20,,2026-09-22
4643072,ARSENAL STRENGTH LLC,,2026-09-22,A,A,PRIVATE PROPERTY,3551 WORKMAN ROAD,KNOXVILLE,TN,37921,8653335444,sarahr@myarsenalstrength.com,2,4,,
4638027,DEFENSIBLE SPACE LOGISTICS,,2026-09-22,A,C,PRIVATE PROPERTY;AUTHORIZED FOR HIRE,3309 BALL MOUNTAIN LITTLE SHASTA ROAD PO BOX 748,MONTAGUE,CA,96964,5306431782,defensiblespacelogistics@gmail.com,1,2,,
4625477,"L&D EXPRESS, LLC",,2026-09-22,A,A,PRIVATE PROPERTY;AUTHORIZED FOR HIRE,560 RABE RD,LUFKIN,TX,75901,9362075978,customerservice@ltl-tx.com,2,2,,
4609292,SUPER YJ LLC,,2026-09-22,A,A,AUTHORIZED FOR HIRE,10931 STONE CANYON RD APT 223,DALLAS,TX,75230,2144660034,dispatch214dallas@gmail.com,6,2,,
4598775,CONOR HAMILTON TRUCKING LLC,,2026-09-22,A,C,AUTHORIZED FOR HIRE,8655 E SAN MIGUEL AVE,SCOTTSDALE,AZ,85250,6026250280,CONORHAMILTONTRUCKING@GMAIL.COM,1,1,,
9988859,"KMD POWERLINE SOLUTIONS, INC.",,2026-09-21,I,A,"PRIVATE PROPERTY;PRIVATE PASSENGER, BUSINESS;PRIVATE PASSENGER, NON-BUSINESS;AUTHORIZED FOR HIRE",531 FRENCIK ST,BUENA VISTA,PA,15018,4127266011,nickadu@aol.com,0,1,,
9980838,SKY ENTERPRISE LLC,,2026-09-21,A,A,AUTHORIZED FOR HIRE,200 JASPER ST,LASHMEET,WV,24733,3049200375,TOMMYTOOLEY22@GMAIL.COM,2,4,,
9974459,IDIRECT LLC,,2026-09-21,A,C,PRIVATE PROPERTY;AUTHORIZED FOR HIRE,841 WOODTICK RD APT 6,WATERBURY,CT,06705,4753161699,idirectllc.id@gmail.com,1,1,,
9973483,JOSHUA LORD,,2026-09-21,A,C,AUTHORIZED FOR HIRE,1720 UPTON ROAD,ERROL,NH,03579,6033313791,LILGMC603@GMAIL.COM,1,1,,
9966725,WILLIAMS FOREST CHEM LLC,,2026-09-21,A,A,PRIVATE PROPERTY,3494 TUCK PERSONS HIGHWAY,TALBOTTON,GA,31827,7065755190,bookkeeping@williamsforestchem.com,1,8,,
9962086,WILLY & D TRUCKING LLC,,2026-09-21,A,A,AUTHORIZED FOR HIRE,413 S 15TH ST APT 33,NEWARK,NJ,07103-1666,3476002100,WILLIAN1_SANCHEZ@OUTLOOK.COM,1,2,,
9961947,JENN'S CLEANING MASTERS LLC,DBA: GRANDWAY EXPRESS LLC,2026-09-21,A,A,AUTHORIZED FOR HIRE,940 QUAIL CREEK DR,GRAND PRAIRIE,TX,75052,4692782053,JENNIFERYUANMA@GMAIL.COM,2,1,,
9924385,GALLANT LINE HAUL CORP.,,2026-09-21,A,C,,142 ASHURST CRES,BRAMPTON,ON,L6V 3N9,4167355356,info@gallant-corp.com,0,,,
9919155,OWN LANE LLC,,2026-09-21,A,C,AUTHORIZED FOR HIRE,3144 JOSEFINA LN,HEARTLAND,TX,75126,4698759895,OWNLANELLC20@GMAIL.COM,2,2,,
9915711,"BATES BOYS, LLC",,2026-09-21,A,C,PRIVATE PROPERTY;AUTHORIZED FOR HIRE,3114 3RD AVE,RICHMOND,VA,23222,8046645080,batesjamel1987@gmail.com,1,2,,
9907342,JT INTERROAD INC,,2026-09-21,A,A,AUTHORIZED FOR HIRE,6900 STATE RD APT 310,CLEVELAND,OH,44134,9294011168,JTINTERROAD@GMAIL.COM,1,1,,
9895722,MANES LOGISTICS LLC,,2026-09-21,A,C,AUTHORIZED FOR HIRE,101 TALBOT DR,BEDFORD,OH,44146,2347069422,cooper.arnold12@gmail.com,1,1,,
9886624,CHASE A SORDAHL,,2026-09-21,A,A,AUTHORIZED FOR HIRE,1518 RAINBOW DR,MT SHASTA,CA,96067,5308590177,sordahlfalling@gmail.com,2,1,,
9885661,GRAND BUDAPEST TRANSPORT LLC,,2026-09-21,A,C,PRIVATE PROPERTY;AUTHORIZED FOR HIRE,1758 NE 163RD STREET,NORTH MIAMI BEACH,FL,33162,3059424054,miamibrightstar@gmail.com,5,10,,
9821214,KARAR LLC,,2026-09-21,A,A,AUTHORIZED FOR HIRE,360 E BIRCH AVE APT 9C,BARRON,WI,54812,2064580503,KARARLLC2026@GMAIL.COM,1,1,,
9810446,BOUNCE PADEL COURTS LTD.,,2026-09-21,A,A,PRIVATE PROPERTY,8-655 HARVEY SETTLEMENT RD,ORILLIA,ON,L3V 6H2,3435405666,RWHARTON@BOUNCEPADELCOURTS.COM,3,1,,
9809144,AGMB GROUP SERVICES LLC,AGMB EXPRESS,2026-09-21,A,A,AUTHORIZED FOR HIRE,1310 RAYFORD PARK RD SUITE 379,SPRING,TX,77386,7379831677,ADMIN@AGMBEXPRESS.COM,2,1,,
9793820,HEARTBEAT FREIGHT LLC,HB FREIGHT,2026-09-21,A,C,,1400 MCKINNEY STREET,HOUSTON,TX,77010,6194787599,jr@heartbeatfreight.com,0,,,
9793503,MANU GROUP INC,,2026-09-21,A,A,AUTHORIZED FOR HIRE,2109 RHAWN ST APT A12,PHILADELPHIA,PA,19152,4452758785,MANUGROUPINC@GMAIL.COM,2,1,,
9779121,JAY H SANDERS,JAY SANDERS FARM,2026-09-21,A,A,PRIVATE PROPERTY,120 LAUREL LAKE DR,MONTEAGLE,TN,37356,9316913861,JAYHSANDERS@GMAIL.COM,1,1,,
9778135,DURAN HOME IMPROVEMENT LLC,,2026-09-21,A,C,PRIVATE PROPERTY,73 CAMBRIDGE AVENUE,ENGLEWOOD,NJ,07631,2013977710,FRANCISCOD93@ICLOUD.COM,2,4,,
9770252,JUAN F SOTO RANGEL,,2026-09-21,A,A,AUTHORIZED FOR HIRE,900 SILVER ST,LEWISBURG,TN,37091,6155829949,FIDELSOTO73@GMAIL.COM,1,1,,
9769358,6 DS AND A G LLC,,2026-09-21,A,C,AUTHORIZED FOR HIRE,97 SEAGULL CIR,COLO SPS,CO,80921,8089876989,OHANAVENDINGSERVICES719@GMAIL.COM,1,2,,
9767251,ALL AMERICAN TOWING&RECOVERY LLC,,2026-09-21,A,C,AUTHORIZED FOR HIRE,928 SANTA MARIA CV,MADISON,TN,37115,6154848051,ALLAMERICATOWING@ICLOUD.COM,1,1,,
9762484,MAGNOLIA EXPRESS LLC,,2026-09-21,A,A,AUTHORIZED FOR HIRE,3367 SADDLEBROOK DR,MIDLAND,NC,28107,8645679036,THECORNELIUSB@GMAIL.COM,2,3,,
9759324,ALWAYS RELIABLE TRANSPORT LLC,,2026-09-21,A,C,AUTHORIZED FOR HIRE,263 E SHERIDAN AVE,BOYNTON,OK,74422,9188165253,alwaysreliabletransport26@gmail.com,1,1,,2026-09-25
9749288,FREEDOM PRO TRANSPORT LLC,,2026-09-21,A,A,AUTHORIZED FOR HIRE,17539 W RIMROCK ST,SURPRISE,AZ,85388,4806586569,FREEDOMPROTRANSPORT@GMAIL.COM,2,4,,
9748941,TWISTED EXPRESS TRANSPORTS LLC,,2026-09-21,A,A,AUTHORIZED FOR HIRE,2805 S SYCAMORE AVE,MUNCIE,IN,47302,9374500913,TWISTEDEXPRESS@YAHOO.COM,1,1,,
9740293,RONALD HIGGINS,,2026-09-21,A,C,AUTHORIZED FOR HIRE,2739 COUNTY ROAD 830,LOGAN,AL,35098,2569513945,PIPELINER989@GMAIL.COM,1,1,,
9717947,FC TOWING LLC,,2026-09-21,A,A,AUTHORIZED FOR HIRE,322 WEST PLEASANT RUN ROAD,LANCASTER,TX,75146,9722172029,FCTOWINGLLC@GMAIL.COM,1,1,,
9683676,BECE TRUCKING LLC,,2026-09-21,A,A,AUTHORIZED FOR HIRE,1461 NW 1 ST,FORT LAUDERDALE,FL,33311,6789923209,becetrucking@gmail.com,1,8,,
9678446,HMS TRANS INC,,2026-09-21,A,A,AUTHORIZED FOR HIRE,8648 SHADOW RIDGE LN APT A,INDIANAPOLIS,IN,46239,3173973602,HMSLOGISTICS48@GMAIL.COM,1,1,,
9676932,CANTU XPRESS SERVICES LLC,,2026-09-21,A,C,AUTHORIZED FOR HIRE,13820 ZUHAUSE DR,PFLUGERVILLE,TX,78660,5129390039,CANTUXPRESSSERVICES@GMAIL.COM,1,1,,
9669996,SAFULLA SOWA,,2026-09-21,A,C,PRIVATE PROPERTY,2820 MORALITY DR,COLUMBUS,OH,43231,6147065756,SAFSOWA@ICLOUD.COM,1,1,,
9667228,START TO FINISH TRUCKING LLC,,2026-09-21,A,A,PRIVATE PROPERTY;AUTHORIZED FOR HIRE,36 PATRICIO RD,LOS LUNAS,NM,87031,9703133837,stf_2016@outlook.com,2,1,,
9663399,SUNFLOWER LANDSCAPING LLC,,2026-09-21,A,C,PRIVATE PROPERTY,7 WASHINGTON AVE,BERNARDSVILLE,NJ,07924-2517,9084326012,PABLO@THESUNFLOWERLANDSCAPING.COM,1,1,,
9656161,CROSSROADS GROUP CORP,,2026-09-21,A,A,PRIVATE PROPERTY,6321 ENGLISH AVE,INDIANAPOLIS,IN,46219,8454949136,msanicola@crossroadsgroupcorp.org,3,12,,
9648264,APEX INTERNATIONAL LOGISTICS LLC,,2026-09-21,A,A,PRIVATE PROPERTY;AUTHORIZED FOR HIRE,6816 ENCORE OAKS,SAN ANTONIO,TX,78252,2109610610,apexlogisticssatx@gmail.com,2,8,,2026-09-22
9648052,JEDCO SUPPLY,,2026-09-21,A,C,PRIVATE PROPERTY,1105 SATELLITE BLVD SUITE 300,SUWANEE,GA,30024,6787733615,SALES@JEDCOSUPPLY.COM,5,2,,
9645041,AARON’S TRANSPORT LLC,,2026-09-21,A,A,AUTHORIZED FOR HIRE,180 FOWLER BRANCH RD,CHAPMANVILLE,WV,25508,3047854545,attransportser@gmail.com,1,1,,2026-09-25
9643863,GRANT SWANSON,SWANSON LANDSCAPING,2026-09-21,A,C,PRIVATE PROPERTY;AUTHORIZED FOR HIRE,181 MACK RD,LEBANON,CT,06249-1736,8603340087,GTSSPEEDY84@GMAIL.COM,1,1,,
9639481,MAJESTIC INTERNATIONAL ELECTRONIC TECHNOLOGIES INC.,LOOPRL SOLUTIONS,2026-09-21,A,C,AUTHORIZED FOR HIRE,3131 W ROYAL LN,IRVING,TX,75063-3115,9724781152,venkata@looprl.com,1,2,,
9637981,PASCAL TRUCKING LLC,,2026-09-21,A,A,AUTHORIZED FOR HIRE,6750 RAMONA BOULEVARD 519,JACKSONVILLE,FL,32205,9047267194,tmoneyboo@gmail.com,1,1,,
9636600,OVO TRUCKING LLC,,2026-09-21,A,C,AUTHORIZED FOR HIRE,3802 MIAMI ST,OMAHA,NE,68111,4023817687,BMENESES1990@HOTMAIL.COM,4,2,,
9636019,"IRPG TRUCKING,LLC",,2026-09-21,A,A,AUTHORIZED FOR HIRE,449 MAYSVILLE LANE,TAR HEEL,NC,28392,9107742263,GREEN58INGRID@GMAIL.COM,1,1,,
9625111,HELLSTROM BROTHERS COMPANY,,2026-09-21,A,C,PRIVATE PROPERTY;AUTHORIZED FOR HIRE,1041 RIDGE AVENUE,STONE MOUNTAIN,GA,30083,4709207274,ELIAS@HBR-COMPANY.COM,2,2,,
9612382,JAC CONSTRUCTION LLC,,2026-09-21,A,C,PRIVATE PROPERTY,6004 PRINCESS GARDEN PARKWAY,LANHAM,MD,20706,2403728889,JNPARLL@AOL.COM,1,2,,
9611461,"WESTERN OVERNIGHT NEW JERSEY 1, LLC",,2026-09-21,A,C,,16 CORPORATE WOODS BLVD SUITE 1,ALBANY,NY,12211,8885014641,william.temple@unishippers.com,0,,,
9606650,TRIPLE A TRANS INC,,2026-09-21,A,A,AUTHORIZED FOR HIRE,3 TIMOTHY DR,NEWTOWN,PA,18940,7187750505,AZIZ@TRIPLEADISPATCH.COM,1,1,,
9570476,ACK ESTATES LLC,,2026-09-21,A,C,PRIVATE PROPERTY;AUTHORIZED FOR HIRE,8 THURSTONS WAY,NANTUCKET,MA,02554,5089011073,MAIL@ACKESTATES.COM,6,2,,
9563876,ROLLING PRIME TRANSPORT LLC,,2026-09-21,A,C,AUTHORIZED FOR HIRE,9905 THAXTON RD LOT B,AUSTIN,TX,78747,5127099368,lahemi97@icloud.com,2,1,,
9562740,LUIS C VERA,DE BEAR,2026-09-21,A,C,AUTHORIZED FOR HIRE,3901 COUNTY RD 317 LOT 22,CLEBURNE,TX,76031,6823992900,PURPLETOUNGE2019@GMAIL.COM,1,1,,
9555092,DIYA LOGISTICS LLC,,2026-09-21,A,A,AUTHORIZED FOR HIRE,205 BENTON DR APT 6101,ALLEN,TX,75013,4698158161,diyalogisticsllc@gmail.com,1,1,,
9552570,M&K OILFIELD SOLUTIONS LLC,,2026-09-21,A,A,AUTHORIZED FOR HIRE,14707 EAST COUNTY ROAD 139,STANTON,TX,79782,4328955669,G3051768@GMAIL.COM,2,1,,
9550761,BUCK ISLAND GROUP LLC,,2026-09-21,A,C,PRIVATE PROPERTY;AUTHORIZED FOR HIRE,300 BUCK ISLAND RD,BLUFFTON,SC,29910,9124307850,BUCKISLANDGROUP@GMAIL.COM,3,2,,
9540307,KHB HOLDINGS LLC,MARTINSON LOT MAINTENANCE,2026-09-21,A,C,PRIVATE PROPERTY,2304 29TH ST S,MOORHEAD,MN,56560,2182611988,ALAYNA@RBFCONTRACTING.COM,1,1,,
9531173,ANTHONY BARTON EXPRESS,,2026-09-21,A,A,AUTHORIZED FOR HIRE,7901 4TH ST N #15941,ST PETERSBURG,FL,33702,5674421944,tbarton922@gmail.com,3,4,,
9530021,CROSSWAY TRUCKING LLC,,2026-09-21,A,A,AUTHORIZED FOR HIRE,37 MYRON AVE,INDIANAPOLIS,IN,46241,4069698957,info@crosswaytruckingllc.com,1,1,,
9521932,NELSON OMAR CUBIAS COREAS,CUBIAS DE HALCON COMPANY,2026-09-21,A,A,AUTHORIZED FOR HIRE,9 ROOSEVELT ST APT 1,NEW BEDFORD,MA,02744,5085763491,CUBIASMULTISERVICES@GMAIL.COM,1,1,,
9515947,GENOVER AVIATION LLC,,2026-09-21,A,A,PRIVATE PROPERTY,69 BOERNE STAGE AIRFIELD,BOERNE,TX,78006,9032716690,mrobison@gtdinfrastructure.com,10,8,,
9515041,LVY LOGISTIC LLC,,2026-09-21,A,C,AUTHORIZED FOR HIRE,2917 CATALINA DR,ODESSA,TX,79764,7868700164,LVYLOGISTICLLC@GMAIL.COM,1,1,,
9513332,NA,JORGE LUIS SANTOS MARADIAGA,2026-09-21,A,A,PRIVATE PROPERTY,168 EDWARS DR,MOUNT AIRY,NC,27030,3367554882,ZEPEDATELMIS55@GMAIL.COM,2,1,,2026-09-21
9503775,EMMI DESSERTS USA LLC,,2026-09-21,A,A,PRIVATE PROPERTY,200 SUMNER AVE STE C FL,KENILWORTH,NJ,07033-1337,9089863114,SUSANA.MERCEDES@EMMIDESSERTS.COM,5,6,,
9499581,HAMILTON METAL ROOFING LLC,,2026-09-21,A,A,PRIVATE PROPERTY,291 COUNTY HIGHWAY 25,HAMILTON,AL,35570,2059217100,HAMILTONMETAL@YAHOO.COM,4,16,,
9481695,ULISES SERVICES CORP,,2026-09-21,A,A,PRIVATE PROPERTY;AUTHORIZED FOR HIRE,37 ARPAD ST,HICKSVILLE,NY,11801,5162059562,ulisesservices15@gmail.com,1,4,,2026-09-22
9473123,"IRON OAK TRANSPORTATION, LLC",,2026-09-21,A,C,AUTHORIZED FOR HIRE,660 BAUMANN RD,CASTROVILLE,CA,95012,8318092121,IOAKTRANSPORT@OUTLOOK.COM,4,4,,
9466581,RZ LOGISTICS LLC,,2026-09-21,A,A,AUTHORIZED FOR HIRE,13208 N CALLE ALTO ST,HOBBS,NM,88242,5755204617,rzlogistics92@gmail.com,1,1,,
9458277,B STEVENS SERVICE LLC,,2026-09-21,A,A,PRIVATE PROPERTY,10471 NORTH STREET,CYNTHIANA,IN,47612,8126222039,bstevens410@gmail.com,10,10,,
9457876,GROOVIN & MOVIN LLC,,2026-09-21,A,A,AUTHORIZED FOR HIRE,5265 ROCKROSE LN BLDG K28,ALLENTOWN,PA,18104,3479397693,MOVIN_SERVICES428@YAHOO.COM,1,1,,
9452524,JMI TRUCKS CORP,,2026-09-21,A,A,AUTHORIZED FOR HIRE,61 E 62ND ST,HIALEAH,FL,33013,5616909394,JMITRUCKS@HOTMAIL.COM,1,2,,
9452110,ZURC KING LLC,,2026-09-21,A,A,AUTHORIZED FOR HIRE,13014 ELAINE ROAD,HOUSTON,TX,77047,8327048811,SILVER@ZURCKING.COM,1,1,,
9451782,ONE FOOT FORWARD L.L.C.,,2026-09-21,A,C,AUTHORIZED FOR HIRE,45 PRETORIA DR APT C,ELLISVILLE,MO,63021,3142712609,off@onefootforwardlogistics.com,1,2,,
9447163,ASHFORD LLC,ROGUE GRAPHICS,2026-09-21,A,A,PRIVATE PROPERTY,100 S BENCHMARK WAY SUITE 140,MERIDIAN,ID,83642,2089174947,CONTACT@ROGUEGRAPHICS.COM,1,1,,
9442550,"WESTERN OVERNIGHT RHODE ISLAND 1, LLC",UNISHIPPERS 1850,2026-09-21,A,C,,16 CORPORATE WOODS BLVD SUITE 1,ALBANY,NY,12211,8885014641,william.temple@unishippers.com,0,,,
9389726,PILOT RUNNER HAULING LLC,,2026-09-21,A,C,AUTHORIZED FOR HIRE,655 THOMPSON RANCH RD,WIMBERLEY,TX,78676-6297,2102608270,jason@pilotrunner.com,1,1,,
9388781,TRUCKING LOPEZ AVILA LLC,,2026-09-21,A,C,AUTHORIZED FOR HIRE,"2802 W FOOTHILL DR, TRLR #23,",PHOENIX,AZ,85027,4809743299,karenavilabernal@icloud.com,1,1,,
9372663,UNITED TRANSPORT XPERTS LLC,,2026-09-21,A,C,,4000 ACE LN 468,LEWISVILLE,TX,75067,4694300068,miguel@utx247.com,0,,,
9370879,REAL STATE TRUCKING 321 LLC,REAL STATE TRUCKING 321,2026-09-21,A,C,,REAL STATE TRUCKING 321 LLC,EL PASO,TX,79924,9157315005,josue.rivas@realstatetrucking.com,0,,,
9354918,NANCY TURNER,,2026-09-21,A,A,PRIVATE PROPERTY,205 CASA BLANCA AVE,TAMPA,FL,33606,8136246486,nancyturner1@verizon.net,2,2,,
9351618,HEROES GLOBAL HOLDINGS INC,,2026-09-21,A,C,AUTHORIZED FOR HIRE,409 E. MORGAN AVE.,CUERO,TX,77954,5125855634,JT@HEROESLOADING.COM,1,2,,
9347299,GT PRO GROUP LLC,,2026-09-21,A,A,AUTHORIZED FOR HIRE,15-47 CHANDLER DR,FAIR LAWN,NJ,07410,9293636558,G.CHIKHLADZE@OUTLOOK.COM,1,4,,
9333745,KER FUEL LLC,,2026-09-21,A,C,AUTHORIZED FOR HIRE,248 CARLISLE DR,MIAMI SPRINGS,FL,33166,7867256508,KERFUEL0@GMAIL.COM,2,1,,
9326591,CIELO VISTA LOGISTICS LLC,,2026-09-21,A,C,AUTHORIZED FOR HIRE,409 NORTH SWENSON ST,FALLS CITY,TX,78113,9545470391,castroagustavo@yahoo.com,3,1,,
9314421,SAFF LLC,,2026-09-21,A,A,AUTHORIZED FOR HIRE,4457 MANZANITA AVE APT 20,CARMICHAEL,CA,95608,6153306666,niyazovfarrukh1988@gmail.com,1,1,,
9311574,AVATAR ROADLINES LLC,,2026-09-21,A,A,AUTHORIZED FOR HIRE,3528 THORNGATE DR,MASON,OH,45040,2832104725,dispatch@avatarroadlines.com,4,3,,
9272225,ROUTES & RACKS HAULING CO,,2026-09-21,A,A,AUTHORIZED FOR HIRE,520 TRIPOD WAY,PITTSBURGH,PA,15206,4126072916,rrhauling412@gmail.com,1,1,,
9265696,COG TRANSPORT LLC,,2026-09-21,A,A,AUTHORIZED FOR HIRE,1 CAMBRIDGE CT,PHENIX CITY,AL,36870,8287056405,HTW2018@YAHOO.COM,1,1,,
9263169,ALBINO ALBINO BARRALES,,2026-09-21,A,C,PRIVATE PROPERTY,3841 IDAHO ST,BALDWIN PARK,CA,91706,6264166724,albinobarrales12578@icloud.com,2,2,,
9261168,CHARLAMAGNE,,2026-09-21,A,A,AUTHORIZED FOR HIRE,14020 NORTH BLACK CANYON HIGHWAY 1063,PHOENIX,AZ,85053,3174696615,requettieworks@gmail.com,1,1,,
9252305,"GHYSLAIN CHOCOLATIER, INC",,2026-09-21,A,A,PRIVATE PROPERTY,350 W DEERFIELD RD,UNION CITY,IN,47390,7659647905,ACCOUNTSPAYABLE@GHYSLAIN.COM,5,12,,
9222559,OR SAM LOGISTICS LLC,,2026-09-21,A,A,AUTHORIZED FOR HIRE,232 S 5TH STE 2,ELIZABETH,NJ,07206,9787356624,OSCARRUEDA02@GMAIL.COM,1,1,,
9212578,R.A.N TRANSPORT XPRESS LLC,,2026-09-21,A,A,AUTHORIZED FOR HIRE,3312 N 4TH ST #A,PHILADELPHIA,PA,19140,9733801536,RAMEXPRESS2026@GMAIL.COM,1,4,,2026-09-21
9207958,MOVING MILES LOGISTICS LLC,,2026-09-21,A,C,AUTHORIZED FOR HIRE,1369 CANTERBURY LN,JACKSON,MS,39212,7692084973,MOVINGMILESLOGISTICSLLC@GMAIL.COM,1,8,,
9185308,RAVEN TRANSPORTATION AND LOGISTICS LLC,,2026-09-21,A,C,AUTHORIZED FOR HIRE,7743 SUNSHINE BRIDGE AVE,GIBSONTON,FL,33534,8135351051,amachadoperez277@gmail.com,1,1,,
9153853,BAC LANDSCAPING INC,,2026-09-21,A,A,PRIVATE PROPERTY;AUTHORIZED FOR HIRE,3002 NAAMAS CREEK RD APT A,UPPER CHICHESTER,PA,19061,6108001492,BACLANDSCAPING@GMAIL.COM,4,6,,
9152761,KK FLOAT SERVICES INC,,2026-09-21,A,A,AUTHORIZED FOR HIRE,186 NELSON STREET W,ALLISTON,ON,L6R 1H4,6476208602,KD@KKFLOTSERVICES.COM,1,1,,
9139626,WALDEN & HILL LLC,,2026-09-21,A,A,AUTHORIZED FOR HIRE,141 RAY STREET,JENKINTOWN,PA,19046,2676234805,RALPHHILL45@GMAIL.COM,1,1,,2026-09-21
9117112,IM-RAN,,2026-09-21,A,C,AUTHORIZED FOR HIRE,"2 TIMBERWOOD DR, UNIT 205",GOFFSTOWN,NH,03045,6037851776,IMRANLLC0906@GMAIL.COM,2,4,,
9113542,O&O TRUCKING LLC,,2026-09-21,A,A,PRIVATE PROPERTY;AUTHORIZED FOR HIRE,1703 MAYFLOWER DR,IRVING,TX,75061,2147321142,oo.truckingllcdallas@gmail.com,1,4,,
9112661,BRING IT 2U COURIER LLC,,2026-09-21,A,A,AUTHORIZED FOR HIRE,13800 ARCTURUS AVE,GARDENA,CA,90249,3109463718,BRINGIT2UCOURIER@GMAIL.COM,2,5,,
9108376,NEXGEN MULTIMODAL SOLUTIONS LLC,,2026-09-21,A,C,,100 ENTERPRISE DRIVE SUITE 601,ROCKAWAY,NJ,07866,9122578084,cfrancis@nexgenmms.com,0,,,
9103461,GRAND ARROW LLC,,2026-09-21,A,C,PRIVATE PROPERTY;AUTHORIZED FOR HIRE,4051 NW 6TH ST,GAINESVILLE,FL,32609,3527090831,KIRKSTEVEN2020@GMAIL.COM,3,4,,
9093807,"NITRAM EXCAVATION & GENERAL CONTRACTOR, INC.",,2026-09-21,I,C,PRIVATE PROPERTY,330 NECK ROAD,BENTON,ME,04901,2074532362,amy@nitramexc.com,26,20,,
9082188,ADDYL LLC,ADD1 TRUCKING,2026-09-21,A,A,AUTHORIZED FOR HIRE,14151 TERRITORIAL ROAD #311,MAPLE GROVE,MN,55369,2173435420,addyl.llc@gmail.com,1,4,,
9059552,CAMBEN HAULING & TRANSPORT LLC,,2026-09-21,A,A,AUTHORIZED FOR HIRE,350 RED TOP RD,POOLVILLE,TX,76487,8106502932,bryan@cambentransport.com,1,1,,
9058785,PLATINUM HARDSCAPES & IRRIGATION,,2026-09-21,A,A,PRIVATE PROPERTY,9404 LANAE LN,MANASSAS PARK,VA,20111,5715358975,PLATINUMHARDSCAPES@ICLOUD.COM,1,2,,
9037788,LEGACY ELECTRICAL COMPANY LLC,,2026-09-21,A,C,PRIVATE PROPERTY,45831 SE MT SI RD,NORTH BEND,WA,98045,2068907386,DONNYH@LEGACYELECTRICCO.COM,6,3,,
9033951,MATHEIS CHARLEVERIN TRANSPORT LLC,,2026-09-21,A,A,AUTHORIZED FOR HIRE,151 MIDLAND PL APT 1,NEWARK,NJ,07106-3310,9733174389,MATHEISCHARLEVERIN89@YAHOO.COM,1,1,,
9031882,FDA TRUCKING INC,,2026-09-21,A,A,AUTHORIZED FOR HIRE,246 E ADELE CT,VILLA PARK,IL,60181,2246459438,fdatrucking@dociconstruction.com,1,1,,
9024659,KEYSTONE PRIME LOGISTICS INC,,2026-09-21,A,A,AUTHORIZED FOR HIRE,1619 BRIDLE PATH APT 168,STOCKTON,CA,95210,6616250063,keystoneprimelogistics@gmail.com,2,1,,
9021580,NLH TOWING LLC,,2026-09-21,A,A,AUTHORIZED FOR HIRE,1995 SOUTH SCHUYLER AVENUE,KANKAKEE,IL,60901,8152953873,NATEHK3@GMAIL.COM,1,1,,
9007188,ALMONTE LOGISTICS LLC,,2026-09-21,A,A,AUTHORIZED FOR HIRE,6508 N 5TH ST,PHILADELPHIA,PA,19126,2674037661,JOSEALMONTE02@GMAIL.COM,1,1,,
9007019,TRANQUIL TRANSPORT LTD.,,2026-09-21,A,A,AUTHORIZED FOR HIRE,110/9763 140 ST.,SURREY,BC,V3T 4M4,7782055550,DISPATCH@TRANQUILTRANSPORT.CA,2,2,,
9005962,"KD PROPERTY SOLUTIONS, LLC",,2026-09-21,A,C,PRIVATE PROPERTY,2807 SATURN RD,BROOKSVILLE,FL,34604-7067,8138152028,madavis1984@aol.com,2,1,,
8992432,LIONMCV FREIGHT INC,,2026-09-21,A,A,AUTHORIZED FOR HIRE,657 SW AVE C APT 2,BELLE GLADE,FL,33430,5617632795,LIONMCV46@GMAIL.COM,1,1,,
8986345,AJ & J INVESTMENT GROUP LLC,JAYS LAWN SERVICE & LANDSCAPE,2026-09-21,A,A,AUTHORIZED FOR HIRE,2676 NC 108 HWY E,COLUMBUS,NC,28722-7723,8288947078,ACCOUNTING@JAYSLAWNSERVICE.COM,2,4,,
8979124,K'S LINE,,2026-09-21,A,A,AUTHORIZED FOR HIRE,6014 FOGGY BOTTOM CIRCLE,CHARLOTTE,NC,28262,7047638525,KSLINETRANSPORTATION@GMAIL.COM,2,4,,
8956736,KETTY TRANSPORTS CORP,,2026-09-21,A,A,AUTHORIZED FOR HIRE,192 HICKORY COURSE LOOP,MIAMI,FL,33184,5402462646,RAINERRACHI23@GMAIL.COM,1,1,,
8944011,M24 LOGISTICS INC,,2026-09-21,A,A,AUTHORIZED FOR HIRE,217 LINCOLN HIGHLANDS DRIVE,CORAOPOLIS,PA,15108,4123146818,MLOGISTICSINC7@GMAIL.COM,1,1,,
8934664,APACHE UNDERGROUND LLC,,2026-09-21,A,A,PRIVATE PROPERTY,11012 E 92ND ST,KANSAS CITY,MO,64138,9132279359,APACHEUG@YAHOO.COM,1,2,,
8923352,SOUTHERN BUILDER GROUP LLC,,2026-09-21,A,A,PRIVATE PROPERTY,4360 N. INDUSTRAIL DRIVE SUITE 900,CUMMING,GA,30041,7703106195,ABRAHAM@SOUTHERNBUILDERGROUP.COM,3,8,,
8886036,MAB 3 LLC,ALL ROADS TRANSPORT,2026-09-21,A,A,AUTHORIZED FOR HIRE,277 BLOOMINGTON AVE UNIT 205,RIALTO,CA,92376,9095619678,MAB.ALLROADSTRANSPORT@GMAIL.COM,1,1,,2026-09-23
8881992,DC HAULING LLC,,2026-09-21,A,A,AUTHORIZED FOR HIRE,3500 ORBIT CT,LOUISVILLE,KY,40229,5029360868,CASTRO20222425@GMAIL.COM,1,1,,
8868166,JMT STAR TRANSPORT LLC,,2026-09-21,A,A,PRIVATE PROPERTY;AUTHORIZED FOR HIRE,2648 WINDSWEPT LN,MESQUITE,TX,75181,5614101998,JMTSTARTTRANSPORT@GMAIL.COM,12,8,,
8866253,D.R. GOLD INC,,2026-09-21,A,A,AUTHORIZED FOR HIRE,219 UTEG ST APT #A,CRYSTAL LAKE,IL,60014,8153538774,DRDLOGISTIC123@GMAIL.COM,1,1,,
8863774,GLADIADOR COMMERCIAL SERVICES LLC.,,2026-09-21,A,C,AUTHORIZED FOR HIRE,146 H STREET 146 H STREET,SAN ANTONIO,TX,78210,7262102067,richardjgc2020@gmail.com,1,4,,2026-09-25
8857120,ORP LOGISTICS CARGO SOLUTIONS LLC,,2026-09-21,A,A,AUTHORIZED FOR HIRE,1712 6TH AVE SUITE 100,TACOMA,WA,98405,3605046938,ORPLOGISTICS@24CARGOSOLUTIONS.COM,2,4,,
8846949,CIELO TRANSPORTS LLC,,2026-09-21,A,A,AUTHORIZED FOR HIRE,1104 S TURNEY AVE,SANGER,CA,93657,5592314976,CIELOTRANSPORTCA@GMAIL.COM,1,4,,
8841562,ANGEL ALBERTO MERCADO VILLAMAN,,2026-09-21,A,A,AUTHORIZED FOR HIRE,7014 CORMIER ROAD,MAURICE,LA,70555,9784174534,aamvpop02@gmail.com,1,1,,
8835692,POWER MOUNT CONCRETE SERVICES LLC,,2026-09-21,A,C,PRIVATE PROPERTY,7898 N LINDA CIRCLE,DENVER,CO,80221,7203336025,POWERMOUNTCONCRETE@GMAIL.COM,1,1,,
8832772,GENTLE TOUCH SCREENING SOLUTIONS LLC,,2026-09-21,A,C,AUTHORIZED FOR HIRE,4646 POPLAR AVE STE 100,MEMPHIS,TN,38117,9012300564,sondra.stevens@yahoo.com,2,4,,
8826780,"LAUNCHPAD ACADEMY COLORADO, LLC",160 DRIVING ACADEMY,2026-09-21,A,A,PRIVATE PROPERTY,5990 W TOUHY AVE,NILES,IL,60714,6305811995,LPCOMPLIANCECO@160DRIVINGACADEMY.COM,7,3,,
8811966,"LAUNCHPAD ACADEMY KY, LLC",160 DRIVING ACADEMY,2026-09-21,A,C,PRIVATE PROPERTY,5990 W TOUHY AVE,NILES,IL,60714,6305811995,LPCOMPLIANCE@160DRIVINGACADEMY.COM,10,6,,
8808425,LFG LOGISTICS LLC,,2026-09-21,A,A,AUTHORIZED FOR HIRE,4215 BARKSDALE CT,DALLAS,TX,75211-3270,4692783835,jovannav2020@gmail.com,2,4,,
8796367,PATIALA FREIGHTLINES INC,,2026-09-21,A,A,AUTHORIZED FOR HIRE,18215 FOOTHILL BLVD APT 87,FONTANA,CA,92335,9094097942,SINGHSRA7942@GMAIL.COM,1,1,,
8789199,TRI BROS TRANS INC,,2026-09-21,A,A,AUTHORIZED FOR HIRE,6367 EAST DAYTON AVE,FRESNO,CA,93727,5598140124,TRITEAM24@YAHOO.COM,1,1,,
8789136,BBM ENTEERPRISE LLC,,2026-09-21,A,A,AUTHORIZED FOR HIRE,5290 HALCYON DR,ATLANTA,GA,30349-1503,4705477377,BBMENTERPRISELLC@GMAIL.COM,1,1,,
8787239,AV TRUCK REPAIR LLC,,2026-09-21,A,C,PRIVATE PROPERTY,42422 8TH ST. E. STE 103,LANCASTER,CA,93535,6617330784,avtruckrepair@gmail.com,1,2,,
8786263,MARVLS TRUCKING LLC,,2026-09-21,A,A,AUTHORIZED FOR HIRE,360 HUGUENOT ST APT 1602,NEW ROCHELLE,NY,10801,9296026682,JHONATHAN.MEDRANO0525@GMAIL.COM,1,1,,
8785822,JSK TRANSPORTATION LLC,,2026-09-21,A,A,AUTHORIZED FOR HIRE,208 NE MANDY AVE,ELKHART,IA,50073,6363846474,jsktransportationllc.ia@gmail.com,1,1,,
8780628,BARNYARD TRANSPORTATION,,2026-09-21,A,C,"PRIVATE PASSENGER, BUSINESS;PRIVATE PASSENGER, NON-BUSINESS;AUTHORIZED FOR HIRE",255 133RD AVE,WAYLAND,MI,49348,2695124625,barnyardtransportation@gmail.com,2,1,,
8768317,CJ PRIME TRUCKING LLC,,2026-09-21,A,A,AUTHORIZED FOR HIRE,217 SOUTH 200 EAST,NEPHI,UT,84648,3854307427,cjprimetruckingllc@gmail.com,1,1,,2026-09-22
8763584,WOODSIDE LOGISTICS LLC,,2026-09-21,A,A,AUTHORIZED FOR HIRE;EXEMPT FOR HIRE,173 KATERS LANE,HAMPSTEAD,NC,28443,9102330705,browndewayne1562@gmail.com,3,4,,
8761207,"GREEN'S GRADING AND CONTRACTING, LLC",,2026-09-21,A,C,PRIVATE PROPERTY;AUTHORIZED FOR HIRE,505 FORGE MILL RD,MORGANTON,GA,30560-3230,7064550508,GREENSGRADINGLLC@GMAIL.COM,2,2,,
8754726,OPEN DECK LLC,,2026-09-21,A,A,AUTHORIZED FOR HIRE,3002 W DURANGO ST,PHOENIX,AZ,85009,9163355357,opendeckllc12@gmail.com,1,1,,
8749805,BILLYS AUTO SALES / DIAMOND TOWING LLC,,2026-09-21,A,C,AUTHORIZED FOR HIRE,3738 NAPIER AVE,MACON,GA,31204,4787570740,whittingtonbilly@bas.mgacoxmail.com,2,3,,
8715920,EBA EXPRESS LLC,,2026-09-21,A,A,AUTHORIZED FOR HIRE,9213 ST MARTIN RD,FORT WORTH,TX,76123,8035295029,MUNYANGANDU@YAHOO.COM,1,1,,
8707542,BROSKEY BOY'S EARTHWORKS INC.,,2026-09-21,A,C,PRIVATE PROPERTY;AUTHORIZED FOR HIRE,3856 NW 233RD ST,LAWTEY,FL,32058-2936,9049036913,broskeyboysearthworks@gmail.com,1,1,,
8689453,ADMAS LOGISTICS,,2026-09-21,A,A,AUTHORIZED FOR HIRE,2313 72ND AVE,GREELEY,CO,80634,9707320782,ADMASLOGISTICSLLC@GMAIL.COM,2,1,,
8681154,3J'S LLC,,2026-09-21,A,C,AUTHORIZED FOR HIRE,486 WHALEYS LAKE DR,JONESBORO,GA,30238-4852,4049349502,jshropshire814@gmail.com,1,1,,
8671220,AMILLIANAS DREAMXS LLC,,2026-09-21,A,A,AUTHORIZED FOR HIRE,408 ALBERT STREET,TURTLE CREEK,PA,15145,4122853238,ceo@amillianasdreamxsllc.com,1,1,,
8668175,GREEN VALLEY SOD LLC,,2026-09-21,A,C,PRIVATE PROPERTY;AUTHORIZED FOR HIRE,408 E FREDERICK AVE,DUNDEE,FL,33838,8632360012,rricomendez@gmail.com,2,1,,
8644595,JUAN J. RODRIGUEZ,MOBILE 122 LLC,2026-09-21,A,C,PRIVATE PROPERTY,10472 PENROSE STREET,SUN VALLEY,CA,91352,3233511332,mobile122dot@gmail.com,1,5,,
8641881,MCNY LIVE SOUNDS LLC,,2026-09-21,A,C,PRIVATE PROPERTY,6115 43RD AVE APT 7A,WOODSIDE,NY,11377-4926,9299232843,mcny1975@gmail.com,2,1,,
8635359,ROYAL CABINETS INC.,ROYAL CABINETS & COUNTERTOPS,2026-09-21,A,C,PRIVATE PROPERTY,5410 96TH ST E,PUYALLUP,WA,98371,2535366879,julian@royalcabinetsinc.com,3,10,,
8631169,BOSS TRANS INC,,2026-09-21,A,A,AUTHORIZED FOR HIRE,"1 OAKWOOD DRIVE, SUITE 1 OFFICE 223",SCRANTON,PA,18504,7179944070,bosstransinc77@gmail.com,1,1,,
8617676,DIAMOND FLEET LOGISTICS LLC,,2026-09-21,A,C,PRIVATE PROPERTY;AUTHORIZED FOR HIRE,18 GUM AVE,MCRAE,GA,31055-3635,2292122280,mcmillianfannie5@gmail.com,1,2,,
8615458,SKYLINE ENTERPRISES LLC,,2026-09-21,A,C,PRIVATE PROPERTY;AUTHORIZED FOR HIRE,2866 HIGH BROOK WAY SE,CONYERS,GA,30094,8137890047,SKYLINEELLC@GMAIL.COM,6,3,,
8602077,JHET FUEL LLC,,2026-09-21,A,A,PRIVATE PROPERTY;AUTHORIZED FOR HIRE,982 SMITH STREET C3,CLARKSTON,GA,30021,4704435338,jhetfuelllc@gmail.com,1,4,,
8600074,OSCAR & SONS LLC,,2026-09-21,A,C,AUTHORIZED FOR HIRE,2516 LOMA LINDA DR,BAKERSFIELD,CA,93305,6614402631,eligicela271802@gmail.com,1,1,,
8599034,BACKDRAFT DIRECT LLC,,2026-09-21,A,C,PRIVATE PROPERTY;AUTHORIZED FOR HIRE,480 19TH STREET,EAST MOLINE,IL,61244,3092350320,MRPIRMANN01@GMAIL.COM,1,4,,
8587330,MARCOS SAUL JURADO RAMIREZ,JR TRANSPORT,2026-09-21,A,C,PRIVATE PROPERTY;AUTHORIZED FOR HIRE,106 FIR STREET,HEREFORD,TX,79045,8063447292,gato49141@gmail.com,1,1,,
8584788,PRECISION SEPTIC & EXCAVATING LLC.,,2026-09-21,A,A,PRIVATE PROPERTY,61775 COUNTY ROAD 1,ELKHART,IN,46517,5745961233,INFO@PRECISIONSEPTICS.COM,2,2,,
8561392,"ASAP FREIGHT, LLC",,2026-09-21,A,A,PRIVATE PROPERTY;AUTHORIZED FOR HIRE,281 HENRY STREET,MANCHESTER,CT,06042,9594447741,ASAPFREIGHTLLC@ICLOUD.COM,2,4,,
8518932,CAPITAL EXPRESS TRANSPORTATION LLC,,2026-09-21,A,A,AUTHORIZED FOR HIRE,8704 QUINN STREET,GLEN ALLEN,VA,23060,8044202435,CXTRANSPORTATION@GMAIL.COM,1,1,,
8493751,K&M AMERICAN DREAM RENTALS LLC,,2026-09-21,A,C,AUTHORIZED FOR HIRE,2632 GASPIRILLA CIRCLE,KISSIMMEE,FL,34746,7866788522,katherine9050@icloud.com,0,4,,
8489822,SMASHING PRODUCTIONS LLC,,2026-09-21,A,A,PRIVATE PROPERTY,3960 WILSHIRE BLVD,LOS ANGELES,CA,90010,4437165078,foliagedotgov@gmail.com,9,10,,
8489296,"ABRAMS CONSTRUCTION OF ONONDAGA, INC.",,2026-09-21,A,C,PRIVATE PROPERTY,4060 WEBSTER ROAD,NEDROW,NY,13120,3157065711,marshall@abramsconstruction.co,2,4,,
8482236,VOLTVISION SOLUTIONS LLC,,2026-09-21,A,C,AUTHORIZED FOR HIRE,4031 LA RICA AVE APT K APT K,BALDWIN PARK,CA,91706,6266620818,VOLTVISIONSOLUTIONSLLC@GMAIL.COM,1,1,,
8480645,JONATHAN MICHAEL STEAD,,2026-09-21,A,A,PRIVATE PROPERTY,5957 SHELBY CT,SYKESVILLE,MD,21784-7098,4438001684,jonstead20724@gmail.com,1,1,,
8480274,DGG DYNAMIC LOGISTICS LLC,,2026-09-21,A,C,AUTHORIZED FOR HIRE,9848 SW 154TH CT,MIAMI,FL,33196-3893,3052829633,FREDALTAM@HOTMAIL.COM,4,3,,
8473027,A2JEEP PERFORMANCE LLC,,2026-09-21,A,A,AUTHORIZED FOR HIRE,735 COOK ROAD,LUCASVILLE,OH,45648,6064657346,A2JEEPPERFORMANCE@GMAIL.COM,5,8,,
8461831,NEXHAUL TRANS INC,,2026-09-21,A,A,AUTHORIZED FOR HIRE,1795 S AIRPORT WAY,STOCKTON,CA,95206,2093280310,dispatch@nexhaultransinc.com,1,1,,2026-09-23
8456701,E&G PLANT MAINTENANCE CORP.,,2026-09-21,A,C,PRIVATE PROPERTY,298 ELTON ST,RIVERHEAD,NY,11901-4705,6314949475,EDWINPHC1994@GMAIL.COM,1,1,,
8450080,TRANSIENT COMMERCE GLOBAL LLC,,2026-09-21,A,A,AUTHORIZED FOR HIRE,7012 BAYBERRY LN,DALLAS,TX,75249,4695636430,transientcommerceglobal@gmail.com,2,2,,
8449249,ALS ROLLBACK SERVICES LLC,,2026-09-21,A,C,AUTHORIZED FOR HIRE,39 CARROLL RD,HAMDEN,CT,06517,2035000648,alsrollback@gmail.com,1,1,,
8442591,PRIME ROUTE LOGISTICS LLC,,2026-09-21,A,A,AUTHORIZED FOR HIRE,621 WEST THOMAS AVE,JONESBORO,AR,72401,8704938812,INFO@NEA-PRLOGISTICS.ORG,1,1,,2026-09-22
8425504,PAULINO LOGISTICS AND TRANSPORTATION LLC,,2026-09-21,A,A,AUTHORIZED FOR HIRE,4576 DURHAM RD,RIEGELSVILLE,PA,18077,2676903994,paulinologistics@gmail.com,2,1,,
8423406,JOHN H SCHULCZ,,2026-09-21,A,A,PRIVATE PROPERTY,550 MORGAN CREEK RD,CORINTH,KY,41010,8593389061,j5schl@aol.com,4,4,,
8397849,DAYLON MATHIS RILEY,,2026-09-21,A,C,PRIVATE PROPERTY;AUTHORIZED FOR HIRE,315 HORSESHOE BND,EDDY,TX,76524-2550,2549005453,daylonriley00@yahoo.com,2,1,,
8383307,BREEZY ELECTRIC LLC,,2026-09-21,A,C,PRIVATE PROPERTY;AUTHORIZED FOR HIRE,664 ULUMALU ST,KAILUA,HI,96734,8086940650,BREEZYELECTRIC@GMAIL.COM,1,4,,
8378368,GANT & BLACK LEGACY TRANSPORT LLC,,2026-09-21,A,C,AUTHORIZED FOR HIRE,14320 S POST OAK,HOUSTON,TX,77045,8322684635,contact@gblegacytransport.com,1,2,,
8375735,WALIGORA FARMS CORPORATION,,2026-09-21,A,A,PRIVATE PROPERTY,210 BROCKLEBANK RD,QUINCY,MI,49082,5176398039,FARMS@OUTLOOK.COM,4,6,,
8375105,TRANSPORTATION TV LLC,,2026-09-21,A,A,AUTHORIZED FOR HIRE,31 FRANK STREET 2ND FLOOR,NEW HAVEN,CT,06519,4753657590,luismiguel07112020@gmail.com,1,1,,
8369856,AMERIFOAM INSULATORS,,2026-09-21,A,A,PRIVATE PROPERTY,254 GOODHART RD,SHIPPENSBURG,PA,17257-9692,7176586396,AFINSULATORS@GMAIL.COM,4,12,,
8369217,CRUSH CRETE INC.,,2026-09-21,A,C,PRIVATE PROPERTY,101A BETHPAGE SWEET HOLLOW RD A,OLD BETHPAGE,NY,11804,5169461168,crushcrete1@gmail.com,2,1,,
8339993,MONTANO TRANSPORT LLC,,2026-09-21,A,A,AUTHORIZED FOR HIRE,3041 NORTH WATER STREET,PHILADELPHIA,PA,19134,3863537745,montanotransport86@gmail.com,1,3,,
8330708,SULTAN TRUCKING LLC,,2026-09-21,A,A,AUTHORIZED FOR HIRE,308 PLUS PARK BLVD APT R8,NASHVILLE,TN,37217,6154824504,SULTANTRUCKINGLLC100@GMAIL.COM,1,1,,
8325512,MERIDIAN VAN LINES LLC,,2026-09-21,A,A,AUTHORIZED FOR HIRE,1600 W EAU GALLIE BLVD SUITE 201 J,MELBOURNE,FL,32935,7865280886,meridianvanlinesus@gmail.com,3,4,,
8279835,RIGLINE ENTERPRISES LLC,,2026-09-21,A,A,PRIVATE PROPERTY;AUTHORIZED FOR HIRE,212 LEATHERSMITH RD,ODESSA,TX,79765,7863016649,sandwork77@gmail.com,2,4,,2026-09-25
8259962,PRIMEWAY FREIGHT LLC,,2026-09-21,A,A,AUTHORIZED FOR HIRE,1913 COLUMBIA AVE,PITTSBURGH,PA,15218,4122603098,PRIMEWAYFREIGHTLLC@GMAIL.COM,2,1,,
8245662,EZM TRUCKING LLC,,2026-09-21,A,C,AUTHORIZED FOR HIRE,6308 HIL MAR DR UNIT 14,DISTRICT HEIGHTS,MD,20747,5714788487,mosqueraerick115@gmail.com,2,4,,
8238429,M & N DELIVERY LLC,,2026-09-21,A,A,AUTHORIZED FOR HIRE,925 W LATHROP RD APT 104,MANTECA,CA,95336,6509216491,MNDELIVERYLLC@GMAIL.COM,1,1,,
8228983,LBJ TRUCKING LLC,,2026-09-21,A,C,AUTHORIZED FOR HIRE,8596 COUNTY ROAD II,SPARTA,WI,54656,7152991510,LAUFENBERG@TRANSPORTUSA.NET,1,1,,
8214369,LONGHORN TRANSPORTATION SERVICES INC,,2026-09-21,A,C,AUTHORIZED FOR HIRE,2460 SAN MARCOS DR,FORNEY,TX,75126-3289,9452875986,longhorntransportation75@gmail.com,1,1,,
8206200,HIGUERA TRANSPORT LLC,,2026-09-21,A,C,AUTHORIZED FOR HIRE,13426 JASMINE AVE,PARLIER,CA,93648,5598987325,HIGUERATRANSPORTLLC@GMAIL.COM,1,1,,
8200984,GREAT PLAINS DRILLING INC,,2026-09-21,A,A,PRIVATE PROPERTY,13638 OAK STREET,KANSAS CITY,MO,64145,8169427484,S.YAGER@GREATPLAINSDRILLING.COM,14,32,,
8161920,"WESTERN OVERNIGHT NEW JERSEY 2, LLC",UNISHIPPERS 1849,2026-09-21,A,C,,16 CORPORATE WOODS BLVD SUITE 1,ALBANY,NY,12211,8885014641,william.temple@unishippers.com,0,,,
8153967,SOCAL FRESH LOGISTICS LLC,,2026-09-21,A,A,AUTHORIZED FOR HIRE,3874 VIA DEL BARDO,SAN YSIDRO,CA,92173,6195765681,SOCALFRESHLLC@GMAIL.COM,1,1,,
8145629,L & D LOGISTICS LLC,,2026-09-21,A,A,PRIVATE PROPERTY;AUTHORIZED FOR HIRE,2970 BATTLEMENT CIR.,LOGANVILLE,GA,30052-8266,4708972947,l.d.logistics@outlook.com,1,4,,
8141720,GWWN HOLDINGS LLC,GREYLYN WAYNE,2026-09-21,A,A,PRIVATE PROPERTY,439 SOUTHEAST GRAND AVENUE,PORTLAND,OR,97214-1118,5032353454,JOEYPATINO164@GMAIL.COM,4,6,,
8141558,SATO TRUCKING,,2026-09-21,A,A,AUTHORIZED FOR HIRE,60 EAGLES POINTE LOOP,MIDLAND,GA,31820,7624018161,SATOTRUCKING05@GMAIL.COM,1,4,,
8140793,C3 FREIGHT LLC,,2026-09-21,A,A,PRIVATE PROPERTY;AUTHORIZED FOR HIRE,10 HILLSIDE AVE,WOODBRIDGE,NJ,07095,8483339353,christianrizkc3@icloud.com,1,4,,
8140787,MO AMERICAN CARGO LLC,,2026-09-21,A,A,AUTHORIZED FOR HIRE,120 LEMON LIGHT LANE,PFLUGERVILLE,TX,78660,7377810576,MOSTAFA.ALDALAWY66@GMAIL.COM,1,1,,
8140120,WALL PANEL MARKET LLC,,2026-09-21,A,A,PRIVATE PROPERTY;AUTHORIZED FOR HIRE,3645 INDUSTRIAL AVE ROCKLIN CA 95765 3645 INDUSTRI,ROCKLIN,CA,95765-1237,5305757755,CLAYTONLMCNEELY@GMAIL.COM,4,8,,
8131318,RAM INDUSTRIAL LLC,,2026-09-21,A,A,PRIVATE PROPERTY,1835 MOULTON STREET WEST,DECATUR,AL,35601,8706124792,INVOICING@RAMINDUSTRIALLLC.COM,73,12,,
8126958,BRK TRUCKING LLC,,2026-09-21,A,C,AUTHORIZED FOR HIRE,100 E GRANT STREET LOT#6,DIMMITT,TX,79027,8063440646,BRAYORDOEZ1129@ICLOUD.COM,1,1,,
8084874,"CROWN FABRICATORS, LLC",,2026-09-21,A,A,PRIVATE PROPERTY;AUTHORIZED FOR HIRE,3850 PIONEER AVE,LAS VEGAS,NV,89102,7024456535,accounting@crownfabricators.com,5,4,,
8065355,IRBIS FREIGHT LLC,,2026-09-21,A,A,AUTHORIZED FOR HIRE,"1 W WINTER ST., STE 200",DELAWARE,OH,43015,5135800089,irbisfreight@gmail.com,1,1,,
8055669,"LOADSMART MOVING & DELIVERY, LLC",,2026-09-21,A,C,AUTHORIZED FOR HIRE,6917 KARI LN,RICHMOND,TX,77469,2679708048,ROSEFORD711@YAHOO.COM,1,1,,
8050100,TANCRA TRUCKING LLC,,2026-09-21,A,A,AUTHORIZED FOR HIRE,11310 S ORANGE BLOSSOM TRAIL SUITE 242,ORLANDO,FL,32837,3032102394,tancratrucking@gmail.com,2,4,,
8046010,FINDMYCONTAINER LLC,,2026-09-21,A,C,,858 WEST UPLAND AVENUE,SAN PEDRO,CA,90731,4242105427,support@findmycontainer.com,0,,,
8040909,LORENTE TRANSPORTATION LLC,,2026-09-21,A,A,AUTHORIZED FOR HIRE,19120 SW 96 AVE,CUTLER BAY,FL,33157,7866312255,yimi.perez001@gmail.com,2,1,,
8013527,HIGH PLAINS TRUCKING LLC,,2026-09-21,A,C,PRIVATE PROPERTY;AUTHORIZED FOR HIRE,42967 SAGER LN,PARKER,CO,80138,3039568663,matt.highplainstruckingllc@gmail.com,1,2,,
8011139,LOS FLACOS TRUCKING LLC,,2026-09-21,A,C,AUTHORIZED FOR HIRE,600 STAR ST,HEREFORD,TX,79045,8067595444,jntrucking16@outlook.com,1,1,,
7990482,PUT GOD FIRST LLC,,2026-09-21,A,A,AUTHORIZED FOR HIRE,1142 LOOP DR,HARRISBURG,PA,17112,7176780190,pgf2win@gmail.com,1,2,,
7988509,LAGRANGE SCRAP & SALVAGE LLC,,2026-09-21,A,C,PRIVATE PROPERTY,314 COOLEY RD,LAGRANGE,GA,30241,7068819081,CONTACT@LAGRANGE-SCRAP.COM,4,2,,
7986384,BILLION LOGISTICS INC.,,2026-09-21,A,A,AUTHORIZED FOR HIRE,2738 W GLADYS AVE APT 1,CHICAGO,IL,60612,3128820105,billionlogisticsinc@gmail.com,1,1,,
7984461,ROEBUCK TRUCKING,,2026-09-21,A,A,AUTHORIZED FOR HIRE;EXEMPT FOR HIRE,12975 SD HWY 1804,GLENHAM,SD,57631,6057623249,ROEBUCK@VALLEYTEL.NET,5,2,,
7980775,ROBINHOOD CARRIERS INC,,2026-09-21,A,A,AUTHORIZED FOR HIRE,2911 BOWENS LN,TRACY,CA,95377,3106199219,ROBINHOODCARRIERSINC@GMAIL.COM,1,1,,
7977984,CARLOS IVAN ZHUNGO ORDONEZ,,2026-09-21,A,C,PRIVATE PROPERTY,16 MCELNEA ST,EAST HAMPTON,NY,11937,6313772563,CARIZO1783@HOTMAIL.COM,1,1,,
7965385,GORGEOUS GEORGE MOBILE DOG GROOMING LLC,,2026-09-21,A,C,PRIVATE PROPERTY,3028 WOODSIDE AVENUE,PARKVILLE,MD,21234,4436862158,GORGEOUSGEORGEMOBILE@GMAIL.COM,1,1,,
7958304,HANDS THAT HELP LOGISTIC LLC,,2026-09-21,A,C,AUTHORIZED FOR HIRE,4228 MENOMONEE RIVER PKWY,WAUWATOSA,WI,53222,4146885887,TARSHAB@HANDSTHATHELPLOGISTICS.COM,2,2,,
7957875,CROWN HAUL LOGISTICS LLC,,2026-09-21,A,A,AUTHORIZED FOR HIRE,6730 DE MOSS DR APT 131,HOUSTON,TX,77074,8329092245,OPS.CROWNHAUL@GMAIL.COM,1,1,,
7946504,PRIME EARTHWORKS LLC,,2026-09-21,A,C,AUTHORIZED FOR HIRE,2631 PEARL ST,DETROIT,MI,48209,3136499011,PRIMEEARTHWORKSMI@GMAIL.COM,1,1,,
7935321,CR SEPTIC LLC,HAMMOND SEPTIC TANK,2026-09-21,A,C,PRIVATE PROPERTY,8229 MOUNTAIN GLEN DRIVE,CLERMONT,GA,30527,7705331377,HAMMONDSEPTICTANK90@GMAIL.COM,2,2,,
7929657,"BETHEL PENTECOSTAL HOLINESS CHURCH, INC",,2026-09-21,A,A,"PRIVATE PROPERTY;PRIVATE PASSENGER, BUSINESS;PRIVATE PASSENGER, NON-BUSINESS",7681 MAIN ST,BETHEL,NC,27812,2528251220,BETHELPHCHURCH@GMAIL.COM,28,8,,
7923045,OX TRUCK AND ROAD LLC,,2026-09-21,A,A,AUTHORIZED FOR HIRE,21941 W WATKINS ST,BUCKEYE,AZ,85326,3133120660,oxtruckroad@gmail.com,2,4,,
7915869,LAKESIDE TOWING & FREIGHT LLC,LAKESIDE TOWING & FREIGHT,2026-09-21,A,C,PRIVATE PROPERTY;AUTHORIZED FOR HIRE,5921 DOLVIN LN,BUFORD,GA,30518-1207,4702947744,jdaniel1985@icloud.com,2,4,,
7912031,MOKAS ENTERTAINMENT,,2026-09-21,A,C,"PRIVATE PASSENGER, BUSINESS;PRIVATE PASSENGER, NON-BUSINESS;AUTHORIZED FOR HIRE",1748 QUAIL MEADOWS DR,LANCASTER,OH,43130,7404071649,bmokas41@gmail.com,3,6,,
7900078,JMJ EXPRESS TRANSPORT LLC,,2026-09-21,A,A,AUTHORIZED FOR HIRE,15450 TONEKAI RD,APPLE VALLEY,CA,92307,5622992661,JMJEXPRESSTRANSPORTLLC@GMAIL.COM,1,1,,
7886384,NEXT STEP LOGISTICS LLC,,2026-09-21,A,A,AUTHORIZED FOR HIRE,"517 GLENWOOD AVE, APT D",MENLO PARK,CA,94025,6503157830,nextsteplogisticsllc@myyahoo.com,1,1,,
7884008,DUMPSTER WARRIOR LLC,DUMPSTER WARRIOR,2026-09-21,A,A,AUTHORIZED FOR HIRE,26 MAYFLOWER ROAD,LEVITTOWN,PA,19056,2159306255,dumpsterwarrior9@gmail.com,2,2,,
7860038,DELUX TENTS MID MICHIGAN INC,,2026-09-21,A,C,PRIVATE PROPERTY,1709 THOMPSON ST STE 103,LANSING,MI,48906-4197,5173222900,stacy@deluxtentsmidmichigan.com,4,5,,
7835828,EDITH & BRENDAN LLC,CRESTAR.ART,2026-09-21,A,A,PRIVATE PROPERTY,51 LIBERTY ST,EAST GREENWICH,RI,02818,4018850300,BRENDAN@CRESTAR.ART,1,5,,
7822392,LEGACY COURIER LLC,,2026-09-21,A,A,AUTHORIZED FOR HIRE,3505 147TH ST,MIDLOTHIAN,IL,60445,7089162990,j.evans@legacycourierco.com,1,1,,
7812346,MOXIVERA LLC,,2026-09-21,A,A,AUTHORIZED FOR HIRE,447 BROADWAY 2ND FL #149,NEW YORK,NY,10013,3476535642,ADMIN@MOXIVERA.COM,2,1,,
7809689,SHIELD TRUCKING LLC,,2026-09-21,A,A,AUTHORIZED FOR HIRE,173 MASSMAN MANOR DR,NASHVILLE,TN,37217,6158540101,shieldtruckingtn@gmail.com,1,1,,
7787082,SILVERIO MAFFIA,,2026-09-21,A,A,AUTHORIZED FOR HIRE;EXEMPT FOR HIRE,510 COOL CANYON TRAIL,PRINCETON,TX,75407,9402793920,SILVERIOMAFFIA@GMAIL.COM,1,4,,
7780210,ESTREM OUTDOOR SOLUTIONS LLC,,2026-09-21,A,C,AUTHORIZED FOR HIRE,1429 18TH AVE SE,CAMBRIDGE,MN,55008,9523933477,estremoutdoors@gmail.com,1,1,,
7763243,GOLFCARTNV.COM LLC,,2026-09-21,A,A,PRIVATE PROPERTY,1301 E CALAVADA BLVD,PAHRUMP,NV,89048,6169020954,GARRYBRODBECK@YAHOO.COM,2,2,,
7740207,RDC MAINTENANCE & CLEANING LLC,,2026-09-21,A,A,AUTHORIZED FOR HIRE,2471 SW 170TH LOOP,OCALA,FL,34473,6893163839,RDCMCLEANING@GMAIL.COM,1,1,,
7739491,WILLIAM ROUDIE SMALL,,2026-09-21,A,C,PRIVATE PROPERTY,23057 KAMA DR,PORTER,TX,77365,2817712344,ROADTECHPAVING119@GMAIL.COM,1,1,,
7727462,BARK AND SOILS DIRECT LLC,,2026-09-21,A,A,PRIVATE PROPERTY;AUTHORIZED FOR HIRE,3400 COTTAGE WAY,SACRAMENTO,CA,95825,2093806567,jered@barkandsoilsdirect.com,1,1,,
7723866,BYLERS CONSTRUCTION LLC,,2026-09-21,A,C,PRIVATE PROPERTY,376 NEW HOPE RD,BOYERS,PA,16020-1312,7248936211,ivanbyler381@gmail.com,1,1,,2026-09-25
7719974,DNJ HAULERS LLC,,2026-09-21,A,C,AUTHORIZED FOR HIRE,2121 CHAVIES ROAD,FORT PAYNE,AL,35968,2057672271,dustin@dnjhaulers.com,1,1,,
7713476,GALGALO TRUCKING LLC,,2026-09-21,A,A,AUTHORIZED FOR HIRE,6100 WESTWOOD PKWY APT 235,SAINT CLOUD,MN,56303,4173709040,galgalotruckingllc@gmail.com,2,4,,
7692245,PERMIAN PRO HAULING LLC,,2026-09-21,A,A,AUTHORIZED FOR HIRE,1333 YELLOW ROSE ST,ODESSA,TX,79765,4322028381,HEBEROMATUTE1963@GMAIL.COM,1,1,,
7688371,ODO TRANSPORTATION SERVICES LLC,,2026-09-21,A,C,"PRIVATE PROPERTY;PRIVATE PASSENGER, BUSINESS;PRIVATE PASSENGER, NON-BUSINESS;AUTHORIZED FOR HIRE",3951 BURNELL CIR W,COLUMBUS,OH,43224,7868493464,J08091485@GMAIL.COM,1,2,,
7686715,THE TREELANCERS LLC,,2026-09-21,A,C,PRIVATE PROPERTY,622 SIBLEY STREET,MANKATO,MN,56001,6513876733,thetreelancersllc@outlook.com,2,1,,
7685466,BLACKBROOK FREIGHT LLC,BBF,2026-09-21,A,A,AUTHORIZED FOR HIRE,410 BLACK BROOK RD.,GOFFSTOWN,NH,03045-2931,6036606334,blackbrookfreight@gmail.com,1,4,,
7672353,JAMES RANCH LLLP,,2026-09-21,A,C,PRIVATE PROPERTY,2456 141ST AVE NW,ALEXANDER,ND,58831,7018283592,KITJAMES30@HOTMAIL.COM,7,6,,
7665294,"SAUCEDO'S CARRIER SERVICE LLC,",,2026-09-21,A,C,PRIVATE PROPERTY;AUTHORIZED FOR HIRE,432 Q STREET,RIO LINDA,CA,95673,2792710722,jsaucedo@saucedoscarrierservice.com,1,4,,
7663528,LASER GRADE INC,,2026-09-21,A,A,PRIVATE PROPERTY,26282 OSO RD,SAN JUAN CAPISTRANO,CA,92675,9492306359,lasergrade1@gmail.com,2,4,,
7652499,DISTINGUISHED LANDSCAPES LLC,,2026-09-21,A,C,PRIVATE PROPERTY,4263 ABBEY RD,SYRACUSE,NY,13215,3152547132,JOE@DISTINGUISHEDLANDSCAPES.COM,8,3,,
7650693,SILVER VALLEY TRUCKING LLC,,2026-09-21,A,A,AUTHORIZED FOR HIRE,531 BEDFORD CT,MECHANICSBURG,PA,17050,7173954938,svtrucking08@gmail.com,1,1,,
7649846,JOSE BRAVO,TWIN B SERVICES,2026-09-21,A,A,PRIVATE PROPERTY;AUTHORIZED FOR HIRE,1013 8TH ST,BROWNWOOD,TX,76801,3258009357,TWINBSERVICES@YAHOO.COM,4,4,,
7630063,"EBY TRUCKING, LLC",,2026-09-21,A,A,AUTHORIZED FOR HIRE,16192 ANTIOCH RD,WHITE CITY,OR,97503,5418908902,micaheby@hotmail.com,1,1,,
7629583,ITZAJ TRUCKING LLC,,2026-09-21,A,A,AUTHORIZED FOR HIRE,2515 BERGENLINE AVE,UNION CITY,NJ,07087,5513271428,ITZAJTRUCKINGLLC@OUTLOOK.COM,1,1,,
7587700,MOREDOORS LLC,AMERICAN CARGO TRANSPORT,2026-09-21,A,C,AUTHORIZED FOR HIRE,4464 LONE TREE WAY #2077,ANTIOCH,CA,94531,4153126261,moredoorsinc@gmail.com,1,1,,
7584354,FOSTER'S PLUMBING & UTILITY LLC,,2026-09-21,A,C,PRIVATE PROPERTY,2825 SELZER ROAD,EVANSVILLE,IN,47712,8123068877,AJ@FOSTERSPLUMBINGUTILITY.COM,1,1,,
7577888,ANCHOR SOLUTIONS GROUP LLC,,2026-09-21,A,C,AUTHORIZED FOR HIRE,40 N CHRISTIAN ST STE 202,LANCASTER,PA,17602,2158525509,ANCHORSOLUTIONS.PA@GMAIL.COM,1,1,,
7563440,VANMETER CONSTRUCTION LLC,,2026-09-21,A,A,PRIVATE PROPERTY,8614 W 74TH TER,OVERLAND PARK,KS,66204-2737,2029182132,rvanm@aol.com,1,2,,
7562763,DOUBLE G TRACTOR &DIRT LLC,,2026-09-21,A,C,PRIVATE PROPERTY;AUTHORIZED FOR HIRE,10603 IMPALA AVE 10603 IMPALA AVE,SPARTA,WI,54656-4441,6086330134,GENEGAEDE@OUTLOOK.COM,3,2,,
7560556,"VALLEYRIDGE GRAINS, LTD.",,2026-09-21,A,A,PRIVATE PROPERTY,48479 COUNTY HIGHWAY 16,HENNING,MN,56551,7012001010,HOLLYMILLER13@GMAIL.COM,6,20,,
7528700,COAL TRAIN TRUCKING LLC,,2026-09-21,A,A,AUTHORIZED FOR HIRE,504 BUTTER AND EGG ROAD,JACKSBORO,TN,37757,4234943001,HUNTER.CHAPMAN@COALTRAINTRUCKING.COM,1,1,,
7524409,SP FLATBED INC.,,2026-09-21,A,A,AUTHORIZED FOR HIRE,12 CROWN DR,BRAMPTON,ON,L6P 2G5,4372123400,spflatbed@gmail.com,1,1,,
7499584,AKOL AKOL,,2026-09-21,A,C,PRIVATE PROPERTY;AUTHORIZED FOR HIRE,2308 PEAR ST,ERIE,PA,16510,8143842306,AAKOL004@GMAIL.COM,1,2,,
7480061,JAMES DAVIS,,2026-09-21,A,A,PRIVATE PROPERTY,20997 SANKS ROAD,BAY MINETTE,AL,36507,2512726895,jdavisexpress@yahoo.com,1,1,,
7469293,AGUILAR AND FAMILY ENTERPRISE LLC,AGUILAR TRANSPORT SOLUTIONS,2026-09-21,A,A,AUTHORIZED FOR HIRE,11451 1ST AVENUE,HESPERIA,CA,92345,5623231400,aguilartransportsolutions26@gmail.com,2,8,,
7464737,DND CARGO TRANSPORT LLC,,2026-09-21,A,C,PRIVATE PROPERTY;AUTHORIZED FOR HIRE,129 S 12TH STREET,NEWARK,NJ,07107,2242395544,dndcargotransport@gmail.com,2,6,,
7463122,WHITMORE'S WRECKER SERVICE,,2026-09-21,A,A,AUTHORIZED FOR HIRE,600 W. GREENWOOD AVE WAUKEGAN 600 W. GREENWOOD AVE,WAUKEGAN,IL,60087,8476237080,WHITMORESWRECKERSERVICE@GMAIL.COM,8,8,,
7461431,SKYBLUE EXPRESS LLC,,2026-09-21,A,A,AUTHORIZED FOR HIRE,199 GLEN CROSSING DR,ETNA,OH,43062,6143298497,SKYBLUEEXPRESSLLC01@GMAIL.COM,1,1,,2026-09-21
7443472,MAGNUM EXPRESS LLC,,2026-09-21,A,A,AUTHORIZED FOR HIRE,1710 98TH ST S APT J22,TACOMA,WA,98444,4433738820,magnumexpressllc97@gmail.com,1,1,,
7442975,PARLIAMENT TRANSPORTATION,,2026-09-21,A,A,AUTHORIZED FOR HIRE,18037 TRIESTE DR.,PFLUGERVILLE,TX,78660,5129560295,mark@parliamenttransportation.com,2,4,,
7432510,DELIVERY SPEED LLC,,2026-09-21,A,A,AUTHORIZED FOR HIRE,36 SOPHIA DRIVE,WORCESTER,MA,01607,5088260464,deliveryspeedllc@gmail.com,1,1,,
7423004,M CRISAFULLI COMPANIES LLC,,2026-09-21,A,C,AUTHORIZED FOR HIRE,105 HIRAM AVE,LIVERPOOL,NY,13088,3153523536,MIKECRISAFULLI102697@ICLOUD.COM,1,1,,
7409763,VANTREX GROUP LLC,,2026-09-21,A,A,AUTHORIZED FOR HIRE,8020 W 28TH CT UNIT 107,HIALEAH,FL,33018,7864510811,ENRIQUEHERRERAPUENTE@GMAIL.COM,1,1,,
7399848,KS CARGO LINES INC,,2026-09-21,A,A,AUTHORIZED FOR HIRE,1445 SHORE PKWY 7M,BROOKLYN,NY,11214,4454481999,INFO.KSTRUCKINGINC@GMAIL.COM,2,1,,
7394303,COOL AIR REFRIGERATION INC,,2026-09-21,A,A,PRIVATE PROPERTY,220 N CRESCENT WAY UNIT M,ANAHEIM,CA,92801,7142773711,carlos@socalcoolair.com,2,7,,2026-09-21
7388833,PETE JOHNSON LOGGING LLC,,2026-09-21,A,C,AUTHORIZED FOR HIRE,3665 RAINBOW LAKE RD,INMAN,SC,29349,8649783063,PETEJOHNSONLOGGINGLLC@GMAIL.COM,3,2,,
7387645,MIDSTATE PROPERTY SERVICES LLC,,2026-09-21,A,C,PRIVATE PROPERTY;AUTHORIZED FOR HIRE,31 FREDERICK ST,CONSTANTIA,NY,13044-2620,3153140139,midstate222@gmail.com,1,1,,
7375369,GULF COAST CONTAINERS LLC,,2026-09-21,A,C,PRIVATE PROPERTY;AUTHORIZED FOR HIRE,18248 SPLIT OAK CIR,NEW CANEY,TX,77357,7134879192,gulfcoastcontainers.com@gmail.com,1,1,,
7360881,BRIHAY JL COMPANY LLC,,2026-09-21,A,A,AUTHORIZED FOR HIRE,11826 BLUEBELL RIDGE,CONVERSE,TX,78109,7865616240,LIUDMILAALFONSO9@GMAIL.COM,0,1,,
7357699,COOLSHIP LLC,,2026-09-21,A,A,AUTHORIZED FOR HIRE;EXEMPT FOR HIRE,1622 SONORA DRIVE,FORT WAYNE,IN,46825,5743396445,cool.shipllc@gmail.com,2,4,,
7357454,TIMELY ENTERPRISES LLC,"TIM'S TIMELY TOWING,",2026-09-21,A,A,PRIVATE PROPERTY;AUTHORIZED FOR HIRE,530 PLEASANT AVE,CRAIG,NE,68019,4028702885,timstimelytowing@gmail.com,1,1,,
7345417,ROAD WORKS ASPHALT LLC,,2026-09-21,A,A,PRIVATE PROPERTY,401 CHAMBER DRIVE APT 327,MILFORD,OH,45150,8008678408,tandcasphalt@yahoo.com,2,1,,2026-09-22
7343532,AJC EXPRESS LOGISTICS INC,,2026-09-21,A,A,AUTHORIZED FOR HIRE,30775 SW 158TH PATH,HOMESTEAD,FL,33033,3058778904,cristianbda2@gmail.com,1,1,,
7342354,EXECUTIVE COLOR SERVICES INC,,2026-09-21,I,A,PRIVATE PROPERTY,42 W 39TH STREET,NEW YORK,NY,10018,2123023555,JENA@EXECUTIVECOLOR.COM,2,4,,
7337375,JTJ HOLDINGS LLC,JTJ LANDSCAPING,2026-09-21,A,C,AUTHORIZED FOR HIRE,1259 KEMPER MEADOW DRIVE STE 200,CINCINNATI,OH,45240,5139300123,jtjlandscapingllc@gmail.com,0,1,,
7334530,PHOENIX FREIGHT INC,,2026-09-21,A,A,AUTHORIZED FOR HIRE,19366 FORTUNE PL,ROWLAND HEIGHTS,CA,91748,6267633738,PHEONIXFREIGHTINCWORK@GMAIL.COM,1,1,,
7328056,SIN CITY TOWING AND TRANSPORT LLC,,2026-09-21,A,A,AUTHORIZED FOR HIRE,610 FRONT ST,MINA,NV,89422,7756364442,AFUEL97@ICLOUD.COM,1,1,,
7326017,"HIGH SPEED RODEO, INC.",,2026-09-21,A,A,AUTHORIZED FOR HIRE,351 E TREMONT,WAVERLY,IL,62692,2176917431,tralyn0204@yahoo.com,1,1,,2026-09-23
7317847,Z CONTRACTORS INC.,,2026-09-21,A,C,PRIVATE PROPERTY,4034 BLACK POINT ROAD,HONOLULU,HI,96816,8082627822,kaimalinosurf@yahoo.com,2,2,,
7311557,MAROC EXPRESS LLC,,2026-09-21,I,A,AUTHORIZED FOR HIRE,50 SUSSEX ROAD,CAMP HILL,PA,17011,7173034754,MAROCEXPRESSLLC@GMAIL.COM,1,4,,
7296789,CHATTANOOGA DOCK BUILDERS LLC,,2026-09-21,A,A,PRIVATE PROPERTY,608 SOUTH HOLTZCLAW AVE,CHATTANOOGA,TN,37404,1423421601,TIM@CHATTANOOGADOCKBUILDERS.COM,4,28,,
7289741,JJR TRANSLINE INC,,2026-09-21,A,A,AUTHORIZED FOR HIRE,2511 SHEEK ROAD,GREENWOOD,IN,46143,4632923493,jjrtranslineinc@gmail.com,1,1,,
7285315,FREEDOM GROUNDS MAINTENANCE LLC,,2026-09-21,A,C,AUTHORIZED FOR HIRE,7105 FLINT DR 143,PAPILLION,NE,68046,4022813420,SHAWN@FREEDOMGROUNDSNE.COM,7,4,,
7272252,DESERT BURRO LOGISTICS LLC,,2026-09-21,A,A,AUTHORIZED FOR HIRE,6431 W DESERT HOLLOW DR,PHOENIX,AZ,85083-3430,4802964165,M-ADAMSJR@LIVE.COM,1,1,,
7270460,"RED DIRT LOGISTICS, LLC",,2026-09-21,A,A,AUTHORIZED FOR HIRE,1348 LOWER TAILS CREEK RD,ELLIJAY,GA,30540-5245,7625431497,r.dirtlogistics@gmail.com,1,1,,
7270172,HENRY ESPINOSA,RAMBLER TRUCKING,2026-09-21,A,A,AUTHORIZED FOR HIRE,39651 COUNTY ROAD 500,ARBOLES,CO,81147,5058602279,HENDRITO1@HOTMAIL.COM,1,1,,
7258886,SAFA FREIGHT INC,,2026-09-21,A,A,AUTHORIZED FOR HIRE,12118 VELVET HILL DR,OWINGS MILLS,MD,21117,4108149211,COMPLIANCE@SAFAFREIGHT.COM,2,2,,
7250794,BADGER CONNEX LLC,,2026-09-21,A,A,PRIVATE PROPERTY,4422 CENTER ROAD,MANITOWOC,WI,54220,9202426032,badgerconnex@gmail.com,1,4,,
7239806,GRANVILLE SCRUGGS,,2026-09-21,A,A,PRIVATE PROPERTY;AUTHORIZED FOR HIRE,1900 CENTRE POINTE BLVD,TALLAHASSEE,FL,32308-4881,8504084226,GRANVILLETHEGREAT@GMAIL.COM,2,4,,
7231675,MNSTAR,,2026-09-21,A,A,AUTHORIZED FOR HIRE,920 FELTL CT APT 119 920 FELTL CT APT 119,HOPKINS,MN,55343,6513835530,MNSTAR1996@GMAIL.COM,1,1,,
7227084,PHOENIX HOTSHOT LLC,,2026-09-21,A,A,AUTHORIZED FOR HIRE,106 MOON GLOW LANE,GREENSBURG,PA,15601,4129254400,donnieg@phoenixhotshotllc.com,1,4,,
7219772,BLACK CREST ENTERPRISES LLC,,2026-09-21,A,A,PRIVATE PROPERTY;AUTHORIZED FOR HIRE,3055 E FREMONT ST G12,LAS VEGAS,NV,89104,7025414505,AJIMM@BLACKCRESTENTERPRISESLLC.NET,1,1,,
7214718,HEAVY LIFTING MOVERS LLC,,2026-09-21,A,A,AUTHORIZED FOR HIRE,42610 FREISTADT SQ,STERLING,VA,20166,5712456379,javier@heavyliftingmoversllc.com,1,1,,
7207539,SUK,,2026-09-21,A,C,PRIVATE PROPERTY;AUTHORIZED FOR HIRE,308 STRATFORD ROAD,"ARCHDALE, NC",NC,27263,4848942087,sheikhsadiq900@gmail.com,2,4,,
7192462,G&G ALABAMA TRANSPORTATION LLC,,2026-09-21,A,A,AUTHORIZED FOR HIRE,75144 ALABAMA HIGHWAY 77,LINCOLN,AL,35096,2565927475,GGALTRANSPORT@GMAIL.COM,1,4,,
7164000,RAEHOBOTH LLC,,2026-09-21,A,A,PRIVATE PROPERTY;AUTHORIZED FOR HIRE;EXEMPT FOR HIRE,8010 CARILLON WAY,ROSHARON,TX,77583,3019216099,RAEHOBOTH22@GMAIL.COM,2,4,,
7130288,DB WALKER TRUCKING AND EXCAVATING INC,,2026-09-21,I,C,PRIVATE PROPERTY;AUTHORIZED FOR HIRE,17323 RENTON ISSAQUAH RD SE,RENTON,WA,98059,4252540901,office@dbdirt.com,6,2,,
7114275,S&L TRANSPORT LLC,,2026-09-21,A,C,AUTHORIZED FOR HIRE,2670 OHARE AVE,SAN PABLO,CA,94806,4152900058,SLTRANSPORTLLC916@GMAIL.COM,1,1,,
7077292,BBJ FIVE STAR SERVICE INC.,,2026-09-21,A,A,PRIVATE PROPERTY,2070 WINNIPEG ST. NORTH,RM OF SHERWOOD,SK,S4K 0A6,3067210655,bbjshop@sasktel.net,4,8,,
7075727,WILLIAMS POINT INC.,,2026-09-21,A,A,AUTHORIZED FOR HIRE,30864 BRYARS LN,SPANISH FORT,AL,36527,4703825842,operations@williamspoint.com,2,1,,
7067550,HAKEY TRUCKING INC,,2026-09-21,A,A,PRIVATE PROPERTY,3635 N STATE RD 827,FREMONT,IN,46737,2604104251,HAKEYTRUCKINGINC@HOTMAIL.COM,1,1,,
7060465,DAZ EXPEDITED LLC,,2026-09-21,A,A,AUTHORIZED FOR HIRE,6120 SW 39TH ST,DAVIE,FL,33314,7542726720,DAZEXPEDITED@GMAIL.COM,1,1,,
7057583,AH TRUCKING SERVICES LLC,,2026-09-21,A,C,AUTHORIZED FOR HIRE,44982 102ND ST.,VEBLEN,SD,57270,6053770406,AH.TRUCKING@OUTLOOK.COM,1,1,,
7052343,ALFREDO RODRIGUEZ VEGA,,2026-09-21,A,C,AUTHORIZED FOR HIRE,1101 CALLAWAY DR APT 3605,CARLSBAD,NM,88220,9018304978,aldybet101@gmail.com,1,1,,
7050627,TURCIOS TRANSPORT LLC,,2026-09-21,A,A,AUTHORIZED FOR HIRE,666 E CENTER ST APT 17,PROVO,UT,84606,3852082437,TURCIOSTRANSPORTLLC@GMAIL.COM,1,1,,
7033120,NEWFREIGHT INC,,2026-09-21,A,A,AUTHORIZED FOR HIRE,190 E 69TH ST,LONG BEACH,CA,90805,5627944218,operations@newfreightco.com,1,1,,
6993504,MTL MANUFACTURING & EQUIPMENT INC,,2026-09-21,A,A,PRIVATE PROPERTY,1901 GATEWAY BLVD,BELOIT,WI,53511,6082085419,MNIMMO@MTLEQUIPMENT.COM,1,4,,
6946996,PUMP WORX LLC,,2026-09-21,A,C,PRIVATE PROPERTY,23954 W JOMAX RD,WITTMANN,AZ,85361-5500,6232026842,randynaz1985@gmail.com,1,1,,
6937817,HAULER LLC,,2026-09-21,A,A,AUTHORIZED FOR HIRE,6545 MARKET AVE N STE 100,CANTON,OH,44721-2430,2202406555,HAULERLLC.INFO@GMAIL.COM,2,1,,
6925294,SV TRUCKING INC,,2026-09-21,A,A,AUTHORIZED FOR HIRE,1265 SAN ANGEL,CHAPARRAL,NM,88081,9152705217,SVTRUCKING1265@GMAIL.COM,1,1,,
6919913,Y'ALL HAUL! LLC,,2026-09-21,A,A,PRIVATE PROPERTY;AUTHORIZED FOR HIRE,14214 VISTAWOOD,SAN ANTONIO,TX,78248,8304312894,YALLHAULLLC@GMAIL.COM,1,4,,
6917508,NUCKY'S TRUCKING LLC,,2026-09-21,A,A,AUTHORIZED FOR HIRE,5088 SOUTH DAISY LN,SALT LAKE CITY,UT,84123,4356314111,NUCKYSTRUCKING@GMAIL.COM,2,4,,
6892780,FISHIN FOR DOUGH LLC,,2026-09-21,A,C,PRIVATE PROPERTY,10253 HWY 65,AUSTIN,CO,81410,7196482546,mitchellbreads@gmail.com,2,2,,
6864999,REGION WORKS HOLDINGS LLC,,2026-09-21,A,C,,4356 BUCHANAN ST,GARY,IN,46408,2192855505,info@regionworksholdings.com,0,,,
6833171,TRIPLE WING LOGISTICS LLC,,2026-09-21,A,A,AUTHORIZED FOR HIRE,47456 BRENNAN DR,MACOMB,MI,48044,5866361981,SHEHARARONALD@YAHOO.COM,1,1,,
6828134,J&L WORLD TRADE MANAGEMENT INC,,2026-09-21,A,C,PRIVATE PROPERTY,295 89TH ST STE 205,DALY CITY,CA,94015-1655,5105997007,DAVIDLUI1979@GMAIL.COM,1,1,,
6825311,CONDO SOLUTIONS LLC,,2026-09-21,A,A,AUTHORIZED FOR HIRE,4899 S DUDLEY ST APT J21,LITTLETON,CO,80123,3037469669,TYLER.DAWSON.CONDO@GMAIL.COM,1,4,,
6821171,SEEKER OF FAITH PERSONAL CARE LLC,,2026-09-21,A,C,PRIVATE PROPERTY;AUTHORIZED FOR HIRE,1401 VILLAGE BLVD 321,WEST PALM BEACH,FL,33409,5618006816,customerservice@sofprofessionalcare.com,1,2,,
6806309,ELISEO TRANSPORT LLC,,2026-09-21,A,C,PRIVATE PROPERTY;AUTHORIZED FOR HIRE,1024 14TH ST APT 3,PERRY,IA,50220,5158024096,felixreyes2923@gmail.com,1,1,,
6799739,MYBOY LOGISTICS INC,,2026-09-21,A,A,AUTHORIZED FOR HIRE,150 HURT RD,HENDERSONVILLE,TN,37075,3472172476,MYBOYLOGISTICSINC@GMAIL.COM,1,1,,
6794321,ACK TRANSPORTATION LLC,,2026-09-21,A,A,AUTHORIZED FOR HIRE,7419 WOODWARD AVE,WOODRIDGE,IL,60517,3476819122,ACKTRANSPORTAIONOPERATIONS@GMAIL.COM,1,1,,
6794107,DAVID CAMIGLIO DBA LANDSCAPE NATURALS,,2026-09-21,A,A,PRIVATE PROPERTY,50 LINDEN STREET,NORWALK,CT,06851-1528,2035158537,DCAMIGS@GMAIL.COM,5,4,,
6791792,PURE TRANSPORT USA INC,,2026-09-21,A,C,,11111 KATY FWY STE 910,HOUSTON,TX,77079,7808037873,info@puregoc.com,0,,,
6777531,AMBE MOVING SERVICES LLC,,2026-09-21,A,C,PRIVATE PROPERTY;AUTHORIZED FOR HIRE,703 ETHAN ALLEN AVE APT 302,TAKOMA PARK,MD,20912,2028490087,justeambembevo@gmail.com,2,1,,
6760622,KITE LOGISTICS INC,,2026-09-21,A,A,PRIVATE PROPERTY;AUTHORIZED FOR HIRE,5400 PRAIRIE STONE PARKWAY #163,HOFFMAN ESTATES,IL,60192,2244577044,KITELOGISTICSINC@GMAIL.COM,1,2,,
6745450,KORN BROTHERS TRANSPORT INC,,2026-09-21,A,A,AUTHORIZED FOR HIRE,80 MICHAEL ROAD,HOLLAND,PA,18966,2156677431,KORNBRO333@GMAIL.COM,2,2,,
6742951,"TAMARACK TRANSPORT, LLC",,2026-09-21,A,A,AUTHORIZED FOR HIRE,239 N 2340 E,SAINT ANTHONY,ID,83445,5092371670,tamaracktransportllc@gmail.com,1,1,,
6717754,GIANNCARLO DELGADO DE LA CRUZ,,2026-09-21,A,C,AUTHORIZED FOR HIRE,48 HOMESTEAD AVE,SALINAS,CA,93901-1652,8312569195,CCARLOS626@YAHOO.COM,1,0,,
6706873,DREAM HOUSE PROPS & EVENT RENTALS,,2026-09-21,A,C,PRIVATE PROPERTY,543 OBAR DR,LA PUENTE,CA,91746,6263938406,CRYSTALLLR15@GMAIL.COM,1,1,,
6666917,KTR EXPRESS LLC,,2026-09-21,A,A,AUTHORIZED FOR HIRE,6169 KNOLL WOOD RD APT 204,WILLOWBROOK,IL,60527,6307100632,info@ktrexpress.com,1,1,,
6660281,COLDWATER EXPRESS LLC,,2026-09-21,A,A,AUTHORIZED FOR HIRE,115 HARRISON ST,COLDWATER,MI,49036,3136136505,ahmednorman3@yahoo.com,1,1,,
6645698,E. MORENO HEAVY HAUL LLC,,2026-09-21,A,C,PRIVATE PROPERTY;AUTHORIZED FOR HIRE,2620 N ARKANSAS SUITE 2,LAREDO,TX,78043,9567705678,EDDIEMORENO1974121213@GMAIL.COM,1,1,,
6630924,B&K TRUCKING LOGISTICS LLC,,2026-09-21,A,A,AUTHORIZED FOR HIRE,147 STUYVESANT AVE APT 2,KEARNY,NJ,07032,2016821152,bktrucking593@gmail.com,1,1,,
6629541,DOUBLE ONE FREIGHT LLC,,2026-09-21,A,A,AUTHORIZED FOR HIRE,104 BONNABEL CIR,CARENCRO,LA,70520,3376908606,DOFREIGHT11@GMAIL.COM,1,2,,
6600193,MEDINA HEAVY HAULING LLC,,2026-09-21,A,A,AUTHORIZED FOR HIRE,302 MONTICELLO PL,MACON,GA,31220-2600,4782070345,jcm13556@gmail.com,3,1,,
6598827,EAST VALLEY WELDING LLC,,2026-09-21,A,C,PRIVATE PROPERTY,22601 450TH ST SW,BELTRAMI,MN,56517-9555,2182805139,EASTVALLEYWELDING21@GMAIL.COM,2,2,,
6592567,"WESTERN OVERNIGHT SOUTH CAROLINA 1, LLC",UNISHIPPERS 1851,2026-09-21,A,C,,16 CORPORATE WOODS BLVD SUITE 1,ALBANY,NY,12211,8885014641,william.temple@unishippers.com,0,,,
6564009,JASS TRANZ INC,,2026-09-21,A,A,AUTHORIZED FOR HIRE,7301 FLORIN WOODS DR APT 6,SACRAMENTO,CA,95823,9166205189,jasstranzinc@gmail.com,1,1,,
6553306,TRUCK&TRAILERHAULING LLC,,2026-09-21,A,A,AUTHORIZED FOR HIRE,2209 ANDERSON DR SW,DECATUR,AL,35603,2564695125,aroundtheclockhotshotco@gmail.com,2,2,,
6545071,CORTIJO LOGISTICS LLC,,2026-09-21,A,A,AUTHORIZED FOR HIRE,1325 WOOD LAKE CIRCLE,SAINT CLOUD,FL,34772,9545291737,cortijologistics@gmail.com,1,1,,
6538725,"TITUS-WILL FORD SALES, INC.",,2026-09-21,A,A,PRIVATE PROPERTY,3606 S SPRAGUE,TACOMA,WA,98409-7444,2534754151,jody@tituswill.com,2,8,,
6527014,FLBW OPCO LLC,,2026-09-21,A,C,PRIVATE PROPERTY;AUTHORIZED FOR HIRE,43 ELIPHAMETS LN,CHATHAM,MA,02633,5089457800,OFFICE@FIRSTLIGHTBOATWORKS.COM,2,2,,
6521142,THE LFT COMPANY LLC,,2026-09-21,A,A,AUTHORIZED FOR HIRE,1295 CR 159,OKOLONA,MS,38860,6625422772,lymfar@icloud.com,1,1,,
6512061,RAT RIDES CUSTOMS LLC,GRIFFIN TOWING,2026-09-21,A,A,PRIVATE PROPERTY;AUTHORIZED FOR HIRE,375 WINCHESTER WAY,WINFIELD,MO,63389-2323,3142672586,GRIFFINTOWING17@GMAIL.COM,2,4,,
6482565,RONNIGERS ORGANICS LLC,,2026-09-21,A,A,PRIVATE PROPERTY,423 STAR RD,BONNERS FERRY,ID,83805,2086278181,RONNIGERSORGANICS@GMAIL.COM,1,2,,
6474369,JLX LLC,,2026-09-21,A,A,AUTHORIZED FOR HIRE,60 OAKVIEW WAY,ROANOKE,AL,36274,3346460220,JLXLLC26@GMAIL.COM,3,3,,2026-09-22
6471690,THE IDEA FACTORY,OBSCURE PROPS,2026-09-21,A,A,PRIVATE PROPERTY,3870 N PEACHTREE RD STE B,CHAMBLEE,GA,30341,4048493880,INFO@RAINYDAYREVIVAL.COM,1,4,,
6462247,SUPREME TRANSIT LLC,,2026-09-21,A,A,AUTHORIZED FOR HIRE,412 PARK MANOR ROAD,PORTSMOUTH,VA,23701-1126,7577046241,CUSTOMER@SUPREMECARGOTRANSIT.COM,1,1,,
6434046,JESUS R TORRES TRUCKING LLC,,2026-09-21,A,C,AUTHORIZED FOR HIRE,538 GREEN AVE.,TAFT,TX,78390-2746,2814352898,jtorrest1968@gmail.com,1,1,,
6428056,TUFFGOINLLC,,2026-09-21,A,A,AUTHORIZED FOR HIRE,2732 HYDES FERRY RD,NASHVILLE,TN,37218,6159871820,TUFFGOIN724@GMAIL.COM,1,1,,
6400860,JEFFREY LYNN FISHER,TWIN OAKS GENERAL CONTRACTING,2026-09-21,A,C,PRIVATE PROPERTY;AUTHORIZED FOR HIRE,4847 MICHIGAN RD,ARCADE,NY,14009,7164740003,olbbetty@aol.com,1,1,,
6400290,T TRANSPORT LLC,,2026-09-21,A,A,AUTHORIZED FOR HIRE,1100 WYTHE STREET #25822 25822,ALEXANDRIA,VA,22314,9482029829,mail@ttransportllc.com,1,1,,
6398763,"WESTERN OVERNIGHT TEXAS 1, LLC",UNISHIPPERS 1852,2026-09-21,A,C,,16 CORPORATE WOODS BLVD SUITE 1,ALBANY,NY,12211,8885014641,william.temple@unishippers.com,0,,,
6389475,KHARANGER TRANSPORT INC,,2026-09-21,A,A,AUTHORIZED FOR HIRE,5023 BAY LAUREL DRIVE,FONTANA,CA,92336,9099008390,kharangertransport@gmail.com,1,1,,
6387955,PRIMENEX LOGISTICS INC,,2026-09-21,A,C,,40 TAMVALE CRES,KITCHENER,ON,N2E 3K7,6472671872,PRIMENEXLOGISTICS@GMAIL.COM,0,,,
6374637,THS EXPRESS LLC,,2026-09-21,A,A,AUTHORIZED FOR HIRE,104 ALTON AVE,DAYTON,OH,45404,9376077128,thsexpressllc@gmail.com,6,4,,
6347556,LUIGI AUTO SALE INC.,,2026-09-21,A,C,PRIVATE PROPERTY;AUTHORIZED FOR HIRE,14408 159TH ST,JAMAICA,NY,11434-4218,9296092933,LUIGIAUTOSALEINC@GMAIL.COM,1,2,,
6344721,LUXSCAPE INC.,,2026-09-21,A,A,PRIVATE PROPERTY,43W493 THORNAPPLE TREE ROAD,SUGAR GROVE,IL,60554,6305202530,INFO@LUXSCAPEINC.COM,2,8,,
6320067,MAGNA GROUP LLC,,2026-09-21,A,A,AUTHORIZED FOR HIRE,2826 N AVENTURA LN,HOBBS,NM,88240,5757911656,magnagroup.info@gmail.com,1,1,,
6272446,CUTTING TOOLS INC,,2026-09-21,A,A,PRIVATE PROPERTY,1002 PLEASANT GROVE PL,MT JULIET,TN,37122,6153910200,sales@cuttingtoolsinc.net,1,12,,
6271201,MPEMBA LOGISTICS INC,,2026-09-21,A,A,AUTHORIZED FOR HIRE,4966 MANCANA ASH CANAL,WINCHESTER,OH,43110,6145498144,MPEMBALOGISTICS10@GMAIL.COM,1,1,,
6252914,BRIAN K DEEL HVAC INC,,2026-09-21,A,C,PRIVATE PROPERTY,5480 FEDERAL ROAD,CONESUS,NY,14435,5853136562,BRIANKDEELHVACINC@GMAIL.COM,4,2,,
6225965,MICAHEL SNACKS,,2026-09-21,A,C,AUTHORIZED FOR HIRE,231 CENTER STREET,LANDING,NJ,07850,2014000668,wiseman.mgreene@gmail.com,2,2,,
6212639,RCS POWER LLC,,2026-09-21,A,C,PRIVATE PROPERTY,2245 NW 4TH TERRACE,MIAMI,FL,33125,3059155676,AALFONSO@RCSSOUTHFLORIDA.COM,4,2,,
6200085,HMMK LLC,,2026-09-21,A,A,AUTHORIZED FOR HIRE,10 THUNDER RUN #32D,IRVINE,CA,92614,9492678937,HMMK6762@GMAIL.COM,2,1,,
6188646,WILLY PORTELLES RICARDO,,2026-09-21,A,A,AUTHORIZED FOR HIRE,2368 W MCCORMICK ST,ODESSA,TX,79766,3055180939,WILLYPORTELLES@ICLOUD.COM,1,1,,
6188561,CHUB TRUCKING,,2026-09-21,A,A,PRIVATE PROPERTY;AUTHORIZED FOR HIRE,195 W 100 S,SALEM,UT,84653-9539,8014713433,KYLECURTIS7@MSN.COM,2,2,,
6175389,TRUENORTH LOGISTICS,,2026-09-21,A,A,AUTHORIZED FOR HIRE,5073 CEDAR AVE,EL MONTE,CA,91732,8406997953,truenorthlogistics24@gmail.com,1,1,,
6157735,MADDOX&MADDOX TRANSPORT LLC,,2026-09-21,A,A,AUTHORIZED FOR HIRE,63 HILLCREST CT,HIRAM,GA,30141,6787543483,MADDOXMADDOXLLC@GMAIL.COM,1,1,,
6147087,LANGSHOLT CONTRACTING INC,,2026-09-21,A,C,PRIVATE PROPERTY;AUTHORIZED FOR HIRE,822 LAUREL WAY,EDMONDS,WA,98020-3905,4252317231,glenn@lcinw.com,2,2,,
6133211,USMAGTECH LLC,,2026-09-21,A,C,AUTHORIZED FOR HIRE,6200 DAVIS RD,FORT WORTH,TX,76140-8124,8173716340,USMAGTECHLLC@OUTLOOK.COM,2,4,,
6133097,FLEETAK FRIGHT LLC,,2026-09-21,A,A,AUTHORIZED FOR HIRE,7403 OPHELIA DR,AUSTIN,TX,78752,5124685646,AHMADYARHOTAK2022@GMAIL.COM,1,1,,
6128933,PASTURE RAISED PROVISIONS LLC,,2026-09-21,A,A,PRIVATE PROPERTY;AUTHORIZED FOR HIRE,418 BROADWAY STE N,ALBANY,NY,12207,5186826670,PHILLIP.LASHER@GMAIL.COM,2,4,,
6124809,CALIWAYS LOGISTICS,,2026-09-21,A,C,AUTHORIZED FOR HIRE,5113 SIERRA CROSS WAY,JURUPA VALLEY,CA,92509,3239757343,CALIWAYS.LOG@GMAIL.COM,2,1,,
6115244,GROUND MOVERS LLC,,2026-09-21,A,C,,6200 GULF FREEWAY SUITE 215,HOUSTON,TX,77023,8322650414,groundmovers@gmail.com,0,,,
6114631,4M SITE SERVICES LLC,,2026-09-21,A,C,PRIVATE PROPERTY;AUTHORIZED FOR HIRE,3112 STATE HWY 11 WEST,PITTSBURG,TX,75686,9722158916,marcuswmcclain@gmail.com,3,1,,
6086844,TREASURE TRANSPORT LLC,,2026-09-21,A,C,AUTHORIZED FOR HIRE,247 SOUTH BALCH ST,AKRON,OH,44302,2343778407,agnlhue@yahoo.com,1,2,,
6068848,VAN DIESEL TRUCK REPAIR INC,,2026-09-21,A,A,AUTHORIZED FOR HIRE,7849 HARRISON AVENUE,CLEVES,OH,45002,5139908089,ADMIN@VANDIESELUSA.COM,8,16,,
6065223,OLMEDOS CONSTRUCTION INC,,2026-09-21,A,A,PRIVATE PROPERTY,55 ESSEX RD UNIT B,NANTUCKET,MA,02554,5088253322,OLMEDOSCONSTRUCTION1@GMAIL.COM,4,4,,
6063608,LEAD AUTO CARRIERS LLC,,2026-09-21,A,C,AUTHORIZED FOR HIRE,3400 AVENUE OF THE ARTS J309,COSTA MESA,CA,92626,3106914709,INFO@LEADAUTOCARRIERS.COM,2,1,,
6053821,SEALS' POOL SERVICE LLC,,2026-09-21,A,C,PRIVATE PROPERTY,30 SEA BREEZE DR,LITTLE EGG HARBOR,NJ,08087-9763,5059996016,SEALSPOOLSERVICE@COMCAST.NET,1,2,,
6025219,D1 LOGISTIC SOLUTIONS LLC,,2026-09-21,A,A,AUTHORIZED FOR HIRE,16948 SW 91ST LANE CIR,MIAMI,FL,33196,4073256565,delivery1logistics@gmail.com,1,1,,2026-09-24
6021456,"QUALITY CHOICE TREE SERVICE, LLC",,2026-09-21,A,A,PRIVATE PROPERTY;AUTHORIZED FOR HIRE,231 BEATY STREET PO BOX 461,JAMESTOWN,TN,38556,9312655288,QUALITYCHOICE@TWLAKES.NET,2,4,,
6007474,PILAR DEMOLITION LLC,,2026-09-21,A,C,AUTHORIZED FOR HIRE,4001 49TH ST N LOT 44,SAINT PETERSBURG,FL,33709,6168480616,PICHYBERNAL@ICLOUD.COM,1,1,,
6001616,OD FREIGHT SOLUTIONS LLC,,2026-09-21,A,A,AUTHORIZED FOR HIRE,2121 QUAIL DR NW,CONCORD,NC,28027,7046990164,odfreightsolutionsllc@gmail.com,1,4,,
5984746,JLD TRAVER LLC,,2026-09-21,A,A,PRIVATE PROPERTY;AUTHORIZED FOR HIRE,345 MOUNTAINHIGH DR,ANTIOCH,TN,37013,6155789438,dkeiner226@gmail.com,4,2,,
5979625,MY JESUS LLC,,2026-09-21,A,C,PRIVATE PROPERTY,230 FRANKLIN RD SUITE 8A,FRANKLIN,TN,37064,6159050610,MYJESUSDOT@GMAIL.COM,44,18,,
5979465,D.M GOHOME MULTISERVICE LLC,,2026-09-21,A,C,,743 EAST 133RD STREET APT 1,BRONX,NY,10454,6463167527,dmgohome6@gmail.com,0,,,
5966507,REZA KHOUIE,,2026-09-21,A,C,AUTHORIZED FOR HIRE,964 LANCASTER ST.,VACAVILLE,CA,95687,7075552444,ARKHOUIE@OUTLOOK.COM,1,1,,
5964525,GP LOGISTICS LLC,,2026-09-21,A,C,,3171 BEAUCHAMP DR,MEMPHIS,TN,38118,4235678977,garyparker@gplogisticsllc.net,0,,,
5963764,NEXTGEN GENERAL SERVICES LLC,,2026-09-21,A,A,AUTHORIZED FOR HIRE,5240 SAINT GENEVIEVE PL,ALEXANDRIA,VA,22315,5714787141,BALOOCH.FARI@GMAIL.COM,2,4,,
5958736,"BR & BL, LLC",,2026-09-21,A,C,PRIVATE PROPERTY;AUTHORIZED FOR HIRE,7411 ALLISON STREET,HYATTSVILLE,MD,20784,2409609763,RODRIGUEZCASTROBRENDA8787@GMAIL.COM,2,1,,
5910843,T2 PRODUCTIONS INC,,2026-09-21,A,A,PRIVATE PROPERTY,250 MOONACHIE ROAD STE 400,MOONACHIE,NJ,07074-1323,3104499200,LEGACYTRANSPO@LIONSGATE.COM,21,20,,
5897110,SONY CLASSIC TRANSPORT LLC,,2026-09-21,A,A,AUTHORIZED FOR HIRE,6025 WHITE SYCAMORE PL,BRASELTON,GA,30517-3801,4048835036,mrbrook55@gmail.com,2,1,,
5889263,STONE WORK CONSTRUCTION LLC,,2026-09-21,A,C,PRIVATE PROPERTY,5910 NORTH AVE,AUSTELL,GA,30168-4120,4047317540,stoneworkconstructionllc@gmail.com,3,1,,
5887926,NEXHAUL EARTHWORKS LLC,,2026-09-21,A,C,AUTHORIZED FOR HIRE,19100 CAMINO REAL,DALE,TX,78616,5127218174,nexhaulearthworks@gmail.com,1,1,,
5882795,ONPOINT TRANSPORT LLC,,2026-09-21,A,A,AUTHORIZED FOR HIRE,44 BRADFORD WALK,FARMINGTON,CT,06032,8608995840,info@onpointtransportllc.com,2,2,,2026-09-23
5878771,"LAUNCHPAD ACADEMY FL, LLC",160 DRIVING ACADEMY,2026-09-21,A,A,PRIVATE PROPERTY,5990 W TOUHY AVE,NILES,IL,60714,6305811995,LPCOMPLIANCE@160DRIVINGACADEMY.COM,22,8,,
5877730,RUGGED PROPERTY SOLUTIONS LLC,,2026-09-21,A,C,PRIVATE PROPERTY;AUTHORIZED FOR HIRE,197 W BELL RD,WACO,TX,76705,2547323042,RUGGEDPROPERTYSOLUTIONS@GMAIL.COM,1,1,,
5868309,SIMPLY CONCRETE LLC,,2026-09-21,A,C,AUTHORIZED FOR HIRE,833 STEPHENS RD,INDEPENDENCE,KY,41051,8596524983,simplyconcrete@myyahoo.com,2,4,,
5865550,EDP TRANSPORT LLC,,2026-09-21,A,A,AUTHORIZED FOR HIRE,414 PERSIMMON DR,ALBANY,GA,31705,2293198475,ericperry320@gmail.com,1,1,,
5831465,ANTHONY BROOKS,BROOKS FARMS,2026-09-21,A,C,PRIVATE PROPERTY,1449 54TH AVE,AVON,IL,61415,3093373011,BROOKSFARMS00@GMAIL.COM,3,2,,
5821892,PIEDMONT COURIER SERVICES LLC,,2026-09-21,A,C,AUTHORIZED FOR HIRE,4006 BELMONT RIDGE DRIVE BELMONT RIDGE DRIVE,LITHONIA,GA,30038,4045941491,michellehous10@gmail.com,1,10,,
5816218,ROUTE SYNC LLC,,2026-09-21,A,C,,3285 W EL DORADO PKWY,LITTLE ELM,TX,75068,9403689316,accounting@goroutesync.com,0,,,
5814303,WILDCAT CARRIERS LLC,,2026-09-21,A,C,AUTHORIZED FOR HIRE,106 CAMINO DON GUILLERMO,NOGALES,AZ,85621,5204708074,wildcatcarriersllc@outlook.com,1,2,,
5807770,SEAGLASS TRAVELER VETERINARY SERVICES LLC,,2026-09-21,A,C,PRIVATE PROPERTY,9363 PALMETTO RIDGE COURT,NAVARRE,FL,32566,8502171642,SEAGLASSTRAVELERVS@GMAIL.COM,2,4,,
5769139,SS GLOBAL FORWARDING,,2026-09-21,A,A,AUTHORIZED FOR HIRE,16320 BALLINGER ST,NORTH HILLS,CA,91343,7472356672,ssglobalforwarding@gmail.com,1,1,,
5756665,"E.R.A TRANSPORT & LOGISTICS, LLC",,2026-09-21,A,A,AUTHORIZED FOR HIRE,2422 WHITE LADYFISH RD,WIMAUMA,FL,33598,8607776525,ERATRANSPORTANDLOGISTICS@GMAIL.COM,1,4,,
5756563,AMERICAN BEARS TRUCKING INC,,2026-09-21,A,A,AUTHORIZED FOR HIRE,11329 BUELL ST,DOWNEY,CA,90241,5625053097,blanca26x@gmail.com,1,1,,
5738349,ELITE LIMOUSINE SERVICE LLC,,2026-09-21,A,C,"PRIVATE PASSENGER, BUSINESS;PRIVATE PASSENGER, NON-BUSINESS;AUTHORIZED FOR HIRE",3165 FABYAN DR,REYNOLDSBURG,OH,43068,6148139991,ELITELIMOVIP@GMAIL.COM,2,8,,
5714605,ANCHORLINE TRANSPORT LLC,,2026-09-21,A,A,AUTHORIZED FOR HIRE,841 SPRING AVENUE,ST. CHARLES,MO,63301,3145035700,INFO@ANCHORLINETRANSPORT.NET,2,1,,
5710494,BAR E BUILDERS LLC.,,2026-09-21,A,C,PRIVATE PROPERTY,3914 HIGHWAY 13,STITES,ID,83552,2083154536,barebuilders2020@gmail.com,1,1,,
5665862,THE FANA GROUP LLC,,2026-09-21,A,A,AUTHORIZED FOR HIRE,15 NEWMAN STREET APT 1B,HACKENSACK,NJ,07601,6465297887,THEFANAGROUPLLC@GMAIL.COM,1,1,,
5654567,WILSON ALBERTO MERCADO NUNEZ,WILSON CARGO EXPRESS,2026-09-21,A,C,PRIVATE PROPERTY,URB VILLA CAROLINA 210-21 C 50,CAROLINA,PR,00985-3030,7873137754,WILSONMERCADO24@GMAIL.COM,1,2,,
5650872,4WLOGISTICSLLC@GMAIL.COM,,2026-09-21,A,A,AUTHORIZED FOR HIRE,2280 BURTON AVE,PITTSBURG,CA,94565,5109296295,4wlogisticsllc@gmail.com,2,4,,
5650442,MARKIAHQUON COURIERS LLC,,2026-09-21,A,A,AUTHORIZED FOR HIRE,971 US HIGHWAY 202 N. STE N,BRANCHBURG,NJ,08876,8565207349,markiahquoncouriers@gmail.com,1,2,,
5623604,"TIPPY TOP TREE SERVICE, LLC",,2026-09-21,A,C,PRIVATE PROPERTY,4509 E SUMMIT AVE,MUSKEGON,MI,49444,2312153847,STEIN4808@ICLOUD.COM,2,2,,
5622863,TARWATER ENTERPRISE LLC,,2026-09-21,A,C,AUTHORIZED FOR HIRE,2936 S COLONIAL ST,GILBERT,AZ,85295,4802660814,DREW@TENTERPRISE.NET,1,1,,
5614192,ULISES RUIZ ROMERO,,2026-09-21,A,C,AUTHORIZED FOR HIRE,4816 RICE LN,FORT WORTH,TX,76103,6822224807,ulisesruiz1118@gmail.com,1,1,,
5606631,C&P CORPORATION,,2026-09-21,A,A,AUTHORIZED FOR HIRE,3088 BARRETT RD,GAINESVILLE,GA,30507,5718308552,damarypalma12@gmail.com,1,1,,2026-09-23
5599323,L - LORA GROUP LLC,,2026-09-21,A,A,AUTHORIZED FOR HIRE,"66 E MAIN ST, 2ND & 3RD FLOOR",WESTMINSTER,MD,21157,4103013069,LLORAGROUPLLC@GMAIL.COM,1,1,,
5598515,PABLO URIZAR,P&L DELIVERY&TRANSPORT,2026-09-21,A,A,AUTHORIZED FOR HIRE,1534 ELM AVE,LONG BEACH,CA,90813,4242492939,pablourizar19@gmail.com,1,1,,
5597810,AKHAL TEKE LLC,,2026-09-21,A,A,AUTHORIZED FOR HIRE,5203 LINDENWOOD CIR,PLAINFIELD,IL,60586,3059009240,AHKLTEKE@GMAIL.COM,1,4,,
5576599,RFM LOGISTICS LLC,,2026-09-21,A,A,AUTHORIZED FOR HIRE,5818 SOUTH ARCHER ROAD STE 110,SUMMIT,IL,60501,7085005714,info@rfmlogistics.com,2,1,,2026-09-26
5572360,ACA TRANSPORT LLC,,2026-09-21,I,C,PRIVATE PROPERTY,2426 N SELMAN ST,HOBBS,NM,88240,3052401399,alejandropadillaluis@gmail.com,6,50,,
5566455,R.C. NAUTICAL PERFORMANCE LLC,R.C. NAUTICAL PERFORMANCE,2026-09-21,A,A,AUTHORIZED FOR HIRE,17 HAWTHORN WAY,WETHERSFIELD,CT,06109-3500,8608404869,RCNAUTICALPERFORMANCE@GMAIL.COM,1,8,,
5552162,PEREZ MARTINEZ TRANSPORT CORP,,2026-09-21,A,A,AUTHORIZED FOR HIRE,468 E 31ST ST,HIALEAH,FL,33013,5024402491,PEREZMARTINEZTRANSPORT@GMAIL.COM,1,1,,
5541687,CPMSSERVICES LLC,C&D LEGACY TRANSPORT,2026-09-21,A,A,AUTHORIZED FOR HIRE,1804 GREENFIELD AVE,FORT WORTH,TX,76102,8179191861,sdjc03@yahoo.com,1,1,,
5494556,NORVIKLOGISTICS LLC,,2026-09-21,A,A,AUTHORIZED FOR HIRE,738 W SILVERCREST DR,LINDSAY,CA,93247,5596065433,norviklogisticsllc@gmail.com,1,1,,
5470815,ARMOR DRIVEN POWER LLC,,2026-09-21,A,A,AUTHORIZED FOR HIRE,201 ROYAL TUPPER TER APT 206,KISSIMMEE,FL,34744,3472337056,ALAINPAULINO22@GMAIL.COM,1,1,,
5467164,METRO HUB LOGISTICS LLC,,2026-09-21,A,C,AUTHORIZED FOR HIRE,1309 SOUTH SHERIDAN AVE APT 1,TACOMA,WA,98405-3559,2532128696,metrohubllc@gmail.com,2,4,,
5451725,JESK TRUCKING LLC,,2026-09-21,A,A,AUTHORIZED FOR HIRE,46 SEWALL ST APT 2,LYNN,MA,01902,7817328668,JESKTRUCKING@GMAIL.COM,1,1,,
5444429,TIMBER AND TARGETS LLC,HARBOR HAULING & JUNK,2026-09-21,A,C,AUTHORIZED FOR HIRE,106 E HERON ST,ABERDEEN,WA,98520,3607904797,office@tntaxe.com,1,1,,
5435933,BREAKTHROUGH TRANSPORT SERVICES,,2026-09-21,A,A,AUTHORIZED FOR HIRE,1825 AZALEA DRIVE,LAWRENCEVILLE,GA,30043,6783600388,BREAKTHROUGH.TS@OUTLOOK.COM,1,2,,
5426891,MITTEN MAR'S ENTERTAINMENT LLC,,2026-09-21,A,A,AUTHORIZED FOR HIRE,27390 W 10 MILE RD,SOUTHFIELD,MI,48033-2803,2484699573,mittenmarsent@gmail.com,1,1,,
5418976,OTHALA TRANSPORT LLC,,2026-09-21,A,A,AUTHORIZED FOR HIRE,2289 W 650 N,CRAWFORDSVILLE,IN,47933-8121,7654015339,OTHALATRANSPORT@GMAIL.COM,1,4,,
5418227,LIGHT YEAR INDUSTRIES,,2026-09-21,A,C,PRIVATE PROPERTY;AUTHORIZED FOR HIRE,3621 MAIN PLAZA DR,HOUSTON,TX,77025,3465033552,CONTACT@JUSTBETTERROOFING.COM,1,4,,
5401907,TLA TRUCKING,TA TRUCKING LLC,2026-09-21,A,C,PRIVATE PROPERTY;AUTHORIZED FOR HIRE,606 SW FRONT ST,WALNUT RIDGE,AR,72476,8707592004,tamotorsportsg1@gmail.com,4,2,,
5398404,CRUZITO TRANSPORTATION LLC,,2026-09-21,A,A,AUTHORIZED FOR HIRE,30 S 2ND ST,FORDS,NJ,08863,3232194482,gelascru@gmail.com,1,1,,
5395479,AMERICAN EXPRESS LLC,,2026-09-21,A,A,PRIVATE PROPERTY;AUTHORIZED FOR HIRE,1175 COUNTY ROAD D E APT 210,SAINT PAUL,MN,55109,6127084372,AMERICEXPRESS1@GMAIL.COM,2,2,,
5388947,KINGS F LOGISTICS LLC,,2026-09-21,I,C,AUTHORIZED FOR HIRE,18726 WHITE CANDLE DR,SPRING,TX,77388,3464758219,capleton_142@yahoo.com,2,4,,
5348558,CENTRAL CITY LUMBER INC.,,2026-09-21,I,A,PRIVATE PROPERTY,1095 5TH AVE N,CARRINGTON,ND,58421,7016523101,mikeneis@daktel.com,9,10,,
5347382,KRISTKAR GROUP INC,,2026-09-21,A,A,"PRIVATE PASSENGER, BUSINESS;PRIVATE PASSENGER, NON-BUSINESS;AUTHORIZED FOR HIRE",17430 HART ST,VAN NUYS,CA,91406,7472797355,KRISTKARGROUP@GMAIL.COM,10,91,,
5345318,JW AUTO CARRIER GROUP CORP.,,2026-09-21,A,C,AUTHORIZED FOR HIRE,1775 NORTHWEST 47TH TERRACE,MIAMI,FL,33142,7866419702,JWAUTOCARRIERSGROUP@OUTLOOK.COM,2,2,,
5330678,EL BUENO TRANSPORTATION INC,,2026-09-21,A,A,AUTHORIZED FOR HIRE,1704 E CARSON AVE,TULARE,CA,93274,5596569593,buenojoe76@gmail.com,1,1,,
5324978,2L3KHALAL TRUCKING COMPANY,,2026-09-21,A,C,AUTHORIZED FOR HIRE,35710 MUIRWOOD DR,FARMINGTON HILLS,MI,48335,3138072679,POWLEELEE@GMAIL.COM,2,4,,
5295519,JCRUZ TRANSPORT LLC,,2026-09-21,A,C,AUTHORIZED FOR HIRE,17350 STATE HWY 249 STE 220,HOUSTON,TX,77064,8328068408,JCRUZSANTIAGO1729@GMAIL.COM,1,1,,
5286488,CONTINENTAL ROOFING INC.,,2026-09-21,I,C,AUTHORIZED FOR HIRE,116 MONOMONOCK RD,CRESCO,PA,18326-7872,5706567157,jockored@verizon.net,2,1,,
5282840,"REYES FLEET TRUCKING, LLC",,2026-09-21,A,C,AUTHORIZED FOR HIRE,3425 58TH AVE NE,NAPLES,FL,34120,3057253756,GONZ.RUIZ.2008@GMAIL.COM,1,1,,
5265784,IRE LOGISTICS LLC,,2026-09-21,A,C,,1 BLUE HILL PLAZA STE 1509,PEARL RIVER,NY,10965,8458141751,irelogisticllc@gmail.com,0,,,
5261577,NONO TRANSPORT LLC,,2026-09-21,A,A,AUTHORIZED FOR HIRE,11 MOORE PL,NORWALK,CT,06855,2034341541,NONOTRANSPORTLLC@GMAIL.COM,1,4,,
5239572,DICKSON TRANSPORTATION LLC,,2026-09-21,A,A,AUTHORIZED FOR HIRE,5175 SHAUGER ROAD,CAMERON MILLS,NY,14820,6073680823,jcdickson21@yahoo.com,1,4,,
5239452,NANNY'S JAMAICAN LLC,NANNY'S JAMAICAN KITCHEN,2026-09-21,A,C,PRIVATE PROPERTY,969 RICE ST,ST PAUL,MN,55117,6126881619,okkoy@nannysjamaican.com,1,4,,
5226059,NEXGEN FREIGHT SOLUTIONS LLC,,2026-09-21,A,C,,108 SOUTH PENNINGTON RD.,NEW BRUNSWICK,NJ,08901,3026100479,nexgenfrieght@gmail.com,0,,,
5222880,LEGACY FREIGHT CO. LLC,,2026-09-21,A,A,AUTHORIZED FOR HIRE,345 E CHESTNUT ST,HAZLETON,PA,18201,5702369536,LEGACYFREIGHTCOLLC@GMAIL.COM,1,4,,
5219861,TRIAD CENTRAL HOLDINGS LLC,OFFICE EXPERTS,2026-09-21,A,A,PRIVATE PROPERTY,2764 44TH AVE N,FARGO,ND,58102,6783738856,PATM@OFFICEEXPERTSFARGO.COM,6,20,,
5213712,BOX RUNNER FREIGHT LLC,,2026-09-21,A,A,AUTHORIZED FOR HIRE,3600 PARK 42 DR SUITE3650,SHARONVILLE,OH,45241,5133060358,BOXRUNNERFREIGHT@GMAIL.COM,1,1,,
5211257,RI EXPRESS LLC,,2026-09-21,A,A,PRIVATE PROPERTY;AUTHORIZED FOR HIRE,5701 SHINGLE CREEK PARKWAY STE 210 B,BROOKLYN CENTER,MN,55430,6124090752,dispatch@riexpressllc.com,1,1,,
5181756,YRF TRUCKING LLC,,2026-09-21,A,A,AUTHORIZED FOR HIRE,147 S ANNA ST,WICHITA,KS,27209,3168838980,YRFTRUCKING26@GMAIL.COM,1,1,,2026-09-22
5180786,SCOUTLANDS,,2026-09-21,A,C,PRIVATE PROPERTY,310 W MCCLOY,MONTICELLO,AR,71655,8703673401,MATT@ESA-STAFFING.COM,2,1,,
5177840,IRON PATH TRANSPORT LLC,,2026-09-21,A,A,AUTHORIZED FOR HIRE,8143 DUNE BROOK DR.,HOUSTON,TX,77089,4632821616,ironpathtransport1@gmail.com,2,4,,
5163164,CLARENCE WHITFIELD JR.,7W LOGISTICS,2026-09-21,A,C,AUTHORIZED FOR HIRE,610 E MCLENDON ST,STAMFORD,TX,79553,4327586042,svnwlgstcs@outlook.com,1,1,,
5127292,WESTSIDE AUTOMOTIVE LLC,,2026-09-21,A,C,AUTHORIZED FOR HIRE,11645 MONUMENT DR UNIT 1246,BRADENTON,FL,34211,3474390271,westside.autotowing@gmail.com,1,2,,
5125951,OAKSTEAD LOGISTICS LLC,,2026-09-21,A,A,AUTHORIZED FOR HIRE,203 LEGHORN ST,WINDSOR,NC,27983,2528184066,OAKSTEADLOGISTICS@OUTLOOK.COM,1,1,,
5106963,DIAMOND TRUCK COMPANY LLC,,2026-09-21,P,A,AUTHORIZED FOR HIRE,4723 STOREY AVE,MIDLAND,TX,79703,7864000850,hebertpadronperez@gmail.com,2,1,,
5106741,YCA EXPRESS TRUCKING CORP,,2026-09-21,A,A,AUTHORIZED FOR HIRE,1261 SW 104TH PSGE APT 103,MIAMI,FL,33174,3057174657,YCAEXPRESSTRUCKING@GMAIL.COM,1,1,,
5077291,NNS LOGISTICS LLC,,2026-09-21,A,A,AUTHORIZED FOR HIRE;EXEMPT FOR HIRE,35775 DODGE PARK RD,STERLING HTS,MI,48312-3934,2485333822,NAWARBUTRUS@GMAIL.COM,1,4,,
5067836,GEISMAN TRANSPORT,ROBERT GEISMAN TRANSPORTATION,2026-09-21,A,A,AUTHORIZED FOR HIRE,76 CO RD 314,CRANE HILL,AL,35053,2568168595,robertgeisman@yahoo.com,2,1,,
5057299,MASTA ENTERPRISE LLC,,2026-09-21,A,A,AUTHORIZED FOR HIRE,5500 LAURENT DR APT 519,PARMA,OH,44129-5998,2169657633,masta1993@gmail.com,1,1,,
5053847,TWYMAN TRANSPORT INC,,2026-09-21,A,C,AUTHORIZED FOR HIRE,12118 KINGFISHER COURT,INDIANAPLOIS,IN,46236,3175517979,garytwyman44@gmail.com,2,4,,
5023845,MANKATO AREA CATHOLIC SCHOOLS INC,,2026-09-21,A,C,"PRIVATE PROPERTY;PRIVATE PASSENGER, BUSINESS;PRIVATE PASSENGER, NON-BUSINESS",145 GOOD COUNSEL DRIVE,MANKATO,MN,56001-3146,5073880600,tclements@loyolacatholicschool.org,1,4,,
5022571,DRX TRANSPORTATION LLC,,2026-09-21,A,A,AUTHORIZED FOR HIRE,7604 TERRY RD,LOUISVILLE,KY,40258,5024246083,DRXTRANSPORT@OUTLOOK.COM,1,1,,
5018744,DC CONSTRUCTION AND EXCAVATION LLC,,2026-09-21,A,C,AUTHORIZED FOR HIRE,70 WALNUT TREE HILL RD,SHELTON,CT,06484,2037514679,DC.CONSTRUCTION.EXCAVATION@GMAIL.COM,1,1,,
5009522,GREEN OIL RECLAIMERS LLC,,2026-09-21,A,C,PRIVATE PROPERTY,18015 SH 16 S,SAN ANTONIO,TX,78264,2103266916,greenoiltx@gmail.com,2,2,,
4999640,RUBBER LOGISTICS COURIER LLC,,2026-09-21,A,A,AUTHORIZED FOR HIRE;EXEMPT FOR HIRE,199 SIGOURNEY STREET B7,HARTFORD,CT,06105-1948,9592066067,BYRONMULGRAVE@GMAIL.COM,2,4,,
4985079,SKYPOINT TRANSPORTATION LLC,,2026-09-21,A,C,AUTHORIZED FOR HIRE,1119 S HIDDENBROOK TRL,PALATINE,IL,60067,2152725347,NUAHEN9@GMAIL.COM,2,2,,
4944521,EAGLE WAY TRUCKING INC,,2026-09-21,A,A,AUTHORIZED FOR HIRE,7987 JONES RD,JESSUP,MD,20794,5162704301,EWTRUCKINGI@GMAIL.COM,1,1,,
4942833,KING CONTAINER CO,,2026-09-21,A,C,PRIVATE PROPERTY;AUTHORIZED FOR HIRE,1077 E 113TH ST,CROWN POINT,IN,46307,2192186033,BET4224@AOL.COM,1,2,,
4926646,MARCIAL LINARES,,2026-09-21,A,C,PRIVATE PROPERTY,9027 KATHERINE AVE,PANORAMA CITY,CA,91402-1905,8182681365,MARCIALLINARES01@ICLOUD.COM,2,1,,
4910726,ALBE TRUCKING LLC,,2026-09-21,A,C,AUTHORIZED FOR HIRE,23603 GRANT DR,LOXLEY,AL,36551,2519793028,ALABAMAJACKOAT@GMAIL.COM,1,1,,
4898625,CSTRANSPORTING,,2026-09-21,A,A,PRIVATE PROPERTY;AUTHORIZED FOR HIRE,3369 HIGHWAY P,OWENSVILLE,MO,65066,5735024505,CSTRANSPORTING@OUTLOOK.COM,1,2,,
4878456,R45 LOGISTICS L.L.C.,,2026-09-21,A,A,AUTHORIZED FOR HIRE,1422 N COLORADO AVE,INDIANAPOLIS,IN,46201,3176055313,RBANNON4@R45LOGISTICS.COM,1,1,,
4864710,C & M FARM LLC,,2026-09-21,A,A,AUTHORIZED FOR HIRE;EXEMPT FOR HIRE,3270 S WAPAKONETA RD.,LIMA,OH,45806,5678250393,CMFARM45804@GMAIL.COM,1,8,,
4856955,MEXICO MONUMENTS LLC,,2026-09-21,A,C,PRIVATE PROPERTY;AUTHORIZED FOR HIRE,2 CEDAR STREET,MIFFLINTOWN,PA,17059,7174366016,MEXICOMONUMENT@GMAIL.COM,3,1000,,
4833801,JASKINS INC,,2026-09-21,A,A,AUTHORIZED FOR HIRE,1611 E COLLINS BLVD,RICHARDSON,TX,75080,7028236180,admin@jaskins.com,5,4,,
4824715,STEWART SERVICES LLC,,2026-09-21,A,A,PRIVATE PROPERTY;AUTHORIZED FOR HIRE,2407 SANTA FE PIKE,SANTA FE,TN,38482,9312159086,STEWART.SERVICES7522@GMAIL.COM,4,4,,
4823910,ALLEN TRANSFER LLC,,2026-09-21,A,A,PRIVATE PROPERTY;AUTHORIZED FOR HIRE,104 HYLAND DR,PETAL,MS,39465,6016585491,ALLENTRANSFERLLC@GMAIL.COM,2,4,,
4810818,SABRIDGE LOGISTICS LLC,,2026-09-21,A,A,AUTHORIZED FOR HIRE,12551 HARPERS CT NE UNIT D,BLAINE,MN,55449,7633523676,sabridgellc@gmail.com,1,2,,
4780256,ARGEN CARGO LLC,,2026-09-21,A,A,AUTHORIZED FOR HIRE,1017 W 48TH ST,CHICAGO,IL,60609,2242910391,ARGENLOADS@GMAIL.COM,2,2,,
4772479,JAZMIN TRUCKING LLC,,2026-09-21,A,A,AUTHORIZED FOR HIRE,7317 ROAD 10 NW,EPHRATA,WA,98823-9310,5099896599,HORTENCIAMORA60@GMAIL.COM,2,2,,
4767638,SOTTA STRIPING LLC,,2026-09-21,A,C,PRIVATE PROPERTY,13378 S CIRCLE DR,NEW PRAGUE,MN,56071-4705,5072731159,OFFICE@SOTASTRIPING.COM,1,3,,
4761051,TOP DON HAULING INC,,2026-09-21,A,C,PRIVATE PROPERTY;AUTHORIZED FOR HIRE,6703 GUADALUPE LN,STOCKTON,CA,95219,2098145332,TOPDONHAULING@GMAIL.COM,1,1,,
4732587,J.R. MORGAN ASSOCIATES INC.,,2026-09-21,A,C,PRIVATE PROPERTY,56 HALLOCK LANDING ROAD,ROCKY POINT,NY,11778,6318212871,johnwok26@gmail.com,1,1,,
4716064,SOUTHERN GRIT SERVICES LLC,,2026-09-21,A,C,PRIVATE PROPERTY;AUTHORIZED FOR HIRE,625 HWY 103,OPELOUSAS,LA,70570,3373519211,rahcm1997@icloud.com,4,2,,
4676950,AXLE FREIGHT SYSTEM INC,AXLE FREIGHT,2026-09-21,A,A,AUTHORIZED FOR HIRE,3451 PAULPEEL AVE,LONDON,ON,N6L 0E2,4372437000,dispatch@theaxlefreight.com,1,1,,
4675527,S&J TRANSPORTATION LLC,,2026-09-21,A,C,AUTHORIZED FOR HIRE,205 E HEMLOCK ST APT2,HAZLETON,PA,18201,5708176675,SJTRANSPORTATIONLLC2022@GMAIL.COM,1,1,,
4667371,ALLIED SERVICES,,2026-09-21,I,C,PRIVATE PROPERTY,100 ABINGTON EXECUTIVE PARK,CLARK SUMMIT,PA,18411,5703406426,jsimps@allied-services.org,6,6,,
4662396,K & S TRANSPORT LLC,,2026-09-21,I,A,PRIVATE PROPERTY;AUTHORIZED FOR HIRE,31953 RETAMA RANCH LN,SPRING,TX,77386,3468120864,KANDSTRANSPORTLLC@YAHOO.COM,1,6,,
4656996,45 ENTERPRISE LLC,,2026-09-21,A,A,AUTHORIZED FOR HIRE,2008 W CARSON ST 102,TORRENCE,CA,90501,4242057439,FORTYFIVEENTERPRISELLC@GMAIL.COM,1,4,,
4650457,TRIPLE SEVENS RECOVERY LLC,,2026-09-21,A,A,AUTHORIZED FOR HIRE,976 BRADFORD ST,SAINT PAUL,MN,55114,6512521201,777RECOVERYMN@GMAIL.COM,1,2,,
4631018,DEREK TANNER,,2026-09-21,A,C,PRIVATE PROPERTY;AUTHORIZED FOR HIRE,2581 MEADOW WOOD RD,GRANBURY,TX,76048,8177057383,derek@dtroofing.net,1,1,,
4615809,ADEL AUTO SERVICES LLC,,2026-09-21,A,A,AUTHORIZED FOR HIRE,8717 URBANDALE AVE APT 1,URBANDALE,IA,50322,7167100391,ADELAUTOSERVICESLLC@GMAIL.COM,1,1,,
4611673,CALEB MCNEELY,,2026-09-21,A,A,AUTHORIZED FOR HIRE,639 OXFORD,VERSAILLES,KY,40383,8593210331,calebmcneely99@gmail.com,1,4,,
4586733,LAS 4 LOGISTICS LLC,,2026-09-21,A,C,,14422 SWEENEY RD,HOUSTON,TX,77060,3466356022,las4freight@gmail.com,0,,,
