account_number,name,entity_type,status,registered,domestic_or_foreign,formation_place,naics,street,city,state,zip,email
3527417,EVERYTHING LUCRATIVE LLC,LLC,Active,2026-10-04,Domestic,Connecticut,All Other Support Activities for Transportation (488999),437 Howard Ave,Bridgeport,CT,06605-1831,ebonyb@everythinglucrative.com
3528077,"Classic Renditions Photography, LLC",LLC,Active,2026-10-04,Domestic,Connecticut,"Photography Studios, Portrait (541921)",6 Grissom Drive,West Hartford,CT,06110,eddiecurameng@gmail.com
3528089,Cornerstone Home & Property Services LLC,LLC,Active,2026-10-04,Domestic,Connecticut,Residential Remodelers (236118),22 Kingwood Pl,New Britain,CT,06053-1732,jaydensanchez187@gmail.com
3528093,The Little Leaf & Co LLC,LLC,Active,2026-10-04,Domestic,Connecticut,Nursery and Tree Production (111421),401 Saw Mill Hill Rd,Sterling,CT,06377-1406,jillian.pignataro05@gmail.com
3528097,Grey Alexander Farmstead LLC,LLC,Active,2026-10-04,Domestic,Connecticut,Chicken Egg Production (112310),1 Jewell Ave,CROMWELL,CT,06416,greyalexanderfarmstead@gmail.com
3528098,"The Tech Consigliere, LLC",LLC,Active,2026-10-04,Domestic,Connecticut,Computer Systems Design Services (541512),34 Aragon Dr,Trumbull,CT,06611-2850,paulgramolini@outlook.com
3528106,RSVP VOLLEYBALL LLC,LLC,Active,2026-10-04,Domestic,Connecticut,Sports and Recreation Instruction (611620),448 Dowd Ave,Canton,CT,06019-2410,info@rsvpvolleyball.com
3528109,Lumera LLC,LLC,Active,2026-10-04,Domestic,Connecticut,All Other Home Furnishings Retailers (449129),19 Trowbridge,Bethel,CT,06801,studio@lumeradesign.us
3528119,Symmetry Power Options LLC,LLC,Active,2026-10-04,Domestic,Connecticut,Other Scientific and Technical Consulting Services (541690),93 Prospect Ave,Danielson,CT,06239-2737,irishoneil87@gmail.com
3528121,AR Fine Auto Care LLC,LLC,Active,2026-10-04,Domestic,Connecticut,Car Washes (811192),267 Peter Green Rd,Tolland,CT,06084-2409,tackle3033@gmail.com
3528135,A. Reyes Digital LLC,LLC,Active,2026-10-04,Domestic,Connecticut,"Media Streaming Distribution Services, Social Networks, and Other Media Networks and Content Providers (516210)",11 Settlers Ln,Sandy Hook,CT,06482-1312,reyessamandaa07@gmail.com
3528141,Bay Cedar LLC,LLC,Active,2026-10-04,Domestic,Connecticut,"Independent Artists, Writers, and Performers (711510)",26 Winton Farm Rd,Newtown,CT,06470-2653,baycedarllc@gmail.com
3528144,"Sliker Horticulture, LLC",LLC,Active,2026-10-04,Domestic,Connecticut,"Flower, Nursery Stock, and Florists' Supplies Merchant Wholesalers (424930)",13 BURNHAM ST,Kensington,CT,06037,slikerhorticulture@gmail.com
3528150,Whish List Home Services LLC,LLC,Active,2026-10-04,Domestic,Connecticut,Other Services to Buildings and Dwellings (561790),18 Willieb St,Glastonbury,CT,06033-3068,asyouwhish17@gmail.com
3528155,L'ESCALIER Limited Liability Co.,LLC,Active,2026-10-04,Domestic,Connecticut,Lessors of Residential Buildings and Dwellings (531110),17 Meadow St,Seymour,CT,06483-2903,escalier1026@yahoo.com
3528173,Celix LLC,LLC,Active,2026-10-04,Domestic,Connecticut,Computer Systems Design Services (541512),40 Rockmere Ave,Old Greenwich,CT,06870-1312,pramod@celixlabs.io
3528177,Paz Ramos Landscaping LLC,LLC,Active,2026-10-04,Domestic,Connecticut,Landscaping Services (561730),17 Mallory St,Danbury,CT,06810-5407,paz839370@gmail.com
3528180,VidaDraw Mobile Phlebotomy LLC,LLC,Active,2026-10-04,Domestic,Connecticut,Medical Laboratories (621511),900 Washington St,Middletown,CT,06457-2932,info@vidadraw.com
3528183,Glimmer Moon Healing LLC,LLC,Active,2026-10-04,Domestic,Connecticut,Other Personal Care Services (812199),41 Federal St,West Hartford,CT,06110-1718,info@glimmerhealing.com
3528191,Soul Sound Wellness Studio Limited Liability Company,LLC,Active,2026-10-04,Domestic,Connecticut,All Other Miscellaneous Schools and Instruction (611699),48 Church St,Rocky Hill,CT,06067,soulsoundwellnessstudio@gmail.com
3528198,Cela Brothers Holdings LLC,LLC,Active,2026-10-04,Domestic,Connecticut,Lessors of Residential Buildings and Dwellings (531110),41 Delhurst Dr,Waterbury,CT,06708-1506,albi.cela138@gmail.com
3528226,Expert Driveways & Roadworks LLC,LLC,Active,2026-10-04,Domestic,Connecticut,"Highway, Street, and Bridge Construction (237310)",92 Nelson Dr,Burlington,CT,06013-1900,expert.driveways.roadworks@gmail.com
3528231,T-Rex Industrial LLC,LLC,Active,2026-10-04,Domestic,Connecticut,Welding and Soldering Equipment Manufacturing (333992),85 Cronin St,Bristol,CT,06010-7853,trbtrex@gmail.com
3528238,"Clear Path Numbers, L.L.C.",LLC,Active,2026-10-04,Domestic,Connecticut,Other Accounting Services (541219),362 East St,Stafford Springs,CT,06076-3922,michele.cosby@mcosby362east.onmicrosoft.com
3528239,KGT Treasury Consulting LLC,LLC,Active,2026-10-04,Domestic,Connecticut,Administrative Management and General Management Consulting Services (541611),3 Bucciarelli Lane,Norwalk,CT,06850,kwabgt@gmail.com
3528250,The Daily Crumb Mill L.L.C.,LLC,Active,2026-10-04,Domestic,Connecticut,Retail Bakeries (311811),362 East St,Stafford Springs,CT,06076-3922,michele.cosby@mcosby362east.onmicrosoft.com
3528259,PG BUSINESS SERVICES LLC,LLC,Active,2026-10-04,Domestic,Connecticut,Tax Preparation Services (541213),54 Golden Hill Rd,Danbury,CT,06811-4636,businessservicespg@gmail.com
3528270,Big Girls Don't Cry Podcast LLC,LLC,Active,2026-10-04,Domestic,Connecticut,"Media Streaming Distribution Services, Social Networks, and Other Media Networks and Content Providers (516210)",9 Pheasant Ln,WESTPORT,CT,06880,infobiggirlsdontcry@gmail.com
3528275,GSC Premier Transportation LLC,LLC,Active,2026-10-04,Domestic,Connecticut,Freight Transportation Arrangement (488510),47 Michael Rd,Hamden,CT,06514-4504,giovani_campbell@yahoo.com
3528291,LC Home Improvement LLC,LLC,Active,2026-10-04,Domestic,Connecticut,Residential Remodelers (236118),66 Frederic Rd,Vernon Rockville,CT,06066-5410,lcplumbing777@gmail.com
3528299,Precision Lab/Med Courier LLC,LLC,Active,2026-10-04,Domestic,Connecticut,All Other Miscellaneous Ambulatory Health Care Services (621999),90 Overlook Ave,New Britain,CT,06053-2304,coverdonna98@gmail.com
3528302,Inspired by Ona LLC,LLC,Active,2026-10-04,Domestic,Connecticut,Fine Arts Schools (611610),24 Sycamore Ln,Manchester,CT,06040,inspiredbyona@gmail.com
3528304,"Leadership Impact Partners, LLC",LLC,Active,2026-10-04,Domestic,Connecticut,Administrative Management and General Management Consulting Services (541611),61 Wilton Rd,Windsor,CT,06095-3604,abreeves@liaconsultants.com
3528314,"Affordable Auto Services, LLC",LLC,Active,2026-10-04,Domestic,Connecticut,Used Car Dealers (441120),53 Ward Pl,Hartford,CT,06106-3022,affordable.autoservices@yahoo.com
3528332,"Best Practice CFO, LLC",LLC,Active,2026-10-04,Domestic,Connecticut,Other Accounting Services (541219),772 Rustic Ln,Cheshire,CT,06410,jsalisbury0803@gmail.com
3528339,F1rst Choice Auto Transport LLC,LLC,Active,2026-10-04,Domestic,Connecticut,"Specialized Freight except Used Goods Trucking, Long-Distance (484230)",171 McCormick Ln,Middletown,CT,06457-2050,f1rstchoiceautotransportllc@gmail.com
3528342,Gringoou LLC,LLC,Active,2026-10-04,Domestic,Connecticut,"Media Streaming Distribution Services, Social Networks, and Other Media Networks and Content Providers (516210)",72 Merrimac St,Danbury,CT,06810-6466,viniciusmanuelpires@gmail.com
3528343,"Bespoke Therapy CT, PLLC",LLC,Active,2026-10-04,Domestic,Connecticut,Offices of Mental Health Practitioners except Physicians (621330),167 Cherry St.,Milford,CT,06460,justinwbranham@gmail.com
3528345,LAL On-Site Diesel Repair LLC,LLC,Active,2026-10-04,Domestic,Connecticut,General Automotive Repair (811111),71 Fitts Rd,Ashford,CT,06278-1102,lalonsitedieselrepair@gmail.com
3528354,Invictus Painting and Property Services LLC,LLC,Active,2026-10-04,Domestic,Connecticut,Painting and Wall Covering Contractors (238320),80 Central St,Ansonia,CT,06401,invictuspaintingct@gmail.com
3528357,Tri State Fun Company LLC,LLC,Active,2026-10-04,Domestic,Connecticut,All Other Consumer Goods Rental (532289),9 Dunham Dr,New Fairfield,CT,06812-4046,info@tristatefunco.com
3528369,EFSK TECHNOLOGIES LLC,LLC,Active,2026-10-04,Domestic,Connecticut,Computer Systems Design Services (541512),1204 Main St,Branford,CT,06405-3787,efskinfo@gmail.com
3528372,Morningstar PM LLC,LLC,Active,2026-10-04,Domestic,Connecticut,Residential Property Managers (531311),90 Brookside Dr,Suffield,CT,06078,nutmeglandlord@gmail.com
3528380,Ulasmedia LLC,LLC,Active,2026-10-04,Domestic,Connecticut,Advertising Agencies (541810),41 Valley View Rd,Milford,CT,06461-2350,ulasaltin23@gmail.com
3523516,Halley Holdings LLC,LLC,Active,2026-10-03,Domestic,Connecticut,Offices of Other Holding Companies (551112),15 elmwood ave,Norwalk,CT,06854,nickhalley2000@gmail.com
3527798,Pitts Property Solutions LLC,LLC,Active,2026-10-03,Domestic,Connecticut,Landscaping Services (561730),43 Linden St,New London,CT,06320-4811,pittspropertysolutions1@gmail.com
3527850,KKGS Contracting Services Limited Liability Company,LLC,Active,2026-10-03,Domestic,Connecticut,All Other Business Support Services (561499),38 Bige,Manchester,CT,06040,kelli529@hotmail.com
3527874,Marrero Trucking LLC,LLC,Active,2026-10-03,Domestic,Connecticut,"General Freight Trucking, Long-Distance, Truckload (484121)",75 Vernon St,Waterbury,CT,06708,marrerotruckersllc@gmail.com
3527899,One Shot Lawn & Junk Removal Limited Liability Company,LLC,Active,2026-10-03,Domestic,Connecticut,Landscaping Services (561730),11 Pleasant St,Wolcott,CT,06716-2813,ooneshotlawnandjunk@gmail.com
3527906,95 Oak St LLC,LLC,Active,2026-10-03,Domestic,Connecticut,Lessors of Residential Buildings and Dwellings (531110),95 Oak St,Hartford,CT,06106,patrick@ctremax.com
3527915,101 Oak St LLC,LLC,Active,2026-10-03,Domestic,Connecticut,Lessors of Residential Buildings and Dwellings (531110),101 Oak St,Hartford,CT,06106,patrick@ctremax.com
3527918,107 Oak St LLC,LLC,Active,2026-10-03,Domestic,Connecticut,Lessors of Residential Buildings and Dwellings (531110),107 Oak St,Hartford,CT,06106-1515,patrick@ctremax.com
3527920,GRJ L.L.C.,LLC,Active,2026-10-03,Domestic,Connecticut,All Other Miscellaneous Retailers (459999),5 Nabby Rd,Brookfield,CT,06804-2561,grjbusinesses@gmail.com
3527928,Speed City Logistics LLC,LLC,Active,2026-10-03,Domestic,Connecticut,"General Freight Trucking, Long-Distance, Truckload (484121)",49 Putnam Blvd,Glastonbury,CT,06033-1079,speedcitylogistics@gmail.com
3527943,Central Force Recording and Publishing LLC,LLC,Active,2026-10-03,Domestic,Connecticut,Musical Groups and Artists (711130),76 Chestnut St Apt 1,Bristol,CT,06010-6281,brianwalshc21@yahoo.com
3527950,Aadinam Groups L.L.C.,LLC,Active,2026-10-03,Domestic,Connecticut,Other Grocery and Related Products Merchant Wholesalers (424490),1 Abbott Rd Unit 40,Ellington,CT,06029-3865,aadinamgroups@gmail.com
3527953,Wounded Healer LLC,LLC,Active,2026-10-03,Domestic,Connecticut,Offices of All Other Miscellaneous Health Practitioners (621399),86 Richards Place,WEST HAVEN,CT,06516-3830,eblanco40.eb@gmail.com
3527954,Theophilia LLC,LLC,Active,2026-10-03,Domestic,Connecticut,All Other Miscellaneous Retailers (459999),246 Barbara Rd,Middletown,CT,06457-2405,seamus@theophilia.com
3527956,Hot Spot Smoke Shop & Conv. LLC,LLC,Active,2026-10-03,Domestic,Connecticut,Supermarkets and Other Grocery Retailers (except Convenience Retailers) (445110),399 W Main St,New Britain,CT,06052-1329,ali.buhaibeh83@gmail.com
3527964,K.A.R.S LLC,LLC,Active,2026-10-03,Domestic,Connecticut,General Automotive Repair (811111),53 Susan Ln,North Haven,CT,06473-1930,k.a.r.sautomotiveservice@gmail.com
3527966,MELENDEZ EXPRESS SERVICES LLC,LLC,Active,2026-10-03,Domestic,Connecticut,"General Freight Trucking, Local (484110)",108 LIBERTY ST,DANBURY,CT,06810,melendezexpressservices@yahoo.com
3527970,Payoff Management ACN Limited Liability Company,LLC,Active,2026-10-03,Domestic,Connecticut,Other General Government Support (921190),32 Crescent St,ansonia,CT,06401,janell392@gmail.com
3527979,Pier 72 LLC,LLC,Active,2026-10-03,Domestic,Connecticut,All Other General Merchandise Retailers (455219),85 Longview Ave,Fairfield,CT,06824,pierseventytwo@gmail.com
3527991,RISP Physical Therapy & Wellness PLLC,LLC,Active,2026-10-03,Domestic,Connecticut,"Offices of Physical, Occupational and Speech Therapists, and Audiologists (621340)",133 HARTSWOOD ROAD,Stamford,CT,06905-2211,sudhakotha@risppt.com
3527996,Roadside Rush LLC,LLC,Active,2026-10-03,Domestic,Connecticut,All Other Automotive Repair and Maintenance (811198),18 Heath St,Hartford,CT,06106-1028,roadsiderushct@gmail.com
3528008,BuildPros Hub LLC,LLC,Active,2026-10-03,Domestic,Connecticut,Web Search Portals and All Other Information Services (519290),17 Blossom Ln,Wallingford,CT,06492-5334,admin@buildproshub.com
3528022,DB Plumbing Services LLC,LLC,Active,2026-10-03,Domestic,Connecticut,"Plumbing, Heating, and Air-Conditioning Contractors (238220)",2 Bronson Dr,Beacon Falls,CT,06403-1461,dbplumbing26@gmail.com
3528026,"The Event Nanny, LLC",LLC,Active,2026-10-03,Domestic,Connecticut,Child Care Services (624410),232 SCHOOL ST,MANCHESTER,CT,06040,angela@theeventnannyllc.com
3528039,Thistle & Stem Florals LLC,LLC,Active,2026-10-03,Domestic,Connecticut,Florists (459310),82 Niles Rd,New Hartford,CT,06057-4225,jacklynt0921@gmail.com
3528050,Gracecrest Limited Liability Company,LLC,Active,2026-10-03,Domestic,Connecticut,Services for the Elderly and Persons with Disabilities (624120),310 Stonefence Road,"Naugatuck, CT",CT,06770,gracecresthomecare@gmail.com
3528053,Horizon Home Improvement LLC,LLC,Active,2026-10-03,Domestic,Connecticut,Residential Remodelers (236118),401 Summerfield Ave,Bridgeport,CT,06610-2930,carlodgalicia@gmail.com
3528061,DJD PRODUCTS LLC,LLC,Active,2026-10-03,Domestic,Connecticut,All Other General Merchandise Retailers (455219),185 Lincoln St,New Britain,CT,06052-1219,dunnrdamion@gmail.com
3528068,GoodStation LLC,LLC,Active,2026-10-03,Domestic,Connecticut,Other Electronic Parts and Equipment Merchant Wholesalers (423690),1071 Main St,Willimantic,CT,06226-2153,goodstationllc@gmail.com
3528072,TNM & Sons LLC,LLC,Active,2026-10-03,Domestic,Connecticut,"General Freight Trucking, Local (484110)",83 Kendall Circle,Waterbury,CT,06708,simbarashemunyoro2009@gmail.com
3508722,Thrive Performance PT LLC,LLC,Active,2026-10-02,Domestic,Connecticut,All Other Health and Personal Care Retailers (456199),12 Race Ave,Plainville,CT,06062,receipts@state-filings.us
3510110,KuriusKleanings LLC,LLC,Active,2026-10-02,Domestic,Connecticut,Car Washes (811192),110 Norwich Rd,Salem,CT,06420-4001,f.l.u.x.s.e.l.l.s.0@gmail.com
3518127,B&T Creations LLC,LLC,Active,2026-10-02,Domestic,Connecticut,Other Building Finishing Contractors (238390),93 Mckee Street,East Hartford,CT,06108,receipts@state-filings.us
3518413,"The Reagan Association, Inc.",Non-Stock,Active,2026-10-02,Domestic,Connecticut,Residential Property Managers (531311),,,,,robert@rossettidevelopment.com
3519154,Offcut Ops LLC,LLC,Active,2026-10-02,Domestic,Connecticut,Software Publishers (513210),8 Wright St,Westport,CT,06880-3100,contact@offcutops.com
3525223,"MOORE MENTAL HEALTH & BEHAVIORAL SERVICES, PLLC",LLC,Active,2026-10-02,Foreign,TEXAS,Offices of Mental Health Practitioners except Physicians (621330),"13810 Champion Forest Dr.,Suite 150",Houston,TX,77069,moorementalhealth@gmail.com
3526100,"AXEN Realty, LLC",LLC,Active,2026-10-02,Foreign,ARIZONA,Offices of Real Estate Agents and Brokers (531210),5559 S Sossaman Rd,Mesa,AZ,85212-9292,chase@axenrealty.com
3526196,"KVI Operations, LLC",LLC,Active,2026-10-02,Foreign,DELAWARE,Hotels except Casino Hotels and Motels (721110),100 Central Ave,Sarasota,FL,34236,greg@kaleidoscope.life
3526877,ABG Global Horizons LLC,LLC,Active,2026-10-02,Domestic,Connecticut,"Financial Transactions Processing, Reserve, and Clearinghouse Activities (522320)",95 Stillman Rd,North Stonington,CT,06359-1423,abgformalwork@gmail.com
3526973,Rodeo Groton LLC,LLC,Active,2026-10-02,Domestic,Connecticut,All Other General Merchandise Retailers (455219),221 Old Cider Mill Rd,Southington,CT,06489-1877,brian@brianfaye.com
3527068,BETWEEN 2 LLC,LLC,Active,2026-10-02,Domestic,Connecticut,Supermarkets and Other Grocery Retailers except Convenience Retailers (445110),2370 MAIN STREET,HARTFORD,CT,06120,delvisynfante036@gmail.com
3527261,DIMOV ASSOCIATES LLC,LLC,Active,2026-10-02,Domestic,Connecticut,Offices of Certified Public Accountants (541211),2389 Main St.,Glastonbury,CT,06033,eastern@northwestregisteredagent.com
3527262,"Via Magnolia Psychiatry, PLLC",LLC,Active,2026-10-02,Domestic,Connecticut,Offices of All Other Miscellaneous Health Practitioners (621399),1371 Boston Post Road,Milford,CT,06460,lvera1104@gmail.com
3527265,"Wintechog Hill Holdings, LLC",LLC,Active,2026-10-02,Domestic,Connecticut,Lessors of Other Real Estate Property (531190),38 Bayside Ave,Groton,CT,06340-5793,betty@nvbllc.com
3527274,SHUFFLEFACE LLC,LLC,Active,2026-10-02,Domestic,Connecticut,"Gift, Novelty, and Souvenir Retailers (459420)",148 Eastern Blvd,Glastonbury,CT,06033-4321,steve@punchkins.com
3527278,30 Bridge Lane LLC,LLC,Active,2026-10-02,Domestic,Connecticut,Lessors of Residential Buildings and Dwellings (531110),30 Bridge Lane,Enfield,CT,06082,ivey333@att.net
3527286,SmartNic Vending LLC,LLC,Active,2026-10-02,Domestic,Connecticut,Vending Machine Operators (445132),2389 Main St.,Glastonbury,CT,06033,eastern@northwestregisteredagent.com
3527293,"SHIRKEN ONE, LLC",LLC,Active,2026-10-02,Foreign,NEW YORK,Finish Carpentry Contractors (238350),2389 Main St,Glastonbury,CT,06033-4617,eastern@registeredagentsinc.com
3527299,Shalom Environmental Services Inc,Stock,Active,2026-10-02,Foreign,MASSACHUSETTS,Remediation Services (562910),15 Union Street,Lawrence,MA,01840,shalomenviroservices@gmail.com
3527300,THE LOVELY LASHES BY OLESIA LLC,LLC,Active,2026-10-02,Domestic,Connecticut,Beauty Salons (812112),16 JOHNSON ST,NEWINGTON,CT,06111,monaspike@gmail.com
3527301,RS2 LLC,LLC,Active,2026-10-02,Domestic,Connecticut,Nonresidential Property Managers (531312),52 Sandpiper Cres,Milford,CT,06460-7953,solomon.scherban@gmail.com
3527302,Fern Street Advisory LLC,LLC,Active,2026-10-02,Domestic,Connecticut,Other Scientific and Technical Consulting Services (541690),169 Quaker Ln N,West Hartford,CT,06119-1148,info@fernstreetadvisory.com
3527306,"My Promise Land, Inc.",Stock,Active,2026-10-02,Foreign,MASSACHUSETTS,Remediation Services (562910),15 Union Street,Lawrence,MA,01840,mypromiseland17@gmail.com
3527313,The Store CT LLC,LLC,Active,2026-10-02,Domestic,Connecticut,"Gift, Novelty, and Souvenir Retailers (459420)",1105 Norwich New London Tpke,Uncasville,CT,06382-1634,thestorect26@gmail.com
3527316,Hillspoint Capital LLC,LLC,Active,2026-10-02,Domestic,Connecticut,Other Activities Related to Real Estate (531390),82 Hillspoint Rd.,Westport,CT,06880-5111,mattweilgus@gmail.com
3527321,Poulin Management LLC,LLC,Active,2026-10-02,Domestic,Connecticut,Lessors of Other Real Estate Property (531190),96 Colchester Ave,East Hampton,CT,06424-1627,jerrypoulin64@gmail.com
3527327,Premier CT Notary LLC,LLC,Active,2026-10-02,Domestic,Connecticut,All Other Legal Services (541199),35 Sheffield Dr,Windsor,CT,06095-2325,premiernotaryctllc@yahoo.com
3527333,Blooms For Baddies Ltd. Liability Co.,LLC,Active,2026-10-02,Domestic,Connecticut,Florists (459310),84 Henry St,Stamford,CT,06902-6811,bloomsforbaddies@gmail.com
3527337,Clear Alpine LLC,LLC,Active,2026-10-02,Domestic,Connecticut,Miscellaneous Financial Investment Activities (523999),2389 Main Street,Glastonbury,CT,06033,greg@clearalpine.com
3527342,"GSC RE Stamford, LLC",LLC,Active,2026-10-02,Domestic,Connecticut,Lessors of Other Real Estate Property (531190),41 Alvord Ln,Stamford,CT,06902-4511,legal@hmart.com
3527345,Whitney Holland LLC,LLC,Active,2026-10-02,Domestic,Connecticut,"Independent Artists, Writers, and Performers (711510)",35 Talcottville Rd #1052,Vernon,CT,06066,whitneyhollandbiz@gmail.com
3527346,ARK IT Consulting LLC,LLC,Active,2026-10-02,Domestic,Connecticut,Computer Facilities Management Services (541513),53 Winding Meadow Dr,Berlin,CT,06037-2268,consultarkllc@gmail.com
3527352,"Acumen Consulting, LLC",LLC,Active,2026-10-02,Domestic,Connecticut,Administrative Management and General Management Consulting Services (541611),839 n Greenbrier Dr,Orange,CT,06477,acumenconsultingct@gmail.com
3527353,NNgetaways LLC,LLC,Active,2026-10-02,Domestic,Connecticut,All Other Personal Services (812990),28 Edgewater Cir,Berlin,CT,06037,nikkinevins.f@gmail.com
3527354,"12 Cindy Lane, LLC",LLC,Active,2026-10-02,Domestic,Connecticut,Other Activities Related to Real Estate (531390),3 Rochelle Rd,Norwalk,CT,06854-2403,mattlauranelson@yahoo.com
3527358,Palmer Precision Autocare LLC,LLC,Active,2026-10-02,Domestic,Connecticut,General Automotive Repair (811111),380 Church Hill Rd,Trumbull,CT,06611-3820,palmerprecisionautocare@gmail.com
3527361,Blossom on Main LLC,LLC,Active,2026-10-02,Domestic,Connecticut,Full-Service Restaurants (722511),86 N Main St,Wallingford,CT,06492,bml914@yahoo.com
3527367,PORCH PROPERTIES LLC,LLC,Active,2026-10-02,Domestic,Connecticut,Residential Property Managers (531311),41 Crossroads Plz,West Hartford,CT,06117-2402,philw4291@gmail.com
3527370,Brock Lee Brooklyn LLC,LLC,Active,2026-10-02,Domestic,Connecticut,Jewelry Retailers (458310),604 Hope Street,Stamford,CT,06907,brockleebrooklyn@gmail.com
3527378,BICI VENTURES LLC,LLC,Active,2026-10-02,Domestic,Connecticut,Marketing Consulting Services (541613),24 WILBUR PECK CT,GREENWICH,CT,06830,efile1234@incfile.com
3527381,"BOZZUTO & ASSOCIATES, INC.",Stock,Active,2026-10-02,Foreign,,531390,"6406 IVY LANE, SUITE 700",GREENBELT,MD,20770,DSCHORR@BOZZUTO.COM
3527384,CC HANDYMAN WORKER LLC,LLC,Active,2026-10-02,Domestic,Connecticut,Residential Remodelers (236118),482 Cornwall St,Hartford,CT,06112-1113,clarkeconstruction860@gmail.com
3527387,GERMANO REMODELING LLC,LLC,Active,2026-10-02,Domestic,Connecticut,Residential Remodelers (236118),35 PEARL LAKE RD APT A,WATERBURY,CT,06706,efile1234@incfile.com
3527399,Avren Property Services LLC,LLC,Active,2026-10-02,Domestic,Connecticut,Janitorial Services (561720),57 Cooper Ave,Milford,CT,06460-6209,adamandrewp1@gmail.com
3527401,Unfathomable Labs LLC,LLC,Active,2026-10-02,Domestic,Connecticut,Custom Computer Programming Services (541511),265 Lake Rd,Andover,CT,06232-1711,austin.hatem@gmail.com
3527414,Mythic LLC,LLC,Active,2026-10-02,Domestic,Connecticut,All Other General Merchandise Retailers (455219),2389 Main St.,Glastonbury,CT,06033,eastern@northwestregisteredagent.com
3527418,Bozzmari LLC,LLC,Active,2026-10-02,Domestic,Connecticut,Beauty Salons (812112),593 Gracey Ave,Meriden,CT,06451-2253,marian.mm.1408@gmail.com
3527435,Flexchange Athletics LLC,LLC,Active,2026-10-02,Domestic,Connecticut,Software Publishers (513210),4 Indian Chase Dr,Greenwich,CT,06830,marsantos7887@gmail.com
3527436,CARR GROUP PROPERTIES LLC,LLC,Active,2026-10-02,Domestic,Connecticut,Other Activities Related to Real Estate (531390),500 Pepper St,Monroe,CT,06468-2672,alpenglowqb@gmail.com
3527438,Charles Associates LLC,LLC,Active,2026-10-02,Domestic,Connecticut,Other Activities Related to Real Estate (531390),335 Charles St,Bridgeport,CT,06606,bestservicesinc@gmail.com
3527439,Vivajer Stone Bridge LLC,LLC,Active,2026-10-02,Domestic,Connecticut,All Other General Merchandise Retailers (455219),2389 Main St.,Glastonbury,CT,06033,eastern@northwestregisteredagent.com
3527442,FI GREENWICH CT HOLDINGS LLC,LLC,Active,2026-10-02,Domestic,,531110,36-38 0 GAME COCK RD,GREENWICH,CT,06830,DAN797009@GMAIL.COM
3527448,"Olive & Stone Hospitality Group, LLC",LLC,Active,2026-10-02,Domestic,Connecticut,Limited-Service Restaurants (722513),25 Enrico Rd,Bolton,CT,06043-7554,oliveandstonehospitality@gmail.com
3527449,Marvin Bowe Photography LLC,LLC,Active,2026-10-02,Domestic,Connecticut,"Photography Studios, Portrait (541921)",94 W Ridge Dr,West Hartford,CT,06117-2060,hello@marvinbowephoto.com
3527450,GERB TOLLAND QRS (CT) 16 LLC,LLC,Active,2026-10-02,Foreign,,,"ONE MANHATTAN WEST, 395 9TH AVE, 58TH FL",NEW YORK,NY,10001,RGERSTEN@WPCAREY.COM
3527453,Coastline property services LLC,LLC,Active,2026-10-02,Domestic,Connecticut,Landscaping Services (561730),26 Grant Dr,Northford,CT,06472-1421,coastlinepropertyservices.ct@gmail.com
3527460,A&G Production Group L.L.C.,LLC,Active,2026-10-02,Domestic,Connecticut,Sound Recording Studios (512240),6 Cottonwood Ct,Granby,CT,06035-2415,agproductionsgroup.llc@gmail.com
3527466,Dream Keys Escapes LLC,LLC,Active,2026-10-02,Domestic,Connecticut,Lessors of Residential Buildings and Dwellings (531110),330 Lighthouse Rd,New Haven,CT,06512-4316,lighthouserdmatters@gmail.com
3527469,CT Angels Homecare LLC,LLC,Active,2026-10-02,Domestic,Connecticut,Services for the Elderly and Persons with Disabilities (624120),15 N. Main St,West Hartford,CT,06107,myctangels@gmail.com
3527471,BDF (CT) QRS 16-82 LLC,LLC,Active,2026-10-02,Foreign,,,"ONE MANHATTAN WEST, 395 9TH AVE., 58TH FL",NEW YORK,NY,10001,RGERSTEN@WPCAREY.COM
3527472,A1 BRIDGEPORT INC,Stock,Active,2026-10-02,Domestic,Connecticut,Gasoline Stations with Convenience Stores (457110),,,,,faridtai@easyacct.us
3527475,Bond Consulting Partner Limited Liability Company,LLC,Active,2026-10-02,Domestic,Connecticut,Administrative Management and General Management Consulting Services (541611),2389 Main St.,Glastonbury,CT,06033,eastern@northwestregisteredagent.com
3527476,Northwest Construction LLC,LLC,Active,2026-10-02,Foreign,INDIANA,Residential Remodelers (236118),1607 North Temple Avenue,Indianapolis,IN,46218,northwestconstruction.llc1@gmail.com
3527478,"SPRINTER HEALTH, INC.",Stock,Active,2026-10-02,Foreign,,513210,4600 BOHANNON DRIVE SUITE100,MENLO PARK,CA,94025,OGC@SPRINTERHEALTH.COM
3527480,Parlance Audio LLC,LLC,Active,2026-10-02,Foreign,NEW YORK,Other Sound Recording Industries (512290),67 Cornflower Dr,Milford,CT,06460-6974,aliciabarrettaudio@gmail.com
3527487,EXPANDED HORIZONS LLC,LLC,Active,2026-10-02,Domestic,Connecticut,Other Individual and Family Services (624190),72 Henry Street,Wallingford,CT,06492,mikecei@snet.net
3527488,Truck Connection Limited Liability Company,LLC,Active,2026-10-02,Domestic,Connecticut,Used Car Dealers (441120),15 King Spring Rd,Windsor Locks,CT,06096-1136,logantanasi@outlook.com
3527495,"C3 COLLABORATIVE, LLC",LLC,Active,2026-10-02,Domestic,Connecticut,Administrative Management and General Management Consulting Services (541611),367-369 Silver Lane,East Hartford,CT,06118-1027,info@c3collab.com
3527496,Wegrzyn Realty LLC,LLC,Active,2026-10-02,Domestic,Connecticut,Lessors of Residential Buildings and Dwellings (531110),40 Silva Ter,Oxford,CT,06478-1816,nicolewegrzyn1@gmail.com
3527501,From The Ground Up LLC,LLC,Active,2026-10-02,Domestic,Connecticut,Lessors of Residential Buildings and Dwellings (531110),40 Silva Ter,Oxford,CT,06478,nicolewegrzyn1@gmail.com
3527502,CLAUDETT HOME RENOVATIONS LLC,LLC,Active,2026-10-02,Domestic,Connecticut,Other Building Finishing Contractors (238390),33 Savoy St,Bridgeport,CT,06606-4155,menacorpservice@gmail.com
3527506,Smoothie Naturale 3 INC,Stock,Active,2026-10-02,Domestic,Connecticut,Business Associations (813910),,,,,nicole2020aguirre@gmail.com
3527508,Arieydior LLC,LLC,Active,2026-10-02,Domestic,Connecticut,Book Publishers (513130),900 Washington St #1076,Middletown,CT,06457,acevedoarianah@gmail.com
3527523,CT Black Car Service LLC,LLC,Active,2026-10-02,Domestic,Connecticut,Limousine Service (485320),121 Birdseye Rd,Farmington,CT,06032-2429,info@ctblackcarservicellc.com
3527533,ELEETE CARRIERS LLC,LLC,Active,2026-10-02,Domestic,Connecticut,"General Freight Trucking, Long-Distance, Truckload (484121)",484 Canal St,Plantsville,CT,06479,keywestcuba86@yahoo.com
3527537,THE DELLAROCCO GROUP LLC,LLC,Active,2026-10-02,Domestic,Connecticut,All Other General Merchandise Retailers (455219),1 Huntington Plz,Shelton,CT,06484-5211,support@usa-llc-filing.com
3527546,Future Power Strategic Advisory LLC,LLC,Active,2026-10-02,Domestic,Connecticut,Administrative Management and General Management Consulting Services (541611),1160 Prospect Ave,Hartford,CT,06105-1124,kmpple@gmail.com
3527553,"5883 RP Road, LLC",LLC,Active,2026-10-02,Foreign,NORTH CAROLINA,Other Activities Related to Real Estate (531390),33 Liberty Street,Chester,CT,06412,tevis.michael@gmail.com
3527565,QSK PROPERTIES LLC,LLC,Active,2026-10-02,Domestic,Connecticut,Lessors of Residential Buildings and Dwellings (531110),12 CANTERBURY LN,EASTON,CT,06612,efile1234@incfile.com
3527577,"Reform, llc",LLC,Active,2026-10-02,Domestic,Connecticut,Other Technical and Trade Schools (611519),6 Fox Road,Trumbull,CT,06611,christine@reformpilatesco.com
3527580,Common ground healthcare Professional Limited Liability Company,LLC,Active,2026-10-02,Domestic,Connecticut,Offices of Physicians except Mental Health Specialists (621111),51 Old Hyde Road,Weston,CT,06883,shahzad831@hotmail.com
3527590,Jordan River Group LLC,LLC,Active,2026-10-02,Domestic,Connecticut,Other Grocery and Related Products Merchant Wholesalers (424490),6 Concorde Way,Windsor Locks,CT,06096,basil@basil-go.com
3527600,Help For Health LLC,LLC,Active,2026-10-02,Domestic,Connecticut,Home Health Care Services (621610),62 Coleman Street,Bridgeport,CT,06604,helpforhealth@yahoo.com
3527605,"ACADIA INVESTMENT PROPERTIES, LLC",LLC,Active,2026-10-02,Foreign,,531110,980 EAST END,NORTH PALM BEACH,FL,33408,KEVIN.PACKMAN@HKLAW.COM
3527611,Batchelor Estates LLC,LLC,Active,2026-10-02,Domestic,Connecticut,Other Activities Related to Real Estate (531390),1700 E Putnam Ave,Old Greenwich,CT,06870-1366,batchelorestates@gmail.com
3527620,Mr.Dave Logistics LLC,LLC,Active,2026-10-02,Domestic,Connecticut,"General Freight Trucking, Long-Distance, Truckload (484121)",127 Dudley Rd,Wethersfield,CT,06109-2944,mrdave.logistics@gmail.com
3527626,DEM Logistics LLC,LLC,Active,2026-10-02,Domestic,Connecticut,"General Freight Trucking, Local (484110)",868 Brooklawn ave,Bridgeport,CT,06604,demlogisticsllc1@gmail.com
3527627,Thomas Homes independent living LLC,LLC,Active,2026-10-02,Domestic,Connecticut,Continuing Care Retirement Communities (623311),1189 park Ave,Bridgeport,CT,06604,meggonchin2@gmail.com
3527641,My Closet Auction LLC,LLC,Active,2026-10-02,Domestic,Connecticut,All Other General Merchandise Retailers (455219),3250 Fairfield Ave,Bridgeport,CT,06605,support@myclosetauction.com
3527648,Balance Theory LLC,LLC,Active,2026-10-02,Domestic,Connecticut,Administrative Management and General Management Consulting Services (541611),1138 Main St,South Glastonbury,CT,06073-2105,janelle@unitethetribe.com
3527649,"SOLERIN LABS, INC.",Stock,Active,2026-10-02,Foreign,,541511,"800 N KING STREET, SUITE 304-2406",WILMINGTON,DE,19801,BRIAN@EARNESTTECHNOLOGIES.COM
3527653,Karina Rome Consulting Services LLC,LLC,Active,2026-10-02,Domestic,Connecticut,Human Resources Consulting Services (541612),1425 Bedford St,Stamford,CT,06905,karinamrome@gmail.com
3527654,23 Thorniley Street LLC,LLC,Active,2026-10-02,Domestic,Connecticut,Lessors of Residential Buildings and Dwellings (531110),15 Elton St,New Britain,CT,06053-3822,s2hresidence@gmail.com
3527665,Wayne Piece LLC,LLC,Active,2026-10-02,Domestic,Connecticut,Jewelry Retailers (458310),310 Boston Post Rd,Waterford,CT,06385-1957,hello.waynepiece@gmail.com
3527677,"NUVIEW IT, LLC",LLC,Active,2026-10-02,Foreign,,541511,"1500 LAFAYETTE ROAD, SUITE 6 #123",PORTSMOUTH,NH,03801,AP@NUVIEWIT.COM
3527690,Pebbles Fitness Club LLC,LLC,Active,2026-10-02,Domestic,Connecticut,Fitness and Recreational Sports Centers (713940),153 Bank St,New London,CT,06320,pebbleszumba@gmail.com
3527694,Falcioni Casa LLC,LLC,Active,2026-10-02,Domestic,Connecticut,"Independent Artists, Writers, and Performers (711510)",22 Baxter Dr,Norwalk,CT,06854-4715,falcionicasa@gmail.com
3527700,JR Home Renovations LLC,LLC,Active,2026-10-02,Domestic,Connecticut,Residential Remodelers (236118),37 Frederick Street,Hartford,CT,06105-3283,perezrivera9343@icloud.com
3527711,Dispoto Private Captain and Sportfishing Services LLC,LLC,Active,2026-10-02,Domestic,Connecticut,All Other Amusement and Recreation Industries (713990),899 Bassett Rd,Watertown,CT,06795,maxdispoto02@gmail.com
3527715,Neighborhood Arts Workshop LLC,LLC,Active,2026-10-02,Domestic,Connecticut,Fine Arts Schools (611610),171 Amity Rd,Bethany,CT,06524-3435,vanderberg.james@gmail.com
3527728,Vornkahl Electric L.L.C.,LLC,Active,2026-10-02,Domestic,Connecticut,Electrical Contractors and Other Wiring Installation Contractors (238210),77 Taylor Rd,Bethel,CT,06801-1329,office@vornkahlelectric.com
3527731,Lakshmi Treats LLC,LLC,Active,2026-10-02,Domestic,Connecticut,Limited-Service Restaurants (722513),213 Chase Ave,Waterbury,CT,06704-2235,sahil901patel@gmail.com
3527732,Redemption Designs LLC,LLC,Active,2026-10-02,Domestic,Connecticut,Clothing and Clothing Accessories Retailers (458110),177 Dublin Hill Rd,Higganum,CT,06441-4156,bttrep@icloud.com
3527734,Crece Kids ChildCare LLC,LLC,Active,2026-10-02,Domestic,Connecticut,Child Care Services (624410),446 2ND AVE,WEST HAVEN,CT,06516,crecekids2025@gmail.com
3527748,Lynn Dove Psychotherapy Services PLLC,LLC,Active,2026-10-02,Domestic,Connecticut,Offices of Mental Health Practitioners except Physicians (621330),18E Ledgebrook Drive,Mansfield Center,CT,06250-1664,lynndovelcsw@gmail.com
3527755,Maroon Pavilion LLC,LLC,Active,2026-10-02,Domestic,Connecticut,Educational Support Services (611710),45 Cone St,Manchester,CT,06040-4451,customerservice@maroonpavilion.com
3527762,Hella Fly LLC,LLC,Active,2026-10-02,Domestic,Connecticut,Musical Groups and Artists (711130),39 Crystal Ridge Dr,Tolland,CT,06084,hellaflyrocks@gmail.com
3527768,Adonai Route LLC,LLC,Active,2026-10-02,Domestic,Connecticut,Couriers and Express Delivery Services (492110),375 Main St,Ansonia,CT,06401-2301,adonairoutellc@outlook.com
3527779,Kp car rental and service LLC,LLC,Active,2026-10-02,Domestic,Connecticut,Passenger Car Rental (532111),338 Bond St,Bridgeport,CT,06610-2204,kpcars98@gmail.com
3527781,Adonai Training Center LLC,LLC,Active,2026-10-02,Domestic,Connecticut,All Other Miscellaneous Schools and Instruction (611699),375 Main St,Ansonia,CT,06401-2301,adonaicprfirstaid@gmail.com
3527791,LDB Properties LLC,LLC,Active,2026-10-02,Domestic,Connecticut,Residential Property Managers (531311),45 Litchfield Rd,Watertown,CT,06795-1944,louisdiaz2121@gmail.com
3527801,Top Quality Remodeling & Cleaning LLC,LLC,Active,2026-10-02,Domestic,Connecticut,Residential Remodelers (236118),37 Brooklawn St,New Britain,CT,06052-1719,t.q.r.c.llc@gmail.com
3527808,Aligned Recovery LLC,LLC,Active,2026-10-02,Domestic,Connecticut,"Rooming and Boarding Houses, Dormitories, and Workers' Camps (721310)",132 N Elm St,Torrington,CT,06790-4605,alignedrecoveryliving@gmail.com
3527813,Fieldstone Bookkeeping & Business Solutions LLC,LLC,Active,2026-10-02,Domestic,Connecticut,Other Accounting Services (541219),250 SOUTH STREET,Willimantic,CT,06226,fieldstonebooksct@gmail.com
3527815,exousia group llc,LLC,Active,2026-10-02,Domestic,Connecticut,All Other Transit and Ground Passenger Transportation (485999),"38 silver sands road,",East Haven,CT,06512,exousiagroupllc@yahoo.com
3527835,Scarlet Infinity LLC,LLC,Active,2026-10-02,Domestic,Connecticut,Software Publishers (513210),400 South St,New Britain,CT,06051-3722,rodriguez.sebastian.0@pm.me
3433152,DuraTek Coating Consultants LLC,LLC,Active,2026-10-01,Foreign,OREGON,Administrative Management and General Management Consulting Services (541611),106 Woodstock Ave,Putnam,CT,06260-1428,tad.p.campbell@gmail.com
3450712,"Fairway Home Services, LLC",LLC,Active,2026-10-01,Foreign,WISCONSIN,Title Abstract and Settlement Offices (541191),"401 Plymouth Road, Ste 500 A",Plymouth Meeting,PA,19462,shelby.justice@fairwaymc.com
3522146,R4 AutoDiag LLC,LLC,Active,2026-10-01,Domestic,Connecticut,All Other Automotive Repair and Maintenance (811198),557 Prospect Ave. Suite 102,West Hartford,CT,06105,edwinrivas56@yahoo.com
3522298,"Hiltbrand Engineers, Inc.",Stock,Active,2026-10-01,Domestic,Connecticut,Engineering Services (541330),575 North Main Street,Bristol,CT,06010,hiltbrandengineers@gmail.com
3524064,Sliver star Co LLC,LLC,Active,2026-10-01,Domestic,Connecticut,All Other General Merchandise Retailers (455219),1137 North Board Street,Meriden,CT,06450,blackstarcoinq@gmail.com
3525435,Rockhill Property Management LLC,LLC,Active,2026-10-01,Domestic,Connecticut,Landscaping Services (561730),34 Barbara Ln,Woodbury,CT,06798-3521,rockhillpropertymanagment@gmail.com
3526297,371-373 Wood Avenue LLC,LLC,Active,2026-10-01,Domestic,Connecticut,Other Activities Related to Real Estate (531390),371-373 Wood Ave,Bridgeport,CT,06605-1434,weslyn925@gmail.com
3526534,Victoria Real Estate LLC,LLC,Active,2026-10-01,Domestic,Connecticut,Other Activities Related to Real Estate (531390),41 Bodwell st Hatford ct,Hartford,CT,06114,victoriarealestatellc19@gmail.com
3526546,"Bird Ride, LLC",LLC,Active,2026-10-01,Domestic,Connecticut,Passenger Car Rental (532111),85 Viscount Dr,Milford,CT,06460,jmarro487@icloud.com
3526549,EverCreek Wealth LLC,LLC,Active,2026-10-01,Domestic,Connecticut,Portfolio Management and Investment Advice (523940),50 MARVEL RD,NEW HAVEN,CT,06515,jeffreywang333@gmail.com
3526551,HOLGUIN CORP,Stock,Active,2026-10-01,Domestic,Connecticut,New Housing For-Sale Builders (236117),94 Sherland Ave,New Haven,CT,06513,holguinochoaaeme@gmail.com
3526563,Brightmont LLC,LLC,Active,2026-10-01,Domestic,Connecticut,All Other General Merchandise Retailers (455219),"80 National Ave, First Floor",Waterbury,CT,06705-4430,brightmontllc@gmail.com
3526568,Opalite Private Nursing Professional Limited Liability Co.,LLC,Active,2026-10-01,Domestic,Connecticut,Offices of All Other Miscellaneous Health Practitioners (621399),2 Tunxis Rd Ste 205,Tariffville,CT,06081-9687,amy.finneran.rn@gmail.com
3526570,Norwalk Urology LLC,LLC,Active,2026-10-01,Domestic,Connecticut,Lessors of Nonfinancial Intangible Assets except Copyrighted Works (533110),148 East Ave,Norwalk,CT,06851-5721,jonbernie@yahoo.com
3526572,Shoreline Properties Worldwide LLC,LLC,Active,2026-10-01,Domestic,Connecticut,Other Activities Related to Real Estate (531390),17 Stone Post Road,Lyme,CT,06371,wfconrad@gmail.com
3526573,"CarLin Holdings, LLC",LLC,Active,2026-10-01,Domestic,Connecticut,Other Activities Related to Real Estate (531390),327 Smith Hill Road,Colebrook,CT,06021,ewanner30@gmail.com
3526577,Hudson Estate Services LLC,LLC,Active,2026-10-01,Domestic,Connecticut,Other Individual and Family Services (624190),44 Crabapple Rd,Windsor,CT,06095-1821,quana1982@gmail.com
3526581,Refresh Cleaning & Restoration LLC,LLC,Active,2026-10-01,Domestic,Connecticut,Janitorial Services (561720),173 Russo Ave Unit 410,East Haven,CT,06513-2755,receipt@state-filing.us
3526585,4Comm Construction LLC,LLC,Active,2026-10-01,Domestic,Connecticut,All Other Specialty Trade Contractors (238990),196 Briar Hill Road,Groton,CT,06340,4commconstruction@gmail.com
3526590,Endless Vacations LLC,LLC,Active,2026-10-01,Domestic,Connecticut,Travel Agencies (561510),45 Trotter Ln,Newington,CT,06111-5334,anasenica@icloud.com
3526592,Amora Therapy Professional Clinical Counselor Inc.,Stock,Active,2026-10-01,Foreign,CALIFORNIA,Offices of Mental Health Practitioners except Physicians (621330),2389 Main St,Glastonbury,CT,06033-4617,eastern@registeredagentsinc.com
3526598,samtredia llc,LLC,Active,2026-10-01,Domestic,Connecticut,Couriers and Express Delivery Services (492110),29 Richard Street,Greenwich,CT,06830,andguladzemegi@gmail.com
3526600,Derby Compliance Law LLC,LLC,Active,2026-10-01,Domestic,Connecticut,Offices of Lawyers (541110),153 Park Avenue,Derby,CT,06418,scott.derby18@gmail.com
3526601,Sullivan Sellers LLC,LLC,Active,2026-10-01,Domestic,Connecticut,All Other General Merchandise Retailers (455219),2389 Main St,Glastonbury,CT,06033-4617,eastern@northwestregisteredagent.com
3526603,107 FIESTA LLC,LLC,Active,2026-10-01,Domestic,Connecticut,Other Activities Related to Real Estate (531390),256 Glenbrook Road,Stamford,CT,06906,chandistees@gmail.com
3526609,SiggyDDS LLC,LLC,Active,2026-10-01,Domestic,Connecticut,Offices of Dentists (621210),2080 Whitney Ave,Hamden,CT,06518-3600,hisako@cosmicdentalworld.com
3526614,"Lisa A. Wabiszczewicz, PLLC",LLC,Active,2026-10-01,Domestic,Connecticut,Offices of Lawyers (541110),150 Prospect Street,Waterbury,CT,06710,lisa@wabilaw.com
3526615,Rise And Shine Properties LLC,LLC,Active,2026-10-01,Domestic,Connecticut,Lessors of Residential Buildings and Dwellings (531110),71 Willow St,Milford,CT,06460-6350,jumanagrassilcsw@gmail.com
3526622,Campus Eats LLC,LLC,Active,2026-10-01,Domestic,Connecticut,Limited-Service Restaurants (722513),1537 Stanley St,New Britain,CT,06053-3200,pvchakka@gmail.com
3526624,G Oliver Trade Solutions LLC,LLC,Active,2026-10-01,Domestic,Connecticut,Administrative Management and General Management Consulting Services (541611),153 Meadow Street,Waterbury,CT,06702,giovannaoliver@golivertradesolutions.com
3526626,MH GOLDEN CLEANING LLC,LLC,Active,2026-10-01,Domestic,Connecticut,Janitorial Services (561720),53 Wolcott Hill Rd,Wethersfield,CT,06109-1103,mhgoldencleaning@gmail.com
3526632,Knotmedicine PLLC,LLC,Active,2026-10-01,Domestic,Connecticut,Offices of Physicians except Mental Health Specialists (621111),65 Bonny View Rd,West Hartford,CT,06107-3402,knotmedicine@gmail.com
3526635,TLB CARPENTRY LLC,LLC,Active,2026-10-01,Domestic,Connecticut,New Multifamily Housing Construction except For-Sale Builders (236116),6 Short ST,Waterbury,CT,06704,toshlb4@yahoo.com
3526637,AJD Garage LLC,LLC,Active,2026-10-01,Domestic,Connecticut,Used Car Dealers (441120),2 Parkhill Avenue,Norwalk,CT,06851,amberjoandunn@gmail.com
3526638,Kristoff Realty Group LLC,LLC,Active,2026-10-01,Domestic,Connecticut,Offices of Real Estate Agents and Brokers (531210),7 Wonderview Dr,Tolland,CT,06084-2826,realtorlarrykristoff@gmail.com
3526639,Tennroh LLC,LLC,Active,2026-10-01,Domestic,Connecticut,Administrative Management and General Management Consulting Services (541611),2389 Main St.,Glastonbury,CT,06033,eastern@northwestregisteredagent.com
3526645,Danbury Water Pros LLC,LLC,Active,2026-10-01,Domestic,Connecticut,All Other Support Services (561990),10 Beach Drive,Danbury,CT,06811,danburywaterpros@gmail.com
3526646,"BLUE LINE DRYWALL & BUILDER, LLC",LLC,Active,2026-10-01,Foreign,,,2300 US HIGHWAY 1 BLDG 31,NEW BRUNSWICK,NJ,08902,TBIDDIX@WALLWORKSHOLDINGS.COM
3526647,Radiant Recovery App LLC,LLC,Active,2026-10-01,Domestic,Connecticut,Software Publishers (513210),181 Main St,Monroe,CT,06460,hello@radiantrecoverywellness.com
3526652,Studio C LLC,LLC,Active,2026-10-01,Domestic,Connecticut,Fine Arts Schools (611610),111 Park St,New Haven,CT,06511,info@studiocnhv.com
3526654,DLC HOME SERVICES LLC,LLC,Active,2026-10-01,Domestic,Connecticut,Services for the Elderly and Persons with Disabilities (624120),55 Ely Cir,Windsor,CT,06095-3901,donkort020@gmail.com
3526655,Passports and Pixie Dust Travel LLC,LLC,Active,2026-10-01,Domestic,Connecticut,All Other Travel Arrangement and Reservation Services (561599),92 Montowese Ave,North Haven,CT,06473-3804,imaginationvacationsjenniferm@gmail.com
3526660,HNI CORPORATION,Stock,Active,2026-10-01,Foreign,,,600 E. 2ND STREET,MUSCATINE,IA,52761,MOELLERM@HNICORP.COM
3526664,BEST PROPERTIES GROUP LLC,LLC,Active,2026-10-01,Domestic,Connecticut,Lessors of Residential Buildings and Dwellings (531110),2 Woodin St,Hamden,CT,06514-4402,jose@jmtgeneralcons.com
3526668,Hart & Main LLC,LLC,Active,2026-10-01,Domestic,Connecticut,Other Accounting Services (541219),148 Hart St,Southington,CT,06489-2441,lindsey@hartmain.com
3526672,Vintage Curation LLC,LLC,Active,2026-10-01,Domestic,Connecticut,Used Merchandise Retailers (459510),26 Lawton Terrace,Ansonia,CT,06401,fernandohernandez@vintagecurationct.com
3526676,AJ Cleaning solution & Services LLC,LLC,Active,2026-10-01,Domestic,Connecticut,All Other Miscellaneous Electrical Equipment and Component Manufacturing (335999),258 Eastern Avenue,Waterbury,CT,06708,fachfla@yahoo.com
3526678,"B&N Aerospace, LLC",LLC,Active,2026-10-01,Foreign,DELAWARE,Aircraft Engine and Engine Parts Manufacturing (336412),44 Rockwell Rd,Newington,CT,06111-5526,blaszko66@gmail.com
3526681,Bespoke Financial Group LLC,LLC,Active,2026-10-01,Domestic,Connecticut,Portfolio Management and Investment Advice (523940),4 Elaine Street,Norwalk,CT,06850,lukaspawlowski10@gmail.com
3526690,Harmony Residence INC,Stock,Active,2026-10-01,Domestic,Connecticut,Residential Intellectual and Developmental Disability Facilities (623210),,,,,harmonyresidencellc@gmail.com
3526697,Weiss Ride Line LLC,LLC,Active,2026-10-01,Domestic,Connecticut,Used Car Dealers (441120),5 Michael St,Norwalk,CT,06854-3415,w.robertweiss@gmail.com
3526698,De Jesus Holdings LLC,LLC,Active,2026-10-01,Foreign,DELAWARE,Computer Systems Design Services (541512),2389 Main St,Glastonbury,CT,06033-4617,abraham.dbarr@gmail.com
3526700,"184 North Street, LLC",LLC,Active,2026-10-01,Domestic,Connecticut,Lessors of Residential Buildings and Dwellings (531110),184 North Street,Stamford,CT,06901,184northsteet@gmail.com
3526702,Willow Spring Partners LLC,LLC,Active,2026-10-01,Domestic,Connecticut,Other Activities Related to Real Estate (531390),94 Clapboard Hill Rd,Westport,CT,06880-6322,jgraham@tmgandcompany.com
3526713,Maximum Manchester Inc.,Stock,Active,2026-10-01,Domestic,Connecticut,"Beer, Wine, and Liquor Retailers (445320)",,,,,mwhitney@maximumbev.com
3526716,Cock & Crumb Bakery LLC,LLC,Active,2026-10-01,Domestic,Connecticut,Cookie and Cracker Manufacturing (311821),270 Tawny thrush Rd,Naugatuck,CT,06770,cockandcrumb@gmail.com
3526719,519 Emmett LLC,LLC,Active,2026-10-01,Domestic,Connecticut,Residential Property Managers (531311),250 Ashland Pl,Brooklyn,NY,11217,virsquared@gmail.com
3526720,Stilmore LLC,LLC,Active,2026-10-01,Domestic,Connecticut,Clothing and Clothing Accessories Retailers (458110),303 Lake Plymouth Boulevard,Plymouth,CT,06782,shopstilmore@gmail.com
3526721,FI GREENWICH CT 1 LLC,LLC,Active,2026-10-01,Domestic,,531110,36-38 0 GAME COCK RD,GREENWICH,CT,06830,DAN797009@GMAIL.COM
3526726,"ConsiliaMD, LLC",LLC,Active,2026-10-01,Domestic,Connecticut,"Media Streaming Distribution Services, Social Networks, and Other Media Networks and Content Providers (516210)",44 Brenway Dr,West Hartford,CT,06117-3010,ajkorus@gmail.com
3526727,Current Mode Only L.L.C.,LLC,Active,2026-10-01,Domestic,Connecticut,All Other General Merchandise Retailers (455219),407 Savin Ave,West Haven,CT,06516-5849,pmjrrt@gmail.com
3526728,FI GREENWICH CT 2 LLC,LLC,Active,2026-10-01,Domestic,,531110,36-38 0 GAME COCK RD,GREENWICH,CT,06830,DAN797009@GMAIL.COM
3526730,Rebel Wine Entertainment LLC,LLC,Active,2026-10-01,Domestic,Connecticut,"Independent Artists, Writers, and Performers (711510)",4 Lewis St.,Vernon-Rockville,CT,06066,rebelwineentertainment@gmail.com
3526732,Will's One Stop Shop L.L.C.,LLC,Active,2026-10-01,Domestic,Connecticut,Educational Support Services (611710),484 Main St,Middletown,CT,06457,info@willsonestopshop.com
3526733,"Coronis Health I, LLC",LLC,Active,2026-10-01,Foreign,DELAWARE,Other Accounting Services (541219),255 W Michigan Ave,Jackson,MI,49201-2218,statrep@cogencyglobal.com
3526738,CJL Advisors LLC,LLC,Active,2026-10-01,Domestic,,541690,6 FRASER ROAD,WESTPORT,CT,06880,DR.CRAIG.LANDAU1@OUTLOOK.COM
3526741,Fortune Global Link LLC,LLC,Active,2026-10-01,Domestic,Connecticut,Record Production and Distribution (512250),360 Bloomfield Ave,Windsor,CT,06095-2700,nwilson@fortunegloballink.com
3526745,"IGS USB XVI, LLC",LLC,Active,2026-10-01,Foreign,,,6100 EMERALD PARKWAY,DUBLIN,OH,43016,TAXDEPT@IGSENERGY.COM
3526747,FAFO Charboneau Group LLC,LLC,Active,2026-10-01,Domestic,Connecticut,"Corporate, Subsidiary, and Regional Managing Offices (551114)",16 Hudson St,East Haven,CT,06512-1523,tom.charboneau@fafocharboneau.com
3526748,Can You Say Peace LLC,LLC,Active,2026-10-01,Domestic,Connecticut,Clothing and Clothing Accessories Retailers (458110),108 Rockwell Rd,Bethel,CT,06801-3006,stacey@innovative-tax.com
3526751,"E8 Herman Drive 1, LLC",LLC,Active,2026-10-01,Foreign,DELAWARE,Lessors of Residential Buildings and Dwellings (531110),"645 Madison Avenue, 20th Floor",New York,NY,10022,swallace@keglerbrown.com
3526753,"THE SASSY LEAF, LLC",LLC,Active,2026-10-01,Domestic,Connecticut,"Flower, Nursery Stock, and Florists' Supplies Merchant Wholesalers (424930)",14 Hawley Gln,Stratford,CT,06614-1589,yogazoey@gmail.com
3526758,Iron Eagle Aviation LLC,LLC,Active,2026-10-01,Domestic,Connecticut,Flight Training (611512),81 Kenosia Ave,Danbury,CT,06810-7361,jmg2534@yahoo.com
3526761,"COVERAGE CLASSROOM INSURANCE, INC.",Stock,Active,2026-10-01,Foreign,,524210,"520 112TH AVE NE, STE 225",BELLEVUE,WA,98004,ORG@COVERAGECLASSROOM.COM
3526762,R&M Professional Services LLC,LLC,Active,2026-10-01,Domestic,Connecticut,Janitorial Services (561720),48 Central Ave,East Hartford,CT,06108,rmcleaningservices25@gmail.com
3526769,Framed - Powered By Intentional Living LLC,LLC,Active,2026-10-01,Domestic,Connecticut,Media Representatives (541840),901 Woodgate Cir,Enfield,CT,06082-5584,framedcollective.bookings@gmail.com
3526770,"WILTON APARTMENTS, LLC",LLC,Active,2026-10-01,Foreign,,,"500 N BROADWAY, 201",JERICHO,NY,11753,TAX@KIMCOREALTY.COM
3526772,Shoreline Legacy Properties LLC,LLC,Active,2026-10-01,Domestic,Connecticut,Lessors of Residential Buildings and Dwellings (531110),10 Winterberry Cir,Westbrook,CT,06498-1564,bjulig92@gmail.com
3526785,SPIDER CAR Ltd. Liability Co.,LLC,Active,2026-10-01,Domestic,Connecticut,Motor Vehicle Towing (488410),82 Nilan St,Hartford,CT,06106-3744,wbsantos25@icloud.com
3526798,Lost Mine Interactive LLC,LLC,Active,2026-10-01,Domestic,Connecticut,Software Publishers (513210),2389 Main St.,Glastonbury,CT,06033,eastern@northwestregisteredagent.com
3526807,A & M CONVENIENCE LLC,LLC,Active,2026-10-01,Domestic,Connecticut,Convenience Retailers (445131),264 Broad Street,NORWICH,CT,06360,mratib@mustapharatibllc.com
3526808,JENIFER RODRIGUES CLEANING LLC,LLC,Active,2026-10-01,Domestic,Connecticut,Janitorial Services (561720),5 Nabby Rd,Danbury,CT,06811-3294,jeninharodrigues123@gmail.com
3526830,"The Agency by Barnum, LLC",LLC,Active,2026-10-01,Domestic,Connecticut,Marketing Consulting Services (541613),6 Corporate Dr,Shelton,CT,06484-6270,nhowell@kaleolegal.com
3526837,"Sumin Kim EA, LLC",LLC,Active,2026-10-01,Domestic,Connecticut,Tax Preparation Services (541213),1401 Briar Woods ln,Danbury,CT,06810,skimtax.ea@gmail.com
3526838,By The Book Food Safety LLC,LLC,Active,2026-10-01,Domestic,Connecticut,Administrative Management and General Management Consulting Services (541611),360 Queen St Ste B,Southington,CT,06489-1883,info@bythebookfoodsafety.com
3526839,CT ROADSIDE SERVICES LLC,LLC,Active,2026-10-01,Domestic,Connecticut,Motor Vehicle Towing (488410),260 SULLIVAN AVE,SOUTH WINDSOR,CT,06074,ctroadsideservicesllc@hotmail.com
3526842,Taylar Yvonne Esthetics LLC,LLC,Active,2026-10-01,Domestic,Connecticut,Beauty Salons (812112),73 Norwich-Westerly Road,Preston,CT,06365,taylaryvonne@yahoo.com
3526847,"LD3, LLC",LLC,Active,2026-10-01,Domestic,Connecticut,Lessors of Residential Buildings and Dwellings (531110),125 Mountain Brook Dr,Cheshire,CT,06410-3563,rich.riccitelli@amphenol-tcs.com
3526850,A3 Brand Holdings LLC,LLC,Active,2026-10-01,Domestic,Connecticut,"Hobby, Toy, and Game Retailers (459120)",32 Hoffmann Road,Canton,CT,06019,jennyalbrycht@gmail.com
3526851,T&R REMODELING LLC,LLC,Active,2026-10-01,Domestic,Connecticut,Residential Remodelers (236118),8 High Plains Rd,Shelton,CT,06484-3925,atlantisllc@gmail.com
3526854,Gold Coast Water LLC,LLC,Active,2026-10-01,Domestic,Connecticut,"Plumbing, Heating, and Air-Conditioning Contractors (238220)",2389 Main St.,Glastonbury,CT,06033,eastern@northwestregisteredagent.com
3526855,Wethersfield Girls Volleyball Booster Club Inc,Non-Stock,Active,2026-10-01,Domestic,Connecticut,Sports Teams and Clubs (711211),,,,,whsgirlsvballboosterclub@gmail.com
3526856,BCreative Studio LLC,LLC,Active,2026-10-01,Domestic,Connecticut,Other Specialized Design Services (541490),174 Seaside Ave,Bridgeport,CT,06605-3528,bongkot@bongkot.com
3526857,LaRoca Stone Surfaces LLC,LLC,Active,2026-10-01,Domestic,Connecticut,Cut Stone and Stone Product Manufacturing (327991),112 Old Amity Rd,Bethany,CT,06524-3437,joan.llerena11@gmail.com
3526862,Goldenshaft Holdings I LLC,LLC,Active,2026-10-01,Domestic,Connecticut,Sporting and Athletic Goods Manufacturing (339920),56 Hoyt St,New Canaan,CT,06840,michael.girondo@gmail.com
3526867,Buttonwood Resources LLC,LLC,Active,2026-10-01,Domestic,Connecticut,All Other Miscellaneous Schools and Instruction (611699),100 Ryefield Village Dr,Bloomfield,CT,06002,mandr2424@gmail.com
3526871,DAO LLC,LLC,Active,2026-10-01,Domestic,Connecticut,Lessors of Other Real Estate Property (531190),43 PRENTICE ST LOT 27,TAFTVILLE,CT,06380,efile1234@incfile.com
3526875,"Trumbull Taiwan Productions, LLC",LLC,Active,2026-10-01,Domestic,Connecticut,Motion Picture and Video Production (512110),2 Corporate Dr Ste 246,Shelton,CT,06484-6247,josh@deltontechna.com
3526881,MindShift Hypnosis LLC,LLC,Active,2026-10-01,Domestic,Connecticut,Offices of All Other Miscellaneous Health Practitioners (621399),332 Still Water Cir,Brookfield,CT,06804,naomi4wellness@gmail.com
3526882,Sunlight Creations LLC,LLC,Active,2026-10-01,Domestic,Connecticut,All Other General Merchandise Retailers (455219),125 CONCORD RD,Torrington,CT,06790-3487,taniaruiz0921@gmail.com
3526884,DPR Consulting LLC,LLC,Active,2026-10-01,Domestic,Connecticut,Other Scientific and Technical Consulting Services (541690),29 Amber Trl,Madison,CT,06443,dprconsultgroup@gmail.com
3526889,ENARON LLC,LLC,Active,2026-10-01,Domestic,Connecticut,Other Activities Related to Real Estate (531390),18 BEECH TREE HILL RD,SHELTON,CT,06484,enaronllc@gmail.com
3526890,"CERTIFIED INTERPRETING SERVICES, LLC",LLC,Active,2026-10-01,Foreign,CALIFORNIA,Translation and Interpretation Services (541930),"6230 Wilshire Blvd, STE A 2176",Los Angeles,CA,90048,sofia@accessbridge.com
3526891,Eastman Enterprises LLC,LLC,Active,2026-10-01,Domestic,Connecticut,Offices of Other Holding Companies (551112),750 Route 148,Killingworth,CT,06419,kandjeastman@gmail.com
3526892,Heart & Huslte LLC,LLC,Active,2026-10-01,Domestic,Connecticut,All Other Miscellaneous Schools and Instruction (611699),74 Cynrose Pl,Meriden,CT,06451,jfnt26@aol.com
3526893,Dalipi Properties LLC,LLC,Active,2026-10-01,Domestic,Connecticut,Lessors of Other Real Estate Property (531190),27 Bretton Rd,West Hartford,CT,06119-1209,edalipi2410@gmail.com
3526897,Los meras chinguetaz LLC,LLC,Active,2026-10-01,Domestic,Connecticut,Residential Remodelers (236118),34 Cleone Dr,Waterbury,CT,06706-2706,isidrolino096@gmail.com
3526900,Infinite Construction Services Inc.,Stock,Active,2026-10-01,Foreign,NEW YORK,Site Preparation Contractors (238910),6 Hilltop Dr,Wappingers Falls,NY,12590-3614,infinitehomegb@hotmail.com
3526901,LUPOKOKO LLC,LLC,Active,2026-10-01,Domestic,Connecticut,Lessors of Residential Buildings and Dwellings (531110),101 North Street,Litchfield,CT,06759,renate@thomasmcknight.com
3526902,Through a New Lens LLC,LLC,Active,2026-10-01,Domestic,Connecticut,Offices of Mental Health Practitioners except Physicians (621330),142 Capitol Ave,Waterbury,CT,06705-2403,newlenstherapy@outlook.com
3526910,Connexus Events LLC,LLC,Active,2026-10-01,Domestic,Connecticut,Convention and Trade Show Organizers (561920),229 Greenhaven Rd,Pawcatuck,CT,06379-2049,julia3532@gmail.com
3526911,EVOKE COLLABORATIVE FUTURE OF DESIGN INC.,Non-Stock,Active,2026-10-01,Domestic,Connecticut,Grantmaking Foundations (813211),,,,,corporateteam5@rasi.com
3526915,Valyric LLC,LLC,Active,2026-10-01,Domestic,Connecticut,Marketing Consulting Services (541613),29 Wolcott Hill Rd,Wethersfield,CT,06109-1157,ernadrahmic@gmail.com
3526923,Van Houten's LLC,LLC,Active,2026-10-01,Domestic,Connecticut,"Plumbing, Heating, and Air-Conditioning Contractors (238220)",252 Glenbrook Rd,Stamford,CT,06906,nickvanhouten89@gmail.com
3526925,UnBoxed Media Group LLC,LLC,Active,2026-10-01,Domestic,Connecticut,Graphic Design Services (541430),91 GILBERT AVE,New Haven,CT,06511,hello@unboxedmediagroup.com
3526926,BLUE SKY GIFT AND CONVENIENCE CORP,Stock,Active,2026-10-01,Domestic,Connecticut,Convenience Retailers (445131),,,,,mosrt.bsoom@gmail.com
3526929,M & N ENTERPRISES LLC,LLC,Active,2026-10-01,Domestic,Connecticut,"General Freight Trucking, Long-Distance, Less Than Truckload (484122)",131 FAIRVIEW AVENUE,BRIDGEPORT,CT,06606,nenegpi@hotmail.com
3526934,KeyRise Realty LLC,LLC,Active,2026-10-01,Domestic,Connecticut,Residential Property Managers (531311),76,Meriden,CT,06451,smith.danny30@yahoo.com
3526944,Oasis Foxon Blvd LLC,LLC,Active,2026-10-01,Domestic,Connecticut,Gasoline Stations with Convenience Stores (457110),125 Foxon Blvd,New Haven,CT,06513-2359,info@freshatoasis.com
3526950,Star's Threading & Facial Inc,Stock,Active,2026-10-01,Domestic,Connecticut,Beauty Salons (812112),,,,,us.stars786@gmail.com
3526951,"Echo Lake 26, LLC",LLC,Active,2026-10-01,Domestic,Connecticut,Other Activities Related to Real Estate (531390),608 Wolcott Rd,Wolcott,CT,06716-2453,p.scarpa@aol.com
3526961,KATHLEEN ANDREWS NURSING PLLC,LLC,Active,2026-10-01,Domestic,,,63 VALLEY VIEW ROAD,FAIRFIELD,CT,06824,kaidesigns21@gmail.com
3526972,Trash Day Valet LLC,LLC,Active,2026-10-01,Domestic,Connecticut,Solid Waste Collection (562111),4 Prospect St,Ansonia,CT,06401-1581,trashdayvalet75@yahoo.com
3526983,"Allegra Straus, LCSW, PLLC",LLC,Active,2026-10-01,Domestic,Connecticut,Offices of Mental Health Practitioners except Physicians (621330),693 S Pine Creek Rd,Fairfield,CT,06824-6325,allegrasherrod@gmail.com
3526988,"Blue Stone Ridge Industries, Inc.",Stock,Active,2026-10-01,Domestic,Connecticut,Electrical Contractors and Other Wiring Installation Contractors (238210),,,,,sxs328@gmail.com
3526989,"Christine Brown Sports Group, LLC",LLC,Active,2026-10-01,Domestic,Connecticut,Sports and Recreation Instruction (611620),380 York St,Stratford,CT,06615-7900,jennifer@christinebrownsportslaw.com
3527003,BIG HOUSE SOLUTIONS LLC,LLC,Active,2026-10-01,Domestic,Connecticut,Administrative Management and General Management Consulting Services (541611),99 Woodridge Dr,New Canaan,CT,06840-3510,catherine.granito@gmail.com
3527004,"mpgink, LLC",LLC,Active,2026-10-01,Domestic,Connecticut,Custom Computer Programming Services (541511),137 Brittanys Path,East Berlin,CT,06023-1059,matthew@mpgink.com
3527018,ALUMIS INC.,Stock,Active,2026-10-01,Foreign,,,280 E GRAND AVE,SOUTH SAN FRANCISCO,CA,94080,LICENSURE@ALUMIS.COM
3527026,LEGADO 3 LLC,LLC,Active,2026-10-01,Domestic,Connecticut,Residential Property Managers (531311),77 Old Brickyard Ln,Berlin,CT,06037-1455,taxes@epsaccounting.com
3527029,Rack & Rally Society LLC,LLC,Active,2026-10-01,Domestic,Connecticut,Convention and Trade Show Organizers (561920),14 Cary Rd,Riverside,CT,06878-1313,info@rackrallymahjongsociety.com
3527032,WELDON & SONS LLC,LLC,Active,2026-10-01,Foreign,NEW YORK,Electrical Contractors and Other Wiring Installation Contractors (238210),301 Centre Ave,New Rochelle,NY,10805-2425,liamweldon15@gmail.com
3527033,Dgn Technologies Inc.,Stock,Active,2026-10-01,Foreign,CALIFORNIA,Other Scientific and Technical Consulting Services (541690),46500 Fremont Blvd Ste 708,Fremont,CA,94538-6467,processing@incorp.com
3527038,"Mora Counseling Services, PLLC",LLC,Active,2026-10-01,Domestic,Connecticut,Offices of Mental Health Practitioners except Physicians (621330),850 Birmingham St,Bridgeport,CT,06606-3203,luzamoralpc@gmail.com
3527040,MG SPA LLC,LLC,Active,2026-10-01,Domestic,Connecticut,Beauty Salons (812112),93 MARKET SQUARE,NEWINGTON,CT,06111,nytax888team@gmail.com
3527047,CYAA CLEANING SERVICES LLC,LLC,Active,2026-10-01,Domestic,Connecticut,Janitorial Services (561720),258 White St,Danbury,CT,06810-3833,dayron11991@gmail.com
3527052,VectorWood LLC,LLC,Active,2026-10-01,Domestic,Connecticut,All Other Miscellaneous Wood Product Manufacturing (321999),2389 Main St.,Glastonbury,CT,06033,eastern@northwestregisteredagent.com
3527057,WONDERNEST TOYS LLC,LLC,Active,2026-10-01,Domestic,Connecticut,"Hobby, Toy, and Game Retailers (459120)",7 BACKUS AVE,DANBURY,CT,06810,singhanjuthakuri@gmail.com
3527059,"Jade-Ex, LLC",LLC,Active,2026-10-01,Foreign,CALIFORNIA,Commercial and Institutional Building Construction (236220),11284 Pyrites Way,Gold River,CA,95670,apinvoices@jade-ex.com
3527061,"TRAVEL POINT MOBILITY, LLC",LLC,Active,2026-10-01,Domestic,Connecticut,All Other Personal Services (812990),919 Mencel Circle,Bridgeport,CT,06610,hernandezlizbethm@hotmail.com
3527064,Paula Fahy Ostop Real Estate LLC,LLC,Active,2026-10-01,Domestic,Connecticut,Other Activities Related to Real Estate (531390),81 Stoner Drive,west hartford,CT,06107,paulaostop@gmail.com
3527070,RockGate Property Concierge LLC,LLC,Active,2026-10-01,Domestic,Connecticut,Other Services to Buildings and Dwellings (561790),45 Riverford Rd,Brookfield,CT,06804-1330,andy@rockgateproperties.com
3527072,"Hunting for Hope: The James �Jay� Toland Memorial Fund, Inc.",Non-Stock,Active,2026-10-01,Domestic,Connecticut,Voluntary Health Organizations (813212),,,,,karen.toland@yahoo.com
3527082,41 Buell LLC,LLC,Active,2026-10-01,Domestic,Connecticut,Lessors of Residential Buildings and Dwellings (531110),2842 Main St,Glastonbury,CT,06033-1077,ppatel@ecthb.com
3527085,SERENE NAILS SPA C INC,Stock,Active,2026-10-01,Domestic,Connecticut,Nail Salons (812113),,,,,tingzhuo755@gmail.com
3527086,Bayview Beach Consulting LLC,LLC,Active,2026-10-01,Domestic,Connecticut,Environmental Consulting Services (541620),64 peck lane,watertown,CT,06795,bayviewbeachconsulting@gmail.com
3527090,ODTAW LLC,LLC,Active,2026-10-01,Domestic,Connecticut,Engineering Services (541330),230 Woodward Road,Brooklyn,CT,06234,bmacneil@proton.me
3527091,The Work Training LLC,LLC,Active,2026-10-01,Domestic,Connecticut,Sports and Recreation Instruction (611620),64 Scotch Cap Road,Quaker Hill,CT,06375,plantsandburpees@gmail.com
3527096,"Mountain Junk Removal, LLC",LLC,Active,2026-10-01,Domestic,Connecticut,Janitorial Services (561720),250 Gracey Ave,Meriden,CT,06451-2281,samir.ledda@gmail.com
3527098,Love Laugh and Play Daycare LLC,LLC,Active,2026-10-01,Domestic,Connecticut,Child Care Services (624410),38 Atkins Ave,Bristol,CT,06010,director.lovelaughplay@gmail.com
3527100,91 Albany Tpke Realty LLC,LLC,Active,2026-10-01,Domestic,Connecticut,Other Activities Related to Real Estate (531390),91-95 Albany Tpke,Canton,CT,06019,jmauro@mauromotorsinc.com
3527108,71 Albany Tpke Realty LLC,LLC,Active,2026-10-01,Domestic,Connecticut,Other Activities Related to Real Estate (531390),71 Albany Tpke,Canton,CT,06019,jmauro@mauromotorsinc.com
3527111,Forstrom Consulting LLC,LLC,Active,2026-10-01,Domestic,Connecticut,Marketing Consulting Services (541613),2389 Main St.,Glastonbury,CT,06033,eastern@northwestregisteredagent.com
3527114,JMJ Home + Land LLC,LLC,Active,2026-10-01,Domestic,Connecticut,Landscaping Services (561730),215 Henry St,Manchester,CT,06042-3243,jmjhomeandland@gmail.com
3527126,384 Hopmeadow St Realty LLC,LLC,Active,2026-10-01,Domestic,Connecticut,Other Activities Related to Real Estate (531390),384-396 Hopmeadow St,Simsbury,CT,06070,jmauro@mauromotorsinc.com
3527129,416 Hopmeadow St Realty LLC,LLC,Active,2026-10-01,Domestic,Connecticut,Other Activities Related to Real Estate (531390),416 Hopmeadow St,Simsbury,CT,06070,jmauro@mauromotorsinc.com
3527131,DEMWAZEL LLC,LLC,Active,2026-10-01,Domestic,Connecticut,All Other General Merchandise Retailers (455219),20 Richelieu St,Norwalk,CT,06850-2938,demwazelv@gmail.com
3527132,COVENANT CONSTRUCTION LLC,LLC,Active,2026-10-01,Domestic,Connecticut,Commercial and Institutional Building Construction (236220),85 W Meadow Rd,Hamden,CT,06518-1124,covenantconstruction2026@gmail.com
3527134,Lumina Aesthetics LLC,LLC,Active,2026-10-01,Domestic,Connecticut,Beauty Salons (812112),7 Wall St,Cromwell,CT,06416-2339,indramo777@gmail.com
3527135,801 Bloomfield Ave Realty LLC,LLC,Active,2026-10-01,Domestic,Connecticut,Other Activities Related to Real Estate (531390),801 Bloomfield Avenue,Windsor,CT,06095,jmauro@mauromotorsinc.com
3527136,77 Weston St Realty LLC,LLC,Active,2026-10-01,Domestic,Connecticut,Other Activities Related to Real Estate (531390),77 Weston St,Hartford,CT,06120,jmauro@mauromotorsinc.com
3527141,THE TWIN'S DAY CARE LLC,LLC,Active,2026-10-01,Domestic,Connecticut,Child Care Services (624410),3077 N MAIN STREET,WATERBURY,CT,06704,ptsinc1040@gmail.com
3527147,410 Hopmeadow St Realty LLC,LLC,Active,2026-10-01,Domestic,Connecticut,Other Activities Related to Real Estate (531390),410 Hopmeadow St,Simsbury,CT,06070,jmauro@mauromotorsinc.com
3527149,Fresh n Clean LLC,LLC,Active,2026-10-01,Domestic,Connecticut,Janitorial Services (561720),80 Georgia Rd,Oakdale,CT,06370-1524,freshncleanllc26@gmail.com
3527152,Lola Salon LLC,LLC,Active,2026-10-01,Domestic,Connecticut,Nail Salons (812113),315 Norwich New London Tpke,Uncasville,CT,06382-2536,lola18ct@gmail.com
3527154,Stennie�s Sweet Treats LLC,LLC,Active,2026-10-01,Domestic,Connecticut,Retail Bakeries (311811),408 Brookside Ct,Manchester,CT,06042-7114,stennies_sweet_treats@yahoo.com
3527163,The Retreat Wellness Institute PLLC,LLC,Active,2026-10-01,Domestic,Connecticut,Offices of Physicians except Mental Health Specialists (621111),10 Enfield Gardens Drive,Enfield,CT,06082,theretreatwellnessinstitute@gmail.com
3527164,Monet Enterpise LLC,LLC,Active,2026-10-01,Domestic,Connecticut,Administrative Management and General Management Consulting Services (541611),833 Deming Rd,Berlin,CT,06037-1660,monetenterprise@gmail.com
3527166,Mooni LLC,LLC,Active,2026-10-01,Domestic,Connecticut,Periodical Publishers (513120),18 Mohawk Trail,Redding,CT,06896,moonisisters26@gmail.com
3527169,Triton Financial Solutions LLC,LLC,Active,2026-10-01,Domestic,Connecticut,Other Accounting Services (541219),1211 Spindle Hill Rd,Wolcott,CT,06716-1200,zarekgrauer@gmail.com
3527171,Siegfried USA LLC,LLC,Active,2026-10-01,Domestic,Connecticut,Pharmaceutical Preparation Manufacturing (325412),34 DARLING ST,SOUTHINGTON,CT,06489,elijah_robinson57@yahoo.com
3527172,"Casa Sigaro, LLC",LLC,Active,2026-10-01,Domestic,Connecticut,Convenience Retailers (445131),600 Main Street,Monroe,CT,06468,gaporco@gmail.com
3527179,VYZN Studio LLC,LLC,Active,2026-10-01,Domestic,Connecticut,Offices of Other Holding Companies (551112),54 Clifford Ave,Stamford,CT,06905,dave@bffsa.org
3527183,Coginchaug Volleyball Club Corporation,Non-Stock,Active,2026-10-01,Domestic,Connecticut,Civic and Social Organizations (813410),,,,,coginchaugvolleyballclub@gmail.com
3527185,Cut & Shovel Property Services LLC,LLC,Active,2026-10-01,Domestic,Connecticut,Landscaping Services (561730),53 Cricket Ln,Somers,CT,06071-1625,w.mangini@yahoo.com
3527191,Elevare Education Group LLC,LLC,Active,2026-10-01,Domestic,Connecticut,Educational Support Services (611710),8 Christy Lane Ext,Colchester,CT,06415-2946,elevareeducationgroup@gmail.com
3527194,Belmont Concordia LLC,LLC,Active,2026-10-01,Domestic,Connecticut,Offices of Other Holding Companies (551112),405 Atlantic St,Stamford,CT,06901,belmontconcordiallc@gmail.com
3527203,Dtonio Transport LLC,LLC,Active,2026-10-01,Domestic,Connecticut,"General Freight Trucking, Long-Distance, Truckload (484121)",1019 Main st,Bridgeport,CT,06604,damjr3@gmail.com
3527207,Made To Be Loud LLC,LLC,Active,2026-10-01,Domestic,Connecticut,"Independent Artists, Writers, and Performers (711510)",14 Lakeside Ln,Bolton,CT,06043-7300,info@madetobeloud.com
3527209,Tipsy Tulip Farm LLC,LLC,Active,2026-10-01,Domestic,Connecticut,Floriculture Production (111422),24 Lake St,Hamden,CT,06517-2315,tipsytulipfarm24@gmail.com
3527214,M Boni Capital LLC,LLC,Active,2026-10-01,Domestic,Connecticut,Janitorial Services (561720),#1012 1145 North Colony Road,Wallingford,CT,06492,sales@marcservices.online
3527220,LedgeBite P.L.L.C,LLC,Active,2026-10-01,Domestic,Connecticut,Other Activities Related to Real Estate (531390),56 Mountain rd,Seymour,CT,06483,ledgebite@gmail.com
3527225,Kuro's Realm LLC,LLC,Active,2026-10-01,Domestic,Connecticut,Commercial Photography (541922),722 Trout Brook Drive,West Hartford,CT,06119,kurosrealm@gmail.com
3527226,Everstar Equine LLC,LLC,Active,2026-10-01,Domestic,Connecticut,All Other Miscellaneous Manufacturing (339999),138 North St,Watertown,CT,06795,tsdann239@live.com
3527229,Divinity Estates LLC,LLC,Active,2026-10-01,Domestic,Connecticut,Lessors of Residential Buildings and Dwellings (531110),39 Baldwin Dr,Farmington,CT,06032,divinityestatesllc@gmail.com
3527230,Golden Elm Properties LLC,LLC,Active,2026-10-01,Domestic,Connecticut,Lessors of Other Real Estate Property (531190),56 Gloria St,Windsor,CT,06095,geproperties2325@gmail.com
3527235,B&L Legacy Logistics LLC,LLC,Active,2026-10-01,Domestic,Connecticut,Couriers and Express Delivery Services (492110),1000 Lafayette Blvd,Bridgeport,CT,06604-4728,info@bllegacylogistics.com
3527237,Brandifully LLC,LLC,Active,2026-10-01,Domestic,Connecticut,Marketing Consulting Services (541613),4 Fanton Rd,Danbury,CT,06811-3046,beth@brandifully.com
3527241,Thunderfist Entertainment LLC,LLC,Active,2026-10-01,Domestic,Connecticut,Motion Picture and Video Production (512110),70 Torrington Ave,Collinsville,CT,06019-3324,thunderfistentertainment@gmail.com
3527243,Voices & Verses LLC,LLC,Active,2026-10-01,Domestic,Connecticut,All Other Miscellaneous Retailers (459999),160 Country Ln,East Hartford,CT,06118-3512,info@voices-verses.life
3527255,Veterans Travel Guide LLC,LLC,Active,2026-10-01,Domestic,Connecticut,All Other Travel Arrangement and Reservation Services (561599),"152 Lamson St,",West Haven,CT,06516,info@veteranstravelguide.com
3527311,ARKTEKA INC.,Stock,Active,2026-10-01,Foreign,,541511,36 PERRY LANE,OXFORD,CT,06478,ANDRII.ARTEKA@GMAIL.COM
3518967,"Wise Rock Media, PBC Corporation",Stock,Active,2026-09-30,Foreign,DELAWARE,"Media Streaming Distribution Services, Social Networks, and Other Media Networks and Content Providers (516210)",68 Harrison Ave,Boston,MA,02111-1929,compliance@acceleratechangenetwork.org
3519816,Pretty&Poured LLC,LLC,Active,2026-09-30,Domestic,Connecticut,Caterers (722320),45 Beacon St,Hartford,CT,06105-4102,prettyandpouredllc@yahoo.com
3521420,Trivora Supply LLC,LLC,Active,2026-09-30,Domestic,Connecticut,"Medical, Dental, and Hospital Equipment and Supplies Merchant Wholesalers (423450)",20 Summer Street 4th Floor,Stamford,CT,06901,ramesh.kumar243@atomicmail.io
3521552,"INTREPID PROPERTIES, LLC",LLC,Active,2026-09-30,Domestic,Connecticut,Residential Property Managers (531311),55 Timothy Terrace,Windsor,CT,06095,sylverj1@yahoo.com
3521618,YouRhema LLC,LLC,Active,2026-09-30,Domestic,Connecticut,"Media Streaming Distribution Services, Social Networks, and Other Media Networks and Content Providers (516210)",812 Nichols Ave,Stratford,CT,06614-3929,support@yourhema.com
3524259,"CareBridge US, LLC",LLC,Active,2026-09-30,Domestic,Connecticut,Travel Agencies (561510),600 East Street,New Britain,CT,06051,omar.alsaqqaf@gmail.com
3524428,MartinX Commercial Real Estate Limited Liability Company,LLC,Active,2026-09-30,Foreign,WYOMING,Nonresidential Property Managers (531312),1621 Central Ave,Cheyenne,WY,82001-4531,admin@martinxcommercial.com
3524481,MartinX Global LLC,LLC,Active,2026-09-30,Foreign,WYOMING,Nonresidential Property Managers (531312),1621 Central Ave,Cheyenne,WY,82001-4531,ray@theraymartinagency.com
3524500,RJM X Real Estate L.L.C.,LLC,Active,2026-09-30,Foreign,WYOMING,Nonresidential Property Managers (531312),1621 Central Ave,Cheyenne,WY,82001-4531,ray.martin.f3@gmail.com
3524506,Misfit Marketing LLC,LLC,Active,2026-09-30,Foreign,NORTH CAROLINA,Advertising Agencies (541810),97 Benson Pl,Fairfield,CT,06824-6904,tim@misfitmarketing.co
3524703,Louisiana Wholesale Drug Company Inc.,Stock,Active,2026-09-30,Foreign,LOUISIANA,Drugs and Druggists' Sundries Merchant Wholesalers (424210),2085 I 49 Service Rd,Sunset,LA,70584-5525,chad@lwdrx.com
3524791,Serena Ching Architecture LLC,LLC,Active,2026-09-30,Foreign,NEW JERSEY,Architectural Services (541310),401 2nd St,Jersey City,NJ,07302,serena@schia-studio.com
3525083,"Martignetti Companies Alternative Beverages of Connecticut, LLC",LLC,Active,2026-09-30,Foreign,MASSACHUSETTS,Other Miscellaneous Nondurable Goods Merchant Wholesalers (424990),500 John Hancock Rd,Taunton,MA,02780-7379,mdickison@lawson-weitzen.com
3525212,Hottie Band LLC,LLC,Active,2026-09-30,Domestic,Connecticut,Cut and Sew Apparel Manufacturing except Contractors (315250),329 Stanwich Rd,Greenwich,CT,06830-3522,anlongo91@gmail.com
3525301,"GPLA East, P.C.",Stock,Active,2026-09-30,Foreign,NORTH CAROLINA,Architectural Services (541310),5201 Patrick Henry Dr,Santa Clara,CA,95054-1164,jennv@gplainc.com
3525311,Dog & Goose LLC,LLC,Active,2026-09-30,Domestic,Connecticut,Clothing and Clothing Accessories Retailers (458110),913 Ridgefield Road,Wilton,CT,06897,contact@dog-and-goose.com
3525528,Mitchell and Hugeback Architects Inc.,Stock,Active,2026-09-30,Foreign,MISSOURI,Architectural Services (541310),12747 Olive Blvd,Saint Louis,MO,63141,bruce@mha.us.com
3525585,Sunstruck Solar LLC,LLC,Active,2026-09-30,Foreign,NEW JERSEY,All Other Consumer Goods Rental (532289),423 Richmond Ave,Maplewood,NJ,07040,adam@sunstrucksolarllc.com
3525685,Take Care Counseling PLLC,LLC,Active,2026-09-30,Domestic,Connecticut,Offices of Mental Health Practitioners except Physicians (621330),45 S Main St,West Hartford,CT,06107-2441,morganfoucaultlmsw@gmail.com
3525727,"Kraushaar Dental Consulting, PLLC",LLC,Active,2026-09-30,Domestic,Connecticut,Other Scientific and Technical Consulting Services (541690),103 Highcroft Pl,Weatogue,CT,06089-7912,kraushaardentalconsulting@gmail.com
3525731,Latino connect services llc,LLC,Active,2026-09-30,Domestic,Connecticut,Office Administrative Services (561110),346 Prospect Ave,New Haven,CT,06512-1969,latinoconnectllc@gmail.com
3525735,AD LEGACY GROUP LLC,LLC,Active,2026-09-30,Domestic,Connecticut,"All Other Professional, Scientific, and Technical Services (541990)",16 Kimble Ave,Waterbury,CT,06704-2028,info@adlegacygroupusa.com
3525741,The Strip Wax Bar LLC,LLC,Active,2026-09-30,Domestic,Connecticut,Other Personal Care Services (812199),1495 Hartford New London Tpke,Oakdale,CT,06370-1833,registrationhelp01@outlook.com
3525745,Ardova Construction Group LLC,LLC,Active,2026-09-30,Domestic,Connecticut,Commercial and Institutional Building Construction (236220),301 Murphy Rd,Hartford,CT,06114-2105,anthonyvasile6@gmail.com
3525769,JunkTress LLC,LLC,Active,2026-09-30,Domestic,Connecticut,Used Household and Office Goods Moving (484210),418 Shelton Ave,New Haven,CT,06511,junktress06511@gmail.com
3525773,Requiem API LLC,LLC,Active,2026-09-30,Domestic,Connecticut,Custom Computer Programming Services (541511),21 Northfield Road,Enfield,CT,06082,requeimapi@gmail.com
3525775,Hakuna Matata Home services LLC,LLC,Active,2026-09-30,Domestic,Connecticut,Janitorial Services (561720),557 Prospect Ave. Suite 102,West Hartford,CT,06105,gardymerizier11@yahoo.com
3525778,Vines Of Faith Enterprises LLC,LLC,Active,2026-09-30,Domestic,Connecticut,Educational Support Services (611710),557 Prospect Ave. Suite 102,West Hartford,CT,06105,seanna788@gmail.com
3525779,Translog Solutions LLC,LLC,Active,2026-09-30,Domestic,Connecticut,Freight Transportation Arrangement (488510),268 Post Rd Ste 200 #325559,Fairfield,CT,06824,hmuham8@vt.edu
3525781,"Miry Brook Motors, LLC",LLC,Active,2026-09-30,Domestic,Connecticut,New Car Dealers (441110),727 Central Park Ave,Scarsdale,NY,10583-2511,acannon@rlulaw.com
3525788,57 Tenth Street LLC,LLC,Active,2026-09-30,Domestic,Connecticut,Other Activities Related to Real Estate (531390),115 Mayflower St,West Hartford,CT,06110-1421,benjamin.sharpe@sharpeassets.net
3525793,Johnbatten LLC,LLC,Active,2026-09-30,Domestic,Connecticut,Environmental Consulting Services (541620),19 Greenwoods Rd E,Norfolk,CT,06058,sjbatten@me.com
3525794,Land Masonry LLC,LLC,Active,2026-09-30,Domestic,Connecticut,Masonry Contractors (238140),6 Woodward Dr,Wolcott,CT,06716-2823,manuelastrumi@gmail.com
3525797,DLRWorks LLC,LLC,Active,2026-09-30,Domestic,Connecticut,All Other Specialty Trade Contractors (238990),115 Lyons St,New Britain,CT,06052-1935,dleerodriguez0309@gmail.com
3525798,BUMBLEBEE BUDS LLC,LLC,Active,2026-09-30,Domestic,Connecticut,Child Care Services (624410),2 Circle Ter,Danbury,CT,06810-7008,bumblebeebuds@csceadvisors.com
3525801,Gilded Glow Co. LLC,LLC,Active,2026-09-30,Domestic,Connecticut,Beauty Salons (812112),29 Old Farms Rd,Avon,CT,06001-4260,gildedglowwco@gmail.com
3525807,32 Ogden Street Limited Liability Company,LLC,Active,2026-09-30,Domestic,Connecticut,Residential Property Managers (531311),860 N Greenbrier Dr,Orange,CT,06477-2322,coachfarnen@yahoo.com
3525811,Eltringham LLC,LLC,Active,2026-09-30,Domestic,Connecticut,All Other Specialty Trade Contractors (238990),33 South St,Vernon,CT,06066,lukeeltringham96@gmail.com
3525818,Kinetyx Flow LLC,LLC,Active,2026-09-30,Domestic,Connecticut,"Medical, Dental, and Hospital Equipment and Supplies Merchant Wholesalers (423450)",1266 East Main Street Suite 700R,Stamford,CT,06902,ramesh.kumar243@atomicmail.io
3525820,The High League LLC,LLC,Active,2026-09-30,Domestic,Connecticut,Clothing and Clothing Accessories Retailers (458110),235 Quaker Ln S,West Hartford,CT,06119-1941,thehighleaguellc@gmail.com
3525823,Opti Dynamic LLC,LLC,Active,2026-09-30,Domestic,Connecticut,"Medical, Dental, and Hospital Equipment and Supplies Merchant Wholesalers (423450)",19 Old Kings Hwy S Ste 200,Darien,CT,06820-4532,ramesh.kumar243@atomicmail.io
3525834,CT Aviators LLC,LLC,Active,2026-09-30,Domestic,Connecticut,All Other Amusement and Recreation Industries (713990),30 Copper Valley Court,CHESHIRE,CT,06410,cdonlinesq@gmail.com
3525847,"BRITTON LUMBER COMPANY, LLC",LLC,Active,2026-09-30,Foreign,NEW HAMPSHIRE,Other Construction Material Merchant Wholesalers (423390),2389 Main St. Ste 100,Glastonbury,CT,06033,eastern@northwestregisteredagent.com
3525854,Hopfner Kruhly Architects LLC,LLC,Active,2026-09-30,Domestic,Connecticut,Architectural Services (541310),177 Whitfield Street,Guilford,CT,06437,akruhly@gmail.com
3525855,"36512 Woodford Realty, LLC",LLC,Active,2026-09-30,Domestic,Connecticut,Residential Property Managers (531311),159 Old West Street,Cromwell,CT,06416-2467,info.knjremodeling@gmail.com
3525860,Mary J Gregory Women's Foundation Incorporated,Non-Stock,Active,2026-09-30,Domestic,Connecticut,Other Community Housing Services (624229),,,,,maryjgregorywomensfoundation@gmail.com
3525863,Adelaide NL llc,LLC,Active,2026-09-30,Domestic,Connecticut,Lessors of Nonresidential Buildings except Miniwarehouses (531120),81 Adelaide St,New London,CT,06320-6522,mramos2001@yahoo.com
3525870,Heartside Homestead LLC,LLC,Active,2026-09-30,Domestic,Connecticut,All Other Miscellaneous Crop Farming (111998),29 Senexet Rd no.1,Woodstock,CT,06281,smywarsky@gmail.com
3525873,Fairfield Water Filtration LLC,LLC,Active,2026-09-30,Domestic,Connecticut,"Plumbing, Heating, and Air-Conditioning Contractors (238220)",128 Woodlawn Rd,Monroe,CT,06468-2136,matthias.sportini@gmail.com
3525875,Good Treasure Entertainment LLC,LLC,Active,2026-09-30,Domestic,Connecticut,"Media Streaming Distribution Services, Social Networks, and Other Media Networks and Content Providers (516210)",249 Johnson Rd,Hamden,CT,06518-1816,darius@goodtreasureentertainment.com
3525880,MJD Mechanical LLC,LLC,Active,2026-09-30,Domestic,Connecticut,Other Services to Buildings and Dwellings (561790),41 Beecher Pl,New Haven,CT,06512-3904,desarbo1@gmail.com
3525881,Bloom Pediatric OT LLC,LLC,Active,2026-09-30,Domestic,Connecticut,Child Care Services (624410),59 Russet Road,Glastonbury,CT,06033,hannah@bloompediatricoccupationaltherapy.com
3525885,"The Four G's, LLC",LLC,Active,2026-09-30,Domestic,Connecticut,Other Activities Related to Real Estate (531390),327 Jelliff Mill Rd,New Canaan,CT,06840-6515,smitga9@gmail.com
3525887,Jenny Finds LLC,LLC,Active,2026-09-30,Domestic,Connecticut,"Media Streaming Distribution Services, Social Networks, and Other Media Networks and Content Providers (516210)",255 Andrews Road,Wolcott,CT,06716,jennyfinds87@gmail.com
3525888,BeScott LLC,LLC,Active,2026-09-30,Domestic,Connecticut,Commodity Contracts Intermediation (523160),33 Elro St,Manchester,CT,06040,bescottllc@gmail.com
3525889,1287 Sales and GTM LLC,LLC,Active,2026-09-30,Domestic,Connecticut,Marketing Consulting Services (541613),192 Lynam Rd,Stamford,CT,06903-4516,john.zanzarella@gmail.com
3525891,"MAGIC MITIGATION, LLC",LLC,Active,2026-09-30,Domestic,Connecticut,Other Building Finishing Contractors (238390),131 SUMMIT STREET,NEWINGTON,CT,06111,wesleyv@plowandproperty.com
3525892,American Techniques LLC,LLC,Active,2026-09-30,Domestic,Connecticut,All Other Miscellaneous Schools and Instruction (611699),86 blackhall st,New London,CT,06320,americantechniques@gmail.com
3525894,"Aetna Diner, LLC",LLC,Active,2026-09-30,Domestic,Connecticut,Lessors of Nonresidential Buildings except Miniwarehouses (531120),267 Farmington Avenue,Hartford,CT,06105,wbenj.gta@gmail.com
3525900,El KaLLao LLC,LLC,Active,2026-09-30,Domestic,Connecticut,Mobile Food Services (722330),58 Fairmount St,Hartford,CT,06120-2681,elkallaoct@gmail.com
3525901,Double R Coaching LLC,LLC,Active,2026-09-30,Domestic,Connecticut,All Other Personal Services (812990),101 Knollwood Dr,Wallingford,CT,06492-2956,coachry.doubler@gmail.com
3525902,HKM Psychotherapy Associates Limited Liability Company,LLC,Active,2026-09-30,Domestic,Connecticut,Other Individual and Family Services (624190),161 Cook Hill Rd,Wallingford,CT,06492-3408,mazarakosheather@aol.com
3525910,The Inner Thread LLC,LLC,Active,2026-09-30,Domestic,Connecticut,Other Individual and Family Services (624190),1506 Post Rd,Fairfield,CT,06824-5916,eboneesmileylmft@gmail.com
3525918,The Considered Practice LLC,LLC,Active,2026-09-30,Domestic,Connecticut,Marketing Consulting Services (541613),129A Hanover Road,Newtown,CT,06470,david@consideredpractice.co
3525920,Cobalt Consulting LLC,LLC,Active,2026-09-30,Domestic,Connecticut,Administrative Management and General Management Consulting Services (541611),28 Old Middletown Rd,Cobalt,CT,06414-8010,rmkh10@icloud.com
3525923,12 cook street Limited Liability Company,LLC,Active,2026-09-30,Domestic,Connecticut,New Housing For-Sale Builders (236117),1 Rowayton Ave,Norwalk,CT,06853-1624,lgrabe@gmail.com
3525929,Not Your Average Jen LLC,LLC,Active,2026-09-30,Domestic,Connecticut,Clothing and Clothing Accessories Retailers (458110),16 Washington St,New Britain,CT,06051-2210,mrslacasse@icloud.com
3525938,Oakwood Construction Services Inc,Stock,Active,2026-09-30,Foreign,ILLINOIS,Commercial and Institutional Building Construction (236220),2300 Wisconsin Ave,Downers Grove,IL,60515-2254,triley@oakwoodconst.com
3525939,Hardisty's Herd LLC,LLC,Active,2026-09-30,Domestic,Connecticut,Beef Cattle Ranching and Farming (112111),55 Litchfield Tpke,New Preston Marble Dale,CT,06777-1916,hardistysherd@gmail.com
3525940,The Longer Table LLC,LLC,Active,2026-09-30,Domestic,Connecticut,Residential Remodelers (236118),66 S Buckboard Ln,Marlborough,CT,06447-1029,thelongertablellc@gmail.com
3525948,Clearwater Paper Corporation,Stock,Active,2026-09-30,Foreign,DELAWARE,Paperboard Mills (322130),601 W Riverside Ave,Spokane,WA,99201,cindy.pauletto@clearwaterpaper.com
3525966,"FL Building 11, LLC",LLC,Active,2026-09-30,Domestic,,531190,"220 ALBANY TURNPIKE, BUILDING 11",CANTON,CT,06019,fredjr@larsenacehardware.com
3525969,KT INVESTMENT LLC,LLC,Active,2026-09-30,Domestic,Connecticut,Lessors of Residential Buildings and Dwellings (531110),25 POPLAR ST,NORTH HAVEN,CT,06473,ktinvestment99@yahoo.com
3525973,Lampadada LLC,LLC,Active,2026-09-30,Domestic,Connecticut,All Other Home Furnishings Retailers (449129),449 Ridge Rd,Hamden,CT,06517-2943,info@lampadada.com
3525976,freshkey management LLC,LLC,Active,2026-09-30,Domestic,Connecticut,Lessors of Other Real Estate Property (531190),800 Village Walk,Guilford,CT,06437,freshkeymgt@gmail.com
3525987,"LURLINE BAY, LLC",LLC,Active,2026-09-30,Foreign,,,401 N ROBERTSON BLVD,WEST HOLLYWOOD,CA,90048,ACCOUNTING@SHOPHABOUR.COM
3525997,L S Design LLC,LLC,Active,2026-09-30,Domestic,Connecticut,All Other Home Furnishings Retailers (449129),271 Redding Rd,Redding,CT,06896-2823,lsdesignct@gmail.com
3526001,"339 Rte 39, LLC",LLC,Active,2026-09-30,Domestic,Connecticut,Lessors of Residential Buildings and Dwellings (531110),339 State Route 39,New Fairfield,CT,06812-2304,ericschmidt87@yahoo.com
3526004,Grow Your Food LLC,LLC,Active,2026-09-30,Domestic,Connecticut,Other Individual and Family Services (624190),8 Pioneer Rd,Westport,CT,06880-2934,legal@grow-ct.org
3526008,"CARE PROSTHETICS & ORTHOTICS, INC.",Stock,Active,2026-09-30,Foreign,,,1015 SWANSON ST.,HOUSTON,TX,77030,MWINTERS@EMBLAMEDICAL.COM
3526010,96 Spring CT LLC,LLC,Active,2026-09-30,Domestic,Connecticut,Lessors of Residential Buildings and Dwellings (531110),96 Spring St,Vernon Rockville,CT,06066-6903,miguelrealestatect@gmail.com
3526012,"Adaptive Insulation Services, LLC",LLC,Active,2026-09-30,Foreign,DELAWARE,"Plumbing, Heating, and Air-Conditioning Contractors (238220)",287 Walton Ave,Bronx,NY,10451-5427,john@hickory.ai
3526014,BWC Consulting LLC,LLC,Active,2026-09-30,Domestic,Connecticut,"All Other Professional, Scientific, and Technical Services (541990)",50 Wagon Wheel Rd,Redding,CT,06896-1619,1800brandon@gmail.com
3526016,Whisteville Neighborhood Association Corporation,Non-Stock,Active,2026-09-30,Domestic,Connecticut,Civic and Social Organizations (813410),,,,,wyclifsolomon@gmail.com
3526028,MRS WELLINGTONS WRECKA STOW LLC,LLC,Active,2026-09-30,Domestic,Connecticut,All Other Miscellaneous Retailers (459999),70 GLEBAS RD,PLAINFIELD,CT,06374,efile1234@incfile.com
3526033,RTR CANDLEWOOD RESTAURANT GROUP LLC,LLC,Active,2026-09-30,Domestic,Connecticut,Full-Service Restaurants (722511),184 Lota Dr,Fairfield,CT,06825-3603,yannicrave@gmail.com
3526036,Hattie�s Velvet Crumb LLC,LLC,Active,2026-09-30,Domestic,Connecticut,Mobile Food Services (722330),2 1/2 thistle rd,Norwalk,CT,06851,hattiesvc@gmail.com
3526042,Uncle Dad's Grill LLC,LLC,Active,2026-09-30,Domestic,Connecticut,Mobile Food Services (722330),208 Pleasant Valley Rd S,Groton,CT,06340-3352,uncled@uncledadsr.com
3526043,Lift Web Co LLC,LLC,Active,2026-09-30,Domestic,Connecticut,Custom Computer Programming Services (541511),60 Francis Dr,Bethany,CT,06524-3204,kyle@liftwebco.com
3526045,Ms. Chief Management LLC,LLC,Active,2026-09-30,Domestic,Connecticut,Administrative Management and General Management Consulting Services (541611),1050 State Street,New Haven,CT,06511,mschiefmanagement@gmail.com
3526057,Between Visits Nurse Advocacy LLC,LLC,Active,2026-09-30,Domestic,Connecticut,Offices of All Other Miscellaneous Health Practitioners (621399),66 West Ridgeland Road,Wallingford,CT,06489,nurseruocco@gmail.com
3526059,Maleys Catering LLC,LLC,Active,2026-09-30,Domestic,Connecticut,Caterers (722320),376 Deerfield Rd,Windsor,CT,06095-3407,maleyscateringcompany@gmail.com
3526064,Seven Rounds LLC,LLC,Active,2026-09-30,Domestic,Connecticut,All Other Amusement and Recreation Industries (713990),119C Griswold St,Glastonbury,CT,06033,hello@sevenrounds.app
3526074,ryanproductions LLC,LLC,Active,2026-09-30,Domestic,Connecticut,"Independent Artists, Writers, and Performers (711510)",75 Ruane St,Fairfield,CT,06824-5864,ryanspersonal95@gmail.com
3526077,"Sunshine Times, LLC",LLC,Active,2026-09-30,Domestic,Connecticut,Lessors of Nonresidential Buildings except Miniwarehouses (531120),714 North Mountain Road,Newington,CT,06111,d.allen@centralctrooterman.com
3526079,Citadel Heating and Cooling L.L.C.,LLC,Active,2026-09-30,Domestic,Connecticut,"Plumbing, Heating, and Air-Conditioning Contractors (238220)",144 Pearl St,Manchester,CT,06040-5345,citadelheatingandcooling@yahoo.com
3526087,"Sheffield Way Joint Venture, LLC",LLC,Active,2026-09-30,Domestic,Connecticut,Other Activities Related to Real Estate (531390),256 Fillow St,Norwalk,CT,06850-2718,kenny@boletosexpress.com
3526097,A2Z Transport LLC,LLC,Active,2026-09-30,Domestic,Connecticut,"Specialized Freight except Used Goods Trucking, Long-Distance (484230)",42 Thompson St,East Haven,CT,06513,thomasjackson0516@gmail.com
3526099,Barnwell Holdings LLC,LLC,Active,2026-09-30,Domestic,Connecticut,Administrative Management and General Management Consulting Services (541611),33 Niles Hill Rd,New London,CT,06320-3022,jbwell7@gmail.com
3526106,Lilith Farm LLC,LLC,Active,2026-09-30,Domestic,Connecticut,Chicken Egg Production (112310),127 Chaplin St,Chaplin,CT,06235-2305,lilithfarmct@gmail.com
3526107,KAMOLLI CONSTRUCTION AND EXCAVATION LLC,LLC,Active,2026-09-30,Domestic,Connecticut,Landscaping Services (561730),64 Cranston Ave,Shelton,CT,06484-5544,eltonkamolli@outlook.com
3526108,"ALCOM, LLC",LLC,Active,2026-09-30,Foreign,,,6 MILLENIUM DR,WINSLOW,ME,04901,SCAMPE@ALCOMUSA.COM
3526110,Murray�s Family L.L.C.,LLC,Active,2026-09-30,Domestic,Connecticut,"General Freight Trucking, Long-Distance, Truckload (484121)",31 Eaton St,Hartford,CT,06114-2611,tyrekemurray@gmail.com
3526114,"EXPONENTIAL MORTGAGE, INC",Stock,Active,2026-09-30,Foreign,CALIFORNIA,Real Estate Credit (522292),1401 21st St Ste R,Sacramento,CA,95811,eastern@registeredagentsinc.com
3526115,"Boston Light Source, Inc.",Stock,Active,2026-09-30,Foreign,MASSACHUSETTS,"Electrical Apparatus and Equipment, Wiring Supplies, and Related Equipment Merchant Wholesalers (423610)",1208 Cromwell Ave,Rocky Hill,CT,06067,andreab@gcattorneys.com
3526119,"Innovate Performance, LLC",LLC,Active,2026-09-30,Foreign,DELAWARE,"All Other Professional, Scientific, and Technical Services (541990)",15 Bulkley Ave N,Westport,CT,06880-4110,mike@mcdgllc.com
3526120,KNG Holdings LLC,LLC,Active,2026-09-30,Domestic,Connecticut,Roofing Contractors (238160),2389 Main St.,Glastonbury,CT,06033,eastern@registeredagentsinc.com
3526131,FPI Funding LLC,LLC,Active,2026-09-30,Domestic,,523999,"C/O BERKOWITZ, TRAGER AND TRAGER, LLC, 8 WRIGHT STREET, 2ND FLOOR",WESTPORT,CT,06880,MJH@BTT-LAW.COM
3526136,"Premier Cleaning Solutions Services, LLC",LLC,Active,2026-09-30,Domestic,Connecticut,Janitorial Services (561720),70 Locust Ave,Danbury,CT,06810-6011,efieschi72@gmail.com
3526140,Era Stylist LLC,LLC,Active,2026-09-30,Domestic,Connecticut,Beauty Salons (812112),99 S Main St,Newtown,CT,06470-2379,hairbyermira@gmail.com
3526146,Kees International Realty LLC,LLC,Active,2026-09-30,Domestic,Connecticut,Offices of Real Estate Agents and Brokers (531210),98 Caya Ave,West Hartford,CT,06110,unlockingjawithkees@gmail.com
3526154,77 Monroe Holdings LLC,LLC,Active,2026-09-30,Domestic,Connecticut,Residential Property Managers (531311),77 Monroe St,New Haven,CT,06513,contact@nyllc.com
3526155,"MEDMINDER SYSTEMS, INC.",Stock,Active,2026-09-30,Foreign,DELAWARE,Pharmacy Benefit Management and Other Third Party Administration of Insurance and Pension Funds (524292),320 Norwood Park S,Norwood,MA,02062-4659,norwoodlicensing@medminder.com
3526156,Lazarus Consulting and Restoration Services LLC,LLC,Active,2026-09-30,Domestic,Connecticut,Engineering Services (541330),219 Main St N,Bethlehem,CT,06751-1400,dcocu7@gmail.com
3526159,Ready 2 Perform Technology LLC,LLC,Active,2026-09-30,Foreign,DELAWARE,"All Other Professional, Scientific, and Technical Services (541990)",15 Bulkley Ave N,Westport,CT,06880-4110,mike@mcdgllc.com
3526160,ISFAQ TRADING LLC,LLC,Active,2026-09-30,Domestic,Connecticut,Other Grocery and Related Products Merchant Wholesalers (424490),41 Anthony Street,New Haven,CT,06515-1635,isfaqhossain1979@gmail.com
3526169,Melodya Records LLC,LLC,Active,2026-09-30,Domestic,Connecticut,Record Production and Distribution (512250),2389 Main St,Glastonbury,CT,06033,info@melodyarecords.com
3526170,Amirtha Hariharan PLLC,LLC,Active,2026-09-30,Domestic,Connecticut,Offices of Dentists (621210),31 Clinton Street,Milford,CT,06460,amirthah@gmail.com
3526171,CABLE KONNECT LLC,LLC,Active,2026-09-30,Domestic,Connecticut,Agents for Wireless Telecommunications Services (517122),"585 Dixwell Ave, B4",New Haven,CT,06511,cablekonnect@gmail.com
3526174,Andrew's Iris Messengers LLC,LLC,Active,2026-09-30,Domestic,Connecticut,Couriers and Express Delivery Services (492110),2389 Main St.,Glastonbury,CT,06033,eastern@northwestregisteredagent.com
3526176,TOGETHER OUR JOURNEY INC.,Non-Stock,Active,2026-09-30,Domestic,Connecticut,All Other Personal Services (812990),,,,,togetherourjourneyl@gmail.com
3526184,"79 Stonington Road Property Owner, LLC",LLC,Active,2026-09-30,Domestic,,531120,C/O MYSTIC SEAPORT MUSEUM 75 GREENMANVILLE AVE,MYSTIC,CT,06355,julie.steckel@mysticseaport.org
3526191,Big Boom Radio LLC,LLC,Active,2026-09-30,Domestic,Connecticut,Radio Broadcasting Stations (516110),404 Voluntown Rd,Jewett City,CT,06351,john@bigboomradio.com
3526194,ECCLES TECH LLC,LLC,Active,2026-09-30,Domestic,Connecticut,Security Systems Services except Locksmiths (561621),537 Madison Ave,Bridgeport,CT,06604-2729,mizael.azbusiness@gmail.com
3526195,"Entech Associates, Inc.",Stock,Active,2026-09-30,Foreign,PENNSYLVANIA,Engineering Services (541330),201 Penn Street Suite 300,Berks,PA,19601,professional@harborcompliance.com
3526198,The Musician's Map LLC,LLC,Active,2026-09-30,Domestic,Connecticut,Educational Support Services (611710),2389 Main St.,Glastonbury,CT,06033,eastern@northwestregisteredagent.com
3526200,366 Governor St LLC,LLC,Active,2026-09-30,Domestic,Connecticut,Lessors of Other Real Estate Property (531190),366 Governor St,East Hartford,CT,06108-3998,366governorst@gmail.com
3526201,Lisa Scheff Designs Ltd.,Stock,Active,2026-09-30,Domestic,Connecticut,Interior Design Services (541410),,,,,lisa@lnsdesigns.com
3526203,Arrowhead Clan LLC,LLC,Active,2026-09-30,Domestic,Connecticut,Coin-Operated Laundries and Drycleaners (812310),585 Arrowhead Dr,Orange,CT,06477-2306,kbosma1018@gmail.com
3526208,SILVERLINE CHAUFFEUR LLC,LLC,Active,2026-09-30,Domestic,Connecticut,Taxi and Ridesharing Services (485310),71 SENTINEL HILL RD,DERBY,CT,06418,efile1234@incfile.com
3526210,SYNERGYN LLC,LLC,Active,2026-09-30,Foreign,FLORIDA,Engineering Services (541330),2389 Main St. Ste 100,Glastonbury,CT,06033,eastern@registeredagentsinc.com
3526211,"Valon Technologies, Inc.",Stock,Active,2026-09-30,Foreign,DELAWARE,Software Publishers (513210),860 Broadway,New York,NY,10003,corporatenotice@valon.com
3526212,LORDS HWY LLC,LLC,Active,2026-09-30,Domestic,Connecticut,Lessors of Residential Buildings and Dwellings (531110),48 Singing Oaks Dr,Weston,CT,06883-1143,mboiczyk@gllawgroup.com
3526218,QUICKENTRY LOCKSMITH LLC,LLC,Active,2026-09-30,Domestic,Connecticut,Locksmiths (561622),217 Scott Rd,Waterbury,CT,06705,mohammadjaradat193@gmail.com
3526219,State Square Holdings LLC,LLC,Active,2026-09-30,Foreign,DELAWARE,Other Activities Related to Real Estate (531390),90 State House Sq,Hartford,CT,06103,tlipko@nraiservices.com
3526220,CORY NUTRITION LLC,LLC,Active,2026-09-30,Domestic,Connecticut,All Other Miscellaneous Retailers (459999),46 North St,Danbury,CT,06810-5620,corinabombon@icloud.com
3526221,"SALVO HEALTH, Inc.",Stock,Active,2026-09-30,Foreign,DELAWARE,Offices of Physicians except Mental Health Specialists (621111),5 Stearns Ridge,Irvington,NY,10533,finance@salvohealth.com
3526225,CASA EMIGRANTI ITALIANI Inc,Non-Stock,Active,2026-09-30,Domestic,Connecticut,Museums (712110),,,,,ppirrotta1@gmail.com
3526231,Raleckson LLC,LLC,Active,2026-09-30,Domestic,Connecticut,Other Activities Related to Real Estate (531390),61 N Main Street,Redding,CT,06896,jenpool@hotmail.com
3526232,"KGA CREATIVE, LLC",LLC,Active,2026-09-30,Domestic,Connecticut,Administration of General Economic Programs (926110),85 Leeuwarden Rd,Darien,CT,06820-3026,keatonabbott@gmail.com
3526237,"INTELLIA THERAPEUTICS, INC.",Stock,Active,2026-09-30,Foreign,,,301 COROMAR DR,GOLETA,CA,93117-3286,REBECCA.SCHUSTER@SONOS.COM
3526265,Lima Pro Cleaning Services LLC,LLC,Active,2026-09-30,Domestic,Connecticut,Janitorial Services (561720),183 Cherry St,Naugatuck,CT,06770-4507,limaservicescleaningllc@gmail.com
3526273,Bertolf Services LLC,LLC,Active,2026-09-30,Domestic,Connecticut,Masonry Contractors (238140),2389 Main St.,Glastonbury,CT,06033,eastern@northwestregisteredagent.com
3526281,"Contreras Construction, LLC",LLC,Active,2026-09-30,Domestic,Connecticut,Lessors of Other Real Estate Property (531190),80 E Pearl St,New Haven,CT,06513-3986,lucysanchez29@gmail.com
3526283,8-Bit Enterprises LLC,LLC,Active,2026-09-30,Domestic,Connecticut,Amusement Arcades (713120),10 Brenway Dr,West Hartford,CT,06117-3054,8bitenterprisesllc@gmail.com
3526288,I & I RENTAL PROPERTIES LLC,LLC,Active,2026-09-30,Domestic,Connecticut,Lessors of Residential Buildings and Dwellings (531110),857 SAW MILL RD,WEST HAVEN,CT,06516,almonteiris09@gmail.com
3526289,KNIPE WELDING LLC,LLC,Active,2026-09-30,Domestic,Connecticut,Machine Shops (332710),119 River rd,New Milford,CT,06776,support@usa-llc-filing.com
3526292,BioBites Materials LLC,LLC,Active,2026-09-30,Domestic,Connecticut,Plastics Material and Resin Manufacturing (325211),29 Lochdale Drive,Oakdale,CT,06370,ryankobyluck@biobitesco.com
3526296,Gas Land Petroleum Inc,Stock,Active,2026-09-30,Foreign,New York,Gasoline Stations with Convenience Stores (457110),3 S Ohioville Rd,New Paltz,NY,12561-4012,accounting@gaslandpetroleum.com
3526302,88 JAMES ST LLC,LLC,Active,2026-09-30,Domestic,Connecticut,Lessors of Residential Buildings and Dwellings (531110),16227 SW 43rd Ter,Miami,FL,33185-5322,support@usa-llc-filing.com
3526305,Martel Imports LLC,LLC,Active,2026-09-30,Domestic,Connecticut,All Other Consumer Goods Rental (532289),12 N Taylor Ave,Norwalk,CT,06854-1442,martelimports@gmail.com
3526307,NO 1 CHINESE RESTAURANT INC.,Stock,Active,2026-09-30,Domestic,Connecticut,Limited-Service Restaurants (722513),,,,,trianglenewyork10002@gmail.com
3526310,391 SHELTON TOBACCO LLC,LLC,Active,2026-09-30,Domestic,Connecticut,"Tobacco, Electronic Cigarette, and Other Smoking Supplies Retailers (459991)",391 Bridgeport Ave,Shelton,CT,06484-5382,sheltontobacco391llc@outlook.com
3526315,Genevaux Luxe Limited Liability Company,LLC,Active,2026-09-30,Domestic,Connecticut,Electronics and Appliance Retailers (449210),42 Middle Beach Rd W,Madison,CT,06443-2913,genevauxluxe@gmail.com
3526319,MS Excavating & Trucking LLC,LLC,Active,2026-09-30,Domestic,Connecticut,Site Preparation Contractors (238910),2389 Main St.,Glastonbury,CT,06033,eastern@registeredagentsinc.com
3526320,"KKD Associates, LLC",LLC,Active,2026-09-30,Domestic,Connecticut,Other Activities Related to Real Estate (531390),44 Shingle Mill Road,Harwinton,CT,06791,chopr46@snet.net
3526322,Tidestone Capital LLC,LLC,Active,2026-09-30,Domestic,Connecticut,Offices of Other Holding Companies (551112),112 Raymond Street,Darien,CT,06820-4927,admin@tidestonecapital.com
3526331,CJL Property Management Holdings LLC,LLC,Active,2026-09-30,Domestic,,531311,6 FRASER ROAD,WESTPORT,CT,06880,DR.CRAIG.LANDAU1@OUTLOOK.COM
3526333,23 HOUSMAN PROPERTY LLC,LLC,Active,2026-09-30,Domestic,Connecticut,Lessors of Residential Buildings and Dwellings (531110),23 HOUSMAN ST,DANBURY,CT,06810,nidiavillacastro@gmail.com
3526335,Neldo LLC,LLC,Active,2026-09-30,Domestic,Connecticut,Software Publishers (513210),22 Magnolia Drive,East Hartford,CT,06118,joseph@neldo.app
3526352,FG2BENGY LLC,LLC,Active,2026-09-30,Domestic,Connecticut,Motor Vehicle Towing (488410),65 Burr St,East Haven,CT,06512-3201,fg2bengy@gmail.com
3526359,Ken J. Fisher Inc,Stock,Active,2026-09-30,Domestic,Connecticut,Miscellaneous Intermediation (523910),2389 Main St,Glastonbury,CT,06033-4617,eastern@northwestregisteredagent.com
3526360,CrewSock Ventures LLC,LLC,Active,2026-09-30,Domestic,Connecticut,"Media Streaming Distribution Services, Social Networks, and Other Media Networks and Content Providers (516210)",111 Mohawk Drive,Wallingford,CT,06492,crewsockventures@gmail.com
3526361,Breakout Movement LLC,LLC,Active,2026-09-30,Domestic,Connecticut,Software Publishers (513210),"93 Hampton Park East, Branford, CT, USA",Branford,CT,06405,contact@breakoutmovement.com
3526362,4EverYoung LLC,LLC,Active,2026-09-30,Domestic,Connecticut,Janitorial Services (561720),25 Hallock St,New Haven,CT,06519-1514,dyoung4everyoung@gmail.com
3526365,CT Performance LLC,LLC,Active,2026-09-30,Domestic,Connecticut,Fitness and Recreational Sports Centers (713940),80 Columbus Ave,Meriden,CT,06451,andy@ctperformance.net
3526372,Jessica Zolciak Photography LLC,LLC,Active,2026-09-30,Domestic,Connecticut,"Photography Studios, Portrait (541921)",20 Lebria Rd,West Suffield,CT,06093-2108,jessicazolciak@gmail.com
3526386,SmartDoggo LLC,LLC,Active,2026-09-30,Domestic,Connecticut,Pet Care except Veterinary Services (812910),79 Butternut Lane,Stamford,CT,06903,hello@smartdoggo.org
3526388,"Sequoia Law, Inc.",Stock,Active,2026-09-30,Domestic,Connecticut,Offices of Lawyers (541110),,,,,mtcpersonal@gmail.com
3526392,Louise's Catering & Concessions LLC,LLC,Active,2026-09-30,Domestic,Connecticut,Mobile Food Services (722330),4 Big Spruce Ln,West Haven,CT,06516-7710,louisemartone@gmail.com
3526401,WASTECORP PUMP SYSTEMS INC.,Stock,Active,2026-09-30,Foreign,FLORIDA,Industrial Machinery and Equipment Merchant Wholesalers (423830),1795 Baseline Rd,Grand Island,NY,14072-2010,receivables@wastecorppumps.com
3526403,Odin Capital L.L.C.,LLC,Active,2026-09-30,Domestic,Connecticut,"Independent Artists, Writers, and Performers (711510)",850 Pacific St,Stamford,CT,06902-7366,odin_capital_llc@outlook.com
3526405,J STEVEN COMPANY,Stock,Active,2026-09-30,Foreign,MASSACHUSETTS,Residential Remodelers (236118),844 Chestnut Hill Ave,Athol,MA,01331-1912,info@cmallaire.com
3526406,"Marshall Investigative Group, LLC",LLC,Active,2026-09-30,Foreign,DELAWARE,Investigation and Personal Background Check Services (561611),401 Devon Avenue,Park Ridge,IL,60068,taxes@mi-pi.com
3526414,LMA Cleaning Services LLC,LLC,Active,2026-09-30,Domestic,Connecticut,Janitorial Services (561720),183 Boswell Ave,Norwich,CT,06360-3720,evilagarcia24@gmail.com
3526415,"Violet and Gryff Holding, LLC",LLC,Active,2026-09-30,Foreign,ALASKA,"Corporate, Subsidiary, and Regional Managing Offices (551114)",36 Barn Door Hills Rd.,Granby,CT,06035,woodrelldvm@yahoo.com
3526420,Bakery on Bungay LLC,LLC,Active,2026-09-30,Domestic,Connecticut,Limited-Service Restaurants (722513),360 Bungay Hill Rd,Woodstock,CT,06281-2011,bakeryonbungay@gmail.com
3526421,Coastal Fleet Logistics LLC,LLC,Active,2026-09-30,Domestic,Connecticut,"General Freight Trucking, Long-Distance, Less Than Truckload (484122)","301 Winchester Ave, APT 428, 06511",New Haven,CT,06511,contact@coastalfleetlogistics.com
3526423,Roll King Emerging Industries LLC,LLC,Active,2026-09-30,Domestic,Connecticut,Food Health Supplement Retailers (456191),91 Yale Ave,Middlebury,CT,06762-2717,rkingsly99@gmail.com
3526427,Redeemed At Calvary Co. LLC,LLC,Active,2026-09-30,Domestic,Connecticut,Clothing and Clothing Accessories Retailers (458110),17 Lakeview Dr,Farmington,CT,06032,kristy@redeemedatcalvaryco.com
3526451,Haven Hair Salon LLC,LLC,Active,2026-09-30,Domestic,Connecticut,Beauty Salons (812112),81 Wales Road,Stafford Springs,CT,06076,meganhk82@gmail.com
3526456,NOW Land Company Limited Liability Company,LLC,Active,2026-09-30,Domestic,Connecticut,Miscellaneous Intermediation (523910),160 Coventry St,Bloomfield,CT,06002-3939,rogelioschand@gmail.com
3526463,Bella Soma Pilates LLC,LLC,Active,2026-09-30,Domestic,Connecticut,Fitness and Recreational Sports Centers (713940),944 Vauxhall St Ext,Quaker Hill,CT,06375,bellasomapilates@gmail.com
3526471,Little Lever Apps LLC,LLC,Active,2026-09-30,Domestic,Connecticut,Software Publishers (513210),79 Stonecrest Rd,Ridgefield,CT,06877-2521,bradley.cooke@gmail.com
3526476,VINTIMILLA D CONSTRUCTION LLC,LLC,Active,2026-09-30,Domestic,Connecticut,Residential Remodelers (236118),54 Poplar St,Waterbury,CT,06708-3544,vintimillaconstructionllc@gmail.com
3526479,Chaski for Travel LLC,LLC,Active,2026-09-30,Domestic,Connecticut,Travel Agencies (561510),407 Spring Water Ln,New Canaan,CT,06840-6005,caileym15@gmail.com
3526481,GamingAutoM8 LLC,LLC,Active,2026-09-30,Domestic,Connecticut,"Media Streaming Distribution Services, Social Networks, and Other Media Networks and Content Providers (516210)",25 Alan Dr,Ansonia,CT,06401-2502,support@gamingautom8.com
3526483,Melhorn Consulting LLC,LLC,Active,2026-09-30,Domestic,Connecticut,Other Scientific and Technical Consulting Services (541690),2389 Main St.,Glastonbury,CT,06033,eastern@northwestregisteredagent.com
3526487,EML LLC,LLC,Active,2026-09-30,Domestic,Connecticut,Other Services to Buildings and Dwellings (561790),46 King St,Stamford,CT,06902-3536,lopezselvin16@gmail.com
3526488,ArtanBlendz LLC,LLC,Active,2026-09-30,Domestic,Connecticut,All Other Personal Services (812990),91 Rosewood Ave,Waterbury,CT,06706,artanblendzllc@gmail.com
3526491,KiddoCue LLC,LLC,Active,2026-09-30,Domestic,Connecticut,Software Publishers (513210),23 Deepwood Dr,Vernon Rockville,CT,06066-4602,jaykennan@gmail.com
3526492,InnerBloom Counseling Services LLC,LLC,Active,2026-09-30,Domestic,Connecticut,Other Individual and Family Services (624190),908 Plymouth St,Windsor,CT,06095-3714,casiconsultingllc@gmail.com
3526501,Shorty�s LLC,LLC,Active,2026-09-30,Domestic,Connecticut,Snack and Nonalcoholic Beverage Bars (722515),78 Steep Hill Rd,Weston,CT,06883-1823,christinetocci@yahoo.com
3526502,125 Lebanon LLC,LLC,Active,2026-09-30,Domestic,Connecticut,Other Activities Related to Real Estate (531390),157 Lake Hayward Rd,Colchester,CT,06415-1814,ylin51454@gmail.com
3526504,NTTZ LLC,LLC,Active,2026-09-30,Domestic,Connecticut,Other Management Consulting Services (541618),15 Bigelow Rd,Colchester,CT,06415,mikegarvie15@gmail.com
3526510,Well Prnt�d LLC,LLC,Active,2026-09-30,Domestic,Connecticut,Commercial Screen Printing (323113),164 Church St,West Haven,CT,06516-4957,hello@wellprntd.com
3526512,GO & GI LLC,LLC,Active,2026-09-30,Domestic,Connecticut,Landscaping Services (561730),25 - 2 Natick St,Hartford,CT,06106-4063,gogillc68@gmail.com
3526517,Allen Curtis Ventures LLC,LLC,Active,2026-09-30,Domestic,Connecticut,Other Services Related to Advertising (541890),30 Hampden Cir,Simsbury,CT,06070,admin@allen-curtis.com
3526527,Fairfield Acquisition Company LLC,LLC,Active,2026-09-30,Domestic,Connecticut,Lessors of Residential Buildings and Dwellings (531110),154 Valley Rd,Cos Cob,CT,06807-2231,mhreap@gmail.com
3526533,Nail Lab CT LLC,LLC,Active,2026-09-30,Domestic,Connecticut,Nail Salons (812113),36 Berkshire Dr,Farmington,CT,06032-2506,naillabct@gmail.com
3526584,"AGENTIC TRADING SOLUTIONS, INC",Stock,Active,2026-09-30,Domestic,,533110,,,,,drvwap2@hotmail.com
3526595,"Sea Breeze Cleaners Pickup and Delivery Service, LLC",LLC,Active,2026-09-30,Domestic,,812320,85 ALBERTS HILL ROAD,SANDY HOOK,CT,06482,FRANKMAGLIOCCO@SBCGLOBAL.NET
3526606,"SONOS, INC.",Stock,Active,2026-09-30,Foreign,,334310,301 COROMAR DR,GOLETA,CA,93117-3286,REBECCA.SCHUSTER@SONOS.COM
2322390,Tree Care of Connecticut Limited Liability Company,LLC,Active,2026-09-29,Domestic,Connecticut,,11 Summit Rd,Prospect,CT,06712-1442,treecareofct@gmail.com
3494532,Trinity Star Deli & Grocery Corp.,Stock,Active,2026-09-29,Domestic,Connecticut,Convenience Retailers (445131),,,,,abdullahalyaari096@gmail.com
3515464,HEALTHY LIFE SOLUTIONS LLC,LLC,Active,2026-09-29,Foreign,NEW YORK,Services for the Elderly and Persons with Disabilities (624120),26 Stillo Dr,Airmont,NY,10952,healthylifesolutions01@gmail.com
3520228,Liz property solutions LLC,LLC,Active,2026-09-29,Domestic,Connecticut,Residential Remodelers (236118),268 Post Rd Ste 200 #312323,Fairfield,CT,06824,lizpropertysolutions7@gmail.com
3522944,Vinayak LLC,LLC,Active,2026-09-29,Domestic,Connecticut,"Beer, Wine, and Liquor Retailers (445320)",304 W Main St,Avon,CT,06001-4355,pranavpatel75@gmail.com
3523049,STATELINE LANDSCAPING Inc,Stock,Active,2026-09-29,Foreign,MASSACHUSETTS,Landscaping Services (561730),530 Glendale Rd,Hampden,MA,01036-9107,jon@statelinema.com
3523266,HIGH TECH UNDERGROUND LLC,LLC,Active,2026-09-29,Foreign,NEW JERSEY,All Other Specialty Trade Contractors (238990),1355 Denmark Rd,Plainfield,NJ,07062-2048,fredy@hightechunderground.net
3523374,"Norwalk Junior Basketball Association, Inc.",Non-Stock,Active,2026-09-29,Domestic,Connecticut,All Other Amusement and Recreation Industries (713990),,,,,joe@norwalkbasketball.com
3523802,Amber and Kit LLC,LLC,Active,2026-09-29,Domestic,Connecticut,All Other General Merchandise Retailers (455219),206 Peddlers Rd,Guilford,CT,06437-2322,amber.frumkin@gmail.com
3524232,CF TRANSPORTATION LLC,LLC,Active,2026-09-29,Domestic,Connecticut,All Other Support Activities for Transportation (488999),964 Baldwin St,Waterbury,CT,06706-1773,carlosferreira0710@yahoo.com
3524632,Beyond Judgement LLP,LLP,Active,2026-09-29,Domestic,Connecticut,Book Publishers (513130),9A Community Ave,Plainfield,CT,06374-1240,beyondjudgement6690@gmail.com
3524708,Ashworth Business Holdings Inc.,Stock,Active,2026-09-29,Domestic,Connecticut,Marketing Consulting Services (541613),,,,,corporateteam5@rasi.com
3524919,"Focus Business & Technology Consulting, LLC",LLC,Active,2026-09-29,Domestic,Connecticut,"All Other Professional, Scientific, and Technical Services (541990)",40 Miamis Road,West Hartford,CT,06117,focusbtconsultingllc@gmail.com
3524993,Soto & Beas Grace LLC,LLC,Active,2026-09-29,Domestic,Connecticut,Lessors of Nonresidential Buildings except Miniwarehouses (531120),301 Morse St,Hamden,CT,06517-3131,sotobeasgrace@gmail.com
3525005,Pinnacle Builders LLC,LLC,Active,2026-09-29,Domestic,Connecticut,Residential Remodelers (236118),219 Wilson Avenue,Norwalk,CT,06854,wendy@pinnaclebuilders.com
3525020,Cumulus LLC,LLC,Active,2026-09-29,Domestic,Connecticut,Ornamental and Architectural Metal Work Manufacturing (332323),180 Tom Swamp Rd,Hamden,CT,06518-1111,receipts@state-filings.us
3525032,Aunt Gabbys Preschool LLC,LLC,Active,2026-09-29,Domestic,Connecticut,Child Care Services (624410),88 Connecticut 37,New Fairfield,CT,06812,incorporation@corporatedocfiling.com
3525033,Bellos Pizza Restaurant LLC,LLC,Active,2026-09-29,Domestic,Connecticut,Full-Service Restaurants (722511),649 Watertown Avenue,Waterbury,CT,06708,incorporation@corporatedocfiling.com
3525034,Wings of butterflies LLC,LLC,Active,2026-09-29,Domestic,Connecticut,Department Stores (455110),472 Boston Post Rd,Waterford,CT,06385,incorporation@corporatedocfiling.com
3525040,Stoneledge Apartments LLC,LLC,Active,2026-09-29,Domestic,Connecticut,Lessors of Residential Buildings and Dwellings (531110),336 Main St,Wakefield,RI,02880,kyle.cehanowicz@gmail.com
3525044,Despin Health Professional Services PLLC,LLC,Active,2026-09-29,Domestic,Connecticut,Offices of All Other Miscellaneous Health Practitioners (621399),20 Marshall St,Windsor,CT,06095,despinhealth@gmail.com
3525050,Blake Sherman Consulting LLC,LLC,Active,2026-09-29,Domestic,Connecticut,Marketing Consulting Services (541613),461 thompsonville road,suffield,CT,06078,bsherman825@gmail.com
3525065,pmrenterprise Limited Liability Company,LLC,Active,2026-09-29,Domestic,Connecticut,Convenience Retailers (445131),505 Jewett Ave,Bridgeport,CT,06606-2849,pmrenterprise15@gmail.com
3525068,STATESMAN LLC,LLC,Active,2026-09-29,Domestic,Connecticut,Other Accounting Services (541219),193 Linwood St,New Britain,CT,06052-1714,statesmancorp1@gmail.com
3525071,Vincent Siena Construction Limited Liability Company,LLC,Active,2026-09-29,Domestic,Connecticut,Masonry Contractors (238140),890 Greenway Rd,Woodbridge,CT,06525-2413,vsiena86@gmail.com
3525072,Efficient and Effective Transport LLC,LLC,Active,2026-09-29,Domestic,Connecticut,Couriers and Express Delivery Services (492110),2839 Main Street ste 100,Glastonbury,CT,06033-1030,contacteandet@gmail.com
3525074,Narvella Motor Group LLC,LLC,Active,2026-09-29,Domestic,Connecticut,Used Car Dealers (441120),512 Washington St,Middletown,CT,06457-2513,contact@narvellamotorgroup.com
3525078,Watlestore4u LLC,LLC,Active,2026-09-29,Domestic,Connecticut,All Other General Merchandise Retailers (455219),20 N 2ND ST,Meriden,CT,06451,watlestore4u@gmail.com
3525082,Wood Advisory LLC,LLC,Active,2026-09-29,Domestic,Connecticut,Administrative Management and General Management Consulting Services (541611),2389 Main St. Ste 100,Glastonbury,CT,06033,eastern@registeredagentsinc.com
3525096,Held & Heard Coaching LLC,LLC,Active,2026-09-29,Domestic,Connecticut,All Other Support Services (561990),170 Chestnut Grove Drive,Guilford,CT,06437,hello@heldandheardcoaching.com
3525098,MyNhi Insurance Services LLC,LLC,Active,2026-09-29,Domestic,Connecticut,Insurance Agencies and Brokerages (524210),141 Osprey Circle,Westbrook,CT,06498,nhivanmay@gmail.com
3525099,Kronia Group LLC,LLC,Active,2026-09-29,Domestic,Connecticut,Web Search Portals and All Other Information Services (519290),14 Hazard Avenue,Enfield,CT,06082,admin@kroniagroup.onmicrosoft.com
3525100,AJ Cordero LLC,LLC,Active,2026-09-29,Domestic,Connecticut,All Other Miscellaneous Retailers (459999),453 Quinnipiac Avenue,New Haven,CT,06513,ajcorderollc@gmail.com
3525105,MR Prime Gear LLC,LLC,Active,2026-09-29,Domestic,Connecticut,Used Car Dealers (441120),181 Crystal Lake Rd,Stamford,CT,06905-1711,markrossini87@gmail.com
3525106,Tonys Kitchen & Confections LLC,LLC,Active,2026-09-29,Domestic,Connecticut,Limited-Service Restaurants (722513),557 Prospect Ave. Suite 102,West Hartford,CT,06105,tonyskitchenandconfections@yahoo.com
3525108,WIZZDR LLC,LLC,Active,2026-09-29,Domestic,Connecticut,Offices of Dentists (621210),506 Cromwell Ave,Rocky Hill,CT,06067,dveilleux0506@gmail.com
3525111,RP Consulting LLC,LLC,Active,2026-09-29,Domestic,Connecticut,All Other Business Support Services (561499),28 Oak Street,Westport,CT,06880,roseakin@gmail.com
3525121,"JDM Ventures, LLC",LLC,Active,2026-09-29,Domestic,Connecticut,Lessors of Other Real Estate Property (531190),342 East St,Plainville,CT,06062-3409,bf911c2@apl.com
3525123,LEAL LANDSCAPING LLC,LLC,Active,2026-09-29,Domestic,Connecticut,Other Personal and Household Goods Repair and Maintenance (811490),7 Padanaram Rd,Danbury,CT,06811-5721,cleitoncosta018@gmail.com
3525126,TC Wheels LLC,LLC,Active,2026-09-29,Domestic,Connecticut,Other Support Activities for Road Transportation (488490),11 Belmont Ln,Danbury,CT,06810-6442,tgocosta88@gmail.com
3525127,G360 Calibration & Diagnostics Inc.,Stock,Active,2026-09-29,Domestic,Connecticut,All Other Automotive Repair and Maintenance (811198),,,,,df4489@gmail.com
3525129,Outback Capital LLC,LLC,Active,2026-09-29,Domestic,Connecticut,Miscellaneous Financial Investment Activities (523999),39 Lockwood Dr,Old Greenwich,CT,06870-1912,londonduck@gmail.com
3525132,West Hill Painted & Poured LLC,LLC,Active,2026-09-29,Domestic,Connecticut,All Other General Merchandise Retailers (455219),66 Greenridge Rd,Torrington,CT,06790-3521,sarahmsmith705@gmail.com
3525133,Ubaldi Apex Ride LLC,LLC,Active,2026-09-29,Domestic,Connecticut,Used Car Dealers (441120),15 Whitmore Lane,Stamford,CT,06902,adanaubaldi@gmail.com
3525142,Trades Tools LLC,LLC,Active,2026-09-29,Domestic,Connecticut,"All Other Professional, Scientific, and Technical Services (541990)",34 Long River Rd,Sherman,CT,06784,kellypredham@gmail.com
3525144,ALL STATE SOLUTIONS LLC,LLC,Active,2026-09-29,Domestic,Connecticut,Marketing Consulting Services (541613),53 Curtiss St,Hartford,CT,06106-3809,allstatesolutions@protonmail.com
3525147,Crumb & Get It Homemade Goodness LLC,LLC,Active,2026-09-29,Domestic,Connecticut,Food Service Contractors (722310),19 Hunters Path,Wethersfield,CT,06109,mrfpef@aol.com
3525149,EDV LLC,LLC,Active,2026-09-29,Domestic,Connecticut,Lessors of Residential Buildings and Dwellings (531110),44 FLETCHER AVE,GREENWICH,CT,06831,efile1234@incfile.com
3525151,proptogroup llc,LLC,Active,2026-09-29,Domestic,Connecticut,Architectural Services (541310),1175 State St,New Haven,CT,06511-2759,mena@proptogroup.com
3525152,Balancing Rock LLC,LLC,Active,2026-09-29,Domestic,Connecticut,Other Activities Related to Real Estate (531390),7 Tekoa Terrace,Westfield,MA,01085,serenak3@aol.com
3525162,ANNE DESMOND LLC,LLC,Active,2026-09-29,Domestic,Connecticut,Heating Equipment except Warm Air Furnaces Manufacturing (333414),3103 Maple Tree Ln,East Lyme,CT,06333-1670,davidgarri@yopmail.com
3525164,Black Label Capital LLC,LLC,Active,2026-09-29,Domestic,Connecticut,Marketing Consulting Services (541613),221 Trumbull St,Hartford,CT,06103-1500,cullinsmike@yahoo.com
3525167,Connecticut Baseball Workouts LLC,LLC,Active,2026-09-29,Domestic,Connecticut,Sports and Recreation Instruction (611620),1280 Newfield St,Middletown,CT,06457-1874,bengilly70@gmail.com
3525169,AABM1 Property LLC,LLC,Active,2026-09-29,Domestic,Connecticut,Other Activities Related to Real Estate (531390),3053 Main St,Rocky Hill,CT,06067-3711,aabmpropertyllc@gmail.com
3525170,Richard and Darice LLC,LLC,Active,2026-09-29,Domestic,Connecticut,Lessors of Residential Buildings and Dwellings (531110),242 West Walk,West Haven,CT,06516-5967,rbona222@aol.com
3525180,Prestige Home Construction LLC,LLC,Active,2026-09-29,Foreign,MASSACHUSETTS,Residential Remodelers (236118),101 Reardon Rd,North Grosvenordale,CT,06255-2024,nick.phconstruction@gmail.com
3525182,The Guiding Tide LLC,LLC,Active,2026-09-29,Domestic,Connecticut,All Other Personal Services (812990),206 Neck Rd,Madison,CT,06443-2720,jodi@theguidingtide.com
3525183,"Breezy Meadow Farm, LLC",LLC,Active,2026-09-29,Domestic,Connecticut,All Other Animal Production (112990),600-610 Hall Hill Road,Somers,CT,06071,nancydrury3@gmail.com
3525185,BUILDING MANAGEMENT GROUP LTD,Stock,Active,2026-09-29,Domestic,Connecticut,"Brick, Stone, and Related Construction Material Merchant Wholesalers (423320)",,,,,buildingmgltd@outlook.com
3525186,PHP LLC,LLC,Active,2026-09-29,Domestic,Connecticut,Administrative Management and General Management Consulting Services (541611),28 Ironwood Dr,Danbury,CT,06811,pennyfieldharding@gmail.com
3525189,Angkor LLC,LLC,Active,2026-09-29,Domestic,Connecticut,Special Needs Transportation (485991),133 Williams Rd,Trumbull,CT,06611-4353,kbgangkorllc@yahoo.com
3525192,Purpose Health Inc.,Stock,Active,2026-09-29,Foreign,DELAWARE,Computer Systems Design Services (541512),7901 Stoneridge Dr Ste 210,Pleasanton,CA,94588-4530,raservice@vcorpservices.com
3525194,HUE LLC,LLC,Active,2026-09-29,Domestic,Connecticut,Upholstered Household Furniture Manufacturing (337121),2389 Main St.,Glastonbury,CT,06033,eastern@northwestregisteredagent.com
3525195,One Life Insurance Corporation,Stock,Active,2026-09-29,Domestic,Connecticut,Insurance Agencies and Brokerages (524210),,,,,james@onelifenation.com
3525196,Grumpy Veteran Studios LLC,LLC,Active,2026-09-29,Domestic,Connecticut,"Independent Artists, Writers, and Performers (711510)",126 East St,North Granby,CT,06060,grumpyveteranstudios@gmail.com
3525197,ProdisplayX LLC,LLC,Active,2026-09-29,Domestic,Connecticut,Wholesale Trade Agents and Brokers (425120),"24 W Main Street, Suite 335",Clinton,CT,06413,chris.meyer@prodisplayx.com
3525202,Fortis Path LLC,LLC,Active,2026-09-29,Domestic,Connecticut,Professional and Management Development Training (611430),37 Huckleberry Lane,West Hartford,CT,06110,smadera.coaching@gmail.com
3525203,Birdhouse Partners LLC,LLC,Active,2026-09-29,Domestic,Connecticut,Other Activities Related to Real Estate (531390),160 Stonewall Ln,Fairfield,CT,06824-1816,doug@littlepub.com
3525208,Next Shipping LLC,LLC,Active,2026-09-29,Domestic,Connecticut,"General Freight Trucking, Local (484110)",48 Silas Deane Hwy,Wethersfield,CT,06109-1265,mirzet@duricinsurancegroup.com
3525211,JForde vending services LLC,LLC,Active,2026-09-29,Domestic,Connecticut,Vending Machine Operators (445132),681 John Fitch Blvd,South Windsor,CT,06074-3300,jrossforde@gmail.com
3525221,brightridge Limited Liability Company,LLC,Active,2026-09-29,Domestic,Connecticut,Lessors of Residential Buildings and Dwellings (531110),222 kuhne road,southbury,CT,06488,csferruzzo@icloud.com
3525224,2720 Fairfield Ave Lounge LLC,LLC,Active,2026-09-29,Domestic,Connecticut,Drinking Places Alcoholic Beverages (722410),2720 Fairfield Ave,Bridgeport,CT,06605-3042,2720fairfieldave@gmail.com
3525229,While We're Here LLC,LLC,Active,2026-09-29,Domestic,Connecticut,Other Computer Related Services (541519),150 Broad St,Windsor,CT,06095-2972,hello@whilewerehere.com
3525232,MG HOME IMPROVEMENT LLC,LLC,Active,2026-09-29,Domestic,Connecticut,Residential Remodelers (236118),93 Hickory Rd,Stamford,CT,06903-2932,vanmarvin0@gmail.com
3525233,EcoAccess Consulting LLC,LLC,Active,2026-09-29,Domestic,Connecticut,Environmental Consulting Services (541620),530 Boston Post Rd,West Haven,CT,06516-1934,abdulrashidibnsalis@gmail.com
3525234,"Dynamic Resource Group, LLC",LLC,Active,2026-09-29,Domestic,Connecticut,Administration of General Economic Programs (926110),39 Russo Dr,Hamden,CT,06518-1721,diamondrealtyintl@gmail.com
3525240,Bottle Point CT LLC,LLC,Active,2026-09-29,Domestic,Connecticut,Materials Recovery Facilities (562920),181 Platt Avenue,West Haven,CT,06516,bottlepointllc@gmail.com
3525246,Next Chapter Comfort Apparel LLC,LLC,Active,2026-09-29,Domestic,Connecticut,Clothing and Clothing Accessories Retailers (458110),82 Doyle Road,Oakdale,CT,06370,hello.nextchaptercomfort@gmail.com
3525250,"Lanexa Biologics, LLC",LLC,Active,2026-09-29,Foreign,DELAWARE,Pharmaceutical Preparation Manufacturing (325412),340 E Maple Ave,Langhorne,PA,19047,mpestorius@lanexabio.com
3525255,Thomaston Gloss Garage LLC,LLC,Active,2026-09-29,Domestic,Connecticut,Car Washes (811192),1068 Old Northfield Rd,Thomaston,CT,06787-1119,jts_lawncare@yahoo.com
3525257,OUT-N-ABOUT BAR & RESTAURANT LLC,LLC,Active,2026-09-29,Domestic,Connecticut,Full-Service Restaurants (722511),59 NORTH MAIN STREET,BRISTOL,CT,06010,pacosta2124@gmail.com
3525260,Practical Vending Solutions LLC,LLC,Active,2026-09-29,Domestic,Connecticut,Vending Machine Operators (445132),83 george st,east haven,CT,06512,gabrielrmess@practicalvendingsoultions.com
3525262,Mayladyarch L.L.C.,LLC,Active,2026-09-29,Domestic,Connecticut,All Other General Merchandise Retailers (455219),# 1 glover Ave,Norwalk,CT,06850,kareenmason1166.com@icloud.com
3525267,Terwilliger Construction LLC,LLC,Active,2026-09-29,Domestic,Connecticut,Residential Remodelers (236118),1235 Farmington Ave,Bristol,CT,06010,terwilligerconstruction@gmail.com
3525268,"Mauro Motors Simsbury II, LLC",LLC,Active,2026-09-29,Domestic,Connecticut,Miscellaneous Financial Investment Activities (523999),416 Hopmeadow St.,Simsbury,CT,06070,jmauro@mauromotorsinc.com
3525270,Coop�s Automotive Repair LLC,LLC,Active,2026-09-29,Domestic,Connecticut,General Automotive Repair (811111),228 Cow Hill Rd,Clinton,CT,06413-1176,cgaldenzi2188@gmail.com
3525273,Cortes quisqueyanos LLC,LLC,Active,2026-09-29,Domestic,Connecticut,Barber Shops (812111),318 Congress Ave,Waterbury,CT,06708-3789,joeltaverasmiguel@gmail.com
3525274,"LOAD OFF, LLC",LLC,Active,2026-09-29,Domestic,Connecticut,All Other Personal Services (812990),1245 Farmington Ave PMB1281,West hartford,CT,06107,storeloadoff@gmail.com
3525275,The Laurel Community Inc.,Stock,Active,2026-09-29,Domestic,Connecticut,Residential Intellectual and Developmental Disability Facilities (623210),,,,,info@thelaurelcommunity.com
3525276,HomSerAI LLC,LLC,Active,2026-09-29,Domestic,Connecticut,Software Publishers (513210),53 Webster St,Fairfield,CT,06825-5546,dodanincastillo@gmail.com
3525281,Hannah Mazkour LLC,LLC,Active,2026-09-29,Domestic,Connecticut,Air-Conditioning and Warm Air Heating Equipment and Commercial and Industrial Refrigeration Equipment Manufacturing (333415),3103 Maple Tree Ln,East Lyme,CT,06333-1670,cmazkour@yopmail.com
3525288,"TRG CLAYMORE MEMBER, LLC",LLC,Active,2026-09-29,Domestic,,531110,777 WEST PUTNAM AVENUE,GREENWICH,CT,06830,MILAZZOT@RICHMANCAPITAL.COM
3525291,Westport Copper LLC,LLC,Active,2026-09-29,Domestic,Connecticut,All Other General Merchandise Retailers (455219),75 Long Lots Road,Westport,CT,06880,drrashbaum@yahoo.com
3525295,"TRG LAKE KATHY MEMBER, LLC",LLC,Active,2026-09-29,Domestic,,531110,777 WEST PUTNAM AVENUE,GREENWICH,CT,06830,MILAZZOT@RICHMANCAPITAL.COM
3525296,MAMI DOULA LLC,LLC,Active,2026-09-29,Domestic,Connecticut,All Other Personal Services (812990),137 CHILDS STREET,NEW BRITAIN,CT,06051,mamidoula7@gmail.com
3525298,Coleen H Duffy CPA LLC,LLC,Active,2026-09-29,Domestic,Connecticut,Offices of Certified Public Accountants (541211),19 North Road,Cromwell,CT,06416,coleen.duffy@brewit.com
3525304,BAE BOUTIQUE LLC,LLC,Active,2026-09-29,Domestic,Connecticut,Clothing and Clothing Accessories Retailers (458110),64 Mckinley Street,Manchester,CT,06040,tanithhenao@icloud.com
3525306,"TRG SHA MEMBER, LLC",LLC,Active,2026-09-29,Domestic,,531110,777 WEST PUTNAM AVE,GREENWICH,CT,06830,milazzo@richmancapital.com
3525309,"The Donovan Mitchell Foundation, Inc.",Non-Stock,Active,2026-09-29,Domestic,,813990,,,,,TWACHTEL@ROCKCO.COM
3525314,"Administrative Compliance Solutions Group, LLC",LLC,Active,2026-09-29,Domestic,Connecticut,Office Administrative Services (561110),110 Hillcrest Rd,Old Lyme,CT,06371,jamiemunson@gmail.com
3525315,G&C Elite cleaning services Llc,LLC,Active,2026-09-29,Domestic,Connecticut,Janitorial Services (561720),186 Lewis Ave,Meriden,CT,06451-2972,g_celitecleaningservicesllc@yahoo.com
3525317,74 Cottage Ave LLC,LLC,Active,2026-09-29,Domestic,Connecticut,Lessors of Residential Buildings and Dwellings (531110),112 Pershing Dr,Ansonia,CT,06401-2254,nicholas.rivers@yahoo.com
3525326,The Butterfly Boutique LLC,LLC,Active,2026-09-29,Domestic,Connecticut,Clothing and Clothing Accessories Retailers (458110),89 Woodside Ave,Bridgeport,CT,06606-2315,nisha_butterflies@yahoo.com
3525335,"Viriya 19, LLC",LLC,Active,2026-09-29,Domestic,Connecticut,Lessors of Other Real Estate Property (531190),371 Candlewood Lake Rd N,New Milford,CT,06776-4027,thongkuon@yahoo.com
3525336,"QE ELECTRICAL SERVICES, LLC",LLC,Active,2026-09-29,Foreign,DELAWARE,Commercial and Industrial Machinery and Equipment except Automotive and Electronic Repair and Maintenance (811310),18 Commerce Street,Springfield,NJ,07081,qeelectricalservices@agent.middesk.com
3525337,"BLACKWILL PROVIDERS, LLC",LLC,Active,2026-09-29,Foreign,,621111,5340 IRON CROSSING AVE,LAS VEGAS,NV,89131,sylvie@withflex.com
3525338,"A Cutlet Above, LLC",LLC,Active,2026-09-29,Domestic,Connecticut,Limited-Service Restaurants (722513),7 Old Tavern Rd,Orange,CT,06477,rmcutlet@gmail.com
3525343,"DON SNOW 1, LLC",LLC,Active,2026-09-29,Domestic,Connecticut,Other Activities Related to Real Estate (531390),1 Beaver Brook Rd,Danbury,CT,06810-6215,theincmaster1@gmail.com
3525345,876C&C Logistics LLC,LLC,Active,2026-09-29,Domestic,Connecticut,"General Freight Trucking, Long-Distance, Truckload (484121)",229 Ellington Rd,East Hartford,CT,06108-1148,chinandchiin876@gmail.com
3525353,Koa1 Logistics LLC,LLC,Active,2026-09-29,Domestic,Connecticut,"General Freight Trucking, Local (484110)","111 Wooster St Unit 7B,",Naugatuck,CT,06770,koa1logistics@gmail.com
3525359,"Mauro Motors Windsor I, LLC",LLC,Active,2026-09-29,Domestic,Connecticut,Miscellaneous Financial Investment Activities (523999),801 Bloomfield Avenue,Windsor,CT,06095,jmauro@mauromotorsinc.com
3525362,New England ProFinish LLC,LLC,Active,2026-09-29,Domestic,Connecticut,Residential Remodelers (236118),39 Sharon Rd,Waterbury,CT,06705,neprofinishct@gmail.com
3525365,Depth Collective LLC,LLC,Active,2026-09-29,Domestic,Connecticut,Offices of Mental Health Practitioners except Physicians (621330),247 Quaker Farms Rd,Oxford,CT,06478-1700,depthcollectivect@gmail.com
3525369,American CG. Construction & Excavation LLC,LLC,Active,2026-09-29,Domestic,Connecticut,Residential Remodelers (236118),97 Main St Apt 3,Danbury,CT,06810,americancg.constructionexcavate@gmail.com
3525371,Mai�s Growth & Glow Oil L.L.C.,LLC,Active,2026-09-29,Domestic,Connecticut,"Cosmetics, Beauty Supplies, and Perfume Retailers (456120)",88 Ivy St,New Haven,CT,06511-1825,maisgrowthandglow@gmail.com
3525372,"FERRARI ENTERTAINMENT, LLC",LLC,Active,2026-09-29,Domestic,Connecticut,All Other Personal Services (812990),149 Longmeadow Dr,Wolcott,CT,06716,ew9500409@gmail.com
3525375,Alice Food Corp.,Stock,Active,2026-09-29,Foreign,DELAWARE,Meat and Meat Product Merchant Wholesalers (424470),18 Bridge St,Brooklyn,NY,11201-1103,corporategovernance@rsf-llp.com
3525377,Smilou Rosca LLC,LLC,Active,2026-09-29,Domestic,Connecticut,Other Personal Care Services (812199),258 Eastern Ave,Waterbury,CT,06708-1064,jeanmanigat@yahoo.com
3525380,Goat Fusion Caribbean Cuisine LLC,LLC,Active,2026-09-29,Domestic,Connecticut,Business Associations (813910),274 Central Ave,Norwich,CT,06360-3856,goatfusioncc@gmail.com
3525388,DC SERVICES CONTRACTING LLC,LLC,Active,2026-09-29,Domestic,Connecticut,Commercial and Institutional Building Construction (236220),68 Center St,West Haven,CT,06516-3804,dcservices203@gmail.com
3525390,59 Horton LLC,LLC,Active,2026-09-29,Domestic,Connecticut,Lessors of Residential Buildings and Dwellings (531110),10 Harvard Ave,Stamford,CT,06902-4509,rupaalamgir@yahoo.com
3525395,Platinum Landscaping LLC,LLC,Active,2026-09-29,Domestic,Connecticut,Architectural Services (541310),150 Goff Rd,Wethersfield,CT,06109-1313,markmarkiv20@gmail.com
3525399,Umoja LLC,LLC,Active,2026-09-29,Domestic,Connecticut,Computer Systems Design Services (541512),470 Prospect St,New Haven,CT,06511-2174,is.demuyakor@gmail.com
3525408,"Five Fathoms, LLC",LLC,Active,2026-09-29,Domestic,Connecticut,Portfolio Management and Investment Advice (523940),1 Eliot Place,Fairfield,CT,06824,brian.pritchard@nm.com
3525412,Rooted in Soul L.L.C.,LLC,Active,2026-09-29,Domestic,Connecticut,Floriculture Production (111422),195 County St,New Haven,CT,06511-3301,rootedinsoul93@gmail.com
3525416,Spiritv Christian television Inc,Non-Stock,Active,2026-09-29,Domestic,Connecticut,"Media Streaming Distribution Services, Social Networks, and Other Media Networks and Content Providers (516210)",,,,,oseinti44@gmail.com
3525419,Aegir LLC,LLC,Active,2026-09-29,Domestic,Connecticut,"Hobby, Toy, and Game Retailers (459120)",17 Beach Dr,Darien,CT,06820-5609,robert@thecuriouscartographer.org
3525421,"Strategic Portfolio Management, LLC",LLC,Active,2026-09-29,Domestic,Connecticut,Portfolio Management and Investment Advice (523940),752 Boston Post Rd.,Madison,CT,06443,steve1040@aol.com
3525424,Dauplaise Law LLC,LLC,Active,2026-09-29,Domestic,Connecticut,Offices of Lawyers (541110),44 Crab Apple Pl,Stamford,CT,06903-1834,daniel.dauplaise@gmail.com
3525425,KJC 65 Colony LLC,LLC,Active,2026-09-29,Domestic,Connecticut,Other Activities Related to Real Estate (531390),8 Point Beach Dr,Milford,CT,06460-7641,kchiluisa@icloud.com
3525428,Tko Management Group LLC,LLC,Active,2026-09-29,Domestic,Connecticut,Convenience Retailers (445131),268 Post Rd Ste 200 #840797,Fairfield,CT,06824,michaelpparson@gmail.com
3525429,MICROHANG LLC,LLC,Active,2026-09-29,Domestic,Connecticut,Motion Picture and Video Production (512110),67 Dream Lake Dr,Madison,CT,06443-1600,ssweitzer08@gmail.com
3525433,Silver Line Transportation LLC,LLC,Active,2026-09-29,Domestic,Connecticut,All Other Transit and Ground Passenger Transportation (485999),1 Pomperaug Office Park,Southbury,CT,06488-2295,silverline2027@outlook.com
3525439,SHEVAM LLC,LLC,Active,2026-09-29,Domestic,Connecticut,Gasoline Stations with Convenience Stores (457110),154 W Town St,Norwich,CT,06360-2110,munir.g.dalal@gmail.com
3525440,TRANQUILITY ACCORD LLC,LLC,Active,2026-09-29,Domestic,,621399,1501 BEACH AVE,LONG BEACH TOWNSHIP,NJ,08008,stephanie.ragatz@yahoo.com
3525441,Warrington Publishing LLC,LLC,Active,2026-09-29,Domestic,Connecticut,Book Publishers (513130),34 Lilac Ln,Danbury,CT,06810,mikael@warringtonpublishing.com
3525445,"Hartford Bail Bonds, LLC",LLC,Active,2026-09-29,Domestic,Connecticut,All Other Insurance Related Activities (524298),67 Russ St,Hartford,CT,06106-5408,info@hartfordbailbonds.com
3525449,Tranco Solutions Inc.,Stock,Active,2026-09-29,Foreign,DELAWARE,Employment Placement Agencies (561311),345 Buckland Hills Dr,Manchester,CT,06042-8704,office@tranco-solutions.com
3525455,Trolio Investing LLC,LLC,Active,2026-09-29,Domestic,Connecticut,Offices of Other Holding Companies (551112),129 Pioneer Dr,West Hartford,CT,06117-3035,drtrol@trolinvest.onmicrosoft.com
3525457,Mizan Consulting LLC,LLC,Active,2026-09-29,Domestic,Connecticut,Human Resources Consulting Services (541612),11 Olde Village Circle,Wallingford,CT,06492,cakennedyc@gmail.com
3525458,Isamari Realty LLC,LLC,Active,2026-09-29,Domestic,Connecticut,Lessors of Residential Buildings and Dwellings (531110),9 Farview Ave,Danbury,CT,06810-5506,filancemanuel87@yahoo.com
3525463,"Elements of Hospitality, LLC",LLC,Active,2026-09-29,Foreign,WASHINGTON,Commercial and Institutional Building Construction (236220),655 Front Street,LYNDEN,WA,98264,licensing@e-hosp.com
3525465,Great Island Electric LLC,LLC,Active,2026-09-29,Foreign,NEW HAMPSHIRE,Electrical Contractors and Other Wiring Installation Contractors (238210),260 Wentworth Road,New Castle,NH,03854,licenses@greatislandelectric.com
3525466,NOVARRETE HANDYMAN LLC,LLC,Dissolved,2026-09-29,Domestic,Connecticut,Residential Remodelers (236118),15 Hayes St,Bridgeport,CT,06608-1516,solutionesnavarreteusa@gmail.com
3525470,307 North St LLC,LLC,Active,2026-09-29,Domestic,Connecticut,New Housing For-Sale Builders (236117),356 Chestnut Land Rd,New Milford,CT,06776-2230,michaelritzzo@aol.com
3525474,Yane Cleaning Services LLC,LLC,Active,2026-09-29,Domestic,Connecticut,Janitorial Services (561720),183 Cherry St,Naugatuck,CT,06770-4507,yanecservicesllc@gmail.com
3525475,FAVORITES INC.,Stock,Active,2026-09-29,Foreign,,513210,"1700 E. PUTNAM AVE., SUITE 208-133",OLD GREENWICH,CT,06870,JILLIAN@BUILDQP.COM
3525476,Mad River Junk Removal LLC,LLC,Active,2026-09-29,Domestic,Connecticut,Other Waste Collection (562119),105 Peck Rd,Winsted,CT,06098-2913,scheduling@madriverjunkremoval.com
3525479,"Mauro Motors Simsbury I, LLC",LLC,Active,2026-09-29,Domestic,Connecticut,Miscellaneous Financial Investment Activities (523999),384 Hopmeadow St.,Simsbury,CT,06070,jmauro@mauromotorsinc.com
3525492,DOUGLAS SOUZA LLC,LLC,Active,2026-09-29,Domestic,Connecticut,"Process, Physical Distribution, and Logistics Consulting Services (541614)",371 PARK RD APT B1,WEST HARTFORD,CT,06119,efile1234@incfile.com
3525500,Sheltercap LLC,LLC,Active,2026-09-29,Domestic,Connecticut,Portfolio Management and Investment Advice (523940),1 Eliot Pl,Fairfield,CT,06824-5154,johnpholmes3@gmail.com
3525502,NAVARRETE HANDYMAN LLC,LLC,Active,2026-09-29,Domestic,Connecticut,Residential Remodelers (236118),15 Hayes St,Bridgeport,CT,06608-1516,solucionesnavarreteusa@gmail.com
3525505,BMS SERVICES II LLC,LLC,Active,2026-09-29,Foreign,,541214,"210 ROUTE 4 EAST, 5TH FL",PARAMUS,NJ,07652,ssherman@bmsllc.com
3525508,BSS LLC,LLC,Active,2026-09-29,Domestic,Connecticut,Lessors of Nonresidential Buildings except Miniwarehouses (531120),433 S. Main Street,West Hartford,CT,06110,jen@f8properties.com
3525511,PARAPLI LLC,LLC,Active,2026-09-29,Domestic,Connecticut,Advertising Agencies (541810),135 GARDEN DR,BRIDGEPORT,CT,06606,efile1234@incfile.com
3525512,ROME Cleaning Service LLC,LLC,Active,2026-09-29,Domestic,Connecticut,Janitorial Services (561720),183 Moore Hill Dr,Southington,CT,06489-2929,romecleaning@gmail.com
3525517,SkillResy Co.,Stock,Active,2026-09-29,Foreign,DELAWARE,Software Publishers (513210),145 New London Tpke Unit 203,Glastonbury,CT,06033-7007,crystal@atplacementservices.com
3525521,American Premium Shipping LLC,LLC,Active,2026-09-29,Domestic,Connecticut,Freight Transportation Arrangement (488510),39 Autumn Lane,Stamford,CT,06906,ampremiumship@gmail.com
3525522,LUMAX LLC,LLC,Active,2026-09-29,Domestic,Connecticut,Satellite Telecommunications (517410),98 TAFT ST,STRATFORD,CT,06615,efile1234@incfile.com
3525525,SHYKA TRUCKING TRANSPORT SERVICE LLC,LLC,Active,2026-09-29,Domestic,Connecticut,"Specialized Freight except Used Goods Trucking, Local (484220)","36 RUSS STREET , 3RD FLOOR #1733",HARTFORD,CT,06106,efile1234@incfile.com
3525527,SD EXPRESS LLC,LLC,Active,2026-09-29,Domestic,Connecticut,"General Freight Trucking, Local (484110)",106 Joy Ln,New Britain,CT,06053-1725,sergeidanchak@icloud.com
3525529,WALLINGFORD GROCERY LLC,LLC,Active,2026-09-29,Domestic,Connecticut,Gasoline Stations with Convenience Stores (457110),315 N Colony St,Wallingford,CT,06492-3633,wallingfordgroceryllc@gmail.com
3525541,DMD ENTERPRISES REALTY LLC,LLC,Active,2026-09-29,Domestic,Connecticut,Other Activities Related to Real Estate (531390),855 Berlin Tpke,Berlin,CT,06037-2444,joed@nufacect.com
3525542,ALLOY ENTERPRISES LLC,LLC,Active,2026-09-29,Domestic,Connecticut,Administrative Management and General Management Consulting Services (541611),"36 RUSS STREET , 3RD FLOOR #1738",HARTFORD,CT,06106,efile1234@incfile.com
3525551,RHODES TRANSPORT LLC,LLC,Active,2026-09-29,Domestic,Connecticut,"General Freight Trucking, Long-Distance, Less Than Truckload (484122)","36 RUSS STREET , 3RD FLOOR #1739",HARTFORD,CT,06106,efile1234@incfile.com
3525553,Argo LLC,LLC,Active,2026-09-29,Domestic,Connecticut,Administrative Management and General Management Consulting Services (541611),74 Clapboard Hill Road,New Canaan,CT,06840,pklevin248@gmail.com
3525555,WTE MANAGEMENT LLC,LLC,Active,2026-09-29,Domestic,Connecticut,Lessors of Other Real Estate Property (531190),134 Lawrence Street,NEW HAVEN,CT,06511,zeegol42@gmail.com
3525556,LEVI PRESTON LLC,LLC,Active,2026-09-29,Domestic,Connecticut,Administrative Management and General Management Consulting Services (541611),58 DURANT TER,MIDDLETOWN,CT,06457,efile1234@incfile.com
3525560,KEYPOINT PROPERTY SERVICES & SOLUTIONS LLC,LLC,Active,2026-09-29,Domestic,Connecticut,Residential Property Managers (531311),"36 RUSS STREET , 3RD FLOOR #1742",HARTFORD,CT,06106,efile1234@incfile.com
3525561,NEXT ERA HOME IMPROVEMENT LLC,LLC,Active,2026-09-29,Domestic,Connecticut,Residential Remodelers (236118),1565 Madison Ave,Bridgeport,CT,06606-4547,nexterahomeimprovement@gmail.com
3525562,ROC REAL ESTATE LLC,LLC,Active,2026-09-29,Domestic,Connecticut,Administrative Management and General Management Consulting Services (541611),26 CLOVER HILL RD,TRUMBULL,CT,06611,efile1234@incfile.com
3525563,Recuvery LLC,LLC,Active,2026-09-29,Foreign,CALIFORNIA,Collection Agencies (561440),1 Technology Drive,Irvine,CA,92618,shirley@recuvery.com
3525573,Lane 9A Aquatics LLC,LLC,Active,2026-09-29,Domestic,Connecticut,Sports and Recreation Instruction (611620),115 Cat Swamp Rd,Woodbury,CT,06798,lane9aswim@gmail.com
3525574,HOOD & GREASE WORKS LLC,LLC,Active,2026-09-29,Domestic,Connecticut,Janitorial Services (561720),261 ORANGE ST,NEW HAVEN,CT,06510,efile1234@incfile.com
3525575,GGC HOLDINGS LLC,LLC,Active,2026-09-29,Domestic,Connecticut,Administrative Management and General Management Consulting Services (541611),1341 PURCHASE BROOK RD,SOUTHBURY,CT,06488,efile1234@incfile.com
3525578,GO CANDY USA LLC,LLC,Active,2026-09-29,Domestic,Connecticut,All Other General Merchandise Retailers (455219),17 Wayland St,Hartford,CT,06114-2678,jchg1085@gmail.com
3525579,RENOY TRANSPORTATION LLC,LLC,Active,2026-09-29,Domestic,Connecticut,"General Freight Trucking, Long-Distance, Truckload (484121)",63 GRANFIELD AVE,BRIDGEPORT,CT,06610,efile1234@incfile.com
3525586,SEVERE BOUTIQUE & MORE LLC,LLC,Active,2026-09-29,Domestic,Connecticut,All Other General Merchandise Retailers (455219),"36 RUSS STREET , 3RD FLOOR #1747",HARTFORD,CT,06106,efile1234@incfile.com
3525592,"QUALITY TRANSFER, LLC",LLC,Active,2026-09-29,Domestic,Connecticut,All Other Personal Services (812990),1089 N Main St,Waterbury,CT,06704,israelaquino32@yahoo.com
3525593,Official Dibs App LLC,LLC,Active,2026-09-29,Domestic,Connecticut,Software Publishers (513210),205 Birchwood Dr,New Britain,CT,06052-1572,officialdibsapp@gmail.com
3525595,4 OAK STREET INC,Stock,Active,2026-09-29,Domestic,Connecticut,Other Activities Related to Real Estate (531390),,,,,tdennis900@gmail.com
3525596,ARAD SERVICES Limited Liability Company,LLC,Active,2026-09-29,Domestic,Connecticut,Used Car Dealers (441120),11 Scuppo Rd,Danbury,CT,06811,constantin.adelakoun@gmail.com
3525599,CT MAX Cash Offers We Buy Houses | Sell My House Fast No Repairs LLC,LLC,Active,2026-09-29,Domestic,Connecticut,Other Activities Related to Real Estate (531390),27 greenfield st,Windsor,CT,06095,g.allen.houses@gmail.com
3525603,Built Right Masonry & Hardscape LLC,LLC,Active,2026-09-29,Domestic,Connecticut,Masonry Contractors (238140),36 Alicia Ln,Middletown,CT,06457-4560,stikit0425@yahoo.com
3525605,Progressive Epoxy Flooring Limited Liability Company,LLC,Active,2026-09-29,Domestic,Connecticut,All Other Specialty Trade Contractors (238990),173 Zion St,Hartford,CT,06106-3548,progepoxyflooring@gmail.com
3525608,Iykemon LLC,LLC,Active,2026-09-29,Domestic,Connecticut,Engineering Services (541330),1 North Forest Circle,WEST HAVEN,CT,06516,iykemon24@gmail.com
3525613,R & R CAROL LLC,LLC,Active,2026-09-29,Domestic,Connecticut,Janitorial Services (561720),167 Dupont Pl,Bridgeport,CT,06610-1401,kellysouzadmv@gmail.com
3525614,HAULBEAM Inc.,Stock,Active,2026-09-29,Domestic,Connecticut,Software Publishers (513210),,,,,support@haulbeam.info
3525621,Dewitt G Panton Jr EL Revocable Trust Corporation,B Corp,Active,2026-09-29,Domestic,Connecticut,Investment Banking and Securities Intermediation (523150),,,,,dewittpanton92@yahoo.com
3525628,BBCRUS LLC,LLC,Active,2026-09-29,Domestic,Connecticut,General Automotive Repair (811111),372 Wolcott Rd,Wolcott,CT,06716-2614,agchenier98@gmail.com
3525633,THE SWAN'S NEST LLC,LLC,Active,2026-09-29,Domestic,Connecticut,Book Retailers and News Dealers (459210),456 Glenbrook Rd STE 4,Stamford,CT,06906-1800,orders@theswannest.com
3525637,Peppergrass LLC,LLC,Active,2026-09-29,Domestic,Connecticut,"Gift, Novelty, and Souvenir Retailers (459420)",30 W Main St,Mystic,CT,06355-2519,bobheinemann@gmail.com
3525638,IMOGIDA HOMES LLC,LLC,Active,2026-09-29,Domestic,Connecticut,Lessors of Nonresidential Buildings except Miniwarehouses (531120),1343 Sullivan Ave,South Windsor,CT,06074-2776,hmensah@henrymensahcpa.com
3525647,COSE home improvement LLC,LLC,Active,2026-09-29,Domestic,Connecticut,Residential Remodelers (236118),49 Allen St,Groton,CT,06340,c.glynn2020@gmail.com
3525648,"194 Derby Ave, LLC",LLC,Active,2026-09-29,Domestic,Connecticut,Lessors of Residential Buildings and Dwellings (531110),194 Derby Ave,Orange,CT,06477-1317,khadejaalanesi@yahoo.com
3525649,CITY GAS FOOD MART LLC,LLC,Active,2026-09-29,Domestic,Connecticut,Gasoline Stations with Convenience Stores (457110),1439 Baldwin St,Waterbury,CT,06706-2002,bgollnick@aol.com
3525650,Sound Field II LLC,LLC,Active,2026-09-29,Foreign,DELAWARE,"Trusts, Estates, and Agency Accounts (525920)",55 Hudson Yards,New York,NY,10001-2163,mberkery@millbank.com
3525654,Church of the living God Pillard and Ground LLC,LLC,Active,2026-09-29,Domestic,Connecticut,Other Grantmaking and Giving Services (813219),784 Connecticut Avenue,Bridgeport,CT,06607,incorporation@corporatedocfiling.com
3525656,WRLCF Legacy Group Inc.,B Corp,Active,2026-09-29,Domestic,Connecticut,Lessors of Residential Buildings and Dwellings (531110),,,,,wrlcflegacy@gmail.com
3525657,Sound Field III LLC,LLC,Active,2026-09-29,Foreign,DELAWARE,"Trusts, Estates, and Agency Accounts (525920)",55 Hudson Yards,New York,NY,10001-2163,mberkery@milbank.com
3525661,TechEd Analyst LLC,LLC,Active,2026-09-29,Domestic,Connecticut,Software Publishers (513210),84 Pinehurst Dr,Meriden,CT,06450-7050,info@techedanalyst.com
3525662,Sound Field IV LLC,LLC,Active,2026-09-29,Foreign,DELAWARE,"Trusts, Estates, and Agency Accounts (525920)",55 Hudson Yards,New York,NY,10001-2163,mberkery@milbank.com
3525664,Brown Tree LLC,LLC,Active,2026-09-29,Foreign,DELAWARE,"Trusts, Estates, and Agency Accounts (525920)",55 Hudson Yards,New York,NY,10001-2163,mberkery@milbank.com
3525669,Elementum Gemstones LLC,LLC,Active,2026-09-29,Domestic,Connecticut,All Other General Merchandise Retailers (455219),15 Perry Ave,Norwalk,CT,06850,elementum.stones@gmail.com
3525673,"The Latter House, Inc",Non-Stock,Active,2026-09-29,Domestic,Connecticut,Civic and Social Organizations (813410),,,,,thelatterhousect@gmail.com
3525674,3 Kousins Bakery & More LLC,LLC,Active,2026-09-29,Domestic,Connecticut,Commercial Bakeries (311812),584 Gianotti Ct,Wallingford,CT,06492-3855,eav243@yahoo.com
3525680,ADM Design LLC,LLC,Active,2026-09-29,Domestic,Connecticut,Interior Design Services (541410),9 Dinatale Dr,Wallingford,CT,06492-3261,hello@alessandrodemartino.com
3525683,A Squared Permitting and Maintenance LLC,LLC,Active,2026-09-29,Domestic,Connecticut,"Regulation, Licensing, and Inspection of Miscellaneous Commercial Sectors (926150)",76 Hempel Dr,Wolcott,CT,06716-1714,asquaredpm@outlook.com
3525695,Simple Junk Removal LLC,LLC,Active,2026-09-29,Domestic,Connecticut,Used Household and Office Goods Moving (484210),20 Light St,Enfield,CT,06082,sjr@simplejunkremoval.org
3525700,JeffBHosts LLC,LLC,Active,2026-09-29,Domestic,Connecticut,"Independent Artists, Writers, and Performers (711510)",297 Skinner Lane,Hebron,CT,06248,barten1014@gmail.com
3525702,CVR STORE LLC,LLC,Active,2026-09-29,Domestic,Connecticut,All Other General Merchandise Retailers (455219),28 Huntington St,Hartford,CT,06105-1676,cvrstorellc@gmail.com
3525706,Somerset Property Consulting Professional Limited Liability Company,LLC,Active,2026-09-29,Domestic,Connecticut,Administrative Management and General Management Consulting Services (541611),"190 Tomlinson ave, 1E",Plainville,CT,06062,somersetpropertyconsulting@gmail.com
3525707,Edwards Small Engine Works Limited Liability Company,LLC,Active,2026-09-29,Domestic,Connecticut,Home and Garden Equipment Repair and Maintenance (811411),63 Heritage Dr,Seymour,CT,06483-3841,edwardsengineworks24@gmail.com
3525708,Problem Shop LLC,LLC,Active,2026-09-29,Domestic,Connecticut,Administrative Management and General Management Consulting Services (541611),2389 Main St.,Glastonbury,CT,06033,eastern@northwestregisteredagent.com
3525713,Sassou signature LLC,LLC,Active,2026-09-29,Domestic,Connecticut,Beauty Salons (812112),37 Folly Brook Blvd,Wethersfield,CT,06109-4535,contact@sassousignature.com
3525714,Simple Products LLC,LLC,Active,2026-09-29,Domestic,Connecticut,All Other General Merchandise Retailers (455219),80 Park Place Cir,West Hartford,CT,06110-1426,llcsimpleproducts@gmail.com
3525721,UR1 Entertainment LLC,LLC,Active,2026-09-29,Domestic,Connecticut,Sound Recording Studios (512240),341 Main Street,West Haven,CT,06516,rasulmamasli@icloud.com
3525777,164 Coram Ave LLC,LLC,Active,2026-09-29,Domestic,,531110,1 BRAE LOCH WAY,SHELTON,CT,06484,adasilva@dsacompanies.com
3525816,ESSENCE CONSULTING INC,Stock,Active,2026-09-29,Foreign,,541890,7 PARK STREET,EDGEWATER,NJ,07020,NIDAL.ALLEY@ESSENCEPATIENTSOLUTIONS.COM
3483111,Symbiotic Trading LLC,LLC,Active,2026-09-28,Domestic,Connecticut,Portfolio Management and Investment Advice (523940),319 Thomaston Rd,Watertown,CT,06795,symbiotictrader@gmail.com
3494866,Black Wolf Solar LLC,LLC,Active,2026-09-28,Foreign,FLORIDA,Electrical Contractors and Other Wiring Installation Contractors (238210),101 N Monroe St,Tallahassee,FL,32301,kathy@blackwolfsolar.com
3508442,1820 Center LLC,LLC,Active,2026-09-28,Domestic,Connecticut,Lessors of Residential Buildings and Dwellings (531110),2842 Main St,Glastonbury,CT,06033-1077,ppatel@ecthb.com
3511384,Keane Specialty Insurance LLC,LLC,Active,2026-09-28,Foreign,DELAWARE,Insurance Agencies and Brokerages (524210),1800 N Federal Hwy Ste 206,Pompano Beach,FL,33062-1021,darren@keanespecialty.com
3515869,"KBA, Inc. Ohio",Stock,Active,2026-09-28,Foreign,OHIO,Professional Organizations (813920),29 High Street,Milford,OH,45150,bschalk@kbainc.com
3516660,ShopSmart Central Inc.,Stock,Active,2026-09-28,Foreign,NEW YORK,Commercial Printing except Screen and Books (323111),144 Old Brookfield Rd,Danbury,CT,06811-4071,gfolsen@chasemediagroup.com
3518437,"Bioregion Studios, Inc.",Stock,Active,2026-09-28,Foreign,DELAWARE,Software Publishers (513210),36 Lyon St,New Haven,CT,06511-4927,ismail@bioregionstudios.com
3518598,Creation One o One LLC,LLC,Active,2026-09-28,Domestic,Connecticut,"Gift, Novelty, and Souvenir Retailers (459420)",8 Idle Lane,Meriden,CT,06451,deboraotero16@gmail.com
3520380,Emslie Therapy LLC,LLC,Active,2026-09-28,Domestic,Connecticut,Offices of Mental Health Practitioners except Physicians (621330),2389 Main St,Glastonbury,CT,06033-4617,emslie.therapy@gmail.com
3521560,Rocknaime LLC,LLC,Active,2026-09-28,Domestic,Connecticut,All Other General Merchandise Retailers (455219),75 Union St,Bristol,CT,06010,jomontero644@gmail.com
3523097,"CESO Engineering, Co.",Stock,Active,2026-09-28,Foreign,OHIO,Engineering Services (541330),"3601 Rigby Road, Suite 300",Miamisburg,OH,45342,jamie.melson@legacy5.com
3523167,Doorflow LLC,LLC,Active,2026-09-28,Domestic,Connecticut,All Other Specialty Trade Contractors (238990),1 Connecticut River RD,East Haddam,CT,06423,inon054957@gmail.com
3523853,"MAP Mobile Notary Services, LLC",LLC,Active,2026-09-28,Domestic,Connecticut,All Other Legal Services (541199),10 Rolling Hills Dr,Seymour,CT,06483-3058,mapmobilenotaryservices@gmail.com
3523993,RFHtransportation LLC,LLC,Active,2026-09-28,Domestic,Connecticut,"Specialized Freight (except Used Goods) Trucking, Long-Distance (484230)",154 Oak St,Manchester,CT,06040-6140,rfh.transport@gmail.com
3524021,Josh Hooker Home Renovation Limited Liability Company,LLC,Active,2026-09-28,Domestic,Connecticut,All Other Specialty Trade Contractors (238990),3 N Granby Rd,Granby,CT,06035-2102,joshrhooker@outlook.com
3524029,"""Como en casa"" comida peruana en norwich LLC",LLC,Active,2026-09-28,Domestic,Connecticut,Limited-Service Restaurants (722513),26 7th St,Norwich,CT,06360-3813,comoencasacomidaperuana@gmail.com
3524030,Chang Dangus Laboratories LLC,LLC,Active,2026-09-28,Domestic,Connecticut,"Independent Artists, Writers, and Performers (711510)",22 S Edgewood Ave,Trumbull,CT,06611-3104,convertito43@icloud.com
3524038,OnTap Venue Solutions LLC,LLC,Active,2026-09-28,Domestic,Connecticut,Vending Machine Operators (445132),12 Columbia St,Hartford,CT,06106-1312,evan@ontapvenues.com
3524039,With Love L LLC,LLC,Active,2026-09-28,Domestic,Connecticut,Caterers (722320),192 North Salem Road,Ridgefield,CT,06877,incorporation@corporatedocfiling.com
3524045,FORGE & MOTION LLC,LLC,Active,2026-09-28,Domestic,Connecticut,All Other Personal Services (812990),79 Prange Rd,Brookfield,CT,06804,incorporation@corporatedocfiling.com
3524047,Sovereign Vault Entertainment LLC,LLC,Active,2026-09-28,Domestic,Connecticut,"Independent Artists, Writers, and Performers (711510)",184 Ledge Drive,Torrington,CT,06790,incorporation@corporatedocfiling.com
3524048,The Wise Rose LLC,LLC,Active,2026-09-28,Domestic,Connecticut,All Other Miscellaneous Retailers (459999),50 Beardsley Pkwy,Trumbull,CT,06611,registrationhelp01@outlook.com
3524049,LovedTwiceBoutiqueCo LLC,LLC,Active,2026-09-28,Domestic,Connecticut,All Other Miscellaneous Retailers (459999),70 Third Street,Hamden,CT,06514,registrationhelp01@outlook.com
3524050,Lee shear unisex hair salon LLC,LLC,Active,2026-09-28,Domestic,Connecticut,Beauty Salons (812112),482 Spring Street,Windsor Locks,CT,06096,registrationhelp01@outlook.com
3524053,HYDRA DIVE TECH LLC,LLC,Active,2026-09-28,Foreign,WEST VIRGINIA,All Other Support Services (561990),358 White Island Rd,Fairmont,WV,26554-7926,office@hydradivetech.com
3524065,OW Fairfield LLC,LLC,Active,2026-09-28,Domestic,Connecticut,Other Activities Related to Real Estate (531390),15 Spriteview Ave,Westport,CT,06880-6933,oliverwilsonconstruction@yahoo.com
3524070,RSBuddies LLC,LLC,Active,2026-09-28,Domestic,Connecticut,"Independent Artists, Writers, and Performers (711510)",110 Stiles St,Milford,CT,06461-2033,rsbuddiespodcast@gmail.com
3524079,LENOLA FARM LLC,LLC,Active,2026-09-28,Domestic,Connecticut,Other Vegetable except Potato and Melon Farming (111219),185 Curtiss St,Bristol,CT,06010-3512,hjtracz@gmail.com
3524085,Law Pro Painting LLC,LLC,Active,2026-09-28,Domestic,Connecticut,Painting and Wall Covering Contractors (238320),557 Prospect Ave. Suite 102,West Hartford,CT,06105,lawpropainting@yahoo.com
3524096,Snake Eyes Elite LLC,LLC,Active,2026-09-28,Domestic,Connecticut,Exterminating and Pest Control Services (561710),557 Prospect Ave. Suite 102,West Hartford,CT,06105,paul.andy.louis@gmail.com
3524108,ErinMichArt LLC,LLC,Active,2026-09-28,Domestic,Connecticut,"Independent Artists, Writers, and Performers (711510)",78 Olive St Apt 505,New Haven,CT,06511-6983,erinmichaudart@gmail.com
3524121,Morin Media LLC,LLC,Active,2026-09-28,Domestic,Connecticut,Advertising Agencies (541810),135 Watch Hill Road,Branford,CT,06405,sales@morin-media.com
3524129,B & A HOME IMPROVEMENTS LLC,LLC,Active,2026-09-28,Domestic,Connecticut,Residential Remodelers (236118),18 Wall St,Waterbury,CT,06705,chica_beba@yahoo.com
3524132,Migz Transportation LLC,LLC,Active,2026-09-28,Domestic,Connecticut,"General Freight Trucking, Local (484110)",475 Putnam Pike,Dayville,CT,06241,migztransportation1107@gmail.com
3524133,Perinatal Assist LLC,LLC,Active,2026-09-28,Domestic,Connecticut,Office Administrative Services (561110),2389 Main St.,Glastonbury,CT,06033,eastern@northwestregisteredagent.com
3524146,Pivotal Law LLC,LLC,Active,2026-09-28,Domestic,Connecticut,Offices of Lawyers (541110),196 N Beacon St,Hartford,CT,06105-2247,sjb@pivotal-law.com
3524148,High Street Condominium Association LLC,LLC,Active,2026-09-28,Domestic,Connecticut,"Other Similar Organizations except Business, Professional, Labor, and Political Organizations (813990)",1225 SE 27th St,Cape Coral,FL,33904-5738,jeremiewitlin@yahoo.com
3524152,CamPin CT LLC,LLC,Active,2026-09-28,Domestic,Connecticut,"Promoters of Performing Arts, Sports, and Similar Events without Facilities (711320)",203 Reynolds Dr,Meriden,CT,06450-2534,kbayusik@gmail.com
3524153,STRATEGIC ACQUISITIONS 2ND LLC,LLC,Active,2026-09-28,Domestic,Connecticut,Administrative Management and General Management Consulting Services (541611),836 Farmington Ave,West Hartford,CT,06119,jgr@russellcompanycpa.com
3524156,Woods Advisory Group LLC,LLC,Active,2026-09-28,Domestic,Connecticut,Administrative Management and General Management Consulting Services (541611),21 Wales Rd,Stafford Springs,CT,06076-3518,woodsadvisorygroup@gmail.com
3524158,P&D Holdings. LLC,LLC,Active,2026-09-28,Domestic,Connecticut,Lessors of Other Real Estate Property (531190),104 S Pomperaug Ave,Woodbury,CT,06798-3712,pniland@woodburysupply.com
3524161,M.A.S Group LLC,LLC,Active,2026-09-28,Domestic,Connecticut,Lessors of Residential Buildings and Dwellings (531110),10 Dodge Ave,East Haven,CT,06512-3438,germanhandymane@gmail.com
3524163,"Eastern Theatrical Riggers, LLC",LLC,Active,2026-09-28,Domestic,Connecticut,Other Performing Arts Companies (711190),59 Mill Pond Rd,Broad Brook,CT,06016-9600,etrigger@yahoo.com
3524167,Understanding RF LLC,LLC,Active,2026-09-28,Domestic,Connecticut,"All Other Professional, Scientific, and Technical Services (541990)",237 Upper Road,Union,CT,06076,understandingrfllc@gmail.com
3524170,EMFANAPRODUCT LLC,LLC,Active,2026-09-28,Domestic,Connecticut,Industrial and Personal Service Paper Merchant Wholesalers (424130),112 BROAD ST,MERIDEN,CT,06450,efile1234@incfile.com
3524175,THE SOLUTION ROOFING AND SIDING LLC,LLC,Active,2026-09-28,Domestic,Connecticut,Roofing Contractors (238160),54 Tracy Ave,Waterbury,CT,06706-2140,luistacuriyupangui2001@gmail.com
3524177,Tim's Tap Removal LLC,LLC,Active,2026-09-28,Domestic,Connecticut,Commercial and Industrial Machinery and Equipment except Automotive and Electronic Repair and Maintenance (811310),24 Maryland Street,Danielson,CT,06239,timstapremoval@gmail.com
3524180,SOUTH MAIN MARKET 2 L.L.C.,LLC,Active,2026-09-28,Domestic,Connecticut,Convenience Retailers (445131),133 S Main Street,Norwalk,CT,06854,southmainmarket2llc@gmail.com
3524181,1730 State Street #308 LLC,LLC,Active,2026-09-28,Domestic,Connecticut,Lessors of Residential Buildings and Dwellings (531110),428 Dixwell Ave,New Haven,CT,06511-1764,mortprat@gmail.com
3524185,RB Multiservices LLC,LLC,Active,2026-09-28,Domestic,Connecticut,Painting and Wall Covering Contractors (238320),100 Commons Park N,Stamford,CT,06902-7155,ivanchimbo3@gmail.com
3524186,K&S Traffic Services and Solutions LLC,LLC,Active,2026-09-28,Domestic,Connecticut,"Other Similar Organizations except Business, Professional, Labor, and Political Organizations (813990)",1346 Whitney Avenue,Hamden,CT,06517,koreystreater@gmail.com
3524189,50 Stannard Avenue LLC,LLC,Active,2026-09-28,Domestic,Connecticut,Lessors of Residential Buildings and Dwellings (531110),200 Pratt St,Meriden,CT,06450-4268,scarabetta@carabetta.com
3524190,ClarityCheckOS LLC,LLC,Active,2026-09-28,Domestic,Connecticut,Computer and Computer Peripheral Equipment and Software Merchant Wholesalers (423430),871E Newfield St,Middletown,CT,06457-1815,michael@m2solutions.com
3524193,JCCMV Poe Court Properties LLC,LLC,Active,2026-09-28,Domestic,Connecticut,Lessors of Residential Buildings and Dwellings (531110),45 Poe Ct,Fairfield,CT,06825-4752,cmjv@yahoo.com
3524197,"495 GLENDALE AVE 16, LLC",LLC,Active,2026-09-28,Domestic,Connecticut,Lessors of Residential Buildings and Dwellings (531110),15 Magnolia Road,Trumbull,CT,06611,falcone247@gmail.com
3524200,Path Education Inc.,Stock,Active,2026-09-28,Foreign,DELAWARE,Computer Systems Design Services (541512),"5910 S University Blvd, Suite C-18 #224",Greenwood Village,CO,80121,finance@pathify.com
3524204,MOTHY CHARLES LLC,LLC,Active,2026-09-28,Domestic,Connecticut,Heating Equipment except Warm Air Furnaces Manufacturing (333414),8 NURSICK TER,PORTLAND,CT,06480,stodda@yopmail.com
3524206,"FIX, LLC",LLC,Active,2026-09-28,Domestic,Connecticut,"Plumbing, Heating, and Air-Conditioning Contractors (238220)",331 Fay Rd,Pomfret Center,CT,06259-1908,craiglamb82@gmail.com
3524207,KG Automotive Inspections LLC,LLC,Active,2026-09-28,Domestic,Connecticut,All Other Automotive Repair and Maintenance (811198),542 Church St,Newington,CT,06111-5004,kengrat@gmail.com
3524211,House of Living Grace Ministries Inc.,Non-Stock,Active,2026-09-28,Domestic,Connecticut,Religious Organizations (813110),,,,,tablededeborah@gmail.com
3524214,Balloon Delightz LLC,LLC,Active,2026-09-28,Domestic,Connecticut,"Gift, Novelty, and Souvenir Retailers (459420)",543 Brook Rd.,Scotland,CT,06264,balloondelightz@gmail.com
3524219,Milatina Kids & Co. LLC,LLC,Active,2026-09-28,Domestic,Connecticut,Clothing and Clothing Accessories Retailers (458110),6 Catalina Dr,Ansonia,CT,06401,camilabpedersen@gmail.com
3524229,"G Kramer, LLC",LLC,Active,2026-09-28,Domestic,Connecticut,Roofing Contractors (238160),514 Cornwall Ave,Cheshire,CT,06410-2609,info@gkramerllc.com
3524230,Kim's Senior Helper & Companion Services LLC,LLC,Active,2026-09-28,Domestic,Connecticut,Services for the Elderly and Persons with Disabilities (624120),24 W. Main St -Suite 319,Clinton,CT,06413,lifecoach.kimwoods@gmail.com
3524236,ALEXIS PRIME HOME BUILDERS LLC,LLC,Active,2026-09-28,Domestic,Connecticut,Residential Remodelers (236118),133 Brown St,West Haven,CT,06516-4939,0987400089alex@gmail.com
3524243,"PALUMBO CUSTOM DESIGN, LLC",LLC,Active,2026-09-28,Domestic,Connecticut,Finish Carpentry Contractors (238350),77 Lebanon Rd,North Franklin,CT,06254-1804,aljmikepalumbo@gmail.com
3524244,BAD VENDING CO. LLC,LLC,Active,2026-09-28,Domestic,Connecticut,Vending Machine Operators (445132),118 WILSON AVE,WEST HAVEN,CT,06516,efile1234@incfile.com
3524247,"GUNSTER YOAKLEY & STEWART, P.A. PC",Stock,Active,2026-09-28,Foreign,FLORIDA,Offices of Lawyers (541110),"777 S Flagler Drive, Suite 500E",West Palm Beach,FL,33401,mstocks@gunster.com
3524252,JJ services LLC,LLC,Active,2026-09-28,Domestic,Connecticut,Other Building Finishing Contractors (238390),113 Grove St,New Milford,CT,06776-3628,jjgarciaa1224@gmail.com
3524254,SG23 TIC LLC,LLC,Active,2026-09-28,Domestic,,531390,11 RUSTIC LANE,WESTPORT,CT,06880,seth@silverheightsdev.com
3524261,JUNK GIANTS LLC,LLC,Active,2026-09-28,Domestic,Connecticut,Administrative Management and General Management Consulting Services (541611),"36 RUSS STREET , 3RD FLOOR #1746",HARTFORD,CT,06106,efile1234@incfile.com
3524269,Green Heaven Mangement LLC,LLC,Active,2026-09-28,Domestic,Connecticut,Lessors of Residential Buildings and Dwellings (531110),15 CORAL DR,SHELTON,CT,06484,efile1234@incfile.com
3524271,Bloome Nail Studio LLC,LLC,Active,2026-09-28,Domestic,Connecticut,Nail Salons (812113),436 Westport Ave,Norwalk,CT,06851-4423,shaopochen@gmail.com
3524274,Apex CAC L.L.C.,LLC,Active,2026-09-28,Domestic,Connecticut,Administrative Management and General Management Consulting Services (541611),2389 Main St,Glastonbury,CT,06033-4617,sajidh.mpm@gmail.com
3524284,Songbird Music Industries LLC,LLC,Active,2026-09-28,Domestic,Connecticut,Software Publishers (513210),113A Walnut Tree Hill Rd,Sandy Hook,CT,06482-1007,austin@songbirdmusicindustries.com
3524287,"Senior Woodbridge PropCo, LLC",LLC,Active,2026-09-28,Foreign,DELAWARE,Nonresidential Property Managers (531312),2100 McKinney Ave Ste 1100,Dallas,TX,75201-6912,mfs-us-entityservices@maples.com
3524290,Viera Logistics Group LLC,LLC,Active,2026-09-28,Domestic,Connecticut,Other Support Activities for Road Transportation (488490),215 Elm St,Meriden,CT,06450-5805,linnette1124@gmail.com
3524291,"Fairfield Surgery Center Holdings, LLC",LLC,Active,2026-09-28,Domestic,Connecticut,Offices of Other Holding Companies (551112),"100 Pearl St., 2nd Floor, CLO",Hartford,CT,06103,legal.support@hhchealth.org
3524294,"Janki-Shivam & Krupa, LLC",LLC,Active,2026-09-28,Domestic,Connecticut,Other Activities Related to Real Estate (531390),344 Westport Ave,Norwalk,CT,06851-4313,shivam112@yahoo.com
3524299,Desi's LLC,LLC,Active,2026-09-28,Domestic,Connecticut,Limited-Service Restaurants (722513),24 Meadow Brook Dr,North Branford,CT,06471-1131,nwjohnson124@gmail.com
3524301,"WHOOP Physician Services, P.C.",Stock,Active,2026-09-28,Foreign,MASSACHUSETTS,Offices of Physicians except Mental Health Specialists (621111),ONE KENMORE SQUARE,BOSTON,MA,02215,bmangiarelli@ebglaw.com
3524306,"bluehill, llc",LLC,Active,2026-09-28,Domestic,Connecticut,Offices of Other Holding Companies (551112),21 Brooks Rd,New Canaan,CT,06840-6250,dok@bluehill.com
3524308,Inteletravel LLC,LLC,Active,2026-09-28,Domestic,Connecticut,Travel Agencies (561510),45 Rodgers Rd,Fairfield,CT,06824-7653,epicvations734@gmail.com
3524317,CCR LLC,LLC,Active,2026-09-28,Domestic,Connecticut,Offices of Mental Health Practitioners except Physicians (621330),150 Coppermine Road,Unionville,CT,06085,cassandracatherine90@gmail.com
3524322,Heritage Homes Group LLC,LLC,Active,2026-09-28,Foreign,WYOMING,Administrative Management and General Management Consulting Services (541611),30 N GOULD ST,SHERIDAN,WY,82801,info@ronaldrohdelaw.com
3524327,2xReal Estate Investments LLC,LLC,Active,2026-09-28,Domestic,Connecticut,Lessors of Other Real Estate Property (531190),59 Hauser st,Waterbury,CT,06704-1658,2xrealinvestments@gmail.com
3524330,JDA Network Solutions LLC,LLC,Active,2026-09-28,Domestic,Connecticut,Power and Communication Line and Related Structures Construction (237130),37 Carolina Rd,Bristol,CT,06010-5541,jdanetworksolutions@outlook.com
3524332,82-84 Harbor Drive LLC,LLC,Active,2026-09-28,Domestic,Connecticut,Lessors of Residential Buildings and Dwellings (531110),46 Rockledge Dr,Stamford,CT,06902-8124,velajsimon@gmail.com
3524333,CJS TORRINGTON LLC,LLC,Active,2026-09-28,Foreign,NEW JERSEY,Lessors of Other Real Estate Property (531190),472 Packer Ave,Franklin Lakes,NJ,07417-2516,jbk@jbklawoffices.com
3524334,Sree Krishna LLC,LLC,Active,2026-09-28,Domestic,Connecticut,"Beer, Wine, and Liquor Retailers (445320)",228 South Main Street,Newtown,CT,06470,fairgroundswinesandspirits@gmail.com
3524335,Beary Yumz LLC,LLC,Active,2026-09-28,Domestic,Connecticut,Retail Bakeries (311811),8A Southeast Trl,Brookfield,CT,06804-1078,bearyyumz@gmail.com
3524336,B&B Legacy Development LLC,LLC,Active,2026-09-28,Domestic,Connecticut,New Single-Family Housing Construction except For-Sale Builders (236115),122 Danbury rd,New Milford,CT,06776,info@bblegacydevelopment.com
3524339,OAK Construction Group LLC,LLC,Active,2026-09-28,Domestic,Connecticut,Residential Remodelers (236118),238 Glenbrook Rd,Stamford,CT,06906-2532,oakconstructiongroupllc@gmail.com
3524340,Held Performance LLC,LLC,Active,2026-09-28,Domestic,Connecticut,Fitness and Recreational Sports Centers (713940),33 Old Tavern Rd,Orange,CT,06477-3456,floresfitnesscoaching@gmail.com
3524347,Soil Warriors Productions LLC,LLC,Active,2026-09-28,Domestic,Connecticut,Motion Picture and Video Production (512110),22 Tipping Rock Rd,Stonington,CT,06378,joelbach@gmail.com
3524349,Rosa E Hernandez V LLC,LLC,Active,2026-09-28,Domestic,Connecticut,Janitorial Services (561720),4 Glenwood Ave,Norwalk,CT,06854,lissette_trrs@yahoo.com
3524352,Cinolax LLC,LLC,Active,2026-09-28,Domestic,Connecticut,Sports and Recreation Instruction (611620),25 Saint George Ave,Stamford,CT,06905-4830,cino1010@gmail.com
3524357,Philomena's Third Crow LLC,LLC,Active,2026-09-28,Domestic,Connecticut,Mobile Food Services (722330),359 E Wakefield Blvd,Winsted,CT,06098-2948,recatcamp@hotmail.com
3524360,LGR LLC,LLC,Active,2026-09-28,Foreign,NEW YORK,Passenger Car Rental (532111),58 Mill Plain Rd,Danbury,CT,06811,harisramirez7@gmail.com
3524363,G-ORLIE DISTRIBUTION LLC,LLC,Active,2026-09-28,Domestic,Connecticut,All Other General Merchandise Retailers (455219),6 AUBURN ST #1,NORWALK,CT,06854,efile1234@incfile.com
3524364,BOLTON FOODS INC.,Stock,Active,2026-09-28,Domestic,Connecticut,Limited-Service Restaurants (722513),,,,,arehman1550@gmail.com
3524365,StarSocial LLC,LLC,Active,2026-09-28,Domestic,Connecticut,"Independent Artists, Writers, and Performers (711510)",35 Talcottville Road #1061,Vernon,CT,06066,mamahahnofficial@gmail.com
3524393,AI kitchen inc,Stock,Active,2026-09-28,Domestic,Connecticut,"Lumber, Plywood, Millwork, and Wood Panel Merchant Wholesalers (423310)",,,,,aikitchenct@gmail.com
3524394,GeoTransit LLC,LLC,Active,2026-09-28,Domestic,Connecticut,Local Messengers and Local Delivery (492210),168 LIBERTY ST,MERIDEN,CT,06450,yes2srs@gmail.com
3524400,KIPSI SOFTWARE INC.,Stock,Active,2026-09-28,Foreign,DELAWARE,Software Publishers (513210),2389 Main St. Ste 100,Glastonbury,CT,06033,eastern@northwestregisteredagent.com
3524402,"JSK ESTATE, LLC",LLC,Active,2026-09-28,Domestic,Connecticut,Other Activities Related to Real Estate (531390),344 Westport Ave,Norwalk,CT,06851-4313,shivam112@yahoo.com
3524415,46 Bank LLC,LLC,Active,2026-09-28,Domestic,Connecticut,Lessors of Residential Buildings and Dwellings (531110),46 Bank Street,New London,CT,06320,salmdangelo@gmail.com
3524420,RL CONSULTING GLOBAL LLC,LLC,Active,2026-09-28,Domestic,Connecticut,Marketing Consulting Services (541613),1 LIBERTY SQUARE,NEW BRITAIN,CT,06052,efile1234@incfile.com
3524422,CR Legacy Solutions LLC,LLC,Active,2026-09-28,Domestic,Connecticut,Administrative Management and General Management Consulting Services (541611),560 Cutlers Farm Rd,Monroe,CT,06468-1239,cr.legacysolutions@gmail.com
3524427,Pro Service Gutters LLC,LLC,Active,2026-09-28,Domestic,Connecticut,Other Services to Buildings and Dwellings (561790),66 Blachley Rd,Stamford,CT,06902,petryshak999@outlook.com
3524431,Putnam Pike 647 LLC,LLC,Active,2026-09-28,Domestic,Connecticut,Lessors of Residential Buildings and Dwellings (531110),1225 SE 27th St,Cape Coral,FL,33904-5738,jeremiewitlin@yahoo.com
3524434,Noel Painting LLC,LLC,Active,2026-09-28,Domestic,Connecticut,Painting and Wall Covering Contractors (238320),119 Babcock St,Hartford,CT,06106-1304,aterrero0430@yahoo.com
3524439,"162 Kings Highway North 2, LLC",LLC,Active,2026-09-28,Domestic,Connecticut,Lessors of Nonresidential Buildings except Miniwarehouses (531120),16 Old Hill Farms Rd,Westport,CT,06880,jie@stowedhome.com
3524446,Hartford Asset Management LLC,LLC,Active,2026-09-28,Domestic,Connecticut,Passenger Car Rental (532111),141 Weston St,Hartford,CT,06101,eastern@registeredagentsinc.com
3524448,FAVE3 LLC,LLC,Active,2026-09-28,Foreign,TEXAS,Telecommunications Resellers (517121),1371 San Remo Ln,League City,TX,77573-2383,accounting@velamobile.com
3524452,Perfectly Uncertain LLC,LLC,Active,2026-09-28,Domestic,Connecticut,"Independent Artists, Writers, and Performers (711510)",585 Arrowhead Dr,Orange,CT,06477-2306,bosmaclan@gmail.com
3524453,Old Road 72 LLC,LLC,Active,2026-09-28,Domestic,Connecticut,Lessors of Residential Buildings and Dwellings (531110),1225 SE 27th St,Cape Coral,FL,33904-5738,jeremiewitlin@yahoo.com
3524454,"Hyman Hayes Associates, Architects, LLC",LLC,Active,2026-09-28,Foreign,NEW YORK,Architectural Services (541310),800 Troy Schenectady Rd,Latham,NY,12110,mdigioacchino@hymanhayes.com
3524455,R Lucas Drivers LLC,LLC,Active,2026-09-28,Domestic,Connecticut,Limousine Service (485320),19 Ball Pond Rd E,New Fairfield,CT,06812-4604,orders@newbusinessfiling.org
3524459,EZ PROPERTY MANAGEMENT LLC,LLC,Active,2026-09-28,Domestic,Connecticut,Lessors of Nonresidential Buildings except Miniwarehouses (531120),71 Broad Brook Rd,Bedford Hills,NY,10507-2207,777hope4all@gmail.com
3524462,MDK Performance LLC,LLC,Active,2026-09-28,Domestic,Connecticut,"Offices of Physical, Occupational and Speech Therapists, and Audiologists (621340)",2435 Bedford St.,Stamford,CT,06905,mike@mdkperformance.com
3524463,RS Strategic Systems LLC,LLC,Active,2026-09-28,Domestic,Connecticut,All Other General Merchandise Retailers (455219),2389 Main Street Ste 100,Glastonbury,CT,06033,llcsupport@primecorporateservices.com
3524467,CLO commercial cleaning services llc,LLC,Active,2026-09-28,Domestic,Connecticut,Janitorial Services (561720),7 Carol Dr,Norwalk,CT,06851-5804,jrivera81914@gmail.com
3524469,"126 Limestone Road, LLC",LLC,Active,2026-09-28,Domestic,Connecticut,Other Activities Related to Real Estate (531390),83 Wooster Hts,Danbury,CT,06810-7548,jgessner@lscmarketinggroup.com
3524474,Aurora Nail Spa Inc.,Stock,Active,2026-09-28,Domestic,Connecticut,Nail Salons (812113),,,,,auroranaillashbar@gmail.com
3524478,S&M Associates LLC,LLC,Active,2026-09-28,Domestic,Connecticut,Snack and Nonalcoholic Beverage Bars (722515),185 Wheeler Rd,South Windsor,CT,06074-6918,kumarroy5332@gmail.com
3524480,Chastity Sco LLC,LLC,Active,2026-09-28,Domestic,Connecticut,Air-Conditioning and Warm Air Heating Equipment and Commercial and Industrial Refrigeration Equipment Manufacturing (333415),8 Nursick Ter,Portland,CT,06480-1923,lravey@yopmail.com
3524484,Turning Tides Literacy LLC,LLC,Active,2026-09-28,Domestic,Connecticut,Educational Support Services (611710),55 Cedar Cliff Rd,Riverside,CT,06878-2603,documents@directincorp.com
3524485,Mother and Moon LLC,LLC,Active,2026-09-28,Domestic,Connecticut,Family Planning Centers (621410),25 Chauncey St,Waterbury,CT,06710-1723,onyxcreatesxoxo@gmail.com
3524507,NEWMAN FINANCIAL SERVICES LLC,LLC,Active,2026-09-28,Foreign,,524210,"600 PORTLAND AVE., S. SUITE 100",MINNEAPOLIS,MN,55415,boxgovernance@thrivent.com
3524508,Amanda Lamb-Moretti LLC,LLC,Active,2026-09-28,Domestic,Connecticut,Offices of Mental Health Practitioners except Physicians (621330),2389 Main St.,Glastonbury,CT,06033,eastern@northwestregisteredagent.com
3524510,Freedom Care One - South Houston LLC,LLC,Active,2026-09-28,Domestic,Connecticut,Residential Property Managers (531311),216 Crown Street,New Haven,CT,06510,jeremyschulz@yahoo.com
3524511,Shaka Hislop LLC,LLC,Active,2026-09-28,Domestic,Connecticut,Administrative Management and General Management Consulting Services (541611),904 Quinnipiac Ave,New Haven,CT,06513-3380,neilshaka@gmail.com
3524513,"AAP Wallingford, LLC",LLC,Active,2026-09-28,Foreign,ARIZONA,Lessors of Nonresidential Buildings except Miniwarehouses (531120),3200 E Camelback Rd,Phoenix,AZ,85018-2311,christine@radarcp.com
3524514,ROSSANA'S SERVICES LLC,LLC,Active,2026-09-28,Domestic,Connecticut,Taxi and Ridesharing Services (485310),224 ELM ST,WEST HAVEN,CT,06516,silvia_maurtua@yahoo.com
3524522,JKH MOBILITY INC.,Stock,Active,2026-09-28,Domestic,Connecticut,Electronics and Appliance Retailers (449210),,,,,jkhmobilityinc@gmail.com
3524523,Encore Enrichment LLC,LLC,Active,2026-09-28,Domestic,Connecticut,Child Care Services (624410),2389 Main St.,Glastonbury,CT,06033,eastern@northwestregisteredagent.com
3524526,KARUZEL LLC,LLC,Active,2026-09-28,Domestic,Connecticut,Lessors of Residential Buildings and Dwellings (531110),126 Biruta St,New Britain,CT,06053,karkadiusz08@gmail.com
3524527,"Bluewater Vessel , LLC",LLC,Active,2026-09-28,Domestic,Connecticut,All Other Travel Arrangement and Reservation Services (561599),706 Green Hill Rd,Madison,CT,06443-2448,paul@bluewatersyndicate.com
3524534,Lora records L.L.C.,LLC,Active,2026-09-28,Domestic,Connecticut,"Independent Artists, Writers, and Performers (711510)",8 Smith St,Danbury,CT,06810-5561,contactolorarecords@gmail.com
3524538,Jamrac HVAC Solutions LLC,LLC,Active,2026-09-28,Domestic,Connecticut,"Plumbing, Heating, and Air-Conditioning Contractors (238220)",938 White Plains Rd,Trumbull,CT,06611-4550,jamrachvac@gmail.com
3524540,Thomas Roofing LLC,LLC,Active,2026-09-28,Domestic,Connecticut,Roofing Contractors (238160),111 Broadway St,Colchester,CT,06415,zachary@thethomasconstruction.com
3524543,Thomas A. Ragonese Holdings LLC,LLC,Active,2026-09-28,Domestic,Connecticut,Miscellaneous Financial Investment Activities (523999),30 Chaplin St,Newington,CT,06111-3212,thomas.a.ragonese@icloud.com
3524544,APOLLO INSTITUTIONAL INTERMEDIATION SERVICES LLC,LLC,Active,2026-09-28,Foreign,,524210,9 WEST 57TH ST. 41ST FL,NEW YORK,NY,10019,jbradford@apollo.com
3524548,FJA LLC,LLC,Active,2026-09-28,Domestic,Connecticut,Marketing Consulting Services (541613),23 CARLSON ST,NEW BRITAIN,CT,06051,scgtaxservices@gmail.com
3524550,C.P. Kelly & Associates LLC,LLC,Active,2026-09-28,Foreign,NEW YORK,Commercial and Institutional Building Construction (236220),6208 Slocum Road,Ontario,NY,14519,cpk@cpkelly.com
3524552,Sculpt Haus LLC,LLC,Active,2026-09-28,Domestic,Connecticut,Fitness and Recreational Sports Centers (713940),86 N Cherry St,Wallingford,CT,06492-2306,info@sculpthausct.com
3524553,Fortune Consulting Services Limited Liability Company,LLC,Active,2026-09-28,Domestic,Connecticut,All Other Traveler Accommodation (721199),112 Hart Road,Guilford,CT,06437,bradshurland@gmail.com
3524556,WestReach CX LLC,LLC,Active,2026-09-28,Domestic,Connecticut,Telemarketing Bureaus and Other Contact Centers (561422),2389 W March Ln Ste 100,Glastonbury,CT,06033,eastern@northwestregisteredagent.com
3524560,LODGICREST LLC,LLC,Active,2026-09-28,Foreign,WYOMING,Administrative Management and General Management Consulting Services (541611),269 N Frontage Rd,New London,CT,06320-2642,lodgicrest@gmail.com
3524563,Kevin M. Flynn Holdings LLC,LLC,Active,2026-09-28,Domestic,Connecticut,Miscellaneous Financial Investment Activities (523999),60 Lantern Ln,Wethersfield,CT,06109-4045,kevin@constitutionwm.com
3524566,IRONSTONE WATERPROOFING FOUNDATIONS AND MASONRY LLC,LLC,Active,2026-09-28,Domestic,Connecticut,Masonry Contractors (238140),700 Canal St,Stamford,CT,06902-5921,bestmass26@proton.me
3524570,SPM Grief Coaching LLC,LLC,Active,2026-09-28,Domestic,Connecticut,Other Individual and Family Services (624190),31 Terrace Avenue,Riverside,CT,06878,spmgriefcoaching@gmail.com
3524571,LeClaire Lawn and Landcsape LLC,LLC,Active,2026-09-28,Domestic,Connecticut,Landscaping Services (561730),2389 Main St.,Glastonbury,CT,06033,eastern@northwestregisteredagent.com
3524572,Nutmeg Brokers LLC,LLC,Active,2026-09-28,Domestic,Connecticut,Marketing Consulting Services (541613),370 Brookbend Road,Fairfield,CT,06824,michael.nutmegbrokers@gmail.com
3524573,Arthur B Sullivan Holdings LLC,LLC,Active,2026-09-28,Domestic,Connecticut,Miscellaneous Financial Investment Activities (523999),95 Glastonbury Blvd,Glastonbury,CT,06033,arthur@constitutionwm.com
3524574,GOOD NEIGHBOR ELECTRIC LLC,LLC,Active,2026-09-28,Domestic,Connecticut,Electrical Contractors and Other Wiring Installation Contractors (238210),3443 Main St,Bridgeport,CT,06606-3602,goodneighborelectricc@gmail.com
3524581,Archie Bland Sullivan Jr. Holdings LLC,LLC,Active,2026-09-28,Domestic,Connecticut,Miscellaneous Financial Investment Activities (523999),95 Glastonbury Blvd,Glastonbury,CT,06033,archie@constitutionwm.com
3524585,Bugged Out LLC,LLC,Active,2026-09-28,Domestic,Connecticut,Other Services to Buildings and Dwellings (561790),1149 noble ave,Bridgeport,CT,06608,buggedout203@gmail.com
3524587,92 HIGHWOOD AVENUE LLC,LLC,Active,2026-09-28,Domestic,Connecticut,Lessors of Residential Buildings and Dwellings (531110),10 Charter Oak Dr,Cheshire,CT,06410-1056,kasiak0648@gmail.com
3524590,Zachary W Tracey Holdings LLC,LLC,Active,2026-09-28,Domestic,Connecticut,Miscellaneous Financial Investment Activities (523999),74 Judy Ln,South Windsor,CT,06074-3424,zacharytracey@gmail.com
3524594,Fourth Lane Software LLC,LLC,Active,2026-09-28,Domestic,Connecticut,Custom Computer Programming Services (541511),8 Norden Pl,Norwalk,CT,06855-1466,deannemphos@gmail.com
3524601,1249 Rentals LLC,LLC,Active,2026-09-28,Domestic,Connecticut,Lessors of Residential Buildings and Dwellings (531110),241 South St,Willimantic,CT,06226-3423,sebby1249@icloud.com
3524604,Dan Sholler Marketing I LLC,LLC,Active,2026-09-28,Domestic,Connecticut,Marketing Consulting Services (541613),6 Wild Oak Ln,Westport,CT,06880-1813,dan@dsholler.com
3524611,Shreeji Mini Mart CT LLC,LLC,Active,2026-09-28,Domestic,Connecticut,Limited-Service Restaurants (722513),18 Mountain Ave,Bloomfield,CT,06002-2339,nilkanthcromwell@gmail.com
3524615,Terrapin Capital Advisors LLC,LLC,Active,2026-09-28,Domestic,Connecticut,Administrative Management and General Management Consulting Services (541611),9 Singing Woods Rd,Norwalk,CT,06850,ajackson@terrapincapitaladvisors.com
3524618,"Alora Galleria, LLC",LLC,Active,2026-09-28,Domestic,Connecticut,Art Dealers (459920),13 Forest Hills Dr,Farmington,CT,06032-3016,aloragalleria@gmail.com
3524621,SafePath LLC,LLC,Active,2026-09-28,Domestic,Connecticut,Offices of Real Estate Agents and Brokers (531210),404 Main Street,Ridgefield,CT,06877,rick.scott@kw.com
3524623,Winterecho LLC,LLC,Active,2026-09-28,Domestic,Connecticut,Portfolio Management and Investment Advice (523940),157 Church Street,New Haven,CT,06510,mikebego@gmail.com
3524625,"Gomme Media, Inc",Stock,Active,2026-09-28,Foreign,DELAWARE,Indoor and Outdoor Display Advertising (541850),5 Spring St,Riverside,CT,06878-2113,jeannie.livesay@gommemedia.com
3524629,Fish'Lik Holdings Incorporated,Stock,Active,2026-09-28,Domestic,Connecticut,Offices of Other Holding Companies (551112),2389 Main St. Ste 100,Glastonbury,CT,06033,eastern@northwestregisteredagent.com
3524639,Silver Asset Management Incorporated,Stock,Active,2026-09-28,Domestic,Connecticut,Portfolio Management and Investment Advice (523940),2389 Main St. Ste 100,Glastonbury,CT,06033,eastern@northwestregisteredagent.com
3524643,Washington Herring LLC,LLC,Active,2026-09-28,Domestic,Connecticut,Commercial and Service Industry Machinery Manufacturing (333310),51 Washington Street,Stonington,CT,06355,gluck23@sbcglobal.net
3524646,V Kitchens LLC,LLC,Active,2026-09-28,Domestic,Connecticut,Snack and Nonalcoholic Beverage Bars (722515),21 Garden St,Manchester,CT,06040-5008,venkatanu@dakshinct.com
3524648,ECJ Trading LLC,LLC,Active,2026-09-28,Domestic,Connecticut,Miscellaneous Intermediation (523910),48 south borough rd,SOUTHINGTON,CT,06489,evanjekubovich@gmail.com
3524656,PRIME LOCUM LLC,LLC,Active,2026-09-28,Domestic,Connecticut,General Rental Centers (532310),16A CARILLON DR,ROCKY HILL,CT,06067,andrzejczubat@gmail.com
3524658,"MadMorg Enterprises, Inc.",Stock,Active,2026-09-28,Domestic,Connecticut,Administrative Management and General Management Consulting Services (541611),,,,,jheilshorn@allianceadvisors.com
3524659,Lighthouse Point Consultants LLC,LLC,Active,2026-09-28,Domestic,Connecticut,Other Management Consulting Services (541618),271 Fairfield Woods Road,FAIRFIELD,CT,06825,jlange@lhp-consultants.com
3524661,GJ&P CONSTRUCTION LLC,LLC,Active,2026-09-28,Domestic,Connecticut,Commercial and Institutional Building Construction (236220),231 Ogden St,Bridgeport,CT,06608-1548,gjpconstruction11@gmail.com
3524665,"Loving Kindness, LLC",LLC,Active,2026-09-28,Domestic,Connecticut,Offices of Mental Health Practitioners except Physicians (621330),61 Russ St,Hartford,CT,06106-1523,shanika.albert@lovingkindnessllc.org
3524669,Saltbox Realty LLC,LLC,Active,2026-09-28,Domestic,Connecticut,Lessors of Other Real Estate Property (531190),94 Redmont Rd,Stamford,CT,06903-4738,saltboxroad@yahoo.com
3524672,So snatched by naya LLC,LLC,Active,2026-09-28,Domestic,Connecticut,Clothing and Clothing Accessories Retailers (458110),33 skinner rd,"Broad Brook, CT",CT,06016,info@snatchedbynaya.com
3524675,ROLANDO SIMAJ LLC,LLC,Active,2026-09-28,Domestic,Connecticut,Residential Remodelers (236118),100 N Main St,Norwich,CT,06360-5976,taxesnh@rohuer.com
3524678,15 Donna Drive B05 LLC,LLC,Active,2026-09-28,Domestic,Connecticut,Lessors of Residential Buildings and Dwellings (531110),428 Dixwell Ave,New Haven,CT,06511-1764,mortprat@gmail.com
3524679,Monster Paws Holistic Dog Grooming LLC,LLC,Active,2026-09-28,Domestic,Connecticut,Pet Care except Veterinary Services (812910),37 Glenmeadow Dr,Northford,CT,06472-1624,monsterpawsllc@gmail.com
3524688,Farland Corporation,Stock,Active,2026-09-28,Foreign,MASSACHUSETTS,Surveying and Mapping except Geophysical Services (541370),154 Huttleston Ave,Fairhaven,MA,02719-4614,cfarland@farlandcorp.com
3524690,Stonehaven Holdings LLC,LLC,Active,2026-09-28,Domestic,Connecticut,Computer Systems Design Services (541512),185 E Elm St Unit 1703,Torrington,CT,06790,aparziale.vc@gmail.com
3524695,Visionary Tides LLC,LLC,Active,2026-09-28,Domestic,Connecticut,Offices of Other Holding Companies (551112),360 Queen St Ste B,Southington,CT,06489-1883,visionarytides.admin@gmail.com
3524698,"Deneen Solutions, LLC",LLC,Active,2026-09-28,Domestic,Connecticut,Human Resources Consulting Services (541612),53 Garfield Rd,West Hartford,CT,06107-2712,deneensolutions@gmail.com
3524701,LocalRN LLC,LLC,Active,2026-09-28,Domestic,Connecticut,Services for the Elderly and Persons with Disabilities (624120),58 Ruth Road,New Britain,CT,06053,kapidex30@gmail.com
3524702,Hometown Properties LLC,LLC,Active,2026-09-28,Domestic,Connecticut,Residential Property Managers (531311),30 Wilstar Cir,Enfield,CT,06082-4608,tmayo3413@gmail.com
3524711,Traeptransportation LLC,LLC,Active,2026-09-28,Domestic,Connecticut,All Other Personal Services (812990),28 Southfield Avenue,Stamford,CT,06902,traeptransportation@gmail.com
3524714,"MDxtend, P.C.",Stock,Active,2026-09-28,Foreign,COLORADO,All Other Miscellaneous Ambulatory Health Care Services (621999),1301 Concord Ter,Sunrise,FL,33323-2843,legal.notice@pediatrix.com
3524718,Continental Motors Limited Liability Company,LLC,Active,2026-09-28,Domestic,Connecticut,Used Car Dealers (441120),280 chase river rd,Waterbury,CT,06704,denniscastillo38@yahoo.com
3524723,Gentle Giant Dog Training LLC,LLC,Active,2026-09-28,Domestic,Connecticut,Pet Care except Veterinary Services (812910),34 Landry Street,Bristol,CT,06010,michaeljdebarba@gmail.com
3524726,1031 Exchange Direct LLC,LLC,Active,2026-09-28,Domestic,Connecticut,Other Activities Related to Real Estate (531390),807 Fountain St,Woodbridge,CT,06525,mbaldwinrealestate@gmail.com
3524728,Fresh Food America Inc.,Non-Stock,Active,2026-09-28,Domestic,Connecticut,Community Food Services (624210),,,,,freshfoodamericainc@gmail.com
3524737,Seed & Spero Inc.,Non-Stock,Active,2026-09-28,Domestic,Connecticut,Community Food Services (624210),,,,,bella.maisano@gmail.com
3524740,JOSE MIGUEL TADAY LUCERO LLC,LLC,Active,2026-09-28,Domestic,Connecticut,Janitorial Services (561720),7 1st St,Danbury,CT,06810-5001,alicemulticars@gmail.com
3524742,Loyal Enterprise LLC,LLC,Active,2026-09-28,Domestic,Connecticut,"General Freight Trucking, Local (484110)",55 Bartlett St,Meriden,CT,06451-3156,rivera0521j@gmail.com
3524743,Rants and The Republic LLC,LLC,Active,2026-09-28,Domestic,Connecticut,Periodical Publishers (513120),38 Howard Ave.,"New Haven , CT",CT,06519-2809,jasonwbartlett@gmail.com
3524748,D.J.'s Locker Inc.,Non-Stock,Active,2026-09-28,Domestic,Connecticut,Emergency and Other Relief Services (624230),,,,,info.djslocker@gmail.com
3524750,OG 21 LLC,LLC,Active,2026-09-28,Domestic,Connecticut,Limited-Service Restaurants (722513),1255 Middlebury Rd,Middlebury,CT,06762-2333,piesandpub@gmail.com
3524754,RAINBOSS WATERPROOF AND MASONRY LLC,LLC,Active,2026-09-28,Domestic,Connecticut,Masonry Contractors (238140),63 Taff Ave,Stamford,CT,06902-7617,viewpoint26@protonmail.com
3524755,Angel's Speed L.L.C.,LLC,Active,2026-09-28,Domestic,Connecticut,"Process, Physical Distribution, and Logistics Consulting Services (541614)",128 Henry St,New Haven,CT,06511-3378,juanl@angelsspeed.com
3524757,Onome contracting LLC,LLC,Active,2026-09-28,Domestic,Connecticut,Electrical Contractors and Other Wiring Installation Contractors (238210),129 prospect st,Waterbury,CT,06710,incorporation@corporatedocfiling.com
3524760,Beyond Precision Care PA PC,Stock,Active,2026-09-28,Foreign,FLORIDA,Offices of Physicians except Mental Health Specialists (621111),"135 Main Street, Suite 1350",San Francisco,CA,94105,compliance@teloslegalcorp.com
3524761,"Swally, LLC",LLC,Active,2026-09-28,Domestic,Connecticut,Administrative Management and General Management Consulting Services (541611),213 Rowayton Ave,Norwalk,CT,06853-1240,schwans7@gmail.com
3524762,HiFi Investco LLC,LLC,Active,2026-09-28,Domestic,Connecticut,Golf Courses and Country Clubs (713910),1 Liberty Sq,New Britain,CT,06051,albert@tbinb.com
3524765,Vencap Advisors LLC,LLC,Active,2026-09-28,Domestic,Connecticut,Portfolio Management and Investment Advice (523940),15 Weeds Landing,Darien,CT,06820,danvene@gmail.com
3524766,"19 Weeds Landing, LLC",LLC,Active,2026-09-28,Domestic,Connecticut,Other Activities Related to Real Estate (531390),13 Laguna Ct,Palm Beach Gardens,FL,33418-5731,leeshalov@gmail.com
3524771,MEENAN ELECTRICAL CONSTRUCTION LLC,LLC,Active,2026-09-28,Domestic,Connecticut,Residential Remodelers (236118),111 Georgetown Rd,Weston,CT,06883-1050,dejureparalegalservices@gmail.com
3524775,BCLCEH LLC,LLC,Active,2026-09-28,Domestic,Connecticut,Lessors of Residential Buildings and Dwellings (531110),2389 Main St Ste 100,Glastonbury,CT,06033,renewals@api.law
3524779,Bayside Boutique LLC,LLC,Active,2026-09-28,Domestic,Connecticut,Clothing and Clothing Accessories Retailers (458110),10 King Arthur Dr,Niantic,CT,06357,sjodinmfedikovich@gmail.com
3524792,V&P Investments LLC,LLC,Active,2026-09-28,Domestic,Connecticut,Lessors of Residential Buildings and Dwellings (531110),6 Roger Ave,Danbury,CT,06810-5421,svalita1992@gmail.com
3524795,W.L JUNK REMOVAL LLC,LLC,Active,2026-09-28,Domestic,Connecticut,Solid Waste Collection (562111),300 Summit St,Bridgeport,CT,06606-4741,wigner043@gmail.com
3524804,The Lott Foundations Inc,Non-Stock,Active,2026-09-28,Domestic,Connecticut,Educational Support Services (611710),,,,,lottfoundation203@gmail.com
3524805,Bodhico LLC,LLC,Active,2026-09-28,Domestic,Connecticut,Toy and Hobby Goods and Supplies Merchant Wholesalers (423920),67 Overlook Rd,Meriden,CT,06450-6936,bodhico.cards@gmail.com
3524810,East Side Motor LLC,LLC,Active,2026-09-28,Domestic,Connecticut,Used Car Dealers (441120),108 Mulloy Rd,Waterbury,CT,06705-3438,ubutt@bracctax.com
3524811,Blummy Studios LLC,LLC,Active,2026-09-28,Domestic,Connecticut,Software Publishers (513210),9 Clarendon Ave,West Hartford,CT,06110-1208,ebusinessay@gmail.com
3524816,SPRING THEORY LLC,LLC,Active,2026-09-28,Domestic,Connecticut,Other Personal and Household Goods Repair and Maintenance (811490),268 Post Rd Ste 200 #968718,Fairfield,CT,06824,lindsay@spring-theory.net
3524826,"Mauro Collision I, LLC",LLC,Active,2026-09-28,Domestic,Connecticut,Miscellaneous Financial Investment Activities (523999),396 Hopmeadow Street,Simsbury,CT,06070,jmauro@mauromotorsinc.com
3524828,G&L CUSTOM DESIGN LLC,LLC,Active,2026-09-28,Domestic,Connecticut,"Independent Artists, Writers, and Performers (711510)",41 Summerberry Clr,Bristol,CT,06010,support@usa-llc-filing.com
3524834,CJS WATERBURY LLC,LLC,Active,2026-09-28,Foreign,NEW JERSEY,Lessors of Other Real Estate Property (531190),472 Packer Ave,Franklin Lakes,NJ,07417-2516,jbk@jbklawoffices.com
3524844,The Hopeless Romantics LLC,LLC,Active,2026-09-28,Domestic,Connecticut,Musical Groups and Artists (711130),2389 Main St.,Glastonbury,CT,06033,eastern@northwestregisteredagent.com
3524845,"Mauro Mobil, LLC",LLC,Active,2026-09-28,Domestic,Connecticut,Miscellaneous Financial Investment Activities (523999),410 Hopmeadow Street,Simsbury,CT,06070,jmauro@mauromotors.inc
3524847,SMZ Rentals LLC,LLC,Active,2026-09-28,Domestic,Connecticut,Passenger Car Rental (532111),24 Sutton Place,Bloomfield,CT,06002,sancha.richards@yahoo.com
3524848,MRS SHINE CLEANING GENERAL SERVICE LLC,LLC,Active,2026-09-28,Domestic,Connecticut,Janitorial Services (561720),11 Coleman Rd,Wethersfield,CT,06109-3324,cindi.alexandra28@hotmail.es
3524860,Solar Sons LLC,LLC,Active,2026-09-28,Domestic,Connecticut,Electrical Contractors and Other Wiring Installation Contractors (238210),8 Woolsey St,New Haven,CT,06513,solarsonsllc@outlook.com
3524864,"Mauro Motors Canton I, LLC",LLC,Active,2026-09-28,Domestic,Connecticut,Miscellaneous Financial Investment Activities (523999),91 Albany Tpke,Canton,CT,06019,jmauro@mauromotors.inc
3524868,"118 Spring Street, LLC",LLC,Active,2026-09-28,Domestic,Connecticut,Lessors of Residential Buildings and Dwellings (531110),347 Park Street,New Britain,CT,06057,maciagmoto@comcast.net
3524871,ALVES BROTHERS LLC,LLC,Active,2026-09-28,Domestic,Connecticut,Painting and Wall Covering Contractors (238320),46 WILSON STREET,WATERBURY,CT,06708,ademaralvjr@gmail.com
3524878,Ven Transportation Group LLC,LLC,Active,2026-09-28,Domestic,Connecticut,"General Freight Trucking, Local (484110)",25 GREY ROCK RD,Bridgeport,CT,06606,ventransportationgroup@venbroker.com
3524883,MapleTree Labs LLC,LLC,Active,2026-09-28,Domestic,Connecticut,Software Publishers (513210),49 Putnam Blvd,Glastonbury,CT,06033-1079,mapletreelabs817@gmail.com
3524885,Bflock Consulting LLC,LLC,Active,2026-09-28,Domestic,Connecticut,Other Scientific and Technical Consulting Services (541690),131 Great Pond Road,SOUTH GLASTONBURY,CT,06073,bflock-consulting@outlook.com
3524887,Iglesia Cristiana Puerta De Esperanza Corp.,Non-Stock,Active,2026-09-28,Domestic,Connecticut,Religious Organizations (813110),,,,,aliciagonzal.a3@gmail.com
3524894,"Mauro Motors Canton II, LLC",LLC,Active,2026-09-28,Domestic,Connecticut,Miscellaneous Financial Investment Activities (523999),71 Albany Tpke,Canton,CT,06019,jmauro@mauromotorsinc.com
3524896,Mahesh and Assouel Holdings LLC,LLC,Active,2026-09-28,Domestic,Connecticut,Lessors of Residential Buildings and Dwellings (531110),833 Tunxis Hill Rd,Fairfield,CT,06825-4222,mapholdingsllc1@gmail.com
3524906,Root & Quill LLC,LLC,Active,2026-09-28,Domestic,Connecticut,All Other Publishers (513199),2 Murthas Wy,Granby,CT,06035,dave@rootandquillfamily.com
3524907,"Mauro Motors Hartford I, LLC",LLC,Active,2026-09-28,Domestic,Connecticut,Miscellaneous Financial Investment Activities (523999),77 Weston St.,Hartford,CT,06120,jmauro@mauromotorsinc.com
3524909,STANDING NOVATION LLC,LLC,Active,2026-09-28,Domestic,Connecticut,Administrative Management and General Management Consulting Services (541611),57 Madison Dr,Bristol,CT,06010-5314,realestateclosingsllc@gmail.com
3524915,Coury Media Group LLC,LLC,Active,2026-09-28,Domestic,Connecticut,"Corporate, Subsidiary, and Regional Managing Offices (551114)",27 Lawton Dr,Simsbury,CT,06070-2705,johndcoury@gmail.com
3524917,JS Concrete Solutions LLC,LLC,Active,2026-09-28,Foreign,PENNSYLVANIA,Poured Concrete Foundation and Structure Contractors (238110),1446 Greene Ave,Brooklyn,NY,11237-5004,jsconcretesolutionsllc@gmail.com
3524921,Rootland Wellness LLC,LLC,Active,2026-09-28,Domestic,Connecticut,Food Health Supplement Retailers (456191),174 South Rd,Enfield,CT,06082-4414,rootland2026@gmail.com
3524928,M HABEEB LLC,LLC,Active,2026-09-28,Domestic,Connecticut,Department Stores (455110),1585 Meriden Rd,Wolcott,CT,06716-3253,y_s_mohamed@yahoo.com
3524932,CMG Fairfield LLC,LLC,Active,2026-09-28,Domestic,Connecticut,Advertising Agencies (541810),27 Lawton Dr,Simsbury,CT,06070-2705,johndcoury@gmail.com
3524936,BioData Analytics Inc.,Stock,Active,2026-09-28,Domestic,Connecticut,Research and Development in Biotechnology except Nanobiotechnology (541714),,,,,beancounternyc@gmail.com
3524938,Ayishea's Voice and Vision Advocate LLC,LLC,Active,2026-09-28,Domestic,Connecticut,Administrative Management and General Management Consulting Services (541611),370 Mansfield St,New Haven,CT,06511-2060,registrationhelp01@outlook.com
3524941,CMG Hartford LLC,LLC,Active,2026-09-28,Domestic,Connecticut,Advertising Agencies (541810),27 Lawton Dr,Simsbury,CT,06070-2705,johndcoury@gmail.com
3524949,Morales Estate LLC,LLC,Active,2026-09-28,Domestic,Connecticut,Lessors of Residential Buildings and Dwellings (531110),1122 Fienemann Rd,Farmington,CT,06032-3035,bradley@moralesestate.com
3524950,Two Shores International LLC,LLC,Active,2026-09-28,Domestic,Connecticut,Lessors of Residential Buildings and Dwellings (531110),1905 Mount Vernon Rd,Southington,CT,06489-6031,dspada@kingstonwm.com
3524954,House of Joan LLC,LLC,Active,2026-09-28,Domestic,Connecticut,Marketing Consulting Services (541613),268 Post Rd Ste 200 #798157,Fairfield,CT,06824,houseofjoanllc@gmail.com
3524955,"Off Market Cards, LLC",LLC,Active,2026-09-28,Domestic,Connecticut,"Hobby, Toy, and Game Retailers (459120)",318 Main Street,Farmington,CT,06032,w.rubinow@lylestaffing.com
3524958,Chapman street property llc,LLC,Active,2026-09-28,Domestic,Connecticut,Residential Property Managers (531311),115 Chapman St,Willimantic,CT,06226-3192,johndavidtorstenson@gmail.com
3524959,B.E.C. Electric LLC,LLC,Active,2026-09-28,Domestic,Connecticut,Electrical Contractors and Other Wiring Installation Contractors (238210),330 Short Beach Rd,East Haven,CT,06512-3559,registrationhelp01@outlook.com
3524967,Rivera Motorsport LLC,LLC,Active,2026-09-28,Domestic,Connecticut,Passenger Car Rental (532111),1531 Bozrah Rd,Oakdale,CT,06370-1047,registrationhelp01@outlook.com
3524969,PresenceWorks LLC,LLC,Active,2026-09-28,Domestic,Connecticut,Other Individual and Family Services (624190),2389 Main St.,Glastonbury,CT,06033,eastern@northwestregisteredagent.com
3524970,A&K Transport Group LLC,LLC,Active,2026-09-28,Domestic,Connecticut,"General Freight Trucking, Long-Distance, Less Than Truckload (484122)",170 Peters Ln,Stratford,CT,06614-1055,azapata1121@gmail.com
3524971,Lakehouse Photography LLC,LLC,Active,2026-09-28,Domestic,Connecticut,"Photography Studios, Portrait (541921)",712 Main St,Meriden,CT,06451-4937,registrationhelp01@outlook.com
3524982,Ashley Michele Creations LLC,LLC,Active,2026-09-28,Domestic,Connecticut,"Independent Artists, Writers, and Performers (711510)",66 Orchard Street Ext,Terryville,CT,06786-6023,ashleymichelecreations@gmail.com
3524983,D&S Collective LLC,LLC,Active,2026-09-28,Domestic,Connecticut,"Hobby, Toy, and Game Retailers (459120)",38 Old Farm Hill Rd,Newtown,CT,06470-1146,degenrippers1@gmail.com
3524985,Alumi Candle LLC,LLC,Active,2026-09-28,Domestic,Connecticut,Other Miscellaneous Nondurable Goods Merchant Wholesalers (424990),11 Bragaw St,New London,CT,06320-0008,helloalumicandle@gmail.com
3525058,Peak CT Bess Co. LLC,LLC,Active,2026-09-28,Domestic,,531390,444 SOMERVILLE AVE,SOMERVILLE,MA,02143,legal@peakpowerenergy.com
3525059,Peak CT Bess Co. 2 LLC,LLC,Active,2026-09-28,Domestic,,531390,444 SOMERVILLE AVE,SOMERVILLE,MA,02143,legal@peakpowerenergy.com
3525063,Peak CT Bess Co. 3 LLC,LLC,Active,2026-09-28,Domestic,,531390,444 SOMERVILLE AVE,SOMERVILLE,MA,02143,legal@peakpowerenergy.com
3525067,Peak CT Bess Co. 4 LLC,LLC,Active,2026-09-28,Domestic,,531390,444 SOMERVILLE AVE,SOMERVILLE,MA,02143,legal@peakpowerenergy.com
3525277,Peak CT Bess Co. 5 LLC,LLC,Active,2026-09-28,Domestic,,,444 SOMERVILLE AVE,SOMERVILLE,MA,02143,legal@peakpowerenergy.com
3525392,"CS HC OWNER, LLC",LLC,Active,2026-09-28,Foreign,,531130,5 OLD LANCASTER ROAD,MALVERN,PA,19355,JVACCA@CUBESMART.COM
3525393,"CS CREST VENTURE, LLC",LLC,Active,2026-09-28,Foreign,,,5 OLD LANCASTER ROAD,MALVERN,PA,19355,jvacca@cubesmart.com
3525405,"CS HC TRS, LLC",LLC,Active,2026-09-28,Foreign,,,5 OLD LANCASTER ROAD,MALVERN,PA,19355,JVACCA@CUBESMART.COM
