entity_id,name,formed,entity_type,status,jurisdiction,street,street_2,city,state,zip,agent_organization,agent_city
20268161031,Forsyth Asset Management Limited,2026-09-20,DPC,Good Standing,CO,1500 N GRANT ST STE R,,DENVER,CO,80203,Registered Agents Inc,Denver
20268161037,KNAUER GLOBAL TRADING INC,2026-09-20,DPC,Good Standing,CO,"2000 Colorado Blvd, Tower 1, Suite 2000",,Denver,CO,80222,Trusted Agency Inc.,Denver
20268161039,Aestus Forge Inc,2026-09-20,DPC,Good Standing,CO,2021 Clubhouse Dr Ste 100,,Greeley,CO,80634,Registered Agents Inc,Denver
20268161040,"AMERICAN GAGU PRECISION INDUSTRIES CO., LTD.",2026-09-20,DPC,Good Standing,CO,4849 Raintree Cir,,Parker,CO,80134,Trusted Agency Inc.,Denver
20268161042,Novur Craft Inc,2026-09-20,DPC,Good Standing,CO,2474 Patterson Rd #100,,Grand Junction,CO,81505,Registered Agents Inc,Denver
20268161044,Nodus Anchor Inc,2026-09-20,DPC,Good Standing,CO,900 Airport Rd #2,,Rifle,CO,81650,Registered Agents Inc,Denver
20268161045,Luminaq Flow Inc,2026-09-20,DPC,Good Standing,CO,4703 Boardwalk Dr # B3,,Fort Collins,CO,80525,Registered Agents Inc,Denver
20268161048,Auraq Labs Inc,2026-09-20,DPC,Good Standing,CO,401 W Mulberry St Ste 200,,Fort Collins,CO,80521,Registered Agents Inc,Denver
20268161049,Zenixa Shift Inc,2026-09-20,DPC,Good Standing,CO,5628 19th St #4,,Greeley,CO,80634,Registered Agents Inc,Denver
20268161050,Kynetic Vector Inc,2026-09-20,DPC,Good Standing,CO,120 Park Dr Ste 200,,Grand Junction,CO,81505,Registered Agents Inc,Denver
20268161052,Aethel Matrix Inc,2026-09-20,DPC,Good Standing,CO,550 S Wadsworth Blvd Ste 520,,Lakewood,CO,80226,Registered Agents Inc,Denver
20268161055,Vesper Apex Inc,2026-09-20,DPC,Good Standing,CO,2261 E Drake Rd #135,,Fort Collins,CO,80525,Registered Agents Inc,Denver
20268161059,Clydesdales Creative LLC,2026-09-20,DLLC,Good Standing,CO,3465 S Gaylord Ct Apt B430,,Englewood,CO,80113,,Englewood
20268161063,Fournier Delivery Services LLC,2026-09-20,DLLC,Good Standing,CO,6425 E 70th Pl,,Commerce City,CO,80022,,Commerce City
20268161068,reCODE Performance LLC,2026-09-20,DLLC,Good Standing,CO,110 Midland Avenue,Suite 205,Basalt,CO,81621,"Roaring Fork Wellness Collective, LLC",Basalt
20268161095,Hunting Travel LLC,2026-09-20,DLLC,Good Standing,CO,1105 E 78th Pl,,Denver,CO,80229,,Denver
20268161102,RiseForge,2026-09-20,DNC,Good Standing,CO,306 North Casdade Ave Apt. #3,,Colorado Springs,CO,80903,,Colorado Springs
20268161107,OPN LLC,2026-09-20,DLLC,Good Standing,CO,10116 W Keene Ave,,Denver,CO,80235,,Denver
20268161112,"Majek! Mobile Massage Chairs, LLC",2026-09-20,DLLC,Good Standing,CO,1653 Thrive Dr,,Windsor,CO,80550,,Windsor
20268161119,Joythentic LLC,2026-09-20,DLLC,Good Standing,CO,6635 S Dayton St Ste 310 # 125,,Greenwood Village,CO,80111,,Greenwood Village
20268161120,"CTFB Investments, LLC",2026-09-20,FLLC,Good Standing,OK,1445 Sara Lynn Ln,,Berthoud,CO,80513,,Berthoud
20268161126,Solstice Stays LLC,2026-09-20,DLLC,Good Standing,CO,1839 Marquette Dr,,Erie,CO,80516,,Erie
20268161130,The Elevated Kitchen Ltd.,2026-09-20,DLLC,Good Standing,CO,34326 Highview Dr,,Pine,CO,80470,,Pine
20268161155,ORio Visuals LLC,2026-09-20,DLLC,Good Standing,CO,1500 N Grant St Ste R,,Denver,CO,80203,Registered Agents Inc,Denver
20268161166,Rosedale Automotive LLC,2026-09-20,DLLC,Good Standing,CO,2441 S Lincoln St,,Denver,CO,80210,,Denver
20268161169,"Tim Burrell PT, DPT LLC",2026-09-20,DLLC,Good Standing,CO,170 S 36th St,,Boulder,CO,80305,,Boulder
20268161170,Huber Technology Solutions LLC,2026-09-20,DLLC,Good Standing,CO,5350 S Jay Cir Unit 5A,,Littleton,CO,80123,,Littleton
20268161183,Starvation Trail Publications LLC,2026-09-20,DLLC,Good Standing,CO,544 Woodroot Cir,,Castle Rock,CO,80104,,Castle Rock
20268161189,Glade Marketing LLC,2026-09-20,DLLC,Good Standing,CO,1580 N Logan St Ste 660 #327963,,Denver,CO,80203,"UNITED STATES CORPORATION AGENTS, INC.",Greenwood Village
20268161195,Negril Now LLC,2026-09-20,DLLC,Good Standing,CO,5889 Lamar St,,Arvada,CO,80003,,Arvada
20268161204,Kruzas Kitchen llc,2026-09-20,DLLC,Good Standing,CO,4510 S Braun Ct,,Morrison,CO,80465,,Morrison
20268161205,Freedom Peak Expeditions and Adventures LLC,2026-09-20,DLLC,Good Standing,CO,2960 Inca St Unit 315,,Denver,CO,80202,,Denver
20268161219,PeaksandPixels.ai LLC,2026-09-20,DLLC,Good Standing,CO,10021 Apollo Bay Way,,Highlands Ranch,CO,80130,,Highlands Ranch
20268161224,"KDRO W12, LLC",2026-09-20,DLLC,Good Standing,CO,240 CR 309A,W12,Durango,CO,81303,,Durango
20268161225,Brap Racks LLC,2026-09-20,DLLC,Good Standing,CO,216 Main St Unit R-318,,Edwards,CO,81632,,Edwards
20268161227,VertexPro Appliance Repair LLC,2026-09-20,DLLC,Good Standing,CO,9820 Palmer Ln,,Northglenn,CO,80260,,Northglenn
20268161231,Bellamy Bloome Productions LLC,2026-09-20,DLLC,Good Standing,CO,8547 E Arapahoe Rd Unit J PMB 272,,Greenwood Village,CO,80112,,Aurora
20268161235,Second Story Curated LLC,2026-09-20,DLLC,Good Standing,CO,1500 N Grant St Ste R,,Denver,CO,80203,Registered Agents Inc,Denver
20268161237,Aloha Heating and Cooling L.L.C,2026-09-20,DLLC,Good Standing,CO,1985 Eagle Dr,,Pagosa Springs,CO,81147,,Pagosa Springs
20268161243,Froze Investments LLC,2026-09-20,DLLC,Good Standing,CO,5159 Hummingbird Ct,,Pueblo,CO,81008,,Pueblo
20268161272,Dahlia Strategic Marketing LLC,2026-09-20,DLLC,Good Standing,CO,4785 Garden Ranch Dr Apt B105,,Colorado Springs,CO,80918,,Colorado Springs
20268161279,Kickstart Enterprise LLC,2026-09-20,DLLC,Good Standing,CO,25400 County Road 89,,Ramah,CO,80832,,Ramah
20268161293,Broadcast Workflow Desk LLC,2026-09-20,DLLC,Good Standing,CO,1366 Lumber Ridge Cir S,,Erie,CO,80516,,Erie
20268161307,Brown's Boulder Estates LLC,2026-09-20,DLLC,Good Standing,CO,1615 Brimble Dr,,Erie,CO,80516,,Erie
20268161308,La Parada Latina llc,2026-09-20,DLLC,Good Standing,CO,11100 E Dartmouth Ave Apt 139,,Denver,CO,80014,,Denver
20268161311,Heimdall Labs LLC,2026-09-20,FLLC,Good Standing,NM,1900 South Acoma St,Apt 535,Denver,CO,80223,Northwest Registered Agent LLC,Denver
20268161317,AT-LARGE LLC,2026-09-20,DLLC,Good Standing,CO,2550 W 96th Ave Lot 55,,Denver,CO,80260,,Denver
20268161328,SPK Easy Home Buyers LLC,2026-09-20,DLLC,Good Standing,CO,4904 Moss Rock Trl,,Granbury,TX,76048,,Denver
20268161341,FEJ LLC,2026-09-20,DLLC,Good Standing,CO,1109 W Oak St,,Fort Collins,CO,80521,,Fort Collins
20268161348,Lerma Legacy Contracting LLC,2026-09-20,DLLC,Good Standing,CO,200 N 35th Ave Lot 21,,Greeley,CO,80634,,Greeley
20268161354,Ramone Ecommerce LLC,2026-09-20,DLLC,Good Standing,CO,3550 S Kendall St Unit 5-306,,Denver,CO,80235,,Denver
20268161356,2307 N Downing St LLC,2026-09-20,DLLC,Good Standing,CO,2307 N Downing St Apt A,,Denver,CO,80205,,Denver
20268161376,Amapola Mental Health LLC,2026-09-20,DLLC,Good Standing,CO,1500 N Grant St,#8040,Denver,CO,80203,,Denver
20268161377,Positively Made LLC,2026-09-20,DLLC,Good Standing,CO,9962 W Progress Pl,,Littleton,CO,80123,,Littleton
20268161379,"GPS Consulting Group, LLC",2026-09-20,DLLC,Good Standing,CO,135 Carriage Way,Unit 35,Snowmass Village,CO,81615,,Snowmass Village
20268161385,El Taco y la Pupusa LLC,2026-09-20,DLLC,Good Standing,CO,1869 S Winona Ct,,Denver,CO,80219,,Denver
20268161397,Morley Ventures LLC,2026-09-20,DLLC,Good Standing,CO,6688 Drew Ranch Ln,,Boulder,CO,80301,,Boulder
20268161405,"Fireweed Floral Co., LLC",2026-09-20,DLLC,Good Standing,CO,110 16th St Ste 1460,,Denver,CO,80202,Rocky Mountain RA LLC,Denver
20268161411,Boss Dogs LLC,2026-09-20,DLLC,Good Standing,CO,521 E Hills Rd,,Colorado Springs,CO,80909,,Colorado Springs
20268161413,M310 MotorWorks LLC,2026-09-20,DLLC,Good Standing,CO,564 Sudbury Street,,Castle Rock,CO,80104,,Castle Rock
20268161422,Thin Vapor LLC,2026-09-20,DLLC,Good Standing,CO,14133 Mead St,,Mead,CO,80504,,Johnstown
20268161423,NEW GENERATION PRODUCTIONS CO.,2026-09-20,DNC,Good Standing,CO,10754 Telluride St,,Commerce City,CO,80022,,Commerce City
20268161430,JoJo Holdings LLC,2026-09-20,DLLC,Good Standing,CO,15327 Hillside Court,,Broomfield,CO,80023,,Broomfield
20268161456,Seven Gables Drones LLC,2026-09-20,DLLC,Good Standing,CO,733 Idlewild Dr,,Dillon,CO,80435,,Dillon
20268161460,Melissa Worth Art LLC,2026-09-20,DLLC,Good Standing,CO,6950 Highland Vista Dr,,Colorado Springs,CO,80922,,Colorado Springs
20268161471,Kawaii Curves LLC,2026-09-20,DLLC,Good Standing,CO,3840 S Helena St,,Aurora,CO,80013,,Aurora
20268161474,Mt. View Support LLC,2026-09-20,DLLC,Good Standing,CO,7335 Montview Blvd,,Denver,CO,80220,,Denver
20268161486,"Agility Nutrition, LLC",2026-09-20,DLLC,Good Standing,CO,11516 Trona Ct,,Parker,CO,80138,,Parker
20268161496,"Copper Canyon Holdings, LLC",2026-09-20,DLLC,Good Standing,CO,688 S Chimazo Dr,,Pueblo,CO,81007,,Pueblo
20268161499,Clark Family Enterprises LLC,2026-09-20,DLLC,Good Standing,CO,14212 W 87th Dr,,Arvada,CO,80005,,Arvada
20268161514,BS Creative Founders LLC,2026-09-20,DLLC,Good Standing,CO,1500 N Grant St Ste R,,Denver,CO,80203,Registered Agents Inc,Denver
20268161516,1100 S Josephine LLC,2026-09-20,DLLC,Good Standing,CO,2548 S Broadway,,Denver,CO,80210,"APEX Homes, LLC",Denver
20268161517,Freedom Data Centers Corp.,2026-09-20,DPC,Good Standing,CO,5575 S Sycamore St Ste 101,,Littleton,CO,80120,,Littleton
20268161518,Klara's Cabinet LLC,2026-09-20,DLLC,Good Standing,CO,484 1/2 Ridge Ln,,Grand Junction,CO,81504,,Grand Junction
20268161519,Wallys Garage Doors & Home Services LLC,2026-09-20,DLLC,Good Standing,CO,7658 Grand Fir Pt,,Colorado Springs,CO,80908,,Colorado Springs
20268161522,"Rising Voice Patient Advocacy, LLC",2026-09-20,DLLC,Good Standing,CO,1500 N Grant St Ste R,,Denver,CO,80203,Registered Agents Inc,Denver
20268161523,Golden Butterfly Cleaning Company llc,2026-09-20,DLLC,Good Standing,CO,11210 W Tanforan Cir,,Littleton,CO,80127,,Littleton
20268161531,BYTESIZE ORTHO LLC,2026-09-20,DLLC,Good Standing,CO,6635 S Dayton St Ste 310,#440,Greenwood Village,CO,80111,,Denver
20268161532,HiroSaka Technologies LLC,2026-09-20,DLLC,Good Standing,CO,6585 Alcorn Ave,,Parker,CO,80138,,Parker
20268161540,East Wind Moto Ltd.,2026-09-20,DLLC,Good Standing,CO,5046 Coolidge Ave,,Loveland,CO,80538,,Loveland
20268161546,The Courier,2026-09-20,DNC,Good Standing,CO,116 E 23rd St,,Loveland,CO,80538,,Loveland
20268161553,Apex Acquisitions LLC.,2026-09-20,DLLC,Good Standing,CO,7215 Loveland AVE,,Fountain,CO,80817,,Fountain
20268161562,In the Making LLC,2026-09-20,DLLC,Good Standing,CO,2547 Xanthia Ct,,Denver,CO,80238,,Denver
20268161565,Rebel Pharmacy LLC,2026-09-20,DLLC,Good Standing,CO,456 Kokopelli Blvd Unit B,,Fruita,CO,81521,,FRUITA
20268161566,Golden Touch Creative LLC,2026-09-20,DLLC,Good Standing,CO,1091 East Bayaud Avenue,,Denver,CO,80209,,Denver
20268161582,WayMade AI LLC,2026-09-20,DLLC,Good Standing,CO,1500 N Grant St Ste R,,Denver,CO,80203,Registered Agents Inc,Denver
20268161586,The Floor Crew LLC,2026-09-20,DLLC,Good Standing,CO,2401 10th Ave,,Greeley,CO,80631,,Greeley
20268161589,GreyHill Labs LLC,2026-09-20,DLLC,Good Standing,CO,1213 Elbridge Dr,,Elizabeth,CO,80107,,Elizabeth
20268161593,Fluffle LLC,2026-09-20,DLLC,Good Standing,CO,6314 Walnut Grove St,,Frederick,CO,80516,,Frederick
20268161616,FetchTest LLC,2026-09-20,DLLC,Good Standing,CO,932 Poplar Pl,,Boulder,CO,80304,,Boulder
20268161625,Cairn Software Consulting LLC,2026-09-20,DLLC,Good Standing,CO,3530 Parkmoor Village Dr Apt G,,Colorado Springs,CO,80917,,Colorado Springs
20268161628,Mello Law LLC,2026-09-20,DLLC,Good Standing,CO,910 Grand Ave,,Silt,CO,81652,,Silt
20268161631,PBG Services LLC,2026-09-20,DLLC,Good Standing,CO,9595 Pecos St Lot 511,,Thornton,CO,80260,Northwest Registered Agent LLC,Denver
20268161637,Diane & The Promos LLC,2026-09-20,DLLC,Good Standing,CO,"2450 Airport Rd, #D133",,Longmont,CO,80503,,Longmont
20268161638,KG's Tutoring Services LLC,2026-09-20,DLLC,Good Standing,CO,2428 Tremont Pl Unit D,,Denver,CO,80205,,Denver
20268161642,RW Strategies LLC,2026-09-20,DLLC,Good Standing,CO,5 Island Avenue,Apt 5D,Miami Beach,FL,33139,"UNITED STATES CORPORATION AGENTS, INC.",Greenwood Village
20268161645,ACTIVARE SYSTEMS LLC,2026-09-20,DLLC,Good Standing,CO,4185 E Florida Ave Apt 8,,Denver,CO,80222,,Denver
20268161647,Dino Land Management Ltd.,2026-09-20,DLLC,Good Standing,CO,1461 Short Grass Ct,,Castle Rock,CO,80109,,Castle Rock
20268161651,Alpine Prime Group LLC,2026-09-20,DLLC,Good Standing,CO,14126 Alpine Phlox Ln,,Parker,CO,80134,,Parker
20268161664,Basecamp Collectibles LLC,2026-09-20,DLLC,Good Standing,CO,6402 Barr Pt,,Colorado Springs,CO,80924,,Colorado Springs
20268161665,Nomad Grill LLC,2026-09-20,DLLC,Good Standing,CO,414 Vista Cliff Cir,,Castle Rock,CO,80104,,Castle Rock
20268161666,"Special Touch Cleaning Colorado, LLC",2026-09-20,DLLC,Good Standing,CO,18121 E Hampden Ave,C1172,Aurora,CO,80013,,Aurora
20268161668,PALMORE & COMPANY LLC,2026-09-20,DLLC,Good Standing,CO,4185 E Florida Ave Apt 8,,Denver,CO,80222,,Denver
20268161675,RoamWell Travel Company LLC,2026-09-20,DLLC,Good Standing,CO,1318 Excelsior Creek Ave,,Montrose,CO,81401,,Montrose
20268161684,Aspen Elevated Care LLC,2026-09-20,DLLC,Good Standing,CO,72 Cloud Nine Ln,,Aspen,CO,81611,,Aspen
20268161685,Our Lady of Mercy LLC,2026-09-20,DLLC,Good Standing,CO,12650 W 64th Ave Unit E PMB 505,,Arvada,CO,80004,,Arvada
20268161686,Noble Choice Painting LLC,2026-09-20,DLLC,Good Standing,CO,5959 Dunkirk St Apt 3207,,Denver,CO,80249,,Denver
20268161688,C.A. Productions LLC,2026-09-20,DLLC,Good Standing,CO,33651 Nova Road,,Pine,CO,80470,,Pine
20268161692,Las Chicas Diaz LLC,2026-09-20,DLLC,Good Standing,CO,17420 E 15th Pl #237,,Aurora,CO,80011,,Aurora
20268161696,FOUR LINE PRIME GROUP LLC,2026-09-20,DLLC,Good Standing,CO,2125 S NEWPORT ST,1-210,DENVER,CO,80224,,Denver
20268161697,BlueAspen Investment LLC,2026-09-20,DLLC,Good Standing,CO,7023 S Waterloo way,,Aurora,CO,80016,,Aurora
20268161699,"Pagosa Pines Properties, LLC",2026-09-20,DLLC,Good Standing,CO,109 Oakley Pass,,Liberty Hill,TX,78642,Registered Agents Inc,Denver
20268161700,"Waterfalls Counseling, LLC",2026-09-20,DLLC,Good Standing,CO,1915 S Hancock Ave,,Colorado Springs,CO,80905,,Colorado Springs
20268161702,Pinyon Home Services LLC,2026-09-20,DLLC,Good Standing,CO,705 Canyon Creek Dr,,Grand Junction,CO,81507,,Grand Junction
20268161714,Therapist Sidekick LLC,2026-09-20,DLLC,Good Standing,CO,510 Dudley St,,Lakewood,CO,80226,,Lakewood
20268161717,"Darnette Pet Sitting, LLC",2026-09-20,DLLC,Good Standing,CO,11718 Wonder Dr,,Conifer,CO,80433,,Conifer
20268161718,BANKAI Limited,2026-09-20,DLLC,Good Standing,CO,406 41st Ave,,Greeley,CO,80634,,Greeley
20268161721,Y.B LLC,2026-09-20,DLLC,Good Standing,CO,"1500 N GRANT ST, STE R",,Denver,CO,80203,Registered Agents Inc,Denver
20268161725,"Unburdened Joy Counseling, PLLC",2026-09-20,DLLC,Good Standing,CO,3446 W Elmhurst Pl,,Littleton,CO,80120,,Littleton
20268161727,Juniper Q Creations LLC,2026-09-20,DLLC,Good Standing,CO,14405 State Highway 83,,Colorado Springs,CO,80921,Northwest Registered Agent LLC,Denver
20268161732,Way More Solutions LLC,2026-09-20,DLLC,Good Standing,CO,1905 N Sherman St Ste 200,,Denver,CO,80203,,Denver
20268161742,"D & K Deines, LLC",2026-09-20,DLLC,Good Standing,CO,32220 E 167th Dr,,Hudson,CO,80642,,Hudson
20268161744,Foothills Technical Repair LLC,2026-09-20,DLLC,Good Standing,CO,12445 W Arbor Pl,,Littleton,CO,80127,,Littleton
20268161745,ASPEN MOBILE DENTAL LLC,2026-09-20,DLLC,Good Standing,CO,6825 E Tennessee Ave Ste 515,,Denver,CO,80224,,Denver
20268161751,A&V Trailer Rentals LLC,2026-09-20,DLLC,Good Standing,CO,63 Lima St,,Aurora,CO,80010,,Aurora
20268161760,Caraway House LLC,2026-09-20,DLLC,Good Standing,CO,6371 Swallow Ln,,Boulder,CO,80303,,Boulder
20268161764,"Smart Guy Solutions, LLC",2026-09-20,FLLC,Good Standing,AZ,3554 E Pueblo Ave,,Mesa,AZ,85204,Registered Agents Inc,Denver
20268161768,Taproot Home LLC,2026-09-20,DLLC,Good Standing,CO,5535 E Custer Pl,,Denver,CO,80246,,Denver
20268161770,FireHorse Mineing LLC,2026-09-20,DLLC,Good Standing,CO,00 Quartz Hill RD Lot 563,,central city,CO,80427,,central city
20268161774,Royal Kimberley Bio-Agri Technology INC,2026-09-20,DPC,Good Standing,CO,6635 S Dayton St Ste 310 Unit 226,,Greenwood Village,CO,80111,Bizbase Corporate Services LLC,Greenwood Village
20268161786,Blue Collar Crew LLC,2026-09-20,DLLC,Good Standing,CO,527 Glendale Rd,,Scottdale,GA,30079,Registered Agents Inc,Denver
20268161788,"Maternal Embrace, LLC",2026-09-20,DLLC,Good Standing,CO,861 E 98th Ave Unit 602,,Thornton,CO,80229,,Thornton
20268161798,Mnh FOUNDATION,2026-09-20,DNC,Good Standing,CO,1795 Welton St,,Denver,CO,80202,Rocky Mountain RA LLC,Denver
20268161810,BlueBird Transport LLC,2026-09-20,DLLC,Good Standing,CO,2860 Colorado Blvd,,Denver,CO,80207,,denver
20268161815,AE COURIER & LOGISTICS LLC,2026-09-20,DLLC,Good Standing,CO,3668 South Dallas Street unit 202,,Aurora,CO,80014,ENTITY PROTECT REGISTERED AGENT SERVICES LLC,Denver
20268161826,Omkara LLC,2026-09-20,DLLC,Good Standing,CO,13931 Scarlet Sage St,,Parker,CO,80134,,Parker
20268161827,Mr W Fix It Now LLC,2026-09-20,DLLC,Good Standing,CO,655 S Sierra Madre St Apt 732,,Colorado Springs,CO,80903,,Colorado Springs
20268161833,WENICE TRADING LLC,2026-09-20,DLLC,Good Standing,CO,1500 N Grant St Ste R,,Denver,CO,80203,Registered Agents Inc,Denver
20268161836,Ganzhou Xingchen Kuajing Company,2026-09-20,DPC,Good Standing,CO,1500 N Grant St Unit 536,,Denver,CO,80203,Registered Agents Inc,Denver
20268161856,Kokopelli Lawn Company LLC,2026-09-20,DLLC,Good Standing,CO,288 Cherry Ln,,Grand Junction,CO,81503,,Grand Junction
20268161857,DIVIDE Entertainment LLC,2026-09-20,DLLC,Good Standing,CO,6620 Riata Ct,,Colorado Springs,CO,80922,,Colorado Springs
20268161860,Tall Man Games LLC,2026-09-20,DLLC,Good Standing,CO,91 Mount Hope Cir,,Eagle,CO,81631,,Eagle
20268161863,Evergreen Systems LLC,2026-09-20,DLLC,Good Standing,CO,6404 E Geddes Ave,,Centennial,CO,80112,,Centennial
20268161865,RASEINC Ltd.,2026-09-20,DLLC,Good Standing,CO,8111 E Yale Ave Apt 1-305,,Denver,CO,80231,,Denver
20268161866,Natural Comfort LLC,2026-09-20,DLLC,Good Standing,CO,95 PARKVIEW,,BAILEY,CO,80421,Northwest Registered Agent LLC,Denver
20268161877,IHABT LLC,2026-09-20,DLLC,Good Standing,CO,4071 Clear Creek Dr Unit 302,,Golden,CO,80401,,Golden
20268161882,Slammers Dillinger 2031,2026-09-20,DNC,Good Standing,CO,2400 Industrial Ln Ste 1000,,Broomfield,CO,80020,,Broomfield
20268161883,Outstanding Substance Surveillance Ltd.,2026-09-20,DLLC,Good Standing,CO,13155 Bozeman Trl,,Elbert,CO,80106,,Elbert
20268161885,Wheat Penny Farms LLC,2026-09-20,DLLC,Good Standing,CO,216 W 6th St N,,Cheyenne Wells,CO,80810,,Cheyenne Wells
20268161892,Muddy Soles Running LLC,2026-09-20,DLLC,Good Standing,CO,6095 W 40th Ave,,Wheat Ridge,CO,80033,,Wheat Ridge
20268161893,MAK Steamboat Holdings LLC,2026-09-20,DLLC,Good Standing,CO,1169 Hilltop Pkwy Unit 202B,,Steamboat Springs,CO,80487,,Steamboat Springs
20268161894,Streamly Loomra Inc,2026-09-20,DPC,Good Standing,CO,11861 E Cornell Cir,,Aurora,CO,80014,DHARMALI LLC,Westminster
20268161896,Idezine Solar LLC,2026-09-20,DLLC,Good Standing,CO,12647 S Oak Creek Ct,,Parker,CO,80134,,Parker
20268161897,HASSOWU INC,2026-09-20,DPC,Good Standing,CO,104 Palmer St,,Kit Carson,CO,80825,DHARMALI LLC,Westminster
20268161901,Curated Color and Design Ltd,2026-09-20,DLLC,Good Standing,CO,7565 S Elati St,,Littleton,CO,80120,,Littleton
20268161909,Northvexa LLC,2026-09-20,DLLC,Good Standing,CO,2090 W 76th Ave Apt 1703,,Denver,CO,80221,,Denver
20268161911,Pathway ride LLC,2026-09-20,DLLC,Good Standing,CO,15635 E Prentice Ln,,CENTENNIAL,CO,80015-4262,,CENTENNIAL
20268161918,Home anatomy LLC,2026-09-20,DLLC,Good Standing,CO,26 E Sopris Ct,,Glenwood Springs,CO,81601,"UNITED STATES CORPORATION AGENTS, INC.",Greenwood Village
20268161919,Patron LLC,2026-09-20,DLLC,Good Standing,CO,1500 N Grant St,Ste C,Denver,CO,80203,Colorado Registered Agent LLC,Denver
20268161921,Soulbound Nutrition LLC,2026-09-20,DLLC,Good Standing,CO,1835 Cambridge Dr,,Longmont,CO,80503,Registered Agents Inc,Denver
20268161925,Caolo JinBaltusrol INC,2026-09-20,DPC,Good Standing,CO,3516 S Lisbon St,,Aurora,CO,80013,Chen JinBaltusrol INC,Peyton
20268161941,Three Nations Handy Services LLC,2026-09-20,DLLC,Good Standing,CO,4845 Pearl East Cir Ste 118 #606200,,Boulder,CO,80301,"UNITED STATES CORPORATION AGENTS, INC.",Greenwood Village
20268161958,Preciado Trade Masters LLC,2026-09-20,DLLC,Good Standing,CO,14406 E 48th Ave,,Denver,CO,80239,,Denver
20268161961,Apex UAS Consulting LLC,2026-09-20,DLLC,Good Standing,CO,3230 Daydreamer Dr,,Colorado Springs,CO,80908,,Colorado Springs
20268161963,Grailford LLC,2026-09-20,DLLC,Good Standing,CO,456 Fulton Street,,Aurora,CO,80010,,Aurora
20268161982,Borjas Bedrock LLC,2026-09-20,DLLC,Good Standing,CO,4155 S Lipan St,,Englewood,CO,80110,,Englewood
20268161983,VISION TRADE SOLUTIONS LLC,2026-09-20,DLLC,Good Standing,CO,1500 N GRANT ST 5656,,DENVER,CO,80203,Registered Agents Inc,Denver
20268161994,"Obex Integrations, LLC",2026-09-20,DLLC,Good Standing,CO,3572 Tradition Dr,,Fort Collins,CO,80526,,Fort Collins
20268162001,NEW VISION VENTURES LLC,2026-09-20,DLLC,Good Standing,CO,1500 N GRANT ST 5656,,DENVER,CO,80203,Registered Agents Inc,Denver
20268162002,BlueSurge Foundation Inc,2026-09-20,DPC,Good Standing,CO,1708 Lincoln St,,Denver,CO,80203,Registered Agents Inc,Denver
20268162004,Northern Colorado Art Collective,2026-09-20,DNC,Good Standing,CO,305 Galaxy Way,,Fort Collins,CO,80525,,Loveland
20268162008,Llc My Heart Patern,2026-09-20,DLLC,Good Standing,CO,4545 Morrison Rd Apt 105,,Denver,CO,80219,,Denver
20268159947,Zyxtix Inc,2026-09-19,DPC,Good Standing,CO,1500 N Grant St Ste R,,Denver,CO,80203,Registered Agents Inc,Denver
20268159951,Pixelwave Digital LLC,2026-09-19,DLLC,Good Standing,CO,1500 N GRANT ST STE 7275,,DENVER,CO,80203,Registered Agents Inc,Denver
20268159954,MASTERY & PRECISE BUSINESS HOUSE LLC,2026-09-19,DLLC,Good Standing,CO,1500 N GRANT ST 5656,,DENVER,CO,80203,Registered Agents Inc,Denver
20268159965,Cornwall Alliance for the Stewardship of Creation,2026-09-19,FNC,Good Standing,TN,11081 Shady Ln,,Eads,TN,38028,Registered Agents Inc,Denver
20268159971,Cirelia Apparel INC,2026-09-19,DPC,Good Standing,CO,1500 N Grant St Ste R,,Denver,CO,80203,Registered Agents Inc,Denver
20268159976,O'Rourke Auto Solutions Ltd.,2026-09-19,DLLC,Good Standing,CO,1501 S Acoma St Unit 225,,Denver,CO,80223,,Denver
20268159978,Pioneer Hills Ranch LLC,2026-09-19,DLLC,Good Standing,CO,5256 S Laredo Way,,Centennial,CO,80015,,Centennial
20268159993,GZ Living LLC,2026-09-19,DLLC,Good Standing,CO,4965 S Independence Way,,Littleton,CO,80123,,Littleton
20268159994,MEAL SUPPORT INC,2026-09-19,DPC,Good Standing,CO,533 Oneida Valley Rd,,Butler,PA,16001,Registered Agents Inc,Denver
20268159997,Trafford Auto Rentals LLC,2026-09-19,DLLC,Good Standing,CO,8821 E Hampden Ave Ste 130,,Denver,CO,80231,Colorado Center for Life and Justice LLC,Denver
20268159998,ZE FILING LLC,2026-09-19,DLLC,Good Standing,CO,1500 N GRANT ST STE R,,Denver,CO,80203,Registered Agents Inc,Denver
20268159999,Facai Limited,2026-09-19,DPC,Good Standing,CO,"1500 N GRANT ST, STE R",,Denver,CO,80203,Registered Agents Inc,Denver
20268160016,Vantage Point Insurance LLC,2026-09-19,DLLC,Good Standing,CO,6168 Ralston St,,Frederick,CO,80530,,Frederick
20268160022,Harrison Handyman and Home Services LLC,2026-09-19,DLLC,Good Standing,CO,2503 Hancock Expressway,,Colorado springs,CO,80910,,Colorado Springs
20268160023,"Fletcher Family Management, L.L.C.",2026-09-19,FLLC,Good Standing,TX,5529 Drane Drive,,Dallas,TX,75209,,Basalt
20268160026,Miranda Eternal Furniture LLC,2026-09-19,DLLC,Good Standing,CO,2601 northcrest dr,,Colorado Springs,CO,80918,SilkSoft Towel Industries G LLC,Denver
20268160033,D&C Group LLC,2026-09-19,DLLC,Good Standing,CO,4388 S Cherokee St,,Englewood,CO,80110,,Englewood
20268160035,SUNNY ART AND CRAFT LLC,2026-09-19,DLLC,Good Standing,CO,5061 Netherland st,,DENVER,CO,80249,CloudSheet V LLC,Denver
20268160038,"Fletcher Interests Management, L.L.C.",2026-09-19,FLLC,Good Standing,TX,5529 Drane Drive,,Dallas,TX,75209,,Basalt
20268160039,"Reclaim Your Strength, LLC",2026-09-19,DLLC,Good Standing,CO,9834 Truckee St,,Commerce City,CO,80022,,Commerce City
20268160046,"Fletcher Family Interests, Ltd.",2026-09-19,FLP,Good Standing,TX,5529 Drane Drive,,Dallas,TX,75209,,Basalt
20268160052,Elevate Tax LLC,2026-09-19,DLLC,Good Standing,CO,21181 E 63rd Dr,,Aurora,CO,80019,,Aurora
20268160059,Bespoke Dental Anesthesia LLC,2026-09-19,DLLC,Good Standing,CO,5538 Golden Willow Dr,,Fort Collins,CO,80528,"Montoya Medical Services, LLC",Fort Collins
20268160066,Three Suns Skin Care LLC,2026-09-19,DLLC,Good Standing,CO,8171 Pecos Way,,Denver,CO,80221,,Denver
20268160074,Mississippi Will Music LLC,2026-09-19,DLLC,Good Standing,CO,2937 Tumblewood Grv,,Colorado Springs,CO,80910,,Colorado Springs
20268160077,Willow Global LLC,2026-09-19,DLLC,Good Standing,CO,5232 Golden Eagle Pkwy,,BRIGHTON,CO,80601,CloudSheet V LLC,Denver
20268160084,Samara's Sanctuary Studios Limited Co-op Association,2026-09-19,DLCA-PBC,Good Standing,CO,623 Rose Quartz Lane,,Lexington,SC,29073,,Hartsel
20268160089,Merchant Fund Relay LLC,2026-09-19,DLLC,Good Standing,CO,201 E 4th St #63,,Loveland,CO,80537,Colorado Registered Agent LLC,Denver
20268160093,"Project Cure, Inc.",2026-09-19,FNC,Good Standing,DC,9040 Town Center Parkway,,Lakewood Ranch,FL,34202,CORPORATE CREATIONS NETWORK INC.,Loveland
20268160094,Gridzen Limited,2026-09-19,DPC,Good Standing,CO,1500 N GRANT ST STE R,,DENVER,CO,80203,Registered Agents Inc,Denver
20268160097,PINOL Grounds LLC,2026-09-19,DLLC,Good Standing,CO,1530 S Galena Way Apt 1436,,Aurora,CO,80247,,Aurora
20268160102,Unbuilt demolition & recycling llc,2026-09-19,DLLC,Good Standing,CO,10350 W 55th Ln Unit 104,,Arvada,CO,80002,,Arvada
20268160105,VAULT-X,2026-09-19,DNC,Good Standing,CO,1062 18th St,,Denver,CO,80202,Registered Agents Inc,Denver
20268160106,ODESTER TRADING INC,2026-09-19,DPC,Good Standing,CO,504 N Grand Ave,,Pueblo,CO,81003,Guangyu E - Commerce INC,Pueblo
20268160107,Way Will Show LLC,2026-09-19,DLLC,Good Standing,CO,16114 Falcon Dr,,Nathrop,CO,81236,,Nathrop
20268160110,minicosmetics net INC,2026-09-19,DPC,Good Standing,CO,6 S Blackmer Rd Unit B,,Englewood,CO,80113,SnapGlow Photo Booths INC,Elizabeth
20268160111,AEGET GLOBAL LIMITED,2026-09-19,DPC,Good Standing,CO,1521 Blake St Ste 47009,,Denver,CO,80202,Fong Sam International accounting firms,Denver
20268160113,"Mill Creek Sports, LLC",2026-09-19,DLLC,Good Standing,CO,1801 California St Ste 5000,,Denver,CO,80202,"CO-RA, LLC",Denver
20268160115,SAVICOIN LTD.,2026-09-19,DPC,Good Standing,CO,1521 Blake St Ste 47009,,Denver,CO,80202,Fong Sam International accounting firms,Denver
20268160128,El Trebol Floors Llc,2026-09-19,DLLC,Good Standing,CO,915 S Vrain St,,Denver,CO,80219,,Denver
20268160130,Jax Shore House LLC,2026-09-19,DLLC,Good Standing,CO,920 S Coors Dr,,Lakewood,CO,80228,,Lakewood
20268160136,ROSENDO AUTO PARTS LLC,2026-09-19,DLLC,Good Standing,CO,1500 N GRANT ST,SUITE 10862,denver,CO,80203,Registered Agents Inc,Denver
20268160139,Optify Insights LLC,2026-09-19,DLLC,Good Standing,CO,6327 S Emporia Cir,,Englewood,CO,80111,,Englewood
20268160148,SDZ Aviation LLC,2026-09-19,DLLC,Good Standing,CO,8967 Valley Vista Blvd,,Alamosa,CO,81101,,Alamosa
20268160154,Rizzo23 Concession Stand LLC,2026-09-19,DLLC,Good Standing,CO,18195 E Atlantic Dr,,Aurora,CO,80013,,Aurora
20268160160,"RAM Mechanical, LLC",2026-09-19,DLLC,Good Standing,CO,7558 County Road 158,,Elizabeth,CO,80107,,Grand Junction
20268160193,JASMIFISAAX LLC,2026-09-19,DLLC,Good Standing,CO,902 Eggleston St,,Fort Collins,CO,80524,"NATIONAL REGISTERED AGENTS, INC.",Centennial
20268160205,minimakeup net Inc,2026-09-19,DPC,Good Standing,CO,453 E Hahns Peak Ave,,Pueblo West,CO,81007,J and K industrial Ltd,Colorado Springs
20268160210,Moritz Collection LLC,2026-09-19,DLLC,Good Standing,CO,80 Elm St,,Denver,CO,80220,,Denver
20268160212,Z Prints LLC,2026-09-19,DLLC,Good Standing,CO,1424 Bellaire Dr,,Colorado Springs,CO,80909,,Colorado Springs
20268160216,Star-Dusters Collective LLC,2026-09-19,DLLC,Good Standing,CO,10521 Routt Ln,,Broomfield,CO,80021,,Broomfield
20268160219,Parsons Construction LLC,2026-09-19,DLLC,Good Standing,CO,11061 W 71st Pl,,Arvada,CO,80004,,Arvada
20268160237,Oak and Stone Forge LLC,2026-09-19,DLLC,Good Standing,CO,500 Lake Dillon Dr Unit 3295,,Dillon,CO,80435,,Dillon
20268160244,PRIM HOUSE LLC,2026-09-19,DLLC,Good Standing,CO,3530 E County Line Rd Apt 23,,Highlands Ranch,CO,80126,,Highlands Ranch
20268160247,WANRARIBIGSIP LLC,2026-09-19,DLLC,Good Standing,CO,709 Miners Candle Rd,,Idaho Springs,CO,80452,"NATIONAL REGISTERED AGENTS, INC.",Centennial
20268160251,Upon Eagles Wings' LLC,2026-09-19,DLLC,Good Standing,CO,11394 Kenton St,,Commerce City,CO,80640,,Henderson
20268160257,Vyntra Casken Inc,2026-09-19,DPC,Good Standing,CO,317 Bross St,,Longmont,CO,80501,minicosmetics net INC,Englewood
20268160262,LABIQMISHMAAT LLC,2026-09-19,DLLC,Good Standing,CO,16021 County Road 31 9,,Weston,CO,81091,"NATIONAL REGISTERED AGENTS, INC.",Centennial
20268160267,Dan Dan L.L.C.,2026-09-19,DLLC,Good Standing,CO,1228 S Valentia Ct,,Denver,CO,80247,,Denver
20268160271,CC Commercial Holdings L.L.C.,2026-09-19,DLLC,Good Standing,CO,504 Sherwood Trl,,Breckenridge,CO,80424,,Breckenridge
20268160273,AFRIC STROM ECOM LLC,2026-09-19,DLLC,Good Standing,CO,347 Arapahoe Ave Apt 20,,Boulder,CO,80302,"NATIONAL REGISTERED AGENTS, INC.",Centennial
20268160278,Ms Stace Consulting LLC,2026-09-19,DLLC,Good Standing,CO,5359 Laredo St,,Denver,CO,80239,,Denver
20268160284,Mile High Paint Refresh LLC,2026-09-19,DLLC,Good Standing,CO,2180 S Colorado Blvd Unit 287,,Denver,CO,80222,,Denver
20268160286,FGKING THK LLC,2026-09-19,DLLC,Good Standing,CO,27760 County Road 31,,Springfield,CO,81073,"NATIONAL REGISTERED AGENTS, INC.",Centennial
20268160288,Pueblo steamers LLC,2026-09-19,DLLC,Good Standing,CO,660 S Watermelon Dr,,Pueblo,CO,81007,,Pueblo
20268160291,FIXTEN ECOM LLC,2026-09-19,DLLC,Good Standing,CO,610 Quitman St,,Denver,CO,80204,"NATIONAL REGISTERED AGENTS, INC.",Centennial
20268160301,Sole Suite LLC,2026-09-19,DLLC,Good Standing,CO,"610 S Alton Way, Unit 3A",,Denver,CO,80247,,Denver
20268160309,Marygrace Young LLC,2026-09-19,FLLC,Good Standing,FL,1801 California St,Suite 2400,Denver,CO,80202,,Denver
20268160312,"Alpha Shield, LLC",2026-09-19,DLLC,Good Standing,CO,5301 W Colfax Ave,,Lakewood,CO,80214,,Lakewood
20268160322,Terrapin Ventures LLC,2026-09-19,DLLC,Good Standing,CO,2120 Blake St Apt 528,,Denver,CO,80205,,Denver
20268160323,"8414 Kalamath St, LLC",2026-09-19,DLLC,Good Standing,CO,4775 W 108th Pl,,Westminster,CO,80031,,Westminster
20268160326,Property Passport LLC,2026-09-19,DLLC,Good Standing,CO,"3609 Austin Bluffs Pkwy, ste 31-1145",,Colorado Springs,CO,80918,,Colorado Springs
20268160327,Point Source LLC,2026-09-19,DLLC,Good Standing,CO,480 Bexley Ln,,Highlands Ranch,CO,80126,,Highlands Ranch
20268160342,"1401 W 85th Ave, LLC",2026-09-19,DLLC,Good Standing,CO,4775 W 108th Pl,,Westminster,CO,80031,,Westminster
20268160343,NOCO Soap Co LLC,2026-09-19,DLLC,Good Standing,CO,112 Keystone Dr,,Severance,CO,80550,,Severance
20268160345,"Mile One Wellness, LLC",2026-09-19,DLLC,Good Standing,CO,2954 N Havana St,,Denver,CO,80238,,Denver
20268160351,Mikelle LLC,2026-09-19,DLLC,Good Standing,CO,3750 Blake St Apt 1724,,Denver,CO,80205,,Denver
20268160353,GUARDADO CONSTRUCTION LLC,2026-09-19,DLLC,Good Standing,CO,1100 BUCKHORN VALLEY BLVD # F102,,GYPSUM,CO,81637,,GYPSUM
20268160363,BeatsNBoba Limited Liability Company,2026-09-19,DLLC,Good Standing,CO,2639 W 104th Ct,,Denver,CO,80234,,Westminster
20268160368,AURORA EAST CONSTRUCTION LLC,2026-09-19,DLLC,Good Standing,CO,765 Jamaica St,,Aurora,CO,80010,,Aurora
20268160375,Smiley Therapeutic Services LLC,2026-09-19,DLLC,Good Standing,CO,10958 Roseanna Dr,,Northglenn,CO,80234,Northwest Registered Agent LLC,Denver
20268160378,Dream Fwd LLC,2026-09-19,DLLC,Good Standing,CO,14590 E 2nd Ave B-109,,Aurora,CO,80011,HEMACO LLC,Aurora
20268160383,"ENCHANTED CRAFT CASTLE, LLC",2026-09-19,DLLC,Good Standing,CO,6085 Red Hill Cir,,Colorado Springs,CO,80919,"CORPORATE SERVICE CENTER, INC.",Denver
20268160385,Ironpeak Enviromental LLC,2026-09-19,DLLC,Good Standing,CO,2851 West 54th Avenue,,Denver,CO,80221-1607,,Denver
20268160389,The Source List LLC,2026-09-19,DLLC,Good Standing,CO,110 16th St Ste 1460,,Denver,CO,80202,Rocky Mountain RA LLC,Denver
20268160392,Elevated Holiday Designs LLC,2026-09-19,DLLC,Good Standing,CO,204 Skyline Dr,,Bayfield,CO,81122,,Bayfield
20268160394,"Buckhorn Ride Co., LLC",2026-09-19,DLLC,Good Standing,CO,1500 N Grant St Ste R,,Denver,CO,80203,Registered Agents Inc,Denver
20268160396,Spang Sun Valley LLC,2026-09-19,DLLC,Good Standing,CO,12075 East 45th Avenue,Suite 100B,Denver,CO,80239,"Queenside Strategies, LLC",Denver
20268160399,Socilyra Digital LLC,2026-09-19,DLLC,Good Standing,CO,1500 N Grant St Ste 5048,,Denver,CO,80203,Registered Agents Inc,Denver
20268160400,Harry Farr Handyman LLC,2026-09-19,DLLC,Good Standing,CO,110 16th St Ste 1460,,Denver,CO,80202,Rocky Mountain RA LLC,Denver
20268160401,BillBergquist.dev LLC,2026-09-19,DLLC,Good Standing,CO,12122 W Atlantic Dr,,Lakewood,CO,80228,,Lakewood
20268160411,Madgavash Ltd.,2026-09-19,DLLC,Good Standing,CO,8592 E Iliff Dr,,Denver,CO,80231,,Denver
20268160421,Golden Quill Realty LLC,2026-09-19,DLLC,Good Standing,CO,5763 W 75th Ave,,Arvada,CO,80003,,Arvada
20268160423,CalmTechCare LLC,2026-09-19,DLLC,Good Standing,CO,950 N Downing St,Apt 3,Denver,CO,80218,,Denver
20268160427,Custom Elegant Creations LLC,2026-09-19,DLLC,Good Standing,CO,3032 N 15th St Apt 103,,Grand Junction,CO,81506,,Clifton
20268160428,McYoung Holdings LLC,2026-09-19,DLLC,Good Standing,CO,2095 Seven Arrow Dr,,Colorado Springs,CO,80915,,Colorado Springs
20268160429,The Folklore Major LLC,2026-09-19,DLLC,Good Standing,CO,1628 14th Street,Loft 5,Denver,CO,80202,,Denver
20268160433,James Stacey Media LLC,2026-09-19,DLLC,Good Standing,CO,7000 Steeple Chase Dr Apt 103,,Windsor,CO,80500,,Windsor
20268160440,Agentic Labs LLC,2026-09-19,DLLC,Good Standing,CO,3917 W 32ND AVE,unit 201,Denver,CO,80212,,Denver
20268160445,PB Real Estate Properties LLC,2026-09-19,DLLC,Good Standing,CO,5213 Fossil Ridge Dr,,Fort Collins,CO,80525,,Fort Collins
20268160452,"PeakFit, LLC",2026-09-19,DLLC,Good Standing,CO,14874 East 118th Avenue,,Brighton,CO,80603,,Brighton
20268160455,Denver Home Insider LLC,2026-09-19,DLLC,Good Standing,CO,"2000 S Colorado Blvd Tower 1, STE 2000-625",,Denver,CO,80222,,Denver
20268160457,AGRK HEATING LLC,2026-09-19,DLLC,Good Standing,CO,891 Troy St,,Aurora,CO,80011,,AURORA
20268160458,"AC Associates, LLC",2026-09-19,DLLC,Good Standing,CO,16341 Askins Loop,,Parker,CO,80134,Registered Agents Inc,Denver
20268160462,Fools Mercury LLC,2026-09-19,DLLC,Good Standing,CO,2870 Roslyn St,,Denver,CO,80238,,Denver
20268160463,Sniff & Summit LLC,2026-09-19,DLLC,Good Standing,CO,1990 Beeler St Apt 11,,Aurora,CO,80010,,Aurora
20268160468,Queenside Strategies Parking LLC,2026-09-19,DLLC,Good Standing,CO,12075 E 45th Ave. Suite 100 B,,Denver,CO,80239,"Queenside Strategies, LLC",Denver
20268160476,"Techno Creative Solutions, LLC",2026-09-19,DLLC,Good Standing,CO,6853 Snowbird Ter,,Colorado Springs,CO,80918,,Colorado Springs
20268160478,RCJ Construction LLC,2026-09-19,DLLC,Good Standing,CO,4040 Eaton Park St,,Aurora,CO,80019,,Aurora
20268160480,Local Form Ltd.,2026-09-19,DLLC,Good Standing,CO,517 Red Jewel Dr,,Windsor,CO,80550,,Windsor
20268160483,Gath Iolaire Limited,2026-09-19,DLLC,Good Standing,CO,272 east 7th avenue,c/o Abigail Snow,durango,CO,81301,,durango
20268160484,Mesa Card Supply llc,2026-09-19,DLLC,Good Standing,CO,3145 F 3/4 Rd,,Grand Junction,CO,81504,,Grand Junction
20268160485,Seven Five Four LLC,2026-09-19,DLLC,Good Standing,CO,210 S Galena St Ste 31,,Aspen,CO,81611,"Benjamin Genshaft, P.C.",Basalt
20268160486,MUNTZAM MART LLC,2026-09-19,DLLC,Good Standing,CO,1500 N GRANT ST STE 4503,,DENVER,CO,80203,Registered Agents Inc,Denver
20268160498,Selia Adult Day Program Inc,2026-09-19,DPC,Good Standing,CO,10630 E Bethany Dr.,Unit B,Aurora,CO,80014,,Greenwood Village
20268160505,RH Contracting&Services LLC,2026-09-19,DLLC,Good Standing,CO,2338 Nancy Gray Ave,,Fort Collins,CO,80525,,Fort Collins
20268160507,"Stephanie Ratner Therapy, LLC",2026-09-19,DLLC,Good Standing,CO,10901 W Toller Dr Ste 350,,Littleton,CO,80127,,Littleton
20268160511,"LaserBug Printing, LLC",2026-09-19,DLLC,Good Standing,CO,4425 Fountain Springs Grv Apt 171,,Colorado Springs,CO,80916,,Colorado Springs
20268160513,Spitefully Creative LLC,2026-09-19,DLLC,Good Standing,CO,1500 N Grant St Ste R,,Denver,CO,80203,Registered Agents Inc,Denver
20268160517,RS CO LLC,2026-09-19,FLLC,Good Standing,NJ,1500 N GRANT ST,Ste N,Denver,CO,80203,Northwest Registered Agent LLC,Denver
20268160518,"Alpha Kappa Alpha Sorority, Inc. Xi Eta Chapter",2026-09-19,DNC,Good Standing,CO,445 N Flat Rock St,,Aurora,CO,80018,,Aurora
20268160519,BG Collaborative LLC.,2026-09-19,DLLC,Good Standing,CO,13056 Mercury Dr,,Littleton,CO,80124,,Littleton
20268160520,"Creativyze, LLC",2026-09-19,DLLC,Good Standing,CO,17843 Pinon Park Rd,,Peyton,CO,80831,,Peyton
20268160529,YeYe Ranch LLC,2026-09-19,DLLC,Good Standing,CO,15327 Hillside Court,,Broomfield,CO,80023,,Broomfield
20268160532,Good Company Ltd.,2026-09-19,DLLC,Good Standing,CO,20406 E Sagewood Ln,,Parker,CO,80138,,Parker
20268160540,"AXYLLA, LLC",2026-09-19,DLLC,Good Standing,CO,14731 Juarez Rd,,Fort Garland,CO,81133,,Fort Garland
20268160548,Still Space Yoga LLC,2026-09-19,DLLC,Good Standing,CO,7880 W Caley Dr,,Littleton,CO,80123,,Littleton
20268160557,"Pete and Jenni's Farm, LLC",2026-09-19,DLLC,Good Standing,CO,22855 County Road 52E,,Steamboat Springs,CO,80487,,Steamboat Springs
20268160563,Denver Premier Limo LLC,2026-09-19,DLLC,Good Standing,CO,6844 S Ivy Way Apt 205,,Englewood,CO,80112,,Englewood
20268160566,High Divide Inspections LLC,2026-09-19,DLLC,Good Standing,CO,204 Saddlehorn Drive,,Fraser,CO,80442,,Fraser
20268160573,"The Tzannos Group, inc.",2026-09-19,DPC,Good Standing,CO,4725 W Quincy Ave Apt 905,,Denver,CO,80236,,Denver
20268160580,Temper Brands LLC,2026-09-19,DLLC,Good Standing,CO,1969 Denver West Dr Apt 1024,,Golden,CO,80401,,Golden
20268160581,Lakay Sol Enterprises L.L.C,2026-09-19,DLLC,Good Standing,CO,18121 E Hampden Ave Unit C PMB 1062,,Aurora,CO,80013,,Denver
20268160582,Grip Climbing LLC,2026-09-19,DLLC,Good Standing,CO,636 Shadowood Ct,,Grand Junction,CO,81505,,Grand Junction
20268160584,Luis Limousines LLC,2026-09-19,DLLC,Good Standing,CO,9567 Brentwood Way Unit A,,Broomfield,CO,80021,,Broomfield
20268160587,SprayFleet Rentals LLC,2026-09-19,DLLC,Good Standing,CO,7872 Guinness Way,,Colorado Springs,CO,80951,,Colorado Springs
20268160591,Writing Etc LLC,2026-09-19,DLLC,Good Standing,CO,4850 S Ammons St #958,,Denver,CO,80123,,Denver
20268160598,Percheron Painting LLC,2026-09-19,DLLC,Good Standing,CO,9974 Antelope Ravine Dr,,Colorado Springs,CO,80908,,Colorado Springs
20268160602,"746 748 South Bellflower Drive, LLC",2026-09-19,DLLC,Good Standing,CO,1718 Capitol Ave,,Cheyenne,WY,82001,"INCORP SERVICES, INC.",DENVER
20268160604,Happy Peak Homes LLC,2026-09-19,DLLC,Good Standing,CO,1919 S Winona Ct,,Denver,CO,80219,,Denver
20268160612,RD Construction Services LLC,2026-09-19,DLLC,Good Standing,CO,901 6530 RD UNIT 1031,,MONTROSE,CO,81401,,"MONTROSE, CO"
20268160613,"Oak Tree Fundraising, LLC",2026-09-19,DLLC,Good Standing,CO,1530 N Downing St Unit 207,,Denver,CO,80218,,Denver
20268160614,Drawbridge Technology Services LLC,2026-09-19,DLLC,Good Standing,CO,1500 N Grant St,Suite 5153,Denver,CO,80203,Registered Agents Inc,Denver
20268160616,Hot Hand Threads LLC,2026-09-19,DLLC,Good Standing,CO,2335 Broken Spur Ave,,Grand Junction,CO,81505,,Grand Junction
20268160617,Zivi's Farm LLC,2026-09-19,DLLC,Good Standing,CO,3398 Daydreamer Drive,,Colorado Springs,CO,80908,ENTITY PROTECT REGISTERED AGENT SERVICES LLC,Denver
20268160618,"Parcels of Land, LLC",2026-09-19,DLLC,Good Standing,CO,1718 Capitol Ave,,Cheyenne,WY,82001,"INCORP SERVICES, INC.",DENVER
20268160628,Quasar Limited,2026-09-19,DLLC,Good Standing,CO,8864 Moonshimmer Trl,,Littleton,CO,80125,,Littleton
20268160636,Outrider Health Inc.,2026-09-19,DPC,Good Standing,CO,7820 Inverness Blvd Unit 101,,Englewood,CO,80112,,Conifer
20268160637,PartyNMyHead Digital LLC,2026-09-19,DLLC,Good Standing,CO,1500 N Grant St Ste R,,Denver,CO,80203,Registered Agents Inc,Denver
20268160638,Out You Go LLC,2026-09-19,DLLC,Good Standing,CO,4875 Ricara Dr,,Boulder,CO,80303,,Boulder
20268160639,"Kale Candles and Serene Soaps, Ltd.",2026-09-19,DLLC,Good Standing,CO,3507 Donath Ave,,Loveland,CO,80538,,Loveland
20268160646,Beaded Beauty LLC,2026-09-19,DLLC,Good Standing,CO,516 Elmira St,,Aurora,CO,80010,,Aurora
20268160651,Elite Elevation Wellness LLC,2026-09-19,DLLC,Good Standing,CO,5375 Moffat rd,,Hartsel,CO,80449,,Hartsel
20268160655,All Terrain Landscaping LLC,2026-09-19,DLLC,Good Standing,CO,4471 Overton Rd,,Pueblo,CO,81008,,Pueblo
20268160660,LANDSMAN CONSULTING LLC,2026-09-19,DLLC,Good Standing,CO,56 N Ogden St,,Denver,CO,80218,,Denver
20268160661,RKS Investments LLC,2026-09-19,DLLC,Good Standing,CO,700 Ken Pratt Blvd Ste 206 PMB 173,,Longmont,CO,80501,,Niwot
20268160662,J & M Property Maintenance LLC,2026-09-19,DLLC,Good Standing,CO,10830 Arrowgrass Loop,,Peyton,CO,80831,,Peyton
20268160665,Operational Reset Group LLC,2026-09-19,DLLC,Good Standing,CO,4578 Tally Ho Trl,,Boulder,CO,80301,,Boulder
20268160668,Quanta 72 LLC,2026-09-19,DLLC,Good Standing,CO,2330 W Harvard Ave,,Englewood,CO,80110,,Englewood
20268160669,Kaaya Vacation Rentals L.L.C,2026-09-19,DLLC,Good Standing,CO,820 South Monaco Pkwy #196,,Denver,CO,80224,,Denver
20268160684,"Chrisoff Aviation, LLC",2026-09-19,DLLC,Good Standing,CO,185 Bellevue Dr,,Boulder,CO,80302,"HAUPTMAN, LLC",Denver
20268160691,"DIVINE SEAMOSS, INC.",2026-09-19,DPC,Good Standing,CO,5110 S King Dr,1802,Chicago,IL,60615,"CORPORATE SERVICE CENTER, INC.",Denver
20268160692,Talauliker LLC,2026-09-19,DLLC,Good Standing,CO,1500 N Grant St Ste R,,Denver,CO,80203,Registered Agents Inc,Denver
20268160695,Sterling Commercial Cleaning LLC,2026-09-19,DLLC,Good Standing,CO,6700 E 61st Pl,,Commerce City,CO,80022,,Commerce City
20268160699,Digital Peaks Aerial Technologies LLC,2026-09-19,DLLC,Good Standing,CO,9736 County Road 52,,Milliken,CO,80543,,Milliken
20268160706,Beauty Alchemy LLC,2026-09-19,DLLC,Good Standing,CO,2305 E Harvard Ave Apt 2,,Denver,CO,80210,,Denver
20268160707,KJ's Gaming LLC,2026-09-19,DLLC,Good Standing,CO,1620 S Granby St,,Aurora,CO,80012,,Aurora
20268160719,MILAGROS CARPET LLC,2026-09-19,DLLC,Good Standing,CO,1549 Nome St Apt 103,,Aurora,CO,80010,,Aurora
20268160730,Canticle & Dove LLC,2026-09-19,DLLC,Good Standing,CO,1500 N Grant St Ste R,,Denver,CO,80203,Registered Agents Inc,Denver
20268160740,"OneSend, Inc.",2026-09-19,FPC,Good Standing,DE,1295 S Grape St,,Denver,CO,80246,,Denver
20268160747,Bits and Bobs Coffee and Games LLC,2026-09-19,DLLC,Good Standing,CO,225 E 8th Ave Apt E20,,Longmont,CO,80504,,Longmont
20268160756,Barela FM Investments LLC,2026-09-19,DLLC,Good Standing,CO,808 Reese Street,,Silverton,CO,81433,,Silverton
20268160762,SUPIC LLC,2026-09-19,DLLC,Good Standing,CO,2202 W Plum St Apt N79,,Fort Collins,CO,80521,,Fort Collins
20268160763,Mushroom Mountain Therapy LLC,2026-09-19,DLLC,Good Standing,CO,11701 Washington St Apt 205,,Northglenn,CO,80233,,Silverthorne
20268160764,"Pathway Medical, P.A.",2026-09-19,FO,Good Standing,FL,4301 W William Cannon Dr,Ste B-150 #285,Austin,TX,78749,Discern Registered Agent Inc.,Denver
20268160771,Pro~Net Communications LLC,2026-09-19,DLLC,Good Standing,CO,611 North 9th Street,,Rocky Ford,CO,81067,,Rocky Ford
20268160782,"Fourth Turning Capital Management, LLC",2026-09-19,DLLC,Good Standing,CO,6605 Pickney Rd,,Rye,CO,81069,,Rye
20268160788,CHIQUITIN CONSTRUCTION LLC,2026-09-19,DLLC,Good Standing,CO,3138 W Custer Pl,,Denver,CO,80219,,DENVER
20268160798,Mountain Goat Roofing LLC,2026-09-19,DLLC,Good Standing,CO,2145 S Corona Ave,,Colorado Springs,CO,80905,,Colorado Springs
20268160805,National Association to Stop Guardian Abuse Inc,2026-09-19,FPC,Good Standing,IN,402 Walker St.,,Loogootee,IN,47553,,Denver
20268160823,Cameron Comfort LLC,2026-09-19,DLLC,Good Standing,CO,1408 Kent Ave,,Montrose,CO,81401,,Montrose
20268160827,Isamor Testing LLC,2026-09-19,DLLC,Good Standing,CO,29247 County Road 388,,Kersey,CO,80644,,Kersey
20268160830,"Float, LLC",2026-09-19,DLLC,Good Standing,CO,10119 E 25th Dr,,Aurora,CO,80010,,Aurora
20268160831,Bits LLC,2026-09-19,DLLC,Good Standing,CO,221 Eureka St,,Central City,CO,80427,,Central City
20268160833,JLMU Handy Man Services LLC,2026-09-19,DLLC,Good Standing,CO,4385 Hoyt St Apt 203,,Wheat Ridge,CO,80033,,Wheat Ridge
20268160836,Excel Foundation,2026-09-19,DNC,Good Standing,CO,4164 Austin Bluffs Pkwy PMB 130,,Colorado Springs,CO,80918,,Colorado Springs
20268160838,ForeDeep LLC,2026-09-19,DLLC,Good Standing,CO,531 Sky Trail Rd,,Boulder,CO,80302-9493,,Boulder
20268160840,Franks Pro Parts Services LLC,2026-09-19,DLLC,Good Standing,CO,61493 Highway 90,,Montrose,CO,81403,,Montrose
20268160841,Harmony Trade Limited,2026-09-19,DLLC,Good Standing,CO,409 N Cascade Ave Apt 301,,Colorado Springs,CO,80903,,Colorado Springs
20268160842,Annabelle Health LLC,2026-09-19,DLLC,Good Standing,CO,204 2nd Ct,,Lyons,CO,80540,,Lyons
20268160848,OneSource Refresh LLC,2026-09-19,FLLC,Good Standing,ND,3503 Long Branch Ave,,Williston,ND,58801,Rocky Mountain RA LLC,Denver
20268160854,Peakmex LLC,2026-09-19,DLLC,Good Standing,CO,1500 N Grant St STE 37465,,Denver,CO,80203,Registered Agents Inc,Denver
20268160855,Method Movements LLC,2026-09-19,DLLC,Good Standing,CO,8801 Ithaca Way,,Westminster,CO,80031,,Westminster
20268160859,Primevora Global LLC,2026-09-19,DLLC,Good Standing,CO,1500 N Grant St STE 36456,,Denver,CO,80203,Registered Agents Inc,Denver
20268160861,MEKKO Infrastructure & Consulting Group,2026-09-19,FPC,Good Standing,OK,2000 Arapahoe Street,Ste #104,Denver,CO,80205,,Aurora
20268160870,Misti Cleaning Services LLC,2026-09-19,DLLC,Good Standing,CO,32700 US Highway 6 Spc 119,,Edwards,CO,81632,,Edwards
20268160873,Lightspoken LLC,2026-09-19,DLLC,Good Standing,CO,156 Washington St,,Erie,CO,80516,,Erie
20268160874,CLAllan LLC,2026-09-19,DLLC,Good Standing,CO,640 Mineral Ct,,Fruita,CO,81521,,Fruita
20268160875,"Eclipse Fab, LLC",2026-09-19,DLLC,Good Standing,CO,12251 Strasburg Rd,,Strasburg,CO,80136,,Strasburg
20268160878,The Bake Shack LLC,2026-09-19,DLLC,Good Standing,CO,10055 Park Meadows Dr Apt 307,,Lone Tree,CO,80124,,Lone Tree
20268160882,GOYUR DATA LTD,2026-09-19,DPC,Good Standing,CO,707 17th St,,Denver,CO,80202,Registration Agent Corporation,Denver
20268160884,Simplified Home by Toni Greco LLC,2026-09-19,DLLC,Good Standing,CO,50 Frontier Pl,,Longmont,CO,80501,,Longmont
20268160887,VistaPay Ltd,2026-09-19,DPC,Good Standing,CO,1999 Broadway Ste 4300,,Denver,CO,80202,Registration Agent Corporation,Denver
20268160897,ArchiveForge LLC,2026-09-19,DLLC,Good Standing,CO,118 Creekside Ln,,Colorado Springs,CO,80906,,Colorado Springs
20268160912,Radiant Grace LLC,2026-09-19,DLLC,Good Standing,CO,12560 FOREST DR,,THORNTON,CO,80241,,THORNTON
20268160914,Celveon Skin Science LLC,2026-09-19,DLLC,Good Standing,CO,3201 S Sherman St Apt 2,,Englewood,CO,80113,,Englewood
20268160924,Pristine Relocating & Services LLC,2026-09-19,DLLC,Good Standing,CO,165 Peregrine Cir,,Broomfield,CO,80020,,Broomfield
20268160929,Account Solution LLC,2026-09-19,DLLC,Good Standing,CO,13643 E Yale Ave Unit A,,Aurora,CO,80014,,Aurora
20268160943,Pioneer Leather LLC,2026-09-19,DLLC,Good Standing,CO,35 Larkspur Place,,Parachute,CO,81635,,Parachute
20268160951,Cozy Cookies LLC,2026-09-19,DLLC,Good Standing,CO,1660 Peterson Rd,,Colorado Springs,CO,80915,,Pueblo
20268160955,Riddle Health Consulting LLC,2026-09-19,DLLC,Good Standing,CO,1113 Alder Way,,Longmont,CO,80503,,Longmont
20268160958,ShowUp LLC,2026-09-19,DLLC,Good Standing,CO,5300 E Weaver Dr,,Centennial,CO,80121,,Centennial
20268160960,Hatton & Co. LLC,2026-09-19,DLLC,Good Standing,CO,110 16th Street Suite 1460,,Denver,CO,80202,Rocky Mountain RA LLC,Denver
20268160961,The True Bearing LLC,2026-09-19,DLLC,Good Standing,CO,25331 E Ottawa Dr,,Aurora,CO,80016,,Aurora
20268160964,Sparky's Retail LLC,2026-09-19,DLLC,Good Standing,CO,3109 S Academy Blvd,,Colorado Springs,CO,80916,,Colorado Springs
20268160965,YSHeroyStudio Inc,2026-09-19,DPC,Good Standing,CO,9800 Mount Pyramid Court Suite 600,,Englewood,CO,80112,Registered Agents Inc,Denver
20268160966,JZJewelryStudio Inc,2026-09-19,DPC,Good Standing,CO,789 Sherman St. Suite 230,,Denver,CO,80203,Registered Agents Inc,Denver
20268160967,TAMSUI INTERNATIONAL TRADING INC,2026-09-19,DPC,Good Standing,CO,1500 N GRANT ST STE R,,DENVER,CO,80203,Registered Agents Inc,Denver
20268160970,YQYCouldStudio Inc,2026-09-19,DPC,Good Standing,CO,10233 South Parker Road,Suite 390,Parker,CO,80134,Registered Agents Inc,Denver
20268160973,4485 Penn LLC,2026-09-19,DLLC,Good Standing,CO,1101 Bellaire St Apt 108,,Denver,CO,80220,,Denver
20268160984,Unikey Ltd,2026-09-19,DPC,Good Standing,CO,1050 17th St,,Denver,CO,80202,Registered Agents Inc,Denver
20268160985,LCW Innovation Group LLC,2026-09-19,DLLC,Good Standing,CO,6302 Twilight Ave,,Firestone,CO,80504,,Firestone
20268160994,Unikey Foundation,2026-09-19,DNC,Good Standing,CO,950 17th St,,Denver,CO,80202,Registered Agents Inc,Denver
20268161005,PUJA HOSPITALITY LLC,2026-09-19,DLLC,Good Standing,CO,3555 Rialto Hts Apt 323,323,Colorado Springs,CO,80907,,Colorado Springs
20268161013,Cherry Mae LLC,2026-09-19,DLLC,Good Standing,CO,3498 Bivy Pt,,Colorado Springs,CO,80907,,Colorado Springs
20268161017,Steamboat Precision Rifle LLC,2026-09-19,DLLC,Good Standing,CO,"7853 E Arapahoe Court, Unit 3600",,Centennial,CO,80112,,Centennial
20268161018,Epoxy Empire Enterprises LLC,2026-09-19,DLLC,Good Standing,CO,2219 N Circle Drive,,Springs,CO,80909,,Springs
20268161023,"DAM Good Travel, LLC",2026-09-19,DLLC,Good Standing,CO,2093 Selenite Ct,,Castle Rock,CO,80108,,Castle Rock
20268161027,Friends of Air Force Lacrosse Inc.,2026-09-19,DNC,Good Standing,CO,152 New York Mountian Rd,Xpo 4289,Eagle,CO,81631,"UNITED STATES CORPORATION AGENTS, INC.",Greenwood Village
20268161029,M-A-S LLC,2026-09-19,DLLC,Good Standing,CO,12703 E Wyoming Pl,,Aurora,CO,80012,,Aurora
20261536561,Blue Haven Woodworking LLC,2026-09-18,DLLC,Good Standing,CO,242 Vialpando St,,Brighton,CO,80601,,Brighton
20268108132,"Arity Mobility Solutions, LLC",2026-09-18,FLLC,Good Standing,DE,222 W. Merchandise Mart Plaza,Suite 875,Chicago,IL,60654,C T CORPORATION SYSTEM,Centennial
20268115577,LeftLingo LLC,2026-09-18,DLLC,Good Standing,CO,1920 Bridge Ln Unit 9A,,Steamboat Springs,CO,80487,,Steamboat Springs
20268117199,"Market Foundry, LLC",2026-09-18,DLLC,Good Standing,CO,1312 17th St,,Denver,CO,80202,CORPORATION SERVICE COMPANY,Littleton
20268142714,Barks and Parks LLC,2026-09-18,DLLC,Good Standing,CO,5995 W Hampden Ave Unit J23,,Denver,CO,80227,,Denver
20268154716,Colorado VolleyConnect LLC,2026-09-18,DLLC,Good Standing,CO,25040 Longhorn Trl,,Ramah,CO,80832,,Ramah
20268156551,SummitVita INC,2026-09-18,DPC,Good Standing,CO,18121 E Hampden Ave Unit C #1267,,Aurora,CO,80013,Global Accounting service inc.,Aurora
20268156553,MSFC Sourcing & Trade LLC,2026-09-18,DLLC,Good Standing,CO,90 Christopher Columbus Dr Apt 3404,,Jersey City,NJ,07302,Registered Agents Inc,Denver
20268156556,RockyVita INC,2026-09-18,DPC,Good Standing,CO,18121 E Hampden Ave Unit C #1267,,Aurora,CO,80013,Global Accounting service inc.,Aurora
20268156558,ColumbineVita INC,2026-09-18,DPC,Good Standing,CO,18121 E Hampden Ave Unit C #1267,,Aurora,CO,80013,Global Accounting service inc.,Aurora
20268156560,"Bongolo Friends, Inc.",2026-09-18,FNC,Good Standing,IN,250 E. Ohio Street,,Pittsburgh,PA,15212,Registered Agents Inc,Denver
20268156563,AquamarineVita INC,2026-09-18,DPC,Good Standing,CO,18121 E Hampden Ave Unit C #1267,,Aurora,CO,80013,Global Accounting service inc.,Aurora
20268156567,AMB Stores LLC,2026-09-18,DLLC,Good Standing,CO,221 W 9th St,,Wilmington,DE,19801,Registered Agents Inc,Denver
20268156576,NatureVital INC,2026-09-18,DPC,Good Standing,CO,18121 E Hampden Ave Unit C #1267,,Aurora,CO,80013,Global Accounting service inc.,Aurora
20268156583,Summitize INC,2026-09-18,DPC,Good Standing,CO,18121 E Hampden Ave Unit C #1267,,Aurora,CO,80013,Global Accounting service inc.,Aurora
20268156587,Summit Ridge Property Solutions LLC,2026-09-18,DLLC,Good Standing,CO,4201 E 131st Pl,,Thornton,CO,80241,,Thornton
20268156593,"DREAM COUTURE, LLC",2026-09-18,DLLC,Good Standing,CO,3499 Cowes Mews,,Woodbridge,VA,22193,"CORPORATE SERVICE CENTER, INC.",Denver
20268156602,FINCUT BRD LLC,2026-09-18,DLLC,Good Standing,CO,1500 N Grant St,Ste N,Denver,CO,80203,Northwest Registered Agent LLC,Denver
20268156603,DUANBINGYANRK LLC,2026-09-18,DLLC,Good Standing,CO,21652 E ALAMO PL,,CENTENNIAL,CO,80015,ALIKGARG LLC,ELIZABETH
20268156604,WellDock INC,2026-09-18,DPC,Good Standing,CO,18121 E Hampden Ave Unit C #1267,,Aurora,CO,80013,Global Accounting service inc.,Aurora
20268156606,Merovix Group LLC,2026-09-18,DLLC,Good Standing,CO,1500 N GRANT ST STE R,,DENVER,CO,80203,Registered Agents Inc,Denver
20268156611,Edwards Juniper BKL LLC,2026-09-18,DLLC,Good Standing,CO,101 S 7th St,,Lamar,CO,81052,Colorado Official Registered Agent LLC,Denver
20268156612,Pacific Rim Goods INC,2026-09-18,DPC,Good Standing,CO,18121 E Hampden Ave Unit C #1267,,Aurora,CO,80013,Global Accounting service inc.,Aurora
20268156617,SSQ Trade INC,2026-09-18,DPC,Good Standing,CO,1109 Palmer Ave,,Pueblo,CO,81004,Colorado Official Registered Agent LLC,Denver
20268156618,Veris Forge Inc,2026-09-18,DPC,Good Standing,CO,47 Cooper Creek Way Unit 225,,Winter Park,CO,80482,Registered Agents Inc,Denver
20268156621,Astra Kestrel Inc,2026-09-18,DPC,Good Standing,CO,318 Elk Ave #15,,Crested Butte,CO,81224,Registered Agents Inc,Denver
20268156624,Veloce Logic Inc,2026-09-18,DPC,Good Standing,CO,7501 Village Square Dr #106,,Castle Pines,CO,80108,Registered Agents Inc,Denver
20268156629,Veros Zenith Inc,2026-09-18,DPC,Good Standing,CO,5660 Greenwood Plaza Blvd #410,,Greenwood Village,CO,80111,Registered Agents Inc,Denver
20268156633,Barn Owl LLC,2026-09-18,DLLC,Good Standing,CO,730 17th St Ste 900,,Denver,CO,80202,"9179 Hunter St, LLC",Denver
20268156640,Coleman Enterprises LLC,2026-09-18,DLLC,Good Standing,CO,221 W 9th St,,Wilmington,DE,19801,Registered Agents Inc,Denver
20268156647,"OCEANLINK TRADING CO., LTD",2026-09-18,DPC,Good Standing,CO,"1500 N GRANT ST, STE R",,DENVER,CO,80203,Registered Agents Inc,Denver
20268156650,Internal Dialogue Productions LLC,2026-09-18,DLLC,Good Standing,CO,3005 S Elati St,,Englewood,CO,80110,,Englewood
20268156651,IBL FINANCE LLC,2026-09-18,DLLC,Good Standing,CO,1500 N Grant St,Ste N,Denver,CO,80203,Northwest Registered Agent LLC,Denver
20268156672,NOCTURNE FALLS LLC,2026-09-18,DLLC,Good Standing,CO,1261 RESERVE DR,,LONGMONT,CO,80504,CloudSheet V LLC,Denver
20268156677,EMBERLEAF LLC,2026-09-18,DLLC,Good Standing,CO,2721 s Yates street,,Denver,CO,80236,SilkSoft Towel Industries G LLC,Denver
20268156679,GLACIER GATE LLC,2026-09-18,DLLC,Good Standing,CO,303 Oriole Road,,FLORENCE,CO,81226,ForgeMate G LLC,Denver
20268156682,FOXGLOVEA LLC,2026-09-18,DLLC,Good Standing,CO,19244 E Downy Creek Pl,,PARKER,CO,80134,SilkSoft Towel Industries G LLC,Denver
20268156687,SABLE CREEKW LLC,2026-09-18,DLLC,Good Standing,CO,2117 Driftwood Ln,,Pueblo,CO,81005,CloudSheet V LLC,Denver
20268156693,Veyra AI LTD,2026-09-18,DPC,Good Standing,CO,300 Nickel St Ste 11 PMB 1063,,Broomfield,CO,80020,VICTORY HUB SECRETARIAL LIMITED,Broomfield
20268156696,Cascading Phone Sales LLC,2026-09-18,DLLC,Good Standing,CO,6300 W 13th Ave Apt 360,,Lakewood,CO,80214,,Lakewood
20268156698,The Ruffed Grouse Society,2026-09-18,FNC,Good Standing,VA,100 High Tower Blvd Ste 101,,Pittsburgh,PA,15205,Registered Agents Inc,Denver
20268156707,Calico Hearts Rescue Co.,2026-09-18,DNC,Good Standing,CO,617 1/2 Holland St,,Clifton,CO,81520,,Clifton
20268156709,SENABOOKS LLC,2026-09-18,DLLC,Good Standing,CO,1500 N Grant St,Ste N,Denver,CO,80203,Northwest Registered Agent LLC,Denver
20268156712,Quantum Veda Ai Solutions LLC,2026-09-18,DLLC,Good Standing,CO,1500 N GRANT ST STE R,,DENVER,CO,80203,Registered Agents Inc,Denver
20268156717,Corvexis Plot LLC,2026-09-18,DLLC,Good Standing,CO,7138 Mount Adams St,,Wellington,CO,80549,Registered Agents Inc,Denver
20268156721,Yorkstead Systems LLC,2026-09-18,DLLC,Good Standing,CO,1135 Wright St,,Golden,CO,80401,,Golden
20268156736,Livingston Instruments LLC,2026-09-18,DLLC,Good Standing,CO,3086 Laminar Dr,,Timnath,CO,80547,,Timnath
20268156761,meFive LLC,2026-09-18,DLLC,Good Standing,CO,716 SCHOOLSIDE ST,G,GYPSUM,CO,81637,,Gypsum
20268156766,"GEORIOT NETWORKS, INC.",2026-09-18,FPC,Good Standing,WA,2320 S Spokane St,,Seattle,WA,98144,Registered Agents Inc,Denver
20268156767,Zemvnex Commerce Inc,2026-09-18,DPC,Good Standing,CO,1500 N GRANT ST #4701,,DENVER,CO,80203,Registered Agents Inc,Denver
20268156797,Mrivin LLC,2026-09-18,DLLC,Good Standing,CO,17850 E Baltic Pl,,Aurora,CO,80013,Casa Cueva Investments LLC,Durango
20268156816,Hapnh Commerce Inc,2026-09-18,DPC,Good Standing,CO,1500 N GRANT ST #5722,,DENVER,CO,80203,Registered Agents Inc,Denver
20268156822,Nyvok LLC,2026-09-18,DLLC,Good Standing,CO,1231 Gumwood Dr,,Colorado Springs,CO,80906,Cueto Limo Car Service LLC,Colorado Springs
20268156828,Ginko Grove LLC,2026-09-18,DLLC,Good Standing,CO,12609 NE 13th Ave,,Vancouver,WA,98685,ZenBusiness Inc.,Denver
20268156836,CrossVital INC,2026-09-18,DPC,Good Standing,CO,1500 N Grant St Unit 529,,Denver,CO,80203,Registered Agents Inc,Denver
20268156846,Oplex LLC,2026-09-18,DLLC,Good Standing,CO,7770 Teller St,,Arvada,CO,80003,"Medi*Cue, LLC",Coaldale
20268156851,Ninth Pillar LLC,2026-09-18,DLLC,Good Standing,CO,1940 Broadway,Suite 314C,Boulder,CO,80302,ColoradoDocs LLC,Denver
20268156856,NZFULLLICENCE INC,2026-09-18,DPC,Good Standing,CO,1500 N Grant St Unit 532,,Denver,CO,80203,Registered Agents Inc,Denver
20268156867,285homeinspections LLC,2026-09-18,DLLC,Good Standing,CO,5034 County Road 64,,Bailey,CO,80421,,Bailey
20268156870,Pryvin LLC,2026-09-18,DLLC,Good Standing,CO,1228 Pine St,,Pueblo,CO,81004,La Cueva del Ahorro LLC,Evans
20268156872,NZIDP INC,2026-09-18,DPC,Good Standing,CO,1500 N Grant St Unit 639,,Denver,CO,80203,Registered Agents Inc,Denver
20268156887,Ropex LLC,2026-09-18,DLLC,Good Standing,CO,6054 S Akron Way,,Greenwood Village,CO,80111,KM Cue Works LLC,Denver
20268156888,KANT Office LLC,2026-09-18,DLLC,Good Standing,CO,1940 Broadway,Suite 314C,Boulder,CO,80302,ColoradoDocs LLC,Denver
20268156904,Sryvok LLC,2026-09-18,DLLC,Good Standing,CO,7909 Horizon Dr,,Colorado Springs,CO,80920,Cuerno Verde Productions LLC,Rye
20268156905,Bourquin Contract Controlling LLC,2026-09-18,DLLC,Good Standing,CO,1610 Little Raven Street,PH5,Denver,CO,80202,,Denver
20268156910,LvL Up Coaching Texas LLC,2026-09-18,FLLC,Good Standing,TX,33 Hibury Court,,Houston,TX,77024,Telos Legal Corp.,Centennial
20268156915,ABV Agency,2026-09-18,FO,Good Standing,GA,1206 Metropolitan Ave SE,,Atlanta,GA,30316,Registered Agents Inc,Denver
20268156922,Allen Key Services LLC,2026-09-18,DLLC,Good Standing,CO,1800 Washington Avenue,,Golden,CO,80401,ZenBusiness Inc.,Denver
20268156931,SpeakFrame LLC,2026-09-18,DLLC,Good Standing,CO,13981 E Oxford Pl,,Aurora,CO,80014,,Aurora
20268156953,Casillas Home Works Limited Liability Company,2026-09-18,DLLC,Good Standing,CO,760 Vivian St,,Golden,CO,80401,ZenBusiness Inc.,Denver
20268156971,Coolish Crafts LLC,2026-09-18,DLLC,Good Standing,CO,8222 S Emerson Way,,Littleton,CO,80122,"UNITED STATES CORPORATION AGENTS, INC.",Greenwood Village
20268156984,Blue Butterfly Threads LLC,2026-09-18,DLLC,Good Standing,CO,12567 Forest View Street,,Broomfield,CO,80020,ZenBusiness Inc.,Denver
20268156991,Circle Jan TH LLC,2026-09-18,FLLC,Good Standing,IL,"210 Skokie Valley Rd, Suite A",,Highland Park,IL,60035,"URS Agents, LLC.",Centennial
20268157006,ARTIE'S BIZ E BOOKS LLC,2026-09-18,DLLC,Good Standing,CO,1490 Trenton Street,305,Denver,CO,80220,ZenBusiness Inc.,Denver
20268157011,ShopPrime LLC,2026-09-18,DLLC,Good Standing,CO,1500 N Grant St Ste 11927,,Denver,CO,80203,Registered Agents Inc,Denver
20268157017,SnapGlow Photo Booths INC,2026-09-18,DPC,Good Standing,CO,459 S Banner St,,Elizabeth,CO,80107,Guangyu E - Commerce INC,Pueblo
20268157020,Gamez Global LLC,2026-09-18,DLLC,Good Standing,CO,3528 Holly St,,Frederick,CO,80516,,Frederick
20268157033,SAS FINANCIAL SERVICES LLC,2026-09-18,DLLC,Good Standing,CO,609 S Cascade Ave Apt 527,,Colorado Springs,CO,80903,,Colorado Springs
20268157037,Lenny Joshua Corporation,2026-09-18,DPC,Good Standing,CO,18121 E Hampden Ave #738,,Aurora,CO,80013,CONNALLY JACOB LLC,Colorado Springs
20268157038,"DSS MEDIA, LLC",2026-09-18,DLLC,Good Standing,CO,1500 N Grant St Ste R,,Denver,CO,80203,Registered Agents Inc,Denver
20268157053,Accurix Estimating LLC,2026-09-18,DLLC,Good Standing,CO,1500 N GRANT ST #11331,,DENVER,CO,80203,Registered Agents Inc,Denver
20268157061,Willow and Tui LLC,2026-09-18,DLLC,Good Standing,CO,6400 S. Fiddlers Green Circle,Suite 1150,Greenwood Village,CO,80111,"Registered Agent Solutions, Inc.",Centennial
20268157067,Stephen Ross Photography LLC,2026-09-18,DLLC,Good Standing,CO,2000 Devereux Rd,,Glenwood Springs,CO,81601,,Glenwood Springs
20268157075,Seam Line Solutions LLC,2026-09-18,DLLC,Good Standing,CO,2505 Stratton Forest Hts,,Colorado Springs,CO,80906,,Colorado Springs
20268157097,ORR DONNA LLC,2026-09-18,DLLC,Good Standing,CO,2525 Arapahoe Ave #6382,,Boulder,CO,80302,CONNALLY JACOB LLC,Colorado Springs
20268157114,The Property Sage LLC,2026-09-18,DLLC,Good Standing,CO,1500 N Grant St,Ste N,Denver,CO,80203,Northwest Registered Agent LLC,Denver
20268157131,MEYER DONNA LLC,2026-09-18,DLLC,Good Standing,CO,300 Nickel St #3738,,Broomfield,CO,80020,CONNALLY JACOB LLC,Colorado Springs
20268157146,The Department of Care LLC,2026-09-18,DLLC,Good Standing,CO,17032 W 11th Pl,,Golden,CO,80401,,Golden
20268157170,BURLESON JILL LLC,2026-09-18,DLLC,Good Standing,CO,834-F S Perry Street #7484,,Castle Rock,AZ,80104,CONNALLY JACOB LLC,Colorado Springs
20268157177,C. M. Maelstrom LLC,2026-09-18,DLLC,Good Standing,CO,3808 Partridge Ct,,Evans,CO,80620,,Evans
20268157183,R&R Alchemy LLC,2026-09-18,DLLC,Good Standing,CO,8288 S Xenia Ct,,Centennial,CO,80112,,Centennial
20268157194,Bathory Labs LLC,2026-09-18,DLLC,Good Standing,CO,7225 Inca St,,Denver,CO,80221,,Denver
20268157202,Mountain Signal Environmental LLC,2026-09-18,DLLC,Good Standing,CO,1500 N Grant St,Ste N,Denver,CO,80203,Northwest Registered Agent LLC,Denver
20268157223,2246 Washington LLC,2026-09-18,DLLC,Good Standing,CO,395 Bellaire St,,Denver,CO,80220,,Denver
20268157254,CNC Auto & Fab LLC,2026-09-18,DLLC,Good Standing,CO,1551 Independent Ave,,Grand Junction,CO,81505,,Grand Junction
20268157263,"WCFLP RE WR Cabin, LP",2026-09-18,FLP,Good Standing,TX,1700 Pacific Avenue,Suite 1200,Dallas,TX,75201,"CAPITOL CORPORATE SERVICES, INC.",BRIGHTON
20268157265,Majority Forward Foundation,2026-09-18,FPC,Good Standing,DC,1032 15th St NW Ste 247,,Washington,DC,20005,CORPORATE CREATIONS NETWORK INC.,Loveland
20268157270,Alpine Land Services LLC,2026-09-18,DLLC,Good Standing,CO,15269 W 68th Pl,,Arvada,CO,80007,,Arvada
20268157275,County Health Pool LLC,2026-09-18,DLLC,Good Standing,CO,7905 Lowell Blvd Apt A,,Westminster,CO,80030,Registered Agents Inc,Denver
20268157288,"The American Radio Relay League, Incorporated",2026-09-18,FNC,Good Standing,CT,225 Main Street,,Newington,CT,06111,"INCORP SERVICES, INC.",DENVER
20268157295,Blacklee LLC,2026-09-18,DLLC,Good Standing,CO,1115 acoma st,Unit 210,Denver,CO,80204,,Denver
20268157304,Robinson Consulting LLC,2026-09-18,DLLC,Good Standing,CO,16464 Golden Sun Way,,Monument,CO,80132,,Monument
20268157306,AMRX Aerospace LLC,2026-09-18,DLLC,Good Standing,CO,5765 Taxi Way,,Colorado Springs,CO,80916,,Colorado Springs
20268157307,Beach Bradley LLC CO,2026-09-18,DLLC,Good Standing,CO,1013 BRYNN DR,,WINDER,GA,30680,"Backcountry Journeys Photography Tours, Workshops & Safaris LLC",Denver
20268157314,"Garth Cumpston CPA, PLLC",2026-09-18,DLLC,Good Standing,CO,71 Leafy Aster Ln,,Castle Rock,CO,80104,,Castle Rock
20268157315,"DEALER NORTH ENTERPRISES, LLC",2026-09-18,DLLC,Good Standing,CO,10610 W 7th Pl Apt 3,,Lakewood,CO,80215,,Lakewood
20268157316,Global Solution Services LLC,2026-09-18,DLLC,Good Standing,CO,1500 N GRANT ST STE #7688,,DENVER,CO,80203,Registered Agents Inc,Denver
20268157321,Kobe LLC CO,2026-09-18,DLLC,Good Standing,CO,2811 N COOK ST,,DENVER,CO,80205,"Backcountry Journeys Photography Tours, Workshops & Safaris LLC",Denver
20268157339,vdrdbd LLC CO,2026-09-18,DLLC,Good Standing,CO,703 Lochnell Dr,,Houston,TX,77062,PERFECT FIGURE LLC,Denver
20268157345,Poe Ryan LLC CO,2026-09-18,DLLC,Good Standing,CO,313 Neely Wingard Rd,,Gilbert,SC,29054,"Backcountry Journeys Photography Tours, Workshops & Safaris LLC",Denver
20268157355,Lifenet International,2026-09-18,FNC,Good Standing,DC,1712 N St NW Ste 401,,Washington,DC,20036,Registered Agents Inc,Denver
20268157357,"A Just Doors, INC",2026-09-18,DPC,Good Standing,CO,2824 Antelope Rd,,Fort Collins,CO,80525,,Fort Collins
20268157360,edrgerg LLC CO,2026-09-18,DLLC,Good Standing,CO,703 Lochnell Dr,,Houston,TX,77062,PERFECT FIGURE LLC,Denver
20268157376,"Desic Labs, LLC",2026-09-18,DLLC,Good Standing,CO,44 Grove Ln,,Breckenridge,CO,80424,,Breckenridge
20268157377,Bright Spark Impact LLC,2026-09-18,DLLC,Good Standing,CO,1041 Troy St,,Aurora,CO,80011,,Aurora
20268157393,Smelly Cat Investments LLC,2026-09-18,FLLC,Good Standing,TX,4 Baltusrol Drive,,Amarillo,TX,79124-7846,Registered Agents Inc,Denver
20268157400,Natural Pivot LLC,2026-09-18,DLLC,Good Standing,CO,7887 East Belleview Ave. Suite 1100A PMB 1403,,Denver,CO,80111,ENTITY PROTECT REGISTERED AGENT SERVICES LLC,Denver
20268157401,Acevedo Gustavo LLC CO,2026-09-18,DLLC,Good Standing,CO,1013 BRYNN DR,,WINDER,GA,30680,"Backcountry Journeys Photography Tours, Workshops & Safaris LLC",Denver
20268157425,4 Sons Towing LLC,2026-09-18,DLLC,Good Standing,CO,7116 Boreal Dr,,Colorado Springs,CO,80915,,Colorado Springs
20268157426,Classy Lassie Silver Co. LLC,2026-09-18,DLLC,Good Standing,CO,24445 RCR 15,,Yampa,CO,80483,,Yampa
20268157432,Summit STR LLC,2026-09-18,DLLC,Good Standing,CO,703 S Hancock Ave,,Colorado Springs,CO,80903,Proper Ties Holdings Inc.,Colorado Springs
20268157439,Hidden acres LLC,2026-09-18,DLLC,Good Standing,CO,1580 N Logan St Ste 660 #625317,,Denver,CO,80203,"UNITED STATES CORPORATION AGENTS, INC.",Greenwood Village
20268157448,StyleStation LLC,2026-09-18,DLLC,Good Standing,CO,10255 E 25th Ave Ste 14,Swt,Aurora,CO,80010,,Westminister
20268157455,"B-ALL-IN Outdoors Foundation, Inc.",2026-09-18,DNC,Good Standing,CO,3788 Sunridge Terrace Dr,,Castle Rock,CO,80109,,Castle Rock
20268157474,JASON HORNE LLC CO,2026-09-18,DLLC,Good Standing,CO,1013 BRYNN DR,,WINDER,GA,30680,"Backcountry Journeys Photography Tours, Workshops & Safaris LLC",Denver
20268157488,Morales Blue Sky Cleaning LLC,2026-09-18,DLLC,Good Standing,CO,7030 Wild Acres #7,,Alamosa,CO,81101,,Alamosa
20268157492,Rey Fuentes LLC CO,2026-09-18,DLLC,Good Standing,CO,1013 BRYNN DR,,WINDER,GA,30680,"Backcountry Journeys Photography Tours, Workshops & Safaris LLC",Denver
20268157493,"Ridgeline Pilot Services, LLC",2026-09-18,DLLC,Good Standing,CO,4141 Marblehead Pl,,Castle Rock,CO,80109,,Castle Rock
20268157494,Blue Marmaris LLC,2026-09-18,DLLC,Good Standing,CO,7430 Clubhouse Rd,,Boulder,CO,80301,,Boulder
20268157500,CAT1 Ltd.,2026-09-18,DLLC,Good Standing,CO,2873 Red Bird Trl,,Castle Rock,CO,80108,,Castle Rock
20268157504,"Cinch Insurance Agency, Inc.",2026-09-18,FPC,Good Standing,FL,4700 Exchange Court,Suite 300,Boca Raton,FL,33431,CORPORATE CREATIONS NETWORK INC.,Loveland
20268157509,fwsefwfw LLC CO,2026-09-18,DLLC,Good Standing,CO,703 Lochnell Dr,,Houston,TX,77062,PERFECT FIGURE LLC,Denver
20268157511,Blue Peach LLC,2026-09-18,DLLC,Good Standing,CO,11155 W 40th Ave,,Wheat Ridge,CO,80033,,Wheat Ridge
20268157527,The Fourth Space LLC,2026-09-18,DLLC,Good Standing,CO,6066 E 49th Dr,,Commerce City,CO,80022,,Thornton
20268157538,"Rosie's Theater Kids, Inc.",2026-09-18,FNC,Good Standing,NY,445 West 45th Street,,New York,NY,10036,"INCORP SERVICES, INC.",DENVER
20268157540,EditCore LLC,2026-09-18,DLLC,Good Standing,CO,51 Massari Rd,,Pueblo,CO,81001,,Pueblo
20268157543,"Duo - Gard Industries, Incorporated",2026-09-18,DPC,Good Standing,CO,4531 Malaya St,,Denver,CO,80249,,Denver
20268157544,Any Construction Task LLC,2026-09-18,DLLC,Good Standing,CO,4211 Deer Watch Dr,,Castle Rock,CO,80104,Accounting and Tax Solutions LLC,Denver
20268157547,Kaisi Crafts INC,2026-09-18,DPC,Good Standing,CO,97 Siferd Blvd,,Colorado Springs,CO,80917,Hancuntone LLC,Pueblo
20268157548,"Data & Society Research Institute, Inc.",2026-09-18,FNC,Good Standing,DE,25 Norwood Ave,,Montclair,NJ,07043,Registered Agents Inc,Denver
20268157551,ffcwseefvw LLC CO,2026-09-18,DLLC,Good Standing,CO,703 Lochnell Dr,,Houston,TX,77062,PERFECT FIGURE LLC,Denver
20268157552,Aspen Hollow Creations LLC,2026-09-18,DLLC,Good Standing,CO,3778 Aspen Hollow Ct,,Castle Rock,CO,80104,,Castle Rock
20268157568,Roven Pinnacle Inc,2026-09-18,DPC,Good Standing,CO,1500 N GRANT ST STE R,,DENVER,CO,80203,Registered Agents Inc,Denver
20268157575,Helm & Hive LLC,2026-09-18,DLLC,Good Standing,CO,21105 Tatanka Trl,,Peyton,CO,80831,,Peyton
20268157578,AileronForge Flight Systems LLC,2026-09-18,DLLC,Good Standing,CO,12291 Farmview Street,,Northglenn,CO,80241,,Northglenn
20268157580,"The Great Gatherings Co., LLC",2026-09-18,DLLC,Good Standing,CO,2900 E 16th Ave Apt 444,,Denver,CO,80206,,Denver
20268157587,Citz Build Design LLC,2026-09-18,DLLC,Good Standing,CO,4321 E 118th Ave,,Thornton,CO,80233,,Thornton
20268157592,APL FLOORING LLC,2026-09-18,DLLC,Good Standing,CO,4412 E Mulberry St Lot 72,,Fort Collins,CO,80524,,Fort Collins
20268157603,Maverick Transport Solutions LLC,2026-09-18,FLLC,Good Standing,WY,1119 10th St,,Rock Springs,WY,82901,,Grand Junction
20268157607,"Sacred Spaces Consulting, LLC",2026-09-18,DLLC,Good Standing,CO,641 South Park Drive,,Como,CO,80432,,Como
20268157608,S3 Matching Technologies LP,2026-09-18,FLP,Good Standing,TX,6500 River Place Blvd,Bldg 7 Ste 250,Austin,TX,78730,Rocky Mountain RA LLC,Denver
20268157612,SASFS LLC,2026-09-18,DLLC,Good Standing,CO,609 S Cascade Ave Apt 527,,Colorado Springs,CO,80903,,Colorado Springs
20268157622,"Swim Girl Skincare, LLC",2026-09-18,DLLC,Good Standing,CO,13402 W Coal Mine Ave Ste 230,,Littleton,CO,80127,,Morrison
20268157626,YUMYUMCO LLC,2026-09-18,DLLC,Good Standing,CO,2960 Inca St Unit 101,,Denver,CO,80202,"UNITED STATES CORPORATION AGENTS, INC.",Greenwood Village
20268157635,MFOR Co,2026-09-18,DPC,Good Standing,CO,10563 Traders Pkwy,,Fountain,CO,80817,,Fountain
20268157637,VP Events LLC,2026-09-18,DLLC,Good Standing,CO,8200 w 20th st,,Greeley,CO,80634,,Greeley
20268157656,ForgedinFaith LLC,2026-09-18,DLLC,Good Standing,CO,10200 parkmeadows dr apt 22-2227,,Lone Tree,CO,80124,,Lone Tree
20268157660,Mountain to Sea Alchemy Ltd.,2026-09-18,DLLC,Good Standing,CO,32 Bridle Aly,,Breckenridge,CO,80424,,Breckenridge
20268157662,uthdehbw LLC CO,2026-09-18,DLLC,Good Standing,CO,703 Lochnell Dr,,Houston,TX,77062,PERFECT FIGURE LLC,Denver
20268157664,"Moore Mountain Ranch, LLC",2026-09-18,DLLC,Good Standing,CO,454 Main St,,Walden,CO,80480,,Broomfield
20268157668,"JD2A, LLC",2026-09-18,FLLC,Good Standing,MT,1893 Torrington Road,,Cheyenne,WY,82009,,Grand Junction
20268157671,"HHC Safety Consulting Services, Corp.",2026-09-18,FPC,Good Standing,DE,1500 N Grant St,Ste N,Denver,CO,80203,Northwest Registered Agent LLC,Denver
20268157679,grergnih LLC CO,2026-09-18,DLLC,Good Standing,CO,703 Lochnell Dr,,Houston,TX,77062,PERFECT FIGURE LLC,Denver
20268157689,HiCo Solutions LLC,2026-09-18,DLLC,Good Standing,CO,5189 Carmon Dr,,Windsor,CO,80550,,Windsor
20268157690,Borinken Simple Signings LLC,2026-09-18,DLLC,Good Standing,CO,16363 E Fremont Ave Apt 1617,,Aurora,CO,80016,,Aurora
20268157691,Andara Development Limited Liability Company,2026-09-18,DLLC,Good Standing,CO,1500 N Grant St,Ste N,Denver,CO,80203,Northwest Registered Agent LLC,Denver
20268157699,US REMODEL REPORT LLC,2026-09-18,DLLC,Good Standing,CO,2020 N Academy Blvd Ste 261 # 4932,,Colorado Springs,CO,80909,REPUBLIC REGISTERED AGENT LLC,Colorado Springs
20268157700,Parallax Innovations Co.,2026-09-18,FNC,Good Standing,DE,1660 Lincoln Street,Suite 1550,Denver,CO,80264,C T CORPORATION SYSTEM,Centennial
20268157701,E&J Contractors LLC,2026-09-18,FLLC,Good Standing,NM,110 16th Street Suite 1460,,Devner,CO,80202,Rocky Mountain RA LLC,Denver
20268157702,Intrinsic Positivity LLC,2026-09-18,DLLC,Good Standing,CO,114 Patty Dr,,Evergreen,CO,80439,,Evergreen
20268157704,hdherdede LLC CO,2026-09-18,DLLC,Good Standing,CO,703 Lochnell Dr,,Houston,TX,77062,PERFECT FIGURE LLC,Denver
20268157711,High Priestess Alchemy LLC,2026-09-18,DLLC,Good Standing,CO,3740 S Sherman St,,Englewood,CO,80113,,Englewood
20268157730,SAFE GUARD PRODUCTS INT LLC,2026-09-18,DLLC,Good Standing,CO,411 S Cedar St,,Colorado Springs,CO,80903,REPUBLIC REGISTERED AGENT LLC,Colorado Springs
20268157739,Wishful Coders LLC,2026-09-18,DLLC,Good Standing,CO,5150 W 120th Ave Suite 100,#1107,Westminster,CO,80020,,Arvada
20268157742,"Iron Bear Junk Removal, LLC",2026-09-18,DLLC,Good Standing,CO,7944 Gladwater Rd,,Peyton,CO,80831,,Peyton
20268157743,Avid Roofing and Waterproofing Inc.,2026-09-18,FPC,Good Standing,TX,1500 N Grant St,Ste R,Denver,CO,80203,Registered Agents Inc,Denver
20268157748,Pathfinder Media Group LLC,2026-09-18,DLLC,Good Standing,CO,1801 Broadway,Ste 1000,Denver,CO,80202,,Denver
20268157749,Not An Exit LLC,2026-09-18,DLLC,Good Standing,CO,1633 Fillmore St Ste 410,,Denver,CO,80206,,Denver
20268157751,Grand Shadow Holdings LLC,2026-09-18,FLLC,Good Standing,MT,1500 N Grant St,Ste N,Denver,CO,80203,Northwest Registered Agent LLC,Denver
20268157753,MOUNTAIN WEST LOGISTICS INC,2026-09-18,DPC,Good Standing,CO,3900 Canoe St,,Evans,CO,80620,REPUBLIC REGISTERED AGENT LLC,Colorado Springs
20268157759,"Fortified Sites, LLC",2026-09-18,FLLC,Good Standing,OH,1500 N GRANT ST,STE N,DENVER,CO,80203,Northwest Registered Agent LLC,Denver
20268157773,Niki Mosier Consulting Inc.,2026-09-18,DPC,Good Standing,CO,3720 N Milwaukee St,,Denver,CO,80205,"UNITED STATES CORPORATION AGENTS, INC.",Greenwood Village
20268157781,Goldie's Glo LLC,2026-09-18,DLLC,Good Standing,CO,1500 N Grant St Ste N,,Denver,CO,80203,Northwest Registered Agent LLC,Denver
20268157783,DAC Roofing LLC,2026-09-18,DLLC,Good Standing,CO,476 E Niagara Cir,,Grand Junction,CO,81501,,Grand Junction
20268157784,Hire Global Team LLC,2026-09-18,FLLC,Good Standing,WY,6791 E 118th Pl,,Thornton,CO,80233,,Thornton
20268157785,jebredr LLC CO,2026-09-18,DLLC,Good Standing,CO,703 Lochnell Dr,,Houston,TX,77062,PERFECT FIGURE LLC,Denver
20268157796,nrfbebs LLC CO,2026-09-18,DLLC,Good Standing,CO,703 Lochnell Dr,,Houston,TX,77062,PERFECT FIGURE LLC,Denver
20268157805,Fuzi llc,2026-09-18,DLLC,Good Standing,CO,2049 Crestvue Cir,,Golden,CO,80401,,Golden
20268157812,Simple Estates LLC,2026-09-18,DLLC,Good Standing,CO,5175 County Road 10.75,,Antonito,CO,81120,,Antonito
20268157815,EMF Prop Co LLC,2026-09-18,DLLC,Good Standing,CO,1500 N Grant St Ste R,,Denver,CO,80203,Registered Agents Inc,Denver
20268157821,Linkd By Lisa LLC,2026-09-18,DLLC,Good Standing,CO,3744 S Fairplay Way,,Aurora,CO,80014,Northwest Registered Agent LLC,Denver
20268157828,LOKA Rituals LLC,2026-09-18,DLLC,Good Standing,CO,5510 Killarney St,,Denver,CO,80249,,Denver
20268157832,Spruce & Locust Properties LLC,2026-09-18,DLLC,Good Standing,CO,651 Garrison Street,,Lakewood,CO,80215,,Denver
20268157837,Caffeine Fix LLC,2026-09-18,DLLC,Good Standing,CO,13232 West Jewell Circle,,Lakewood,CO,80228,Rocky Mountain RA LLC,Denver
20268157840,Gallagher/Crabtree LLC,2026-09-18,DLLC,Good Standing,CO,650 Brook Dr,,Idaho Springs,CO,80452,,Idaho Springs
20268157858,"Rick's Golf Shop, LLC",2026-09-18,DLLC,Good Standing,CO,7591 Pyrite Way,,Castle Rock,CO,80108,,Castle Rock
20268157866,Malcolm LLC,2026-09-18,FLLC,Good Standing,WY,14563 E 26TH PL,,AURORA,CO,80011,"Registered Agent Solutions, Inc.",Centennial
20268157922,Kokanee Kreations LLC,2026-09-18,DLLC,Good Standing,CO,566 Walnut Ave,,Grand Junction,CO,81501,,Grand Junction
20268157946,USAging,2026-09-18,FNC,Good Standing,DC,"1100 New Jersey Avenue, SE",Suite #350,Washington,DC,20003,Registered Agents Inc,Denver
20268157947,"Alpine Air, PLLC",2026-09-18,DLLC,Good Standing,CO,8163 HWY 285 South,,Alamosa,CO,81101,,Alamosa
20268157954,Easters Place LLC,2026-09-18,DLLC,Good Standing,CO,1114 Yank Street,,Golden,CO,80401,"Cherry Creek Legal Consulting, PLLC",Denver
20268157958,JewelStone Society LLC,2026-09-18,DLLC,Good Standing,CO,1500 N Grant St,Ste R,Denver,CO,80203,Northwest Registered Agent LLC,Denver
20268157960,Aspen Springs Ranch LLC,2026-09-18,DLLC,Good Standing,CO,220 McKenner Drive,,Fraser,CO,80442-1800,KUTAK ROCK LLP,Denver
20268157964,Concret Master Solutions LLC,2026-09-18,DLLC,Good Standing,CO,1500 N Grant St,Ste N,Denver,CO,80203,Northwest Registered Agent LLC,Denver
20268157986,Icare medical transportation LLC,2026-09-18,DLLC,Good Standing,CO,10650 E Tennessee Ave Unit 103,,Aurora,CO,80012,,Aurora
20268157987,Mountain Rivers LLC,2026-09-18,DLLC,Good Standing,CO,805 35th Ave,,Greeley,CO,80634,,Greeley
20268157990,SUN & MOON CONSTRUCTION LLC,2026-09-18,DLLC,Good Standing,CO,12815 E Nevada Ave,,Aurora,CO,80012,,Aurora
20268157992,"Hogan Truck Leasing, LLC",2026-09-18,FLLC,Good Standing,MO,"2150 Schuetz Road, Suite 210",,Saint Louis,MO,63146,C T CORPORATION SYSTEM,Centennial
20268157998,Joe's LLC,2026-09-18,DLLC,Good Standing,CO,8500 W 57th Ave,,Arvada,CO,80002,,Arvada
20268158007,"SE Wall Street, LLC",2026-09-18,DLLC,Good Standing,CO,8450 E Crescent Pkwy Ste 200,,Greenwood Village,CO,80111,"SE Properties, LLC",Greenwood Village
20268158019,Iron Diamond Baseball LLC,2026-09-18,DLLC,Good Standing,CO,665 19th St SW,,Loveland,CO,80537,,Loveland
20268158020,AR Advisory Group LLC,2026-09-18,DLLC,Good Standing,CO,1441 Little Raven St Apt 303,,Denver,CO,80202,,Denver
20268158034,Zeeyana,2026-09-18,DNC,Good Standing,CO,1900 Goss St Apt 109,,Boulder,CO,80302,,Boulder
20268158038,Outstanding Visual Impression LLC,2026-09-18,DLLC,Good Standing,CO,4401 Tower Rd Apt 1210,,Denver,CO,80249,,Denver
20268158052,Tanner Meyers LLC CO,2026-09-18,DLLC,Good Standing,CO,1913 S 1500 E,,SLC,UT,84105,"Backcountry Journeys Photography Tours, Workshops & Safaris LLC",Denver
20268158053,GREIBY VALE ACADEMY LLC,2026-09-18,DLLC,Good Standing,CO,1225 S Bellaire St,Bldg 3-205,Denver,CO,80246,,Denver
20268158054,Castillo Real Estate LLC,2026-09-18,DLLC,Good Standing,CO,1239 S Alta Hacienda Dr,,Pueblo,CO,81007,,Pueblo
20268158057,Roberts Aviation Services LLC,2026-09-18,DLLC,Good Standing,CO,11764 Jasmine Ct,,Thornton,CO,80233,,Thornton
20268158061,Pinkvibes LLC,2026-09-18,DLLC,Good Standing,CO,5841 Pierce St Apt 203,,Arvada,CO,80003,,Arvada
20268158065,Nature By Design LLC,2026-09-18,DLLC,Good Standing,CO,1120 Ski Hill Rd,Unit C14,Breckenridge,CO,80424,,Breckenridge
20268158075,colorado clover haus llc,2026-09-18,DLLC,Good Standing,CO,17271 Crimson Clover Dr,,Monument,CO,80132,REGISTERED AGENTS OF COLORADO INC,Erie
20268158079,The Active Edit LLC,2026-09-18,DLLC,Good Standing,CO,923 Tempted Ways Dr,,Longmont,CO,80504,"UNITED STATES CORPORATION AGENTS, INC.",Greenwood Village
20268158085,WellSuite Franchising LLC,2026-09-18,DLLC,Good Standing,CO,300 Union Blvd Ste 600,,Lakewood,CO,80228,C T CORPORATION SYSTEM,Centennial
20268158113,"PTAC Operating Centers, LLC",2026-09-18,FLLC,Good Standing,VA,19980 HIGHLAND VISTA DRIVE,SUITE 155,ASHBURN,VA,20147,CORPORATION SERVICE COMPANY,Littleton
20268158233,1260 Jane's Way LLC,2026-09-18,DLLC,Good Standing,CO,4557 Apple Way,,Boulder,CO,80301,,Boulder
20268158234,2/T Realty LLC,2026-09-18,DLLC,Good Standing,CO,14976 Deer Run Rd,,Delta,CO,81416,,Delta
20268158238,RHSM Estate Sales,2026-09-18,FLLC,Good Standing,WY,3060 Grier Blvd,,Cheyenne,WY,82001,,Greeley
20268158247,Hobby Habit LLC,2026-09-18,DLLC,Good Standing,CO,2815 S Gaylord St,,Denver,CO,80210,,Denver
20268158249,Mid Atlantic Roofing Supply Houston LLC,2026-09-18,FLLC,Good Standing,TX,155 Professional Park Dr,,Cumming,GA,30040,"Registered Agent Solutions, Inc.",Centennial
20268158250,WIDJUWEES BWO LLC,2026-09-18,DLLC,Good Standing,CO,1101 Owenwood Dr,,Irving,TX,75061,"NATIONAL REGISTERED AGENTS, INC.",Centennial
20268158254,TrueNorth Trust Holdings LLC,2026-09-18,DLLC,Good Standing,CO,32186 Castle Court,Suite 301,Evergreen,CO,80439,,Evergreen
20268158268,"SWS Forensic Investigations Group, LLC",2026-09-18,DLLC,Good Standing,CO,1670 Tall Tale Ln,,Castle Rock,CO,80108,,Castle Rock
20268158271,HOAlistic LLC,2026-09-18,DLLC,Good Standing,CO,1500 N Grant St Ste R,,Denver,CO,80203,Registered Agents Inc,Denver
20268158280,SHAEES EPIC LLC,2026-09-18,DLLC,Good Standing,CO,1500 N GRANT ST,STE 11933,DENVER,CO,80203,"NATIONAL REGISTERED AGENTS, INC.",Centennial
20268158283,BENDITO BOCADO LLC,2026-09-18,DLLC,Good Standing,CO,2822 Kendall St Apt 208,,Edgewater,CO,80214,,Edgewater
20268158284,"PM4SIGHT, LLC",2026-09-18,DLLC,Good Standing,CO,5356 E Briarwood Cir.,,Centennial,CO,80122,"CORPORATE SERVICE CENTER, INC.",Denver
20268158288,Ghost Cleaning Co. LLC,2026-09-18,DLLC,Good Standing,CO,397 S Lindsey St,,Castle Rock,CO,80104,,Castle Rock
20268158290,"Ember Music Therapy, LLC",2026-09-18,DLLC,Good Standing,CO,5341 W 76th Ave Apt 203,,Arvada,CO,80003,,Arvada
20268158297,Jackeroo and Co LLC,2026-09-18,DLLC,Good Standing,CO,2260 Baseline Rd Ste 202,,Boulder,CO,80302,,Boulder
20268158303,MKSISASRSSERT VW LLC,2026-09-18,DLLC,Good Standing,CO,3217 Kingdom Dr,,Denton,TX,76208,"NATIONAL REGISTERED AGENTS, INC.",Centennial
20268158304,JAMIDTYAIG UAS LLC,2026-09-18,DLLC,Good Standing,CO,2401 E Plum St,,Laredo,TX,78043,"NATIONAL REGISTERED AGENTS, INC.",Centennial
20268158307,Soul Sip Coffee LLC,2026-09-18,DLLC,Good Standing,CO,1500 N Grant St Ste R,,Denver,CO,80203,Registered Agents Inc,Denver
20268158315,Grand Junction Real Estate Alexandra Kubick LLC,2026-09-18,DLLC,Good Standing,CO,1443 Satterfield Ave,,Fruita,CO,81521,,Fruita
20268158319,In The Details Auto Services LLC,2026-09-18,DLLC,Good Standing,CO,3741 N Race St,,Denver,CO,80205,,Denver
20268158323,Liberties Voice Specialties LLC,2026-09-18,DLLC,Good Standing,CO,1500 N Grant St Ste R,,Denver,CO,80203,Registered Agents Inc,Denver
20268158326,"PV26, LLC",2026-09-18,DLLC,Good Standing,CO,9595 Brighton Road,,Henderson,CO,80460,Registered Agents Inc,Denver
20268158328,No Cap llc,2026-09-18,DLLC,Good Standing,CO,4592 Gold Medal Point,,Colorado Springs,CO,80923,Sales Tuning Systems LLC,Cimarron Hills
20268158331,Fernhoff K9 Services LLC,2026-09-18,DLLC,Good Standing,CO,33775 Lutes Rd,,Pine,CO,80470,,Pine
20268158338,Nacer Con Dignidad: The Birth Witness Project,2026-09-18,DNC,Good Standing,CO,4340 E Kentucky Ave,Ste 257,Glendale,CO,80246,,Glendale
20268158342,GENA Investments LLC,2026-09-18,DLLC,Good Standing,CO,2740 Meade St,,Denver,CO,80211,,Denver
20268158343,Polestar CS LLC,2026-09-18,DLLC,Good Standing,CO,1865 Kohler Dr,,Boulder,CO,80305,,Boulder
20268158353,Go Camping LLC,2026-09-18,DLLC,Good Standing,CO,95 Saddlemountain Rd,,Colorado Springs,CO,80919,,Colorado Springs
20268158359,City of Sterling LLC,2026-09-18,DLLC,Good Standing,CO,7905 Lowell Blvd Apt A,,Westminster,CO,80030,Registered Agents Inc,Denver
20268158371,MASMAHEED KIG LLC,2026-09-18,DLLC,Good Standing,CO,8 Scotland Rd,,Pueblo,CO,8100,"NATIONAL REGISTERED AGENTS, INC.",Centennial
20268158372,FIRE HIBACHI JAPANESE GRILL LLC,2026-09-18,DLLC,Good Standing,CO,3616 S Olathe Way,,Aurora,CO,80013,,Aurora
20268158374,VDSG HOLDINGS LLC,2026-09-18,DLLC,Good Standing,CO,6298 Saddlesmith St,,Castle Pines,CO,80108,,Castle Pines
20268158375,"Alyson F. Binette, LPC, LLC",2026-09-18,DLLC,Good Standing,CO,131 Ringneck,,Eagle,CO,81631,,Eagle
20268158378,Aspen Gates LLC,2026-09-18,DLLC,Good Standing,CO,10863 US Highway 34,,Grand Lake,CO,80447,,Grand Lake
20268158381,"Fine and Facets, LLC",2026-09-18,DLLC,Good Standing,CO,10750 Fairgrove Ct,,Littleton,CO,80126,,Littleton
20268158386,Elevated Purpose LLC,2026-09-18,DLLC,Good Standing,CO,1169 Conway St,B,Erie,CO,80516,,Erie
20268158389,ERUVBNIKLORTIK LLC,2026-09-18,DLLC,Good Standing,CO,County Road 30,,Lake City,CO,81235,"NATIONAL REGISTERED AGENTS, INC.",Centennial
20268158397,GRE 1031 Colorado LLC,2026-09-18,DLLC,Good Standing,CO,3518 6th Ave Ste 201,,Tacoma,WA,98406,"FIRST AMERICAN EXCHANGE COMPANY, LLC",Littleton
20268158399,DRSDJKMENTS OSE LLC,2026-09-18,DLLC,Good Standing,CO,4619 Pleasant Peony Way,,Katy,TX,77493,"NATIONAL REGISTERED AGENTS, INC.",Centennial
20268158404,Daniel Joshua LLC CO,2026-09-18,DLLC,Good Standing,CO,1013 BRYNN DR,,WINDER,GA,30680,"Backcountry Journeys Photography Tours, Workshops & Safaris LLC",Denver
20268158411,Hopeful Media LLC,2026-09-18,DLLC,Good Standing,CO,651 W 42nd Ave Unit 532,,Denver,CO,80216,,Denver
20268158414,OTOIPRONSBIK LLC,2026-09-18,DLLC,Good Standing,CO,11347 E Briarwood Cir,,Centennial,CO,80112,"NATIONAL REGISTERED AGENTS, INC.",Centennial
20268158415,Alejandro Hernandez LLC CO,2026-09-18,DLLC,Good Standing,CO,313 Neely Wingard Rd,,Gilbert,SC,29054,"Backcountry Journeys Photography Tours, Workshops & Safaris LLC",Denver
20268158417,Ironwood Holdings LTD,2026-09-18,DLLC,Good Standing,CO,1161 Laurenwood Way,,Highlands Ranch,CO,80129,,Highlands Ranch
20268158425,AACcessible.org,2026-09-18,FNC,Good Standing,WA,3486 W 101st Pl,,Westminster,CO,80031,,Westminster
20268158437,GUNBARREL FINANCIAL LLC,2026-09-18,DLLC,Good Standing,CO,7157 Petursdale Ct,,Boulder,CO,80301,REPUBLIC REGISTERED AGENT LLC,Colorado Springs
20268158495,Madelynns Windows Cleaning LLC,2026-09-18,DLLC,Good Standing,CO,2750 Ingalls St Apt 8,,Edgewater,CO,80214,,Edgewater
20268158496,Anterra Clinic PLLC,2026-09-18,DLLC,Good Standing,CO,1500 N Grant St Ste R,,Denver,CO,80203,Registered Agents Inc,Denver
20268158510,MA Trustworthy Renovations LLC,2026-09-18,DLLC,Good Standing,CO,15290 E 6th Ave Unit 275,,Aurora,CO,80011,MAD Independent Services LLC,Aurora
20268158604,Canine Nation LLC,2026-09-18,DLLC,Good Standing,CO,10638 Briarglen Cir,,Highlands Ranch,CO,80130,,Highlands Ranch
20268158607,Wild Chapters LLC,2026-09-18,DLLC,Good Standing,CO,351 Martello Ct,,Grand Junction,CO,81507,,Grand Junction
20268158608,USAFG Transport LLC,2026-09-18,DLLC,Good Standing,CO,3521 S Telluride Cir Apt B,,Aurora,CO,80013,,Aurora
20268158622,Unlocking Hope,2026-09-18,DNC,Good Standing,CO,2001 Rosen Dr Apt 4-308,,Fort Collins,CO,80528,,Fort Collins
20268158623,WS Tech LLC,2026-09-18,DLLC,Good Standing,CO,1500 N Grant St,Ste N,Denver,CO,80203,Northwest Registered Agent LLC,Denver
20268158624,5280 MH Investments LLC,2026-09-18,DLLC,Good Standing,CO,14840 Hudson St,,Thornton,CO,80602,,Thornton
20268158625,"8245 N Union Blvd, LLC",2026-09-18,DLLC,Good Standing,CO,4330 Mark Dabling Blvd,,Colorado Springs,CO,80907,Trace Christian Church,Colorado Springs
20268158626,Pure Grit Labs llc,2026-09-18,DLLC,Good Standing,CO,3758 E 104th Ave PMB 736,,Thornton,CO,80233,SBA Financials LLC,Denver
20268158630,Endless Possibilities Painting and Parties LLC,2026-09-18,DLLC,Good Standing,CO,6130 W 40th Ave Apt 2,,Wheat Ridge,CO,80033,,Wheat Ridge
20268158637,L&T Ball LLC,2026-09-18,DLLC,Good Standing,CO,43510 County Road 69,,Briggsdale,CO,80611,,Briggsdale
20268158645,SRFIVE LLC,2026-09-18,DLLC,Good Standing,CO,1100 Goeglein Gulch Rd Unit 147,,Durango,CO,81301,Waggener & Foster LLP,Greenwood Village
20268158651,Frazier Tree LLC,2026-09-18,DLLC,Good Standing,CO,64 Macgregor Rd,,Pueblo,CO,81001,,Pueblo
20268158654,EO Academy LLC,2026-09-18,DLLC,Good Standing,CO,17850 Radbourne Drive,,Monument,CO,80132,,Monument
20268158655,ASAC INTERNATIONAL INC.,2026-09-18,DPC,Good Standing,CO,7475 W. Fifth Ave. #150F,,Lakewood,CO,80226,"FMCOCO, INC.",Lakewood
20268158667,AUSTIN ROMANAUX LLC,2026-09-18,DLLC,Good Standing,CO,550 E 19th Ave Unit 4513,,Denver,CO,80203,,Denver
20268158668,jentd LLC CO,2026-09-18,DLLC,Good Standing,CO,703 Lochnell Dr,,Houston,TX,77062,PERFECT FIGURE LLC,Denver
20268158681,"Puyallup Property, LLC",2026-09-18,DLLC,Good Standing,CO,9620 Avocet Lane,,Lafayette,CO,80026,,Lafayette
20268158695,Westside Wrestling Club,2026-09-18,DNC,Good Standing,CO,1590 W Fillmore St,,Colorado Springs,CO,80904,,Colorado Springs
20268158697,rfrhned LLC CO,2026-09-18,DLLC,Good Standing,CO,703 Lochnell Dr,,Houston,TX,77062,PERFECT FIGURE LLC,Denver
20268158707,EXSE BUSINESS SOLUTIONS LLC,2026-09-18,DLLC,Good Standing,CO,6300 UNION AVE,,FIRESTONE,CO,80504,,FIRESTONE
20268158714,"Boyer Ag & Detailing Services, LLC",2026-09-18,DLLC,Good Standing,CO,13526 County Road 37,,Sterling,CO,80751,,Sterling
20268158731,"Tier-Four Venture, LLC",2026-09-18,DLLC,Good Standing,CO,904 W Montebello Dr,,Pueblo,CO,81007,,Pueblo
20268158736,hrsbsrg LLC CO,2026-09-18,DLLC,Good Standing,CO,703 Lochnell Dr,,Houston,TX,77062,PERFECT FIGURE LLC,Denver
20268158748,dreh5bwrs LLC CO,2026-09-18,DLLC,Good Standing,CO,703 Lochnell Dr,,Houston,TX,77062,PERFECT FIGURE LLC,Denver
20268158750,"Marie Stark Therapy, PLLC",2026-09-18,DLLC,Good Standing,CO,1500 N Grant St Ste R,,Denver,CO,80203,Registered Agents Inc,Denver
20268158753,Lockard Consulting LLC,2026-09-18,DLLC,Good Standing,CO,755 Moline St,,Aurora,CO,80010,,Aurora
20268158754,Carr Systems LLC,2026-09-18,DLLC,Good Standing,CO,2343 Kermesite Ct,,Loveland,CO,80537,,Loveland
20268158758,Rondeau Investments LLC,2026-09-18,DLLC,Good Standing,CO,1065 Youngfield Street,,Golden,CO,80401,,Golden
20268158763,JLF ENTERPRISES LLC,2026-09-18,DLLC,Good Standing,CO,8772 S Wenatchee Ct,,Aurora,CO,80016,,Aurora
20268158765,Brighter Globe LLC,2026-09-18,DLLC,Good Standing,CO,3085 Redstone Ln,,Boulder,CO,80305,,Boulder
20268158777,Ponderosa Pines Properties LLC,2026-09-18,DLLC,Good Standing,CO,109 Oakley Pass,,Liberty Hill,TX,78642,Registered Agents Inc,Denver
20268158778,"MOVEMATRIX, INC.",2026-09-18,FPC,Good Standing,DE,214B Aspen Airport Business Ctr,,Aspen,CO,81611,,Aspen
20268158780,"Aldridge Cabin, LLC",2026-09-18,DLLC,Good Standing,CO,S:28 T:4 R:74 Cabin at Lake Edith - Cabin #17,,Clear Creek County,CO,80444,,Boulder
20268158788,BCRG LLC,2026-09-18,DLLC,Good Standing,CO,1500 N Grant St Ste R,,Denver,CO,80203,Registered Agents Inc,Denver
20268158789,PEMSBY LLC,2026-09-18,DLLC,Good Standing,CO,7630 W 24th Ave,,Lakewood,CO,80214,Colorado Registered Agents,Denver
20268158797,LINK P.L.L.C,2026-09-18,DLLC,Good Standing,CO,7734 Rampart Way,,Littleton,CO,80125,,Littleton
20268158799,"Waypoint Franchise, LLC",2026-09-18,DLLC,Good Standing,CO,1500 N Grant St Ste R,,Denver,CO,80203,Registered Agents Inc,Denver
20268158810,LA BUENA SEMILLA,2026-09-18,DNC,Good Standing,CO,12455 E Mississippi Ave Unit 101,,Aurora,CO,80012,,Aurora
20268158817,rherd LLC CO,2026-09-18,DLLC,Good Standing,CO,703 Lochnell Dr,,Houston,TX,77062,PERFECT FIGURE LLC,Denver
20268158819,Saux Beg LLC,2026-09-18,DLLC,Good Standing,CO,1500 N Grant St,Ste R,Denver,CO,80203,Northwest Registered Agent LLC,Denver
20268158821,MINI FLOWER LLC,2026-09-18,DLLC,Good Standing,CO,10568 Eby Cir,,Lone Tree,CO,80124,,Lone Tree
20268158823,DGD Transportation LLC,2026-09-18,DLLC,Good Standing,CO,20516 E Lake Dr,,Aurora,CO,80016,,Aurora
20268158824,D&C Outdoors LLC,2026-09-18,DLLC,Good Standing,CO,720 maroon Ave,Unit 1/2,Crested Butte,CO,81224,,Crested Butte
20268158846,"Waypoint Construction, LLC",2026-09-18,DLLC,Good Standing,CO,1500 N Grant St Ste R,,Denver,CO,80203,Registered Agents Inc,Denver
20268158847,Rocky Mtn Water Ltd,2026-09-18,DLLC,Good Standing,CO,43655 County Road 44A,,Steamboat Springs,CO,80487,,Steamboat Springs
20268158852,American Association of Pro Life Obstetricians and Gynecologists,2026-09-18,FNC,Good Standing,FL,1027 W. Rudisill Blvd. Suite 227,,Fort Wayne,IN,46807,CORPORATION SERVICE COMPANY,Littleton
20268158864,"Liam McCready EHS Services, LLC",2026-09-18,DLLC,Good Standing,CO,631 Grandview Mdws Dr,,Longmont,CO,80503,,Longmont
20268158870,Honchar Cleaning Services LLC,2026-09-18,DLLC,Good Standing,CO,4545 E Warren Ave Unit 355,,Denver,CO,80222,,Denver
20268158875,XI Advisors LLC,2026-09-18,DLLC,Good Standing,CO,140 Kane St,,Brooklyn,NY,11231,"GARFIELD & HECHT, P.C.",Aspen
20268158885,Sara Wendel Fine Art LLC,2026-09-18,DLLC,Good Standing,CO,5824 S Prescott St,,Littleton,CO,80120,,Littleton
20268158891,Wallprint infinity solutions LLC,2026-09-18,DLLC,Good Standing,CO,746 Hidden Valley Dr,,Glenwood Springs,CO,81601,,Glenwood Springs
20268158908,Mavis & Meier Holdings LLC,2026-09-18,DLLC,Good Standing,CO,3225 N Clay St,,Denver,CO,80211,,Denver
20268158914,"Alliance for the Advancement of Infant Mental Health, Inc.",2026-09-18,FNC,Good Standing,MI,2222 W. Grand River Ave,Suite A,Okemos,MI,48864,,Conifer
20268158920,The Beatitudes Project,2026-09-18,DNC,Good Standing,CO,1724 Heritage Cir Apt 77,,Fort Collins,CO,80526,,Fort Collins
20268158926,MaximusxXx666xXx Ltd,2026-09-18,DLLC,Good Standing,CO,7678 Matchlock Heights,,Colorado Springs,CO,80923,,Colorado Springs
20268158944,WalkTeaming LLC,2026-09-18,DLLC,Good Standing,CO,2605 E Serendipity Cir Apt 350,,Colorado Springs,CO,80917,,Colorado Springs
20268158947,Congregation Kol Ami,2026-09-18,FNC,Good Standing,NY,252 Soundview Avenue,,White Plains,NY,10606,Registered Agents Inc,Denver
20268158948,"Villa Dens, LLC",2026-09-18,DLLC,Good Standing,CO,5161 Stoneridge Dr,,Loveland,CO,80537,,Loveland
20268158955,Twilight Tavern LLC,2026-09-18,DLLC,Good Standing,CO,420 E 57th St Lot 119,,Loveland,CO,80538,,Loveland
20268158956,"Coal Creek Home Solutions, LLC",2026-09-18,DLLC,Good Standing,CO,2723 Sunset St,,Erie,CO,80516,,Erie
20268158974,Grid-Bridge Advisors,2026-09-18,DLLC,Good Standing,CO,2960 N Academy Blvd Ste 203,,Colorado Springs,CO,80917,,Colorado Springs
20268158981,Schuler Shook,2026-09-18,FPC,Good Standing,MN,219 Main St SE,Suite 200,Minneapolis,MN,55414,Rocky Mountain RA LLC,Denver
20268158984,LPS Properties LLC,2026-09-18,DLLC,Good Standing,CO,315 South Park Avenue #12,,Breckenridge,CO,80424,CORPORATION SERVICE COMPANY,Littleton
20268158997,AF Solid Builders LLC,2026-09-18,DLLC,Good Standing,CO,11802 114th PI,,Commerce City,CO,80640,,Commerce city
20268159001,G&N Construction LLC,2026-09-18,DLLC,Good Standing,CO,7348 County Road 331,,Silt,CO,81652,,Silt
20268159006,Big Al's Jerky LLC,2026-09-18,DLLC,Good Standing,CO,1380 Meadow Avenue,Apt B,Boulder,CO,80304,,Boulder
20268159007,"Popkava, Inc.",2026-09-18,DPC,Good Standing,CO,1720 S Pratt Pkwy,,Longmont,CO,80501,,Longmont
20268159014,AP Innovations LLC,2026-09-18,DLLC,Good Standing,CO,305 North 42nd Avenue,,Brighton,CO,80601,SimpleBiz Registered Agent Services LLC,Boulder
20268159020,Tavi Services Limited,2026-09-18,FPC,Good Standing,DE,125 Roebling Street,,Brooklyn,NY,11211,"Registered Agent Solutions, Inc.",Centennial
20268159021,"GNP Real Estate, LLC",2026-09-18,DLLC,Good Standing,CO,220 S Ivy St,,Denver,CO,80224,,Denver
20268159024,Veteran Connections LLC,2026-09-18,FLLC,Good Standing,MO,925 Gray Ave,,Webster Groves,MO,63119,C T CORPORATION SYSTEM,Centennial
20268159029,Sell Junction LLC,2026-09-18,DLLC,Good Standing,CO,2277 L Rd # A,,Grand Junction,CO,81505,SimpleBiz Registered Agent Services LLC,Boulder
20268159030,"Jerel C. Singleton, LLC",2026-09-18,DLLC,Good Standing,CO,2468 Hannah Lane,,Grand Junction,CO,81505,,Grand Junction
20268159044,FOOTHILLS AUTOMOTIVE FINISHES & COATINGS LLC,2026-09-18,DLLC,Good Standing,CO,625 Blackhawk Dr,,Colorado Springs,CO,80919,SimpleBiz Registered Agent Services LLC,Boulder
20268159046,Preemo body and paint LLC,2026-09-18,DLLC,Good Standing,CO,4768 Saddle Ridge Dr,,Colorado Springs,CO,80922,Preemo body and paint LLC,Colorado Springs
20268159052,Yocoya Investments LLC,2026-09-18,DLLC,Good Standing,CO,1500 N Grant St,Ste R,Denver,CO,80203,Northwest Registered Agent LLC,Denver
20268159059,EAS Consultants LLC,2026-09-18,DLLC,Good Standing,CO,7658 Straight Shooter Vw,,Colorado Springs,CO,80923,,Colorado Springs
20268159060,BRICK Growth Co. LLC,2026-09-18,DLLC,Good Standing,CO,4643 S Ulster St Ste 1485,,Denver,CO,80237,,Centennial
20268159061,Evergreen Health Rx LLC,2026-09-18,DLLC,Good Standing,CO,"115 Wilcox St, Suite 233",,Castle Rock,CO,80104,,Crested Butte
20268159066,Auto smart LLC,2026-09-18,DLLC,Good Standing,CO,3155 S Vaughn Way Apt 813,,Aurora,CO,80014,"UNITED STATES CORPORATION AGENTS, INC.",Greenwood Village
20268159070,Drop Zone LLC,2026-09-18,DLLC,Good Standing,CO,11757 E Harvard Ave,,Aurora,CO,80014,SimpleBiz Registered Agent Services LLC,Boulder
20268159081,TACOMEE LLC,2026-09-18,DLLC,Good Standing,CO,412 E 50th St,,Loveland,CO,80538,SimpleBiz Registered Agent Services LLC,Boulder
20268159088,LiverCare Executive Solutions LLC,2026-09-18,DLLC,Good Standing,CO,3323 S Birch St,,Denver,CO,80222,SimpleBiz Registered Agent Services LLC,Boulder
20268159092,WILDFIRE STUDIO LLC,2026-09-18,DLLC,Good Standing,CO,384 Rose Street,,Craig,CO,81625,SimpleBiz Registered Agent Services LLC,Boulder
20268159094,Gardiner Forestry LLC,2026-09-18,DLLC,Good Standing,CO,725 Tabernash Ln,,Ridgway,CO,81432,,Ridgway
20268159112,WellSuite One LLC,2026-09-18,DLLC,Good Standing,CO,300 Union Blvd Ste 600,,Lakewood,CO,80228,C T CORPORATION SYSTEM,Centennial
20268159115,birderous LLC,2026-09-18,DLLC,Good Standing,CO,5 Blue Sage,,Littleton,CO,80127,"UNITED STATES CORPORATION AGENTS, INC.",Greenwood Village
20268159117,KAB Partners LLC,2026-09-18,DLLC,Good Standing,CO,2754 Downhill Dr Unit E,,Steamboat Springs,CO,80487,,Steamboat Springs
20268159124,Safe Circle LLC.,2026-09-18,DLLC,Good Standing,CO,6953 E 132nd Pl,,Thornton,CO,80602,,Thornton
20268159128,Zigora Limited,2026-09-18,DLLC,Good Standing,CO,18995 W 55th Cir,,Golden,CO,80403,,Golden
20268159129,WDW Grand Junction Hotel II Delaware LLC,2026-09-18,FLLC,Good Standing,DE,400 S Colorado Blvd,Ste 700,Denver,CO,80246,WDW Grand Junction Hotel I & II Investment LLC,Denver
20268159131,Dead Rabbits Strength and Fitness LLC,2026-09-18,DLLC,Good Standing,CO,1500 N Grant St,Ste N,Denver,CO,80203,Northwest Registered Agent LLC,Denver
20268159137,Liquid Courage LLC,2026-09-18,DLLC,Good Standing,CO,5194 S Uravan St,,Centennial,CO,80015,,Centennial
20268159144,"PGN Apartments SLP, LLC",2026-09-18,DLLC,Good Standing,CO,3892 S Grape St,,Denver,CO,80237,,Denver
20268159152,Guigs LLC,2026-09-18,DLLC,Good Standing,CO,4547 Eagle Lk S,,Fort Collins,CO,80524,,Fort Collins
20268159153,Grand Junction Real Estate LLC,2026-09-18,DLLC,Good Standing,CO,1443 Satterfield Ave,,Fruita,CO,81521,,Fruita
20268159154,Roots Church AG,2026-09-18,DNC,Good Standing,CO,2375 E 104th Ave Unit 6101,,Thornton,CO,80233,,Thornton
20268159165,Better to Give than Receive,2026-09-18,DNC,Good Standing,CO,3752 Holmes Ln,,Johnstown,CO,80534,,Johnstown
20268159167,Wings Pier Holding INC,2026-09-18,DPC,Good Standing,CO,1235 S Broadway,,Denver,CO,80210,,Denver
20268159171,RISVEGGIOL INC,2026-09-18,DPC,Good Standing,CO,1521 Blake St Ste 47010,,Denver,CO,80202,"INCORP SERVICES, INC.",DENVER
20268159173,ALWAYS PLANNING BY AP LLC,2026-09-18,DLLC,Good Standing,CO,13605 W 86th Dr,,Arvada,CO,80005,SimpleBiz Registered Agent Services LLC,Boulder
20268159175,"Rangeview Flooring, LLC",2026-09-18,DLLC,Good Standing,CO,3909 Redwood Ln Apt A,,Pueblo,CO,81005,,Pueblo
20268159190,TC LLC,2026-09-18,DLLC,Good Standing,CO,1820 Mackenzie Rd,Street Address Line2,Pueblo,CO,81001,,Pueblo
20268159193,Butterfly Veil Tattoo LLC,2026-09-18,DLLC,Good Standing,CO,4340 E Kentucky Ave Ste 234,,Denver,CO,80246,,Littleton
20268159199,Caledonia Properties LLC,2026-09-18,DLLC,Good Standing,CO,903 Caledonia Ct,,Fruita,CO,81521,,Fruita
20268159204,Batz Mountain Properties LLC,2026-09-18,DLLC,Good Standing,CO,1617 County Road 4,,Leadville,CO,80461,,Leadville
20268159206,Baxter Investment Group LLC,2026-09-18,DLLC,Good Standing,CO,5656 W 118th Cir,,Westminster,CO,80020,,Westminster
20268159208,"200 Pearl, LLC",2026-09-18,DLLC,Good Standing,CO,14901 E Hampden Ave Ste 350,,Aurora,CO,80014,,Aurora
20268159211,Thormodsen Aeronautics,2026-09-18,FO,Good Standing,DE,1936 Roanoke St,,Colorado Springs,CO,80906,,Colorado Springs
20268159215,"Step Up For Students-Federal, Inc.",2026-09-18,FNC,Good Standing,FL,4655 Salisbury Road,Ste 400,Jacksonville,FL,32256,"URS Agents, LLC.",Centennial
20268159220,"Mighty Maid Cleaning, LLC",2026-09-18,DLLC,Good Standing,CO,4577 Tanglewood Trl,,Boulder,CO,80301,Rocky Mountain RA LLC,Denver
20268159221,"Burke RE Holdings, LLC",2026-09-18,DLLC,Good Standing,CO,10390 W 14th Ave,,Lakewood,CO,80215,,Lakewood
20268159223,Spades Driven LLC,2026-09-18,DLLC,Good Standing,CO,1500 N Grant St,#11922,Denver,CO,80203,Northwest Registered Agent LLC,Denver
20268159226,Levant Entertainment LLC,2026-09-18,DLLC,Good Standing,CO,7350 New Raymer Ct,,Fort Collins,CO,80525,,Fort Collins
20268159227,WLA LLC,2026-09-18,DLLC,Good Standing,CO,1633 N Pearl St Apt 201,,Denver,CO,80203,SimpleBiz Registered Agent Services LLC,Boulder
20268159231,"PK Property Ventures, LLC",2026-09-18,DLLC,Good Standing,CO,3912 Raptor Ct,,Fort Collins,CO,80528,,Fort Collins
20268159234,600 S Taft St LLC,2026-09-18,DLLC,Good Standing,CO,600 S Taft St,,Lakewood,CO,80228,Northwest Registered Agent LLC,Denver
20268159249,"Streets Member CO, LLC",2026-09-18,DLLC,Good Standing,CO,c/o Principal Asset Management,711 High Street,Des Moines,IA,50392,C T CORPORATION SYSTEM,Centennial
20268159250,Fuzzy Audio LLC,2026-09-18,DLLC,Good Standing,CO,15536 Spruce Cir,,Thornton,CO,80602,"UNITED STATES CORPORATION AGENTS, INC.",Greenwood Village
20268159256,"AW Engineering, LLC",2026-09-18,DLLC,Good Standing,CO,2106 Whitewood Dr,,Fort Collins,CO,80528,"Jones & Keller, P.C.",Denver
20268159261,"Ascnt Labs, Inc.",2026-09-18,FPC,Good Standing,DE,2525 Arapahoe Ave,Ste E4 #1069,Boulder,CO,80302,,Black Hawk
20268159264,Morrison 1888 Barbershop LLC,2026-09-18,DLLC,Good Standing,CO,1312 17th Street unit #2892,,Denver,CO,80202,,Denver
20268159265,MTN Foundry,2026-09-18,DNC,Good Standing,CO,4975 Miller St Unit A,,Wheat Ridge,CO,80033,,Aurora
20268159269,Andesite Health LLC,2026-09-18,DLLC,Good Standing,CO,110 16th St Ste 1460,,Denver,CO,80202,Rocky Mountain RA LLC,Denver
20268159271,11526 W Kentucky Dr LLC,2026-09-18,DLLC,Good Standing,CO,11526 W Kentucky Dr,,Lakewood,CO,80226,Northwest Registered Agent LLC,Denver
20268159276,"Padic, LLC",2026-09-18,DLLC,Good Standing,CO,5733 E Iowa Ave,,Denver,CO,80224,,Denver
20268159282,"The Belvedere, L.L.C.",2026-09-18,DLLC,Good Standing,CO,1336 Elm Ave,,Canon City,CO,81212,,Canon City
20268159287,LYN JORDAN KITCHEN LLC,2026-09-18,DLLC,Good Standing,CO,7359 Willowdale Dr,,Fountain,CO,80817,SimpleBiz Registered Agent Services LLC,Boulder
20268159289,QORVO US LLC,2026-09-18,DLLC,Good Standing,CO,450 N Keeneland Dr Apt 219,,Richmond,KY,40475,Registered Agents Inc,Denver
20268159296,LLD TRUCKING LLC,2026-09-18,DLLC,Good Standing,CO,11850 Clarkson Ct,,Northglenn,CO,80233,,Northglenn
20268159300,WALLAH COLLECTIVE LLC,2026-09-18,DLLC,Good Standing,CO,6165 E Iliff Ave Apt 412C,,Denver,CO,80222,,Denver
20268159302,KTB Ventures LLC,2026-09-18,DLLC,Good Standing,CO,3346 W 97th Ave,,West Minster,CO,80031,,West Minster
20268159304,MANY FLOORING CONSTRUCTION CORP,2026-09-18,FPC,Good Standing,FL,"826 Denton Blvd, Unit C",,Fort Walton Beach,FL,FL 32547,MSMV ACCOUNTING LLC,Aurora
20268159314,miami goddess llc,2026-09-18,DLLC,Good Standing,CO,928 49th Avenue Ct,,Greeley,CO,80634,,Greeley
20268159322,ZA DOM LLC,2026-09-18,DLLC,Good Standing,CO,7932 Eagle Feather Ct,,Lone Tree,CO,80124,SimpleBiz Registered Agent Services LLC,Boulder
20268159324,AF Marketing Strategy LLC,2026-09-18,DLLC,Good Standing,CO,420 Elk Trl,,Lafayette,CO,80026,,Lafayette
20268159327,"Music and Play COS, LLC",2026-09-18,DLLC,Good Standing,CO,6970 Sparrow Ct,,Colorado Springs,CO,80919,,Colorado Springs
20268159329,"Yeti Defensible Landworks, LLC",2026-09-18,DLLC,Good Standing,CO,10749 Black Forest Dr,,Parker,CO,80138,,Parker
20268159333,"Greene Medical Associates, PLLC",2026-09-18,DLLC,Good Standing,CO,2783 Southshire Rd,,Highlands Ranch,CO,80126,Northwest Registered Agent LLC,Denver
20268159334,"CIOMIT Institute, LLC",2026-09-18,DLLC,Good Standing,CO,90 S Cascade Ave Ste 400,,Colorado Springs,CO,80903,"Law Office of Adam L Weitzel, P.C.",Colorado Springs
20268159341,Harvest & Honey LLC,2026-09-18,DLLC,Good Standing,CO,290 W Alameda Ave,Apt 3-625,Denver,CO,80223,,Denver
20268159345,ANZ Homes LLC,2026-09-18,DLLC,Good Standing,CO,3384 Valentia St,,Denver,CO,80238,,Denver
20268159346,"Building Code Solutions, Inc.",2026-09-18,FO,Good Standing,UT,11757 S Sun Tea Way,,South Jordan,UT,84009,,
20268159347,TC Art Advisory LLC,2026-09-18,DLLC,Good Standing,CO,124 Eagle Rd Unit A,,Avon,CO,81620,,Avon
20268159353,J&S Sports Cards & Collectibles LLC,2026-09-18,DLLC,Good Standing,CO,5305 Raritan Way,,Denver,CO,80221,,Denver
20268159359,The Kirsch Foundation,2026-09-18,FNC,Good Standing,TX,1500 N Grant St,Ste R,Denver,CO,80203,Registered Agents Inc,Denver
20268159362,Jessica Margaret LLC,2026-09-18,DLLC,Good Standing,CO,550 Teocalli Rd Unit B,,Crested Butte,CO,81224,,Crested Butte
20268159365,Open Sky Foundations,2026-09-18,DNC,Good Standing,CO,2721 W Holden Pl Ste 200,,Denver,CO,80204,,Denver
20268159369,TH Medical Solutions LLC,2026-09-18,DLLC,Good Standing,CO,1801 Chestnut Pl Apt 507,,Denver,CO,80202,,Denver
20268159371,Cheidi Holdings: Florida LLC,2026-09-18,DLLC,Good Standing,CO,7274 S Fillmore Cir,,Centennial,CO,80122,,Centennial
20268159377,MountainMullein LLC,2026-09-18,DLLC,Good Standing,CO,11507 Denali Trl,,Peyton,CO,80831,,Peyton
20268159383,7029 Freemont Street LLC,2026-09-18,DLLC,Good Standing,CO,2931 N Franklin St,,Denver,CO,80205,,Denver
20268159388,"Easy Wind Properties, LLC",2026-09-18,DLLC,Good Standing,CO,5062 Yates Cir,,Broomfield,CO,80020,,Broomfield
20268159397,HSL INF LLC,2026-09-18,DLLC,Good Standing,CO,511 N Tejon St Ste 200,,Colorado Springs,CO,80903,"INVESTOR EXCHANGE SERVICES, INC.",Colorado Springs
20268159398,Sunset Park VOA Manager LLC,2026-09-18,DLLC,Good Standing,CO,1660 Duke Street,,Alexandria,VA,22314,CORPORATION SERVICE COMPANY,Littleton
20268159402,Fresh Tracks Properties LLC,2026-09-18,DLLC,Good Standing,CO,1360 Indian Trl Unit 50,,Steamboat Springs,CO,80487,,Steamboat Springs
20268159403,SUNRISE MOONDOWNER LLC,2026-09-18,DLLC,Good Standing,CO,30 W Dory Way,,Black Hawk,CO,80422,,Black Hawk
20268159407,STEADFAST SENIOR SERVICES LLC,2026-09-18,DLLC,Good Standing,CO,282 Berthoud Trl,,Broomfield,CO,80020,SimpleBiz Registered Agent Services LLC,Boulder
20268159411,WESUPPLYCORP INC,2026-09-18,DPC,Good Standing,CO,3480 Lisbon St,,Aurora,CO,80011,"INCORP SERVICES, INC.",DENVER
20268159414,Crown & Empire LLC,2026-09-18,DLLC,Good Standing,CO,8965 E Florida Ave Apt 10101,,Denver,CO,80247,,Denver
20268159415,2931 N Franklin Street LLC,2026-09-18,DLLC,Good Standing,CO,2931 N Franklin St,,Denver,CO,80205,,Denver
20268159426,Mount Royal Nest LLC,2026-09-18,DLLC,Good Standing,CO,400 West Main Street,302,Frisco,CO,80443,,Frisco
20268159427,K&J PLUMBING REMODEL LLC,2026-09-18,DLLC,Good Standing,CO,3280 S Academy Blvd Lot 140,,Colorado Springs,CO,80916,SimpleBiz Registered Agent Services LLC,Boulder
20268159440,Mike homes co llc,2026-09-18,DLLC,Good Standing,CO,9033 E Mansfield Ave,,Denver,CO,80237,,Denver
20268159441,Jagter INF LLC,2026-09-18,DLLC,Good Standing,CO,511 N Tejon St Ste 200,,Colorado Springs,CO,80903,"INVESTOR EXCHANGE SERVICES, INC.",Colorado Springs
20268159443,First Responder Family Psychology INC,2026-09-18,FPC,Good Standing,CA,2222 2nd Street STE16,,Livermore,CA,94550,Colorado Registered Agent LLC,Denver
20268159449,630 Union Street LLC,2026-09-18,DLLC,Good Standing,CO,2931 N Franklin St,,Denver,CO,80205,,Denver
20268159453,JHULJURAAN LLC,2026-09-18,DLLC,Good Standing,CO,9535 Antigua Dr Unit 49,,Fort Collins,CO,80525,"NATIONAL REGISTERED AGENTS, INC.",Centennial
20268159462,Outlaw Remaking and Remodeling LLC,2026-09-18,DLLC,Good Standing,CO,6856 Passing Sky Dr,,Colorado Springs,CO,80911,,Colorado Springs
20268159477,BUSTVORTER NIM LLC,2026-09-18,DLLC,Good Standing,CO,85964 E 62nd Ave,,Aurora,CO,80019,"NATIONAL REGISTERED AGENTS, INC.",Centennial
20268159486,"Jacobson Medical Services, LLC",2026-09-18,FLLC,Good Standing,OH,7257 Wooster Pike,,Cincinnati,CO,45227,,Evergreen
20268159487,"Chad Holmes Ventures, LLC",2026-09-18,DLLC,Good Standing,CO,26 Mountain Laurel Dr,,Littleton,CO,80127,,Littleton
20268159491,GEROFIGRAAF LLC,2026-09-18,DLLC,Good Standing,CO,3615 Melissa Dr,,Loveland,CO,80537,"NATIONAL REGISTERED AGENTS, INC.",Centennial
20268159500,STATICKS DUMP LLC,2026-09-18,DLLC,Good Standing,CO,600 S 11th St,,Rocky Ford,CO,81067,"NATIONAL REGISTERED AGENTS, INC.",Centennial
20268159501,Pynk Slypz Productions LLC,2026-09-18,DLLC,Good Standing,CO,501 3rd,,Hudson,CO,80642,,Hudson
20268159503,Condo Solutions LLC,2026-09-18,DLLC,Good Standing,CO,4899 S Dudley St Apt J21,,Littleton,CO,80123,,Littleton
20268159514,Grounded & Growing Coaching LLC,2026-09-18,DLLC,Good Standing,CO,2993 Osprey Way,,Grand Junction,CO,81503,,Grand Junction
20268159517,"Kind Heart Health & Support Services, LLC",2026-09-18,DLLC,Good Standing,CO,2410 E 110th Pl,,Northglenn,CO,80233,,Northglenn
20268159520,VAMOKS BUILT LLC,2026-09-18,DLLC,Good Standing,CO,5397 Daylily Ln,,Firestone,CO,80504,"NATIONAL REGISTERED AGENTS, INC.",Centennial
20268159521,LEBARON PAINTIN LLC,2026-09-18,DLLC,Good Standing,CO,154 E 500 N,,Jerome,ID,83338,SimpleBiz Registered Agent Services LLC,Boulder
20268159554,THE HEALING TREE FUNCTIONAL NUTRITION LLC,2026-09-18,DLLC,Good Standing,CO,1075 Main Ave Ste 216,,Durango,CO,81301,SimpleBiz Registered Agent Services LLC,Boulder
20268159556,Esmark Steel Group-Northeast Limited Liability Company,2026-09-18,DLLC,Good Standing,CO,4834 Fraser Way,,Denver,CO,80239,,Denver
20268159561,Process Consulting LLC,2026-09-18,DLLC,Good Standing,CO,1521 Hooker St Unit 301,,Denver,CO,80204,,Denver
20268159563,HASS TO HEAR LLC,2026-09-18,DLLC,Good Standing,CO,601 W 173rd Pl,,Broomfield,CO,80023,SimpleBiz Registered Agent Services LLC,Boulder
20268159564,Kirsch International Inc,2026-09-18,FPC,Good Standing,CT,53 Rising Ridge Road,,Ridgefield,CT,06877,Northwest Registered Agent LLC,Denver
20268159568,CLIKA CUTZZ LLC,2026-09-18,DLLC,Good Standing,CO,2435 5th Ave,,Greeley,CO,80631,SimpleBiz Registered Agent Services LLC,Boulder
20268159569,VIC FLOORING LLC,2026-09-18,DLLC,Good Standing,CO,3003 Blackhawk St,,Aurora,CO,80011,,Aurora
20268159572,Apex Elite Outdoors LLC,2026-09-18,DLLC,Good Standing,CO,1425 Deby Pl,,Colorado Springs,CO,80921,,Colorado Springs
20268159581,Sugar and Saffron LLC,2026-09-18,DLLC,Good Standing,CO,20503 E 50th Pl,,Denver,CO,80249,,Denver
20268159596,Larkspur Software LLC,2026-09-18,DLLC,Good Standing,CO,1312 17th St PMB 70538,,Denver,CO,80202,"Young Ventures, Ltd.",Fort Collins
20268159598,"MMAX, INC.",2026-09-18,FPC,Good Standing,VA,10602 Springvale Court,,Great Falls,VA,22066,CORPORATION SERVICE COMPANY,Littleton
20268159602,Thynclad LLC,2026-09-18,DLLC,Good Standing,CO,4845 Pearl East Cir Ste 118 #159226,,Boulder,CO,80301,"UNITED STATES CORPORATION AGENTS, INC.",Greenwood Village
20268159610,LOUISA FLORES LLC,2026-09-18,DLLC,Good Standing,CO,110 16th St #8292,,Denver,CO,80202,MEYER DONNA LLC,Broomfield
20268159613,A&I Facility Services LLC,2026-09-18,DLLC,Good Standing,CO,4204 Andes St,,Denver,CO,80249,,Denver
20268159622,Studio 7544 Ltd.,2026-09-18,DLLC,Good Standing,CO,1601 Edison Ave,,Alamosa,CO,81101,,Alamosa
20268159625,Mile High Property Pros LLC.,2026-09-18,DLLC,Good Standing,CO,1905 N Sherman St Ste 200,,Denver,CO,80203,,Thornton
20268159626,"Wet Nose Holdings, LLC",2026-09-18,DLLC,Good Standing,CO,4911 Clubhouse Cir,,Boulder,CO,80301,The Law Network PC,Centennial
20268159628,Marisela LLC,2026-09-18,DLLC,Good Standing,CO,110 16th St #8292,,Denver,CO,80202,Lenny Joshua Corporation,Aurora
20268159630,Mind & Matter LLC,2026-09-18,DLLC,Good Standing,CO,3309 Trona Vw Apt 207,,Colorado Springs,CO,80920,,Colorado Springs
20268159634,DRYWALL JIMENEZ LLC,2026-09-18,DLLC,Good Standing,CO,751 Elder Ct,,Rifle,CO,81650,,Rifle
20268159636,JC FIELD SERVICE LLC,2026-09-18,DLLC,Good Standing,CO,5175 Grass Mesa Rd,,Rifle,CO,81650,,Rifle
20268159648,Herbst Healthcare Solutions LLC,2026-09-18,DLLC,Good Standing,CO,4304 Prestige Pt,,Colorado Springs,CO,80906,,Colorado Springs
20268159653,MELANCON LAURA LLC,2026-09-18,DLLC,Good Standing,CO,1312 17th Street #7389,,Denver,CO,80202,ORR DONNA LLC,Boulder
20268159657,QR Home Remodeling LLC,2026-09-18,DLLC,Good Standing,CO,2950 Arkins Ct Unit 552,,Denver,CO,80216,,Denver
20268159671,ATSD Inc. Ltd.,2026-09-18,DLLC,Good Standing,CO,7700 E Peakview Ave Apt 157,,Centennial,CO,80111,,Centennial
20268159676,HB 11 LLC,2026-09-18,DLLC,Good Standing,CO,5225 Sodbuster Trl,,Colorado Springs,CO,80917,,Colorado Springs
20268159678,CHERYL TERRESE LLC,2026-09-18,DLLC,Good Standing,CO,1001 Bannock St #6373,,Denver,CO,80204,CONNALLY JACOB LLC,Colorado Springs
20268159687,DREBRKNS LLC,2026-09-18,DLLC,Good Standing,CO,60 Davis Cup Dr Unit 104,,Pagosa Springs,CO,81147,,Pagosa Springs
20268159691,CLEANERS ON DUTY LLC,2026-09-18,DLLC,Good Standing,CO,1625 Kimbark St,,Longmont,CO,80501,,Longmont
20268159695,Carstenson Private Capital LLC,2026-09-18,DLLC,Good Standing,CO,3357 S Quartz St,,Morrison,CO,80465,,Morrison
20268159697,TITIKOJ LLC,2026-09-18,DLLC,Good Standing,CO,7111 W Alameda Ave #5748,,Lakewood,CO,CO 80226,Lenny Joshua Corporation,Aurora
20268159698,All Clear Elite Care LLC,2026-09-18,DLLC,Good Standing,CO,1521 Hooker St Unit 301,,Denver,CO,80204,,Denver
20268159703,Human Method LLC,2026-09-18,DLLC,Good Standing,CO,14010 E Harvard Pl Apt 428,,Aurora,CO,80014,,Aurora
20268159705,BINOY LLC,2026-09-18,DLLC,Good Standing,CO,6212 E Pine Ln #748,,Parker,CO,80138,ORR DONNA LLC,Boulder
20268159707,Qubryntis Technologies Inc,2026-09-18,DPC,Good Standing,CO,1500 N GRANT ST STE R,,DENVER,CO,80203,Registered Agents Inc,Denver
20268159710,"Insurance Scout, Inc.",2026-09-18,FPC,Good Standing,FL,10651 Westminster Blvd,Unit 553,Westminster,CO,80020-4238,Rocky Mountain RA LLC,Denver
20268159711,BINOY MADHUSUDAN LLC,2026-09-18,DLLC,Good Standing,CO,1079 S Hover St #2628,,Longmont,AZ,80501,TITIKOJ LLC,Lakewood
20268159716,Aspen Organic House Cleaning LLC,2026-09-18,DLLC,Good Standing,CO,50591 Highway 6 Trlr 17,,Glenwood Springs,CO,81601,,Glenwood Springs
20268159721,Handz Mobile Detailing LLC,2026-09-18,DLLC,Good Standing,CO,945 Hillside Ridge Pt Apt 205,,Colorado Springs,CO,80903,,Colorado Springs
20268159722,BREON CANDACE LLC,2026-09-18,DLLC,Good Standing,CO,2679 W Main St #5674,,Littleton,AZ,80120,TITIKOJ LLC,Lakewood
20268159727,Telluride Restoration LLC,2026-09-18,DLLC,Good Standing,CO,8714 Highway 62,,Placerville,CO,81430,,Placerville
20268159733,CorazonCards LLC,2026-09-18,DLLC,Good Standing,CO,9975 Wadsworth Pkwy Unit K-2,#257,Westminster,CO,80021,,Broomfield
20268159742,VAIMAUGA LLC,2026-09-18,DLLC,Good Standing,CO,7350 E Progress Pl #458,,Greenwood Village,AZ,80111,BREON CANDACE LLC,Lakewood
20268159754,Jessica Lynn LLC,2026-09-18,DLLC,Good Standing,CO,265 Dillon Ridge Rd #478,,Dillon,AZ,80435,CONNALLY JACOB LLC,Colorado Springs
20268159755,Witt Cleaning LLC,2026-09-18,DLLC,Good Standing,CO,1600 Fillmore St Apt 126,,Denver,CO,80206,,Denver
20268159757,"Story Speech and Voice, LLC",2026-09-18,DLLC,Good Standing,CO,2714 Middlebury Dr,,Highlands Ranch,CO,80126,,Highlands Ranch
20268159761,"CAVEMAN LAB'S, LLC",2026-09-18,DLLC,Good Standing,CO,555 West Greenwood Drive,,GRAND JUNCTION,CO,81507,"CORPORATE SERVICE CENTER, INC.",Denver
20268159764,Calvessire Holdings Ltd,2026-09-18,DNC,Good Standing,CO,c/o 110 North Interstate Highway 35,Suite 315-886,Round Rock Territory,OT,00000,Devitiae corp,Denver
20268159766,NICHOLAS DEANDRE LLC,2026-09-18,DLLC,Good Standing,CO,387 N Corona St #4356,,Denver,AZ,80218,Jessica Lynn LLC,Colorado Springs
20268159769,Crestavon Holdings Ltd,2026-09-18,DNC,Good Standing,CO,c/o 110 North Interstate 35,Suite 315-886,Round Rock Territory,OT,00000,Gadvikian Trust co,Denver
20268159771,Ramtek Cleaning LLC,2026-09-18,DLLC,Good Standing,CO,5576 Riverdale Way,,Denver,CO,80229,,Denver
20268159772,MissionFlow AI LLC,2026-09-18,DLLC,Good Standing,CO,11403 Switzer Park Ln,,Parker,CO,80138,,Parker
20268159777,Megan Rose Photography LLC,2026-09-18,DLLC,Good Standing,CO,2608 Kansas Dr Apt I-158,,Fort Collins,CO,80525,,Fort Collins
20268159788,Valisco LLC,2026-09-18,DLLC,Good Standing,CO,16363 E Fremont Ave Apt 211,,Aurora,CO,80016,,Aurora
20268159791,"OVERLAND PARTNERS, INCORPORATED",2026-09-18,FPC,Good Standing,TX,203 E. Jones Avenue,Unit 104,San Antonio,TX,78215,Registered Agents Inc,Denver
20268159792,SprayFleet LLC,2026-09-18,DLLC,Good Standing,CO,7872 Guinness Way,,Colorado Springs,CO,80951,,Colorado Springs
20268159803,Kingdoms Craftmanship Home Service LLC,2026-09-18,DLLC,Good Standing,CO,5350 W 80th Ave Apt 308C,,Arvada,CO,80003,,Arvada
20268159817,"WONDERBRIDGE LEARNING, LLC",2026-09-18,DLLC,Good Standing,CO,10022 E Montview Blvd,303,Aurora,CO,80010,"CORPORATE SERVICE CENTER, INC.",Denver
20268159818,No Place Like Staceys LLC,2026-09-18,DLLC,Good Standing,CO,1817 14th Ave,,Greeley,CO,80631,,Greeley
20268159819,"Earth+Crafted, LLC",2026-09-18,DLLC,Good Standing,CO,7530 Stephenville Rd,,Peyton,CO,80831,,Peyton
20268159820,Petal & Bead LLC,2026-09-18,DLLC,Good Standing,CO,1751 Julian St,,Denver,CO,80204,,Denver
20268159821,Milk and Honey Acupuncture and Wellness Clinic LLC,2026-09-18,DLLC,Good Standing,CO,328 Spring ST,,Georgetown,CO,80444,,Georgetown
20268159829,FoxTalk,2026-09-18,DNC,Good Standing,CO,13200 E Jewell Ave Unit 101,,Aurora,CO,80012,,Aurora
20268159835,Bloom & Bind LLC,2026-09-18,DLLC,Good Standing,CO,7011 S Washington St,,Centennial,CO,80122,,Centennial
20268159840,TNC1 LLC,2026-09-18,DLLC,Good Standing,CO,2205 W 136th Ave,Ste 106 PMB 10073,Broomfield,CO,80023-9306,3T Insurance LLC,Westminster
20268159843,Romanesco Technologies LLC,2026-09-18,FLLC,Good Standing,WY,300 Nickel St Ste 11 PMB 3027,,Broomfield,CO,80020,,Broomfield
20268159855,Witch & Willow Spellbound Botanicals LLC,2026-09-18,DLLC,Good Standing,CO,1126 26th Ave Apt 103,,Greeley,CO,80634,,Greeley
20268159856,Mani-Cured by Charlee LLC,2026-09-18,DLLC,Good Standing,CO,1730 S College Ave Ste 100,,Fort Collins,CO,80525,,Fort Collins
20268159859,"AO1 Enterprises, LLC",2026-09-18,DLLC,Good Standing,CO,1120 Sunset Way,,Erie,CO,80516,,Erie
20268159863,200 Proof Mechanical LLC,2026-09-18,DLLC,Good Standing,CO,68023 Tulare Rd,,Montrose,CO,81403,"UNITED STATES CORPORATION AGENTS, INC.",Greenwood Village
20268159865,Andy Ecom LLC,2026-09-18,DLLC,Good Standing,CO,1001 S Havana St Apt 101,1001 S Havana St 101,Denver,CO,80012,,Denver
20268159868,Creek to Peak Consulting LLC,2026-09-18,DLLC,Good Standing,CO,1700 Pine Spring Dr,,Bayfield,CO,81122,,Bayfield
20268159874,Chaotic Creating LLC,2026-09-18,DLLC,Good Standing,CO,3432 BLAKE ST,,DENVER,CO,80205,Chaotic Creating LLC,DENVER
20268159875,Mythos Engineering Solutions LLC,2026-09-18,DLLC,Good Standing,CO,7111 Brookvalley Ct,,Timnath,CO,80547,,Timnath
20268159888,Intel H2O Ltd,2026-09-18,DLLC,Good Standing,CO,19260 E Rice Pl,,Aurora,CO,80015,,Aurora
20268159895,"Equality Pagosa, LLC",2026-09-18,DLLC,Good Standing,CO,36 Musket Ct,,Pagosa Springs,CO,81147,,Pagosa Springs
20268159897,MetaD Labs Inc,2026-09-18,DPC,Good Standing,CO,1500 N Grant St Ste R,,Denver,CO,80203,Registered Agents Inc,Denver
20268159906,Enfield Photo and Video LLC,2026-09-18,DLLC,Good Standing,CO,1173 Elbridge Dr,,Elizabeth,CO,80107,,Elizabeth
20268159910,Restora Luxury Accommodations LLC,2026-09-18,DLLC,Good Standing,CO,1296 Royal Troon Dr,,Castle Rock,CO,80104,,Castle Rock
20268159916,Prolife Across America,2026-09-18,FNC,Good Standing,MN,P.O. Box 18669,,Minneapolis,MN,55418,,
20268159917,Florida's Residential Cleaning LLC,2026-09-18,DLLC,Good Standing,CO,3204 Atchison Cir,,Aurora,CO,80011,Registered Agents Inc,Denver
20268159918,Benti Mobility Group LLC,2026-09-18,DLLC,Good Standing,CO,754 S Perry St,,Castle Rock,CO,80104,,Aurora
20268159920,Maestra Plant Obsession LLC,2026-09-18,DLLC,Good Standing,CO,1100 Highland Ridge Way Apt 206,,Castle Rock,CO,80109,Registered Agents Inc,Denver
20268159921,Touriac's Pho Haus LLC,2026-09-18,DLLC,Good Standing,CO,4464 Flanders St,,Denver,CO,80249,Registered Agents Inc,Denver
20268159922,Concept of Color LLC,2026-09-18,DLLC,Good Standing,CO,14545 Hagus Pl,,Parker,CO,80134,Registered Agents Inc,Denver
20268159926,Greenleaf Music LLC,2026-09-18,DLLC,Good Standing,CO,110 S 29th St,,Colorado Springs,CO,80904,,Colorado Springs
20268159933,Aqevron Global Finance Group Ltd,2026-09-18,DPC,Good Standing,CO,"370 17th Street, Republic Plaza",,Denver,CO,80202,Rocky Mountain RA LLC,Denver
20268159935,WD EXPRESS USA LLC,2026-09-18,FLLC,Good Standing,FL,620 Guest st,,Piedmont,SC,29673,,Colorado Springs
20268159936,Lucky Clove Lash Studio LLC,2026-09-18,DLLC,Good Standing,CO,1730 S College Ave Ste 100,,Fort Collins,CO,80525,Registered Agents Inc,Denver
20268159937,OnlyLawns LLC,2026-09-18,DLLC,Good Standing,CO,20802 E Princeton Pl,,Aurora,CO,80013,,Aurora
20268119790,Altona Way LLC,2026-09-17,DLLC,Good Standing,CO,1500 N Grant St,Ste N,Denver,CO,80203,Northwest Registered Agent LLC,Denver
20268139388,Breck Kingdom LLC,2026-09-17,DLLC,Good Standing,CO,305 S Ridge St Unit 4373,,Breckenridge,CO,80424,,Blue River
20268139818,Giam Group LLC,2026-09-17,DLLC,Good Standing,CO,100 N Main St,Unit 212,Breckenridge,CO,80424,,Blue River
20268139992,Breck Briar LLC,2026-09-17,DLLC,Good Standing,CO,109 Lincoln Ave,,Breckenridge,CO,80424,,Blue River
20268140120,Empire Breck LLC,2026-09-17,DLLC,Good Standing,CO,500 S Main ST,2H,Breckenridge,CO,80424,,Blue River
20268152281,North of Ash Limited,2026-09-17,DLLC,Good Standing,CO,943 S Zephyr Ct,,Lakewood,CO,80226,,Lakewood
20268153728,D3 Electrical LLC,2026-09-17,DLLC,Good Standing,CO,1630 Welton St PMB 70143,,Denver,CO,80202,ENTITY PROTECT REGISTERED AGENT SERVICES LLC,Denver
20268153734,Kynix Tech Inc,2026-09-17,DPC,Good Standing,CO,35 5th St Unit 101,,Steamboat Springs,CO,80487,Registered Agents Inc,Denver
20268153736,Elysian Matrix Inc,2026-09-17,DPC,Good Standing,CO,220 E Colorado Ave Suite 102,,Telluride,CO,81435,Registered Agents Inc,Denver
20268153739,Kustomize It Unlimited LLC,2026-09-17,DLLC,Good Standing,CO,"115 Broadway St, x3913",,Eagle,CO,81631,,Eagle
20268153740,Zentara Edge Inc,2026-09-17,DPC,Good Standing,CO,567 Mountain Village Blvd #106a,,Mountain Village,CO,81435,Registered Agents Inc,Denver
20268153758,Bluewave Branding Inc,2026-09-17,DPC,Good Standing,CO,2695 W Eisenhower Blvd Suite 209,,Loveland,CO,80537,Northwest Registered Agent LLC,Denver
20268153761,LunarArc Interactive Inc.,2026-09-17,DPC,Good Standing,CO,110 16th Street Suite 1460,,Denver,CO,80202,Rocky Mountain RA LLC,Denver
20268153768,DIYACRYL INC,2026-09-17,DPC,Good Standing,CO,1500 N GRANT ST,STE R,Denver,CO,80203,Registered Agents Inc,Denver
20268153773,"American JNCN Technology Co., Ltd.",2026-09-17,DPC,Good Standing,CO,1500 N Grant St Ste R,,Denver,CO,80203,Registered Agents Inc,Denver
20268153774,MYLH LLC,2026-09-17,DLLC,Good Standing,CO,1500 N Grant St,Ste N,Denver,CO,80203,Northwest Registered Agent LLC,Denver
20268153775,Jergensen Land & Livestock LLC,2026-09-17,DLLC,Good Standing,CO,25411 County Road 105,,Ramah,CO,80832,Northwest Registered Agent LLC,Denver
20268153777,Kazazc Home LLC,2026-09-17,DLLC,Good Standing,CO,1500 N Grant St,Ste N,Denver,CO,80203,Northwest Registered Agent LLC,Denver
20268153780,NovaPlay Interactive Inc.,2026-09-17,DPC,Good Standing,CO,110 16th Street Suite 1460,,Denver,CO,80202,Rocky Mountain RA LLC,Denver
20268153784,YuanVibe Global Ltd,2026-09-17,DPC,Good Standing,CO,1500 N Grant St Ste R,,Denver,CO,80203,Registered Agents Inc,Denver
20268153788,Huicron Agencia Ltd,2026-09-17,DPC,Good Standing,CO,250 Fillmore St,,Denver,CO,80206,Colorado Registered Agent LLC,Denver
20268153794,Dovaryn Leaf Inc,2026-09-17,DPC,Good Standing,CO,2519 S Shields Street,,Fort Collins,CO,80526,Colorado Registered Agent LLC,Denver
20268153797,MONOCHROME CORPORATION LLC,2026-09-17,DLLC,Good Standing,CO,"7900 East Union Avenue, Suite 1100",,Denver,CO,80237,ZHC INTERNATIONAL GROUP LLC,Denver
20268153801,Vince Dauer LLC,2026-09-17,DLLC,Good Standing,CO,1050 Hobbit St Apt G57,,Fort Collins,CO,80526,,Fort Collins
20268153802,Skyline Digital Works Inc.,2026-09-17,DPC,Good Standing,CO,110 16th Street Suite 1460,,Denver,CO,80202,Rocky Mountain RA LLC,Denver
20268153812,USA Satco Crop Nutrition INC,2026-09-17,DPC,Good Standing,CO,370 17th St,,Denver,CO,80202,Registration Agent Corporation,Denver
20268153815,Banin for Engineering and Investment LLC,2026-09-17,DLLC,Good Standing,CO,1500 N Grant St,Ste N,Denver,CO,80203,Northwest Registered Agent LLC,Denver
20268153819,"QINGHE LIFE TECHNOLOGY CO., LTD.",2026-09-17,DPC,Good Standing,CO,1500 N GRANT ST STE R,,DENVER,CO,80203,Registered Agents Inc,Denver
20268153820,Epics Treasures LLC,2026-09-17,DLLC,Good Standing,CO,2041 51st Ave,,Greeley,CO,80634,,Greeley
20268153824,TUMBLEWEED PASS EXCHANGE LLC,2026-09-17,DLLC,Good Standing,CO,10630 E Bethany Dr,,Aurora,CO,80014,Northwest Registered Agent LLC,Denver
20268153825,Miron Credit Concierge LLC,2026-09-17,DLLC,Good Standing,CO,8601 W Cross Dr Unit F5 # 201,,Littleton,CO,80123,,Littleton
20268153828,LONGTOWN COMMERCE LLC,2026-09-17,DLLC,Good Standing,CO,24112 E Orchard Rd,,AURORA,CO,80016,Northwest Registered Agent LLC,Denver
20268153829,MOSSY ROCK COMMERCE LLC,2026-09-17,DLLC,Good Standing,CO,16701 E lliff Ave,,Aurora,CO,80013,Northwest Registered Agent LLC,Denver
20268153836,Moferianto Wholesale Trading LLC,2026-09-17,DLLC,Good Standing,CO,1500 N Grant St,Ste N,Denver,CO,80203,Northwest Registered Agent LLC,Denver
20268153840,Wild West Mechanical LLC,2026-09-17,DLLC,Good Standing,CO,43396 Long Gulch Rd,,Crawford,CO,81415,,Crawford
20268153842,Huutho llc,2026-09-17,DLLC,Good Standing,CO,1200 Yost St,,Aurora,CO,80011,TanThanh LLC,Fort Collins
20268153843,Nex Cart LLC,2026-09-17,DLLC,Good Standing,CO,1500 N GRANT ST #5871,,DENVER,CO,80203,Registered Agents Inc,Denver
20268153845,LIUHUAWF INC,2026-09-17,DPC,Good Standing,CO,1109 Palmer Ave,,Pueblo,CO,81004,Colorado Official Registered Agent LLC,Denver
20268153846,Dragon prime LLC LLC,2026-09-17,DLLC,Good Standing,CO,1500 N GRANT ST #5371,,DENVER,CO,80203,Northwest Registered Agent LLC,Denver
20268153864,Veritas University,2026-09-17,DNC,Good Standing,CO,1500 N Grant St Unit 528,,Denver,CO,80203,Registered Agents Inc,Denver
20268153866,J.C. Ntrprz LLC,2026-09-17,DLLC,Good Standing,CO,2669 S Quitman St,,Denver,CO,80219,,Denver
20268153871,Timphandze LLC,2026-09-17,DLLC,Good Standing,CO,3210 Cortina Dr,,Colorado Springs,CO,80918,,Colorado Springs
20268153873,Aurowheel Inc,2026-09-17,DPC,Good Standing,CO,1521 Blake St Ste 47010,,Denver,CO,80202,"INCORP SERVICES, INC.",DENVER
20268153876,Path to the Future at the Springs LLC,2026-09-17,DLLC,Good Standing,CO,20194 E Vassar Ave,,Aurora,CO,80013,,Aurora
20268153899,Raxon Trade LLC,2026-09-17,DLLC,Good Standing,CO,3036 42nd ave,,Greeley,CO,80634,EcoFrontier Bags LLC,Denver
20268153903,NEW- PRIME INC,2026-09-17,DPC,Good Standing,CO,2931 S Lansing Way,,Aurora,CO,80014,,Aurora
20268153904,Clear Gen Water LTD.,2026-09-17,DLLC,Good Standing,CO,"10233 S Parker Rd, Parker, CO 80134",suite 300,Parker,CO,80134,,Parker
20268153931,HYDRAMASTER LLC,2026-09-17,DLLC,Good Standing,CO,10190 Harwin Dr # B,,Houston,TX,77036,Registered Agents Inc,Denver
20268153952,Circlengo LLC,2026-09-17,DLLC,Good Standing,CO,351 Madison St,,Twin Falls,ID,83301,Coykzxouy Inc,Englewood
20268153979,Not Hotdog LLC,2026-09-17,DLLC,Good Standing,CO,6428 West 77th Avenue,,Arvada,CO,80003,ZenBusiness Inc.,Denver
20268153983,Undefined Design LLC,2026-09-17,DLLC,Good Standing,CO,120 Edgeview Drive,,Broomfield,CO,80021,,Broomfield
20268153984,Packology pro LLC,2026-09-17,DLLC,Good Standing,CO,"1500 N GRANT ST, STE R",,DENVER,CO,80203,Registered Agents Inc,Denver
20268153985,Discover by Design LLC,2026-09-17,DLLC,Good Standing,CO,53 S Cedar Street,,CARBONDALE,CO,81623-2322,,CARBONDALE
20268153990,CHENCHEN DIY INC,2026-09-17,DPC,Good Standing,CO,1500 N GRANT ST,STE R,Denver,CO,80203,Registered Agents Inc,Denver
20268153997,High Desert Strategies LLC,2026-09-17,DLLC,Good Standing,CO,2519 South Shields Street,Suite 1K #741,Fort Collins,CO,80526,ZenBusiness Inc.,Denver
20268154001,RJ Ochsner Enterprises LLC,2026-09-17,DLLC,Good Standing,CO,1249 S Ceylon St,,Aurora,CO,80017,,Aurora
20268154004,PDM Holdings LLC,2026-09-17,DLLC,Good Standing,CO,1251 S Uravan St,,Aurora,CO,80017,,Aurora
20268154011,"Susie Q Rentals, LLC",2026-09-17,DLLC,Good Standing,CO,11386 County Road 2 S,,Alamosa,CO,81101,,Alamosa
20268154012,Hedgie Games LLC,2026-09-17,DLLC,Good Standing,CO,700 Colorado BLVD #621,,Denver,CO,80206,,Denver
20268154013,Feel Better Now Wellness LLC,2026-09-17,DLLC,Good Standing,CO,9945 W 87th Pl,,Arvada,CO,80005,,Arvada
20268154019,MINIBAG MAVEEN LLC,2026-09-17,DLLC,Good Standing,CO,904 MERRITT DR APT G,,HILLSBOROUGH,NJ,08844,Northwest Registered Agent LLC,Denver
20268154022,KITVOX LLC,2026-09-17,DLLC,Good Standing,CO,326 10th St,,Alamosa,CO,81101,"RITTER EXCAVATION & CONSTRUCTION, INC.",Grand Junction
20268154027,DIGITAL LANE LLC,2026-09-17,DLLC,Good Standing,CO,895 Holly St,,Denver,CO,80220,,Denver
20268154028,Belong Golf LLC,2026-09-17,DLLC,Good Standing,CO,15695 West 52nd Drive,,Golden,CO,80403,,Golden
20268154037,Practical Byte Apps LLC,2026-09-17,DLLC,Good Standing,CO,1500 N Grant St Ste R,,Denver,CO,80203,Registered Agents Inc,Denver
20268154040,FITLOR LLC,2026-09-17,DLLC,Good Standing,CO,903 E Abriendo Ave,,Pueblo,CO,81004,Frederick Ritter,Frisco
20268154047,Melanin in America LLC,2026-09-17,DLLC,Good Standing,CO,1500 N Grant St Ste R,,Denver,CO,80203,Registered Agents Inc,Denver
20268154049,Milk and Honey Pierce Family Farms LLC,2026-09-17,DLLC,Good Standing,CO,1831 S Teller St,,Lakewood,CO,80232,,Lakewood
20268154056,La. Legendary soul food L.L.C.,2026-09-17,DLLC,Good Standing,CO,1840 North Academy Boulevard,,Colorado Springs,CO,80909,ZenBusiness Inc.,Denver
20268154057,"M3SLC Group, Inc.",2026-09-17,DPC,Good Standing,CO,711 Macon Ave,,Canon City,CO,81212,,Canon City
20268154062,AMG International Inc.,2026-09-17,FNC,Good Standing,TN,6615 Standifer Gap Rd,,Chattanooga,TN,37421,Registered Agents Inc,Denver
20268154067,"Consortium of Independent Immunology Clinics, LLC",2026-09-17,FLLC,Good Standing,TX,"1115 Kinwest Parkway, Suite 100",,Irving,TX,75063,"INCORP SERVICES, INC.",DENVER
20268154077,Random Atoms LLC,2026-09-17,DLLC,Good Standing,CO,2112 Sunridge Cir,,Broomfield,CO,80020,,Broomfield
20268154078,Upstream Views LLC,2026-09-17,DLLC,Good Standing,CO,4091 W 53rd Ave,,Denver,CO,80212,,DENVER
20268154082,Chuys Auto LLC,2026-09-17,DLLC,Good Standing,CO,18291 East 52nd Place,,Denver,CO,80249,,Denver
20268154089,Rock Mountain Ranch LLC,2026-09-17,DLLC,Good Standing,CO,8061 Shaffer Pkwy,,Littleton,CO,80127,,Littleton
20268154108,Elvarentix LLC,2026-09-17,DLLC,Good Standing,CO,4621 W. Tufts Ave,,Denver,CO,80236,SilkSoft Towel Industries G LLC,Denver
20268154110,JR Retail L.L.C.,2026-09-17,DLLC,Good Standing,CO,1720 Wazee St Unit 1A,,Denver,CO,80202,,Denver
20268154111,Long Shot Properties LLC,2026-09-17,DLLC,Good Standing,CO,555 South Camino Del Rio,Unit B2,Durango,CO,81301,,Durango
20268154117,Pinni Global INC,2026-09-17,DPC,Good Standing,CO,1500 N GRANT ST STE R,,DENVER,CO,80203,Registered Agents Inc,Denver
20268154119,All in one Renovations and Repairs LLC,2026-09-17,DLLC,Good Standing,CO,17770 E.96TH PLACE,,COMMERCE CITY,CO,80022,,COMMERCE CITY
20268154121,"Freespan Technologies, Inc.",2026-09-17,FPC,Good Standing,DE,4705 Prospect Street,,Littleton,CO,80123,"Incorporating Services, Ltd.",Denver
20268154135,Faveronix LLC,2026-09-17,DLLC,Good Standing,CO,3165 S Poppy St,,MORRISON,CO,80465,SilkSoft Towel Industries G LLC,Denver
20268154136,The Sterling LLC,2026-09-17,DLLC,Good Standing,CO,749 Sawmill Rd,,Durango,CO,81303,,Durango
20268154145,Alvin Feast LLC,2026-09-17,DLLC,Good Standing,CO,2826 E Colfax Ave,,Denver,CO,80206,A Whimsy Bites LLC,Aurora
20268154150,Salt & Light Ltd.,2026-09-17,DLLC,Good Standing,CO,12420 E 160th Ave,,Brighton,CO,80602,,Brighton
20268154151,785 Smuggler LLC,2026-09-17,DLLC,Good Standing,CO,785 Smuggler Ave,,Telluride,CO,81435,Northwest Registered Agent LLC,Denver
20268154154,MY NOODLE SOUP PHO 92 INC,2026-09-17,DPC,Good Standing,CO,12652 W Ken Caryl Ave Unit C,,Littleton,CO,80127,,Littleton
20268154155,Wild Rose Floral LLC,2026-09-17,DLLC,Good Standing,CO,1374 Saint Paul St Apt 6,,Denver,CO,80206,,Denver
20268154164,"Green Start - Colorado, LLC",2026-09-17,FLLC,Good Standing,DE,1654 KING STREET SUITE 9,,Enfield,CT,06082,CORPORATION SERVICE COMPANY,Littleton
20268154169,Nokrin LLC,2026-09-17,DLLC,Good Standing,CO,5536 Calamity Jane Ln,,Colorado Springs,CO,80923,TECO-WESTINGHOUSE MOTOR COMPANY,Littleton
20268154170,"The Brown Deer Personal Warehouse Condominium Development Association, Inc.",2026-09-17,FPC,Good Standing,WI,7200 S. Alton Way,Suite B260,Centennial,CO,80112,"Cyprus Services, LLC",Englewood
20268154174,Beam Holdings LLC,2026-09-17,DLLC,Good Standing,CO,1500 N GRANT ST STE C,,Denver,CO,80203,Registered Agents Inc,Denver
20268154181,GORAND ELECTRIC LLC,2026-09-17,FLLC,Good Standing,NM,9935 Trumbull Ave SE Ste A,,Albuquerque,NM,87123,Registered Agents Inc,Denver
20268154189,J-bam Enterprises LLC,2026-09-17,DLLC,Good Standing,CO,235 Park St,,Lyons,CO,80540,Northwest Registered Agent LLC,Denver
20268154200,B&C LLC,2026-09-17,DLLC,Good Standing,CO,1191 S Bannock St,,Denver,CO,80223,,Denver
20268154201,Aspen Chocolates LLC,2026-09-17,DLLC,Good Standing,CO,4150 Columbine Dr,,Vail,CO,81657,,Vail
20268154203,High Plains Heating & Air LLC,2026-09-17,DLLC,Good Standing,CO,1928 Erin Loop,,Colorado Springs,CO,80918,,Colorado Springs
20268154204,"DIRTMOVERS, LLC",2026-09-17,FLLC,Good Standing,TN,407 Fossil Dr,,Johnstown,CO,80534,"UNITED STATES CORPORATION AGENTS, INC.",Greenwood Village
20268154212,Walk The Line Community LLC,2026-09-17,DLLC,Good Standing,CO,3651 Lorraine Rd,,Larkspur,CO,80118,,Larkspur
20268154214,Same Page Investments LLC,2026-09-17,DLLC,Good Standing,CO,2552 Orangeglory Dr,,Henderson,NV,89052,ZenBusiness Inc.,Denver
20268154218,"Royal Powers Energy, Inc.",2026-09-17,FPC,Good Standing,DE,1893 Saddleback Lane,,Boulder,CO,80303,"CAPITOL CORPORATE SERVICES, INC.",BRIGHTON
20268154222,Higher Grounds Coffee Company LLC,2026-09-17,DLLC,Good Standing,CO,749 Sawmill Rd,,Durango,CO,81303,550 Food Group Inc,Durango
20268154223,"MWPP, LLC",2026-09-17,DLLC,Good Standing,CO,2820 Emporia Ct,,Denver,CO,80238,,Denver
20268154229,Qekrin LLC,2026-09-17,DLLC,Good Standing,CO,465 S Lewis St,,Lakewood,CO,80226,"Ritter Realty, LLC",Grand Junction
20268154230,SIKAND VENTURES INC,2026-09-17,DPC,Good Standing,CO,11346 Eliot Ct,,Denver,CO,80234,,WESTMINSTER
20268154235,Kiss & Tail llc.,2026-09-17,DLLC,Good Standing,CO,5045 W Hinsdale Cir,,Littleton,CO,80128,,Littleton
20268154239,Brooks Finance & Consulting LLC,2026-09-17,DLLC,Good Standing,CO,12912 Wayfarer Cir,,Firestone,CO,80504,,Firestone
20268154240,Aquarius LLC,2026-09-17,DLLC,Good Standing,CO,9348 Otter Rd,,Loveland,CO,80538,,Loveland
20268154267,"3R Ranch, LLC",2026-09-17,DLLC,Good Standing,CO,7100 3R Rd South,,Beulah,CO,81023,,Beulah
20268154278,Rasev LLC,2026-09-17,DLLC,Good Standing,CO,7934 Vectra Dr,,Colorado Springs,CO,80920,RJ Ritter Co.,Longmont
20268154280,Sentient Media,2026-09-17,FNC,Good Standing,CA,2261 Market Street #86748,,San Francisco,CA,94114,COGENCY GLOBAL INC.,Denver
20268154285,Transparent Aviation LLC,2026-09-17,DLLC,Good Standing,CO,24236 E Ottawa Ave,,Aurora,CO,80016,,Aurora
20268154286,R M Enterprise LLC,2026-09-17,DLLC,Good Standing,CO,951 Castle Pines Dr N,,Castle Rock,CO,80108,,Castle Rock
20268154291,Wikiupay Consumer Research Inc,2026-09-17,DPC,Good Standing,CO,"110 16th Street, Suite 1460",,Denver,CO,80202,Rocky Mountain RA LLC,Denver
20268154292,Colorado Ducks LLC,2026-09-17,DLLC,Good Standing,CO,1500 N Grant St,Ste R,Denver,CO,80203,Northwest Registered Agent LLC,Denver
20268154297,Carra Consulting Services LLC,2026-09-17,DLLC,Good Standing,CO,9770 Melody Dr,,Northglenn,CO,80260,,Northglenn
20268154303,Way To Change Counseling LLC,2026-09-17,DLLC,Good Standing,CO,1500 N Grant St,Ste N,Denver,CO,80203,Northwest Registered Agent LLC,Denver
20268154310,RD Barbershop LLC,2026-09-17,DLLC,Good Standing,CO,15163 E Hampden Ave,,Aurora,CO,80014,,Aurora
20268154312,Averon LLC,2026-09-17,DLLC,Good Standing,CO,1500 N Grant St,Ste R,Denver,CO,80203,Northwest Registered Agent LLC,Denver
20268154314,UNIDOS EN FE INC.,2026-09-17,DNC,Good Standing,CO,916 CHAMBERS UNIT B,,EAGLE,CO,81631,,GYPSUM
20268154316,WDW Grand Junction Hotel I Delaware LLC,2026-09-17,FLLC,Good Standing,DE,400 S Colorado Blvd,Ste 700,Denver,CO,80246,WDW Grand Junction Hotel I & II Investment LLC,Denver
20268154321,Somix LLC,2026-09-17,DLLC,Good Standing,CO,16338 E Brunswick Pl,,Aurora,CO,80013,Ritter Property Management LLC,GRAND LAKE
20268154323,Colorado UGC Studio LLC,2026-09-17,DLLC,Good Standing,CO,5685 Vantage Vista Dr,,Colorado Springs,CO,80919,,Colorado Springs
20268154326,Foothills Finds LLC,2026-09-17,DLLC,Good Standing,CO,811 S 5th Ave,,Brighton,CO,80601,,Brighton
20268154335,160 Quandary View Drive LLC,2026-09-17,DLLC,Good Standing,CO,1576 S Josephine St,,Denver,CO,80210,,Denver
20268154336,Lightbridge Corporation,2026-09-17,FPC,Good Standing,NV,11710 Plaza America Drive,Suite 2000,Reston,VA,20190,CORPORATION SERVICE COMPANY,Littleton
20268154340,Arluma Industries LLC,2026-09-17,DLLC,Good Standing,CO,1500 N Grant St,Ste N,Denver,CO,80203,Northwest Registered Agent LLC,Denver
20268154341,Yates Real Estate Holdings LLC,2026-09-17,DLLC,Good Standing,CO,1101 E Bayaud Ave Apt E2402,,Denver,CO,80209,,Denver
20268154347,SinghCoAssociates LLC,2026-09-17,DLLC,Good Standing,CO,3325 S Columbine Cir,,Englewood,CO,80113,,Englewood
20268154349,NB Fencing LLC,2026-09-17,DLLC,Good Standing,CO,1500 N Grant St Ste R,,Denver,CO,80203,Registered Agents Inc,Denver
20268154351,JRW Operations LLC,2026-09-17,DLLC,Good Standing,CO,1500 N Grant St,Ste N,Denver,CO,80203,Northwest Registered Agent LLC,Denver
20268154355,Tokrin LLC,2026-09-17,DLLC,Good Standing,CO,5102 Sweetgrass Ln,,Colorado Springs,CO,80922,"ROSIE'S, LLC",Sterling
20268154360,"Crow Creek Enterprises, LLC",2026-09-17,FLLC,Good Standing,WY,1500 N Grant St,Ste R,Denver,CO,80203,Registered Agents Inc,Denver
20268154364,Create Your Own Story LLC,2026-09-17,DLLC,Good Standing,CO,703 N Tejon St Ste B,,Colorado Springs,CO,80903,,Colorado Springs
20268154373,A Safer Windsor Severance,2026-09-17,DNC,Good Standing,CO,2318 Curtis St,,Denver,CO,80205,"Strategic Compliance, LLC",Denver
20268154377,AZTOU LLC,2026-09-17,DLLC,Good Standing,CO,2020 N Academy Blvd Ste 261 # 4930,,Colorado Springs,CO,80909,REPUBLIC REGISTERED AGENT LLC,Colorado Springs
20268154382,Northglenn Snow Removal L.L.C.,2026-09-17,DLLC,Good Standing,CO,4476 Cottonwood Lakes Blvd,,Thornton,CO,80241,,Thornton
20268154396,Uplev LLC,2026-09-17,DLLC,Good Standing,CO,2541 S Richfield St,,Aurora,CO,80013,"Rosie's Real Estate ""LLC""",Aurora
20268154402,Next Gen Accounting LLC,2026-09-17,DLLC,Good Standing,CO,6020 Erin Park Dr Ste C,,Colorado Springs,CO,80918,,Pueblo
20268154408,Caleb Creates LLC,2026-09-17,DLLC,Good Standing,CO,529 N Nevada Ave Apt 10,,Colorado Springs,CO,80903,,Colorado Springs
20268154410,"Run Colorado, LLC",2026-09-17,DLLC,Good Standing,CO,7444 W Chatfield Ave Ste A,,Littleton,CO,80128,,Littleton
20268154413,VAMS IT CONSULTING LLC,2026-09-17,DLLC,Good Standing,CO,2020 N Academy Blvd Ste 261 # 4931,,Colorado Springs,CO,80909,REPUBLIC REGISTERED AGENT LLC,Colorado Springs
20268154416,CTT Capital LLC,2026-09-17,DLLC,Good Standing,CO,1500 N Grant St Ste N,,Denver,CO,80203,Northwest Registered Agent LLC,Denver
20268154436,ELK Family Holdings LLC,2026-09-17,FLLC,Good Standing,WY,2480 W 107th Dr,,Westminster,CO,80234,Registered Agents Inc,Denver
20268154437,Vemix LLC,2026-09-17,DLLC,Good Standing,CO,5422 Statute Dr,,Colorado Springs,CO,80922,"Dawn M. Rosier, CPA LLC",Grand Junction
20268154441,Upward Boundz LLC,2026-09-17,DLLC,Good Standing,CO,6833 S Dayton St PMB 254,,Greenwood Village,CO,80112,,Greenwood Village
20268154448,"Aspen Breeze Estates Homeowners Association, Inc.",2026-09-17,DNC,Good Standing,CO,2440 J Rd,,Grand Junction,CO,81505,"Wegener Lane & Evans, P.C.",Grand Junction
20268154455,820 16th LLC,2026-09-17,DLLC,Good Standing,CO,684 S Race St,,Denver,CO,80209,,Denver
20268154463,INFINITE RESOURCES PLUS INC.,2026-09-17,FPC,Good Standing,IA,500 SW 7th St,Suite 202,Des Moines,IA,50309,COGENCY GLOBAL INC.,Denver
20268154473,Pam and Clyde Becker LLC,2026-09-17,DLLC,Good Standing,CO,30901 Stagecoach Boulevard Units 101 and 102,,Evergreen,CO,80439,Northwest Registered Agent LLC,Denver
20268154477,My Friends Are Musical LLC,2026-09-17,DLLC,Good Standing,CO,1001 E Bayaud Ave,Unit 1707,Denver,CO,80209,,Denver
20268154496,"Pikes Peak Golden Eagles, LLC",2026-09-17,DLLC,Good Standing,CO,5620 Astoria Way,,Colorado Springs,CO,80919,,Colorado Springs
20268154501,Erick Guzman LLC,2026-09-17,DLLC,Good Standing,CO,505 9th Ave Apt 104,,Greeley,CO,80631,,Greeley
20268154502,El Chingon Panzon LLC,2026-09-17,DLLC,Good Standing,CO,2025 S Xavier St,,Denver,CO,80219,SimpleBiz Registered Agent Services LLC,Boulder
20268154513,"DJ Marine Holdings, LLC",2026-09-17,DLLC,Good Standing,CO,151 S Birch St,,Denver,CO,80246,,Denver
20268154515,Kate Hulburd Fine Art LLC,2026-09-17,DLLC,Good Standing,CO,4500 E Belleview Ave,,Greenwood Village,CO,80121,SimpleBiz Registered Agent Services LLC,Boulder
20268154516,CityAmble LLC,2026-09-17,DLLC,Good Standing,CO,1500 N Grant St Ste R,,Denver,CO,80203,Registered Agents Inc,Denver
20268154517,Bella Lucens LLC,2026-09-17,DLLC,Good Standing,CO,1501 Miner St,#2,Idaho Springs,CO,80452,,Idaho Springs
20268154531,JABEZ LLC,2026-09-17,DLLC,Good Standing,CO,16647 E 13th Ave,,Aurora,CO,80011,,Aurora
20268154536,Mile High Stone Solutions LLC,2026-09-17,DLLC,Good Standing,CO,4860 Newton St,,Denver,CO,80221,,Denver
20268154547,Brad Barnhart Architecture & Design PLLC,2026-09-17,FLLC,Good Standing,TX,1211 Stonewall Trail,,Heath,TX,75032,Northwest Registered Agent LLC,Denver
20268154552,Sapling Holdings LP,2026-09-17,FLP,Good Standing,DE,387 N. Corona St #640,,Denver,CO,80218,C T CORPORATION SYSTEM,Centennial
20268154560,"Craft Room Holdings, LLC",2026-09-17,FLLC,Good Standing,AK,"200 W. 34th Ave., #977",,Anchorage,AK,99503,,Erie
20268154564,Sky Write Media LLC,2026-09-17,DLLC,Good Standing,CO,810 S Laurue Dr,,Pueblo,CO,81007,,Pueblo
20268154572,Emunah Commercial Cleaning LLC,2026-09-17,DLLC,Good Standing,CO,11371 Arbor St Apt A301,,Firestone,CO,80504,,Firestone
20268154590,"3159 maplewood, llc",2026-09-17,DLLC,Good Standing,CO,3390 S Utica St,,Denver,CO,80236,,Denver
20268154592,RYL LLC,2026-09-17,DLLC,Good Standing,CO,1446 Adams St Apt B,,Denver,CO,80206,,Denver
20268154599,The Wild Remembering Collective LLC,2026-09-17,DLLC,Good Standing,CO,110 16th St Ste 1460,,Denver,CO,80202,Rocky Mountain RA LLC,Denver
20268154608,Abide Family Support Inc,2026-09-17,FNC,Good Standing,OK,5401 S Harvard Ave,,Tulsa,CO,74135,,Littleton
20268154611,Spotted Moon Leather LLC,2026-09-17,DLLC,Good Standing,CO,17145 Waterhouse Cir Unit E,,Parker,CO,80134,,Parker
20268154615,"Play Forever, Inc.",2026-09-17,FNC,Good Standing,UT,1526 Ute Blvd,Ste 101,Park City,UT,84098,CORPORATION SERVICE COMPANY,Littleton
20268154620,Velasco Publishing LLC,2026-09-17,DLLC,Good Standing,CO,1834 Vinewood Lane Suite 214,,Pueblo,CO,81005,Steel City Men's health and testosterone LLC,Pueblo
20268154623,Blue Skies Home Services LLC,2026-09-17,DLLC,Good Standing,CO,1500 N Grant St Ste R,,Denver,CO,80203,Registered Agents Inc,Denver
20268154625,Two Spruce Farm LLC,2026-09-17,DLLC,Good Standing,CO,3714 W County Road 2,,Berthoud,CO,80513,,Berthoud
20268154627,LGO Educational Services LLC,2026-09-17,DLLC,Good Standing,CO,14205 Petrel Dr,,Colorado Springs,CO,80921,,Colorado Springs
20268154628,RELIQUARY GROUP LLC,2026-09-17,DLLC,Good Standing,CO,1500 N Grant Street,#11913,Denver,CO,80203,Registered Agents Inc,Denver
20268154632,A Brighter Birthday Inc,2026-09-17,DNC,Good Standing,CO,5723 S Jebel Way,,Centennial,CO,80015,,Centennial
20268154634,"Mila Management, LLC",2026-09-17,DLLC,Good Standing,CO,2771 Odell Dr.,,Erie,CO,80516,,Erie
20268154638,PEPPERCORN CHINESE KITCHEN INC.,2026-09-17,DPC,Good Standing,CO,117 S College Ave,,Fort Collins,CO,80524,,Timnath
20268154642,AVALIS VENTURES LLC,2026-09-17,DLLC,Good Standing,CO,17582 Dandy Brush Dr,,Parker,CO,80134,,Parker
20268154644,CONTOUR PSYCHOLOGY PLLC,2026-09-17,DLLC,Good Standing,CO,110 16th St Ste 1460,,Denver,CO,80202,Rocky Mountain RA LLC,Denver
20268154647,Harris RV Park LLC,2026-09-17,DLLC,Good Standing,CO,14229 County Road 67,,Sheridan Lake,CO,81071,,Sheridan Lake
20268154655,RA EGYPTIAN LLC,2026-09-17,DLLC,Good Standing,CO,1500 N Grant St,#11913,Denver,CO,80203,Registered Agents Inc,Denver
20268154667,Puentes Harm Reduction LLC,2026-09-17,DLLC,Good Standing,CO,110 16th St Ste 1460,,Denver,CO,80202,Rocky Mountain RA LLC,Denver
20268154670,Solid Rock Ministries Colorado,2026-09-17,DNC,Good Standing,CO,1560 8th St,,Limon,CO,80828,,Limon
20268154672,Sammy C Animations LLC,2026-09-17,DLLC,Good Standing,CO,9925 W 20th Ave Apt 7,,Lakewood,CO,80215,,Lakewood
20268154675,ZIBELLAYER OUTERWEAR LLC,2026-09-17,DLLC,Good Standing,CO,"1500 N GRANT ST, STE B",,DENVER,CO,80203,"INCORP SERVICES, INC.",DENVER
20268154676,JZA Installation LLC,2026-09-17,DLLC,Good Standing,CO,792 Castle Valley Blvd Apt B,,New Castle,CO,81647,,New Castle
20268154685,"Finn Helen, LLC",2026-09-17,DLLC,Good Standing,CO,1817 Serramonte Dr,,Fort Collins,CO,80524,"Connor Law, Inc.",Fort Collins
20268154686,Frame Dermatology and Aesthetics LLC,2026-09-17,DLLC,Good Standing,CO,1014 S Ogden St,,Denver,CO,80209,MESSNER REEVES LLP,Denver
20268154687,Marisa Dolce LLC,2026-09-17,DLLC,Good Standing,CO,2500 E Cherry Creek South Dr Apt 313,,Denver,CO,80209,,Denver
20268154694,AIPI Holdings LLC,2026-09-17,DLLC,Good Standing,CO,128 Silver Leaf Way,,Castle Rock,CO,80108,"Nygard Advisors, LLC",Lakewood
20268154697,Wokrin LLC,2026-09-17,DLLC,Good Standing,CO,1557 S Granby St,,Aurora,CO,80012,Rosie M.H. Kitchen and Bath LLC,Denver
20268154703,Weldon Inspection Consulting LLC,2026-09-17,DLLC,Good Standing,CO,89 Saw Mill Rd,,Evergreen,CO,80439,,Keystone
20268154706,MM INTEGRAL SOLUTIONS LLC,2026-09-17,DLLC,Good Standing,CO,1313 w ohio ave,lot 1 A,GUNNISON,CO,81230,,GUNNISON
20268154708,Crestone Consulting Limited Liability Company,2026-09-17,DLLC,Good Standing,CO,40 Hercules Ct,,Colorado Springs,CO,80905,,Colorado Springs
20268154710,"MPG Holdings One, LLC",2026-09-17,FLLC,Good Standing,AK,"200 W. 34th Ave., #977",,Anchorage,AK,99503,,Erie
20268154712,Pavencrete.com LLC,2026-09-17,DLLC,Good Standing,CO,1423 Hughesville Rd,,Black Hawk,CO,80422,,Black Hawk
20268154726,Trek & Venture LLC,2026-09-17,DLLC,Good Standing,CO,1185 South Beech Drive,APT 7105,Lakewood,CO,80228,,Lakewood
20268154728,BT-LLC,2026-09-17,FLLC,Good Standing,WI,33551 Co Rd 361,,Buena Vista,CO,81211,,Buena Vista
20268154732,JP CAFE 015 LLC,2026-09-17,DLLC,Good Standing,CO,1565 W US Highway 50 Ste C,,Pueblo,CO,81008,,NORTHGLENN
20268154733,Admin Legends LLC,2026-09-17,DLLC,Good Standing,CO,2455 S Gaylord St Apt 3,,Denver,CO,80210,,Denver
20268154734,Xasev LLC,2026-09-17,DLLC,Good Standing,CO,1025 Keith Dr,,Colorado Springs,CO,80916,Rosie's Day Diner LLC,Centennial
20268154735,Food Health Collective Inc.,2026-09-17,FPC,Good Standing,DE,1000 N West St,Ste 1200,Wilmington,DE,19801,Registered Agents Inc,Denver
20268154736,Campion Partners LLC,2026-09-17,DLLC,Good Standing,CO,730 S 46th St,,Boulder,CO,80305,"HUTCHINSON BLACK AND COOK, LLC",Boulder
20268154752,Areli Photography LLC,2026-09-17,DLLC,Good Standing,CO,9576 County Road 24,,Fort Lupton,CO,80621,,Fort Lupton
20268154759,ClearPath Special Education Services LLC,2026-09-17,DLLC,Good Standing,CO,1135 Tari Pl,,Colorado Springs,CO,80921,"UNITED STATES CORPORATION AGENTS, INC.",Greenwood Village
20268154761,High Country IT LLC,2026-09-17,DLLC,Good Standing,CO,292 E Park Ave,,Empire,CO,80438,,Empire
20268154770,Fireline Mitigation and Assessment LLC,2026-09-17,DLLC,Good Standing,CO,2261 County Road 250,,Durango,CO,81301,Northwest Registered Agent LLC,Denver
20268154771,Yomix LLC,2026-09-17,DLLC,Good Standing,CO,12194 Glencoe St,,Thornton,CO,80241,Run Rosie LLC,Basalt
20268154777,LGS LANDSCAPING SERVICES LLC,2026-09-17,DLLC,Good Standing,CO,9256 Myrna Pl,,Thornton,CO,80229,"UNITED STATES CORPORATION AGENTS, INC.",Greenwood Village
20268154786,MM Cookies Berthoud LLC,2026-09-17,DLLC,Good Standing,CO,330 Mountain Ave,,Berthoud,CO,80513,,Berthoud
20268154787,Eternal Life Consulting LLC,2026-09-17,DLLC,Good Standing,CO,2271 Big Sands Way,1375,Crestone,CO,81131,,Crestone
20268154812,Zekrin LLC,2026-09-17,DLLC,Good Standing,CO,2908 Tulane Dr,,Fort Collins,CO,80525,"Suss Buick GMC, INC.",Denver
20268154826,"The Law Office of Michael J. Goodman, PLLC",2026-09-17,FO,Good Standing,AZ,935 E. Main St.,Suite 205,Mesa,AZ,85203,Registered Agents Inc,Denver
20268154838,good juju llc,2026-09-17,DLLC,Good Standing,CO,2423 Monterey Rd,,Colorado Springs,CO,80910,,Colorado Springs
20268154842,Longmont Log Cabin LLC,2026-09-17,DLLC,Good Standing,CO,233 Main St,,Longmont,CO,80501,,Boulder
20268154848,"ABW Lender Pool 2, LLC",2026-09-17,DLLC,Good Standing,CO,5975 S Quebec St #275,,Centennial,CO,80111,,Englewood
20268154849,2454 Common LLC,2026-09-17,DLLC,Good Standing,CO,3950 Midland Ave Ste F-2,,Glenwood Springs,CO,81601,,Glenwood Springs
20268154855,Readabop LLC,2026-09-17,DLLC,Good Standing,CO,6083 S Lima St,,Englewood,CO,80111,,Englewood
20268154856,Blokin LLC,2026-09-17,DLLC,Good Standing,CO,12022 Eudora Ct,,Thornton,CO,80241,"SCOTT SUSSMAN, P.C.",Dillon
20268154857,Her Parallel L.L.C,2026-09-17,DLLC,Good Standing,CO,5961 S Fairfield Way,,Littleton,CO,80120,,Littleton
20268154861,ZELV Performance LLC,2026-09-17,DLLC,Good Standing,CO,1503 1/2 W Cheyenne Rd,,Colorado Springs,CO,80906,,Colorado Springs
20268154863,Lucky 13 Auto Lab LLC,2026-09-17,DLLC,Good Standing,CO,2010 Wold Ave,,Colorado Springs,CO,80909,,Colorado Springs
20268154868,RTFM Industries LLC,2026-09-17,DLLC,Good Standing,CO,3645 Brentwood Ter,,Colorado Springs,CO,80910,,Colorado Springs
20268154873,Howtheyfix LLC,2026-09-17,DLLC,Good Standing,CO,1632 W 167th Ave,,Broomfield,CO,80023,,Broomfield
20268154876,Camp Chair Studios LLC,2026-09-17,DLLC,Good Standing,CO,735 S Lafayette Drive,Apt D131,Lafayette,CO,80026,,Lafayette
20268154889,Valley Lawn Cemetery Operations LLC,2026-09-17,DLLC,Good Standing,CO,1580 N Logan St Ste 660 #215358,,Denver,CO,80203,"UNITED STATES CORPORATION AGENTS, INC.",Greenwood Village
20268154891,2488 Common LLC,2026-09-17,DLLC,Good Standing,CO,3950 Midland Ave Ste F-2,,Glenwood Springs,CO,81601,,Glenwood Springs
20268154899,"Wheelhouse Interactive, LLC",2026-09-17,FLLC,Good Standing,WA,2296 W COMMODORE WAY STE 300,,Seattle,WA,98199,Registered Agents Inc,Denver
20268154904,"Alliance Design Group, LLC",2026-09-17,FO,Good Standing,LA,"1439 Centre Court, Ste 401",,Alexandria,LA,71301,C T CORPORATION SYSTEM,Centennial
20268154907,Amele LLC,2026-09-17,DNC,Good Standing,CO,5491 S Bahama CT,,Centennial,CO,80015,AmharaSAT,Aurora
20268154918,conversion line LLC,2026-09-17,DLLC,Good Standing,CO,1580 N Logan St Ste 660 #774400,,Denver,CO,80203,"UNITED STATES CORPORATION AGENTS, INC.",Greenwood Village
20268154920,2526 Common LLC,2026-09-17,DLLC,Good Standing,CO,3950 Midland Ave Ste F-2,,Glenwood Springs,CO,81601,,Glenwood Springs
20268154921,Crokev LLC,2026-09-17,DLLC,Good Standing,CO,6174 Desoto Dr,,Colorado Springs,CO,80922,"SAM AND ROSIE, LLC",Colorado Springs
20268154926,Certified Tattoo Suites Franchising LLC,2026-09-17,DLLC,Good Standing,CO,8025 W Colfax Ave,,Lakewood,CO,80214,,Lakewood
20268154927,Galter LLC,2026-09-17,DLLC,Good Standing,CO,790 Nova Rd,,Pine,CO,80470,,Pine
20268154928,Only Green Grass LLC,2026-09-17,DLLC,Good Standing,CO,42833 Ivydel St,,Elizabeth,CO,80107,,Elizabeth
20268154931,HIGHLAND CREEK ESSENTIALS LLC,2026-09-17,DLLC,Good Standing,CO,5115 Quitman St,,Denver,CO,80212,Northwest Registered Agent LLC,Denver
20268154935,"Nuevo Vita, LLC",2026-09-17,DLLC,Good Standing,CO,129 Santiago St,,Frederick,CO,80530,,Frederick
20268154937,2LEGIT Industries LLC,2026-09-17,DLLC,Good Standing,CO,5959 Dunkirk St Apt 5308,,Denver,CO,80249,,Denver
20268154938,"Llama Media, LLC",2026-09-17,DLLC,Good Standing,CO,3493 Janus Dr,,Loveland,CO,80537,,Loveland
20268154949,CUOIU Consulting LLC,2026-09-17,DLLC,Good Standing,CO,6720 Handies Peak Ct,,Castle Rock,CO,80108,,Castle Rock
20268154950,2552 Common LLC,2026-09-17,DLLC,Good Standing,CO,3950 Midland Ave Ste F-2,,Glenwood Springs,CO,81601,,Glenwood Springs
20268154955,VEERA KHARE CO,2026-09-17,FPC,Good Standing,TN,440 S. Lincoln Avenue,Suite B205,Steamboat Springs,CO,80487,,Steamboat Springs
20268154956,MAVE,2026-09-17,DNC,Good Standing,CO,1525 W Nevada Pl,,Denver,CO,80223,,Denver
20268154957,InfusioNet LLC,2026-09-17,DLLC,Good Standing,CO,1024 Tucker Gulch Dr,,Golden,CO,80403,,Golden
20268154963,Campbell Oil Company,2026-09-17,FPC,Good Standing,NC,418 Peanut Road,,Elizabethtown,NC,28337,"CSC Colorado, Inc.",Longmont
20268154966,Dyvix LLC,2026-09-17,DLLC,Good Standing,CO,5280 S Jebel St,,Centennial,CO,80015,Sussex Group Brew Property 3 LLC,Castle Rock
20268154969,"Maglia, LLC",2026-09-17,DLLC,Good Standing,CO,1150 Button Rock Dr,,Longmont,CO,80504,,Longmont
20268154971,Luchette Properties llc,2026-09-17,DLLC,Good Standing,CO,4200 W 17th Ave Unit 230,,Denver,CO,80204,,Denver
20268154976,Affordable Gutter Guards LLC,2026-09-17,DLLC,Good Standing,CO,4262 S Ireland Ct,,Aurora,CO,80013,,Aurora
20268154979,Lone Tree Senior Insurance LLC,2026-09-17,DLLC,Good Standing,CO,13509 Antares Dr,,Littleton,CO,80124,,Littleton
20268154983,Adventure Apparel LLC,2026-09-17,DLLC,Good Standing,CO,324 Mountain Top Rd,,Durango,CO,81303,Northwest Registered Agent LLC,Denver
20268154989,Kairos Crystals LLC,2026-09-17,DLLC,Good Standing,CO,3960 Dudley St,,Wheat Ridge,CO,80033,,Wheat Ridge
20268154996,"A.M. Gervasini, LLC",2026-09-17,DLLC,Good Standing,CO,5600 S Alexander Court,,Greenwood Village,CO,80121,,Greenwood Village
20268155000,S & A Services llc,2026-09-17,DLLC,Good Standing,CO,7079 Galapago St,,Denver,CO,80221,,Denver
20268155002,Revolving Engine Shift Holdings LLC,2026-09-17,DLLC,Good Standing,CO,2500 s Abilene #441282,,Aurora,CO,80014,,Aurora
20268155005,YORSEEN LLC,2026-09-17,DLLC,Good Standing,CO,622 Foxtail Drive,,Fairplay,CO,80440,Colorado Registered Agents,Denver
20268155014,"Smart Move Loveland, LLC",2026-09-17,DLLC,Good Standing,CO,475 Lavastone Ave,,Loveland,CO,80537,,Loveland
20268155025,Eplok LLC,2026-09-17,DLLC,Good Standing,CO,39 Mac Arthur Rd,,Pueblo,CO,81001,CUERNO VERDE OWNERS ASSOCIATION,Colorado Springs
20268155029,SAS CAPITAL LLC,2026-09-17,DLLC,Good Standing,CO,609 S Cascade Ave Apt 527,,Colorado Springs,CO,80903,,Colorado Springs
20268155035,The Little Bakehouse LLC,2026-09-17,DLLC,Good Standing,CO,737 S County Road 674,,Breckenridge,CO,80424,,Breckenridge
20268155042,"Fox Enterprises, Inc",2026-09-17,FPC,Good Standing,KY,408 Jason Dr. Ste. 105,,Richmond,KY,40475,C T CORPORATION SYSTEM,Centennial
20268155043,"Cambodia Property Ownership Company, LLC",2026-09-17,DLLC,Good Standing,CO,7025 Campus Dr,,Colorado Springs,CO,80920,Engineering Ministries International Global,Colorado Springs
20268155045,LadyLex Designs LLC,2026-09-17,DLLC,Good Standing,CO,1224 E 6th Ave,,Denver,CO,80218,,Denver
20268155053,"SuperFine Designs, LLC",2026-09-17,DLLC,Good Standing,CO,830 N Cedar St,,Colorado Springs,CO,80903,,Colorado Springs
20268155055,Tiffany Rosen LLC,2026-09-17,DLLC,Good Standing,CO,865 Albion St Ste 250,,Denver,CO,80220,,Denver
20268155058,Centauro Tax Services LLC,2026-09-17,DLLC,Good Standing,CO,13697 E Iliff Ave Ste 6,,Aurora,CO,80014,,Aurora
20268155063,451 Saw Mill Creek LLC,2026-09-17,FLLC,Good Standing,DE,5142 HOLLISTER AVENUE #282,,SANTA BARBARA,CA,93111,CORPORATION SERVICE COMPANY,Littleton
20268155066,"SPUD SOCIAL CO, LLC",2026-09-17,DLLC,Good Standing,CO,1905 Sherman St,1422,Denver,CO,80203,"CORPORATE SERVICE CENTER, INC.",Denver
20268155067,GRAND PROPERTY MAINTENANCE LLC,2026-09-17,DLLC,Good Standing,CO,1500 N Grant St STE 38367,,Denver,CO,80203,Colorado Registered Agent LLC,Denver
20268155071,MNL Strategic Advisory LLC,2026-09-17,DLLC,Good Standing,CO,3799 S Willow St,,Denver,CO,80237,,Denver
20268155073,Goat Boys Junk and Brush Removal LLC,2026-09-17,DLLC,Good Standing,CO,8085 Moore St,,Arvada,CO,80005,,Arvada
20268155078,North Star Digital L.L.C.,2026-09-17,DLLC,Good Standing,CO,4545 E Warren Ave Unit 362,,Denver,CO,80222,,Denver
20268155081,Colorado Moving Boxes LLC,2026-09-17,DLLC,Good Standing,CO,4640 Chaparral Rd,,Colorado Springs,CO,80917,,Colorado Springs
20268155088,Sacred Energy LLC,2026-09-17,DLLC,Good Standing,CO,8946 W. Prentice Ave.,,Littleton,CO,80123,,Littleton
20268155089,JRL - Pine Hospitality LLC,2026-09-17,DLLC,Good Standing,CO,29186 Pine Rd,,Evergreen,CO,80439,,Evergreen
20268155091,Wurfel IT LLC,2026-09-17,DLLC,Good Standing,CO,"Brookhollow Central III, 2950 N Loop W #500",,Houston,TX,77092,Northwest Registered Agent LLC,Denver
20268155092,Frovin LLC,2026-09-17,DLLC,Good Standing,CO,5645 S Bellaire Ct,,Greenwood Village,CO,80121,"CUESTIX, INC.",Lafayette
20268155100,CMBK 662 Properties LLC,2026-09-17,DLLC,Good Standing,CO,1500 N Grant St Ste R,,Denver,CO,80203,Registered Agents Inc,Denver
20268155101,Bearing True LLC,2026-09-17,DLLC,Good Standing,CO,1500 N Grant St Ste R,,Denver,CO,80203,Registered Agents Inc,Denver
20268155104,B&Ks SNACKS LLC,2026-09-17,DLLC,Good Standing,CO,16835 Huron St Apt 108,,Broomfield,CO,80023,,Broomfield
20268155119,Red Tail Roasters LLC,2026-09-17,DLLC,Good Standing,CO,450 Red Tail Trl,,Evergreen,CO,80439,,Evergreen
20268155147,Gyvok LLC,2026-09-17,DLLC,Good Standing,CO,5704 Huerfano Dr,,Colorado Springs,CO,80923,AMERICAN CUESPORTS ALLIANCE,Florence
20268155158,"Yamabushi Training Group, LLC",2026-09-17,DLLC,Good Standing,CO,6802 Edgewood Dr,,Highlands Ranch,CO,80130,,Highlands Ranch
20268155160,"Rathan, LLC",2026-09-17,DLLC,Good Standing,CO,"41310 US Hwy 6, Unit CD1",,Avon,CO,81620,"MT Registered Agents, LLC",Avon
20268155185,"CIVCO Engineering, Inc.",2026-09-17,FPC,Good Standing,UT,1256 W 400 S,Suite 1,Vernal,UT,84078,Northwest Registered Agent LLC,Denver
20268155211,Silverado Pilot Car Service LLC,2026-09-17,DLLC,Good Standing,CO,5676 US Highway 385,,Idalia,CO,80735,,Idalia
20268155213,Colnago & Clausewitz LLC,2026-09-17,DLLC,Good Standing,CO,11611 W Quarles Ave,,Littleton,CO,80127,,Littleton
20268155218,River & Pine Advocacy LLC,2026-09-17,DLLC,Good Standing,CO,2985 Brookwood Dr,,Grand Junction,CO,81504,,Grand Junction
20268155223,Pikes Peak Total Property Care LLC,2026-09-17,DLLC,Good Standing,CO,6979 Silverwind Circle,,Colorado Springs,CO,80923,,Colorado Springs
20268155227,H.E.L.P INC.,2026-09-17,DNC,Good Standing,CO,3636 Boardwalk,,Evans,CO,80620,"CORPORATE SERVICE CENTER, INC.",Denver
20268155230,Lifting Burdens LLC,2026-09-17,DLLC,Good Standing,CO,300 Horse Thief Ln,,Durango,CO,81301,,Durango
20268155231,Hplex LLC,2026-09-17,DLLC,Good Standing,CO,8 Mac Arthur Rd,,Pueblo,CO,81001,"Cuesta Verde, LLC",Grand Junction
20268155235,"Upstream Policy Institute, Inc.",2026-09-17,FNC,Good Standing,GA,300 Newsom St,,Durham,NC,27704,"INCORP SERVICES, INC.",DENVER
20268155237,BB Holdings 2 LLC,2026-09-17,DLLC,Good Standing,CO,5104 Hearthstone Ln,,Colorado Springs,CO,80919,,Colorado Springs
20268155244,Brianna Designs LLC,2026-09-17,DLLC,Good Standing,CO,1760 Vine St,,Denver,CO,80206,,Denver
20268155266,Edge Project Consulting LLC,2026-09-17,DLLC,Good Standing,CO,11405 E Cimmarron Dr,,Englewood,CO,80111,,Englewood
20268155274,Foothills Screen Co. LLC,2026-09-17,DLLC,Good Standing,CO,9412 Crestmore Way,,Highlands Ranch,CO,80126,,Highlands Ranch
20268155275,Creed Management LLC,2026-09-17,DLLC,Good Standing,CO,225 Main St,,Wiggins,CO,80654,Creed Group LLC,Centennial
20268155278,OPPORTUNITY INTERNATIONAL,2026-09-17,FNC,Good Standing,IL,"101 N. Wacker Dr., Ste 1150",,Chicago,IL,60606,,DENVER
20268155281,Endogenus LLC,2026-09-17,DLLC,Good Standing,CO,1500 N GRANT ST STE C,,Denver,CO,80203,Registered Agents Inc,Denver
20268155291,4 O'Chocolate Wildland Firefighter Project,2026-09-17,DNC,Good Standing,CO,611 W 12th St,,Glenwood Springs,CO,81601,,Glenwood Springs
20268155296,Tauer Mobile Automotive LLC,2026-09-17,DLLC,Good Standing,CO,4017 Wakely Dr,,Colorado Springs,CO,80909,"UNITED STATES CORPORATION AGENTS, INC.",Greenwood Village
20268155300,Colorado Commercial Cleaning LLC,2026-09-17,DLLC,Good Standing,CO,4555 W 8th Ave Apt 104,,Denver,CO,80204,,Denver
20268155302,3 Jacks Investments LLC,2026-09-17,DLLC,Good Standing,CO,7302 Ellis St,,Arvada,CO,80005,,Arvada
20268155303,Isvin LLC,2026-09-17,DLLC,Good Standing,CO,7391 S Carr Ct,,Littleton,CO,80128,"Cuesta Verde, LLC",Grand Junction
20268155306,Second Nature Tech LLC,2026-09-17,DLLC,Good Standing,CO,5940 S Fairplay St,,Centennial,CO,80016,,Centennial
20268155324,Timberlain Holdings LLC,2026-09-17,DLLC,Good Standing,CO,6824 Olympus Dr,,Evergreen,CO,80439,,Evergreen
20268155332,24k Colorado Green Gold LLC,2026-09-17,DLLC,Good Standing,CO,7724 S Brentwood St,,Littleton,CO,80128,"UNITED STATES CORPORATION AGENTS, INC.",Greenwood Village
20268155335,Funky Town BRC LLC,2026-09-17,DLLC,Good Standing,CO,2235 Edgewood Dr,,Boulder,CO,80304,,Boulder
20268155337,AZcutz LLC,2026-09-17,DLLC,Good Standing,CO,7687 Marin Ct,,Lone Tree,CO,80124,,Lone Tree
20268155338,Educational Equity Consultants,2026-09-17,DNC,Good Standing,CO,2949 Federal Blvd,,Denver,CO,80211,,Denver
20268155341,Kryvok LLC,2026-09-17,DLLC,Good Standing,CO,4972 Webb Dr,,Colorado Springs,CO,80916,cuerpos del luz,Boulder
20268155354,Chase Burford LLC,2026-09-17,DLLC,Good Standing,CO,3810 N Franklin St,,Denver,CO,80205,,Denver
20268155356,Gillette Property Solutions LLC,2026-09-17,DLLC,Good Standing,CO,7871 W 51st Ave Unit B,,Arvada,CO,80002,,Arvada
20268155359,"FlyV2 Partners, LLC",2026-09-17,DLLC,Good Standing,CO,1410 Catamaran Ln,,Monument,CO,80132,"The Law Office of Kevin R. Hancock, LLC",Colorado Springs
20268155366,Darling Distortion LLC,2026-09-17,DLLC,Good Standing,CO,18859 Green Valley Rd,,Cedaredge,CO,81413,,Cedaredge
20268155367,"It's About Thyme, Ltd.",2026-09-17,DLLC,Good Standing,CO,306 Main St PMB 550,,Canon City,CO,81212,,Canon City
20268155376,Bearclaw Productions LLC,2026-09-17,FLLC,Good Standing,MT,2232 Majestic Circle,,Montrose,CO,81401,,Montrose
20268155381,CLEAN HOME SERVICES LLC,2026-09-17,DLLC,Good Standing,CO,7921 Robin Ln,,Denver,CO,80221,,Denver
20268155382,Junk Punks LLC,2026-09-17,DLLC,Good Standing,CO,8122 Ames Way,,Arvada,CO,80003,,Arvada
20268155393,"ADC - Four Corners, LLC",2026-09-17,FLLC,Good Standing,United States,19601 N Black Canyon Hwy,STE 201,Phoenix,AZ,85027,C T CORPORATION SYSTEM,Centennial
20268155398,Humans in Common LLC,2026-09-17,DLLC,Good Standing,CO,3132 W 26th Ave,,Denver,CO,80211,,Denver
20268155401,Stronger Democracy For Aurora,2026-09-17,DNC,Good Standing,CO,2701 Lawrence St,,Denver,CO,80205,,Denver
20268155404,Phelan-McDermid Syndrome Foundation,2026-09-17,FNC,Good Standing,FL,8 Sorrento Drive,,Osprey,FL,34229,,Parlin
20268155405,Buhsiness Ventures LLC,2026-09-17,DLLC,Good Standing,CO,1580 N Logan St Ste 660 #933284,,Denver,CO,80203,"UNITED STATES CORPORATION AGENTS, INC.",Greenwood Village
20268155411,Employer Retirement Plan Advisors LLC,2026-09-17,DLLC,Good Standing,CO,1500 N GRANT ST,STE N,DENVER,CO,80203,Northwest Registered Agent LLC,Denver
20268155413,JDA ELECTRICIANS LLC,2026-09-17,DLLC,Good Standing,CO,5895 Ceylon St Unit 8153,,Denver,CO,80249,,Denver
20268155415,Creekside Brands LLC,2026-09-17,DLLC,Good Standing,CO,1500 N Grant St,Ste N,Denver,CO,80203,Northwest Registered Agent LLC,Denver
20268155416,Ranchito Lindo LLC,2026-09-17,DLLC,Good Standing,CO,128 N McKinley Ave,,Fort Collins,CO,80521,,Fort Collins
20268155419,McKay Enterprises LLC,2026-09-17,DLLC,Good Standing,CO,3003 Valmont Rd Lot 159,,Boulder,CO,80301,,Boulder
20268155425,Aeon,2026-09-17,FNC,Good Standing,MN,"901 N. 3rd Street, Ste 150",,Minneapolis,MN,55401,COGENCY GLOBAL INC.,Denver
20268155426,Elkhorn Ridge LLC,2026-09-17,DLLC,Good Standing,CO,3141 Elkhorn Road,,Cotopaxi,CO,81223,Hutchins & Associates LLC,Denver
20268155427,Lucky Clover LLC,2026-09-17,DLLC,Good Standing,CO,1312 17th street,#459,Denver,CO,80202,,Denver
20268155430,Golden Gate Canyon Community Center,2026-09-17,DNC,Good Standing,CO,25201 Golden Gate Canyon Rd,,Golden,CO,80403,,Golden
20268155434,AMG Stone LLC,2026-09-17,DLLC,Good Standing,CO,1600 Branding Iron Dr,,Montrose,CO,81401,,Montrose
20268155450,Proline Processing LLC,2026-09-17,DLLC,Good Standing,CO,542 E Hardy St,,Republic,MO,65738,Northwest Registered Agent LLC,Denver
20268155469,ASH Olympus Lodge LLC,2026-09-17,DLLC,Good Standing,CO,2365 Big Thompson Ave,,Estes Park,CO,80517,"Hochstetler Interests, Inc.",Estes Park
20268155471,SACRED CONNECTION JOURNEYS LLC,2026-09-17,DLLC,Good Standing,CO,1369 N GILPIN ST,,DENVER,CO,80218,BUSINESS FILINGS INCORPORATED,Centennial
20268155472,"ROYAL J. MARTIN INSURANCE AGENCY, INCORPORATED",2026-09-17,FPC,Good Standing,CA,1515 REEVES DR,,FORT COLLINS,CO,80526,,Fort Collins
20268155474,Straight Up Offer LLC,2026-09-17,DLLC,Good Standing,CO,3773 E Cherry Creek North Dr Ste 535,,Denver,CO,80209,,Denver
20268155476,SourceProducts LLC,2026-09-17,DLLC,Good Standing,CO,8800 W 116th Cir Unit 7041,,Broomfield,CO,80021,,Westminster
20268155477,19Aries LLC,2026-09-17,DLLC,Good Standing,CO,4747 County Road 191,,Westcliffe,CO,81252,,Westcliffe
20268155478,The Botanical Esthetic LLC,2026-09-17,DLLC,Good Standing,CO,12245 Voyager Pkwy st 168,,Colorado Springs,CO,80921,,Colorado Springs
20268155481,Colina Peak Trading LLC,2026-09-17,DLLC,Good Standing,CO,4545 Davenport Way,,Denver,CO,80239,,Denver
20268155491,MW Strategic Collective LLC,2026-09-17,DLLC,Good Standing,CO,1500 N Grant St,Ste N,Denver,CO,80203,Northwest Registered Agent LLC,Denver
20268155492,"York Enterprises Group I, LLC",2026-09-17,FLLC,Good Standing,AZ,3441 E. HARBOUR DR.,,PHOENIX,AZ,85034,Paracorp Incorporated,Denver
20268155502,5977 Hidden River LLC,2026-09-17,DLLC,Good Standing,CO,22714 US Hwy 6,Unit 5977,Keystone,CO,80435,"Tenmile Law, P.C.",Breckenridge
20268155503,CARAL1961 ENTERPRISE INCORPORATED,2026-09-17,DPC,Good Standing,CO,2656 Pontiac St,,Denver,CO,80207,,Denver
20268155507,Veritas Digital Systems LLC,2026-09-17,DLLC,Good Standing,CO,421 Heritage Ln,,Johnstown,CO,80534,,Johnstown
20268155510,Harris HR Consulting LLC,2026-09-17,DLLC,Good Standing,CO,20460 Narrow Pine Ln,,Parker,CO,80134,,Parker
20268155511,"Iantrek, Inc.",2026-09-17,FPC,Good Standing,DE,151 East Post Road,Suite 111,White Plains,NY,10601,CORPORATION SERVICE COMPANY,Littleton
20268155515,Hello ABA CO LLC,2026-09-17,DLLC,Good Standing,CO,1500 N GRANT ST,Suite 11917,Denver,CO,80203,Registered Agents Inc,Denver
20268155521,"Dap's, LLC",2026-09-17,DLLC,Good Standing,CO,316 Aspen Dr,,Durango,CO,81301,,Durango
20268155525,High Country Pulmonary and Critical Care LLC,2026-09-17,DLLC,Good Standing,CO,15 Mill Creek Ct,,Durango,CO,81301,SimpleBiz Registered Agent Services LLC,Boulder
20268155526,Valley & Summit Custom Builders LLC,2026-09-17,DLLC,Good Standing,CO,8757 W Toller Ave,,Littleton,CO,80128,,Littleton
20268155530,Journeys Beyond Dreams Travel LLC,2026-09-17,DLLC,Good Standing,CO,4319 Morning Glory Rd,,Colorado Springs,CO,80920,,Colorado Springs
20268155541,The 5 Stars Cleaning Services LLC,2026-09-17,DLLC,Good Standing,CO,5331 E 66th Way,,Commerce City,CO,80022,,Commerce City
20268155542,degerdegd LLC CO,2026-09-17,DLLC,Good Standing,CO,703 Lochnell Dr,,Houston,TX,77062,PERFECT FIGURE LLC,Denver
20268155543,"York Enterprises Group VIII, LLC",2026-09-17,FLLC,Good Standing,AZ,3441 E. HARBOUR DR.,,PHOENIX,AZ,85034,Paracorp Incorporated,Denver
20268155544,JC Party Rentals LLC,2026-09-17,DLLC,Good Standing,CO,205 Ford Cir,,Yuma,CO,80759,SimpleBiz Registered Agent Services LLC,Boulder
20268155546,"Your Friendly Neighborhood Repair Guy, LLC",2026-09-17,DLLC,Good Standing,CO,129 Dartmouth St,,Colorado Springs,CO,80911,,Colorado Springs
20268155548,"Fireweed Signing Services, LLC",2026-09-17,DLLC,Good Standing,CO,5772 S Addison Way 30b,,Aurora,CO,80016,Registered Agents Inc,Denver
20268155553,M N M PROPERTIES LLC,2026-09-17,DLLC,Good Standing,CO,8760 S Riviera Ct,,Aurora,CO,80016,,Aurora
20268155555,Dx3Dating LLC,2026-09-17,DLLC,Good Standing,CO,435 N 35th Ave Lot 159,,Greeley,CO,80631,,Greeley
20268155558,Vanlaabs LLC,2026-09-17,DLLC,Good Standing,CO,1002 Norwood Ave,,Colorado Springs,CO,80905,,Colorado Springs
20268155561,"SALT Landscape Architects, Inc.",2026-09-17,DPC,Good Standing,CO,1750 Xanthia St,,Denver,CO,80220,,Denver
20268155563,Prospect 301 LLC,2026-09-17,DLLC,Good Standing,CO,3228 Lake Wildcat Rd,#510,Snowmass,CO,81654,"Govt Lot 3, LLC",Snowmass
20268155565,Starry Ridge LLC,2026-09-17,DLLC,Good Standing,CO,2800 E Ridge Rd,,Elizabeth,CO,80107,"UNITED STATES CORPORATION AGENTS, INC.",Greenwood Village
20268155567,"Nurtured Horizons Counseling, PLLC",2026-09-17,DLLC,Good Standing,CO,950 Wadsworth Blvd Ste 314,,Lakewood,CO,80214,,Lakewood
20268155573,Amiah Nailed It LLC DBA Amiah Nailed It,2026-09-17,DLLC,Good Standing,CO,7820 Meade St,,Westminster,CO,80030,,Westminster
20268155574,Avenmont Design and Build LLC.,2026-09-17,DLLC,Good Standing,CO,711 Macon Ave,,Canon City,CO,81212,"M3SLC Group, Inc.",Canon City
20268155578,Mountain Ram Janitorial LLC,2026-09-17,DLLC,Good Standing,CO,1410 5925 Trl,,Olathe,CO,81425,,Olathe
20268155580,Middle State Investments LLC,2026-09-17,DLLC,Good Standing,CO,2245 N Gilpin St,,Denver,CO,80205,,Denver
20268155585,Derrek Villagrana,2026-09-17,FLLLP,Good Standing,IA,1776 22nd St Ste 203,,West Des Moines,IA,50266,,Colorado Springs
20268155597,htfhhrb LLC CO,2026-09-17,DLLC,Good Standing,CO,703 Lochnell Dr,,Houston,TX,77062,PERFECT FIGURE LLC,Denver
20268155598,"Pearson & Myers, A Professional Corporation",2026-09-17,DPC,Good Standing,CO,14142 Denver West Parkway,"Building 51, Suite 200",Lakewood,CO,80401,,Lakewood
20268155604,SKYLINE HANDYMAN L.L.C.,2026-09-17,DLLC,Good Standing,CO,1160 S Tejon St,,Denver,CO,80223,,Denver
20268155608,Ridge & Hollow LLC,2026-09-17,DLLC,Good Standing,CO,6540 West 46th Avenue,,Wheat Ridge,CO,80033,,Wheat Ridge
20268155615,GORILAS TRANSPORTATION LLC,2026-09-17,DLLC,Good Standing,CO,12962 Randolph Pl,,Denver,CO,80239,,Denver
20268155620,Guilty Goose Games Ltd.,2026-09-17,DLLC,Good Standing,CO,2905 Inca St Unit 1099,,Denver,CO,80202,,Denver
20268155627,PL & PV Life Insurance LLC,2026-09-17,DLLC,Good Standing,CO,1249 W 171st Pl,,Broomfield,CO,80023,,Broomfield
20268155638,Han Holdings 26 LLC,2026-09-17,DLLC,Good Standing,CO,24508 E Belleview Pl,,Aurora,CO,80016,Lee's Accounting Services LLC,Aurora
20268155639,HERITAGE RIDGE PROPERTIES LLC,2026-09-17,DLLC,Good Standing,CO,3851 PURGATORIE WAY,,COLORADO CITY,CO,81019,DIANA B VANRIPER LLC,Pueblo
20268155640,PERU CREW LLC,2026-09-17,FLLC,Good Standing,TX,1030 Briar Hill Cir,,Duncanville,TX,75137,Registered Agents Inc,Denver
20268155643,TREBOL LLC,2026-09-17,DLLC,Good Standing,CO,7290 Quivas St,,Denver,CO,80221,,DENVER
20268155644,3080 LLC,2026-09-17,DLLC,Good Standing,CO,24950 W Highway 40,,Steamboart Springs,CO,80487,,Steamboart Springs
20268155646,AZAR AUTO DETAILING AND SERVICE'S LLC,2026-09-17,DLLC,Good Standing,CO,18121 East Hampden Avenue,,Aurora,CO,80013,ZenBusiness Inc.,Denver
20268155653,Warm Welcome Turnkey LLC,2026-09-17,DLLC,Good Standing,CO,675 Southwood Ln,,Windsor,CO,80550,,Windsor
20268155657,TCG Decks LLC,2026-09-17,DLLC,Good Standing,CO,3532 Long Creek Dr,,Fort Collins,CO,80528,,Fort Collins
20268155659,THE FIRST RIDGE LLC,2026-09-17,DLLC,Good Standing,CO,3851 PURGATORIE WAY,,COLORADO CITY,CO,81019,HERITAGE RIDGE PROPERTIES LLC,COLORADO CITY
20268155667,Roaring Fork Custom LLC,2026-09-17,DLLC,Good Standing,CO,6799 County Road 346,,Silt,CO,81652,,New Castle
20268155668,Savelli Systems LLC,2026-09-17,DLLC,Good Standing,CO,437 Ophir Road,,Ophir,CO,81426,Registered Agents Inc,Denver
20268155670,"Luma Medica CO, PLLC",2026-09-17,DLLC,Good Standing,CO,5012 W Emerald St,,Boise,ID,83706,Rocky Mountain Registered Agent LLC,Denver
20268155672,HERITAGE POND LLC,2026-09-17,DLLC,Good Standing,CO,3851 PURGATORIE WAY,,COLORADO CITY,CO,81019,HERITAGE RIDGE PROPERTIES LLC,COLORADO CITY
20268155676,Iron Peak Septic LLC,2026-09-17,DLLC,Good Standing,CO,13773 Smith Ranch Rd,,Peyton,CO,80831,,Peyton
20268155678,"Creed Management, Inc.",2026-09-17,DPC,Good Standing,CO,225 Main St,,Wiggins,CO,80654,Creed Group LLC,Centennial
20268155686,CB 250 Cherrywood LLC,2026-09-17,DLLC,Good Standing,CO,250 S Cherrywood Dr,,Lafayette,CO,80026,,Boulder
20268155691,Funny Farm Furnishings and Home Decor LLC,2026-09-17,DLLC,Good Standing,CO,1504 S Owens St Apt 113,,Denver,CO,80232,Northwest Registered Agent LLC,Denver
20268155694,Hans Liquor 26 Inc,2026-09-17,DPC,Good Standing,CO,24508 E Belleview Pl,,Aurora,CO,80016,Lee's Accounting Services LLC,Aurora
20268155698,National ADU Builders Network LLC,2026-09-17,DLLC,Good Standing,CO,2373 Central Park Blvd Unit 100,,Denver,CO,80238,,Denver
20268155699,FAY PRINTS LLC,2026-09-17,DLLC,Good Standing,CO,7290 Samuel Dr Ste 317,,Denver,CO,80221,,DENVER
20268155701,Concrete Rescue Co L.L.C.,2026-09-17,DLLC,Good Standing,CO,627 Pleasant St,,Colorado Springs,CO,80904,,Colorado Springs
20268155713,Concierge Family Hub LLC,2026-09-17,DLLC,Good Standing,CO,7355 Buffalo Plains Ct,,Colorado Springs,CO,80915,,Colorado Springs
20268155716,Sorahana LLC,2026-09-17,DLLC,Good Standing,CO,14770 Orchard Pkwy Unit 261,,Westminster,CO,80023,,Westminster
20268155721,524 Nokomis LLC,2026-09-17,DLLC,Good Standing,CO,300 E Swallow Rd,,Fort Collins,CO,80525,,Fort Collins
20268155728,"Archer Lewis Services, LLC",2026-09-17,FLLC,Good Standing,DE,100 N Riverside Plaza,Suite 1800,Chicago,IL,60606,"CAPITOL CORPORATE SERVICES, INC.",BRIGHTON
20268155729,KENG.MD LLC,2026-09-17,DLLC,Good Standing,CO,2810 Carnegie Dr,,Boulder,CO,80305,,Boulder
20268155730,ML SERVICE LLC,2026-09-17,DLLC,Good Standing,CO,4923 Lake Creek Village Dr Unit 11-104,,Edwards,CO,81632,,Edwards
20268155735,"CoachCare Medical Group, P.A.",2026-09-17,FPC,Good Standing,TX,"211 E. 43rd St., Floor 7, #250",,New York,NY,10017,COGENCY GLOBAL INC.,Denver
20268155738,ROOF GUY EXTERIORS,2026-09-17,FLLC,Good Standing,NE,308 WINDSOR,,LOOMIS,NE,68959,Rocky Mountain RA LLC,Denver
20268155742,Longview Ministries,2026-09-17,DNC,Good Standing,CO,722 S Biloxi St,,Aurora,CO,80018,,Aurora
20268155747,LucaSense LLC,2026-09-17,DLLC,Good Standing,CO,708 Raemar Dr,,Colorado Springs,CO,80911,,Colorado Springs
20268155752,Front Range Roof Renewal LLC,2026-09-17,DLLC,Good Standing,CO,"12170 Washington Center Pkwy, 12-104",,Thornton,CO,80241,Northwest Registered Agent LLC,Denver
20268155753,Auto Spa Bros LLC,2026-09-17,DLLC,Good Standing,CO,1603 S Wahsatch Ave,,Colorado Springs,CO,80905,,Colorado Springs
20268155756,MY CO SWEET CASA LLC,2026-09-17,DLLC,Good Standing,CO,10130 Jasper St,,Commerce City,CO,80022,,Commerce City
20268155757,Kimbark Search Fund Partners LLC,2026-09-17,FLLC,Good Standing,DE,"1500 N Grant St, Suite 4469",,Denver,CO,80203,Telos Legal Corp.,Centennial
20268155758,Sacred divinity Transport Llc,2026-09-17,DLLC,Good Standing,CO,3616 Galley Rd Apt 44,,Colorado Springs,CO,80909,,Colorado Springs
20268155763,"Triple Threat Sports, LLC",2026-09-17,DLLC,Good Standing,CO,10206 Taliesin Dr Apt 210,,Englewood,CO,80112,Noside LLC,Englewood
20268155769,NTD Creations LLC,2026-09-17,DLLC,Good Standing,CO,117 Laura Ave,,Clifton,CO,81520,,Clifton
20268155776,Grand Peak Cleaning Co. LLC,2026-09-17,DLLC,Good Standing,CO,320 Vista Avenue,,Granby,CO,80446,,Granby
20268155780,Redbrook Mesa LLC,2026-09-17,DLLC,Good Standing,CO,7336 Snowmass Creek Rd,,Snowmass,CO,81654,"Govt Lot 3, LLC",Snowmass
20268155791,Danu Labs LLC,2026-09-17,DLLC,Good Standing,CO,210 County Road 192,,Kremmling,CO,80459,,Kremmling
20268155794,"CurtainUp Karaoke, LLC",2026-09-17,DLLC,Good Standing,CO,1500 N Grant St Ste N,,Denver,CO,80203,Northwest Registered Agent LLC,Denver
20268155805,LTOYS LLC,2026-09-17,DLLC,Good Standing,CO,16895 E Idaho Cir apt 201,,Aurora,CO,80017,,Aurora
20268155808,Vellum and Vale Publishing LLC,2026-09-17,DLLC,Good Standing,CO,1050 S Monaco Street Pkwy Unit 59,,Denver,CO,80224,,Denver
20268155814,Mason Hall Group LLC,2026-09-17,DLLC,Good Standing,CO,6833 Garland St,,Arvada,CO,80004,Registered Agents Inc,Denver
20268155817,"Rennert Dr., LLC",2026-09-17,DLLC,Good Standing,CO,6134 Rennert Dr,,Colorado Springs,CO,80924,,Monument
20268155819,"Varg Holdings, LLC",2026-09-17,DLLC,Good Standing,CO,217 S Jackson St Unit A,,Denver,CO,80209,,Denver
20268155827,ADK RIDES LLC,2026-09-17,DLLC,Good Standing,CO,1986 E 167th Dr,,Thornton,CO,80602,,Thornton
20268155836,"617 Lincoln, LLC",2026-09-17,DLLC,Good Standing,CO,610 Oak Street,,Steamboat Springs,CO,80487,"3i Law, LLC",Denver
20268155837,Triple Threat TCG LLC,2026-09-17,DLLC,Good Standing,CO,2966 Buttermilk Circle,,Colorado Springs,CO,80918,ZenBusiness Inc.,Denver
20268155838,House of Hayden LLC,2026-09-17,DLLC,Good Standing,CO,8302 Dove Ridge Way,,Parker,CO,80134,,Parker
20268155841,The Unknown Creatives LLC,2026-09-17,DLLC,Good Standing,CO,5595 Ute Hwy,,Longmont,CO,80503,,Longmont
20268155842,Shalam Micro School LLC,2026-09-17,DLLC,Good Standing,CO,1686 Pinto Trail,#773,COMO,CO,80432,,COMO
20268155844,Landegger LLC,2026-09-17,DLLC,Good Standing,CO,1500 N Grant St,Ste N,Denver,CO,80203,Northwest Registered Agent LLC,Denver
20268155854,T.Henry Tattoos LLC,2026-09-17,DLLC,Good Standing,CO,3211 Zuni st,,Denver,CO,80211,,Denver
20268155864,Method Massage LLC,2026-09-17,DLLC,Good Standing,CO,1403 N 26th Ct,,Grand Junction,CO,81501,,Grand Junction
20268155870,600 Block Holdings LLC,2026-09-17,DLLC,Good Standing,CO,610 Oak Street,,Steamboat Springs,CO,80487,"3i Law, LLC",Denver
20268155871,"The Roots Le Roux, LLC",2026-09-17,DLLC,Good Standing,CO,912 8th Ave,,Greeley,CO,80631,,Greeley
20268155873,"Morgan Consulting, LLC",2026-09-17,DLLC,Good Standing,CO,2740 Kendrick St,,Golden,CO,80401,,Golden
20268155889,Hood Productions LLC,2026-09-17,DLLC,Good Standing,CO,44 Crystal Cir,,Carbondale,CO,81623,,Glenwood Springs
20268155892,Globatek LLC,2026-09-17,DLLC,Good Standing,CO,4743 N Xenia St Apt 103,,Denver,CO,80238,,Denver
20268155894,Design Collective LLC,2026-09-17,DLLC,Good Standing,CO,400 N Park Ave #12B,,Breckenridge,CO,80424,"Swank Accounting, LLC",Breckenridge
20268155898,A Little Compost LLC,2026-09-17,DLLC,Good Standing,CO,1500 N Grant St,Ste N,Denver,CO,80203,Northwest Registered Agent LLC,Denver
20268155899,R4AI LLC,2026-09-17,DLLC,Good Standing,CO,1500 N Grant St,Ste N,Denver,CO,80203,Northwest Registered Agent LLC,Denver
20268155901,"Complete Home Inspection & Repair, LLC",2026-09-17,DLLC,Good Standing,CO,1350 E Main St,,Rangely,CO,81648,,Rangely
20268155906,Starlight Dumplings LLC,2026-09-17,DLLC,Good Standing,CO,1005 S Public Rd,,Lafayette,CO,80026,,Lafayette
20268155919,MT FUJI HIBACHI CATERING LLC,2026-09-17,DLLC,Good Standing,CO,23346 E Piccolo Dr,,Aurora,CO,80016,,Aurora
20268155927,"Pikes Peak Plumbing, llc",2026-09-17,DLLC,Good Standing,CO,365 Lionstone Dr Apt L,,Colorado Springs,CO,80916,,Colorado Springs
20268155937,Behm Alii LLC,2026-09-17,DLLC,Good Standing,CO,370 Oceanview Dr,,Anchorage,AK,99515,C T CORPORATION SYSTEM,Centennial
20268155941,Reign Combat LLC,2026-09-17,DLLC,Good Standing,CO,3719n evergreen pkwy,a-210,Evergreen,CO,80439,ANGELS GATE LLC,EVERGREEN
20268155943,High On The Mountains LLC,2026-09-17,FLLC,Good Standing,KS,4601 E Douglas Ave Ste 150,,Wichita,KS,67218,"Corp1, Inc.",Centennial
20268155946,First Tracks Ranch LLC,2026-09-17,DLLC,Good Standing,CO,1500 N Grant St Ste R,,Denver,CO,80203,Registered Agents Inc,Denver
20268155959,DoubleLoop LLC,2026-09-17,DLLC,Good Standing,CO,6711 Enclave Vista Loop,,Colorado Springs,CO,80924,,Colorado Springs
20268155962,On Grid Engineering LLC,2026-09-17,DLLC,Good Standing,CO,2607 E 142nd Ave,,Thornton,CO,80602,,Thornton
20268155964,H. Sierra Photography LLC,2026-09-17,DLLC,Good Standing,CO,2851 W 21st Ave,,Denver,CO,80211,,Denver
20268155970,HONEYDO HANDYMAN LLC,2026-09-17,DLLC,Good Standing,CO,2513 W 13th St,,Greeley,CO,80634,SimpleBiz Registered Agent Services LLC,Boulder
20268155971,MMsquared Holdings Ltd.,2026-09-17,DLLC,Good Standing,CO,3180 W Woodmen Rd,,Colorado Springs,CO,80919,,Colorado Springs
20268155980,Muller Property Buyers LLC,2026-09-17,DLLC,Good Standing,CO,14353 E 1st Dr Unit 206,,Aurora,CO,80011,,Aurora
20268155983,Objective Supply Group LLC,2026-09-17,DLLC,Good Standing,CO,9346 E 60th Ave,,Denver,CO,80238,,Denver
20268155994,"Made by Mary's Littlest Lamb, LLC",2026-09-17,DLLC,Good Standing,CO,16088 Misty Rain Ct,,Monument,CO,80132,,Monument
20268155997,RZN Real Estate LLC,2026-09-17,DLLC,Good Standing,CO,795 E Kiowa Ave Unit 1262,,Elizabeth,CO,80107,,Elizabeth
20268156000,Black Light Studio LLC,2026-09-17,DLLC,Good Standing,CO,16 S Idaho Ave,,Johnstown,CO,80534,,Johnstown
20268156005,"GALLO MECHANICAL, L.L.C.",2026-09-17,FLLC,Good Standing,LA,4141 Bienville Street Suite 100,,New Orleans,LA,70119,COGENCY GLOBAL INC.,Denver
20268156011,"25 Birdie, LLC",2026-09-17,DLLC,Good Standing,CO,418 Gothic Ave,,Crested Butte,CO,81224,,Crested Butte
20268156015,CASPER LLC,2026-09-17,DLLC,Good Standing,CO,2130 Arapahoe St Unit 1309,,Denver,CO,80205,SimpleBiz Registered Agent Services LLC,Boulder
20268156025,The Collab Holdings LLC,2026-09-17,DLLC,Good Standing,CO,12274 E Bates Cir,,Aurora,CO,80014,,Aurora
20268156032,Wildwood Property Management LLC,2026-09-17,DLLC,Good Standing,CO,16940 Wildwood Dr,,Montrose,CO,81403,,Montrose
20268156038,LOS PARXEROS LLC,2026-09-17,DLLC,Good Standing,CO,300 Russell Blvd Apt H7,,Thornton,CO,80229,,Thornton
20268156045,Sabin Systems LLC,2026-09-17,DLLC,Good Standing,CO,1374 South Simms Street,,Lakewood,CO,80232-4948,,Lakewood
20268156047,"Prism Infrastructure Assets, LLC",2026-09-17,FLLC,Good Standing,DE,16701 SE McGillivray Blvd,Suite 200,Vancouver,WA,98683,,
20268156050,Ethereal Tea Garden LLC,2026-09-17,DLLC,Good Standing,CO,828 N Broadway Apt 746,,Denver,CO,80203,,Denver
20268156058,Dollar Equine LLC,2026-09-17,DLLC,Good Standing,CO,5151 Southern Cross Ln,,Fort Collins,CO,80528,,Fort Collins
20268156065,Independent Pueblo,2026-09-17,DNC,Good Standing,CO,301 N Main St Ste 303,,Pueblo,CO,81003,,Pueblo
20268156070,Scott Veterinary Relief LLC,2026-09-17,DLLC,Good Standing,CO,7554 Cistena Way,,Parker,CO,80134,,Parker
20268156080,Protomattic Designs LLC,2026-09-17,DLLC,Good Standing,CO,3937 N Humboldt St,,Denver,CO,80205,,Denver
20268156086,"Beere & Purves Insurance Services, LLC",2026-09-17,FLLC,Good Standing,CA,4 Crockett Drive,,Moraga,CA,94556,CORPORATION SERVICE COMPANY,Littleton
20268156093,FOURTH EON BIOSECURITY INSTITUTE,2026-09-17,FNC,Good Standing,DE,2081 Center Street,,Berkeley,CA,94704,Telos Legal Corp.,Centennial
20268156096,"Three Sisters Applied Behavior Analysis, LLC",2026-09-17,DLLC,Good Standing,CO,374A Kalua Rd,,Wailuku,HI,96793,Registered Agents Inc,Denver
20268156098,On site traffic control LLC,2026-09-17,DLLC,Good Standing,CO,1140 Greenbrier Dr,,Colorado Springs,CO,80916,,Colorado Springs
20268156099,FLIGHTLINE AUDIO LLC,2026-09-17,DLLC,Good Standing,CO,114 Ringneck,,Eagle,CO,81631,SimpleBiz Registered Agent Services LLC,Boulder
20268156106,20040 Drennan Road LLC,2026-09-17,DLLC,Good Standing,CO,22650 Meredith Shores Rd,,Sugar City,CO,81076,,Sugar City
20268156111,avenza digital rd LLC,2026-09-17,DLLC,Good Standing,CO,1500 N Grant St Ste N,,Denver,CO,80203,Registered Agents Inc,Denver
20268156113,WORLDWIDE CELLPHONE LLC,2026-09-17,FLLC,Good Standing,NV,11211 Dransfeldt Rd Suite 161,,Parker,CO,80134,Registered Agents Inc,Denver
20268156115,Knight Semi Truck Roadside Services LLC,2026-09-17,DLLC,Good Standing,CO,17052 E Warren Pl Unit A,,Aurora,CO,80013,,Aurora
20268156117,Globatek Apps LLC,2026-09-17,DLLC,Good Standing,CO,4743 N Xenia St Apt 103,,Denver,CO,80238,,Denver
20268156118,"STRATIQ TECHNOLOGIES, INC.",2026-09-17,FPC,Good Standing,FL,1054 Loggerhead Lane,,Summerland Key,FL,33042,Telos Legal Corp.,Centennial
20268156120,Constructions by Gomora Ltd.,2026-09-17,DLLC,Good Standing,CO,240 Elm St,,Lochbuie,CO,80603,,Lochbuie
20268156122,Avid3D LLC,2026-09-17,DLLC,Good Standing,CO,3300 E 128th Pl,,Thornton,CO,80241,,Thornton
20268156123,25980 County Rd 162-E LLC,2026-09-17,DLLC,Good Standing,CO,22650 Meredith Shores Rd,,Sugar City,CO,81076,,Sugar City
20268156134,Five High Aerial LLC,2026-09-17,DLLC,Good Standing,CO,2330 5th Ct SW,,Loveland,CO,80537,,Loveland
20268156135,PAR HEALTH AI INC.,2026-09-17,FPC,Good Standing,DE,130 Hope St,,Brooklyn,NY,11211,Telos Legal Corp.,Centennial
20268156137,Fox Den Plants LLC,2026-09-17,DLLC,Good Standing,CO,1500 N Grant St,Ste N,Denver,CO,80203,Northwest Registered Agent LLC,Denver
20268156144,Joplin LLC,2026-09-17,DLLC,Good Standing,CO,1101 E 8th St,,Pueblo,CO,81001,,Commerce City
20268156145,Best 5280 Service L.L.C,2026-09-17,DLLC,Good Standing,CO,1437 Yosemite St APT 6,,Denver,CO,80220,,Denver
20268156146,Noble Home Group LLC,2026-09-17,DLLC,Good Standing,CO,776 S Yates St,,Denver,CO,80219,"UNITED STATES CORPORATION AGENTS, INC.",Greenwood Village
20268156149,Thorpe Mountain Construction LLC,2026-09-17,DLLC,Good Standing,CO,1500 N Grant St,Ste N,Denver,CO,80203,Northwest Registered Agent LLC,Denver
20268156155,Muddy Ninja L.L.C,2026-09-17,DLLC,Good Standing,CO,1301 Carrol Ct,,Thornton,CO,80229,,Thornton
20268156157,Colorado Reverse Media LLC,2026-09-17,DLLC,Good Standing,CO,12450 W Idaho Dr,,Lakewood,CO,80228,,Lakewood
20268156162,Finns Up Marine Holdings LLC,2026-09-17,DLLC,Good Standing,CO,44 Cook St Ste 100,,Denver,CO,80206,"PACIFIC REGISTERED AGENTS, INC.",Denver
20268156164,"Signal Peak Ventures, LLC",2026-09-17,DLLC,Good Standing,CO,559 American Way,,Breckenridge,CO,80424,,Breckenridge
20268156168,"MC PROP 163, LLC",2026-09-17,FLLC,Good Standing,DE,800 MAINE AVE SW,STE 200,Washington,DC,20024,,
20268156174,High Plains Trucking LLC,2026-09-17,DLLC,Good Standing,CO,42967 Sager Ln,,Parker,CO,80138,,Parker
20268156184,NorthRidge Contracting LLC,2026-09-17,DLLC,Good Standing,CO,2020 Phillips Dr,,Northglenn,CO,80233,,Northglenn
20268156186,Elaria Design LLC,2026-09-17,DLLC,Good Standing,CO,10032 Wheeling St,,Commerce City,CO,80022,,Commerce City
20268156187,Dominion Property Management LLC,2026-09-17,DLLC,Good Standing,CO,3 Seven Oaks Rd,,Glenwood Springs,CO,81601,,Glenwood Springs
20268156188,"ADAPTION, INC.",2026-09-17,FPC,Good Standing,DE,494 Curtner Road,,Fremont,CA,94539,Telos Legal Corp.,Centennial
20268156189,Amythest's Crystal Clear Cleaning LLC,2026-09-17,DLLC,Good Standing,CO,302 S 9th St Apt 33,,Pagosa Springs,CO,81147,,Pagosa Springs
20268156192,EST Ventures LLC,2026-09-17,DLLC,Good Standing,CO,10020 Trainstation Cir Apt 317,,Lone Tree,CO,80124,Northwest Registered Agent LLC,Denver
20268156193,Praxa LLC,2026-09-17,DLLC,Good Standing,CO,1099 Sandstone Cir,,Erie,CO,80516,,Erie
20268156197,"BAY AREA PUBLIC ADJUSTER, INC.",2026-09-17,FPC,Good Standing,FL,2001 83rd Avenue North,Unit 1206,St. Petersburg,FL,33702,Rocky Mountain RA LLC,Denver
20268156200,The Vail Musketeers LLC,2026-09-17,DLLC,Good Standing,CO,3941 Bighorn Rd Unit 4I,,Vail,CO,81657,,Highlands Ranch
20268156217,Cleo Botanical LLC,2026-09-17,DLLC,Good Standing,CO,895 Grove St,,Denver,CO,80204,,Denver
20268156218,AniDraft Limited,2026-09-17,DLLC,Good Standing,CO,6197 S Fundy Way,,Aurora,CO,80016,,Aurora
20268156220,cstreet yogi LLC,2026-09-17,DLLC,Good Standing,CO,"1067 S Hover St, Unit E",#623,Longmont,CO,80501,Registered Agents Inc,Denver
20268156231,Rattigan and Company Plumbing and Mechanical LLC,2026-09-17,DLLC,Good Standing,CO,7853 Buffalo Horn Dr,,Colorado Springs,CO,80925,Registered Agents Inc,Denver
20268156233,Pigeon Patrol LLC,2026-09-17,DLLC,Good Standing,CO,3212 Smoky Meadow Rd,,Wellington,CO,80549,,Wellington
20268156235,Voodoo's Pizza LLC,2026-09-17,DLLC,Good Standing,CO,510 29 1/2 Rd,,Grand Junction,CO,81504,Registered Agents Inc,Denver
20268156240,SLC Medical Logistics LLC,2026-09-17,DLLC,Good Standing,CO,23245 State Highway 94,Lot 291,calhan,CO,80808,,calhan
20268156242,Colorado Care & Consulting LLC,2026-09-17,DLLC,Good Standing,CO,564 N Taylor St.,,Minturn,CO,81645,,Minturn
20268156243,Luxe & Lacquered LLC,2026-09-17,DLLC,Good Standing,CO,1611 Robinson Hill Rd,,Black Hawk,CO,80422,,Black Hawk
20268156250,Warriors Choice Foundation Inc.,2026-09-17,FNC,Good Standing,FL,110 Front Street,Suite 300,Jupiter,FL,33477,,Colorado Springs
20268156256,AJ's Coffee Shop LLC,2026-09-17,DLLC,Good Standing,CO,6603 Monaco Way,,Brighton,CO,80602,,Brighton
20268156259,Kynarok Inc,2026-09-17,DPC,Good Standing,CO,1500 N GRANT ST STE R,,DENVER,CO,80203,Registered Agents Inc,Denver
20268156260,sagan.software LLC,2026-09-17,DLLC,Good Standing,CO,5656 W 100th Pl,,Westminster,CO,80020,,Westminster
20268156261,"MyRtrmnt Ventures, LLC",2026-09-17,DLLC,Good Standing,CO,14011 McKay Park Cir,,Broomfield,CO,80023,,Broomfield
20268156264,IDOHA GROUP SERVICE LLC,2026-09-17,DLLC,Good Standing,CO,1500 N Grant St,Ste N,Denver,CO,80203,Northwest Registered Agent LLC,Denver
20268156268,Elite Drywall & Fine Finishes LLC,2026-09-17,DLLC,Good Standing,CO,5857 Dakine Loop,,Colorado Springs,CO,80927,,Colorado springs
20268156274,Master Piece Renovation LLC,2026-09-17,DLLC,Good Standing,CO,10225 E Girard Ave Apt R207,,Denver,CO,80231,,Denver
20268156276,Zevthari Inc,2026-09-17,DPC,Good Standing,CO,1500 N GRANT ST STE R,,DENVER,CO,80203,Registered Agents Inc,Denver
20268156278,Micsan INC,2026-09-17,DPC,Good Standing,CO,1500 N Grant St Ste R,,Denver,CO,80203,Registered Agents Inc,Denver
20268156279,S&J Custom Renovations LLC,2026-09-17,DLLC,Good Standing,CO,750 J St,,Penrose,CO,81240,"UNITED STATES CORPORATION AGENTS, INC.",Greenwood Village
20268156285,Seltaris Inc,2026-09-17,DPC,Good Standing,CO,1500 N GRANT ST STE R,,DENVER,CO,80203,Registered Agents Inc,Denver
20268156290,Lumina Trade Inc,2026-09-17,DPC,Good Standing,CO,1500 N Grant St Ste R,,Denver,CO,80203,Colorado Registered Agent LLC,Denver
20268156292,Kaelivark Inc,2026-09-17,DPC,Good Standing,CO,1500 N GRANT ST STE R,,DENVER,CO,80203,Registered Agents Inc,Denver
20268156294,1201 N Swinton LLC,2026-09-17,DLLC,Good Standing,CO,1975 S Harlan Ct,,Lakewood,CO,80227,,Lakewood
20268156296,Mountain Skye Pilates LLC,2026-09-17,DLLC,Good Standing,CO,1500 N Grant St Ste R,,Denver,CO,80203,Registered Agents Inc,Denver
20268156298,Ben's Bins LLC,2026-09-17,DLLC,Good Standing,CO,821 E Oakwood Ct,,Centennial,CO,80121,,Centennial
20268156299,Xylothis Inc,2026-09-17,DPC,Good Standing,CO,1500 N GRANT ST STE R,,DENVER,CO,80203,Registered Agents Inc,Denver
20268156301,Solvira LLC,2026-09-17,DLLC,Good Standing,CO,1500 N Grant St Ste R,,Denver,CO,80203,Colorado Registered Agent LLC,Denver
20268156302,EMERGE HOSPITALITY GROUP LLC,2026-09-17,DLLC,Good Standing,CO,7510 Ciano Ln,,Houston,TX,77055,REGISTERED AGENTS OF COLORADO INC,Erie
20268156306,Sterling & Kane Homes LLC,2026-09-17,DLLC,Good Standing,CO,7160 Bryant St,,Westminster,CO,80030,,Westminster
20268156311,Crystal Touch Cleaning LLC,2026-09-17,DLLC,Good Standing,CO,10225 E Girard Ave Apt R207,,Denver,CO,80231,,Denver
20268156316,Romero Holdings LLC,2026-09-17,DLLC,Good Standing,CO,9213 Truckee Ct,,Commerce City,CO,80022,,Commerce City
20268156321,"J&R Reconstruction, LLC",2026-09-17,DLLC,Good Standing,CO,2361 Niagara St,,Denver,CO,80207,,Denver
20268156325,Trailhead Arts LLC,2026-09-17,DLLC,Good Standing,CO,5854 Vance St Unit 303,,Arvada,CO,80003,,Arvada
20268156328,Scandi LLC,2026-09-17,DLLC,Good Standing,CO,320 S Cedar Brook Rd,,Boulder,CO,80304,,Boulder
20268156333,Stormridge LLC,2026-09-17,DLLC,Good Standing,CO,1500 N Grant St,Ste N,Denver,CO,80203,Northwest Registered Agent LLC,Denver
20268156345,Round-A-Bouts! LLC,2026-09-17,DLLC,Good Standing,CO,5305 Malta St,,Denver,CO,80249,,Denver
20268156347,Nelson & Co Socials LLC,2026-09-17,DLLC,Good Standing,CO,20567 Old Ranch Loop,,Nathrop,CO,81236,,Nathrop
20268156351,Angel Wings Investments LLC,2026-09-17,DLLC,Good Standing,CO,1500 N Grant St,Ste N,Denver,CO,80203,Northwest Registered Agent LLC,Denver
20268156354,"Denise Day Consulting, LLC",2026-09-17,DLLC,Good Standing,CO,815 Sparta Dr,,Lafayette,CO,80026,,Lafayette
20268156359,Footrace LLC,2026-09-17,DLLC,Good Standing,CO,20 Marcellina Lane,,Crested Butte,CO,81225,,Crested Butte
20268156360,"AValanche Technologies, LLC",2026-09-17,DLLC,Good Standing,CO,1500 N Grant St Ste R,,Denver,CO,80203,Registered Agents Inc,Denver
20268156362,Lumos Ln LLC,2026-09-17,DLLC,Good Standing,CO,5215 Lumos Ln,,Castle Rock,CO,80104,,Castle Rock
20268156365,Bashford Bakes LLC,2026-09-17,DLLC,Good Standing,CO,323 42nd St SW Lot 19,,Loveland,CO,80537,,Loveland
20268156366,WhimsiCraft Creations INC,2026-09-17,DPC,Good Standing,CO,1106 Skyway Blvd,,Colorado Springs,CO,80905,CHERHUA LLC,Woodland Park
20268156368,QL Brothers LLC,2026-09-17,DLLC,Good Standing,CO,4211 E 100th Ave Lot 297,,Thornton,CO,80229,,Thornton
20268156382,SMC Health Consulting LLC,2026-09-17,DLLC,Good Standing,CO,110 16th St Ste 1460,,Denver,CO,80202,Rocky Mountain RA LLC,Denver
20268156390,1815 Elm Ave LLC,2026-09-17,DLLC,Good Standing,CO,1500 N Grant St Ste N,,Denver,CO,80203,Northwest Registered Agent LLC,Denver
20268156402,R & H SISTERS LLC,2026-09-17,DLLC,Good Standing,CO,2308 N Wahsatch Ave,,Colorado Springs,CO,80907,,Castle Rock
20268156403,JRW Solutions LLC,2026-09-17,DLLC,Good Standing,CO,1376 W 66th Pl,,Denver,CO,80221,,Denver
20268156405,Mile High Acai LLC,2026-09-17,DLLC,Good Standing,CO,422 N Corona St,,Denver,CO,80218,,Denver
20268156406,Sedort LLC,2026-09-17,DLLC,Good Standing,CO,1500 N Grant St,Ste N,Denver,CO,80203,Northwest Registered Agent LLC,Denver
20268156407,Stambes LLC,2026-09-17,DLLC,Good Standing,CO,1500 N Grant St,Ste N,Denver,CO,80203,Northwest Registered Agent LLC,Denver
20268156411,Level Recording Company LLC,2026-09-17,DLLC,Good Standing,CO,1800 Crestone Ct,,Longmont,CO,80504,,Longmont
20268156412,Studs Selling Suds LLC,2026-09-17,DLLC,Good Standing,CO,1910 S Josephine St Apt 238,,Denver,CO,80210,,Denver
20268156432,Sootoo LLC,2026-09-17,DLLC,Good Standing,CO,"1500 N GRANT ST, Suite #11925",,DENVER,CO,80203,Registered Agents Inc,Denver
20268156433,"KeroApp Tours, LLC",2026-09-17,DLLC,Good Standing,CO,10549 Deer Meadow Cir,,Colorado Springs,CO,80925,,Colorado Springs
20268156435,Total Protection Services LLC,2026-09-17,DLLC,Good Standing,CO,2974 S Argonne St,,Aurora,CO,80013,,Aurora
20268156445,RL Rental 1 LLC,2026-09-17,DLLC,Good Standing,CO,1500 E Douglas Rd,,Fort Collins,CO,80524,,Fort Collins
20268156448,"RockWest Advisory, LLC",2026-09-17,DLLC,Good Standing,CO,11717 Anderson Ave,,Franktown,CO,80116,,Franktown
20268156451,Angel Wings Assisted Living Elm LLC,2026-09-17,DLLC,Good Standing,CO,1500 N Grant St,Ste N,Denver,CO,80203,Northwest Registered Agent LLC,Denver
20268156456,Hellebore House LLC,2026-09-17,DLLC,Good Standing,CO,2203 W Parkhill Ave,,Littleton,CO,80120,,Littleton
20268156459,Royalle Arts LLC,2026-09-17,DLLC,Good Standing,CO,3008 Sykes Drive,,Fort Collins,CO,80524,,Fort Collins
20268156464,Green Gate Taproom LLC,2026-09-17,DLLC,Good Standing,CO,636 Shadowood Ct,,Grand Junction,CO,81505,,Grand Junction
20268156481,Nova Stream Entertainment Inc,2026-09-17,DPC,Good Standing,CO,250 Fillmore St,,Denver,CO,80206,SkyMall Global INC,Denver
20268156489,Low Pressure Labs LLC,2026-09-17,DLLC,Good Standing,CO,3368 Covey Cir,,Steamboat Springs,CO,80487,,Steamboat Springs
20268156493,Angel Wings Assisted Living Cedar LLC,2026-09-17,DLLC,Good Standing,CO,1500 N Grant St,Ste N,Denver,CO,80203,Northwest Registered Agent LLC,Denver
20268156494,CAMO TOW AND HAUL LLC,2026-09-17,DLLC,Good Standing,CO,845 25 1/4 Ln,,Pueblo,CO,81006,"UNITED STATES CORPORATION AGENTS, INC.",Greenwood Village
20268156497,FOOD HOPE,2026-09-17,DNC,Good Standing,CO,211 N WASHINGTON ST 2F,,BUTLER,PA,16001,Registered Agents Inc,Denver
20268156505,Steve Holcomb Roof Repair llc.,2026-09-17,DLLC,Good Standing,CO,2707 Norwich Ave,,Pueblo,CO,81003,,Pueblo
20268156521,Luxevia Design Studio LLC,2026-09-17,DLLC,Good Standing,CO,1500 N Grant St,Ste N,Denver,CO,80203,Northwest Registered Agent LLC,Denver
20268156522,"CueVanta, llc",2026-09-17,DLLC,Good Standing,CO,240 Walnut St,,Fort Collins,CO,80524,"SALUS, Ltd.",Fort Collins
20268156527,Calico Hearts Ltd.,2026-09-17,DLLC,Good Standing,CO,617 1/2 Holland St,,Clifton,CO,81520,,Clifton
20268156531,"The Lilly Pad, LLC",2026-09-17,DLLC,Good Standing,CO,606 Sydney Dr,,Fort Collins,CO,80525,,Fort Collins
20268156540,"Peezydoesit, llc",2026-09-17,DLLC,Good Standing,CO,5430 Villa Cir,,Colorado Springs,CO,80918,,Colorado Springs
20261159910,ReinBuilt Corporation,2026-09-16,FPC,Good Standing,WA,1500 N GRANT ST # 7537,,Denver,CO,80203,Registered Agents Inc,Denver
20268029043,"ATAC, LLC, Dissolved September 17, 2026",2026-09-16,DNC,Voluntarily Dissolved,CO,515 Ingalls St,,Lakewood,CO,80226,All-Terrain Adventure Crew LLC,Lakewood
20268136972,"ARVL, LLC",2026-09-16,DLLC,Good Standing,CO,1500 N Grant St,Ste R,Denver,CO,80203,Northwest Registered Agent LLC,Denver
20268150400,LEMER NC Ltd,2026-09-16,DPC,Good Standing,CO,1500 N Grant St Ste 1665,,Denver,CO,80203,Streamway Registered Agent LLC,Denver
20268150404,Goldstream Technology Inc,2026-09-16,DPC,Good Standing,CO,1521 Blake St Ste 47009,,Denver,CO,80202,Quicker Business Solutions Inc.,Denver
20268150405,"Leading Trader International Trading Co., Ltd.",2026-09-16,DPC,Good Standing,CO,168 E 17th Ave,,Denver,CO,80290,Registered Agents Inc,Denver
20268150406,Geleo International Group Corp,2026-09-16,DPC,Good Standing,CO,1500 N GRANT ST STE R,,DENVER,CO,80203,Registered Agents Inc,Denver
20268150411,FUNNY ONION LTD,2026-09-16,DPC,Good Standing,CO,1500 N GRANT ST STE R,,DENVER,CO,80203,Registered Agents Inc,Denver
20268150415,GA GREEN ARMEE LTD,2026-09-16,DPC,Good Standing,CO,1500 N Grant St Ste 7343,,Denver,CO,80203,Streamway Registered Agent LLC,Denver
20268150429,Kinetix Spark Inc,2026-09-16,DPC,Good Standing,CO,941 Lincoln Ave #100G,,Steamboat Springs,CO,80487,Registered Agents Inc,Denver
20268150450,Kats Glam LLC,2026-09-16,DLLC,Good Standing,CO,11656 Clermont St,,Thornton,CO,80233,Northwest Registered Agent LLC,Denver
20268150468,GUIQUNANKK LLC,2026-09-16,DLLC,Good Standing,CO,845 Meadows Rd,,Aspen,CO,81611,ALIKGARG LLC,ELIZABETH
20268150491,Orionix Ventures Inc,2026-09-16,DPC,Good Standing,CO,12110 Pecos St Ste 100,,Westminster,CO,80234,Registered Agents Inc,Denver
20268150497,MomosHobbyDen Inc,2026-09-16,DPC,Good Standing,CO,1500 N GRANT ST STE R,,DENVER,CO,80203,Registered Agents Inc,Denver
20268150511,Nelora Commerce LLC,2026-09-16,DLLC,Good Standing,CO,1500 N Grant St Ste R,,Denver,CO,80203,Registered Agents Inc,Denver
20268150516,Two Brain Games LLC,2026-09-16,FLLC,Good Standing,TX,5900 BALCONES DR STE 100,,Austin,TX,78731-4298,Registered Agents Inc,Denver
20268150536,Zennithor Inc,2026-09-16,DPC,Good Standing,CO,1500 N GRANT ST STE R,,DENVER,CO,80203,Registered Agents Inc,Denver
20268150549,XURUIYANGNH LLC,2026-09-16,DLLC,Good Standing,CO,316 Aspen Airport Business Center B,,Aspen,CO,81611,ALIKGARG LLC,ELIZABETH
20268150551,Nyvarkis Inc,2026-09-16,DPC,Good Standing,CO,1500 N GRANT ST STE R,,DENVER,CO,80203,Registered Agents Inc,Denver
20268150553,KLYRIONEX TECHNOLOGIES INC,2026-09-16,DPC,Good Standing,CO,18121 E Hampden Ave Unit C #1267,,Aurora,CO,80013,Global Accounting service inc.,Aurora
20268150562,Bluepeak Mercantile LTD,2026-09-16,DPC,Good Standing,CO,1001 Bannock St,,Denver,CO,80204,Global Accounting service inc.,Aurora
20268150569,CoolSync LLC,2026-09-16,DLLC,Good Standing,CO,8735 DUNWOODY PLACE #4124,,ATLANTA,GA,30350,Northwest Registered Agent LLC,Denver
20268150571,MicroGust LLC,2026-09-16,DLLC,Good Standing,CO,1001 S. Main St. #13147;,,Kalispell,MT,59901,Northwest Registered Agent LLC,Denver
20268150572,WindRush LLC,2026-09-16,DLLC,Good Standing,CO,7901 4th St N #24134,,St. Petersburg,FL,33702,Northwest Registered Agent LLC,Denver
20268150573,Aimlora Target LLC,2026-09-16,DLLC,Good Standing,CO,2075 Highway 100,,Centerville,TN,37033,Northwest Registered Agent LLC,Denver
20268150593,VAYALIL GLOBAL TRADING INC,2026-09-16,DPC,Good Standing,CO,"355 S Teller St, Suite 200",,Lakewood,CO,80226,Trusted Agency Inc.,Denver
20268150602,"YANCHUN CO., LIMITED",2026-09-16,DPC,Good Standing,CO,1312 17th Street Suite 890,,Denver,CO,80202,Trusted Agency Inc.,Denver
20268150605,VAYNEX Evergreen Technologies Inc,2026-09-16,DPC,Good Standing,CO,1500 N GRANT ST STE R,,DENVER,CO,80203,Registered Agents Inc,Denver
20268150607,"BIAODI CO., LIMITED",2026-09-16,DPC,Good Standing,CO,550 Booth Ln,,Basalt,CO,81621,Trusted Agency Inc.,Denver
20268150630,"Kechihua Co., Ltd.",2026-09-16,DLLC,Good Standing,CO,1500 N GRANT ST STE R,,DENVER,CO,80203,Registered Agents Inc,Denver
20268150641,LIHAIYIZZ LLC,2026-09-16,DLLC,Good Standing,CO,512 Main St,,Walsenburg,CO,81089,ALIKGARG LLC,ELIZABETH
20268150644,Aaero Group LLC,2026-09-16,DLLC,Good Standing,CO,1500 N Grant St Ste R,,Denver,CO,80203,Registered Agents Inc,Denver
20268150650,WHITE PAYGING LLC,2026-09-16,DLLC,Good Standing,CO,1500 N GRANT ST 5656,,DENVER,CO,80203,Registered Agents Inc,Denver
20268150652,Olive Family Foundation,2026-09-16,DNC,Good Standing,CO,11282 Mosey Trl,,Colorado Springs,CO,80908,,Colorado Springs
20268150661,J&S Professional Painting LLC,2026-09-16,DLLC,Good Standing,CO,1701 Juanita Court,,Platteville,CO,80651,ZenBusiness Inc.,Denver
20268150663,MYSELFOT TRADING LLC,2026-09-16,DLLC,Good Standing,CO,4031 S Narcissus Way,,Denver,CO,80237,Registered Agents Inc,Denver
20268150668,KING ROYCE STORE LLC,2026-09-16,DLLC,Good Standing,CO,127 E Kiowa St,,Colorado Springs,CO,80903,Northwest Registered Agent LLC,Denver
20268150673,Qishilu LLC,2026-09-16,DLLC,Good Standing,CO,4192 S Quebec St,,Denver,CO,80237,Registered Agents Inc,Denver
20268150681,Plentease LLC,2026-09-16,DLLC,Good Standing,CO,325 Albion St,,Denver,CO,80220,"UNITED STATES CORPORATION AGENTS, INC.",Greenwood Village
20268150695,Orbit Merch INC,2026-09-16,DPC,Good Standing,CO,1500 N Grant St Unit 527,,Denver,CO,80203,Registered Agents Inc,Denver
20268150696,Bright Path RCM LLC,2026-09-16,DLLC,Good Standing,CO,1500 N Grant St,Ste R,Denver,CO,80203,Northwest Registered Agent LLC,Denver
20268150706,Cash Avora Credit LLC,2026-09-16,DLLC,Good Standing,CO,820 W G St Apt 134,E11,San Diego,CA,92101-5936,Northwest Registered Agent LLC,Denver
20268150708,STREAMVIBE MEDIA INC,2026-09-16,DPC,Good Standing,CO,110 16th Street Suite 1460,,Denver,CO,80202,Rocky Mountain RA LLC,Denver
20268150713,Zak Capital LLC,2026-09-16,DLLC,Good Standing,CO,"11154 Huron Street, Suite 208",,Northglenn,CO,80234,,Northglenn
20268150715,Northkind Homes LLC,2026-09-16,DLLC,Good Standing,CO,136 Blue Fortune Dr,,Windsor,CO,80550,"UNITED STATES CORPORATION AGENTS, INC.",Greenwood Village
20268150717,Keenergy LLC,2026-09-16,DLLC,Good Standing,CO,11421 Marks Dr,,Conifer,CO,80433,,Conifer
20268150740,Fewer Better Things Inc,2026-09-16,FPC,Good Standing,DE,415 West 24th Street,Apt 3E,New York,NY,10011,Registered Agents Inc,Denver
20268150743,VISIONARY LIVE INC,2026-09-16,DPC,Good Standing,CO,1500 N GRANT ST STE R,,DENVER,CO,80203,Registered Agents Inc,Denver
20268150747,Colorado Window Supply LLC,2026-09-16,DLLC,Good Standing,CO,369 County Road 64,,Grand Lake,CO,80447,,Grand Lake
20268150762,Rubiconnn LLC,2026-09-16,DLLC,Good Standing,CO,1940 Broadway,Suite 314C,Boulder,CO,80302,ColoradoDocs LLC,Denver
20268150763,"Born To Run, LLC",2026-09-16,DLLC,Good Standing,CO,2015 Riverside Ln,,Boulder,CO,80304,,Boulder
20268150771,Grand Ole Vintage LLC,2026-09-16,DLLC,Good Standing,CO,861 Grand Ave,,Grand Junction,CO,81501,,Grand junction
20268150776,"Charles Media, LLC",2026-09-16,DLLC,Good Standing,CO,6152 S Dunkirk St,,Aurora,CO,80016,,Aurora
20268150777,BRINE & THREAD LLC,2026-09-16,DLLC,Good Standing,CO,14344 STATE HIGHWAY 180,,GULF SHORES,AL,36542,Northwest Registered Agent LLC,Denver
20268150784,Apovant LLC,2026-09-16,DLLC,Good Standing,CO,6046 Jellison St,,Arvada,CO,80004,,Arvada
20268150786,HAVEN SUPPLY LLC,2026-09-16,DLLC,Good Standing,CO,DANIEL,,CAYTON,AL,36117,Northwest Registered Agent LLC,Denver
20268150790,Clayton Charles Christian Ministry,2026-09-16,DNC,Good Standing,CO,9 Kingston Cir,,Florissant,CO,80816,,Florissant
20268150794,EIS Mechanical Services LLC,2026-09-16,FLLC,Good Standing,TX,11811 Champion Forest Dr.,Bldg J,Houston,TX,77066,Registered Agents Inc,Denver
20268150797,Quartz Construction LLC,2026-09-16,DLLC,Good Standing,CO,2449 Lawson Dr,,Loveland,CO,80538,,Loveland
20268150799,BagsPickz LLC,2026-09-16,DLLC,Good Standing,CO,1604 S Wahsatch Ave 3,,Colorado Springs,CO,80905,ZenBusiness Inc.,Denver
20268150802,Yampa Valley Independent LLC,2026-09-16,DLLC,Good Standing,CO,610 Marketplace Plaza,,Steamboar Springs,CO,80487,Northwest Registered Agent LLC,Denver
20268150803,Youngs Peak OT LLC,2026-09-16,DLLC,Good Standing,CO,"30425 Coyote Run Ct,",,Oak Creek,CO,80467,"UNITED STATES CORPORATION AGENTS, INC.",Greenwood Village
20268150809,DroitIA LLC,2026-09-16,DLLC,Good Standing,CO,1500 N GRANT ST,Ste 7824,Denver,CO,80203,Colorado Registered Agent LLC,Denver
20268150836,"Valor Property Services, LLC",2026-09-16,DLLC,Good Standing,CO,2496 Kerk Ave Apt B,,Grand Junction,CO,81505,,Grand Junction
20268150844,NB AUTOMOTIVE INVESTMENT LLC,2026-09-16,DLLC,Good Standing,CO,2020 N Academy Blvd Ste 261 # 4929,,Colorado Springs,CO,80909,REPUBLIC REGISTERED AGENT LLC,Colorado Springs
20268150848,Goldrush legacy llc,2026-09-16,DLLC,Good Standing,CO,21453 Gold Rush Pl,,Morrison,CO,80465,,Morrison
20268150849,"Delfina Medical Group, P.A.",2026-09-16,FO,Good Standing,FL,440 N Barranca Ave #4488,,Covina,CA,91723,Northwest Registered Agent LLC,Denver
20268150851,RAY'S WELDING AND FABRICATION LLC,2026-09-16,DLLC,Good Standing,CO,296 Eagle St,,Red Cliff,CO,81649,,Red Cliff
20268150862,"Lazy H Rentals, LLC",2026-09-16,DLLC,Good Standing,CO,6975 County Road 114 S,,Alamosa,CO,81101,,Alamosa
20268150869,Namtmv LLC,2026-09-16,DLLC,Good Standing,CO,1500 N Grant St,#10416,Denver,CO,80203,Northwest Registered Agent LLC,Denver
20268150891,JUSTINE DENNY DNP LLC,2026-09-16,DLLC,Good Standing,CO,1500 N GRANT ST STE C,,Denver,CO,80203,Colorado Registered Agent LLC,Denver
20268150896,Restore Lymphatics LLC,2026-09-16,DLLC,Good Standing,CO,9303 E 61st Pl,,Denver,CO,80238,,Denver
20268150901,GEMKIN LLC,2026-09-16,DLLC,Good Standing,CO,1725 Blake St Unit 540,,Denver,CO,80202,Luvora LLC,Denver
20268150904,"Colorado Grills, LLC",2026-09-16,DLLC,Good Standing,CO,5191 Beeler Ct,,Denver,CO,80238,,Denver
20268150906,Lionhearted Logistics L.L.C.,2026-09-16,DLLC,Good Standing,CO,303 Ambrose St,,Erie,CO,80516,,Erie
20268150913,"The Narrow Way Farm, LLC",2026-09-16,DLLC,Good Standing,CO,11860 Eureka Rd,,Peyton,CO,80831,,Peyton
20268150918,Bianca Wind LLC,2026-09-16,DLLC,Good Standing,CO,600 Martin Street,Stonehedge Apartments R107,Longmont,CO,80501,ZenBusiness Inc.,Denver
20268150919,W.M.Fairbank Limited,2026-09-16,DLLC,Good Standing,CO,3155 E 104th Ave Unit 14A,,Thornton,CO,80233,,Thornton
20268150928,Crestline Canines LLC,2026-09-16,DLLC,Good Standing,CO,217 Catamount Ridge Rd,,Bailey,CO,80421,,Bailey
20268150929,E.R.C Motorcycling LLC,2026-09-16,DLLC,Good Standing,CO,7211 Ruth Way,,Denver,CO,80221,,Denver
20268150933,Orbit Foundry LLC,2026-09-16,DLLC,Good Standing,CO,1725 Blake St Unit 540,,Denver,CO,80202,Luvora LLC,Denver
20268150935,"Cherokee Strategic Edge, L.L.C.",2026-09-16,FLLC,Good Standing,Cherokee Nation,777 W. Cherokee St.,Legal Dept.,Catoosa,OK,74015,C T CORPORATION SYSTEM,Centennial
20268150936,LAKS Creative LLC,2026-09-16,DLLC,Good Standing,CO,1225 Santa Fe Drive,830,Denver,CO,80204,ZenBusiness Inc.,Denver
20268150941,"Rachel Daugherty Design, LLC",2026-09-16,DLLC,Good Standing,CO,3521 Shallow Pond Dr,,Fort Collins,CO,80528,,Fort Collins
20268150946,EPL 407 Unit Owner LLC,2026-09-16,DLLC,Good Standing,CO,"625 E. Hyman Avenue, Suite 201",,Aspen,CO,81611,"GARFIELD & HECHT, P.C.",Aspen
20268150952,Mira Peace LLC,2026-09-16,DLLC,Good Standing,CO,3800 Buchtel Blvd # 102172,,Denver,CO,80250,,Denver
20268150960,"TKB Services LLC, Dissolved September 16, 2026",2026-09-16,DLLC,Voluntarily Dissolved,CO,3832 Katmai Ave,,Evans,CO,80620,,Evans
20268150974,Mile High Building Group LLC,2026-09-16,DLLC,Good Standing,CO,10559 Shadow Pines Rd,,Parker,CO,80138,,Parker
20268150976,Hay Yukimura LLC,2026-09-16,DLLC,Good Standing,CO,74 S Nome St,,Aurora,CO,80012,Northwest Registered Agent LLC,Denver
20268150978,Ranch and Realty LLC,2026-09-16,DLLC,Good Standing,CO,245 E 10th Ave,,Springfield,CO,81073,,Springfield
20268150985,HERRA,2026-09-16,DNC,Good Standing,CO,2400 Hawthorne Ct,,Fort Collins,CO,80524,,Fort Collins
20268150986,Principal Mineral Co. Inc.,2026-09-16,FPC,Good Standing,DE,180 State Street,Suite 225,Southlake,TX,76092,CORPORATION SERVICE COMPANY,Littleton
20268150987,Brandywine Valley Society for the Prevention of Cruelty to Animals,2026-09-16,FNC,Good Standing,PA,1212 Phoenixville Pike,,West Chester,PA,19380,CORPORATE CREATIONS NETWORK INC.,Loveland
20268150991,"Coco Asian Food 2, LLC",2026-09-16,DLLC,Good Standing,CO,6500 S Dayton St Apt E201,,Englewood,CO,80111,,Englewood
20268151003,Green Duchess LLC,2026-09-16,DLLC,Good Standing,CO,2770 Arapahoe Rd Ste 132 PMB 594,,Lafayette,CO,80026,,Erie
20268151004,Shadowolf LLC,2026-09-16,DLLC,Good Standing,CO,7241 S Oak Hill Cir,,Aurora,CO,80016,"UNITED STATES CORPORATION AGENTS, INC.",Greenwood Village
20268151006,Embroidered Brim LLC,2026-09-16,DLLC,Good Standing,CO,8601 W Cross Drive,,Denver,CO,80123,THUONG THUONG LLC,Denver
20268151013,Principal Mineral Holdings LLC,2026-09-16,FLLC,Good Standing,DE,180 State Street,Suite 225,Southlake,TX,76092,CORPORATION SERVICE COMPANY,Littleton
20268151017,Courtney End Design LLC,2026-09-16,DLLC,Good Standing,CO,3958 Savannah Ct,,Boulder,CO,80301,,Boulder
20268151019,Kaylin Fashion LLC,2026-09-16,DLLC,Good Standing,CO,3855 E Pikes Peak Ave,,Colorado Springs,CO,80909,THUONG THUONG LLC,Denver
20268151024,1513 Monterey LLC,2026-09-16,DLLC,Good Standing,CO,5290 Old Ranch Rd,,Colorado Springs,CO,80908,,Colorado Springs
20268151033,Apex Physique LLC,2026-09-16,DLLC,Good Standing,CO,1311 Elm Avenue,,Grand Junction,CO,81501,,Grand Junction
20268151037,Guzman Kansas I LLC,2026-09-16,FLLC,Good Standing,DE,"1125 17th Street, Suite 800",,Denver,CO,80202,CORPORATE CREATIONS NETWORK INC.,Loveland
20268151046,Turquoise Ridge LLC,2026-09-16,DLLC,Good Standing,CO,715 W Main Street,,Aspen,CO,81611,"UNITED CORPORATE SERVICES, INC.",Arvada
20268151058,Fence Line Storage LLC,2026-09-16,DLLC,Good Standing,CO,7643 Shenandoah Dr,,Elizabeth,CO,80107,,Castle Rock
20268151062,"Spiked X TEX, LLC",2026-09-16,DLLC,Good Standing,CO,101 S Mill St Ste 200,,Aspen,CO,81611,Klein Cote Edwards Citron LLC,Aspen
20268151070,The Precision Firm LLC,2026-09-16,FLLC,Good Standing,WY,30 N Gould st,,Sheridan,WY,82801,,Westminster
20268151082,7420 East 8th Unit 14 LLC,2026-09-16,DLLC,Good Standing,CO,7420 E 8th Ave Unit 14,,Denver,CO,80230,"S. M. Moran Law Office, P.C.",Littleton
20268151094,Coyote Holdings Ltd.,2026-09-16,DLLC,Good Standing,CO,1858 County Road 204,,Durango,CO,81301,,Durango
20268151103,Sierra WILL LLC,2026-09-16,DLLC,Good Standing,CO,20342 Surface Creek Rd,,Cedaredge,CO,81413,,Cedaredge
20268151116,Rank & Rent LLC,2026-09-16,DLLC,Good Standing,CO,175 S Main St,,Brighton,CO,80601,,Brighton
20268151129,NHB LLC,2026-09-16,DLLC,Good Standing,CO,4600 E Kentucky Ave Apt 310,,Denver,CO,80246,,Denver
20268151130,All Pro Hauling LLC,2026-09-16,DLLC,Good Standing,CO,9890 Steele St,,Thornton,CO,80229,,Arvada
20268151138,AAPLOG Action,2026-09-16,FNC,Good Standing,TX,1025 W Rudisill Blvd Box 28,,Ft. Wayne,IN,46807,CORPORATION SERVICE COMPANY,Littleton
20268151145,Statewide Insurance LLC,2026-09-16,DLLC,Good Standing,CO,385 S Zuni St,,Denver,CO,80223,,Denver
20268151148,Pipeline Layer LLC,2026-09-16,DLLC,Good Standing,CO,175 S Main St,,Brighton,CO,80601,,Brighton
20268151154,The Womb Coop,2026-09-16,DLCA,Good Standing,CO,377 Aspen Way,,nederland,CO,80466,,Nederland
20268151155,Mountain Top Rx P.C.,2026-09-16,DPC,Good Standing,CO,521 Wapiti Rd,,Telluride,CO,81435,"James Mahoney, P.C.",Telluride
20268151157,Port O'Thority LLC,2026-09-16,DLLC,Good Standing,CO,3124 Westcliff Dr W,,Colorado Springs,CO,80906,"UNITED STATES CORPORATION AGENTS, INC.",Greenwood Village
20268151162,Glavin Group LLC,2026-09-16,DLLC,Good Standing,CO,1500 N Grant St Ste R,,Denver,CO,80203,Registered Agents Inc,Denver
20268151174,"EV XVI, LLC",2026-09-16,DLLC,Good Standing,CO,3070 Larimer St Ste 200,,Denver,CO,80205,"Mile High Properties, LLC",Denver
20268151196,Torque Masters LLC,2026-09-16,DLLC,Good Standing,CO,3209 w Avondale Dr,,Denver,CO,80204,,Denver
20268151197,B3 cleaning solutions llc,2026-09-16,DLLC,Good Standing,CO,4937 S Logan St,,Englewood,CO,80113,,Englewood
20268151205,"GMC SERVICES, LLC",2026-09-16,DLLC,Good Standing,CO,24577 E Applewood Dr Apt 200,,Aurora,CO,80016,,Aurora
20268151215,"EV XVII, LLC",2026-09-16,DLLC,Good Standing,CO,3070 Larimer St Ste 200,,Denver,CO,80205,"Mile High Properties, LLC",Denver
20268151230,Craftiverse LLC,2026-09-16,DLLC,Good Standing,CO,7620 Pitcher Pt Apt 103,,Fountain,CO,80817,,Fountain
20268151238,Green Celtics Parents Incorporated,2026-09-16,DPC,Good Standing,CO,15378 E Lehigh Ave,,Aurora,CO,80013,,Aurora
20268151241,"Glide Film, LLC",2026-09-16,DLLC,Good Standing,CO,2109 S Peninsula Dr,,Daytona Beach,FL,32118,Northwest Registered Agent LLC,Denver
20268151246,South Hazel Studios LLC,2026-09-16,DLLC,Good Standing,CO,3624 S Nepal St,,Aurora,CO,80013,,Aurora
20268151253,md community L.L.C.,2026-09-16,DLLC,Good Standing,CO,1500 N Grant St,Ste R,Denver,CO,80203,Northwest Registered Agent LLC,Denver
20268151259,"High St Investments, LLC",2026-09-16,DLLC,Good Standing,CO,2526 S Grant St,,Denver,CO,80210,,Denver
20268151261,MineMine LLC,2026-09-16,DLLC,Good Standing,CO,10118 W Arizona Pl,,Lakewood,CO,80232,,Lakewood
20268151271,"G-PA Services, LLC",2026-09-16,DLLC,Good Standing,CO,3461 Foxhill Ct,,Highlands Ranch,CO,80129,,Highlands Ranch
20268151282,B Side Works LLC,2026-09-16,DLLC,Good Standing,CO,3935 S Nucla St,,Aurora,CO,80013,,Aurora
20268151290,Kiwanis Club of Grand Mesa,2026-09-16,DNC,Good Standing,CO,1006 Haley Pl,,Delta,CO,81416,,Olathe
20268151293,JIAHERB INC,2026-09-16,FPC,Good Standing,NJ,1 Chapin Road Unit 1,,Pine Brook,NJ,07085,COGENCY GLOBAL INC.,Denver
20268151302,Lishka Customs LLC,2026-09-16,DLLC,Good Standing,CO,1500 N Grant St Ste N,,Denver,CO,80203,Northwest Registered Agent LLC,Denver
20268151307,Patriotic Partners Trucking LLC,2026-09-16,DLLC,Good Standing,CO,820 Schulze Ranch Rd,,Westcliffe,CO,81252,,Westcliffe
20268151318,First Nations Legacy LLC,2026-09-16,DLLC,Good Standing,CO,1500 N Grant St Ste N,,Denver,CO,80203,Northwest Registered Agent LLC,Denver
20268151320,M6 Studio Denver Centennial USA LLC,2026-09-16,DLLC,Good Standing,CO,1500 N Grant St,Ste N,Denver,CO,80203,Northwest Registered Agent LLC,Denver
20268151321,Aaron L Photography LLC,2026-09-16,DLLC,Good Standing,CO,280 Audubon Blvd,,Severance,CO,80546,,Severance
20268151324,Kay Creative LLC,2026-09-16,DLLC,Good Standing,CO,1500 N Grant St Ste R,,Denver,CO,80203,Registered Agents Inc,Denver
20268151326,TKB Services LLC,2026-09-16,DLLC,Good Standing,CO,3832 Katmai Ave,,Evans,CO,80620,,Evans
20268151328,"3317 ROBINHOOD, LLC",2026-09-16,FLLC,Good Standing,TX,433 NORTH LOOP W,,HOUSTON,TX,77008,Northwest Registered Agent LLC,Denver
20268151338,Super 6 Cleaning Services LLC,2026-09-16,DLLC,Good Standing,CO,24366 E Ohio Dr,,Aurora,CO,80018,,Aurora
20268151341,"Silver Gate, LLC",2026-09-16,DLLC,Good Standing,CO,2627 Aspen Ave,,Greeley,CO,80631,Northwest Registered Agent LLC,Denver
20268151343,More Green LLC,2026-09-16,DLLC,Good Standing,CO,1500 N Grant St,Ste N,Denver,CO,80203,Northwest Registered Agent LLC,Denver
20268151350,TARAS HELPING HANDS,2026-09-16,DNC,Good Standing,CO,333 MILTON LANE,,ARBOLES,CO,81121,TARA HISTORI SOCIETY & COMMUNITY CENTER,Ignacio
20268151354,Sanders Advisory LLC,2026-09-16,DLLC,Good Standing,CO,16185 Alpine Sorrel Dr,,Monument,CO,80132,,Monument
20268151361,Sun Dog Boarding LLC,2026-09-16,DLLC,Good Standing,CO,12235 E 30th Ave,,Aurora,CO,80011,,Aurora
20268151369,"JMR Solutions, LLC",2026-09-16,DLLC,Good Standing,CO,9275 Inca Dove Cir,,Littleton,CO,80125,,Littleton
20268151387,Macros Labs LLC,2026-09-16,DLLC,Good Standing,CO,120 Walnut St,,Louisville,CO,80027,,Louisville
20268151390,"Nueva Esperanza New Hope Girls, Inc.",2026-09-16,FNC,Good Standing,ID,4741 Baycedar Lane,,Sarasota,FL,34241,COGENCY GLOBAL INC.,Denver
20268151391,Cavellon LLC,2026-09-16,DLLC,Good Standing,CO,100 Ely St,,Colorado Springs,CO,80911,Registered Agents Inc,Denver
20268151395,Tantri-Bhoga LLC,2026-09-16,DLLC,Good Standing,CO,8337 S Valley Hwy Apt 413,,Englewood,CO,80112,,Englewood
20268151400,HELENA NAILS 2 LLC,2026-09-16,DLLC,Good Standing,CO,6720 W Coal Mine Ave,,Littleton,CO,80123,,Littleton
20268151401,2335 Dartmouth LLC,2026-09-16,DLLC,Good Standing,CO,90 W 84th Ave,,Denver,CO,80260,FEDE 9 LLC,Denver
20268151406,Claro LLC,2026-09-16,DLLC,Good Standing,CO,2592 Innsbruck Ct,,Steamboat Springs,CO,80487,,Steamboat Springs
20268151413,BRC Investment Concepts LLC,2026-09-16,DLLC,Good Standing,CO,1500 N Grant St Ste R,,Denver,CO,80203,Registered Agents Inc,Denver
20268151420,"Kindly Light Candles, LLC",2026-09-16,DLLC,Good Standing,CO,6964 S Prescott St,,Littleton,CO,80120,,Littleton
20268151424,GJG CAPITAL ENTERPRISES LLC,2026-09-16,DLLC,Good Standing,CO,1500 N Grant St Ste R,,Denver,CO,80203,Registered Agents Inc,Denver
20268151426,Luis Trucking LLC,2026-09-16,DLLC,Good Standing,CO,9833 E Colfax Ave Apt 101,,Aurora,CO,80010,,Aurora
20268151430,Prernah closet llc,2026-09-16,DLLC,Good Standing,CO,19609 E 47th Dr,,Denver,CO,80249,,Denver
20268151437,CDR Investment Ventures LLC,2026-09-16,DLLC,Good Standing,CO,1500 N Grant St Ste R,,Denver,CO,80203,Registered Agents Inc,Denver
20268151438,KDS Services LLC,2026-09-16,DLLC,Good Standing,CO,7050 Elm Street Enchanted Hls,,Longmont,CO,80504,,Longmont
20268151445,Your Print World LLC,2026-09-16,DLLC,Good Standing,CO,1500 N Grant St Ste N,,Denver,CO,80203,Northwest Registered Agent LLC,Denver
20268151447,"Pink Moon Yarns, LLC",2026-09-16,DLLC,Good Standing,CO,2320 Pinyon Jay Dr,,Colorado Springs,CO,80951,,Colorado Springs
20268151448,NMR Capital Enterprises LLC,2026-09-16,DLLC,Good Standing,CO,1500 N Grant St Ste R,,Denver,CO,80203,Registered Agents Inc,Denver
20268151451,Mod Your Bod LLC,2026-09-16,DLLC,Good Standing,CO,14117 County Road 15,,San Acacio,CO,81151,,San Acacio
20268151455,"The AI Adoption Institute, LLC",2026-09-16,DLLC,Good Standing,CO,1231 S Clayton St,,Denver,CO,80210,,Denver
20268151466,"Alliance Realty Collective, LLC",2026-09-16,DLLC,Good Standing,CO,9722 Millstone Ct,,Highlands Ranch,CO,80130,,Fort Collins
20268151469,Pony Express Mobile Notary LLC,2026-09-16,DLLC,Good Standing,CO,550 East Fredonia Drive,,Pueblo West,CO,81007,,Pueblo West
20268151476,MAR 22 LLC,2026-09-16,DLLC,Good Standing,CO,1500 N Grant St Ste N,,Denver,CO,80203,Northwest Registered Agent LLC,Denver
20268151480,NDI Investment Solutions LLC,2026-09-16,DLLC,Good Standing,CO,1500 N Grant St Ste R,,Denver,CO,80203,Registered Agents Inc,Denver
20268151488,"Hardin Trading, LLC",2026-09-16,DLLC,Good Standing,CO,1500 N Grant St Ste R,,Denver,CO,80203,Registered Agents Inc,Denver
20268151490,RORO RIDE LLC,2026-09-16,DLLC,Good Standing,CO,3340 11th ave Apt 838,,Evans,CO,80620,,Evans
20268151499,"Emily Burns, PsyD LLC",2026-09-16,DLLC,Good Standing,CO,1500 N Grant St Ste N,,Denver,CO,80203,Northwest Registered Agent LLC,Denver
20268151531,KM Studio LLC,2026-09-16,DLLC,Good Standing,CO,1755 S Beeler St Unit 4H,,Denver,CO,80247,,Denver
20268151532,JPJ Advanced Solutions LLC,2026-09-16,DLLC,Good Standing,CO,1500 N Grant St Ste R,,Denver,CO,80203,Registered Agents Inc,Denver
20268151541,Wapiti Construction LLC,2026-09-16,DLLC,Good Standing,CO,2507 Wapiti Rd,,Fort Collins,CO,80525,,Fort Collins
20268151547,Snell Transformation Holdings Inc.,2026-09-16,FPC,Good Standing,DE,1166 Pearl Street,Second Floor,Boulder,CO,80302,COGENCY GLOBAL INC.,Denver
20268151548,Sullivan Heritage Trading LLC,2026-09-16,DLLC,Good Standing,CO,1500 N Grant St Ste R,,Denver,CO,80203,Registered Agents Inc,Denver
20268151555,Forward Repair & Service LLP,2026-09-16,DLLP,Good Standing,CO,16451 County Road 102,,Elbert,CO,80106,,Elbert
20268151562,M6 Studio Colorado Springs Airport USA LLC,2026-09-16,DLLC,Good Standing,CO,1500 N Grant St,Ste N,Denver,CO,80203,Northwest Registered Agent LLC,Denver
20268151569,M6 Studio Colorado Springs USA LLC,2026-09-16,DLLC,Good Standing,CO,1500 N Grant St,Ste N,Denver,CO,80203,Northwest Registered Agent LLC,Denver
20268151570,All American Lawn Services LLC,2026-09-16,DLLC,Good Standing,CO,2605 Montego Bay,,Evans,CO,80620,,Evans
20268151573,"Gallup Pipeline and Compliance Services, LLC",2026-09-16,FLLC,Good Standing,NM,"26 W NM Hwy 118, Unit B",,Gallup,NM,87301,COGENCY GLOBAL INC.,Denver
20268151603,Leon Delivery LLC,2026-09-16,DLLC,Good Standing,CO,5070 Hannibal St,,Denver,CO,80239,,Denver
20268151615,Wade Ridge Advisory LLC,2026-09-16,DLLC,Good Standing,CO,1500 N Grant St Ste R,,Denver,CO,80203,Registered Agents Inc,Denver
20268151619,Ana's PlaySchool Ltd.,2026-09-16,DLLC,Good Standing,CO,135 S Osceola St,,Denver,CO,80219,,Denver
20268151634,Triple C Gray Properties LLC,2026-09-16,DLLC,Good Standing,CO,6627 W Adriatic Ave,,Lakewood,CO,80227,,Lakewood
20268151637,Mile High Choice Management LLC,2026-09-16,DLLC,Good Standing,CO,1785 S Irving St,,Denver,CO,80219,,Denver
20268151638,MOUNTAIN GROUP INSURANCE SERVICES LLC,2026-09-16,FLLC,Good Standing,FL,400 N ASHLEY DRIVE STE 1650,,TAMPA,FL,33602,Registered Agents Inc,Denver
20268151643,Satcitananda LLC,2026-09-16,DLLC,Good Standing,CO,2285 Knollwood Dr,,Boulder,CO,80302,C T CORPORATION SYSTEM,Centennial
20268151645,Restomi Health and Mind PLLC,2026-09-16,FLLC,Good Standing,TX,6800 Weiskopf Ave,Ste 150,McKinney,TX,75070,Northwest Registered Agent LLC,Denver
20268151654,Made by Rally,2026-09-16,FLLC,Good Standing,TN,1500 N Grant Street,,DENVER,CO,80203,Registered Agents Inc,Denver
20268151667,Kavro Lane Capital LLC,2026-09-16,DLLC,Good Standing,CO,14780 Ur Ln,,Jamul,CA,91935,Northwest Registered Agent LLC,Denver
20268151673,HighQ Homes LLC,2026-09-16,DLLC,Good Standing,CO,4257 Hayford Ct,,Pleasanton,CA,94566,C T CORPORATION SYSTEM,Centennial
20268151675,LAYER NINE LLC,2026-09-16,DLLC,Good Standing,CO,3101 E 7th Ave Pkwy,,Denver,CO,80206,,Denver
20268151678,"Kairos Anesthesia, LLC",2026-09-16,FLLC,Good Standing,TN,1500 N Grant St STE R,,denver,CO,80203,Registered Agents Inc,Denver
20268151682,Apres Events & Operations LLC,2026-09-16,DLLC,Good Standing,CO,31330 Highway 550,,Montrose,CO,81403,,Montrose
20268151684,Carla Roden L.L.C.,2026-09-16,DLLC,Good Standing,CO,1367 S Beach Ct,,Denver,CO,80219,,Denver
20268151691,BEACON CENTER OF TENNESSEE,2026-09-16,FPC,Good Standing,TN,"54 Music Square East, Suite 125",,NASHVILLE,TN,37203,COGENCY GLOBAL INC.,Denver
20268151697,Anglers Edge LLC,2026-09-16,DLLC,Good Standing,CO,4775 Grandstand Dr Apt 7302,,Windsor,CO,80550,,Windsor
20268151699,MEKANI INTERIORS LLC,2026-09-16,DLLC,Good Standing,CO,1500 N Grant St,Ste N,Denver,CO,80203,Northwest Registered Agent LLC,Denver
20268151700,"Front Range Alliance Holdings, LLC",2026-09-16,DLLC,Good Standing,CO,9722 Millstone Ct,,Highlands Ranch,CO,80130,,Loveland
20268151706,4820 LLC,2026-09-16,DLLC,Good Standing,CO,4820 S College Ave,,Fort Collins,CO,80525,4820 LLC,Fort Collins
20268151707,Aurora Notary Service LLC,2026-09-16,DLLC,Good Standing,CO,19552 E Buchanan Pl,,Aurora,CO,80011,"UNITED STATES CORPORATION AGENTS, INC.",Greenwood Village
20268151710,Solid grit construction and remodeling LLC,2026-09-16,DLLC,Good Standing,CO,613 Maple Ave,,Pueblo,CO,81005,,Pueblo
20268151718,Scranton House LLC,2026-09-16,DLLC,Good Standing,CO,1500 N Grant St Ste R,,Denver,CO,80203,Registered Agents Inc,Denver
20268151730,Vitality For Reality Mental Wellness Services PLLC,2026-09-16,DLLC,Good Standing,CO,1500 N Grant St Ste R,,Denver,CO,80203,Registered Agents Inc,Denver
20268151739,Gray RE Investments LLC,2026-09-16,DLLC,Good Standing,CO,6627 W Adriatic Ave,,Lakewood,CO,80227,,Lakewood
20268151740,Null Route Studio LLC,2026-09-16,DLLC,Good Standing,CO,1500 N Grant St,Ste N,Denver,CO,80203,Northwest Registered Agent LLC,Denver
20268151748,Leap Frog Property Management LLC,2026-09-16,DLLC,Good Standing,CO,8400 E Crescent Pkwy Ste 150,,Greenwood Village,CO,80111,Rocky Mountain RA LLC,Denver
20268151757,BUILDERSHUBHARDWARE LLC,2026-09-16,DLLC,Good Standing,CO,1500 N Grant St Ste R,,Denver,CO,80203,Registered Agents Inc,Denver
20268151759,Gigawatt Machinery Limited Liability Company,2026-09-16,DLLC,Good Standing,CO,1500 N Grant St Ste N,,Denver,CO,80203,Northwest Registered Agent LLC,Denver
20268151767,Rudder Holdings LLC,2026-09-16,DLLC,Good Standing,CO,4445 Tennyson St,,Denver,CO,80212,,Denver
20268151768,LCZ JIUJIU CANYIN LLC,2026-09-16,DLLC,Good Standing,CO,9068 Forsstrom Dr Unit C20,,Lone Tree,CO,80124,,Lone Tree
20268151777,Virgil & CO. LLC,2026-09-16,DLLC,Good Standing,CO,3507 Trinidad St,,Evans,CO,80620,,Evans
20268151779,Cor Consilium PLLC,2026-09-16,DLLC,Good Standing,CO,2720 Wabash St,,Denver,CO,80238,"UNITED STATES CORPORATION AGENTS, INC.",Greenwood Village
20268151781,Benvare LLC,2026-09-16,DLLC,Good Standing,CO,1500 N Grant St,Ste N,Denver,CO,80203,Northwest Registered Agent LLC,Denver
20268151804,"GP SMB 2, LLC",2026-09-16,DLLC,Good Standing,CO,5655 S Yosemite St Ste 460,,Greenwood Village,CO,80111,,Greenwood Village
20268151805,SLICK RICK TECH GRAND JUNCTION LLC,2026-09-16,DLLC,Good Standing,CO,2454 Highway 6 and 50 Ste 118A,,Grand Junction,CO,81505,"SLICK RICK PERFORMANCE, LLC",Grand Junction
20268151807,Ohana Codes LLC,2026-09-16,DLLC,Good Standing,CO,1001 E 62nd Ave Unit 3103,,Denver,CO,80216,,Denver
20268151808,Beyond Iterations LLC,2026-09-16,DLLC,Good Standing,CO,5825 S Huron St,,Littleton,CO,80120,,Littleton
20268151825,LOBOT LLC,2026-09-16,DLLC,Good Standing,CO,2125 Trail Stone Ct,,Castle Rock,CO,80108,,Castle Rock
20268151826,57 Heritage Dr LLC,2026-09-16,DLLC,Good Standing,CO,57 Heritage Drive,,Breckenridge,CO,80424,CORPORATION SERVICE COMPANY,Littleton
20268151828,"PhotoShelter, Inc.",2026-09-16,FPC,Good Standing,DE,8 The Green #14143,,Dover,DE,19901,Northwest Registered Agent LLC,Denver
20268151834,The Invisible Lizard LLC,2026-09-16,DLLC,Good Standing,CO,720 Rustlers Rd,,Bailey,CO,80421,SimpleBiz Registered Agent Services LLC,Boulder
20268151835,Lantern & Anchor Collective LLC,2026-09-16,DLLC,Good Standing,CO,1500 N Grant St Ste R,,Denver,CO,80203,Registered Agents Inc,Denver
20268151854,DoorLoop Inc.,2026-09-16,FPC,Good Standing,DE,1601 Washington Ave Ste 200,,Miami Beach,FL,33139-3174,C T CORPORATION SYSTEM,Centennial
20268151858,"Denver Cha Dao, LLC",2026-09-16,DLLC,Good Standing,CO,1983 S Marion St,,Denver,CO,80210,,Denver
20268151859,MileHighDynasty LLC,2026-09-16,DLLC,Good Standing,CO,330 Sherman Ave,,Ordway,CO,81063,,Ordway
20268151870,460 Seacrest Drive LLC,2026-09-16,FLLC,Good Standing,FL,621 Shavano Street,,Crested Butte,CO,81224,,Crested Butte
20268151874,Urban Door Interiors LLC,2026-09-16,DLLC,Good Standing,CO,1542 Castle Creek Cir,,Castle Rock,CO,80104,SimpleBiz Registered Agent Services LLC,Boulder
20268151887,"Eir Health, Inc.",2026-09-16,DPC,Good Standing,CO,1337 Saratoga Dr,,Colorado Springs,CO,80910,,Colorado Springs
20268151900,Discipleways LLC,2026-09-16,DLLC,Good Standing,CO,1500 N Grant St Ste N,,Denver,CO,80203,Northwest Registered Agent LLC,Denver
20268151917,Homestead Garage Doors & Handyman Services LLC,2026-09-16,DLLC,Good Standing,CO,28558 Sunup Cir,,Elizabeth,CO,80107,SimpleBiz Registered Agent Services LLC,Boulder
20268151924,Rooted Strategies LLC,2026-09-16,DLLC,Good Standing,CO,14761 Forest Way,,Brighton,CO,80602,,Brighton
20268151926,Davis Space Solutions LLC,2026-09-16,DLLC,Good Standing,CO,105 Wheeler Cir,#106,Frisco,CO,80443,,FRISCO
20268151941,Alaska Myth LLC,2026-09-16,DLLC,Good Standing,CO,318 Jenkins Ranch Rd,,Durango,CO,81301,SimpleBiz Registered Agent Services LLC,Boulder
20268151950,Bellezza Seducente LLC,2026-09-16,DLLC,Good Standing,CO,9101 Pearl St Unit 100,,Thornton,CO,80229,,Denver
20268151953,"131 Management, LLC",2026-09-16,FLLC,Good Standing,TX,5604 Martel Ave.,,Dallas,TX,75206,,Edwards
20268151955,Emma B Jewelry LLC,2026-09-16,DLLC,Good Standing,CO,9868 W Berry Dr,,Littleton,CO,80123,SimpleBiz Registered Agent Services LLC,Boulder
20268151970,Ann-Marie Events LLC,2026-09-16,DLLC,Good Standing,CO,18130 Alta Vista Dr,,Buena Vista,CO,81211,SimpleBiz Registered Agent Services LLC,Boulder
20268151973,"Tham Thai Style, LLC",2026-09-16,DLLC,Good Standing,CO,9442 Desert Willow Way,,Highlands Ranch,CO,80129,,Highlands Ranch
20268151979,"Avon Lake Holdings, LLC",2026-09-16,DLLC,Good Standing,CO,3356 Cochise Dr SE,,Atlanta,GA,30339,"Universal Registered Agents, Inc.",Brighton
20268151984,Black Bear Auto Repair llc,2026-09-16,DLLC,Good Standing,CO,840 Concho Trl,,Hartsel,CO,80449,,Hartsel
20268151985,Mesa Valley Motor Worx llc,2026-09-16,DLLC,Good Standing,CO,676 Brentwood Dr Unit 27,,Palisade,CO,81526,,Palisade
20268151988,"Colorado Car Wash Services, LLC",2026-09-16,DLLC,Good Standing,CO,7887 E Bellview Ave #1100,,Denver,CO,80111,"ProClean Auto Wash, LLLP",Englewood
20268151990,A Big Beautiful Noise,2026-09-16,DNC,Good Standing,CO,4 Eagle Nest Ln,,Lyons,CO,80540,,Lyons
20268151991,Logan Hansen Counseling LLC,2026-09-16,DLLC,Good Standing,CO,5495 W 10th Ave Apt 201,,Lakewood,CO,80214,,Lakewood
20268151992,"Constellation SPV, LLC",2026-09-16,FLLC,Good Standing,DE,17 Cowboys Way Suite 400,,Frisco,TX,75034,C T CORPORATION SYSTEM,Centennial
20268152022,Grey Snake Engineering LLC,2026-09-16,DLLC,Good Standing,CO,8331 S Valley Hwy Apt 220,,Englewood,CO,80112,SimpleBiz Registered Agent Services LLC,Boulder
20268152025,"Chain II, LLC",2026-09-16,DLLC,Good Standing,CO,84 Legacy Trl,,Edwards,CO,81632,,Edwards
20268152027,"Mingle House of Mahjong, LLC",2026-09-16,DLLC,Good Standing,CO,18623 E Crestridge Dr,,Aurora,CO,80015,,Aurora
20268152034,"Parker CO Storage, LLC",2026-09-16,FLLC,Good Standing,DE,18525 Apache Dr,,Parker,CO,80134,CORPORATION SERVICE COMPANY,Littleton
20268152037,CRS Services LLC,2026-09-16,DLLC,Good Standing,CO,1840 Garden Flourish Ct,,Windsor,CO,80550,SimpleBiz Registered Agent Services LLC,Boulder
20268152039,"The Northstar Collective, LLC.",2026-09-16,DLLC,Good Standing,CO,1500 N Grant St Ste R,,Denver,CO,80203,Registered Agents Inc,Denver
20268152053,Layer7Link L.L.C,2026-09-16,DLLC,Good Standing,CO,1240 Campfire Rd,,Hartsel,CO,80449,,Hartsel
20268152057,"2885 Janitell Road, Inc.",2026-09-16,DPC,Good Standing,CO,1900 Wyott Dr,,Cheyenne,WY,82007,,Colorado Springs
20268152067,B-Line Roofing & Exteriors LLC,2026-09-16,DLLC,Good Standing,CO,6109 S Monroe Dr,,Centennial,CO,80121,,Centennial
20268152076,Sacred Roots Therapy LLC,2026-09-16,DLLC,Good Standing,CO,14659 Bonsmara Dr,,Mead,CO,80542,,Mead
20268152077,Adam Vigil LLC,2026-09-16,DLLC,Good Standing,CO,333 W Ellsworth Ave Apt 222,,Denver,CO,80223,,Denver
20268152086,5050 Ash Ltd.,2026-09-16,DLLC,Good Standing,CO,5050 Ash St,,Denver,CO,80216,,Thornton
20268152087,Peace Corps Foundation,2026-09-16,FNC,Good Standing,DC,3601 Connecticut Avenue,#504,Washington,DC,20008,,Denver
20268152092,"Hammer & Altitude, LLC",2026-09-16,DLLC,Good Standing,CO,9025 Perry St,,Westminster,CO,80031,,Westminster
20268152098,NWCH Lot 70 LLC,2026-09-16,DLLC,Good Standing,CO,5567 S Perry Park Rd,,Sedalia,CO,80135,"New West Custom Homes, LLC",Sedalia
20268152099,"GLI DEN, LLC",2026-09-16,FLLC,Good Standing,DE,255 Potrero Ave,,San Francisco,CA,94103,C T CORPORATION SYSTEM,Centennial
20268152101,Let Your Light Shine Headlight Restoration LLC,2026-09-16,DLLC,Good Standing,CO,11430 Madaket Rd,,Windsor,CO,80550,SimpleBiz Registered Agent Services LLC,Boulder
20268152103,"What's Happening Therapy, LLC",2026-09-16,DLLC,Good Standing,CO,1500 N Grant St,Ste N,Denver,CO,80203,Northwest Registered Agent LLC,Denver
20268152105,"PT Holdings Group, LLC",2026-09-16,DLLC,Good Standing,CO,1980 S Quebec St Ste 101,,Denver,CO,80231,,Denver
20268152106,"Kent Takemoto, M.D., Inc., Colorado Authority Relinquished September 16, 2026",2026-09-16,FO,Withdrawn,CA,5205 Marina Pacifica Drive North,,Long Beach,CA,90803,,
20268152110,No Soup For You LLC,2026-09-16,DLLC,Good Standing,CO,331 US Hwy 285 C,,Fairplay,CO,80440,,Fairplay
20268152113,23 FreightLine Incorporated,2026-09-16,DNC,Good Standing,CO,10297 Boulder Ridge Dr,,Peyton,CO,80831,,Peyton
20268152120,Taino Mission Training LLC,2026-09-16,DLLC,Good Standing,CO,11016 Tarbell Dr,,Colorado Springs,CO,80925,SimpleBiz Registered Agent Services LLC,Boulder
20268152122,Oso Remodeling LLC,2026-09-16,DLLC,Good Standing,CO,7861 Olive St,,Commerce City,CO,80022,,Commerce City
20268152138,11690 Whooping Crane Dr LLC,2026-09-16,DLLC,Good Standing,CO,11690 Whooping Crane Dr,,Parker,CO,80134,,Parker
20268152163,"Reite Consulting, Inc.",2026-09-16,DPC,Good Standing,CO,5466 Uinta St,,Denver,CO,80238,,Denver
20268152164,K-Medical PLLC,2026-09-16,DLLC,Good Standing,CO,7456 W 5th Ave,Ste 100,Lakewood,CO,80226,,Lakewood
20268152168,Tectonic Solutions LLC,2026-09-16,FLLC,Good Standing,PA,1500 N Grant St,Ste N,Denver,CO,80203,Northwest Registered Agent LLC,Denver
20268152171,2231 Columbine Ave Boulder LLC,2026-09-16,DLLC,Good Standing,CO,276 Westerly Blvd,,Erie,CO,80516,,Erie
20268152174,Walker Small Business Consultants LLC,2026-09-16,DLLC,Good Standing,CO,23828 County Road 49,,La Salle,CO,80645,SimpleBiz Registered Agent Services LLC,Boulder
20268152175,CPOM LLC,2026-09-16,DLLC,Good Standing,CO,1652 Sorenson Drive,,Windsor,CO,80550,,Windsor
20268152176,NWCH Lot 71 LLC,2026-09-16,DLLC,Good Standing,CO,5567 S Perry Park Rd,,Sedalia,CO,80135,"New West Custom Homes, LLC",Sedalia
20268152178,"Elevated Trailer Restrooms, LLC",2026-09-16,DLLC,Good Standing,CO,399 S County Road 1 E,,Monte Vista,CO,81144,,Monte Vista
20268152182,Iron Saddle Motors LLC,2026-09-16,DLLC,Good Standing,CO,1500 N Grant St,Ste R,Denver,CO,80203,Northwest Registered Agent LLC,Denver
20268152191,Rockoff Consulting LLC,2026-09-16,DLLC,Good Standing,CO,4276 Troutdale Village Dr,,Evergreen,CO,80439,"UNITED STATES CORPORATION AGENTS, INC.",Greenwood Village
20268152198,Glacier Flow Home Services LLC,2026-09-16,DLLC,Good Standing,CO,17939 E Jarvis Pl,,Aurora,CO,80013,SimpleBiz Registered Agent Services LLC,Boulder
20268152200,"Aspen 747 S Galena, LLC",2026-09-16,DLLC,Good Standing,CO,747 S Galena Street,Unit 390,Aspen,CO,81611,"THE LAW OFFICES OF THOMAS G. KENNEDY, P.C.",TELLURIDE
20268152203,"Zen Goaltending, Ltd.",2026-09-16,DLLC,Good Standing,CO,15954 Jackson Creek Pkwy Ste B PMB 1026,,Monument,CO,80132,,Monument
20268152206,"Lindburg Vogel Pierce Faris, Chartered",2026-09-16,FPC,Good Standing,KS,2301 N Halstead,,Hutchinson,KS,67502,,Englewood
20268152208,"TALENT LINK GROUP, LLC",2026-09-16,FLLC,Good Standing,NY,1500 N Grant St,Ste R,Denver,CO,80203,Registered Agents Inc,Denver
20268152209,Stretch Strategies LLC,2026-09-16,DLLC,Good Standing,CO,7094 Compass Bend Dr,,Colorado Springs,CO,80927,SimpleBiz Registered Agent Services LLC,Boulder
20268152215,D.P. Electric Incorporated,2026-09-16,DPC,Good Standing,CO,2171 S Grape St,,Denver,CO,80222,,Denver
20268152230,Little Fish Holdings LLC,2026-09-16,DLLC,Good Standing,CO,2873 6th St,,Boulder,CO,80304,"UNITED STATES CORPORATION AGENTS, INC.",Greenwood Village
20268152236,Renewal Bathroom Remodeling LLC,2026-09-16,DLLC,Good Standing,CO,1361 Keywood Ct,,Windsor,CO,80550,,Windsor
20268152243,Generations Church Thornton,2026-09-16,DNC,Good Standing,CO,10100 Grant St,,Thornton,CO,80229,,Thornton
20268152245,TRANE- U.S. INC,2026-09-16,DPC,Good Standing,CO,1865 Shawnee Dr,,Colorado Springs,CO,80915,,Colorado Springs
20268152249,Lenz Construction Services LLC,2026-09-16,DLLC,Good Standing,CO,8432 Wheatgrass Cir,,Parker,CO,80134,SimpleBiz Registered Agent Services LLC,Boulder
20268152251,Billix Pay LLC,2026-09-16,DLLC,Good Standing,CO,10606 Bellaire St,,Thornton,CO,80233,,Thornton
20268152261,"Cedra Etesam, LCSW LLC",2026-09-16,DLLC,Good Standing,CO,"15682 STATE HIGHWAY 172, LOT 34",,IGNACIO,CO,81137,Northwest Registered Agent LLC,Denver
20268152262,"Cocina Quintana, LLC",2026-09-16,DLLC,Good Standing,CO,13468 E 104th Dr,,Commerce City,CO,80022,,Commerce City
20268152263,Carroway Seed LLC,2026-09-16,DLLC,Good Standing,CO,1500 N Grant St Ste R,,Denver,CO,80203,Registered Agents Inc,Denver
20268152279,Little Odd Fox LLC,2026-09-16,DLLC,Good Standing,CO,7880 Grasmere Dr,,Boulder,CO,80301,,Boulder
20268152287,"duncy does tattoos, LLC",2026-09-16,DLLC,Good Standing,CO,"8410 Wadsworth Blvd, unit H North",,Arvada,CO,80003,,Arvada
20268152294,War & Mercy LLC,2026-09-16,DLLC,Good Standing,CO,16 Apache Plume St,,Brighton,CO,80601,,Denver
20268152297,"SNZweig Advisors, LLC",2026-09-16,FLLC,Good Standing,DE,220 Saint Charles Way Ste 150,,York,PA,17402,Registered Agents Inc,Denver
20268152307,Imaging Drone Services LLC,2026-09-16,DLLC,Good Standing,CO,8555 Bynum Dr,,Colorado Springs,CO,80908,,Colorado Springs
20268152318,Paired Purpose Financial Planning LLC,2026-09-16,DLLC,Good Standing,CO,680 W Hickory St,,Louisville,CO,80027,,Louisville
20268152330,"The Boutique Staging Company, LLC",2026-09-16,DLLC,Good Standing,CO,600 Garland Street,,Lakewood,CO,80215,,Lakewood
20268152331,Meticulous Spaces LLC,2026-09-16,DLLC,Good Standing,CO,"1500 N Grant St, Suite 11910",,Denver,CO,80203,,Lakewood
20268152337,Colorado Fruitwood Company LLC,2026-09-16,DLLC,Good Standing,CO,620 Stonebridge Dr,,Longmont,CO,80503,,Longmont
20268152338,Prestige Worldwide Auto Detailing LLC,2026-09-16,DLLC,Good Standing,CO,5727 tramore ct,,Colorado springs,CO,80927,Registered Agents Inc,Denver
20268152339,Infinite Vibe L.L.C.,2026-09-16,DLLC,Good Standing,CO,1824 17th St. 104N,,Boulder,CO,80302,,Boulder
20268152351,MLSTN Brands LLC,2026-09-16,DLLC,Good Standing,CO,1500 N GRANT ST,STE N,DENVER,CO,80203,Northwest Registered Agent LLC,Denver
20268152356,Nosci Ventures LLC,2026-09-16,DLLC,Good Standing,CO,1500 N Grant St Ste N,,Denver,CO,80203,Northwest Registered Agent LLC,Denver
20268152359,Black Oak Property Group LLC,2026-09-16,DLLC,Good Standing,CO,14664 E 12th Ave,,Aurora,CO,80011,Colorado Registered Agent LLC,Denver
20268152362,Momfari,2026-09-16,FLLC,Good Standing,DE,838 Walker Rd,Suite 21-2,Dover,DE,19904,,Longmont
20268152363,Grail Home Services LLC,2026-09-16,DLLC,Good Standing,CO,3912 Valley Crest Dr,,Timnath,CO,80547,,Timnath
20268152369,MIDDAY MUNCHIES LLC,2026-09-16,DLLC,Good Standing,CO,18601 GREEN VALLEY RANCH BLVD SUIT 108,"SUIT 108, BOX 195",DENVER,CO,80249,,DENVER
20268152379,DIAZ TILE SERVICE LLC,2026-09-16,DLLC,Good Standing,CO,6325 E 63rd Ave,,Commerce City,CO,80022,,Commerce City
20268152385,Kasami Motion LLC,2026-09-16,DLLC,Good Standing,CO,4240 Chenango Dr,,Colorado Springs,CO,80911,,Colorado Springs
20268152388,"7527 Hygiene, LLC",2026-09-16,DLLC,Good Standing,CO,1216 N. 3rd Street,,Johnstown,CO,80534,,Johnstown
20268152395,Handbell Musicians of America,2026-09-16,FPC,Good Standing,DE,201 E 5th St,Ste 1900-1025,Cincinnati,OH,45202,"Estes Chamber of Commerce, Inc.",Estes Park
20268152398,Wild Boar Studios LLC,2026-09-16,DLLC,Good Standing,CO,22425 Laurel Oak Dr,,Parker,CO,80138,,Parker
20268152403,"American Federation for Children, Inc.",2026-09-16,FNC,Good Standing,TX,6125 Luther Lane,PMB 286,Dallas,TX,75225,,
20268152415,Peak Contracting LLC,2026-09-16,DLLC,Good Standing,CO,4845 Pearl East Cir Ste 118 #546163,,Boulder,CO,80301,"UNITED STATES CORPORATION AGENTS, INC.",Greenwood Village
20268152418,Riflo Auto Finance LLC,2026-09-16,DLLC,Good Standing,CO,9305 Poundstone Pl,,Greenwood Village,CO,80111,,Greenwood Village
20268152420,Lucero Investments L.L.C.,2026-09-16,DLLC,Good Standing,CO,504 Knox Ct Unit 1,,Denver,CO,80204,,Lakewood
20268152425,"Duo-Gard Industries, Inc.",2026-09-16,DPC,Good Standing,CO,5800 Tower Rd Apt 602,,Denver,CO,80249,,Denver
20268152433,NORTH TELECOM LLC,2026-09-16,DLLC,Good Standing,CO,1500 N Grant St,Ste N,Denver,CO,80203,Northwest Registered Agent LLC,Denver
20268152434,S&H Logistics LLC,2026-09-16,DLLC,Good Standing,CO,2236 Creek Valley Cir,,Monument,CO,80132,,Monument
20268152436,"Codependency Psychotherapy Clinic, INC, A Psychology Corporation",2026-09-16,FPC,Good Standing,CA,1926 Park Street Suite 2,"Alameda, CA 94501",Alameda,CA,94501,,Lafayette
20268152438,"American Federation for Children Growth Fund, Inc.",2026-09-16,FNC,Good Standing,IN,6125 Luther Lane,PMB 286,Dallas,TX,75225,C T CORPORATION SYSTEM,Centennial
20268152443,M&S 27 LLC,2026-09-16,DLLC,Good Standing,CO,920 Little Leaf Court,,Longmont,CO,80503,,Longmont
20268152450,Marvy Cleaning & Maintenance LLC,2026-09-16,DLLC,Good Standing,CO,497 Cove Blvd Unit 1H,,Dillon,CO,80435,,Dillon
20268152476,"F&A Jacquez Properties, LLC",2026-09-16,DLLC,Good Standing,CO,91 Sierra Ave,,Alamosa,CO,81101,,Alamosa
20268152477,"CMJ Properties, LLC",2026-09-16,FLLC,Good Standing,WY,7003 Poudre River Rd.,Unit 5,Greeley,CO,80634,"Meurer Law Offices, P.C.",Greenwood Village
20268152484,Nelson Overhead Door Service LLC,2026-09-16,DLLC,Good Standing,CO,520 Carpenter Rd,,Fort Collins,CO,80525,,Fort Collins
20268152488,J and M Seafood LLC,2026-09-16,DLLC,Good Standing,CO,6650 McCall Dr,,Longmont,CO,80503,,Longmont
20268152491,MTSW30 LLC,2026-09-16,DLLC,Good Standing,CO,1500 N Grant St,Ste R,Denver,CO,80203,Northwest Registered Agent LLC,Denver
20268152492,6854 Colorado LLC,2026-09-16,DLLC,Good Standing,CO,1500 N Grant St,Ste R,Denver,CO,80203,Northwest Registered Agent LLC,Denver
20268152497,"Arguendo Labs, LLC",2026-09-16,DLLC,Good Standing,CO,1500 N Grant St Ste R,,Denver,CO,80203,Registered Agents Inc,Denver
20268152503,"Building Maintenance Optimization Consultants, Inc.",2026-09-16,FPC,Good Standing,GA,4426 HUGH HOWELL RD STE B138,,TUCKER,GA,30084,Registered Agents Inc,Denver
20268152506,"2929 W22nd Ave, LLC",2026-09-16,DLLC,Good Standing,CO,1301 Milwaukee St,,Denver,CO,80206,"Rose Residences, L.L.C.",Denver
20268152514,Lamoremi Labs LLC,2026-09-16,DLLC,Good Standing,CO,1500 N Grant St Ste R,,Denver,CO,80203,Registered Agents Inc,Denver
20268152515,Fleetrivo LLC,2026-09-16,DLLC,Good Standing,CO,9645 Lansing Cir,,Commerce City,CO,80022,Rhanon LLC,Commerce City
20268152524,Crab River llc,2026-09-16,DLLC,Good Standing,CO,17843 e maplewood cir,,aurora,CO,80223,,aurora
20268152528,ODDSLISTING LLC,2026-09-16,FLLC,Good Standing,FL,9769 SE 125th Ln,,Summerfield,FL,34491,"INCORP SERVICES, INC.",DENVER
20268152534,"Home Liberated, LLC",2026-09-16,DLLC,Good Standing,CO,3395 Buck Creek Rd,,Oskaloosa,KS,66066-4084,,Salida
20268152535,Quartz Creek Holdings LLC,2026-09-16,DLLC,Good Standing,CO,7887 E Belleview Ave Ste 700,,Englewood,CO,80111,Illumine Legal LLC,Englewood
20268152548,BEYOND STEM CELLS LLC DBA BEYOND STEM CELLS INTERNATIONAL LLC,2026-09-16,DLLC,Good Standing,CO,5912 S Cody St Ste 202,,LITTLETON,CO,80123,,Lakewood
20268152552,MTSW45 LLC,2026-09-16,DLLC,Good Standing,CO,1500 N Grant St,Ste R,Denver,CO,80203,Northwest Registered Agent LLC,Denver
20268152556,MTSW40 LLC,2026-09-16,DLLC,Good Standing,CO,1500 N Grant St,Ste R,Denver,CO,80203,Northwest Registered Agent LLC,Denver
20268152558,"Tuzin Renovations, INC",2026-09-16,DPC,Good Standing,CO,4000 W Latonka Rd,,Littleton,CO,80123,,Littleton
20268152577,LASM COMPANY SOLUTIONS LLC,2026-09-16,DLLC,Good Standing,CO,1204 29th Street Rd Apt 306,,Greeley,CO,80631,,Greeley
20268152580,Camigda lawn and landscape maintenance LLC,2026-09-16,DLLC,Good Standing,CO,2501 S Acoma St,,Denver,CO,80223,,Denver
20268152588,B HALFA EXPRESS LLC,2026-09-16,DLLC,Good Standing,CO,7440 E Harvard Ave Apt 204,,Denver,CO,80231,,Denver
20268152605,Hendrix Housekeeping LLC,2026-09-16,DLLC,Good Standing,CO,1215 Little Baldy Dr-1456,,Fairplay,CO,80440,SimpleBiz Registered Agent Services LLC,Boulder
20268152606,"HawxCo, LLC",2026-09-16,DLLC,Good Standing,CO,1700 N Lincoln St Ste 3950,,Denver,CO,80203,"Laramie Energy, LLC",Centennial
20268152608,Avigraf corporate image llc,2026-09-16,DLLC,Good Standing,CO,22474 E Union Place,80015,Aurora,CO,80015,,Aurora
20268152609,Garrison Leather LLC,2026-09-16,DLLC,Good Standing,CO,"403 Forest Ridge Rd, 795",,Pine,CO,80470,,Pine
20268152610,Salituro Pharma & Biotech Advisors LLC,2026-09-16,DLLC,Good Standing,CO,3767 Jenny Ln,,Broomfield,CO,80023,,Broomfield
20268152613,J L LLC,2026-09-16,DLLC,Good Standing,CO,3917 Mallard Ave,,Evans,CO,80620,,Evans
20268152614,Everllence LLC,2026-09-16,DLLC,Good Standing,CO,1500 N Grant St,Ste N,Denver,CO,80203,Northwest Registered Agent LLC,Denver
20268152629,The Bread Shed LLC,2026-09-16,DLLC,Good Standing,CO,6197 Bauer Ct,,Frederick,CO,80504,SimpleBiz Registered Agent Services LLC,Boulder
20268152640,Happy Day Ranch LLC,2026-09-16,DLLC,Good Standing,CO,193 Lester Ln,,Basalt,CO,81621,"UNITED STATES CORPORATION AGENTS, INC.",Greenwood Village
20268152642,"Iron Horse Ag Repair, LLC",2026-09-16,DLLC,Good Standing,CO,13526 County Road 37,,Sterling,CO,80751,,Sterling
20268152645,MaisyDog LLC,2026-09-16,DLLC,Good Standing,CO,16938 Molina Pl,,Parker,CO,80134,,Parker
20268152646,"WonderWeave Learning, LLC",2026-09-16,DLLC,Good Standing,CO,1540 Main St Ste 218,unit 129,Windsor,CO,80550,,Windsor
20268152655,The Drapery House LLC,2026-09-16,DLLC,Good Standing,CO,2893 Shadow Dance Dr,,Castle Rock,CO,80109,,Castle Rock
20268152661,Anomal Labs LLC,2026-09-16,DLLC,Good Standing,CO,11536 Spectacular Bid Cir,,Colorado Springs,CO,80921,,Colorado Springs
20268152665,Lucky Fang Games LLC,2026-09-16,DLLC,Good Standing,CO,1710 N Wild Bill Hickock Dr,,Pueblo,CO,81007,,Pueblo
20268152679,Kayla's Barks N Bubbles LLC,2026-09-16,DLLC,Good Standing,CO,17080 Carlson Dr Apt 1127,,Parker,CO,80134,,Parker
20268152680,Sciurid Holdings LLC,2026-09-16,DLLC,Good Standing,CO,6964 N 79th St Unit 3,,Niwot,CO,80503,"Warren Moore Rutherford, LLP",Niwot
20268152685,Cokelet Properties LLC,2026-09-16,FLLC,Good Standing,TX,"1209 S. 10th St., Suite A237",,Mcallen,TX,78501,"CAPITOL CORPORATE SERVICES, INC.",BRIGHTON
20268152690,Colorado Eldercare Services LLC,2026-09-16,DLLC,Good Standing,CO,767 W Lois Ct,,Louisville,CO,80027,,Louisville
20268152692,All the Fixinz LLC,2026-09-16,DLLC,Good Standing,CO,8340 Grasslands Way,,Parker,CO,80134,SimpleBiz Registered Agent Services LLC,Boulder
20268152695,SILVA RENTALS CO LLC,2026-09-16,DLLC,Good Standing,CO,941 Aspen Ave,,Craig,CO,81625,,Craig
20268152696,"Jedson Architecture, Inc.",2026-09-16,FPC,Good Standing,NC,One Centennial Plaza,705 Central Avenue,Cincinnati,OH,45202,C T CORPORATION SYSTEM,Centennial
20268152716,VITAE GLOBE GROUP INC.,2026-09-16,DPC,Good Standing,CO,1521 Blake St Ste 47010,,Denver,CO,80202,"INCORP SERVICES, INC.",DENVER
20268152722,Thomasson's Solutions LLC,2026-09-16,DLLC,Good Standing,CO,6775 Blue River Way,,Colorado Springs,CO,80911,SimpleBiz Registered Agent Services LLC,Boulder
20268152726,Mynestride Commerce LTD,2026-09-16,DPC,Good Standing,CO,1521 Blake St Ste 47010,,Denver,CO,80202,"INCORP SERVICES, INC.",DENVER
20268152728,Longhorn Handy Man services & maintenance LLC,2026-09-16,DLLC,Good Standing,CO,317 W Eighth St Trlr 25,,Palisade,CO,81526,,Palisade
20268152737,J. R. Balsan Inc.,2026-09-16,FPC,Good Standing,PA,55 Country Club Drive Suite 201,,Downingtown,PA,19335,COGENCY GLOBAL INC.,Denver
20268152739,"250 Clayton Street 2 Holdings, LLC",2026-09-16,DLLC,Good Standing,CO,252 Clayton St Fl 4,,Denver,CO,80206,C T CORPORATION SYSTEM,Centennial
20268152741,Carson's Crane Service LLC,2026-09-16,DLLC,Good Standing,CO,1500 N Grant St,Ste N,Denver,CO,80203,Northwest Registered Agent LLC,Denver
20268152743,MAIOROV UNIVERSAL SERVICES LLC,2026-09-16,DLLC,Good Standing,CO,10246 Taliesin Dr Apt 306,,Englewood,CO,80112,,Englewood
20268152746,Motley Dog Training LLC,2026-09-16,DLLC,Good Standing,CO,1154 Lilac St,,Broomfield,CO,80020,,Broomfield
20268152748,"Arroyo Chico, LLC",2026-09-16,DLLC,Good Standing,CO,13701 W Jewell Ave Ste 200-28,,Lakewood,CO,80228,,Lakewood
20268152749,GW2 CO Holdings LLC,2026-09-16,DLLC,Good Standing,CO,1500 N Grant St Ste R,,Denver,CO,80203,Registered Agents Inc,Denver
20268152754,ARDUO GLOBAL ENTERPRISES LLC,2026-09-16,DLLC,Good Standing,CO,18121 E Hampden Ave. Unit C 1384,,Aurora,CO,80013,,Aurora
20268152756,Dusk Till Dawn Permanent Lighting LLC,2026-09-16,DLLC,Good Standing,CO,4833 Front St Ste B PMB 234,,Castle Rock,CO,80104,SimpleBiz Registered Agent Services LLC,Boulder
20268152760,Roots Collective Enterprises LLC,2026-09-16,DLLC,Good Standing,CO,1500 N Grant St Ste R,,Denver,CO,80203,Registered Agents Inc,Denver
20268152770,SAINBLENDZ LLC,2026-09-16,DLLC,Good Standing,CO,4955 S Haleyville St,,Aurora,CO,80016,,Aurora
20268152778,Bad @$$ Ideas Incorporated,2026-09-16,DPC,Good Standing,CO,700 Colorado Blvd,Unit 545,Denver,CO,80206,,Denver
20268152781,XM Legal Management LLC,2026-09-16,FLLC,Good Standing,WY,443 W. Coulter Avenue,Suite 1,Powell,WY,82435,Registered Agents Inc,Denver
20268152789,"GOAT SERVICES PLUS, LLC",2026-09-16,DLLC,Good Standing,CO,7109 W 27St Th 2212,,Greeley,CO,80634,"CORPORATE SERVICE CENTER, INC.",Denver
20268152791,M4 Optimization LLC,2026-09-16,DLLC,Good Standing,CO,18 Garnet Way,,Florissant,CO,80816,,Florissant
20268152793,Spooky Stabz LLC,2026-09-16,DLLC,Good Standing,CO,1453 McArthur Ave,,Colorado Springs,CO,80909,,Colorado Springs
20268152797,Heinrich Lane LLC,2026-09-16,DLLC,Good Standing,CO,811 Union St,,Lakewood,CO,80401,,Lakewood
20268152801,Carlson Glass Inc,2026-09-16,FPC,Good Standing,AZ,4703 W Brill St,STE 300,Phoenix,AZ,85043,Registered Agents Inc,Denver
20268152804,M Powers construction LLC,2026-09-16,DLLC,Good Standing,CO,239 S Paddock St,,Elizabeth,CO,80107,SimpleBiz Registered Agent Services LLC,Boulder
20268152809,Strata Peaks Fitness LLC,2026-09-16,DLLC,Good Standing,CO,3360 Templeton Gap Rd,,Colorado Springs,CO,80907,"UNITED STATES CORPORATION AGENTS, INC.",Greenwood Village
20268152825,Futura LLC,2026-09-16,DLLC,Good Standing,CO,1500 N Grant St,Ste N,Denver,CO,80203,Northwest Registered Agent LLC,Denver
20268152826,Fanagle LLC,2026-09-16,DLLC,Good Standing,CO,6520 Delmonico Dr. #308,,Colorado Springs,CO,80919,,Colorado Springs
20268152827,Carvineer LLC,2026-09-16,DLLC,Good Standing,CO,11512 W 101st Ave,,Broomfield,CO,80021,,Broomfield
20268152833,Carols Home Accents LLC,2026-09-16,DLLC,Good Standing,CO,1977 Co Rd 308,,Dumont,CO,80436,SimpleBiz Registered Agent Services LLC,Boulder
20268152841,Myrmidon LLC,2026-09-16,DLLC,Good Standing,CO,14094 Trudy Ln,,Sedalia,CO,80135,,Sedalia
20268152847,"Caitlin Payne LCSW, PLLC",2026-09-16,FLLC,Good Standing,TX,1105 W 21st St,Unit C,Houston,TX,77008,Registered Agents Inc,Denver
20268152855,Prairie Clover Holdings LLC,2026-09-16,DLLC,Good Standing,CO,1500 N Grant St Ste R,,Denver,CO,80203,Registered Agents Inc,Denver
20268152857,Bad @$$ Ideas Licensing Incorporated,2026-09-16,DPC,Good Standing,CO,700 Colorado Blvd.,Unit 545,Denver,CO,80206,Bad @$$ Ideas Incorporated,Denver
20268152861,Summit and Sage LLC,2026-09-16,DLLC,Good Standing,CO,220 Old County Lane,x3001,Edwards,CO,81632,SimpleBiz Registered Agent Services LLC,Boulder
20268152862,ZC Car Services LLC,2026-09-16,DLLC,Good Standing,CO,2390 S University Blvd Apt 404,,Denver,CO,80210,REPUBLIC REGISTERED AGENT LLC,Colorado Springs
20268152870,Davison Tech LLC,2026-09-16,DLLC,Good Standing,CO,26845 E Quarto Pl,,Aurora,CO,80016,,Aurora
20268152872,Colorado Roadrunners LLC,2026-09-16,DLLC,Good Standing,CO,164 29 Rd,,Grand Junction,CO,81503,,Grand Junction
20268152876,Summit Learning LLC,2026-09-16,DLLC,Good Standing,CO,4570 Sprucedale Pl,,Boulder,CO,80301,,Boulder
20268152879,Risers N Lies LLC,2026-09-16,DLLC,Good Standing,CO,3922 Wyedale Way,,Colorado Springs,CO,80922,,Colorado Springs
20268152888,Slippin LLC,2026-09-16,DLLC,Good Standing,CO,700 Colorado Blvd.,Unit 545,Denver,CO,80206,Bad @$$ Ideas Incorporated,Denver
20268152890,"Know It All Co, LLC",2026-09-16,DLLC,Good Standing,CO,2800 Harlan St,,Wheat Ridge,CO,80214,,Wheat Ridge
20268152892,2133 18th Street LLC,2026-09-16,DLLC,Good Standing,CO,1820 Little Raven Street,,Denver,CO,80202,,Denver
20268152906,RSC (RACE SUPPORT CONSULTANTS) LLC,2026-09-16,DLLC,Good Standing,CO,1773 Lansing St,,Aurora,CO,80010,SimpleBiz Registered Agent Services LLC,Boulder
20268152908,Structural Wiring Solutions LLC,2026-09-16,DLLC,Good Standing,CO,3251 S Salida Way,,Aurora,CO,80013,,Aurora
20268152921,Magpie Innovations LLC,2026-09-16,DLLC,Good Standing,CO,1500 N Grant St Ste R,,Denver,CO,80203,Registered Agents Inc,Denver
20268152933,Backyard Musical,2026-09-16,DNC,Good Standing,CO,5939 W Elmhurst Dr,,Littleton,CO,80128,,Littleton
20268152946,Orlea Boutique LLC,2026-09-16,DLLC,Good Standing,CO,10920 S Parker Rd Unit B7,,Parker,CO,80134,,Parker
20268152970,Truth in a Haystack LLC,2026-09-16,DLLC,Good Standing,CO,1154 Carnahan Ct,,Monument,CO,80132,,Monument
20268152976,SID TRUCKING LLC,2026-09-16,DLLC,Good Standing,CO,12660 E Alaska Pl,,Aurora,CO,80012,,Aurora
20268152987,Velora Quanta Financial LLC,2026-09-16,DLLC,Good Standing,CO,518 Doy Rd,,White Bluff,TN,37187,Northwest Registered Agent LLC,Denver
20268152992,"Lone Star High Plains, LLC",2026-09-16,DLLC,Good Standing,CO,897 Sundance Ln,,Erie,CO,80516,,Erie
20268152993,CM Resources LLC,2026-09-16,DLLC,Good Standing,CO,767 Ponderosa Dr,,Windsor,CO,80550,,Windsor
20268152996,1041 West 24th Street LLC,2026-09-16,DLLC,Good Standing,CO,1500 N Grant St,Ste R,Denver,CO,80203,Northwest Registered Agent LLC,Denver
20268153000,Wild Lotus Recovery LLC,2026-09-16,DLLC,Good Standing,CO,5950 W 4th Ave,,Lakewood,CO,80226,,Lakewood
20268153002,Basecamp Eden LLC,2026-09-16,DLLC,Good Standing,CO,8440 Oil Well Rd,,Calhan,CO,80808,Northwest Registered Agent LLC,Denver
20268153007,TOOLz LLC,2026-09-16,DLLC,Good Standing,CO,2525 Charolais Dr,,Fort Collins,CO,80526,,Fort Collins
20268153014,CRAFT PRODUCTIONS,2026-09-16,FPC,Good Standing,NV,8850 TERABYTE COURT,SUITE E,RENO,NV,89521,Registered Agents Inc,Denver
20268153038,"Provincial Dr., LLC",2026-09-16,DLLC,Good Standing,CO,6648 Provincial Dr,,Fountain,CO,80817,,Monument
20268153043,"Wild Grace Studios, LLC",2026-09-16,DLLC,Good Standing,CO,1500 N Grant St Ste R,,Denver,CO,80203,Registered Agents Inc,Denver
20268153048,Spectrum Skin Care LLC,2026-09-16,DLLC,Good Standing,CO,3746 Mount Edwards St,,Wellington,CO,80549,,Wellington
20268153050,Brandenburg Trucklines LLC,2026-09-16,DLLC,Good Standing,CO,3314 Grenache St,,Evans,CO,80634,,Evans
20268153056,"Fourth Turning Capital Investments, LLC",2026-09-16,DLLC,Good Standing,CO,6605 Pickney Rd,,Rye,CO,81069,,Rye
20268153059,Huntress Massage LLC,2026-09-16,DLLC,Good Standing,CO,1516 Claremont Ave,,Pueblo,CO,81004,,Pueblo
20268153061,PACIFIC CREST SOURCING LLC,2026-09-16,DLLC,Good Standing,CO,2020 N Academy Blvd Ste 261 # 4925,,Colorado Springs,CO,80909,REPUBLIC REGISTERED AGENT LLC,Colorado Springs
20268153083,Lupine Ridge LLC,2026-09-16,DLLC,Good Standing,CO,"1500 N GRANT ST, STE C",,Denver,CO,80203,Colorado Registered Agent LLC,Denver
20268153094,LUCIO'S INVESTMENTS LLC,2026-09-16,DLLC,Good Standing,CO,18906 E 16th Pl,,Aurora,CO,80011,,Aurora
20268153097,Always Winning LLC,2026-09-16,DLLC,Good Standing,CO,21699 E Quincy Ave,F-323,Aurora,CO,80015,,Aurora
20268153098,lift side sports llc,2026-09-16,DLLC,Good Standing,CO,2121 n frontage rd #242,,vail,CO,81657,Good Bad Ugly LLC,vail
20268153108,MM AGENCY LLC,2026-09-16,DLLC,Good Standing,CO,8990 Niwot Rd,,Niwot,CO,80503,,Niwot
20268153114,National Center for Public Sector Innovation,2026-09-16,FNC,Good Standing,OH,7947 Linksview Circle,,Westerville,OH,43082,,Boulder
20268153115,AVEZ Logistics LLC,2026-09-16,DLLC,Good Standing,CO,1770 w 73rd ave unit 304a,,Denver,CO,80221,,Denver
20268153122,Tamo Holding LLC,2026-09-16,DLLC,Good Standing,CO,2530 Trinity Cir Apt F,,Colorado Springs,CO,80918,SimpleBiz Registered Agent Services LLC,Boulder
20268153125,"ShadowWorks Suppressors, LLC",2026-09-16,DLLC,Good Standing,CO,158 Hazel Ln,,Wetmore,CO,81253,,Wetmore
20268153128,ADU NATION BUILDERS LLC,2026-09-16,FLLC,Good Standing,TX,5900 Balcones Drive,,Austin,TX,78731,,GRAND JUNCTION
20268153133,Van Life LLC,2026-09-16,DLLC,Good Standing,CO,2615 Federal Blvd Apt 1,,Denver,CO,80211,,Denver
20268153136,Axilla Holdings LLC,2026-09-16,DLLC,Good Standing,CO,44 Fairway Ln,,Columbine Vly,CO,80123,,Columbine Vly
20268153142,JEFF W. BURNHAM ARCHITECT LLC,2026-09-16,DLLC,Good Standing,CO,11633 Masonville Dr,,Parker,CO,80134,,Parker
20268153143,JACOBO TRUCKING LLC,2026-09-16,DLLC,Good Standing,CO,1900 Willits Ln Trlr 64,,Basalt,CO,81621,,Basalt
20268153160,Bishops Builds LLC,2026-09-16,DLLC,Good Standing,CO,4601 Goodwin Grv Unit 102,,Colorado Springs,CO,80916,,Colorado Springs
20268153169,COASTAL INSURANCE EXPERTS LLC,2026-09-16,FLLC,Good Standing,SC,3405 SALTERBECK ST,SUITE 102,MT PLEASANT,SC,29466,Registered Agents Inc,Denver
20268153177,MZA GROUP LLC,2026-09-16,DLLC,Good Standing,CO,700 W 91st Ave Apt E108,,Thornton,CO,80260,,Thornton
20268153179,K&R Hot Tub & Handyman LLC,2026-09-16,DLLC,Good Standing,CO,711 Clark St # A,,Fairplay,CO,80440,,Fairplay
20268153194,E.D.G. Investing LLC,2026-09-16,DLLC,Good Standing,CO,2450 Likens Dr,,Berthoud,CO,80513,,Berthoud
20268153195,Pallas Athena Holding LLC,2026-09-16,DLLC,Good Standing,CO,8440 Oil Well Rd,,Calhan,CO,80808,Northwest Registered Agent LLC,Denver
20268153248,Moghaus LLC,2026-09-16,DLLC,Good Standing,CO,8691 S Oak Circle Apt 10202,,Littleton,CO,80127,,Littleton
20268153250,GoodAF PR LLC,2026-09-16,DLLC,Good Standing,CO,354 Dallas St,,Denver,CO,80230,Northwest Registered Agent LLC,Denver
20268153251,Rodney hvac & refrigeration LLC,2026-09-16,DLLC,Good Standing,CO,4965 Scranton Ct,,Denver,CO,80239,,Denver
20268153261,Mountain Home Service LLC,2026-09-16,DLLC,Good Standing,CO,125 County Road 127,,Glenwood Springs,CO,81601,,Glenwood Springs
20268153267,Inu Pay Inc,2026-09-16,DPC,Good Standing,CO,7200 South Alton Way,,Centennial,CO,80112,SimpleBiz Registered Agent Services LLC,Boulder
20268153272,"Muvalotti, LLC",2026-09-16,DLLC,Good Standing,CO,13500 E Cornell Ave,Apt 409,Aurora,CO,CO,,Aurora
20268153279,InTandem ToolWorks LLC,2026-09-16,DLLC,Good Standing,CO,58940 Carnation Rd.,,Olathe,CO,81425,,Olathe
20268153281,TSM Construction & Remodeling LLC,2026-09-16,DLLC,Good Standing,CO,6161 Mumford Dr,,Colorado Springs,CO,80925,Chabriet Consulting LLC,Miami
20268153282,Haloway Adoption Co LLC,2026-09-16,DLLC,Good Standing,CO,17928 E Ohio Cir,,Aurora,CO,80017,,Aurora
20268153286,Rowdy Works LLC,2026-09-16,DLLC,Good Standing,CO,1114 E 7th Avenue Cir,,Broomfield,CO,80020,,Broomfield
20268153287,LECLATANTE LLC,2026-09-16,DLLC,Good Standing,CO,3920 N Salida St,2-229,Aurora,CO,80011,,Aurora
20268153290,"COSTIWARDAGRITRAVELCITY CORP, INC.",2026-09-16,DPC,Good Standing,CO,102 S Tejon St,1100,Colorado Springs,CO,80903,"CORPORATE SERVICE CENTER, INC.",Denver
20268153291,Alondra's Luxe Cleaning Co. LLC.,2026-09-16,DLLC,Good Standing,CO,10077 carson way,,commerce city,CO,80022,,commerce city
20268153297,Aragon Meridian LLC,2026-09-16,DLLC,Good Standing,CO,350 S Jackson St Apt 136,,Denver,CO,80209,,Denver
20268153304,"PRD Capital, LLC",2026-09-16,DLLC,Good Standing,CO,1121 Belaire Dr,,Fort Collins,CO,80521,,Fort Collins
20268153306,Pine + Sand Salon and Boutique LLC,2026-09-16,DLLC,Good Standing,CO,701 Railroad ave,,Dolores,CO,81328,,Cortez
20268153313,Aster Aerial Systems Ltd.,2026-09-16,DLLC,Good Standing,CO,444 Black Feather Loop,203,Castle Rock,CO,80104,,Castle Rock
20268153318,Frankie's Farm,2026-09-16,FLLC,Good Standing,ID,4550 W Cornerstone Ln,,Eagle,ID,83616,Northwest Registered Agent LLC,Denver
20268153320,Plato Fritay Colorado Operations L.L.C.,2026-09-16,DLLC,Good Standing,CO,1241 Stuart St Unit 302,,Denver,CO,80204,,Denver
20268153321,"CUSTOM WOOD CREATIONS, LLC",2026-09-16,DLLC,Good Standing,CO,1216 South Santa Fe Avenue,,Pueblo,CO,81006,"CORPORATE SERVICE CENTER, INC.",Denver
20268153327,Rainwater Properties LLC,2026-09-16,DLLC,Good Standing,CO,1755 Heirloom Dr,,Windsor,CO,80550,,Windsor
20268153329,A & T property service LLC,2026-09-16,DLLC,Good Standing,CO,1618 Evans St,,Sterling,CO,80751,,Sterling
20268153330,YIZENOVA INDUSTRIES LIMITED,2026-09-16,DPC,Good Standing,CO,447 BROADWAY 2/F,,NEW YORK,NY,10013,richer biz inc,ARVADA
20268153332,4244 S Huron St L.L.C.,2026-09-16,DLLC,Good Standing,CO,1025 Bannock St Apt 631,,Denver,CO,80204,,Denver
20268153333,Kcn67 LLC,2026-09-16,DLLC,Good Standing,CO,2279 S Orchard St,,Lakewood,CO,80228,,Lakewood
20268153335,MAXRUNON LIMITED,2026-09-16,DPC,Good Standing,CO,"1500 N GRANT ST, STE R",,Denver,CO,80203,Registered Agents Inc,Denver
20268153340,"Life Scan Medical Devices Co., LTD",2026-09-16,DPC,Good Standing,CO,"1500 N GRANT ST, STE R",,Denver,CO,80203,Registered Agents Inc,Denver
20268153343,MINISTRIES THE LAST CALL LLC,2026-09-16,DLLC,Good Standing,CO,1800 S Vrain St,,Denver,CO,80219,,Denver
20268153344,WizTek Games LLC,2026-09-16,DLLC,Good Standing,CO,11371 Arbor St Apt A205,,Firestone,CO,80504,,Firestone
20268153345,"Hildebrandt Enterprises, Limited Liability Company",2026-09-16,DLLC,Good Standing,CO,13422 W 72nd Dr,,Arvada,CO,80005,,Arvada
20268153347,Optimum Investing,2026-09-16,DLLC,Good Standing,CO,7774 W Trail S Drive,,Littleton,CO,80125,,Littleton
20268153349,RIFUGIO HOME LLC,2026-09-16,DLLC,Good Standing,CO,2955 Inca St Unit 1C,,Denver,CO,80202,,Denver
20268153354,"Duchess Holdings 2536, LLC",2026-09-16,DLLC,Good Standing,CO,912 Huntington Hills Dr,,Fort Collins,CO,80525,,Fort Collins
20268153355,Wild Blue Equestrian LLC,2026-09-16,DLLC,Good Standing,CO,813 Nelson Park Dr,,Longmont,CO,80503,,Longmont
20268153357,Haorise Inc,2026-09-16,DPC,Good Standing,CO,1500 N GRANT ST STE R,,DENVER,CO,80203,Registered Agents Inc,Denver
20268153358,"Williams Education and Investment Group, LLC",2026-09-16,DLLC,Good Standing,CO,8585 Criterion Dr # 63510,,Colorado Springs,CO,80962,,Colorado Springs
20268153369,Oshui INC,2026-09-16,DPC,Good Standing,CO,"18121 E Hampden Ave, Unit C #1024",,Aurora,CO,80013,Cunning Commerce Inc.,Denver
20268153371,Thin Air Greens LLC,2026-09-16,DLLC,Good Standing,CO,7285 Pearly Heath Rd,,Colorado Springs,CO,80908,,Colorado Springs
20268153376,Taconhambre L.L.C.,2026-09-16,DLLC,Good Standing,CO,19380 E 40th Pl,,Denver,CO,80249,,Denver
20268153377,El Jarocho LLC,2026-09-16,DLLC,Good Standing,CO,"600 S Craft Dr, B103",,Alamosa,CO,81101,,Alamosa
20268153387,JMY TRADE INC,2026-09-16,DPC,Good Standing,CO,110 16th Street Suite 1460,,Denver,CO,80202,Rocky Mountain RA LLC,Denver
20268153397,ContentNova Studio LLC,2026-09-16,DLLC,Good Standing,CO,9197 Country View Ln,,Loveland,OH,45140,Northwest Registered Agent LLC,Denver
20268153406,Calynn Rose Art LLC,2026-09-16,DLLC,Good Standing,CO,1970 Denver West Dr Apt 321,,Golden,CO,80401,,Golden
20268153413,OrbitArc Entertainment Inc,2026-09-16,DPC,Good Standing,CO,1500 N GRANT ST STE R,,DENVER,CO,80203,Registered Agents Inc,Denver
20268153420,Northern Overstock Couch Outlet LLC,2026-09-16,DLLC,Good Standing,CO,17784 N County Road 15,,Wellington,CO,80549,,Wellington
20268153426,ivaleparty llc,2026-09-16,DLLC,Good Standing,CO,4400 syracuse street,apt3209,Denver,CO,80237,,denver
20268153427,Sixth Works LLC,2026-09-16,DLLC,Good Standing,CO,725 Bellaire St,,Denver,CO,80220,,Denver
20268153431,VisionByte Interactive Inc,2026-09-16,DPC,Good Standing,CO,1500 N GRANT ST STE R,,DENVER,CO,80203,Registered Agents Inc,Denver
20268153432,Properly Kissed LLC,2026-09-16,DLLC,Good Standing,CO,12518 E Alaska Pl,,Aurora,CO,80012,"UNITED STATES CORPORATION AGENTS, INC.",Greenwood Village
20268153434,April's Esthetics LLC,2026-09-16,DLLC,Good Standing,CO,11184 Huron St,Unit 15,Northglenn,CO,80234,,Thornton
20268153438,LUSORA INC,2026-09-16,DPC,Good Standing,CO,1512 Curtis St Ste 202,,Denver,CO,80202,Colorado Registered Agent LLC,Denver
20268153444,Mike Check Mechanical LLC,2026-09-16,DLLC,Good Standing,CO,3125 Illinois Ave,,Colorado Springs,CO,80907,,Colorado Springs
20268153449,Kaideli Entertainment Inc,2026-09-16,DPC,Good Standing,CO,1500 N GRANT ST STE R,,DENVER,CO,80203,Registered Agents Inc,Denver
20268153461,"Autumn LeAnn Agency, LLC",2026-09-16,DLLC,Good Standing,CO,112 Adams St,,Monte Vista,CO,81144,,Monte Vista
20268153465,FuelCellSupply LLC,2026-09-16,DLLC,Good Standing,CO,2630 Lone Tree Ct,,Colorado Springs,CO,80922,,Colorado Springs
20268153472,Nasimjon LLC,2026-09-16,DLLC,Good Standing,CO,6780 E Cedar Ave Apt 305,,Denver,CO,80224,,Denver
20268153476,Fairytale Vintage LLC,2026-09-16,DLLC,Good Standing,CO,1560 Willshire Dr,,Colorado Springs,CO,80906,Plant Mamas Garden LLC,Fountain
20268153478,Prince Productions LLC,2026-09-16,DLLC,Good Standing,CO,2405 Curtis St Unit 310,,Denver,CO,80205,,Denver
20268153482,VAM LTD.,2026-09-16,DLLC,Good Standing,CO,3450 W 98th Dr Unit D,,Westminster,CO,80031,,Westminster
20268153488,Coastal Provisionaries LLC,2026-09-16,DLLC,Good Standing,CO,2950 Brighton Blvd Unit 738,,Denver,CO,80216,,Denver
20268153489,Clean Tap LLC,2026-09-16,DLLC,Good Standing,CO,1320 S University Blvd,,Denver,CO,80210,,Denver
20268153501,"J&L REMODELING, LLC",2026-09-16,DLLC,Good Standing,CO,1397 N Laredo St,103,Aurora,CO,80011,"CORPORATE SERVICE CENTER, INC.",Denver
20268153506,HD Fashion & Jewelry LLC,2026-09-16,DLLC,Good Standing,CO,17370 Birds Foot Ave,,Parker,CO,80134,,Parker
20268153507,Glossy Nail and Spa LLP,2026-09-16,DLLP,Good Standing,CO,144 W 29th Street,,Pueblo,CO,81008,,Thornton
20268153508,FNF Roofing Inc,2026-09-16,DPC,Good Standing,CO,2331 W Hampden Ave,,Englewood,CO,80110,FILEJET INC.,DENVER
20268153512,Silent Cartographers App Ltd,2026-09-16,DLLC,Good Standing,CO,1500 N Grant St,Ste N,Denver,CO,80203,Northwest Registered Agent LLC,Denver
20268153516,Loud Cat Studios LLC,2026-09-16,DLLC,Good Standing,CO,2533 N Franklin St,,Denver,CO,80205,,Denver
20268153522,Aspen Valley Land Foundation,2026-09-16,DNC,Good Standing,CO,320 Main St Ste 204,,Carbondale,CO,81623,ASPEN VALLEY LAND TRUST,Carbondale
20268153527,Sunrise Bluffs LLC,2026-09-16,DLLC,Good Standing,CO,4618 Sugar Beet St,,Johnstown,CO,80534,,Johnstown
20268153529,Diamond 9s Silver Co. Ltd.,2026-09-16,DLLC,Good Standing,CO,767 Ponderosa Dr,,Windsor,CO,80550,,Windsor
20268153536,Averiselle Group LLC,2026-09-16,DLLC,Good Standing,CO,110 North Interstate 35,Suite 315-886,Round Rock,TX,78681,Devitiae corp,Denver
20268153538,Marqevon Enterprises LLC,2026-09-16,DLLC,Good Standing,CO,110 North Interstate 35,Suite 315-886,Round Rocl,TX,78681,Gadvikian Trust co,Denver
20268153547,CAMP'S SUSHI LLC,2026-09-16,DLLC,Good Standing,CO,6925 Mesa Ridge Pkwy,,Fountain,CO,80817,,Colorado Springs
20268153554,Iron Road Mobile Repair LLC,2026-09-16,DLLC,Good Standing,CO,935 County Road 25,,Monte Vista,CO,81144,,Monte Vista
20268153561,Enjoy The Ride Coaching LLC,2026-09-16,DLLC,Good Standing,CO,200 Lincoln Ave Unit 771874,,Steamboat Springs,CO,80487,"UNITED STATES CORPORATION AGENTS, INC.",Greenwood Village
20268153566,Epps Bookkeeping LLC,2026-09-16,DLLC,Good Standing,CO,1500 N Grant St,Ste R,Denver,CO,80203,Northwest Registered Agent LLC,Denver
20268153574,Anfield CPA LLC,2026-09-16,DLLC,Good Standing,CO,1500 N Grant St,Ste N,Denver,CO,80203,Northwest Registered Agent LLC,Denver
20268153579,7544 Performance Coaching LLC,2026-09-16,DLLC,Good Standing,CO,201 La Veta Ave,,Alamosa,CO,81101,,Alamosa
20268153581,Brenvica Orchard Inc,2026-09-16,DPC,Good Standing,CO,1001 Bannock St,,Denver,CO,80204,Registered Agents Inc,Denver
20268153582,HAPI PATI LLC,2026-09-16,DLLC,Good Standing,CO,418 Broadway #12227,,Albany,NY,12207,Northwest Registered Agent LLC,Denver
20268153587,TwinAx LLC,2026-09-16,DLLC,Good Standing,CO,103 H St,,Central City,CO,80427,,Central City
20268153590,Storm Solutions LLC,2026-09-16,DLLC,Good Standing,CO,8156 S Wadsworth Boulevard,e250,littleton,CO,80128,,Castle Rock
20268153595,"The Aspen Porter, LLC",2026-09-16,DLLC,Good Standing,CO,335 Vista Dr,,Glenwood Springs,CO,81601,,Glenwood Springs
20268153621,"Thyme, LLC",2026-09-16,DLLC,Good Standing,CO,1886 S Sherman St,,Denver,CO,80210,,Denver
20268153636,Pope Flooring LLC,2026-09-16,DLLC,Good Standing,CO,1500 N Grant St,Ste N,Denver,CO,80203,Northwest Registered Agent LLC,Denver
20268153641,Final Cut LLC,2026-09-16,DLLC,Good Standing,CO,3810 Patrick Dr Apt 32,,Colorado Springs,CO,80916,,Colorado Springs
20268153648,Relic's Auto & Detail Service LLC,2026-09-16,DLLC,Good Standing,CO,2820 Moline St Apt 113 Bldg 4,,Denver,CO,80238,,Denver
20268153665,Outlaws Roofing Company LLC,2026-09-16,DLLC,Good Standing,CO,8079 N 85th Way,,Scottsdale,AZ,85258,"CAPITOL CORPORATE SERVICES, INC.",BRIGHTON
20268153669,M&R Tees LLC,2026-09-16,DLLC,Good Standing,CO,325 E 1st St Lot 422,,Ault,CO,80610,Northwest Registered Agent LLC,Denver
20268153685,NATA CREATIVE LLC,2026-09-16,DLLC,Good Standing,CO,1500 N GRANT ST 5656,,DENVER,CO,80203,Registered Agents Inc,Denver
20268153688,JM Commerce LLC,2026-09-16,DLLC,Good Standing,CO,1500 N Grant St,Ste N,Denver,CO,80203,Northwest Registered Agent LLC,Denver
20268153700,Veltrix Global Solutions LLC,2026-09-16,DLLC,Good Standing,CO,1500 N Grant St Ste R,,Denver,CO,80203,Registered Agents Inc,Denver
20268153720,Burping Mimic Media LLC,2026-09-16,DLLC,Good Standing,CO,761 S Tejon St,,Denver,CO,80223,,Denver
20268153721,CONNALLY JACOB LLC,2026-09-16,DLLC,Good Standing,CO,6547 N Academy Blvd #7483,,Colorado Springs,CO,80918,Donnye Bernice LLC,Denver
20261742639,Astronomy Tours LLC,2026-09-15,FLLC,Good Standing,HI,23 Haku Hale Pl,,Lahaina,HI,96761,,Denver
20261808784,True Host LLC,2026-09-15,DLLC,Good Standing,CO,3343 Gateway Dr,,Pueblo,CO,81004,,Westminster
20261840414,W Seth Hamilton Financial LLC,2026-09-15,DLLC,Good Standing,CO,1341 S Lima St,,Aurora,CO,80012,,Aurora
20261849187,BVC 27040 BV Storage LLC,2026-09-15,FLLC,Good Standing,DE,"169 Madison Ave, Ste 38457",,New York,NY,10016,"Vcorp Agent Services, Inc.",Centennial
20268045085,Dovetail Advisory LLC,2026-09-15,DLLC,Good Standing,CO,3242 S Kendall St,,Denver,CO,80227,,Denver
20268046017,Willson Plumbing LLC,2026-09-15,DLLC,Good Standing,CO,152 Brook Trout Loop,,Gypsum,CO,81637,,Gypsum
20268075816,Ashtanga Yoga Boulder LLC,2026-09-15,DLLC,Good Standing,CO,3120 Pearl Pkwy Apt 126,,Boulder,CO,80301,,Boulder
20268077084,Sunrise Collective LLC,2026-09-15,DLLC,Good Standing,CO,13189 Wyandot St,,Westmister,CO,80234,,Denver
20268081486,SLR Consulting LLC,2026-09-15,DLLC,Good Standing,CO,5753 W 17th Ave,,Lakewood,CO,80214,,Lakewood
20268100927,Broomfield Encounter,2026-09-15,DNC,Good Standing,CO,100 E 11th Pl,,Broomfield,CO,80020,"Grady CPA Group, Inc.",Broomfield
20268125234,AETHER INTELLIGENCE INC.,2026-09-15,DPC,Good Standing,CO,1580 N Logan St Ste 660 #30327,,DENVER,CO,80203-1994,Colorado agent services inc,Grand Junction
20268141063,FirstPoint Processing LLC,2026-09-15,FLLC,Good Standing,NV,"6272 Spring Mountain Rd.,",Suite 115,LAS VEGAS,NV,89146,Registered Agents Inc,Denver
20268146047,Precision Pipe Works LLC,2026-09-15,DLLC,Good Standing,CO,15557 Lacuna Dr,,Monument,CO,80132,,Monument
20268146869,Vesper Pulse Inc,2026-09-15,DPC,Good Standing,CO,5225 N Academy Blvd #301,,Colorado Springs,CO,80918,Registered Agents Inc,Denver
20268146872,Solis Vanguard Inc,2026-09-15,DPC,Good Standing,CO,512 4th Ave #101,,Longmont,CO,80501,Registered Agents Inc,Denver
20268146875,Gerid Crest Inc,2026-09-15,DPC,Good Standing,CO,4041 Hanover Ave #200,,Boulder,CO,80305,Registered Agents Inc,Denver
20268146878,Vectra Mind Inc,2026-09-15,DPC,Good Standing,CO,14613 Orchard Pkwy #200,,Westminster,CO,80023,Registered Agents Inc,Denver
20268146879,Jb collectables LLC,2026-09-15,DLLC,Good Standing,CO,7887 East Belleview Ave. Suite 1100A PMB 1393,,Denver,CO,80111,,Grand
20268146883,Quantra Ltd,2026-09-15,DPC,Good Standing,CO,1500 N GRANT ST STE R,,DENVER,CO,80203,Registered Agents Inc,Denver
20268146886,GCC Nexus American LLC,2026-09-15,DLLC,Good Standing,CO,1500 N GRANT ST STE R,,DENVER,CO,80203,Registered Agents Inc,Denver
20268146889,ARABIAN GATE LLC,2026-09-15,DLLC,Good Standing,CO,1500 N GRANT ST 5656,,DENVER,CO,80203,Registered Agents Inc,Denver
20268146892,Nexura Scope Inc,2026-09-15,DPC,Good Standing,CO,3773 Cherry Creek N Dr Ste 801,,Denver,CO,80209,Registered Agents Inc,Denver
20268146897,Miracle Rise Inc,2026-09-15,DPC,Good Standing,CO,1500 N GRANT ST STE R,,DENVER,CO,80203,Registered Agents Inc,Denver
20268146902,Tasmora Inc,2026-09-15,DPC,Good Standing,CO,1500 N GRANT ST STE R,,DENVER,CO,80203,Registered Agents Inc,Denver
20268146906,SeasonScape Living Inc,2026-09-15,DPC,Good Standing,CO,1500 N GRANT ST STE R,,DENVER,CO,80203,Registered Agents Inc,Denver
20268146908,Orionix Key Inc,2026-09-15,DPC,Good Standing,CO,1521 Oxbow Dr Ste 120,,Montrose,CO,81401,Registered Agents Inc,Denver
20268146914,Elion Spark Inc,2026-09-15,DPC,Good Standing,CO,1299 Washington Ave #120,,Golden,CO,80401,Registered Agents Inc,Denver
20268146915,Aven Vault Inc,2026-09-15,DPC,Good Standing,CO,2696 S Colorado Blvd Ste 575,,Denver,CO,80222,Registered Agents Inc,Denver
20268146922,LIAOXUEXINRJ LLC,2026-09-15,DLLC,Good Standing,CO,7514 PLATEAU RD,,GREELEY,CO,80634,ALIKGARG LLC,ELIZABETH
20268146925,Zenthia Port Inc,2026-09-15,DPC,Good Standing,CO,5475 Tech Center Dr #300,,Colorado Springs,CO,80919,Registered Agents Inc,Denver
20268146926,WILLOW CREEK FISHING LLC,2026-09-15,DLLC,Good Standing,CO,1047 HIGHWAY 6 AND 50,,MACK,CO,81525,ALIKGARG LLC,ELIZABETH
20268146928,Stratum Node Inc,2026-09-15,DPC,Good Standing,CO,3511 Ringsby Ct #101,,Denver,CO,80216,Registered Agents Inc,Denver
20268146930,Lummina Sphere Inc,2026-09-15,DPC,Good Standing,CO,143 Union Blvd Ste 500,,Lakewood,CO,80228,Registered Agents Inc,Denver
20268146933,Veriteas Prime Inc,2026-09-15,DPC,Good Standing,CO,1823 65th Ave #2,,Greeley,CO,80634,Registered Agents Inc,Denver
20268146935,Davis Iris RZG LLC,2026-09-15,DLLC,Good Standing,CO,622 Raton Ave,,La Junta,CO,81050,Colorado Official Registered Agent LLC,Denver
20268146939,Synapt Ridge Inc,2026-09-15,DPC,Good Standing,CO,4625 W 20th St #103,,Greeley,CO,80634,Registered Agents Inc,Denver
20268146944,Vailer Crest Inc,2026-09-15,DPC,Good Standing,CO,142 S Raven Mine Dr Ste 100,,Colorado Springs,CO,80905,Registered Agents Inc,Denver
20268146946,Kinetiq Point Inc,2026-09-15,DPC,Good Standing,CO,26719 Pleasant Park Rd #140,,Conifer,CO,80433,Registered Agents Inc,Denver
20268146961,HMB Horizon Commerce LLC,2026-09-15,DLLC,Good Standing,CO,2435 BRATHAY CT,,CHARLOTTE,NC,28269,Silverpath Global LLC,Aurora
20268146973,"WALLY & ME, LLC",2026-09-15,DLLC,Good Standing,CO,3609 Austin Bluffs Pkwy,31,Colorado Springs,CO,80918,"CORPORATE SERVICE CENTER, INC.",Denver
20268146978,Calara Holdings LLC,2026-09-15,DLLC,Good Standing,CO,1500 N Grant St,Ste N,Denver,CO,80203,Northwest Registered Agent LLC,Denver
20268146980,Nong Horizon Retail LLC,2026-09-15,DLLC,Good Standing,CO,4115 BRAMLET PL,,GREENSBORO,NC,27407,Lexington ConsultingI LLC,Aurora
20268146989,DAI Horizon Commerce LLC,2026-09-15,DLLC,Good Standing,CO,523 S 7TH ST,,WEST DUNDEE,IL,60118,Grandworth International LLC,Aurora
20268146992,"LEBI & CO, LLC",2026-09-15,DLLC,Good Standing,CO,8350 East Yale Avenue,Apt. F206,Denver,CO,80231,"CORPORATE SERVICE CENTER, INC.",Denver
20268146996,Rovin Ltd,2026-09-15,DPC,Good Standing,CO,"1560 Broadway, Suite 200",,Denver,CO,80202,Registered Agents Inc,Denver
20268146999,JLN Horizon Commerce LLC,2026-09-15,DLLC,Good Standing,CO,11691 BANNER DR,,GARDEN GROVE,CA,92843,Silverpath Global LLC,Aurora
20268147001,patlnahide Inc,2026-09-15,DPC,Good Standing,CO,1500 N Grant St Ste R,,Denver,CO,80203,Registered Agents Inc,Denver
20268147009,Janette Crest Commerce LLC,2026-09-15,DLLC,Good Standing,CO,95-1013 MELEKAI ST,,MILILANI,HI,96789,Grandworth International LLC,Aurora
20268147022,SPWOMFN INC,2026-09-15,DPC,Good Standing,CO,3503 FRANKLIN ST,,DENVER,CO,80205,Colorado Official Registered Agent LLC,Denver
20268147024,REIOWDJ INC,2026-09-15,DPC,Good Standing,CO,3537 FRANKLIN ST,,DENVER,CO,80205,Colorado Official Registered Agent LLC,Denver
20268147025,QPWOCND INC,2026-09-15,DPC,Good Standing,CO,3607 FRANKLIN ST,,DENVER,CO,80205,Colorado Official Registered Agent LLC,Denver
20268147026,Pryor Horizon E-Commerce LLC,2026-09-15,DLLC,Good Standing,CO,1370 CUSTER AVE SE UNIT 313,,ATLANTA,GA,30316,Silverpath Global LLC,Aurora
20268147034,Towelaire LLC,2026-09-15,DLLC,Good Standing,CO,6727 E 5th Ave,,Denver,CO,80220,,Denver
20268147040,OQWMXIC INC,2026-09-15,DPC,Good Standing,CO,3653 FRANKLIN ST,,DENVER,CO,80205,Colorado Official Registered Agent LLC,Denver
20268147041,Crest Logic Inc,2026-09-15,DPC,Good Standing,CO,400 Inverness Pkwy #160,,Englewood,CO,80112,Registered Agents Inc,Denver
20268147042,QAZXSWE INC,2026-09-15,DPC,Good Standing,CO,100 S DECATUR ST,,DENVER,CO,80219,Colorado Official Registered Agent LLC,Denver
20268147043,Aentheris Dynamic Inc,2026-09-15,DPC,Good Standing,CO,2000 S Colorado Blvd #3000,,Denver,CO,80222,Registered Agents Inc,Denver
20268147044,Kamant Tech LLC,2026-09-15,DLLC,Good Standing,CO,91-1034 AAWA DR,,EWA BEACH,HI,96706,Silverpath Global LLC,Aurora
20268147046,FINEICS TRADING LLC,2026-09-15,DLLC,Good Standing,CO,2432 Julian St,,Denver,CO,80211,Registered Agents Inc,Denver
20268147048,Cascadura Advisors LLC,2026-09-15,DLLC,Good Standing,CO,3632 S Xenia Ct,,Denver,CO,80237,Northwest Registered Agent LLC,Denver
20268147050,Bravix Paths Inc,2026-09-15,DPC,Good Standing,CO,400 E Horsetooth Rd #100,,Fort Collins,CO,80525,Registered Agents Inc,Denver
20268147053,Solraen Forge Inc,2026-09-15,DPC,Good Standing,CO,4380 S Syracuse St #508,,Denver,CO,80237,Registered Agents Inc,Denver
20268147057,Sabersdueling LLC,2026-09-15,DLLC,Good Standing,CO,2411 Sinton Rd,,Colorado Springs,CO,80907,Registered Agents Inc,Denver
20268147060,MAGIC GLOBAL LABS INC.,2026-09-15,DPC,Good Standing,CO,1500 N GRANT ST #5298,,DENVER,CO,80203,Registered Agents Inc,Denver
20268147061,ZWSXEQA INC,2026-09-15,DPC,Good Standing,CO,124 S DECATUR ST,,DENVER,CO,80219,Colorado Official Registered Agent LLC,Denver
20268147064,WERTYUI INC,2026-09-15,DPC,Good Standing,CO,109 S ELIOT ST,,DENVER,CO,80219,Colorado Official Registered Agent LLC,Denver
20268147066,Volcano Inc.,2026-09-15,DPC,Good Standing,CO,1500 N GRANT ST #5610,,DENVER,CO,80203,Registered Agents Inc,Denver
20268147068,UIOPQWE INC,2026-09-15,DPC,Good Standing,CO,151 S ELIOT ST,,DENVER,CO,80219,Colorado Official Registered Agent LLC,Denver
20268147069,RWPDKCV INC,2026-09-15,DPC,Good Standing,CO,3535 FRANKLIN ST,,DENVER,CO,80205,Colorado Official Registered Agent LLC,Denver
20268147071,LBWWW INC,2026-09-15,DPC,Good Standing,CO,1500 N GRANT ST STE R,,DENVER,CO,80203,Registered Agents Inc,Denver
20268147072,Lunnaris Craft Inc,2026-09-15,DPC,Good Standing,CO,1001 Grand Ave #201,,Glenwood Springs,CO,81601,Registered Agents Inc,Denver
20268147074,RFVTGBY INC,2026-09-15,DPC,Good Standing,CO,135 S DALE CT,,DENVER,CO,80219,Colorado Official Registered Agent LLC,Denver
20268147075,Cogni Bridge Inc,2026-09-15,DPC,Good Standing,CO,1911 11th St Ste 200,,Boulder,CO,80302,Registered Agents Inc,Denver
20268147076,what else is possible inc.,2026-09-15,DNC,Good Standing,CO,26178 East Maple Drive,,Aurora,CO,80018,,Aurora
20268147078,Avelon Briidge Inc,2026-09-15,DPC,Good Standing,CO,3900 S Wadsworth Blvd Ste 475,,Lakewood,CO,80235,Registered Agents Inc,Denver
20268147079,Ovei Louxe INC.,2026-09-15,DPC,Good Standing,CO,1500 N GRANT ST #5619,,DENVER,CO,80203,Registered Agents Inc,Denver
20268147080,Apexion Node Inc,2026-09-15,DPC,Good Standing,CO,2101 Ken Pratt Blvd #100,,Longmont,CO,80501,Registered Agents Inc,Denver
20268147083,Novera Shift Inc,2026-09-15,DPC,Good Standing,CO,25577 Conifer Rd Unit 201,,Conifer,CO,80433,Registered Agents Inc,Denver
20268147085,The Real Hoss LLC,2026-09-15,DLLC,Good Standing,CO,6926 East Archer Place,,Denver,CO,80230,ZenBusiness Inc.,Denver
20268147086,Aether Edge Inc,2026-09-15,DPC,Good Standing,CO,1401 Zuni St #104,,Denver,CO,80204,Registered Agents Inc,Denver
20268147089,Vespera Heights Inc,2026-09-15,DPC,Good Standing,CO,201 Steele St Unit 200,,Denver,CO,80206,Registered Agents Inc,Denver
20268147092,Western Brass Plumbing LLC,2026-09-15,DLLC,Good Standing,CO,108 W Main St,,Naturita,CO,81422,,Naturita
20268147093,Pargott LLC,2026-09-15,DLLC,Good Standing,CO,2019 Devonshire Dr,,Fort Collins,CO,80526,,Fort Collins
20268147105,LIAOBDT LLC,2026-09-15,DLLC,Good Standing,CO,390 Interlocken Crescent Ste 300,,Broomfield,CO,80021,Zorvix Bexlor LLC,Broomfield
20268147117,WANQIANG LLC,2026-09-15,DLLC,Good Standing,CO,1499 W 120th Ave Ste 200,,Westminster,CO,80234,Zorvix Bexlor LLC,Broomfield
20268147128,YOGA MOUNTAIN RETREAT LLC,2026-09-15,DLLC,Good Standing,CO,366 LANGHOLM DR,,COLORADO SPRINGS,CO,80920,ALIKGARG LLC,ELIZABETH
20268147146,Dumi LLC,2026-09-15,DLLC,Good Standing,CO,10506 Ura Ln,,Northglenn,CO,80234,TanThanh LLC,Fort Collins
20268147148,Timberstone Homeworks LLC,2026-09-15,DLLC,Good Standing,CO,1500 N Grant St,Ste R,Denver,CO,80203,Northwest Registered Agent LLC,Denver
20268147152,CRAFTED LUXURY FURNITURE COMPANY INC,2026-09-15,DPC,Good Standing,CO,1500 N Grant St Unit 521,,Denver,CO,80203,Registered Agents Inc,Denver
20268147154,Problem Solutions LLC,2026-09-15,FLLC,Good Standing,PA,1397 Eisenhower Blvd,Suite 102B,Johnstown,PA,15904,,Aurora
20268147158,Feynman Analytics INC,2026-09-15,DPC,Good Standing,CO,1500 N Grant St Unit 522,,Denver,CO,80203,Registered Agents Inc,Denver
20268147166,"SYNTHRA SCIENTIFIC, INC.",2026-09-15,DPC,Good Standing,CO,1521 Blake St Ste 47017,,DENVER,CO,80202,INCORP REGISTERED AGENT LLC,DENVER
20268147168,ruijufollow Inc,2026-09-15,DPC,Good Standing,CO,1500 N Grant St Unit 753,,Denver,CO,80203,Registered Agents Inc,Denver
20268147182,XINGCHENALGG limited LLC,2026-09-15,DLLC,Good Standing,CO,2117 Driftwood Ln,,Pueblo,CO,81005,Veloura Home Textiles A LLC,Denver
20268147185,"Opal Creative, LLC",2026-09-15,DLLC,Good Standing,CO,656 Aries Ct,,Fruita,CO,81521,,Fruita
20268147210,Y star WELLNESS GROUP INC,2026-09-15,DPC,Good Standing,CO,1500 N Grant St Unit 523,,Denver,CO,80203,Registered Agents Inc,Denver
20268147240,"CAVENDISH AUCTION SHARES, INC.",2026-09-15,DPC,Good Standing,CO,1500 N Grant St Unit 698,,Denver,CO,80203,Registered Agents Inc,Denver
20268147267,1107 S 3rd st LLC,2026-09-15,DLLC,Good Standing,CO,9625 W Chatfield Ave Unit B,,Littleton,CO,80128,,Littleton
20268147269,Mays Woodworking LLC,2026-09-15,DLLC,Good Standing,CO,12499 South County Road 105,,Alamosa,CO,81101,,Alamosa
20268147275,Solarchain LLC,2026-09-15,DLLC,Good Standing,CO,1940 Broadway,Suite 314C,Boulder,CO,80302,ColoradoDocs LLC,Denver
20268147291,Global Value INC,2026-09-15,DPC,Good Standing,CO,21585 hill Gail way,,PARKER,CO,80138,ForgeMate G LLC,Denver
20268147300,Halo Event Rentals LLC,2026-09-15,DLLC,Good Standing,CO,7353 E 129th Pl,,Thornton,CO,80602,,Thornton
20268147302,Emortal LLC,2026-09-15,DLLC,Good Standing,CO,1500 N Grant Stste R,,Denver,CO,80203,Northwest Registered Agent LLC,Denver
20268147308,Breckenridge Ghost Guides LLC,2026-09-15,DLLC,Good Standing,CO,719 Ten Mile Dr,Suite E1,Frisco,CO,80443,,Breckenridge
20268147327,CMH Bookkeeping LLC,2026-09-15,DLLC,Good Standing,CO,1108 Woods Landing Dr,,Fort Collins,CO,80525,,Fort Collins
20268147342,Rosa Clean Services LLC,2026-09-15,DLLC,Good Standing,CO,11700 E South Boulder Rd Lot 417,,Lafayette,CO,80026,,Lafayette
20268147351,Morrowspan LLC,2026-09-15,DLLC,Good Standing,CO,3481 Yule Trail Dr,,Fort Collins,CO,80524,,Fort Collins
20268147400,LB CONSTRUCTION LLC,2026-09-15,DLLC,Good Standing,CO,400 PLANE ST,,GYPSUM,CO,81637,,Gypsum
20268147401,Anvil Scheduling L.L.C.,2026-09-15,DLLC,Good Standing,CO,3215 Tejon Street,,Denver,CO,80211,ZenBusiness Inc.,Denver
20268147415,"Studio Designs EVG, LLC",2026-09-15,DLLC,Good Standing,CO,2902 Evergreen Pkwy Ste 100,,Evergreen,CO,80439,,Evergreen
20268147425,"QS Property 2, LLC",2026-09-15,DLLC,Good Standing,CO,16055 Old Forest Pt Ste 301,,Monument,CO,80132,"Mason Law and Planning Group, LLC",Monument
20268147429,Simply Super LLC,2026-09-15,DLLC,Good Standing,CO,1045 North Clarkson street,,Denver,CO,80203,ZenBusiness Inc.,Denver
20268147430,Creator Accountability Network,2026-09-15,FNC,Good Standing,PA,1844 E Ridge Pike Ste 108,,Royersford,PA,19468,Registered Agents Inc,Denver
20268147445,ALPINE MOBILE AUTO CARE LLC,2026-09-15,DLLC,Good Standing,CO,174 Steamboat Dr,,Gypsum,CO,81637,REPUBLIC REGISTERED AGENT LLC,Colorado Springs
20268147464,PATAGONIA AIR LLC,2026-09-15,DLLC,Good Standing,CO,3000 Huron St Unit 1307,,Denver,CO,80202,,Denver
20268147468,Community Foundation of Lorain County,2026-09-15,FNC,Good Standing,OH,9080 Leavitt Road,,Elyria,OH,44035,COGENCY GLOBAL INC.,Denver
20268147493,MCGUIRE NEWGOODS INC,2026-09-15,DPC,Good Standing,CO,512 W Virginia Ave,,Gunnison,CO,81230,Guangyu E - Commerce INC,Pueblo
20268147495,Freelance Furniture LLC,2026-09-15,DLLC,Good Standing,CO,17872 E Iowa Ave,,Aurora,CO,80017,,Aurora
20268147499,Vonn Way Cleaning LLC,2026-09-15,DLLC,Good Standing,CO,5537 Worchester St,,Denver,CO,80239,,Denver
20268147504,Jinletong Crafts INC,2026-09-15,DPC,Good Standing,CO,97 Siferd Blvd,,Colorado Springs,CO,80917,Guangyu E - Commerce INC,Pueblo
20268147505,"Cap6 Consulting, LLC",2026-09-15,DLLC,Good Standing,CO,108 Platte View Dr.,,Fairplay,CO,80440,,Fairplay
20268147513,JGZ remodeling LLC,2026-09-15,DLLC,Good Standing,CO,8621 w Hampden av apt 105,,Denver,CO,80227,,Denver
20268147517,J Motion Entertainment LLC,2026-09-15,DLLC,Good Standing,CO,1432 Tremont Pl,,Denver,CO,80202,,Denver
20268147519,ANTR CO LLC,2026-09-15,DLLC,Good Standing,CO,2104 Applewood Rd,,Fort Collins,CO,80521,ANAN CO LLC,Fort Collins
20268147526,Westminster Hotel Partners LLC,2026-09-15,DLLC,Good Standing,CO,2244 County Road 12,,Erie,CO,80516,,Erie
20268147535,AMERANUTRIX INC.,2026-09-15,DPC,Good Standing,CO,1301 Walnut St Suite 233,,Boulder,CO,80302,Colorado Business Agent Corporation,Denver
20268147543,SmoothLegs LLC,2026-09-15,DLLC,Good Standing,CO,2232 Maple Hill Dr,,Fort Collins,CO,80524,ANAN CO LLC,Fort Collins
20268147545,LANDERO ENTERTAINMENT GROUP LLC,2026-09-15,DLLC,Good Standing,CO,2215 S Zeno Street,,Aurora,CO,80013,,Aurora
20268147552,KARTAWA LLC,2026-09-15,DLLC,Good Standing,CO,2250 Maple Hill Dr,,Fort Collins,CO,80524,ANAN CO LLC,Fort Collins
20268147553,Huashi Australia LLC,2026-09-15,DLLC,Good Standing,CO,1500 N Grant St,Ste N,Denver,CO,80203,Northwest Registered Agent LLC,Denver
20268147556,"West Virginia Rivers Coalition, Inc.",2026-09-15,FNC,Good Standing,WV,3501 Maccorkle Ave SE,,Charleston,WV,25304,Registered Agents Inc,Denver
20268147567,Hearts of D&N Home Health Care LLC,2026-09-15,DLLC,Good Standing,CO,1959 S Lansing Ct,,Aurora,CO,80014,,Aurora
20268147571,GLOBAL NUTRISCIENCE INC.,2026-09-15,DPC,Good Standing,CO,5808 S Rapp St Suite 371,,Littleton,CO,80120,Colorado Business Agent Corporation,Denver
20268147573,1133 VS LLC,2026-09-15,DLLC,Good Standing,CO,1351 Rock Ct,,Carbondale,CO,81623,,Carbondale
20268147581,Community Initiatives,2026-09-15,FNC,Good Standing,CA,1000 Broadway Suite 480,,Oakland,CA,94607,CORPORATE CREATIONS NETWORK INC.,Loveland
20268147584,JUVE JUNK CO. LLC,2026-09-15,DLLC,Good Standing,CO,8194 E Kettle Plc,,Centennial,CO,80112,ZenBusiness Inc.,Denver
20268147601,Lee Commercial Capital Ltd.,2026-09-15,DLLC,Good Standing,CO,7720 E Belleview Ave Ste B320,,Greenwood Village,CO,80111,,Denver
20268147602,"RH Connects, LLC",2026-09-15,DLLC,Good Standing,CO,3160 Emerson Ave,,Boulder,CO,80305,,Boulder
20268147617,SoCo Property Solutions LLC,2026-09-15,DLLC,Good Standing,CO,12 Verdosa Dr,,Pueblo,CO,81005,,Pueblo
20268147622,Rycon Constructions LLC,2026-09-15,DLLC,Good Standing,CO,1500 N Grant St Ste N,,Denver,CO,80203,Northwest Registered Agent LLC,Denver
20268147623,AC Arts Time Limited,2026-09-15,DLLC,Good Standing,CO,1165 Delaware St Ste 250,,Denver,CO,80204,,Broomfield
20268147628,One More Chance Safety Outreach,2026-09-15,DNC,Good Standing,CO,1500 N Grant St Ste N,,Denver,CO,80203,Northwest Registered Agent LLC,Denver
20268147630,AMERICAN KINGVITA INC.,2026-09-15,DPC,Good Standing,CO,600 5th Ave Suite 316,,Longmont,CO,80501,Colorado Business Agent Corporation,Denver
20268147637,"Little Ojo, LLC",2026-09-15,DLLC,Good Standing,CO,9 Upland Rd,,Colorado Springs,CO,80906,,Colorado Springs
20268147642,Eastern Plains Express Limited,2026-09-15,DLLC,Good Standing,CO,30140 Elway Pt,,Yoder,CO,80864,,Yoder
20268147651,SabersCombat LLC,2026-09-15,DLLC,Good Standing,CO,3001 Industrial Ln,,Broomfield,CO,80020,Registered Agents Inc,Denver
20268147656,Field Trip Communications LLC,2026-09-15,DLLC,Good Standing,CO,605 Stonebridge Dr,,Longmont,CO,80503,,Longmont
20268147665,Leverage Leadership Institute LLC,2026-09-15,FLLC,Good Standing,NJ,238 Grove Street,,Montclair,NJ,07042,,Wheat Ridge
20268147673,A-Design & Consulting ReSource LLC,2026-09-15,DLLC,Good Standing,CO,30177 Appaloosa Dr,,Evergreen,CO,80439,,Evergreen
20268147677,"Double Dragon Trading USA, Inc.",2026-09-15,DPC,Good Standing,CO,550 Thornton Pkwy Suite 352,,Thornton,CO,80229,Colorado Business Agent Corporation,Denver
20268147679,Exceptional Employees for Exceptional Results Inc.,2026-09-15,FPC,Good Standing,CA,1500 N Grant St,Ste N,Denver,CO,80203,Northwest Registered Agent LLC,Denver
20268147682,"Praxa, Inc",2026-09-15,FPC,Good Standing,DE,2810 N Church St,STE 89420,Wilmington,DE,19802,,Denver
20268147707,AMERICAN WELL INC.,2026-09-15,DPC,Good Standing,CO,2 N Nevada Ave Suite 1374,,Colorado Springs,CO,80903,Colorado Business Agent Corporation,Denver
20268147727,The NXT Chapter L.L.C.,2026-09-15,DLLC,Good Standing,CO,23559 E Arkansas Pl,,Aurora,CO,80018,MOJ Capital Corp.,Littleton
20268147730,Stock and Stable Care LLC,2026-09-15,DLLC,Good Standing,CO,300 Shasta Ct,,Kiowa,CO,80117,,Kiowa
20268147739,"My Favorite Printer Colorado, LLC",2026-09-15,FLLC,Good Standing,WY,3459 Fillmore Ridge Heights,,Colorado Springs,CO,80907,,Colorado Springs
20268147740,USA RAGERS LLC,2026-09-15,DLLC,Good Standing,CO,7887 East Belleview Ave. Suite 1100A PMB 1402,,Denver,CO,80111,ENTITY PROTECT REGISTERED AGENT SERVICES LLC,Denver
20268147742,Triumph Roofing Solutions LLC,2026-09-15,FLLC,Good Standing,GA,157 Spring Lake Dr,,Athens,GA,30605,Rocket Lawyer Corporate Services LLC,Denver
20268147746,Batten Disease Support and Research Association,2026-09-15,FNC,Good Standing,OH,4285 Morse Rd,,Gahanna,OH,43230,Registered Agents Inc,Denver
20268147748,NZ Innovations LLC,2026-09-15,DLLC,Good Standing,CO,"1500 N GRANT ST, STE R",,Denver,CO,80203,Registered Agents Inc,Denver
20268147756,Mycotome Inc.,2026-09-15,DPC,Good Standing,CO,1553 Platte St Ste 310,,Denver,CO,80202,Registered Agents Inc,Denver
20268147765,Dyefairy LLC,2026-09-15,DLLC,Good Standing,CO,1776 South Jackson St,Suite 539,Denver,CO,80210,,Englewood
20268147770,ProPhotoMe LLC,2026-09-15,DLLC,Good Standing,CO,12845 Morning Breeze Way,,Peyton,CO,80831,,Peyton
20268147776,GROW TO APEX LLC,2026-09-15,DLLC,Good Standing,CO,970 Lincoln St,,Denver,CO,80203,,Denver
20268147778,S & D ATM Services LLC,2026-09-15,DLLC,Good Standing,CO,5686 Brennan Ave,,Colorado Springs,CO,80923,,Colorado Springs
20268147782,Triple C Energy LLC,2026-09-15,DLLC,Good Standing,CO,6627 W Adriatic Ave,,Lakewood,CO,80227,,Lakewood
20268147784,Grand Valley Acupuncture and Homeopathy LLC,2026-09-15,DLLC,Good Standing,CO,112 Columbine Court,,Grand Junction,CO,81507,,Grand Junction
20268147787,"SAON, LLC",2026-09-15,FLLC,Good Standing,DE,1500 N Grant St,Ste N,Denver,CO,80203,Northwest Registered Agent LLC,Denver
20268147797,Megapixel Imaging LLC,2026-09-15,FLLC,Good Standing,WY,1309 Coffeen Avenue STE 1200,,Sheridan,WY,82801,Registered Agents Inc,Denver
20268147798,Flatwater Architecture LLC,2026-09-15,DLLC,Good Standing,CO,6423 W 113th Ave,,Westminster,CO,80020,,Westminster
20268147805,Tajuaro's Auto Repair LLC,2026-09-15,DLLC,Good Standing,CO,3001 W 107th Pl Unit F,,Westminster,CO,80031,,Westminster
20268147806,"Blue Valley Management, LLC",2026-09-15,DLLC,Good Standing,CO,16485 Collins Ave #934,,Sunny Isles Beach,FL,33160,Roberts and Sons Real Estate LLC,Boulder
20268147809,"Orchard, Hiltz & McCliment, Inc.",2026-09-15,FO,Good Standing,MI,34000 Plymouth Road,,Livonia,MI,48150,C T CORPORATION SYSTEM,Centennial
20268147813,SILVER PEAK ENTERPRISES LLC,2026-09-15,DLLC,Good Standing,CO,4064 Dunkirk Ct,,Denver,CO,80249,,DENVER
20268147819,Big Dog Privilege LLC,2026-09-15,DLLC,Good Standing,CO,3202 Jonquil St,,Castle Rock,CO,80109,,Castle Rock
20268147824,Fly Crib LLC,2026-09-15,DLLC,Good Standing,CO,203 West Frontage Road,,South Fork,CO,81154,,South Fork
20268147841,General Workers Union,2026-09-15,DNC,Good Standing,CO,450 W 14th Ave,,Denver,CO,80204,,Denver
20268147855,"Jocelyn Putnam, LLC",2026-09-15,DLLC,Good Standing,CO,4885 W 128th Pl,,Broomfield,CO,80020,,Broomfield
20268147881,Sisterhood of Traveling Stamp LLC,2026-09-15,DLLC,Good Standing,CO,6493 E 62nd Ave,,Commerce City,CO,80022,,Commerce City
20268147882,Night Watch Security LLC,2026-09-15,DLLC,Good Standing,CO,1535 S Havana St,Unit C,Aurora,CO,80012,,Denver
20268147901,Mudjug Inc.,2026-09-15,DPC,Good Standing,CO,6212 E Pine Ln,Unit #2171,Parker,CO,80138,,Parker
20268147903,ELECTRIC ELEMENT 29 LLC,2026-09-15,DLLC,Good Standing,CO,3262 S Delaware St,,Englewood,CO,80110,SimpleBiz Registered Agent Services LLC,Boulder
20268147912,Epic Solar Control LLC,2026-09-15,DLLC,Good Standing,CO,1500 N Grant St,Ste N,Denver,CO,80203,Northwest Registered Agent LLC,Denver
20268147914,Just Skateboarding LLC,2026-09-15,FLLC,Good Standing,OH,184 E S Boundary,,Perrysburg,OH,43551,Lakeside Accounting Solutions LLC,Arvada
20268147917,VELORA LUXE LLC,2026-09-15,DLLC,Good Standing,CO,6635 S DAYTON ST STE 310,,GREENWOOD VILLAGE,CO,80111,WENJIA TRADING LIMITED,Denver
20268147922,TOOL TORNADO LLC,2026-09-15,DLLC,Good Standing,CO,1915 Golden Horizon Dr,,Windsor,CO,80550,,Windsor
20268147927,Carry the One LLC,2026-09-15,DLLC,Good Standing,CO,11727 Osceola St,,Westminster,CO,80031,,Westminster
20268147934,Chase Nesbitt LLC,2026-09-15,DLLC,Good Standing,CO,17716 County Road 501,,Bayfield,CO,81122,"UNITED STATES CORPORATION AGENTS, INC.",Greenwood Village
20268147940,Achillea Counseling PLLC,2026-09-15,DLLC,Good Standing,CO,303 S Broadway,Suite 200-756,Denver,CO,80209,,Denver
20268147945,Ashley C Captures Photography LLC,2026-09-15,DLLC,Good Standing,CO,1500 N Grant St Ste R,,Denver,CO,80203,Registered Agents Inc,Denver
20268147949,Glow By Judy LLC,2026-09-15,DLLC,Good Standing,CO,172 Loveland Way,,Golden,CO,80401,,Golden
20268147964,"Lisa Ullrich, Social Media Manager LLC",2026-09-15,DLLC,Good Standing,CO,1018 Griffith St,,Louisville,CO,80027,,Louisville
20268147973,Noble Homes and Design LLC,2026-09-15,DLLC,Good Standing,CO,1250 W Presidio Dr,,Pueblo West,CO,81007,,Pueblo West
20268147982,"Les Schwab Warehouse Center, LLC",2026-09-15,FO,Good Standing,OR,20900 Cooley Rd,,Bend,OR,97701,CORPORATION SERVICE COMPANY,Littleton
20268147990,"All Girls Allowed, Inc.",2026-09-15,FNC,Good Standing,MA,111 Huntington Ave Ste 530,,Boston,MA,02199,Registered Agents Inc,Denver
20268147995,"LP Construction & Property Maintenance, LLC",2026-09-15,DLLC,Good Standing,CO,3053 S Ivory Ct,,Aurora,CO,80013,"MDP Outsourcing & Consulting Services, LLC",Aurora
20268148012,GWF Digital Solutions LLC,2026-09-15,DLLC,Good Standing,CO,4190 N Garfield Ave Ste 3,,Loveland,CO,80538,,Loveland
20268148014,Cardea Labs LLC,2026-09-15,DLLC,Good Standing,CO,8635 E Bellewood Pl,,Denver,CO,80237,,Denver
20268148015,"Aurora Colfax F115, LLC, Dissolved September 15, 2026",2026-09-15,DLLC,Voluntarily Dissolved,CO,310 Saint Paul St,,Denver,CO,80206,,Denver
20268148017,"Iryna's Floral Designs, LLC",2026-09-15,DLLC,Good Standing,CO,2704 Valley Oak Drive,,Loveland,CO,80538,,Loveland
20268148022,Polkadot Properties LLC,2026-09-15,DLLC,Good Standing,CO,310 Teocalli Rd,,Crested Butte,CO,81224,"Huckstep Law, LLC",Crested Butte
20268148023,"Paxos Technology Solutions, LLC",2026-09-15,FLLC,Good Standing,DE,3500 S Dupont Highway,,Dover,DE,19901,"Incorporating Services, Ltd.",Denver
20268148028,Glenwood Music LLC,2026-09-15,DLLC,Good Standing,CO,3102 Blake Ave Ste D,,Glenwood Springs,CO,81601,,Glenwood Springs
20268148061,crypton technologies llc,2026-09-15,FO,Good Standing,WY,518 E LURAY AVE,,ALEXANDRIA,VA,22301-1606,Registered Agents Inc,Denver
20268148076,Double Black Services LLC,2026-09-15,DLLC,Good Standing,CO,7104 Frying Pan Rd Unit 1,,Basalt,CO,81621,,Basalt
20268148087,2693 S Decatur St LLC,2026-09-15,DLLC,Good Standing,CO,6945 W 109th Ave,APT D209,Denver,CO,80020,,Westminister
20268148090,JC Super Store LLC,2026-09-15,DLLC,Good Standing,CO,2345 S Genoa St,,Aurora,CO,80013,,Aurora
20268148096,MUS LLC,2026-09-15,DLLC,Good Standing,CO,2649 Utica Street,,Denver,CO,80212,ZenBusiness Inc.,Denver
20268148097,"Poolhaus Labs, Inc.",2026-09-15,FPC,Good Standing,DE,3205 Kerbey Lane,,Austin,TX,78703,,Longmont
20268148100,Cornerstone Ridge Health & Wellness PLLC,2026-09-15,DLLC,Good Standing,CO,5608 McWhinney Blvd,,Loveland,CO,80538,,Loveland
20268148108,FM Ventures LLC,2026-09-15,DLLC,Good Standing,CO,1500 N GRANT ST #5669,,DENVER,CO,80203,Registered Agents Inc,Denver
20268148126,"ATI Holdco, LLC",2026-09-15,DLLC,Good Standing,CO,765 N 2nd St,,Berthoud,CO,80513,"ASSOCIATED THERMOFORMING, INC.",Berthoud
20268148128,"Lucera Arc, LLC",2026-09-15,DLLC,Good Standing,CO,2012 Centennial Dr,,Louisville,CO,80027,,Louisville
20268148132,"SUMMIT WEB STRATEGIES, LLC",2026-09-15,DLLC,Good Standing,CO,1733 Keswick Rd,,Colorado Springs,CO,80906,"CORPORATE SERVICE CENTER, INC.",Denver
20268148138,ELD LLC,2026-09-15,DLLC,Good Standing,CO,10869 E Crestridge Cir,,Englewood,CO,80111,,Englewood
20268148142,ZoCo Hair Studio LLC,2026-09-15,DLLC,Good Standing,CO,"2929 Main Ave., Unit 11",,Durango,CO,81301,,Bayfield
20268148166,J&R CONSTRUCTION LTD.,2026-09-15,DLLC,Good Standing,CO,3740 W Floyd Ave,,Denver,CO,80236,,Denver
20268148172,"STACKED 2P RANCH, LLC",2026-09-15,DLLC,Good Standing,CO,10702 Bishop Ridge Rd,,Trinidad,CO,81082,,Trinidad
20268148177,"Aurora Colfax F116, LLC",2026-09-15,DLLC,Good Standing,CO,310 Saint Paul St,,Denver,CO,80206,,Denver
20268148183,"The Roots of Heaven, LLC",2026-09-15,DLLC,Good Standing,CO,1120 Nautilus Ct,,Lafayette,CO,80026,,Lafayette
20268148194,First Light Equestrian Foundation,2026-09-15,DNC,Good Standing,CO,1163 W 156th Ave,,Broomfield,CO,80023,Werge & Corbin LLC,Denver
20268148197,BR Enterprise LLC,2026-09-15,DLLC,Good Standing,CO,1500 N Grant St Ste R,,Denver,CO,80203,,Denver
20268148204,JRP Holdings LLC,2026-09-15,DLLC,Good Standing,CO,1711 Teller St,,Lakewood,CO,80214,"Crown Hughes, Ltd.",Broomfield
20268148205,Limb Preservation Center Corp.,2026-09-15,DPC,Good Standing,CO,1550 S Potomac St Ste 315,,Aurora,CO,80012,,Aurora
20268148215,HVAC Twenty Nine LLC,2026-09-15,DLLC,Good Standing,CO,1500 N Grant St,Ste N,Denver,CO,80203,Northwest Registered Agent LLC,Denver
20268148230,BS RENOVATIONS LLC,2026-09-15,DLLC,Good Standing,CO,622 E Keen Ave,,Byers,CO,80103,,Byers
20268148231,Sterling Dental CO PLLC,2026-09-15,DLLC,Good Standing,CO,100 Broadway St Ste 24,,Sterling,CO,80751,,Golden
20268148232,The Keg Spirit Foundation,2026-09-15,FNC,Good Standing,WA,10100 Shellbridge Way,,Richmond,OT,V6X 2W7,C T CORPORATION SYSTEM,Centennial
20268148236,Inhouse LLC,2026-09-15,DLLC,Good Standing,CO,22098 E Tufts Cir,,Aurora,CO,80015,,Aurora
20268148237,Beacon 1031 LLC,2026-09-15,DLLC,Good Standing,CO,44 Cook St Ste 530,,Denver,CO,80206,ACCRUIT LLC,Denver
20268148244,"Croatt Bookkeeping Services, LLC",2026-09-15,DLLC,Good Standing,CO,2001 Rosen Dr Apt 3-111,,Fort Collins,CO,80528,,Fort Collins
20268148256,Speedy Asset Recovery LLC,2026-09-15,DLLC,Good Standing,CO,1650 Aspen St,,Strasburg,CO,80136,,Strasburg
20268148259,"Bailey Thoratec, LLC",2026-09-15,DLLC,Good Standing,CO,875 Castle Peak Ranch Road,,Eagle,CO,81631,,Eagle
20268148264,"Strategic Compliance Partners, LLC",2026-09-15,FLLC,Good Standing,MD,7501 Wisconsin Avenue,Suite 1000W,Bethesda,MD,20814,CORPORATION SERVICE COMPANY,Littleton
20268148272,Sissco 2 LLC,2026-09-15,DLLC,Good Standing,CO,3201 W 62nd Ave,,Denver,CO,80221,,Denver
20268148278,"186 MW, LLC",2026-09-15,DLLC,Good Standing,CO,14022 S Hazel Ave,,Pine,CO,80470,,Pine
20268148282,Roland&Jacquie LLC,2026-09-15,DLLC,Good Standing,CO,14902 E Ohio Ave,,Aurora,CO,80012,,Aurora
20268148287,Vault Zero LLC,2026-09-15,DLLC,Good Standing,CO,7243 Animas Ave,,Frederick,CO,80530,,Frederick
20268148298,"186 LW, LLC",2026-09-15,DLLC,Good Standing,CO,14022 S Hazel Ave,,Pine,CO,80470,,Pine
20268148299,Archangel Protective Services Inc.,2026-09-15,FPC,Good Standing,TN,440 Metroplex Drive,Suite 241,Nashville,TN,37211,Registered Agents Inc,Denver
20268148302,Davsan LLC,2026-09-15,DLLC,Good Standing,CO,5062 Victor Way,,Denver,CO,80239,,Denver
20268148323,Gnana Sri LLC,2026-09-15,DLLC,Good Standing,CO,10919 Hayloft St,,Parker,CO,80134,,Parker
20268148324,Columbine West Apartments LLC,2026-09-15,DLLC,Good Standing,CO,7451 N 63rd St,,Longmont,CO,80503,C T CORPORATION SYSTEM,Centennial
20268148330,Parnassia LLC,2026-09-15,DLLC,Good Standing,CO,1500 N Grant St Ste N,,Denver,CO,80203,Northwest Registered Agent LLC,Denver
20268148345,South Creek Apartments LLC,2026-09-15,DLLC,Good Standing,CO,7451 N 63rd St,,Longmont,CO,80503,C T CORPORATION SYSTEM,Centennial
20268148348,Life After 55 LLC,2026-09-15,DLLC,Good Standing,CO,3420 Terry Point Dr,,Fort Collins,CO,80524,,Fort Collins
20268148351,T.A.G. LLC,2026-09-15,DLLC,Good Standing,CO,4412 San Remo Cir,,Fort Collins,CO,80525,,Fort Collins
20268148354,ConfigLogix LLC,2026-09-15,DLLC,Good Standing,CO,15788 W 83rd Ave,,Arvada,CO,80007,,Arvada
20268148355,ZEUS EMPIRE LLC,2026-09-15,DLLC,Good Standing,CO,1500 N Grant St Ste N,,Denver,CO,80203,Northwest Registered Agent LLC,Denver
20268148357,Inclusio,2026-09-15,DNC,Good Standing,CO,812 Tahiti Dr,,Grand Junction,CO,81506,,Grand Junction
20268148361,Green Lion Physical Therapy PLLC,2026-09-15,DLLC,Good Standing,CO,1455 Territory Trl,,Colorado Springs,CO,80919,,Colorado Springs
20268148365,Silver Thread Quilt Guild,2026-09-15,DNC,Good Standing,CO,223 Bluebird Ln,,Creede,CO,81130,"Wall, Smith, Bateman Inc.",Alamosa
20268148373,EV Range LLC,2026-09-15,DLLC,Good Standing,CO,110 16th St Ste 1460,,Denver,CO,80202,Rocky Mountain RA LLC,Denver
20268148374,Jay-Rose Investments LLP,2026-09-15,DLLP,Good Standing,CO,"8550 Kenosha Dr,",,COLORADO SPRINGS,CO,80908,,Colorado Springs
20268148375,ShareWillow Twenty Nine LLC,2026-09-15,DLLC,Good Standing,CO,1500 N Grant St Ste N,,Denver,CO,80203,Northwest Registered Agent LLC,Denver
20268148382,Jason A Miller LLC,2026-09-15,DLLC,Good Standing,CO,1658 Colorado Boulevard,,Denver,CO,80222,ZenBusiness Inc.,Denver
20268148383,Holland Built Customs LLC,2026-09-15,DLLC,Good Standing,CO,537 Carnelian Ct,,Loveland,CO,80537,,Loveland
20268148407,SAN DIEGO GAS AND ELECTRIC COMPANY,2026-09-15,DPC,Good Standing,CO,9700 E Iliff Ave Apt K123,,Denver,CO,80231,,Denver
20268148408,Jaywick Woodworks LLC,2026-09-15,DLLC,Good Standing,CO,4965 Pike Rd,,Cascade,CO,80809,,Cascade
20268148409,Kiran Young Wimberly Limited Liability Company,2026-09-15,DLLC,Good Standing,CO,1500 N Grant St Ste R,,Denver,CO,80203,Registered Agents Inc,Denver
20268148418,ITALBA,2026-09-15,DNC,Good Standing,CO,110 16th St Ste 1460,,Denver,CO,80202,Rocky Mountain RA LLC,Denver
20268148427,BALUARTE CARPENTRY AND CONSTRUCTION LLC,2026-09-15,DLLC,Good Standing,CO,7871 PONTIAC ST,,COMMERCE CITY,CO,80022,,COMMERCE CITY
20268148431,"Good Feel, LLC",2026-09-15,DLLC,Good Standing,CO,8241 Bluebell Way,,Denver,CO,80221,,Denver
20268148437,Dang and Lizabelle Resell LLC,2026-09-15,DLLC,Good Standing,CO,6186 Wescroft Ave,,Castle Rock,CO,80104,,Castle Rock
20268148442,"Ascend Healthcare dba for Symphony Healthcare, LLC, Dissolved September 15, 2026",2026-09-15,DLLC,Voluntarily Dissolved,CO,752 State Highway 52,,Erie,CO,80516,KUTAK ROCK LLP,Denver
20268148458,Hubbard Systems LLC,2026-09-15,FLLC,Good Standing,AZ,13832 North 32nd St Suite 100,,Phoenix,AZ,85032,"INCORP SERVICES, INC.",DENVER
20268148459,BGM CONSTRUCTION LLC,2026-09-15,DLLC,Good Standing,CO,6210 E 71st Ave,,Commerce City,CO,80022,,Commerce City
20268148462,horsebreedersites.com LLC,2026-09-15,DLLC,Good Standing,CO,16901 Potts Pl,,Mead,CO,80542,,Mead
20268148469,"Rockies Surplus Recovery, A Limited Liability Co.",2026-09-15,DLLC,Good Standing,CO,30 Cougar Trl,,Ridgway,CO,81432,,Ridgway
20268148470,"Lark House, Ltd.",2026-09-15,DLLC,Good Standing,CO,3386 Alkire Way,,Golden,CO,80401,,Golden
20268148476,Soph Studios LLC,2026-09-15,DLLC,Good Standing,CO,363 W Drake Rd Ste 7,,Fort Collins,CO,80526,,Fort Collins
20268148479,LAC Floor Co. LLC,2026-09-15,DLLC,Good Standing,CO,900 S Quince St Apt B423,,Denver,CO,80247,,Denver
20268148494,"Cause Advocate Partners, LLC",2026-09-15,DLLC,Good Standing,CO,2680 W Long Pl,,Littleton,CO,80120,,Littleton
20268148495,Serenity Horizon LLC,2026-09-15,DLLC,Good Standing,CO,26032 E Geddes Cir,,Aurora,CO,80016,,Aurora
20268148497,JH CB Abbey LLC,2026-09-15,DLLC,Good Standing,CO,1290 North Williams Street,,Denver,CO,80218,SimpleBiz Registered Agent Services LLC,Boulder
20268148500,TrussPath LLC,2026-09-15,DLLC,Good Standing,CO,1025 W 8th Avenue Dr,,Broomfield,CO,80020,"UNITED STATES CORPORATION AGENTS, INC.",Greenwood Village
20268148504,"Pragmatic Defense Solutions, LLC",2026-09-15,DLLC,Good Standing,CO,686 Tamarron Ct,,Grand Junction,CO,81506,,Grand Junction
20268148505,JINGCHENG GARMENTS LLC,2026-09-15,DLLC,Good Standing,CO,503 S ALEXANDER ST,,NEW ORLEANSNEW ORLEANS.,LA,70119,Northwest Registered Agent LLC,Denver
20268148508,"Cardison Ventures, LLC",2026-09-15,DLLC,Good Standing,CO,618 Mountain Village Blvd.,Ste. 201,Mountain Village,CO,81435,,Mountain Village
20268148514,EMGREW LLC,2026-09-15,DLLC,Good Standing,CO,13640 Old Paint Trl,,Littleton,CO,80127,,Littleton
20268148518,BAMG LLC,2026-09-15,DLLC,Good Standing,CO,4626 MacArthur Ln,,Boulder,CO,80303,,Boulder
20268148522,Saucier Natural Construction LLC,2026-09-15,DLLC,Good Standing,CO,508 Park Place,,Fort Collins,CO,80525,,Fort Collins
20268148523,DUO Branding & Strategy LLC,2026-09-15,FLLC,Good Standing,TX,16626 OURAY RD W,,PINE,CO,80470,,Pine
20268148529,"Payne Services, LLC",2026-09-15,FLLC,Good Standing,AR,210 Swepston Dr.,,Marion,AR,72364,"CF&I STEEL, L.P.",Pueblo
20268148532,Lewis & Clark College,2026-09-15,FNC,Good Standing,OR,615 S Palatine Hill Rd,,Portland,OR,97219,"INCORP SERVICES, INC.",DENVER
20268148537,EL RINCON LATINO MINI MARKET LLC,2026-09-15,DLLC,Good Standing,CO,15204 Parkview Dr,,Brighton,CO,80601,,Brighton
20268148540,"Aurora F117, LLC",2026-09-15,DLLC,Good Standing,CO,310 Saint Paul St,,Denver,CO,80206,,Denver
20268148560,Courtland Operational Integrity LLC,2026-09-15,DLLC,Good Standing,CO,2679 W Main St Ste 300 PMB 1030,Suite 300 Pmb 1030,Littleton,CO,80120,,Littleton
20268148561,Country Electric LLC,2026-09-15,DLLC,Good Standing,CO,1925 CHAMBERLIN S,,COLORADO SPRINGS,CO,80906-5405,,COLORADO SPRINGS
20268148564,"Geoff Crowley Consulting, LLC",2026-09-15,DLLC,Good Standing,CO,399 Indian Peaks Trl W,,Lafayette,CO,80026,,Lafayette
20268148577,Drake Manteca LLC,2026-09-15,DLLC,Good Standing,CO,496 S Broadway,,Denver,CO,80209,"Drake Real Estate Services, Inc.",Denver
20268148579,In the Act Studios LLC,2026-09-15,DLLC,Good Standing,CO,495 Animas View Dr,,Durango,CO,81301,,Durango
20268148581,"MLSCD, LLC",2026-09-15,DLLC,Good Standing,CO,1 Old Town Sq Ste 104,,Fort Collins,CO,80524,,Fort Collins
20268148582,AMERICAN SPIRIT SERVICES LLP,2026-09-15,DLLP,Good Standing,CO,16836 E NAVARRO,,AURORA,CO,80013,,AURORA
20268148586,"Golden Cardboard, LLC",2026-09-15,DLLC,Good Standing,CO,16350 W Ellsworth Ave,,Golden,CO,80401,,Golden
20268148589,"Kentucky F118, LLC",2026-09-15,DLLC,Good Standing,CO,310 Saint Paul St,,Denver,CO,80206,,Denver
20268148592,"McBride Investigations, LLC",2026-09-15,DLLC,Good Standing,CO,8630 S Oak Circle #7111,,Littleton,CO,80127,,Littleton
20268148603,"Children's Brain Tumor Foundation, Inc.",2026-09-15,FNC,Good Standing,DE,"1460 Broadway, 8th Floor",,New York,NY,10036,"INCORP SERVICES, INC.",DENVER
20268148609,"URA Holdings, LLC",2026-09-15,DLLC,Good Standing,CO,1128 Monroe Ave,,Loveland,CO,80537,,Greeley
20268148612,RabeAir1 LLC,2026-09-15,DLLC,Good Standing,CO,229 Airport Rd,,Longmont,CO,80503,,Johnstown
20268148632,HMQ Transport and Logistics LLC,2026-09-15,DLLC,Good Standing,CO,15670 Havana Way,,Brighton,CO,80602,,Brighton
20268148635,121 Taylor LLC,2026-09-15,DLLC,Good Standing,CO,5685 Gray St,,Arvada,CO,80002,,Arvada
20268148636,Colbeth Solutions LLC,2026-09-15,DLLC,Good Standing,CO,647 Overland Trail,,Ault,CO,80610,,Ault
20268148646,USS ROCK ISLAND STORAGE LLC,2026-09-15,FLLC,Good Standing,DE,2150 Post Road,,Fairfield,CT,06824,"INCORP SERVICES, INC.",DENVER
20268148650,Backyard Pools LLC,2026-09-15,FLLC,Good Standing,AZ,4630 E Eco Industrial Pl,,Tucson,AZ,85756,Registered Agents Inc,Denver
20268148653,Lynn Fredrickson LLC,2026-09-15,DLLC,Good Standing,CO,2496 S Patton Ct,,Denver,CO,80219,,Denver
20268148654,FAFANO LLC,2026-09-15,DLLC,Good Standing,CO,1755 S Beeler St Unit 12C,,Denver,CO,80247,,Denver
20268148657,NAGEL CHIROPRACTIC SERVICES LLC,2026-09-15,DLLC,Good Standing,CO,1339 Quari St Apt 122,,Aurora,CO,80011,JEROYAF ACCOUNTING & TAX SERVICES,Aurora
20268148661,Babineau Gould Music Education LLC,2026-09-15,DLLC,Good Standing,CO,830 S Arbutus St,,Lakewood,CO,80228,,Lakewood
20268148665,"Cayuse Mission Solutions, LLC",2026-09-15,FLLC,Good Standing,NV,"1100 Wilson Blvd, Suite 2950",,Arlington,VA,22209,CORPORATION SERVICE COMPANY,Littleton
20268148668,Formera LLC,2026-09-15,DLLC,Good Standing,CO,1312 17th Street,Unit #2911,Denver,CO,80202,CORPORATION SERVICE COMPANY,Littleton
20268148673,New Frontier Investments LLC,2026-09-15,DLLC,Good Standing,CO,8817 Newport Beach Dr,,Colorado Springs,CO,80908,,Colorado Springs
20268148675,Living in the Light LLC,2026-09-15,DLLC,Good Standing,CO,6547 N Academy Blvd,438,Colorado Springs,CO,80918,Crystal Martinez LLC,Colorado Springs
20268148677,Auricium LLC,2026-09-15,DLLC,Good Standing,CO,19170 Langtree Ct,,Monument,CO,80132,,Monument
20268148679,Hot Cakes Cards LLC,2026-09-15,DLLC,Good Standing,CO,7008 Lightning Ct,,Timnath,CO,80547,,Timnath
20268148682,7730 S Glencoe Way LLC,2026-09-15,DLLC,Good Standing,CO,6494 E. Long Circle South,,Centennial,CO,80112,,Centennial
20268148692,Stronghold Contracting Group LLC,2026-09-15,FLLC,Good Standing,AL,1081 S Memorial Drive,,Prattville,AL,36067,Northwest Registered Agent LLC,Denver
20268148700,"United Spinal Association, Inc.",2026-09-15,FNC,Good Standing,NY,102 Duane Road,,Fort Trotten,NY,11359,"INCORP SERVICES, INC.",DENVER
20268148703,"Aliado Advisory, LLC",2026-09-15,DLLC,Good Standing,CO,1500 N Grant St Ste R,,Denver,CO,80203,Registered Agents Inc,Denver
20268148713,RJC Premier Renovation Group pc,2026-09-15,DPC,Good Standing,CO,1415 Luna Dr,,Fountain,CO,80817,,Fountain
20268148714,HEARTH & HOME APPAREL LLC,2026-09-15,DLLC,Good Standing,CO,7300 LAKESHORE DR,,NEW ORLEANS,LA,70124,Northwest Registered Agent LLC,Denver
20268148719,"Otero Bookkeeping & Tax, LLC",2026-09-15,DLLC,Good Standing,CO,40440 Truckton Rd,,Rush,CO,80833,,Rush
20268148736,StillMind Tech LLC,2026-09-15,DLLC,Good Standing,CO,8184 Middle Fork Rd,,Boulder,CO,80302,,Boulder
20268148741,Dan Brin Consulting LLC,2026-09-15,DLLC,Good Standing,CO,3662 S Perth Cir Unit 106,,Aurora,CO,80013,,Aurora
20268148758,"Integrative & Functional Medicine of Colorado, PLLC",2026-09-15,DLLC,Good Standing,CO,"3225 McLeod Dr, Suite 100",,Las Vegas,NV,89121,ANDERSON REGISTERED AGENTS,Denver
20268148763,Elonori LLC,2026-09-15,DLLC,Good Standing,CO,1500 N Grant St,Ste N,Denver,CO,80203,Northwest Registered Agent LLC,Denver
20268148765,"Sun Powersports Broomfield, LLC",2026-09-15,FLLC,Good Standing,DE,17554 Spinnaker Way,,Broomfield,CO,80023,,Colorado Springs
20268148766,"Massive Commerce USA, Inc.",2026-09-15,FPC,Good Standing,DE,"7251 W Lake Mead Blvd., Suite 112",,Las Vegas,NV,89128,COGENCY GLOBAL INC.,Denver
20268148767,Bruin Mountain Tax Service LLC,2026-09-15,DLLC,Good Standing,CO,2829 North Ave Ste 210,,Grand Junction,CO,81501,,De Beque
20268148774,Vellum & Light LLC,2026-09-15,DLLC,Good Standing,CO,6821 S Downing Cir W,,Centennial,CO,80122,,Centennial
20268148778,MIDNIGHT CLOUDS LLC,2026-09-15,DLLC,Good Standing,CO,3764 Astrozon Blvd,,Colorado Springs,CO,80910,,Colorado Springs
20268148785,"Prairie Dog One, LLC",2026-09-15,DLLC,Good Standing,CO,410 Highway 348,,Olathe,CO,81425,,Olathe
20268148790,Kinshi & Oak Vivarium LLC,2026-09-15,DLLC,Good Standing,CO,1500 N Grant St Ste R,,Denver,CO,80203,Registered Agents Inc,Denver
20268148800,ESK Partners LLC,2026-09-15,DLLC,Good Standing,CO,1220 S Gilpin St,,Denver,CO,80210,,Denver
20268148808,Opus Vector LLC,2026-09-15,DLLC,Good Standing,CO,1333 Cherry St,,Denver,CO,80220,,Denver
20268148833,Grace Mar LLC,2026-09-15,DLLC,Good Standing,CO,1500 N GRANT ST,STE N,DENVER,CO,80203,Northwest Registered Agent LLC,Denver
20268148837,"Campbell Energy and Environmental Services, Inc.",2026-09-15,FPC,Good Standing,DE,5305 Petroleum Drive,,Carlsbad,NM,88220,C T CORPORATION SYSTEM,Centennial
20268148839,2qrowz LLC,2026-09-15,DLLC,Good Standing,CO,1500 N Grant St,Ste N,Denver,CO,80203,Northwest Registered Agent LLC,Denver
20268148844,Pagosa Peak Pistoleros LLC,2026-09-15,DLLC,Good Standing,CO,230 Clearwater Dr,,Pagosa Springs,CO,81147,,Pagosa Springs
20268148849,M&C Florida LLC,2026-09-15,FLLC,Good Standing,FL,303 Mahan St.,,Meadowlakes,TX,78654,Pierce Elliott Law PLLC,Westcliffe
20268148859,Goodnation Action Inc.,2026-09-15,FNC,Good Standing,NY,1120 Avenue of The Americas,4th Floor,New York,NY,10036,"URS Agents, LLC.",Centennial
20268148862,N&L Transport and Services LLC,2026-09-15,DLLC,Good Standing,CO,20650 Kelly Pl,,Denver,CO,80249,,Denver
20268148865,PRL holdings Group llc,2026-09-15,DLLC,Good Standing,CO,62 Founders Pkwy Ste C2,,Castle Rock,CO,80104,,Castle Rock
20268148866,Peak Arts Productions LLC,2026-09-15,DLLC,Good Standing,CO,1500 N Grant St,Ste N,Denver,CO,80203,Northwest Registered Agent LLC,Denver
20268148869,XJC Enterprises L.L.C.,2026-09-15,DLLC,Good Standing,CO,1630 30th Street,Suite A Mailbox 417,Boulder,CO,80301,,Boulder
20268148883,"LANAIR Group, LLC",2026-09-15,FLLC,Good Standing,CA,330 N. Brand Blvd,Suite #620,Glendale,CA,91203,Registered Agents Inc,Denver
20268148887,Dover & Bloom LLC,2026-09-15,DLLC,Good Standing,CO,2055 Dover St,,Lakewood,CO,80215,,Lakewood
20268148901,"JV & Kin Collective, LLC",2026-09-15,DLLC,Good Standing,CO,8745 S Tibet Ct,,Aurora,CO,80016,,Aurora
20268148915,"Kenaye Logistics LLC, Dissolved September 18, 2026",2026-09-15,DLLC,Voluntarily Dissolved,CO,4063 S Riviera St,,Aurora,CO,80018,,Aurora
20268148916,"Ahsan Iqbal, M.D., PLLC",2026-09-15,FLLC,Good Standing,TX,18110 Terracina Drive,,Fort Myers,FL,33913,BUSINESS FILINGS INCORPORATED,Centennial
20268148918,A-to-Be USA LLC,2026-09-15,FLLC,Good Standing,IL,1062 N. Garfield St.,,Lombard,IL,60148,C T CORPORATION SYSTEM,Centennial
20268148928,SHALOM DELIVERY LLC,2026-09-15,DLLC,Good Standing,CO,2266 DAYTON ST,,AURORA,CO,80010,,AURORA
20268148931,Apex Building Services Group LLC,2026-09-15,DLLC,Good Standing,CO,7890 Steward Ln,,Colorado Springs,CO,80922,"UNITED STATES CORPORATION AGENTS, INC.",Greenwood Village
20268148935,"Reunion Marketing, LLC",2026-09-15,FLLC,Good Standing,NC,114 Mackenan Dr,Ste 400,Cary,NC,27511,"CAPITOL CORPORATE SERVICES, INC.",BRIGHTON
20268148942,American Friends of Sheba Medical Center,2026-09-15,FNC,Good Standing,CA,6505 Wilshire Blvd. Suite 615,,Los Angeles,CA,90048,COGENCY GLOBAL INC.,Denver
20268148946,"Majors & Bassett, LLC",2026-09-15,DLLC,Good Standing,CO,4655 Cassidy St,,Colorado Springs,CO,80911,,Colorado Springs
20268148955,WellSky Administrative Services Corporation,2026-09-15,FPC,Good Standing,DE,11300 Switzer Rd.,,Overland Park,KS,66210,CORPORATION SERVICE COMPANY,Littleton
20268148957,Typhon Studio LLC,2026-09-15,DLLC,Good Standing,CO,4845 Pearl East Cir Ste 118 #515499,,Boulder,CO,80301,"UNITED STATES CORPORATION AGENTS, INC.",Greenwood Village
20268148991,Empire Public House Taphouse & Kitchen LLC,2026-09-15,DLLC,Good Standing,CO,816 Main St,,Louisville,CO,80027,,Westminster
20268148998,ROSCELY CLEANING SERVICES LLC,2026-09-15,DLLC,Good Standing,CO,200 W 20TH ST,TRL# A 134,RIFLE,CO,81650,,RIFLE
20268149015,Skytrails LLC,2026-09-15,DLLC,Good Standing,CO,304 Sky Trail Rd,,Boulder,CO,80302,,Boulder
20268149021,Cloaked 5280 LLC,2026-09-15,DLLC,Good Standing,CO,13423 Clayton St,,Thornton,CO,80241,,Thornton
20268149023,SAVVY FINANCIAL AND BUSINESS SOLUTIONS INC.,2026-09-15,DPC,Good Standing,CO,28 Gary Street Suite 650 Pmp 5472,,San Francisco,CA,94108,"CORPORATE SERVICE CENTER, INC.",Denver
20268149025,"TP Holdings, LLC",2026-09-15,DLLC,Good Standing,CO,1238 Lily Mountain Rd,,Severance,CO,80550,,Severance
20268149037,Blue Collar Action Fund,2026-09-15,DNC,Good Standing,CO,300 Center Dr Ste G PMB 362,,Superior,CO,80027,CORPORATION SERVICE COMPANY,Littleton
20268149042,"Summit Oak Property, LLC",2026-09-15,DLLC,Good Standing,CO,1500 N Grant St,Ste R,Denver,CO,80203,Northwest Registered Agent LLC,Denver
20268149046,Nexa Float Advance LLC,2026-09-15,DLLC,Good Standing,CO,3600 N Fremont St Apt 3,,Chicago,IL,60613-6265,Northwest Registered Agent LLC,Denver
20268149049,Sprucewood Creative Co. LLC,2026-09-15,DLLC,Good Standing,CO,1500 N Grant St,Ste N,Denver,CO,80203,Northwest Registered Agent LLC,Denver
20268149066,Lazy Eight LLC,2026-09-15,DLLC,Good Standing,CO,5115 E 28th Ave,,Denver,CO,80207-2702,,Denver
20268149067,DJS LLC,2026-09-15,DLLC,Good Standing,CO,31800 Road 35,,Holly,CO,81047,,Holly
20268149068,Jibs auto llc,2026-09-15,DLLC,Good Standing,CO,41 Tom Ln,,Carbondale,CO,81623,,Carbondale
20268149082,"Gifthealth, Inc.",2026-09-15,FPC,Good Standing,DE,"266 N 4th Street, Suite 200",,Columbus,OH,43215,C T CORPORATION SYSTEM,Centennial
20268149083,The Family Business LLC,2026-09-15,DLLC,Good Standing,CO,3336 Arapahoe Rd,B130,Erie,CO,80516,,Erie
20268149084,Compass Global Logistics LLC,2026-09-15,FLLC,Good Standing,TX,1500 N Grant St,Ste N,Denver,CO,80203,Northwest Registered Agent LLC,Denver
20268149089,Practical Renovations LLC,2026-09-15,DLLC,Good Standing,CO,1327 N 25th St,,Colorado Springs,CO,80904,,Colorado Springs
20268149095,Lila LLC,2026-09-15,DLLC,Good Standing,CO,1709 Eaton St,,Lakewood,CO,80214,,Lakewood
20268149098,CRC Solutions LLC,2026-09-15,DLLC,Good Standing,CO,1500 North Grant Street,Suite C,Denver,CO,80203,Registered Agents Inc,Denver
20268149127,S&A Contracting LLC.,2026-09-15,DLLC,Good Standing,CO,2797 W 13th Ave Unit 107,,Denver,CO,80204,,Denver
20268149134,Chagar Limousine LLC,2026-09-15,DLLC,Good Standing,CO,2550 S University Blvd Apt 907,,Denver,CO,80210,,Denver
20268149135,Whitehawk Atelier LLC,2026-09-15,DLLC,Good Standing,CO,1521 Monaco Pkwy,,Denver,CO,80220,,Denver
20268149136,"Obvious Solutions, Inc.",2026-09-15,FPC,Good Standing,DE,1500 N Grant St,Ste R,Denver,CO,80203,Registered Agents Inc,Denver
20268149137,Mission Critical Asset Protection LLC,2026-09-15,DLLC,Good Standing,CO,69 Woodbridge Dr,,Colorado Springs,CO,80906,,Colorado Springs
20268149141,LUMEA Cleaning Co. LLC,2026-09-15,DLLC,Good Standing,CO,11945 S Allerton Cir,,Parker,CO,80138,,Parker
20268149142,Greenleaf Designs LLC,2026-09-15,DLLC,Good Standing,CO,305 Joseph Ln Unit D,,Gunnison,CO,81230,,Gunnison
20268149144,ROWAN CREATIVE STUDIO LLC,2026-09-15,DLLC,Good Standing,CO,6895 Sunstrand Ct,,Castle Pines,CO,80108,,Castle Pines
20268149157,"Turnier Educational Consulting, LLC",2026-09-15,DLLC,Good Standing,CO,2835 Links Dr,,Boulder,CO,80301,,Boulder
20268149161,New Masters LLC,2026-09-15,FLLC,Good Standing,DE,10455 Road 39,,Mancos,CO,81328,"The Law Firm of Marla C. Underell, LLC",Durango
20268149179,"Tava Mountain Energy Storage, LLC",2026-09-15,FLLC,Good Standing,DE,100 Bayview Circle,Suite 340,Newport Beach,CA,92260,CORPORATION SERVICE COMPANY,Littleton
20268149184,THE ROCKIES COLORADO LLC,2026-09-15,DLLC,Good Standing,CO,3934 Yates St,,Denver,CO,80212,,Denver
20268149188,North Commercial Services L.L.C.,2026-09-15,DLLC,Good Standing,CO,14782 Landau Pl,,Parker,CO,80134,,Parker
20268149189,Credora Lane Funding LLC,2026-09-15,DLLC,Good Standing,CO,66711 Fry Ct,,Homer,AK,99603,Northwest Registered Agent LLC,Denver
20268149198,JW Custom Furniture LLC,2026-09-15,DLLC,Good Standing,CO,223 Steep Pl,,Pagosa Springs,CO,81147,,Pagosa
20268149202,Maison Velora LLC,2026-09-15,DLLC,Good Standing,CO,27826 E 7th Pl,,Aurora,CO,80018,,Aurora
20268149203,"461 Tyler Avenue, LLC",2026-09-15,DLLC,Good Standing,CO,26 S Holman Way,Apt 4l,Golden,CO,80401,,Golden
20268149208,Red Rock Botanics LLC,2026-09-15,DLLC,Good Standing,CO,1545 S Columbine St,,Denver,CO,80210,,Denver
20268149215,"Liubisa Transportation, LLC",2026-09-15,DLLC,Good Standing,CO,9999 E Yale Ave Apt E106,,Denver,CO,80231,,Denver
20268149216,Tico Creative LLC,2026-09-15,DLLC,Good Standing,CO,305 S Ridge St # 6656,,Breckenridge,CO,80424,,Breckenridge
20268149223,Daylight Cleaning LLC,2026-09-15,DLLC,Good Standing,CO,3151 W Girard Ave Apt 314,,Englewood,CO,80110,,Englewood
20268149232,DiamondClean LLC.,2026-09-15,DLLC,Good Standing,CO,1570 Joliet St Apt 201,,Aurora,CO,80010,,Aurora
20268149234,"Euclid Drive, LLC",2026-09-15,DLLC,Good Standing,CO,16350 E Arapahoe Rd Unit 108 PMB 305,,Aurora,CO,80016,"Registered Agent Solutions, Inc.",Centennial
20268149236,Grivel Corp.,2026-09-15,FPC,Good Standing,DE,10865 Washington Blvd.,,Culver City,CA,90232,C T CORPORATION SYSTEM,Centennial
20268149245,"Hunt to Conserve, Inc.",2026-09-15,FNC,Good Standing,MT,5705 Grant Creek Road Suite C,,Missoula,MT,59808,COGENCY GLOBAL INC.,Denver
20268149261,"Barks, Purrs & Threads LLC",2026-09-15,DLLC,Good Standing,CO,1500 N Grant St Ste R,,Denver,CO,80203,Colorado Registered Agent LLC,Denver
20268149263,Drekster Inc,2026-09-15,DPC,Good Standing,CO,11305 Nome Street,,Henderson,CO,80640,,Brighton
20268149264,Friday Savannah LLC,2026-09-15,DLLC,Good Standing,CO,1781 York St Apt 554,,Denver,CO,80206,,Denver
20268149272,Jesangil Partners LLC,2026-09-15,DLLC,Good Standing,CO,668 Dragon Peak Dr,,Henderson,NV,89012,"Runco & Proffitt, P.C.",Denver
20268149279,knth media haus Limited,2026-09-15,DLLC,Good Standing,CO,1500 N GRANT ST,STE R,DENVER,CO,80203,Registered Agents Inc,Denver
20268149280,Ramblin Studio LLC,2026-09-15,DLLC,Good Standing,CO,1256 Cronin Peak Way,,Erie,CO,80516,,Erie
20268149285,"Foiled Again, LLC",2026-09-15,DLLC,Good Standing,CO,7 Texas Lane,,Longmont,CO,80501,,Longmont
20268149290,"Lang Gildig Wealth Advisory, LLC",2026-09-15,DLLC,Good Standing,CO,1800 Glenarm Pl Ste 1003,,Denver,CO,80202,,Denver
20268149291,Rewire News Group,2026-09-15,FNC,Good Standing,VA,1765 Greensboro Station Pl,Suite 900,McLean,VA,22202,,Denver
20268149292,Precedera LLC,2026-09-15,DLLC,Good Standing,CO,1500 N Grant St,#10520,Denver,CO,80203,Northwest Registered Agent LLC,Denver
20268149293,"118 Main Street, Inc.",2026-09-15,DPC,Good Standing,CO,10737 Cutten Rd,,Houston,TX,77066,CORPORATE CREATIONS NETWORK INC.,Loveland
20268149294,IDACOL LLC,2026-09-15,DLLC,Good Standing,CO,7108 S Alton Way Ste E1,,Centennial,CO,80112,,Lone Tree
20268149297,RGO LLC,2026-09-15,DLLC,Good Standing,CO,11990 E South Boulder Rd Lot 144,,Lafayette,CO,80026,"The Law Office of Teresa M. Casillas, LLC",Denver
20268149304,TaxElect Solutions LLC,2026-09-15,DLLC,Good Standing,CO,1500 N Grant St Ste R,,Denver,CO,80203,Registered Agents Inc,Denver
20268149305,"RTA Concrete, LLC",2026-09-15,DLLC,Good Standing,CO,13540 Meadowgrass Dr Ste 200,,Colorado Springs,CO,80921,,Colorado Springs
20268149311,C.C.Photography LLC,2026-09-15,DLLC,Good Standing,CO,5796 Powell Rd,,Parker,CO,80134,,Parker
20268149313,NEPALESE SPORTS CLUB OF COLORADO LLC,2026-09-15,DLLC,Good Standing,CO,557 High Point Dr,,Longmont,CO,80504,,Longmont
20268149327,BitteR.E Holdings LLC,2026-09-15,DLLC,Good Standing,CO,3285 Balsam St,,Wheat Ridge,CO,80033,,Wheat Ridge
20268149344,SALAIS CONSTRUCTION GROUP LLC,2026-09-15,DLLC,Good Standing,CO,17632 E Kepner Dr,,Aurora,CO,80017,,Aurora
20268149347,Ninth Dawn LLC,2026-09-15,DLLC,Good Standing,CO,743 U.S. 6,,Fruita,CO,81521,Mountain Valley Real Estate Inc,Fruita
20268149348,Alveria Group LLC,2026-09-15,DLLC,Good Standing,CO,18258 E 45TH PL,,Denver,CO,80249,,Denver
20268149350,Twisted Pinecone LLC,2026-09-15,DLLC,Good Standing,CO,12730 W 86th Ave,,Arvada,CO,80005,,Black Hawk
20268149351,Will Henderson Studio LLC,2026-09-15,DLLC,Good Standing,CO,901 Neon Forest Cir,,Longmont,CO,80504,,Longmont
20268149359,Elixer LLC,2026-09-15,DLLC,Good Standing,CO,4240 Kipling Street,Unit E,Wheat Ridge,CO,80033,,Wheat Ridge
20268149361,TechMatch LLC,2026-09-15,DLLC,Good Standing,CO,326 North Main Street,,Breckenridge,CO,80424,SimpleBiz Registered Agent Services LLC,Boulder
20268149369,FRESH STACK LLC,2026-09-15,DLLC,Good Standing,CO,1036 Speer Blvd,,Denver,CO,80204,,Denver
20268149372,CPM llc,2026-09-15,DLLC,Good Standing,CO,659 Olive St,,Broomfield,CO,80023,,Broomfield
20268149380,HISN CLEANING LLC,2026-09-15,DLLC,Good Standing,CO,8290 Federal Blvd Apt 67,,Westminster,CO,80031,SimpleBiz Registered Agent Services LLC,Boulder
20268149384,LUCIO'S REMODELING LLC,2026-09-15,DLLC,Good Standing,CO,18906 E 16th Pl,,Aurora,CO,80011,,Aurora
20268149388,Phoenix diagnostic solutions LLC,2026-09-15,DLLC,Good Standing,CO,2121 Delgany St Unit 1240,,Denver,CO,80202,,Denver
20268149390,Davis North LLC,2026-09-15,DLLC,Good Standing,CO,743 U.S. 6,,Fruita,CO,81521,Ninth Dawn LLC,Fruita
20268149404,Goodie locksmith and key LLC,2026-09-15,DLLC,Good Standing,CO,10111 W 21st Ave,,Lakewood,CO,80215,,Lakewood
20268149413,Myqyl LLC,2026-09-15,DLLC,Good Standing,CO,7206 S Dexter Ct,,Centennial,CO,80122,,Centennial
20268149417,Java AGS LLC,2026-09-15,DLLC,Good Standing,CO,625 W Colorado Ave,,Colorado Springs,CO,80905,SimpleBiz Registered Agent Services LLC,Boulder
20268149426,Sign Here Notary Services LLC,2026-09-15,DLLC,Good Standing,CO,8201 Wynstone Ct,,Windsor,CO,80550,,Windsor
20268149430,YADIFA'S MARKETING AND ADVERTISEMENT LLC,2026-09-15,DLLC,Good Standing,CO,7370 E Florida Ave Apt 1024,,Denver,CO,80231,,Denver
20268149433,Pet-Scapes LLC,2026-09-15,DLLC,Good Standing,CO,8247 W 54th Ave,,Arvada,CO,80002,,Arvada
20268149434,YO-HO HERBS AND SPICES LLC,2026-09-15,DLLC,Good Standing,CO,5553 Lewiston Ct,,Denver,CO,80239,SimpleBiz Registered Agent Services LLC,Boulder
20268149439,Renegade Athletics LLC,2026-09-15,DLLC,Good Standing,CO,3863 N Steele St Ste 1171,,Denver,CO,80205,,Fort Collins
20268149451,"CCK STRATEGIES, PLLC",2026-09-15,FLLC,Good Standing,OK,8811 S YALE AVE STE 400,,TULSA,OK,74137,C T CORPORATION SYSTEM,Centennial
20268149458,Prime Coat Painting LLC,2026-09-15,DLLC,Good Standing,CO,2462 Brookwillow Loop,,Grand Junction,CO,81505,SimpleBiz Registered Agent Services LLC,Boulder
20268149459,MANOS MAGICAS LLC,2026-09-15,DLLC,Good Standing,CO,1020 SWIFT GULCH RD,3-103,AVON,CO,81620,,AVON
20268149474,HHR Ltd.,2026-09-15,DLLC,Good Standing,CO,430 S Queen St,,Lakewood,CO,80226,,Lakewood
20268149475,"Cobalt Pine Holdings, LLC",2026-09-15,FLLC,Good Standing,WY,30 N. Gould St. #68632,,Sheridan,WY,82801,"Meurer Law Offices, P.C.",Greenwood Village
20268149476,S & D Services LLC,2026-09-15,DLLC,Good Standing,CO,8101 S Kendall Blvd,,Littleton,CO,80128,,Littleton
20268149478,Hawk Meat Sticker Studio LLC,2026-09-15,DLLC,Good Standing,CO,11625 COMMUNITY CENTER DR,,NORTHGLENN,CO,80233,SimpleBiz Registered Agent Services LLC,Boulder
20268149480,"Caufield Strategies, LLC",2026-09-15,DLLC,Good Standing,CO,1280 S Saint Paul St,,Denver,CO,80210,,Denver
20268149481,LEONSTORE2026 LLC,2026-09-15,DLLC,Good Standing,CO,3663 Teller St,,Wheat Ridge,CO,80033,,Wheat Ridge
20268149483,"The House of Jewell, Inc.",2026-09-15,DNC,Good Standing,CO,7967 Pennydale Dr,,Colorado Springs,CO,80908,,Colorado Springs
20268149491,Hugee Counseling Collective LLC,2026-09-15,DLLC,Good Standing,CO,1825 E 38th Ave,,Denver,CO,80205,SimpleBiz Registered Agent Services LLC,Boulder
20268149494,LAB Digital Solutions LLC,2026-09-15,DLLC,Good Standing,CO,124 Woodland Ct,,Highlands Ranch,CO,80126,,Highlands Ranch
20268149497,Temp Services LLC,2026-09-15,DLLC,Good Standing,CO,1020 N State Highway 149 Apt 3,,Lake City,CO,81235,,Lake City
20268149500,"Kuru, the Conservation Dog Inc.",2026-09-15,FNC,Good Standing,DE,4825 Cottonwood Drive,,Zionsville,IN,46077,Northwest Registered Agent LLC,Denver
20268149507,SDB Construction LLC,2026-09-15,DLLC,Good Standing,CO,15353 Buck Creek Rd.,,Elbert,CO,80106,,Elbert
20268149511,Monarch Migration LLC,2026-09-15,DLLC,Good Standing,CO,2724 Champa St,,Denver,CO,80205,,Denver
20268149522,The Staircase Real Estate LLC,2026-09-15,DLLC,Good Standing,CO,2304 S Holly St Unit A,,Denver,CO,80222,,Denver
20268149533,Shelby Austen Designs LLC,2026-09-15,DLLC,Good Standing,CO,3737 Yates St,,Denver,CO,80212,,Denver
20268149534,"ACHN, LLC",2026-09-15,DLLC,Good Standing,CO,314 Stallion Circle,,Snowmass Village CO,CO,81615,JVAM PLLC,Glenwood Springs
20268149536,BEYOND STEM CELLS LLC DBA REGENERATIVE MEDICAL TOURISM LLC,2026-09-15,DLLC,Good Standing,CO,5912 S Cody St Ste 201,,Littleton,CO,80123,,Lakewood
20268149539,WestCo Water Solutions LLP,2026-09-15,DLLP,Good Standing,CO,10776 54 7/10 Road,,Molina,CO,81646,,Molina
20268149550,EL POBLANITO LLC,2026-09-15,DLLC,Good Standing,CO,3131 W Mexico Ave Apt E1,,Denver,CO,80219,,Denver
20268149553,Mountain slope tcg LLC,2026-09-15,DLLC,Good Standing,CO,8270 S High Ct,,Centennial,CO,80122,"UNITED STATES CORPORATION AGENTS, INC.",Greenwood Village
20268149562,Royal Gorge Storage & RV LLC,2026-09-15,DLLC,Good Standing,CO,1500 N Grant St,Ste R,Denver,CO,80203,Northwest Registered Agent LLC,Denver
20268149566,Reimagine Automation LLC,2026-09-15,DLLC,Good Standing,CO,11524 Wilson Cir,,Parker,CO,80134,,Parker
20268149574,"Sanderson Holdings, LLC",2026-09-15,FLLC,Good Standing,WY,2028 Oriole Avenue,,Colorado Springs,CO,80909,"Forbush Legal, PLLC",Colorado Springs
20268149581,"Colston Adventures, LLC",2026-09-15,DLLC,Good Standing,CO,360 Cheshire Ct,,Colorado Springs,CO,80906,,Colorado Springs
20268149586,Coburn Studios LLC,2026-09-15,DLLC,Good Standing,CO,332 Ouray Ave,,Salida,CO,81201,,Salida
20268149588,Millbenn Contracting & Technology Ltd.,2026-09-15,DLLC,Good Standing,CO,6050 Robert Ln,,Pueblo,CO,81004,,Pueblo
20268149593,Linguametrix Inc.,2026-09-15,DPC,Good Standing,CO,2092 Hardscrabble Dr,,Boulder,CO,80305,"HUTCHINSON BLACK AND COOK, LLC",Boulder
20268149594,"M & M Productions, LLC",2026-09-15,DLLC,Good Standing,CO,17333 E 98th Way,,Commerce City,CO,80022,,Denver
20268149603,BLACKGLD SERVICES LLC,2026-09-15,DLLC,Good Standing,CO,447 Emerald St,,Brighton,CO,80603,,Brighton
20268149605,"Fourth Turning Capital Holdings, LLC",2026-09-15,DLLC,Good Standing,CO,6605 Pickney Rd,,Rye,CO,81069,,Rye
20268149610,Gungor Export LLC,2026-09-15,DLLC,Good Standing,CO,1500 N GRANT ST STE R,,DENVER,CO,80203,Registered Agents Inc,Denver
20268149619,"JPH Advisors, LLC",2026-09-15,DLLC,Good Standing,CO,16577 Trinity Loop,,Broomfield,CO,80023,,Broomfield
20268149620,"Community Connection Planning, LLC",2026-09-15,DLLC,Good Standing,CO,493 Looking Glass Lane,,Fraser,CO,80442,,Fraser
20268149625,"Invescofive, LLC",2026-09-15,FLLC,Good Standing,DE,132 Midland Avenue,Unit 4,Basalt,CO,81621,Peck Feigenbaum pc,Basalt
20268149627,CR SUSHI LLC,2026-09-15,DLLC,Good Standing,CO,10018 Commons St,,Lone Tree,CO,80124,,Aurora
20268149629,"SUM, LLC",2026-09-15,DLLC,Good Standing,CO,621 Kalamath St Ste 130,,Denver,CO,80204,,Thornton
20268149633,ticktwo LLC,2026-09-15,DLLC,Good Standing,CO,1500 N Grant St,Ste N,Denver,CO,80203,Northwest Registered Agent LLC,Denver
20268149639,FAST STOP 1167 INC,2026-09-15,DPC,Good Standing,CO,12916 US HWY 285/24,,BUENA VISTA,CO,81211,,LEADVILLE
20268149650,Fast 5 Logistics LLC,2026-09-15,DLLC,Good Standing,CO,1104 E Shallow Lake Ln,,Pueblo,CO,81007,,Pueblo
20268149651,Bleached and Beached LLC,2026-09-15,DLLC,Good Standing,CO,1777 Denver West Marriott Blvd Unit 2105,,Golden,CO,80401,,Golden
20268149653,Standridge Software LLC,2026-09-15,DLLC,Good Standing,CO,1190 E Hampden Ave Unit 307,,Englewood,CO,80113,,Englewood
20268149657,Stout & Co. LLC,2026-09-15,DLLC,Good Standing,CO,11410 E 26th Ave,,Aurora,CO,80010,,Aurora
20268149660,CB 6075 Longbow LLC,2026-09-15,DLLC,Good Standing,CO,6075 Longbow Drive,,Boulder,CO,80301,,Boulder
20268149673,"Cain Training, LLC",2026-09-15,DLLC,Good Standing,CO,4608 W Lake Cir S,,Littleton,CO,80123,,Littleton
20268149674,"Mountain & Plains, LLC",2026-09-15,DLLC,Good Standing,CO,2612 Cedarwood Dr,,Fort Collins,CO,80526,"Sara J. Streight, L.L.C.",Arvada
20268149677,Deployly LLC,2026-09-15,DLLC,Good Standing,CO,3605 Downieville St,,Loveland,CO,80538,,Loveland
20268149681,Goodwin Holdings LLC,2026-09-15,DLLC,Good Standing,CO,3331 Oregon Trl,,Fort Collins,CO,80526,,Fort Collins
20268149699,Caelie Stone Photography LLC,2026-09-15,DLLC,Good Standing,CO,2531 Eastwood Dr,,Fort Collins,CO,80525,,Fort Collins
20268149702,LA NOVIA DEL SOL MEXICAN RESTAURANT LLC,2026-09-15,DLLC,Good Standing,CO,4460 Morrison Rd,,Denver,CO,80219,,Denver
20268149703,KC Hydro LLC,2026-09-15,DLLC,Good Standing,CO,601 E Prospect Rd,,Fort Collins,CO,80525,,Fort Collins
20268149708,JC Brothers Plumbing LLC,2026-09-15,DLLC,Good Standing,CO,2321 Ance St,,Strasburg,CO,80136,,Strasburg
20268149709,"Paradise Ponds, LLC",2026-09-15,DLLC,Good Standing,CO,700 17th Street,LL 150,Denver,CO,80202,,Greenwood Village
20268149710,MichaelEng LLC,2026-09-15,DLLC,Good Standing,CO,1500 N Grant St,Ste N,Denver,CO,80203,Northwest Registered Agent LLC,Denver
20268149716,"New West Landscapes, LLC",2026-09-15,DLLC,Good Standing,CO,6574 S Heritage Pl E,,Centennial,CO,80111,,Centennial
20268149718,LIP NARRATIVE LLC,2026-09-15,DLLC,Good Standing,CO,1500 N GRANT ST #11903,,Denver,CO,80203,Registered Agents Inc,Denver
20268149720,SuiteScale LLC,2026-09-15,DLLC,Good Standing,CO,6912 Lynx Lair Rd,,Evergreen,CO,80439,,Evergreen
20268149723,Burnett Holdings HQ LLC,2026-09-15,DLLC,Good Standing,CO,1500 N Grant St suite #11902,,Denver,CO,80203,,Denver
20268149725,Heart & Home Care Partners LLC,2026-09-15,DLLC,Good Standing,CO,541 29 1/2 Rd Apt 107,,Grand Junction,CO,81504,,Grand Junction
20268149728,SAB WORKS INC.,2026-09-15,FPC,Good Standing,UT,97 N Larkridge Dr,,Rocky Ridge,UT,84645,Registered Agents Inc,Denver
20268149740,"Healing Massage, LLC",2026-09-15,DLLC,Good Standing,CO,1119 N Pearl St Apt 2,,Denver,CO,80203,,Denver
20268149742,MJ Mission Ready Aviation LLC,2026-09-15,DLLC,Good Standing,CO,4859 San Amels Way,,Colorado Springs,CO,80911,,Colorado Springs
20268149752,fifth Layer Technology LLC,2026-09-15,DLLC,Good Standing,CO,1500 N Grant St STE 37462,,Denver,CO,80203,Registered Agents Inc,Denver
20268149753,KCs Backcountry Aviation LLC,2026-09-15,DLLC,Good Standing,CO,919 21 Rd,,Fruita,CO,81521,CXO Financial,Grand Junction
20268149764,MOESUSHI LLC,2026-09-15,DLLC,Good Standing,CO,4957 N Walden Way,,Denver,CO,80249,,Denver
20268149767,OKCLogistics Park LLC,2026-09-15,DLLC,Good Standing,CO,2560 Cather Ave,,Colorado Springs,CO,80916,,Colorado Springs
20268149773,OWEN MILES LLC,2026-09-15,DLLC,Good Standing,CO,1500 N GRANT ST STE 2345,,DENVER,CO,80203,Registered Agents Inc,Denver
20268149782,"Frasierplace, LLC",2026-09-15,DLLC,Good Standing,CO,4840 Thunderbird Drive,,Boulder,CO,80303,,Boulder
20268149784,JCR Elite Protection LLC,2026-09-15,DLLC,Good Standing,CO,9548 Antlers St,,Longmont,CO,80504,,Longmont
20268149789,ZAIB NEXUS LLC,2026-09-15,DLLC,Good Standing,CO,1500 N GRANT ST STE 4309,,DENVER,CO,80203,Registered Agents Inc,Denver
20268149794,Front Range Sparky LLC,2026-09-15,DLLC,Good Standing,CO,1060 Grove St,,Denver,CO,80204,,Denver
20268149809,Nestorcarp LLC,2026-09-15,DLLC,Good Standing,CO,877 Racine Street,,Aurora,CO,80011,,AURORA
20268149810,Ty Maxey LLC,2026-09-15,DLLC,Good Standing,CO,3325 Green Lake Dr Unit 1,,Fort Collins,CO,80524,,Fort Collins
20268149811,HATTITUDEBYBRI LLC,2026-09-15,DLLC,Good Standing,CO,1116 Deer Trail Rd,,Montrose,CO,81401,SimpleBiz Registered Agent Services LLC,Boulder
20268149816,Odel Construction LLC,2026-09-15,DLLC,Good Standing,CO,10681 Wintersweet Pl,,Parker,CO,80134,,Parker
20268149819,Unboxing Extraordinary Counseling LLC,2026-09-15,DLLC,Good Standing,CO,1500 N Grant St,Ste N,Denver,CO,80203,Northwest Registered Agent LLC,Denver
20268149830,JRI INCORPORATED,2026-09-15,DPC,Good Standing,CO,2931 S Lansing Way,,Aurora,CO,80014,,Aurora
20268149842,LiveVivid llc,2026-09-15,DLLC,Good Standing,CO,327 Holy Moses Dr,,Creede,CO,81130,,Creede
20268149843,Kyss Haus Aesthetics LLC,2026-09-15,DLLC,Good Standing,CO,2347 Rainbow Dr Apt 6,,Denver,CO,80229,,Denver
20268149848,Wildcard Projects LLC,2026-09-15,DLLC,Good Standing,CO,"1580 E 39th St, Apt 125",,Denver,CO,80205,,Denver
20268149851,GTK II Real Estate L.L.C.,2026-09-15,DLLC,Good Standing,CO,10771 N Polar Ln,,Littleton,CO,80125,,Littleton
20268149852,Keystone Legacy Homes LLC,2026-09-15,DLLC,Good Standing,CO,12139 Village Cir E,,Commerce City,CO,80603,,Commerce City
20268149855,Yosemitesams LLC,2026-09-15,DLLC,Good Standing,CO,7780 Lowell Blvd,,Westminster,CO,80030,Northwest Registered Agent LLC,Denver
20268149861,MPInnovates LLC,2026-09-15,DLLC,Good Standing,CO,16725 Kenuil Ct,,Brighton,CO,80603,,Brighton
20268149862,Meridian Estate Ventures LLC,2026-09-15,DLLC,Good Standing,CO,53 Folsom Pl,,Durango,CO,81301,,Durango
20268149866,Palate Social LLC,2026-09-15,DLLC,Good Standing,CO,2449 South Xanadu Way,Unit D,Aurora,CO,80014,,Aurora
20268149868,A/W enterprise LLC,2026-09-15,DLLC,Good Standing,CO,1500 N Grant St,Ste N,Denver,CO,80203,Northwest Registered Agent LLC,Denver
20268149885,3d Studio 11 LLC,2026-09-15,DLLC,Good Standing,CO,5073 Goshawk Ct,,Brighton,CO,80601,,Brighton
20268149898,JLX SUPPLY CHAIN INC,2026-09-15,DPC,Good Standing,CO,101 Airpark,,Gypsum,CO,81637,INTERNATIONAL REGISTERED AGENTS INC,Denver
20268149902,Reclaimed Rage LLC,2026-09-15,DLLC,Good Standing,CO,2944 S Flat Cir,,Longmont,CO,80503,,Longmont
20268149903,Kazan Tattoo LLC,2026-09-15,DLLC,Good Standing,CO,3431 W Colorado Ave Unit #5,,Colorado Springs,CO,80904,Rocky Mountain RA LLC,Denver
20268149907,#BLACKMONKAYDAWGPRODUCTIONS L.L.C.,2026-09-15,DLLC,Good Standing,CO,2149 Aztec Dr C,C,Pueblo,CO,81008-1780,,Pueblo
20268149921,"Williams, Serio & Wong LLC",2026-09-15,DLLC,Good Standing,CO,1401 Lawrence St Ste 1600,,Denver,CO,80202,,Denver
20268149922,Veldora Dynamics Ltd.,2026-09-15,DPC,Good Standing,CO,"1500 N GRANT ST, STE R",,Denver,CO,80203,Registered Agents Inc,Denver
20268149927,ABBCFP inc.,2026-09-15,FPC,Good Standing,CA,990 commercial st,,Palo Alto,CO,94303,,Monument
20268149930,"AgateSun, LLC",2026-09-15,DLLC,Good Standing,CO,1724 N Gilpin St,,Denver,CO,80218,Registered Agents Inc,Denver
20268149934,Opulent Transportation LLC,2026-09-15,DLLC,Good Standing,CO,1901 Xanthia St,,Denver,CO,80220,,Denver
20268149943,Mech Ventures LLC,2026-09-15,DLLC,Good Standing,CO,3198 Blake St Unit 403,,Denver,CO,80205,,Denver
20268149947,NeuralSec LLC,2026-09-15,DLLC,Good Standing,CO,1079 S High St,,Denver,CO,80209,,Denver
20268149948,Wildland home services LLC,2026-09-15,DLLC,Good Standing,CO,13422 Humboldt Way,,Thornton,CO,80241,,Thornton
20268149952,Solid Rock Enterprises LLC,2026-09-15,DLLC,Good Standing,CO,3436 Warren Ct,,Parker,CO,80138,,Parker
20268149953,AZ Tech LLC,2026-09-15,DLLC,Good Standing,CO,1500 N Grant St STE 37466,,Denver,CO,80203,Registered Agents Inc,Denver
20268149955,FLOW STATE AI SOLUTIONS LLC,2026-09-15,DLLC,Good Standing,CO,18089 E Bellewood Dr,,Aurora,CO,80015,,Aurora
20268149957,BIGNOVE COMMERCE LLC,2026-09-15,DLLC,Good Standing,CO,1500 N Grant St,Ste N,Denver,CO,80203,Northwest Registered Agent LLC,Denver
20268149958,Soul-Sweet Productions LLC,2026-09-15,DLLC,Good Standing,CO,2129 Tonopas Ct Unit 101,,Loveland,CO,80538,,Loveland
20268149959,Spare Room Studio Art LLC,2026-09-15,DLLC,Good Standing,CO,215 S Wadsworth Blvd Ste 400 # 561,,Lakewood,CO,80226,,Lakewood
20268149960,Worldwide Export Belt LLC,2026-09-15,DLLC,Good Standing,CO,1500 N Grant St STE 33469,,Denver,CO,80203,Registered Agents Inc,Denver
20268149962,"Elevate Print Werks, Limited",2026-09-15,DLLC,Good Standing,CO,9655 W Colfax Ave,,Lakewood,CO,80215,,Lakewood
20268149964,Lola Ava Jane LLC,2026-09-15,FLLC,Good Standing,WY,2098 Bouquet Dr,,Windsor,CO,80550,,Windsor
20268149978,BlocGamers LLC,2026-09-15,DLLC,Good Standing,CO,1107 S Carson Ct # 2-105,,Aurora,CO,80012,,Aurora
20268149982,Highcairn LLC,2026-09-15,DLLC,Good Standing,CO,3198 Blake St Unit 403,,Denver,CO,80205,,Denver
20268149985,CRACK O NOON RANCH LLC,2026-09-15,DLLC,Good Standing,CO,1441 17 1/2 Rd,,Fruita,CO,81521,,Fruita
20268149992,Arlin Care Transition Agency LLC,2026-09-15,DLLC,Good Standing,CO,9070 Sedalia St,,Commerce City,CO,80022,,Commerce City
20268150000,Iron Pete's Mobile Welding LLC,2026-09-15,DLLC,Good Standing,CO,3805 Shadow Canyon Trl,,Broomfield,CO,80020,Registered Agents Inc,Denver
20268150003,1750 Wewatta Street No. 623 LLC,2026-09-15,DLLC,Good Standing,CO,1777 Larimer St Apt 1111,,Denver,CO,80202,Range PC,Denver
20268150009,Nelson Garage Door LLC,2026-09-15,DLLC,Good Standing,CO,7303 W 67th Pl,,Arvada,CO,80003,"UNITED STATES CORPORATION AGENTS, INC.",Greenwood Village
20268150010,Brother's Wives Cleaning Service Llc,2026-09-15,DLLC,Good Standing,CO,1021 S Walden Way Unit 157,,Aurora,CO,80017,,Aurora
20268150014,Solar Soul LLC,2026-09-15,DLLC,Good Standing,CO,2770 Arapahoe Road,Ste 132 PMB 704,Lafayette,CO,80026,,Westminster
20268150016,Empanadas and more LLC,2026-09-15,DLLC,Good Standing,CO,17224 Lark Water Ln Unit D,,Parker,CO,80134,,Parker
20268150020,"Beeta Home Transitions, LLC",2026-09-15,DLLC,Good Standing,CO,10275 Park Meadows Dr Apt 242,,Lone Tree,CO,80124,,Lone Tree
20268150022,"Chelsea's Creative Consulting, LLC",2026-09-15,DLLC,Good Standing,CO,4270 Sabin Ct,,Colorado Springs,CO,80920,,Colorado Springs
20268150023,Homestead Property Group LLC,2026-09-15,DLLC,Good Standing,CO,9552 Pearl Circle,unit 203,Parker,CO,80134,Clinical Care 365 Inc.,Lone tree
20268150024,SHRI MARUTI LLC,2026-09-15,DLLC,Good Standing,CO,9051 I 76 Frontage Rd,,Henderson,CO,80640,,Henderson
20268150030,Qcontums Technology Inc.,2026-09-15,DPC,Good Standing,CO,1500 N GRANT ST STE R,,DENVER,CO,80203,Registered Agents Inc,Denver
20268150031,"BTTRFLY, LLC",2026-09-15,DLLC,Good Standing,CO,1810 E 18th Ave,,Denver,CO,80218,,Denver
20268150036,Glue Design Studio LLC,2026-09-15,DLLC,Good Standing,CO,2385 W Platte Ave,,Colorado Springs,CO,80904,,Colorado Springs
20268150039,TJGLP SERVICES LLC,2026-09-15,DLLC,Good Standing,CO,660 Johanne Pl Apt A,,Colorado Springs,CO,80906,,Colorado Springs
20268150040,BirdTempo LLC,2026-09-15,DLLC,Good Standing,CO,6291 Wadsworth Blvd,,Arvada,CO,80003,,Arvada
20268150041,Small Wins Creative Co. LLC,2026-09-15,DLLC,Good Standing,CO,5702 Falling Water Dr,,Fort Collins,CO,80528,,Fort Collins
20268150048,"No Waves Therapy, LLC",2026-09-15,DLLC,Good Standing,CO,35 Spruce Street,,Steamboat Springs,CO,80477,,Denver
20268150053,Cinema Served LLC,2026-09-15,DLLC,Good Standing,CO,1500 N Grant St,Ste N,Denver,CO,80203,Northwest Registered Agent LLC,Denver
20268150054,NowRide llc,2026-09-15,DLLC,Good Standing,CO,10795 Overlook Bluff Dr,,Peyton,CO,80831,,Peyton
20268150057,Penworthy LLC,2026-09-15,DLLC,Good Standing,CO,501 Bellaire St,,Denver,CO,80220,,Denver
20268150061,RealmSwitch LLC,2026-09-15,DLLC,Good Standing,CO,1500 N Grant St Ste R,,Denver,CO,80203,Registered Agents Inc,Denver
20268150065,BeeSummit Commerce LTD,2026-09-15,DPC,Good Standing,CO,1500 N Grant St Unit 526,,Denver,CO,80203,Registered Agents Inc,Denver
20268150067,Richard Fontana Design LLC,2026-09-15,DLLC,Good Standing,CO,14068 Road 37,Main House,Mancos,CO,81328,,Mancos
20268150069,All Star mobile automotive LLC,2026-09-15,DLLC,Good Standing,CO,12928 W Virginia Ave,,Lakewood,CO,80228,,Lakewood
20268150081,F.J SOLUTIONS LLC,2026-09-15,DLLC,Good Standing,CO,2335 75th Ave,,Greeley,CO,80634,,Greeley
20268150084,Launchly LLC,2026-09-15,DLLC,Good Standing,CO,6620 Big Leaf Ln,,Colorado Springs,CO,80927,,Colorado Springs
20268150088,One Shot Stop Mobile Phlebotomy and IV Therapy LLC,2026-09-15,DLLC,Good Standing,CO,4398 S Malaya Way,,Aurora,CO,80015,,Aurora
20268150089,Solace Capital Ltd.,2026-09-15,DPC,Good Standing,CO,1630 Welton Street,,Denver,CO,80202,Registered Agents Inc,Denver
20268150094,"Bold Quantitative Investment Co., Ltd.",2026-09-15,DPC,Good Standing,CO,1630 Welton Street,,Denver,CO,80202,Registered Agents Inc,Denver
20268150102,Signal & Narrative LLC,2026-09-15,DLLC,Good Standing,CO,1750 Wewatta St Unit 1134,,Denver,CO,80202,,Denver
20268150118,Bestouch Products Ltd,2026-09-15,DPC,Good Standing,CO,110 16th Street Suite 1460,,Denver,CO,80202,Rocky Mountain RA LLC,Denver
20268150136,Blues Springs Tile & Flooring LLC,2026-09-15,DLLC,Good Standing,CO,1717 N Taylor Cir,,Bayfield,CO,81122,,Bayfield
20268150140,Seeking Peace Counseling LLC,2026-09-15,DLLC,Good Standing,CO,1500 N Grant St,Ste N,Denver,CO,80203,Northwest Registered Agent LLC,Denver
20268150152,"Apex 7 Ops, LLC",2026-09-15,DLLC,Good Standing,CO,5606 W 1st St,,Greeley,CO,80634,,Greeley
20268150155,VirtuaPet Inc.,2026-09-15,DPC,Good Standing,CO,1060 N Logan St,,Denver,CO,80203,,Denver
20268150175,Jump For Joy llc,2026-09-15,DLLC,Good Standing,CO,1128 W 17th St,,Pueblo,CO,81003,,Pueblo
20268150177,Kaelth Inc,2026-09-15,DPC,Good Standing,CO,1500 N GRANT ST,STE R,DENVER,CO,80203,Registered Agents Inc,Denver
20268150182,Delta V Revenue Partners LLC,2026-09-15,DLLC,Good Standing,CO,310 Newaygo Dr,,Fort Collins,CO,80524,,Fort Collins
20268150189,RDRIP LLC,2026-09-15,DLLC,Good Standing,CO,11866 Cattle Ct,,Parker,CO,80134,BRADLEYK LLC,Saguache
20268150197,Nexa House Inc,2026-09-15,DPC,Good Standing,CO,1500 N GRANT ST STE R,,DENVER,CO,80203,Registered Agents Inc,Denver
20268150199,Myllas courier service LLC,2026-09-15,DLLC,Good Standing,CO,5825 E 38th ave,#D2-106,Denver,CO,80207,,Denver
20268150201,The Nonprofit Coach LLC,2026-09-15,DLLC,Good Standing,CO,8760 Ute Rd,,Cascade,CO,80809,,Cascade
20268150202,Northern Colorado Dirtworks LLC,2026-09-15,DLLC,Good Standing,CO,409 N Garden Ct,,Platteville,CO,80651,Northwest Registered Agent LLC,Denver
20268150210,Miles Systems LLC,2026-09-15,DLLC,Good Standing,CO,9609 Moss Rose Cir,,Highlands Ranch,CO,80129,,Highlands Ranch
20268150211,Kayotic Entertainment LLC,2026-09-15,DLLC,Good Standing,CO,1500 N Grant St,Ste N,Denver,CO,80203,Northwest Registered Agent LLC,Denver
20268150213,Icono Furniture Inc,2026-09-15,DPC,Good Standing,CO,1500 N GRANT ST STE R,,DENVER,CO,80203,Registered Agents Inc,Denver
20268150216,Nomaren Inc,2026-09-15,DPC,Good Standing,CO,1500 N GRANT ST,STE R,DENVER,CO,80203,Registered Agents Inc,Denver
20268150219,ZymSyua Inc,2026-09-15,DPC,Good Standing,CO,1500 N GRANT ST STE R,,DENVER,CO,80203,Registered Agents Inc,Denver
20268150224,"Mereo Advisory, LLC",2026-09-15,DLLC,Good Standing,CO,12649 W Belmont Ave,,Littleton,CO,80127,,Littleton
20268150236,United Cleaning Services Corp,2026-09-15,DPC,Good Standing,CO,2037 S Federal Blvd,,Denver,CO,80219,,Denver
20268150237,Riven Thal INC,2026-09-15,DPC,Good Standing,CO,1500 N Grant St Ste R,,Denver,CO,80203,Registered Agents Inc,Denver
20268150242,AZ Drone Solutions LLC,2026-09-15,DLLC,Good Standing,CO,10760 Hardy Rd,,Colorado Springs,CO,80908,,Colorado Springs
20268150247,Integrated Workforce Performance LLC,2026-09-15,DLLC,Good Standing,CO,23707 E Alabama Pl,,Aurora,CO,80018,,Aurora
20268150251,Hovis Notary LLC,2026-09-15,DLLC,Good Standing,CO,3562 S Kittredge St Apt E,,Aurora,CO,80013,,Aurora
20268150257,Bright Valley Holdings LLC,2026-09-15,DLLC,Good Standing,CO,16801 E Iliff Ave,,Aurora,CO,80013,Beacon Ridge Group LLC,Boulder
20268150261,Couch LLC,2026-09-15,DLLC,Good Standing,CO,110 16th St Ste 1460,,Denver,CO,80202,Rocky Mountain RA LLC,Denver
20268150263,Urban Oak Ventures LLC,2026-09-15,DLLC,Good Standing,CO,1070 S Sable Blvd,,Aurora,CO,80012,Beacon Ridge Group LLC,Boulder
20268150264,"ASF Creative, LLC",2026-09-15,DLLC,Good Standing,CO,191 University Blvd,#448,Denver,CO,80206,,Denver
20268150266,Golden Harbor Ventures LLC,2026-09-15,DLLC,Good Standing,CO,2353 S Havana St,,Aurora,CO,80014,Beacon Ridge Group LLC,Boulder
20268150293,"369 Collective, LLC",2026-09-15,DLLC,Good Standing,CO,110 16th St Ste 1460,,Denver,CO,80202,Rocky Mountain RA LLC,Denver
20268150299,Bell Innovations LLC,2026-09-15,DLLC,Good Standing,CO,1430 Nelson Rd Ste 260F,,Longmont,CO,80501,,Longmont
20268150306,Rooted Poppy LLC,2026-09-15,DLLC,Good Standing,CO,6225 S Van Gordon Way,,Littleton,CO,80127,,Littleton
20268150322,Williams Intelligence LLC,2026-09-15,DLLC,Good Standing,CO,5435 Rockhampton Cir,,Highlands Ranch,CO,80130,,Highlands Ranch
20268150331,Mountain Meadow Mercantile LLC,2026-09-15,DLLC,Good Standing,CO,4675 Bear Paw Dr,,Florence,CO,81226,,Florence
20268150333,Vanguard Roofing & Solar LLC,2026-09-15,DLLC,Good Standing,CO,934 Koss St,,Erie,CO,80516,,Erie
20268150338,3230 Boulder Circle No. 203 LLC,2026-09-15,DLLC,Good Standing,CO,1777 Larimer St Apt 1111,,Denver,CO,80202,Range PC,Denver
20268150339,Rayan Logistics LLC,2026-09-15,DLLC,Good Standing,CO,1896 S Bellaire St,,Denver,CO,80222,,Denver
20268150340,Valley Home Handyman LLC,2026-09-15,DLLC,Good Standing,CO,23 E Tamarack Cir,,Parachute,CO,81635,,Parachute
20268150342,SILVER OAK VENTURES LLC,2026-09-15,DLLC,Good Standing,CO,1500 N GRANT ST 5656,,DENVER,CO,80203,Registered Agents Inc,Denver
20268150362,GLUEWORK LLC,2026-09-15,DLLC,Good Standing,CO,246 Cleveland Ave 246-314,,Loveland,CO,80537,Registered Agents Inc,Denver
20268150371,TimeShift Group LLC,2026-09-15,DLLC,Good Standing,CO,249 N Catawba Ct,,Aurora,CO,80018,,Aurora
20268023926,Painters supply LLC,2026-09-14,DLLC,Good Standing,CO,16465 E 117th Ave,,Commerce City,CO,80022,,Commerce City
20268142306,Mandalex Consulting LLC,2026-09-14,DLLC,Good Standing,CO,13425 Magnolia Ct,,Thornton,CO,80602,,Thornton
20268143662,WORLD LINE TRADING LLC,2026-09-14,DLLC,Good Standing,CO,1500 N GRANT ST 5656,,DENVER,CO,80203,Registered Agents Inc,Denver
20268143666,"Trevino Holdings Group LLC, Dissolved September 15, 2026",2026-09-14,DLLC,Voluntarily Dissolved,CO,4952 Tarcoola Ln,,Highlands Ranch,CO,80130,,Highlands Ranch
20268143667,VELORA CARVELL INC,2026-09-14,DPC,Good Standing,CO,1500 N GRANT ST,STE R,Denver,CO,80203,Registered Agents Inc,Denver
20268143674,MAFSI FLAVORS LLC,2026-09-14,DLLC,Good Standing,CO,1500 N GRANT ST 5656,,DENVER,CO,80203,Registered Agents Inc,Denver
20268143676,WANYE INTERNATIONAL INC,2026-09-14,DPC,Good Standing,CO,1500 N GRANT ST,STE R,Denver,CO,80203,Registered Agents Inc,Denver
20268143677,Lifevix Inc,2026-09-14,DPC,Good Standing,CO,1500 N GRANT ST STE R,,DENVER,CO,80203,Registered Agents Inc,Denver
20268143681,COMA GLOBAL INC,2026-09-14,DPC,Good Standing,CO,1500 N GRANT ST STE R,,DENVER,CO,80203,Registered Agents Inc,Denver
20268143699,Camerlan Stitchwear LLC,2026-09-14,DLLC,Good Standing,CO,333 Monroe St,,Fullerton,ND,58441,BRIXON OUTDOOR LLC,De Beque
20268143705,Easton Field Sports LLC,2026-09-14,DLLC,Good Standing,CO,216 Westview Dr,,Dubois,WY,82513,BRIXON OUTDOOR LLC,De Beque
20268143708,Mearion Tech Inc,2026-09-14,DPC,Good Standing,CO,6140 Tutt Blvd #100,,Colorado Springs,CO,80923,Registered Agents Inc,Denver
20268143709,Oakhaven Dirgital Inc,2026-09-14,DPC,Good Standing,CO,5975 S Quebec St Suite# 100,,Greenwood Village,CO,80111,Registered Agents Inc,Denver
20268143710,Hayes Apparel LLC,2026-09-14,DLLC,Good Standing,CO,3755 Co Rd 15,,South Fork,CO,81154,BRIXON OUTDOOR LLC,De Beque
20268143724,himatia LLC,2026-09-14,DLLC,Good Standing,CO,1633 N Pearl St Apt 901,,Denver,CO,80203,,Denver
20268143726,Vigilance Enterprises LLC,2026-09-14,DLLC,Good Standing,CO,10209 Yampa St,,Commerce City,CO,80022,,Commerce City
20268143733,Morgan Blake Apparel LLC,2026-09-14,DLLC,Good Standing,CO,305 S Baxter St,,Anselmo,NE,68813,BRIXON OUTDOOR LLC,De Beque
20268143735,Noland Activewear LLC,2026-09-14,DLLC,Good Standing,CO,511 E 12th Ave,,Ashland,KS,67831,BRIXON OUTDOOR LLC,De Beque
20268143739,Oakmont Fashion LLC,2026-09-14,DLLC,Good Standing,CO,437 Oak Frst Pk,,Mt Hope,WV,25880,BRIXON OUTDOOR LLC,De Beque
20268143750,Onyx Security Inc.,2026-09-14,FPC,Good Standing,DE,28 Haarba'a Street,S Bldg. 11th floor,Tel Aviv,OT,6473925,"Vcorp Agent Services, Inc.",Centennial
20268143768,Nordvel Inc,2026-09-14,DPC,Good Standing,CO,3511 Ringsby Ct #101,,Denver,CO,80216,Registered Agents Inc,Denver
20268143772,ZHENGRUYINB LLC,2026-09-14,DLLC,Good Standing,CO,2990 Vassar Dr,,Boulder,CO,80305,ALIKGARG LLC,ELIZABETH
20268143773,ISLAMUDDIN MANSOOR LLC,2026-09-14,DLLC,Good Standing,CO,1500 N GRANT ST 5656,,DENVER,CO,80203,Registered Agents Inc,Denver
20268143774,WUXIAOQINGING LLC,2026-09-14,DLLC,Good Standing,CO,12347 W Alameda Pkwy,,Lakewood,CO,80228,ALIKGARG LLC,ELIZABETH
20268143775,GAOLIHUANTB LLC,2026-09-14,DLLC,Good Standing,CO,1265 Alpine Ave,,Boulder,CO,80304,ALIKGARG LLC,ELIZABETH
20268143776,ZHOUWENCAITT LLC,2026-09-14,DLLC,Good Standing,CO,12601 W Alameda Pkwy,,Lakewood,CO,80228,ALIKGARG LLC,ELIZABETH
20268143778,INTERNATIONAL MUSIC AND ARTS ASSOCIATION,2026-09-14,DNC,Good Standing,CO,"1500 N GRANT ST, STE R",,DENVER,CO,80203,Registered Agents Inc,Denver
20268143779,JeeMajor LLC,2026-09-14,DLLC,Good Standing,CO,9280 Lillian Ln,,Thornton,CO,80229,,Thornton
20268143782,Elite Armor USA LLC,2026-09-14,DLLC,Good Standing,CO,1500 N Grant St,Ste N,Denver,CO,80203,Northwest Registered Agent LLC,Denver
20268143784,Rockrimmon Capital Group LLC,2026-09-14,DLLC,Good Standing,CO,1500 N Grant St,Ste N,Denver,CO,80203,Northwest Registered Agent LLC,Denver
20268143785,xdevora LLC,2026-09-14,DLLC,Good Standing,CO,1500 N Grant St,Ste R,Denver,CO,80203,Northwest Registered Agent LLC,Denver
20268143787,Ellouna Care LLC,2026-09-14,DLLC,Good Standing,CO,1940 Broadway,Suite 314C,Boulder,CO,80302,ColoradoDocs LLC,Denver
20268143790,Free Parenting Advice Foundation,2026-09-14,DNC,Good Standing,CO,556 Paokano Loop,,Kailua,HI,96734,,Lakewood
20268143791,Signal Vale LLC,2026-09-14,DLLC,Good Standing,CO,7725 James Way,,Westminster,CO,80030,,Westminster
20268143792,Palomineto Marketing LLC,2026-09-14,DLLC,Good Standing,CO,5629 W Alder Way,,Littleton,CO,80128,Registered Agents Inc,Denver
20268143793,M&J Exotic Woodworking LLC,2026-09-14,DLLC,Good Standing,CO,4033 Backbone Dr,,Loveland,CO,80538,,Loveland
20268143811,Elvanto Trading Ltd,2026-09-14,DPC,Good Standing,CO,1500 N Grant St Ste 9154,,Denver,CO,80203,Streamway Registered Agent LLC,Denver
20268143816,Gaston Copymind LLC,2026-09-14,DLLC,Good Standing,CO,1940 Broadway,Suite 314C,Boulder,CO,80302,ColoradoDocs LLC,Denver
20268143831,Pacer N1261C LLC,2026-09-14,DLLC,Good Standing,CO,1558 Newton St,,Denver,CO,80204,,Denver
20268143835,Colorado Alpha Point Security LLC,2026-09-14,DLLC,Good Standing,CO,2189 E 101st Way,,Thornton,CO,80229,,Thornton
20268143851,"OREP IND Charlotte 74 Junction II GP, LLC",2026-09-14,DLLC,Good Standing,CO,55 Madison St Ste 600,,Denver,CO,80206,"Oakwood Real Estate Partners, LLC",Denver
20268143854,"MRK Basalt 200, LLC",2026-09-14,FLLC,Good Standing,DE,"One Town Center Road, 3rd Floor",,Boca Raton,FL,33486,"NATIONAL REGISTERED AGENTS, INC.",Centennial
20268143858,Luminra INC,2026-09-14,DPC,Good Standing,CO,1500 N Grant St Unit 516,,Denver,CO,80203,Registered Agents Inc,Denver
20268143873,Elmit Tech LLC,2026-09-14,DLLC,Good Standing,CO,6691 S Fenton St,,Littleton,CO,80123,,Littleton
20268143883,Dynera LLC,2026-09-14,DLLC,Good Standing,CO,1500 N Grant St Ste R,,Denver,CO,80203,Registered Agents Inc,Denver
20268143887,Terrasdesign LLC,2026-09-14,DLLC,Good Standing,CO,1500 N Grant St,Ste N,Denver,CO,80203,Northwest Registered Agent LLC,Denver
20268143890,Hard Point Hauling LLC,2026-09-14,DLLC,Good Standing,CO,15429 North 107th Street,,Longmont,CO,80504,ZenBusiness Inc.,Denver
20268143892,Casa Nancita LLC,2026-09-14,DLLC,Good Standing,CO,1550 MacArthur Dr,,Boulder,CO,80303,,Boulder
20268143894,Colorado Bright Cleaning LLC,2026-09-14,DLLC,Good Standing,CO,3165 S Quari St Unit 301,,Aurora,CO,80014,,Aurora
20268143899,Flutch LLC,2026-09-14,DLLC,Good Standing,CO,10633 Barron Cir,,Longmont,CO,80504,,Longmont
20268143906,Bygone Sundown LLC,2026-09-14,DLLC,Good Standing,CO,1500 N GRANT ST,STE R,DENVER,CO,80203,Northwest Registered Agent LLC,Denver
20268143907,Horse Feather Corral LLC,2026-09-14,DLLC,Good Standing,CO,1500 N Grant St,Ste R,Denver,CO,80203,Northwest Registered Agent LLC,Denver
20268143936,Guangyu E - Commerce INC,2026-09-14,DPC,Good Standing,CO,4840 Thatcher Ave,,Pueblo,CO,81005,VELVETRFANG INC,Lakewood
20268143937,Smith & Co German Shepherds LLC,2026-09-14,DLLC,Good Standing,CO,7792 County Road 98,,Wellington,CO,80651,,Wellington
20268143957,Precision collision llc,2026-09-14,DLLC,Good Standing,CO,2906 farabaugh ln,,Pueblo,CO,81005,,Pueblo
20268143962,MDA CLEANING SERVICES LLC,2026-09-14,DLLC,Good Standing,CO,20000 Mitchell Pl Unit 56,,Denver,CO,80249,,Denver
20268143966,THALWICK LIFESTYLE CO,2026-09-14,DPC,Good Standing,CO,2439 OLYMPIC VIEW DR,,CHINO HILLS,CA,91709,Northwest Registered Agent LLC,Denver
20268143969,Good Hangs LLC,2026-09-14,DLLC,Good Standing,CO,9201 W Virginia Pl,,Lakewood,CO,80226,,Lakewood
20268143974,SBGF Communications LLC,2026-09-14,DLLC,Good Standing,CO,5327 West 97th Court,,Westminster,CO,80020,ZenBusiness Inc.,Denver
20268143975,LORIN CREST INC,2026-09-14,DPC,Good Standing,CO,1500 N GRANT ST STE R,,DENVER,CO,80203,Registered Agents Inc,Denver
20268143978,KUHUDU LLC,2026-09-14,DLLC,Good Standing,CO,2020 N Academy Blvd Ste 261 # 4926,,Colorado Springs,CO,80909,REPUBLIC REGISTERED AGENT LLC,Colorado Springs
20268143979,"Future Investment Rentals, LLC",2026-09-14,DLLC,Good Standing,CO,16250 Bently St,,Brighton,CO,80603,,Brighton
20268143984,"UES PROFESSIONAL SOLUTIONS, LLC",2026-09-14,FLLC,Good Standing,FL,"4205 Vineland Rd., Suite L1",,Orlando,FL,32811,COGENCY GLOBAL INC.,Denver
20268143993,VELIMOOK INC,2026-09-14,DPC,Good Standing,CO,1521 Blake St Ste 47017,,DENVER,CO,80202,INCORP REGISTERED AGENT LLC,DENVER
20268143998,ALTASCIENCES COMPANY INC,2026-09-14,DPC,Good Standing,CO,8107 Manderville Ln Apt 1229,,Dallas,TX,75231,,Northglenn
20268144001,Blessed Futures LLC,2026-09-14,DLLC,Good Standing,CO,"9100 Vance Street, Apartment 1019",,Westminster,CO,80021,,Westminster
20268144007,Walleye Window Washing LLC,2026-09-14,DLLC,Good Standing,CO,599 Sycamore Court,,Grand Junction,CO,81504,ZenBusiness Inc.,Denver
20268144011,SKYVERIN INC,2026-09-14,DPC,Good Standing,CO,1521 Blake St Ste 47017,,DENVER,CO,80202,INCORP REGISTERED AGENT LLC,DENVER
20268144013,HowdyFit Foundation Inc.,2026-09-14,DNC,Good Standing,CO,951 20th St #180,,Denver,CO,80202,"LegalCorp Solutions, LLC",Denver
20268144039,SCULPALLY TRADING LLC,2026-09-14,DLLC,Good Standing,CO,456 Emerson St,,Denver,CO,80218,Registered Agents Inc,Denver
20268144044,Team Allison LLC,2026-09-14,DLLC,Good Standing,CO,568 English Sparrow Trail,,Highlands Ranch,CO,80129,,Highlands Ranch
20268144051,SPERJUST TRADING LLC,2026-09-14,DLLC,Good Standing,CO,536 N Clarkson St,,Denver,CO,80218,Registered Agents Inc,Denver
20268144052,Bear Trails Management LLC,2026-09-14,DLLC,Good Standing,CO,6369 Mesedge Dr,,Colorado Springs,CO,80919,Kadhim Anesthesia LLC,Colorado Springs
20268144055,Boots's Bathhouse & Grooming LLC,2026-09-14,DLLC,Good Standing,CO,13521 Highway 65,,Eckert,CO,81418,,Eckert
20268144057,FactorySense LLC,2026-09-14,FLLC,Good Standing,TX,1600 W Plano Pkwy,Suite 58,Plano,TX,75075,Northwest Registered Agent LLC,Denver
20268144059,Thin Air Baking Company LLC,2026-09-14,DLLC,Good Standing,CO,10988 Puma Run,,Lone Tree,CO,80124,,Lone Tree
20268144063,Caribou Enterprises LLC,2026-09-14,DLLC,Good Standing,CO,192 S Joliet Cir Apt 308,,Aurora,CO,80012,,Aurora
20268144069,Carter Hawthorn QMV LLC,2026-09-14,DLLC,Good Standing,CO,204 S Main St,,Rocky Ford,CO,81067,Colorado Official Registered Agent LLC,Denver
20268144074,"WorkSigned, Inc",2026-09-14,DPC,Good Standing,CO,14666 Pecos St,,Westminster,CO,80023,,Westminster
20268144075,CollegeFax LLC,2026-09-14,DLLC,Good Standing,CO,2373 Central Park Blvd Unit 100,,Denver,CO,80238,,Denver
20268144085,Gondajinke LLC,2026-09-14,DLLC,Good Standing,CO,530 N Ogden St,,Denver,CO,80218,Registered Agents Inc,Denver
20268144088,Sweet Roles Cakery LLC,2026-09-14,DLLC,Good Standing,CO,116 Muscovey Lane,,Johnstown,CO,80534,ZenBusiness Inc.,Denver
20268144100,MZXCVBN INC,2026-09-14,DPC,Good Standing,CO,185 S DECATUR ST,,DENVER,CO,80219,Colorado Official Registered Agent LLC,Denver
20268144106,"Track That Advisor, LLC",2026-09-14,FLLC,Good Standing,AZ,918 Benson Ln,,Fort Collins,CO,80525,,Fort Collins
20268144132,SCS Creations LLC,2026-09-14,DLLC,Good Standing,CO,7156 Feather Reed Dr,,Wellington,CO,80549,,Wellington
20268144135,Denver Psychiatric Care PLLC,2026-09-14,DLLC,Good Standing,CO,4845 Pearl East Cir Ste 118 #196075,,Boulder,CO,80301,"UNITED STATES CORPORATION AGENTS, INC.",Greenwood Village
20268144137,LORD LUO IS MIGHTY LLC,2026-09-14,DLLC,Good Standing,CO,811 CLOYD DR APT 601,,MAGNOLIA,TX,77355,Northwest Registered Agent LLC,Denver
20268144141,Colorado Transaction Coordinator LLC,2026-09-14,DLLC,Good Standing,CO,6595 S Dayton St Ste 1000,,Greenwood Village,CO,80111,,Greenwood Village
20268144142,HanaBash Party Rentals Limited,2026-09-14,DLLC,Good Standing,CO,7728 East 137th Avenue,,Thornton,CO,80602,,Thornton
20268144145,Aspen Peak Holdings LLC,2026-09-14,DLLC,Good Standing,CO,7677 E Windlawn Way,,Parker,CO,80134,Colorado Accounting Solutions LLC,Parker
20268144150,SPS Garage LLC,2026-09-14,DLLC,Good Standing,CO,4909 Telluride St,,Denver,CO,80249,,denver
20268144152,RS Cepeda Aviation LLC,2026-09-14,DLLC,Good Standing,CO,2649 Yates St,,Denver,CO,80212,,Denver
20268144155,NUJMIKP INC,2026-09-14,DPC,Good Standing,CO,187 S DALE CT,,DENVER,CO,80219,Colorado Official Registered Agent LLC,Denver
20268144162,Ad Zombies LLC,2026-09-14,FLLC,Good Standing,AZ,51 W Via De Arboles,,Queen Creek,AZ,85140,,Colorado Springs
20268144166,SGK MOUNTAIN LLC,2026-09-14,DLLC,Good Standing,CO,60 BULLDOGGER DR,,BAILEY,CO,80421,,Aurora
20268144171,Kona Enterprises LLC,2026-09-14,DLLC,Good Standing,CO,1833 Wyatt Dr,,Windsor,CO,80550,,Windsor
20268144175,Cedra Media LLC,2026-09-14,DLLC,Good Standing,CO,10890 Tundra Top Dr,,Parker,CO,80134,,Centennial
20268144179,OPEUWNA INC,2026-09-14,DPC,Good Standing,CO,3626 N HUMBOLDT ST,,DENVER,CO,80205,Colorado Official Registered Agent LLC,Denver
20268144187,PDCVFNZ INC,2026-09-14,DPC,Good Standing,CO,3615 FRANKLIN ST,,DENVER,CO,80205,Colorado Official Registered Agent LLC,Denver
20268144193,WildFlour Home Bakery LLC,2026-09-14,DLLC,Good Standing,CO,1500 N Grant St,Ste N,Denver,CO,80203,Northwest Registered Agent LLC,Denver
20268144195,"Stacey Collins Nutrition, LLC",2026-09-14,FLLC,Good Standing,CO,5206 E Costilla Dr,,Centennial,CO,80122,,Centennial
20268144200,Colorado High School Softball Player Award Corporation,2026-09-14,DNC,Good Standing,CO,8310 South Valley Highway,"3rd Floor, c/o True North Law",Englewood,CO,80112,True North Law Ltd.,Englewood
20268144202,Safety Quest Co LLC,2026-09-14,DLLC,Good Standing,CO,1500 N Grant St Ste R,,Denver,CO,80203,,Denver
20268144205,SOIEJNV INC,2026-09-14,DPC,Good Standing,CO,3507 FRANKLIN ST,,DENVER,CO,80205,Colorado Official Registered Agent LLC,Denver
20268144209,Enlight Network LLC,2026-09-14,DLLC,Good Standing,CO,2718 Logan Cir,,Colorado Springs,CO,80907,,Colorado Springs
20268144211,Top Painting LLC,2026-09-14,DLLC,Good Standing,CO,9660 Ironton St,,Commerce City,CO,80022,,Commerce City
20268144218,KAPS Property Services LLC,2026-09-14,DLLC,Good Standing,CO,3670 S Marshall Way,,Denver,CO,80235,,Denver
20268144221,SXEQAZW INC,2026-09-14,DPC,Good Standing,CO,130 S DECATUR ST,,DENVER,CO,80219,Colorado Official Registered Agent LLC,Denver
20268144227,"Interior Systems, Inc.",2026-09-14,FPC,Good Standing,DC,"215 Depot Court, SE",,Leesburg,VA,20175,C T CORPORATION SYSTEM,Centennial
20268144241,UJMKIOL INC,2026-09-14,DPC,Good Standing,CO,183 S DALE CT,,DENVER,CO,80219,Colorado Official Registered Agent LLC,Denver
20268144243,1340 Snowbunny LLC,2026-09-14,DLLC,Good Standing,CO,312 Aspen Airport Business Ctr Ste D,,Aspen,CO,81611,"MILLARD J. ZIMET, P.C.",Aspen
20268144245,"Youngsmith Enterprises, LLC",2026-09-14,DLLC,Good Standing,CO,109 Anna Ct Unit 5C,,Grand Junction,CO,81503,,Grand Junction
20268144247,Wordsmiths & Writers LLC,2026-09-14,DLLC,Good Standing,CO,2620 16th St,,Denver,CO,80211,Northwest Registered Agent LLC,Denver
20268144252,PKJLFIS INC,2026-09-14,DPC,Good Standing,CO,3633 FRANKLIN ST,,DENVER,CO,80205,Colorado Official Registered Agent LLC,Denver
20268144259,Eagle Ridge Trades LLC,2026-09-14,DLLC,Good Standing,CO,1500 N Grant St,Ste N,Denver,CO,80203,Northwest Registered Agent LLC,Denver
20268144261,Riverstart Collective LLC,2026-09-14,DLLC,Good Standing,CO,5849 Taft Ct,,Arvada,CO,80004,,Arvada
20268144262,Properties & Partners LLC,2026-09-14,DLLC,Good Standing,CO,1500 N Grant St,Ste N,Denver,CO,80203,Northwest Registered Agent LLC,Denver
20268144263,NOIDPSM INC,2026-09-14,DPC,Good Standing,CO,3642 N HUMBOLDT ST,,DENVER,CO,80205,Colorado Official Registered Agent LLC,Denver
20268144265,Stackwell Strategy Group LLC,2026-09-14,DLLC,Good Standing,CO,1500 N Grant St Ste R,,Denver,CO,80203,Registered Agents Inc,Denver
20268144272,NDOSEIR INC,2026-09-14,DPC,Good Standing,CO,3735 FRANKLIN ST,,DENVER,CO,80205,Colorado Official Registered Agent LLC,Denver
20268144278,TH3 R4BB1T H0L3 LLC,2026-09-14,DLLC,Good Standing,CO,15954 Jackson Creek Pkwy Ste B,,Monument,CO,80132,,Monument
20268144286,neveria los rosales LLC,2026-09-14,DLLC,Good Standing,CO,920 S Federal Blvd,,Denver,CO,80219,,Aurora
20268144289,SXEDCRW INC,2026-09-14,DPC,Good Standing,CO,168 S DECATUR ST,,DENVER,CO,80219,Colorado Official Registered Agent LLC,Denver
20268144303,Front Range Automated Retail LLC,2026-09-14,DLLC,Good Standing,CO,12365 Mionetto Ct,,Colorado Springs,CO,80921,,Colorado Springs
20268144306,"Orance Crush Bus, LLC",2026-09-14,DLLC,Good Standing,CO,6340 Sayres Rd,,Colorado Springs,CO,80927,,Colorado Springs
20268144312,Cox Wildlife Solutions LLC,2026-09-14,DLLC,Good Standing,CO,11500 county lane 7,,olney springs,CO,81062,ZenBusiness Inc.,Denver
20268144317,"VEOLIA WTS USA, INC",2026-09-14,DPC,Good Standing,CO,2902 S Scranton St,,Aurora,CO,80014,,Aurora
20268144320,On Point Construction Consulting LLC,2026-09-14,FLLC,Good Standing,OK,1500 N Grant St,Ste N,Denver,CO,80203,Northwest Registered Agent LLC,Denver
20268144325,OEIFNDS INC,2026-09-14,DPC,Good Standing,CO,3628 N HUMBOLDT ST,,DENVER,CO,80205,Colorado Official Registered Agent LLC,Denver
20268144327,Brichally LLC,2026-09-14,DLLC,Good Standing,CO,5430 Gray Wolf Ln,,Castle Rock,CO,80104,,Castle Rock
20268144333,Wilhelm Painting LLC,2026-09-14,DLLC,Good Standing,CO,656 Norfolk Way,,Aurora,CO,80011,,Aurora
20268144335,WEDI CORP,2026-09-14,FPC,Good Standing,IL,1160 PIERSON DR,STE 102,Batavia,IL,60510,CORPORATION SERVICE COMPANY,Littleton
20268144340,"MNT3, LLC",2026-09-14,DLLC,Good Standing,CO,1221 Hillview Drive,,Sarasota,FL,34239,"Universal Registered Agents, Inc.",Brighton
20268144355,Everly Collective Limited Liability Company,2026-09-14,DLLC,Good Standing,CO,704 South 25th Street,,Colorado Springs,CO,80904,,Colorado Springs
20268144359,"Conatus Counseling, LLC",2026-09-14,DLLC,Good Standing,CO,3570 E 12th Ave Ste 107,,Denver,CO,80206,,Denver
20268144361,Beaudreau Systems LLC,2026-09-14,DLLC,Good Standing,CO,1500 N Grant St,Ste N,Denver,CO,80203,Northwest Registered Agent LLC,Denver
20268144363,"Onyx Advisors, LLC",2026-09-14,DLLC,Good Standing,CO,910 S Coors Dr,,Lakewood,CO,80228,,Lakewood
20268144368,Differential Ltd.,2026-09-14,DLLC,Good Standing,CO,4148 Decatur St,,Denver,CO,80211,,Denver
20268144369,"Sundog Auto Transport, LLC",2026-09-14,DLLC,Good Standing,CO,4428 S Eagle Cir,,Aurora,CO,80015,,Aurora
20268144378,K2 Builders Limited Liability Company,2026-09-14,DLLC,Good Standing,CO,1148 S 1st St,,Montrose,CO,81401,,Montrose
20268144380,SLP27 LLC,2026-09-14,DLLC,Good Standing,CO,1500 N Grant St Ste R,,Denver,CO,80203,Registered Agents Inc,Denver
20268144382,Fitness Tailored LLC,2026-09-14,DLLC,Good Standing,CO,13111 W Mississippi Ct Apt 204,,Lakewood,CO,80228,,Lakewood
20268144386,Integrity Financial Corporation,2026-09-14,FPC,Good Standing,WY,680 S Cache Street,Suite 100-7403,Jackson,WY,83001,Registered Agents Inc,Denver
20268144394,"Heal & Grow Therapy, PLLC",2026-09-14,DLLC,Good Standing,CO,1500 N Grant St,Ste N,Denver,CO,80203,Northwest Registered Agent LLC,Denver
20268144395,NY Therapy LLC,2026-09-14,DLLC,Good Standing,CO,6725 W 36th Ave,,Wheat Ridge,CO,80033,,Wheat Ridge
20268144403,DGenterprise LLC,2026-09-14,DLLC,Good Standing,CO,21453 Gold Rush Pl,,Morrison,CO,80465,,Morrison
20268144411,CJH Properties LLC,2026-09-14,DLLC,Good Standing,CO,708 Bull Run,,Eagle,CO,81631,,Eagle
20268144413,LANE PROPERTY HOLDINGS LLC,2026-09-14,DLP,Good Standing,CO,9845 NUCLA STREET,,COMMERCE CITY,CO,80022,,BYERS
20268144423,SymlaVault LLC,2026-09-14,DLLC,Good Standing,CO,3031 S Gilpin St,,Denver,CO,80210,,Denver
20268144425,BLESSING VENTURES LLC,2026-09-14,DLLC,Good Standing,CO,4763 Tower Dr,,Denver,CO,80249,,Denver
20268144426,Smart Diplomatic Services LLC,2026-09-14,DLLC,Good Standing,CO,1500 N Grant St Ste R,,Denver,CO,80203,Registered Agents Inc,Denver
20268144429,TTM LLC,2026-09-14,DLLC,Good Standing,CO,406 Silvermoon Hts,,Divide,CO,80814,,Divide
20268144431,"ScoutPrepWin, LLC",2026-09-14,DLLC,Good Standing,CO,5906 E Nichols Ln,,Centennial,CO,80112,,Centennial
20268144435,"Absolute Recomp Centennial, LLC",2026-09-14,DLLC,Good Standing,CO,1221 Hillview Drive,,Sarasota,FL,34239,"Universal Registered Agents, Inc.",Brighton
20268144450,Kanmore Logistics LLC,2026-09-14,DLLC,Good Standing,CO,6335 W 45th Pl,,Wheat Ridge,CO,80033,,Wheat Ridge
20268144455,Route 7 LLC,2026-09-14,DLLC,Good Standing,CO,10136 Bluffmont Ln,,Lone Tree,CO,80124,,Lone Tree
20268144465,Everyday Express Vending Co. LLC,2026-09-14,DLLC,Good Standing,CO,3875 Lakehurst Dr Apt 201,,Colorado Springs,CO,80916,Registered Agents Inc,Denver
20268144467,BrightHome Cleaning LLC,2026-09-14,DLLC,Good Standing,CO,10643 McGahan Dr,,Fountain,CO,80817,,Fountain
20268144477,Sojourner1 LLC,2026-09-14,DLLC,Good Standing,CO,180 Adams St Ste 200,,Denver,CO,80206,,Denver
20268144478,"17988 E COLGATE PLACE, LLC",2026-09-14,DLLC,Good Standing,CO,3750 E Bayaud Ave,,Denver,CO,80209,,Denver
20268144484,Auraline Design LLC,2026-09-14,DLLC,Good Standing,CO,1500 N Grant St Ste R,,Denver,CO,80203,Registered Agents Inc,Denver
20268144488,Gentry LLC,2026-09-14,DLLC,Good Standing,CO,9850 Zenith Meridian Dr Apt 10-101,,Englewood,CO,80112,,Englewood
20268144489,MY ROCK ROCKS LLC,2026-09-14,DLLC,Good Standing,CO,515 Buckeye Dr,,Colorado Springs,CO,80919,,Colorado Springs
20268144519,Scarlet Lily Botanicals LLC,2026-09-14,DLLC,Good Standing,CO,1096 Ponderosa Dr,,Ridgway,CO,81432,,Ridgway
20268144530,MINH HUY LLC,2026-09-14,DLLC,Good Standing,CO,1500 N Grant St,Ste N,Denver,CO,80203,Northwest Registered Agent LLC,Denver
20268144534,"Gamwell Pelvic & Orthopedic Consulting, PLLC",2026-09-14,DLLC,Good Standing,CO,950 S Cherry St Ste 1675,,Denver,CO,80246,,Denver
20268144537,Rugged Companion Co. LLC,2026-09-14,DLLC,Good Standing,CO,1000 Railroad Ave,1095,Dolores,CO,81323,,Dolores
20268144540,Lemons Family Chiropractic PLLC,2026-09-14,DLLC,Good Standing,CO,107 Moores Canyon Road,Suite 4,Trinidad,CO,81082,"Bruff Kentish, Ltd.",Englewood
20268144546,Leave Well Legacies LLC,2026-09-14,DLLC,Good Standing,CO,8503 E Saratoga Pl,,Denver,CO,80237,,Denver
20268144556,Kieu Ngoc LLC,2026-09-14,DLLC,Good Standing,CO,1500 N Grant St,Ste N,Denver,CO,80203,Northwest Registered Agent LLC,Denver
20268144559,LuvDolly LLC,2026-09-14,DLLC,Good Standing,CO,1500 N Grant St,Ste N,Denver,CO,80203,Northwest Registered Agent LLC,Denver
20268144565,Twigs Electric LLC,2026-09-14,DLLC,Good Standing,CO,392 Ridgeway Dr,,Grand Junction,CO,81507,,Grand Junction
20268144568,SMASHCO LLC,2026-09-14,DLLC,Good Standing,CO,"1500 N GRANT ST, STE B",,DENVER,CO,80203,"INCORP SERVICES, INC.",DENVER
20268144570,"Talus Teller Street Partners, LLC",2026-09-14,DLLC,Good Standing,CO,3595 S Teller St Ste 200,,Lakewood,CO,80235,,Lakewood
20268144572,American Friends of Bar-Ilan University,2026-09-14,DNC,Good Standing,CO,160 E 56th St Fl 5,,New York,NY,10022,"INCORP SERVICES, INC.",DENVER
20268144580,THISTLEBERRY SPARKLE LLC,2026-09-14,FLLC,Good Standing,FL,1431 Simpson Rd,#6,Kissimmee,FL,34744,Northwest Registered Agent LLC,Denver
20268144581,VARELLIA FASHION LLC,2026-09-14,DLLC,Good Standing,CO,"1500 N GRANT ST, STE B",,DENVER,CO,80203,"INCORP SERVICES, INC.",DENVER
20268144586,MAXVEN LLC,2026-09-14,DLLC,Good Standing,CO,1500 N Grant St,Ste N,Denver,CO,80203,Northwest Registered Agent LLC,Denver
20268144592,Trane U. S. Inc,2026-09-14,DPC,Good Standing,CO,2931 S Lansing Way,,Aurora,CO,80014,,Aurora
20268144605,Anchor & Shield Holdings LLC,2026-09-14,DLLC,Good Standing,CO,6389 Donner Cir,,Parker,CO,80134,,Parker
20268144612,CryptoCede LLC,2026-09-14,DLLC,Good Standing,CO,224 Sullivan St,,Bailey,CO,80421,SimpleBiz Registered Agent Services LLC,Boulder
20268144614,Element of Chaos LLP,2026-09-14,DLLP,Good Standing,CO,7790 W 61st Ave,Apt 6,Arvada,CO,80004,,Arvada
20268144616,Nailed It Home Services LLC,2026-09-14,DLLC,Good Standing,CO,603 E 130th Way,,Thornton,CO,80241,,Thornton
20268144624,Mile High Kidventures Superior LLC,2026-09-14,DLLC,Good Standing,CO,4744 Monrovia Blvd,,Monrovia,MD,21770,Mile High Kidventures LLC,Parker
20268144631,Legacy Insurance Ltd.,2026-09-14,DLLC,Good Standing,CO,589 Last Chance Dr,,Rifle,CO,81650,,Rifle
20268144652,XOLabs LLC,2026-09-14,DLLC,Good Standing,CO,4741 White Rock Cir Apt C,,Boulder,CO,80301,,Boulder
20268144654,RiseOnUp LLC,2026-09-14,DLLC,Good Standing,CO,2977 Craig St,,Grand Junction,CO,81503,,Grand Junction
20268144655,"SE Contracting, LLC",2026-09-14,DLLC,Good Standing,CO,26026 County Road 26,,Hasty,CO,81044,,Hasty
20268144659,Red Pepper Digital LLC,2026-09-14,DLLC,Good Standing,CO,8157 S Hannibal St,,Englewood,CO,80112,SimpleBiz Registered Agent Services LLC,Boulder
20268144665,Absolute beef Colorado LLC,2026-09-14,DLLC,Good Standing,CO,21901 Orchard Grove Rd,,Eckert,CO,81418,SimpleBiz Registered Agent Services LLC,Boulder
20268144672,Elements Home Improvement LLC,2026-09-14,DLLC,Good Standing,CO,3305 70th Ave,,Greeley,CO,80634,,Greeley
20268144683,OVA Ledger Solutions LLC,2026-09-14,DLLC,Good Standing,CO,11571 Gilpin St,,Northglenn,CO,80233,SimpleBiz Registered Agent Services LLC,Boulder
20268144696,IIC LLC,2026-09-14,DLLC,Good Standing,CO,8616 Carr Loop,,Westminter,CO,80005,,Westminter
20268144703,Kedrie Home Services LLC,2026-09-14,DLLC,Good Standing,CO,4640 Wadsworth Blvd,,Wheat Ridge,CO,80033,,Wheat Ridge
20268144705,Color Of Bloom LLC,2026-09-14,DLLC,Good Standing,CO,5647 Eagle River Pl,,Brighton,CO,80601,,Brighton
20268144715,SCRUB-E25 LLC,2026-09-14,DLLC,Good Standing,CO,735 Kattell Street,,Erie,CO,80516,SimpleBiz Registered Agent Services LLC,Boulder
20268144720,LIRA DISPATCHING LLC,2026-09-14,DLLC,Good Standing,CO,939 Undergrove Way,,Aurora,CO,80018,,Aurora
20268144731,Tiger Consulting LLC,2026-09-14,DLLC,Good Standing,CO,6720 Handies Peak Ct,,Castle Rock,CO,80108,SimpleBiz Registered Agent Services LLC,Boulder
20268144734,Trumble Ridge Homeowners Association,2026-09-14,DNC,Good Standing,CO,9983 Highway 550,,Durango,CO,81303,,Durango
20268144742,Cobijas Colibri LLC,2026-09-14,DLLC,Good Standing,CO,215 Tyndal St,,Monte Vista,CO,81144,,Monte Vista
20268144754,MAPPVAIL LLC,2026-09-14,DLLC,Good Standing,CO,1500 N Grant St,Ste N,Denver,CO,80203,Northwest Registered Agent LLC,Denver
20268144755,ZAPATA SKI Inc.,2026-09-14,DPC,Good Standing,CO,2348 Links Pl,,Erie,CO,80516,,Erie
20268144767,Karchem Consulting LLC,2026-09-14,FLLC,Good Standing,MA,1500 N GRANT ST,STE N,DENVER,CO,80203,Northwest Registered Agent LLC,Denver
20268144768,Black Pine Integration LLC,2026-09-14,DLLC,Good Standing,CO,380 Lawley Dr,,Erie,CO,80516,,Erie
20268144770,Keebler's Cleaning Services LLC,2026-09-14,DLLC,Good Standing,CO,1905 N Sherman St Ste 200,1145,Denver,CO,80203,,Edgewater
20268144771,Assembled Brands Capital Funding LLC,2026-09-14,FLLC,Good Standing,DE,1500 N Grant St,Ste R,Denver,CO,80203,Registered Agents Inc,Denver
20268144773,Mazaj and Qahwa LLC,2026-09-14,DLLC,Good Standing,CO,4779 Flintridge Dr,,Colorado Springs,CO,80918,,Aurora
20268144776,JWM P&R LLC,2026-09-14,FLLC,Good Standing,FL,8806 E 35TH AVE,,DENVER,CO,80238,,Denver
20268144783,Global Maintenance Network LLC,2026-09-14,FLLC,Good Standing,MA,29 Wilbur Ave,,Saugus,MA,01906,Northwest Registered Agent LLC,Denver
20268144784,LIFE INVESTMENTS INC,2026-09-14,DPC,Good Standing,CO,2030 Jet Wing Dr,,Colorado Springs,CO,80916,REPUBLIC REGISTERED AGENT LLC,Colorado Springs
20268144788,PONDEROSA FIRE PROTECTION LLC,2026-09-14,DLLC,Good Standing,CO,8712 Ranch Rd,,Loveland,CO,80537,,Loveland
20268144789,Choice Capital II LLC,2026-09-14,DLLC,Good Standing,CO,406 Burlington Ave,,Colorado Springs,CO,80905,,Colorado Springs
20268144803,The PMU Institute LLC,2026-09-14,DLLC,Good Standing,CO,2353 15th St,,Denver,CO,80202,,Denver
20268144807,"West Side Connections, LLC",2026-09-14,DLLC,Good Standing,CO,10772 W 62nd Pl,,Arvada,CO,80004,,Arvada
20268144810,"Mile High Auction, LLC",2026-09-14,DLLC,Good Standing,CO,6945 Broadway,,Denver,CO,80221,,Denver
20268144812,Express Renovations L.L.C.,2026-09-14,DLLC,Good Standing,CO,795 S Harrison St,,Denver,CO,80209,,Denver
20268144814,Hephzibah Technologies Inc,2026-09-14,FPC,Good Standing,NJ,463 Mountain Top Ct,,Lake Hopatcong,NJ,07849,Northwest Registered Agent LLC,Denver
20268144816,Triple M Ventures LLC,2026-09-14,DLLC,Good Standing,CO,12886 Washburn Ct,,Parker,CO,80134,,Parker
20268144824,2911 Acero St LLC,2026-09-14,DLLC,Good Standing,CO,2633 Ventana Cir E,,Pueblo,CO,81005,,Pueblo
20268144826,"Kiimara Group, LLC",2026-09-14,DLLC,Good Standing,CO,5201 S Fox St Unit 102,,Littleton,CO,80120,,Littleton
20268144828,"Guides, LLC",2026-09-14,DLLC,Good Standing,CO,4235 Tejon St,,Denver,CO,80211,,Denver
20268144829,Nelumbo Mind LLC,2026-09-14,DLLC,Good Standing,CO,1500 N Grant St,Ste N,Denver,CO,80203,Northwest Registered Agent LLC,Denver
20268144836,RENSAIR LLC,2026-09-14,FLLC,Good Standing,DE,1500 N Grant St,Ste N,Denver,CO,80203,Northwest Registered Agent LLC,Denver
20268144856,Accurate Staffing Consultants Inc,2026-09-14,FPC,Good Standing,NC,1500 N Grant St,Ste N,Denver,CO,80203,Northwest Registered Agent LLC,Denver
20268144858,Pooch Quest LLC,2026-09-14,DLLC,Good Standing,CO,1151 Sundance Cir,,Woodland Park,CO,80863,Allamar Inc.,Woodland Park
20268144860,Graham Bookkeeping Solutions LLC,2026-09-14,DLLC,Good Standing,CO,369 Elk Trl,,Lafayette,CO,80026,,Lafayette
20268144863,Callsmith LLC,2026-09-14,DLLC,Good Standing,CO,1500 N Grant St Ste R,,Denver,CO,80203,Registered Agents Inc,Denver
20268144867,"SSB, Inc. dba Soaring Society of Boulder",2026-09-14,DNC,Good Standing,CO,2119 Lombardy St,,Longmont,CO,80503,,Longmont
20268144869,4355 W Ponds Circle Property LLC,2026-09-14,DLLC,Good Standing,CO,7091 S Windsor St,,Littleton,CO,80128,,Littleton
20268144872,1915 Toronto St LLC,2026-09-14,DLLC,Good Standing,CO,2633 Ventana Cir E,,Pueblo,CO,81005,,Pueblo
20268144892,"Island House Labs, LLC",2026-09-14,DLLC,Good Standing,CO,17703 E White Tail Cv,,Owasso,OK,74055,,Longmont
20268144893,"Vybond Specialty Adhesives, LLC",2026-09-14,FLLC,Good Standing,DE,2320 Bowling Green Road,,Franklin,KY,42134,CORPORATION SERVICE COMPANY,Littleton
20268144897,Pathways Integral Coaching LLC,2026-09-14,DLLC,Good Standing,CO,6410 W 44th Ave,,Wheat Ridge,CO,80033,,Denver
20268144912,90 Duke St LLC,2026-09-14,DLLC,Good Standing,CO,2633 Ventana Cir E,,Pueblo,CO,81005,,Pueblo
20268144915,Level Eddie Software LLC,2026-09-14,DLLC,Good Standing,CO,6502 Ralston Rd Unit B,,Arvada,CO,80002,,Arvada
20268144929,POSICOFFEE LLC,2026-09-14,DLLC,Good Standing,CO,13283 W Utah Cir,,Lakewood,CO,80228,,Lakewood
20268144931,J5 Foundation,2026-09-14,DNC,Good Standing,CO,2623 Ridgewood ln.,,Pueblo,CO,81005,,Pueblo
20268144940,135 Retail LLC,2026-09-14,DLLC,Good Standing,CO,135 14th St SE,,Loveland,CO,80537,,Denver
20268144947,360 Travel Boutique LLC,2026-09-14,DLLC,Good Standing,CO,507 Fall River Ln Unit D,,Estes Park,CO,80517,,Estes Park
20268144949,"Cardea Real Estate, LLC",2026-09-14,DLLC,Good Standing,CO,20880 Beekman Pl,,Denver,CO,80249,,Denver
20268144954,Crossing Point Homes LLC,2026-09-14,DLLC,Good Standing,CO,1500 N GRANT ST,STE N,DENVER,CO,80203,Northwest Registered Agent LLC,Denver
20268144959,"FIBI 1, LLC",2026-09-14,DLLC,Good Standing,CO,8860 S Duquesne Ct,,Aurora,CO,80016,,Aurora
20268144961,Designs by Cass LLC,2026-09-14,DLLC,Good Standing,CO,1265 Sergeant Jon Stiles Drive,,Highlands Ranch,CO,80129,SimpleBiz Registered Agent Services LLC,Boulder
20268144971,Riley Removal LLC,2026-09-14,DLLC,Good Standing,CO,5825 McCandlish Rd,,Peyton,CO,80831,SimpleBiz Registered Agent Services LLC,Boulder
20268144978,Economic Tires LLC,2026-09-14,DLLC,Good Standing,CO,520 13th St,,Greeley,CO,80631,SimpleBiz Registered Agent Services LLC,Boulder
20268144981,Drop 3 Photography LLC,2026-09-14,DLLC,Good Standing,CO,9888 Tourmaline Ct,,Parker,CO,80134,,Parker
20268144993,SnapSoft LLC,2026-09-14,FLLC,Good Standing,DE,300 Lenora Street #4122,,Seattle,WA,98121,LEGALINC CORPORATE SERVICES INC.,Greenwood Village
20268144994,YY&M Landscaping LLC,2026-09-14,DLLC,Good Standing,CO,6162 W Maplewood Dr,,Littleton,CO,80123,,Littleton
20268144995,"Lotko Motors - Denver, LLC",2026-09-14,DLLC,Good Standing,CO,1025 N. Acoma Street,,Denver,CO,80204,,Denver
20268144996,"Ideal Living Brands, LLC",2026-09-14,FLLC,Good Standing,DE,"24 John Portman Blvd., NW","Floor 6, B6",Atlanta,GA,30303,"CAPITOL CORPORATE SERVICES, INC.",BRIGHTON
20268144997,"ADM Alpine, LLC",2026-09-14,DLLC,Good Standing,CO,353 Zuniga St,,Brighton,CO,80601,,Brighton
20268145004,Pars with Purpose Foundation,2026-09-14,DNC,Good Standing,CO,6251 Belmont Way,,Parker,CO,80134,,Parker
20268145021,ATD Services LLC,2026-09-14,DLLC,Good Standing,CO,108 Larkspur Ct,,Wiggins,CO,80654,,Wiggins
20268145026,Fleuter Technology Consulting LLC,2026-09-14,DLLC,Good Standing,CO,1145 Ibex Dr,,Severance,CO,80550,,Severance
20268145029,O.D.Y Services LLC,2026-09-14,DLLC,Good Standing,CO,126 N A Ave,,New Castle,CO,81647,,New Castle
20268145040,Zag First LLc,2026-09-14,FLLC,Good Standing,MO,1500 N Grant St,STR R,Denver,CO,80203,Registered Agents Inc,Denver
20268145066,Golden B LLC,2026-09-14,DLLC,Good Standing,CO,401 McIntyre Street,Unit B-1,Golden,CO,80401,,Lakewood
20268145070,95034 LLC,2026-09-14,DLLC,Good Standing,CO,4168 Saint Lucia St,,Boulder,CO,80301,GlattRock LLC,Boulder
20268145075,Christopher Mackenzie LLC,2026-09-14,DLLC,Good Standing,CO,8719 Yellowcress St,,Littleton,CO,80125,,Littleton
20268145080,TCR Summit Hospitality LLC,2026-09-14,DLLC,Good Standing,CO,16970 Galapago Ct,,Westminster,CO,80023,,Westminster
20268145083,Headlightology LLC,2026-09-14,DLLC,Good Standing,CO,601 16th Street Unit C-215,,Golden,CO,80401,,Golden
20268145088,M & D Legacy LLC,2026-09-14,DLLC,Good Standing,CO,18043 E Ford Pl,,Aurora,CO,80017,,Aurora
20268145090,CJ Haven Properties LLC,2026-09-14,DLLC,Good Standing,CO,4005 S Sable Way,,Aurora,CO,80014,,Aurora
20268145095,Alliance for Colorado Produce,2026-09-14,DNC,Good Standing,CO,1648 Cedarwood Dr,,Longmont,CO,80504,,Longmont
20268145097,Reset to Source LLC,2026-09-14,DLLC,Good Standing,CO,895 Carr St,,Lakewood,CO,80214,,Lakewood
20268145099,Asset Fund 26 LLC,2026-09-14,DLLC,Good Standing,CO,1500 N Grant St Ste R,,Denver,CO,80203,Registered Agents Inc,Denver
20268145102,Jessica Zepeda LLC,2026-09-14,DLLC,Good Standing,CO,1040 Q St,,Penrose,CO,81240,,Penrose
20268145103,"HH3North, LLC",2026-09-14,DLLC,Good Standing,CO,303 Larkspur Loop,,Crested Butte,CO,81224,CORPORATION SERVICE COMPANY,Littleton
20268145104,Krowned LLC,2026-09-14,DLLC,Good Standing,CO,1060 Linda Mood Dr,,Fountain,CO,80817,,Fountain
20268145107,Katie Gettman CFA LLC,2026-09-14,DLLC,Good Standing,CO,6487 Agave Ave,,Castle Rock,CO,80108,,Castle Rock
20268145109,Stratton Staffing LLC,2026-09-14,DLLC,Good Standing,CO,4703 S Jasper St,,Aurora,CO,80015,,Aurora
20268145110,Prospero Inversiones LLC,2026-09-14,DLLC,Good Standing,CO,3578 E Hartsel Dr #156,,Colorado Springs,CO,80920,"Ginger Bookkeeping, LLC",Monument
20268145112,Danyal Wholesale LLC,2026-09-14,DLLC,Good Standing,CO,1418 Wynkoop Dr,,Colorado Springs,CO,80909,Registered Agents Inc,Denver
20268145114,Ace of Spadez Custom Hats Ltd.,2026-09-14,DLLC,Good Standing,CO,4700 West 11th Avenue,,Denver,CO,80204,,Denver
20268145116,San Juan Innovations LLC,2026-09-14,DLLC,Good Standing,CO,1695 Snowden Street,,SILVERTON,CO,81433-5111,,SILVERTON
20268145125,Jen Severn Photography LLC,2026-09-14,DLLC,Good Standing,CO,13954 Beacon St,,Broomfield,CO,80023,,Broomfield
20268145126,"'Til Death Do Us Party, LLC",2026-09-14,DLLC,Good Standing,CO,901 Main St,,Canon City,CO,81212,,Canon City
20268145129,Consider It Done Events Limited Liability Company,2026-09-14,DLLC,Good Standing,CO,3232 S. King Way,,Denver,CO,80236,,Denver
20268145140,VAPE CITY & CIGARS LLC,2026-09-14,DLLC,Good Standing,CO,8176 S Wadsworth Blvd Unit E,,Littleton,CO,80128,,Littleton
20268145153,"Woodhouse Designs, LLC",2026-09-14,DLLC,Good Standing,CO,2188 Indian Paintbrush Dr,,Highlands Ranch,CO,80129,,Highlands Ranch
20268145154,"851 S Vine, LLC",2026-09-14,DLLC,Good Standing,CO,411 Meadow Ct,,Basalt,CO,81621,Reilly Co LLC,Basalt
20268145158,Western Ranches LLC,2026-09-14,DLLC,Good Standing,CO,1580 N Logan St Ste 660 #512125,,Denver,CO,80203,"UNITED STATES CORPORATION AGENTS, INC.",Greenwood Village
20268145162,"Rodbo, LLC",2026-09-14,DLLC,Good Standing,CO,3779 S Willow St,,Denver,CO,80237,"3i Law, LLC",Denver
20268145167,FRESH AND CLEAN LLC,2026-09-14,DLLC,Good Standing,CO,17538 E. BUCHANAN PL. LOT 60,,AURORA,CO,80011,,AURORA
20268145173,QUALITY SOLUTIONS & SERVICES LLC,2026-09-14,DLLC,Good Standing,CO,2775 Skyline Dr,,Westminster,CO,80030,,Westminster
20268145178,Samantha Jean Illustrations LLC,2026-09-14,DLLC,Good Standing,CO,95 Travis Cir,,Colorado Springs,CO,80916,,Colorado Springs
20268145201,"A VOICE FOR THE VOICELESS, INC.",2026-09-14,DNC,Good Standing,CO,5490 E Long Pl,,Centennial,CO,80122,,Centennial
20268145203,"LYE Martinez Home Improvements, LLC",2026-09-14,DLLC,Good Standing,CO,1618 Lower Pasture Rd,,Montrose,CO,81401,,Montrose
20268145208,8:18 Custom Co LLC,2026-09-14,DLLC,Good Standing,CO,3722 S Gibralter St,,Aurora,CO,80013,,Aurora
20268145217,Blue Chip Bookkeeping LLC,2026-09-14,DLLC,Good Standing,CO,4868 Galley Rd,,Colorado Springs,CO,80915,,Colorado Springs
20268145219,OKC Logistics Park LLC,2026-09-14,DLLC,Good Standing,CO,2619 S Halifax St,,Aurora,CO,80013,,Aurora
20268145231,"CKLJ Consulting, LLC",2026-09-14,DLLC,Good Standing,CO,9510 Gray St,,Westminster,CO,80031,,Westminster
20268145234,Y&D WELDING SERVICE LLC,2026-09-14,DLLC,Good Standing,CO,1700 30th Street Rd,,Greeley,CO,80631,,Greeley
20268145241,"VICTOR FIREFIGHTER FOUNDATION, INC.",2026-09-14,DNC,Good Standing,CO,501 W Victor Ave,,Victor,CO,80860,,Victor
20268145244,HelenJ Arts LLC,2026-09-14,DLLC,Good Standing,CO,10141 Joplin St,,Commerce City,CO,80022,,Commerce City
20268145258,"Rosewood Endeavors, LLC",2026-09-14,DLLC,Good Standing,CO,3709 Trailwood Pl,,Colorado Springs,CO,80906,,Colorado Springs
20268145262,BidExperts LLC,2026-09-14,DLLC,Good Standing,CO,1500 N GRANT ST STE R,,DENVER,CO,80203,Registered Agents Inc,Denver
20268145276,"Empiria Research & Consulting, LLC.",2026-09-14,DLLC,Good Standing,CO,1500 N Grant St Ste N,,Denver,CO,80203,Northwest Registered Agent LLC,Denver
20268145289,Menders Music LLC,2026-09-14,DLLC,Good Standing,CO,113 Ash Ave,,Castle Rock,CO,80104,,Castle Rock
20268145291,UGG CARPINTER LLC,2026-09-14,DLLC,Good Standing,CO,834 Ledge St,,Brighton,CO,80603,,LOCHBUIE
20268145296,Dynamotive Auto Services LLC,2026-09-14,DLLC,Good Standing,CO,1500 N Grant St,Ste N,Denver,CO,80203,Northwest Registered Agent LLC,Denver
20268145297,SAXA LLC,2026-09-14,DLLC,Good Standing,CO,1500 N Grant St,#7243,Denver,CO,80203,Northwest Registered Agent LLC,Denver
20268145300,Little Meadow Banana Bread LLC,2026-09-14,DLLC,Good Standing,CO,2886 S Fenton St,,Denver,CO,80227,,Denver
20268145302,"Havens Law, PLLC",2026-09-14,FO,Good Standing,TX,"6301 Gaston Ave., Ste. 1134",,Dallas,TX,75214,,Fort Collins
20268145304,"CEDARHURST COMPANIES, LLC",2026-09-14,FLLC,Good Standing,DE,"800 LaSalle Avenue, Suite 1650",,Minneapolis,MN,55402,Registered Agents Inc,Denver
20268145312,"Hidden Pool, LLC",2026-09-14,DLLC,Good Standing,CO,7887 E Belleview Ave Ste 700,,Englewood,CO,80111,Illumine Legal LLC,Englewood
20268145315,"Anneliese Ballerine Counseling, LLC",2026-09-14,DLLC,Good Standing,CO,2727 Bryant St Ste 100,,Denver,CO,80211,,Denver
20268145358,P.A.N.D.A.S. Network.org,2026-09-14,FNC,Good Standing,CA,101 Jefferson Dr,1st Floor,Menlo Park,CA,94025,Registered Agents Inc,Denver
20268145365,"Velvet Touch Auto, LLC",2026-09-14,DLLC,Good Standing,CO,1455 Kings Crown Rd,,Woodland Park,CO,80863,,Woodland Park
20268145371,"KC Strategies Group, LLC",2026-09-14,DLLC,Good Standing,CO,11902 Meade St,,Westminster,CO,80031,"UNITED STATES CORPORATION AGENTS, INC.",Greenwood Village
20268145376,Snarfs East Quincy LLC,2026-09-14,DLLC,Good Standing,CO,2762 Walnut St,,Denver,CO,80205,,Denver
20268145380,Izzy D Lite Vending LLC,2026-09-14,DLLC,Good Standing,CO,1500 N Grant St,#10550,Denver,CO,80203,Northwest Registered Agent LLC,Denver
20268145384,"Creekside Centennial Industrial, LLC",2026-09-14,DLLC,Good Standing,CO,1662 Jeanel Ln,,Aurora,IL,60502,"PACKARD AND DIERKING, LLC",Boulder
20268145391,Asset Pool 26 LLC,2026-09-14,DLLC,Good Standing,CO,1500 N Grant St Ste R,,Denver,CO,80203,Registered Agents Inc,Denver
20268145393,Hey Sunshine Bakery LLC,2026-09-14,DLLC,Good Standing,CO,517 Beattie St,,Sterling,CO,80751,,Sterling
20268145407,Frozen Forest Creations LLC,2026-09-14,DLLC,Good Standing,CO,1257 Chippewa Rd 753,,COMO,CO,80432,,COMO
20268145411,Still Collective LLC,2026-09-14,DLLC,Good Standing,CO,4015 Wild Elm Way,,Fort Collins,CO,80528,,Fort Collins
20268145425,UM SAJI MART LLC,2026-09-14,DLLC,Good Standing,CO,1010 S Oneida St Apt A203,,Denver,CO,80224,,Denver
20268145432,Vetra Cleaning Services LLC,2026-09-14,DLLC,Good Standing,CO,98 Tassels Loop,,Breckenridge,CO,80424,,BRECKENRIDGE
20268145439,"InMindOut Emotional Wellness Center, LLC",2026-09-14,FLLC,Good Standing,TX,645 N. Walnut Ave,,New Braunfels,TX,78130,"CAPITOL CORPORATE SERVICES, INC.",BRIGHTON
20268145456,"Legacy Education & Grant Consulting, LLC",2026-09-14,DLLC,Good Standing,CO,203 Andes Ter,,Cripple Creek,CO,80813,,Cripple Creek
20268145458,MICHEL TRUCKING LLC,2026-09-14,DLLC,Good Standing,CO,4805 W Mississippi Ave,,Denver,CO,80219,,Denver
20268145471,"Elevation Estate Services, LLC",2026-09-14,DLLC,Good Standing,CO,5984 Lost Creek Rd,,Evergreen,CO,80439,,Evergreen
20268145486,TRADOVEX SUPPLIES LLC,2026-09-14,DLLC,Good Standing,CO,1500 N GRANT ST STE 4809,,DENVER,CO,80203,Registered Agents Inc,Denver
20268145487,Cork the Halls LLC,2026-09-14,DLLC,Good Standing,CO,1954 Ocaso Grv,,Colorado Springs,CO,80904,,Colorado Springs
20268145490,Smith St LLC,2026-09-14,DLLC,Good Standing,CO,404 Smith St,,Fort Collins,CO,80524,,Fort Collins
20268145500,Residential construction advisors llc,2026-09-14,DLLC,Good Standing,CO,24227 castaway court,,Buena vista,CO,81211,,Buena vista
20268145510,Moonzi Limo LLc,2026-09-14,DLLC,Good Standing,CO,21266 E 55th Pl,,Denver,CO,80249,,Denver
20268145511,HHA Building Corporation Arapahoe LLC,2026-09-14,DLLC,Good Standing,CO,20050 E Smoky Hill Rd.,,Centennial,CO,80015,"Heritage Heights Academy, Inc.",Centennial
20268145516,Colorado Waterhole Hydration LLC,2026-09-14,DLLC,Good Standing,CO,1500 N Grant St,#11847,Denver,CO,80203,Northwest Registered Agent LLC,Denver
20268145521,Sundancer Holdings LLC,2026-09-14,DLLC,Good Standing,CO,44 Cook St Ste 100,,Denver,CO,80206,"PACIFIC REGISTERED AGENTS, INC.",Denver
20268145524,Mis Noir Beauty LLC,2026-09-14,DLLC,Good Standing,CO,10894 Depew Pl,,Westminster,CO,80020,,Westminster
20268145525,"Teras, Inc.",2026-09-14,FPC,Good Standing,DE,155 Octillo St,,Brighton,CO,80601,,Brighton
20268145534,NOVA PLUS LLC,2026-09-14,DLLC,Good Standing,CO,1500 N GRANT ST STE 5401,,DENVER,CO,80203,Registered Agents Inc,Denver
20268145535,24 28 Lansing St LLC,2026-09-14,DLLC,Good Standing,CO,66 Inverness Ln E,,Englewood,CO,80112,Cambridge Law LLC,Denver
20268145537,"SCUD Family, LLC",2026-09-14,DLLC,Good Standing,CO,90 S Cascade Ave Ste 400,,Colorado Springs,CO,80903,"Law Office of Adam L Weitzel, P.C.",Colorado Springs
20268145538,Darra Motors Group LLC,2026-09-14,DLLC,Good Standing,CO,5701 E EVANS AVE SUIT 201,,DENVER,CO,80222,,DENVER
20268145546,VERGE MEDIA LLC,2026-09-14,DLLC,Good Standing,CO,1500 N GRANT STE 9577,,DENVER,CO,80203,Registered Agents Inc,Denver
20268145551,IRSHAD TRADING LLC,2026-09-14,DLLC,Good Standing,CO,1500 N GRANT ST STE 7310,,DENVER,CO,80203,Registered Agents Inc,Denver
20268145554,Colorado Outdoors Works LLC,2026-09-14,DLLC,Good Standing,CO,2478 50th Ave,,Greeley,CO,80634,,Greeley
20268145559,32 36 Lansing St LLC,2026-09-14,DLLC,Good Standing,CO,66 Inverness Ln E,,Englewood,CO,80112,Cambridge Law LLC,Denver
20268145560,Monarch Creations LLC,2026-09-14,DLLC,Good Standing,CO,15240 Arrowhead Dr,,Brighton,CO,80603,,Brighton
20268145567,Green Celtics Parent Inc,2026-09-14,DPC,Good Standing,CO,7380 E Harvard Ave Apt 202,,Denver,CO,80231,,Denver
20268145570,Westoria Global LLC,2026-09-14,DLLC,Good Standing,CO,3487 Springnite Dr,,Colorado Springs,CO,80916,Registered Agents Inc,Denver
20268145574,The Formulation Factory LLC,2026-09-14,DLLC,Good Standing,CO,7375 Ascent Vw Apt 110,,Colorado Springs,CO,80923,,Colorado Springs
20268145578,765 Hooker St LLC,2026-09-14,DLLC,Good Standing,CO,66 Inverness Ln E,,Englewood,CO,80112,Cambridge Law LLC,Denver
20268145580,WOCOFI LLC,2026-09-14,DLLC,Good Standing,CO,1500 N GRANT ST STE 4923,,DENVER,CO,80203,Registered Agents Inc,Denver
20268145588,Stone & Spruce Landscapes LLC,2026-09-14,DLLC,Good Standing,CO,1580 N Logan St Ste 660 #769820,,Denver,CO,80203,"UNITED STATES CORPORATION AGENTS, INC.",Greenwood Village
20268145589,"ARD Acquisition, LLC dba Ardella's",2026-09-14,DLLC,Good Standing,CO,5743 SMITHWAY STREET,,Commerce,CA,90040,"ARD Acquisition, LLC",Denver
20268145590,971 E 92nd Ave LLC,2026-09-14,DLLC,Good Standing,CO,66 Inverness Ln E,,Englewood,CO,80112,Cambridge Law LLC,Denver
20268145607,1444 Chase St LLC,2026-09-14,DLLC,Good Standing,CO,66 Inverness Ln E,,Englewood,CO,80112,Cambridge Law LLC,Denver
20268145619,JMH Security Consulting & Investigation LLC,2026-09-14,DLLC,Good Standing,CO,5521 W County Road 38 E,,Fort Collins,CO,80526,SimpleBiz Registered Agent Services LLC,Boulder
20268145624,Rainbow River Care llc,2026-09-14,DLLC,Good Standing,CO,11280 W 20th Ave Apt 20,,Lakewood,CO,80215,,Lakewood
20268145627,Full Send Shipping LLC,2026-09-14,DLLC,Good Standing,CO,3719 Evergreen Pkwy Ste A,#116,Evergreen,CO,80439,,Evergreen
20268145628,1465 S Cathay Way LLC,2026-09-14,DLLC,Good Standing,CO,66 Inverness Ln E,,Englewood,CO,80112,Cambridge Law LLC,Denver
20268145632,RRL Investments LLC,2026-09-14,DLLC,Good Standing,CO,9457 South University Blvd #303,C/O Steele Creek Investments,Highlands Ranch,CO,801026,,Highlands Ranch
20268145635,McConaughy Lake Holdings LLC,2026-09-14,DLLC,Good Standing,CO,890 Eudora St,,Denver,CO,80220,,Denver
20268145638,High West Studios LLC,2026-09-14,FLLC,Good Standing,KS,40 Clearwater Road,,Carbondale,CO,81623,,Carbondale
20268145643,2836 S Wollff St LLC,2026-09-14,DLLC,Good Standing,CO,66 Inverness Ln E,,Englewood,CO,80112,Cambridge Law LLC,Denver
20268145646,"Colorado Autism Assessments, PC",2026-09-14,DPC,Good Standing,CO,9885 W 58th Ave Unit 163,,Arvada,CO,80002,,Arvada
20268145648,Aisling Rare Finds LLC,2026-09-14,DLLC,Good Standing,CO,115 Miramar Dr,,Colorado Springs,CO,80906,,Colorado Springs
20268145652,Burrage Advisory LLC,2026-09-14,DLLC,Good Standing,CO,4705 Bluegate Drive,,Highlands Ranch,CO,80130,,Highlands Ranch
20268145655,CleanPRO LLC,2026-09-14,DLLC,Good Standing,CO,101 E Silver Bell Pl,,Parachute,CO,81635,,Rifle
20268145656,Prime Edge Painting Company LLC,2026-09-14,DLLC,Good Standing,CO,3707 Scott Ln,,Colorado Springs,CO,80907,,Colorado Springs
20268145657,3673 Holly St LLC,2026-09-14,DLLC,Good Standing,CO,66 Inverness Ln E,,Englewood,CO,80112,Cambridge Law LLC,Denver
20268145660,"O-Zone, LLC",2026-09-14,DLLC,Good Standing,CO,1090 Pond Side Dr,,Colorado Springs,CO,80911,,Colorado Springs
20268145664,RL TRUCKING LIMITED LIABILITY CO.,2026-09-14,DLLC,Good Standing,CO,5103 W Dakota Ave,,Denver,CO,80219,,Denver
20268145666,EL RINCONCITO CHAPIN LLC,2026-09-14,DLLC,Good Standing,CO,1030 Teller Ave Apt 26,,Grand Junction,CO,81501,,Grand Junction
20268145671,4149 Jebel Ct LLC,2026-09-14,DLLC,Good Standing,CO,66 Inverness Ln E,,Englewood,CO,80112,Cambridge Law LLC,Denver
20268145674,JAGGER CONSTRUCTION LLC,2026-09-14,DLLC,Good Standing,CO,1924 Sweetwater Rd,,Gypsum,CO,81637,,Gypsum
20268145675,"A.S. You Like It Learning, LLC",2026-09-14,DLLC,Good Standing,CO,2705 Lake Hollow Rd,,Berthoud,CO,80513,,Berthoud
20268145682,5306 Bahama Ct LLC,2026-09-14,DLLC,Good Standing,CO,66 Inverness Ln E,,Englewood,CO,80112,Cambridge Law LLC,Denver
20268145688,Stucco the springs LLC,2026-09-14,DLLC,Good Standing,CO,267 County Road 132,,Penrose,CO,81240,,Penrose
20268145701,5683 Anna Lee Way Colo LLC,2026-09-14,DLLC,Good Standing,CO,66 Inverness Ln E,,Englewood,CO,80112,Cambridge Law LLC,Denver
20268145705,"KoKo Layne, LLC",2026-09-14,DLLC,Good Standing,CO,1184 Loch Ness Ave,,Broomfield,CO,80020,,Broomfield
20268145709,7793 Fraser River Cir LLC,2026-09-14,DLLC,Good Standing,CO,66 Inverness Ln E,,Englewood,CO,80112,Cambridge Law LLC,Denver
20268145714,"231 Snake Lake, LLC",2026-09-14,DLLC,Good Standing,CO,1900 26th Avenue Ct,,Greeley,CO,80634,,Greeley
20268145719,8671 Quigley St LLC,2026-09-14,DLLC,Good Standing,CO,66 Inverness Ln E,,Englewood,CO,80112,Cambridge Law LLC,Denver
20268145720,"Batavia 19734, LLC",2026-09-14,DLLC,Good Standing,CO,462 Melody Dr,,Northglenn,CO,80260,Registered Agents Inc,Denver
20268145732,11106 Rodeo Cir LLC,2026-09-14,DLLC,Good Standing,CO,66 Inverness Ln E,,Englewood,CO,80112,Cambridge Law LLC,Denver
20268145737,Bertha's Cleaning LLC,2026-09-14,DLLC,Good Standing,CO,16105 Washington St Apt 14108,,Thornton,CO,80023,,Thornton
20268145739,Jt Fixing LLC,2026-09-14,DLLC,Good Standing,CO,8220 w 16th pl apt 3,,Lakewood,CO,80214,,Lakewood
20268145740,"Lit Coterie, LLC",2026-09-14,DLLC,Good Standing,CO,1500 N. Grant Street,Suite #11769,Denver,CO,80203,Registered Agents Inc,Denver
20268145741,12074 E Mexico Ave LLC,2026-09-14,DLLC,Good Standing,CO,66 Inverness Ln E,,Englewood,CO,80112,Cambridge Law LLC,Denver
20268145744,ELVORA TRADING LLC,2026-09-14,DLLC,Good Standing,CO,1500 N GRANT ST STE 4094,,DENVER,CO,80203,Registered Agents Inc,Denver
20268145746,Moorhead3505 LLC,2026-09-14,DLLC,Good Standing,CO,21648 E Caley Dr,,Centennial,CO,80016,,Centennial
20268145751,3230 Marshall LLC,2026-09-14,DLLC,Good Standing,CO,5885 Allison St,#144,Arvada,CO,80004,,Arvada
20268145754,13203 W Saratoga Dr LLC,2026-09-14,DLLC,Good Standing,CO,66 Inverness Ln E,,Englewood,CO,80112,Cambridge Law LLC,Denver
20268145760,Criterion Forensic Diagnostics LLC,2026-09-14,DLLC,Good Standing,CO,"3001 Old North South Highway, 135",,Lewiston,ID,83501,Registered Agents Inc,Denver
20268145761,15734 E Custer Ave LLC,2026-09-14,DLLC,Good Standing,CO,66 Inverness Ln E,,Englewood,CO,80112,Cambridge Law LLC,Denver
20268145765,HoldingsRey LLC,2026-09-14,DLLC,Good Standing,CO,6818 Canosa St,,Denver,CO,80221,,Denver
20268145769,Pages & Charms LLC,2026-09-14,DLLC,Good Standing,CO,18912 E Briargate Ln Apt 1C,,Parker,CO,80134,,Parker
20268145770,YAEGUR LLC,2026-09-14,DLLC,Good Standing,CO,1500 N GRANT ST STE 4856,,DENVER,CO,80203,Registered Agents Inc,Denver
20268145772,Vicky F Romero LLC,2026-09-14,DLLC,Good Standing,CO,5470 W Ontario Ave,,Littleton,CO,80128,,Littleton
20268145789,Sidran Law Corp,2026-09-14,FPC,Good Standing,CA,2010 Crow Canyon Place,Suite 100,San Ramon,CA,94583,Registered Agents Inc,Denver
20268145799,Moorhead3545 LLC,2026-09-14,DLLC,Good Standing,CO,21648 E Caley Dr,,Centennial,CO,80016,,Centennial
20268145802,CapitalRey LLC,2026-09-14,DLLC,Good Standing,CO,6818 Canosa St,,Denver,CO,80221,,Denver
20268145803,"M-L Holdings Company International, LLC",2026-09-14,DLLC,Good Standing,CO,1660 S Albion St Ste 800,,Denver,CO,80222,CORPORATION SERVICE COMPANY,Littleton
20268145812,One Window Solution LLC,2026-09-14,DLLC,Good Standing,CO,1500 N GRANT ST STE 5472,,DENVER,CO,80203,Registered Agents Inc,Denver
20268145815,"Train Smart, LLC",2026-09-14,DLLC,Good Standing,CO,3029 S Cornell Cir,,Englewood,CO,80113,,Englewood
20268145817,Plant Magic Legal,2026-09-14,DNC,Good Standing,CO,925 E 17th Ave,,Denver,CO,80218,,Denver
20268145818,BRAMZI LLC,2026-09-14,DLLC,Good Standing,CO,11610 E Bayaud Drive,,Aurora,CO,80012,Colorado Registered Agents,Denver
20268145820,Fowler Psychology & Consulting LLC,2026-09-14,FLLC,Good Standing,KS,16218 W 79th Terrace,,Lenexa,KS,66219,Registered Agents Inc,Denver
20268145831,LodgingRey LLC,2026-09-14,DLLC,Good Standing,CO,6818 Canosa St,,Denver,CO,80221,,Denver
20268145837,AWAIS MART LLC,2026-09-14,DLLC,Good Standing,CO,1500 N GRANT ST STE 4841,,DENVER,CO,80203,Registered Agents Inc,Denver
20268145838,Edmonds Creative Strategies LLC,2026-09-14,DLLC,Good Standing,CO,20426 Brookdale Ln,,Parker,CO,80138,,Parker
20268145851,CAVEROQS LLC,2026-09-14,DLLC,Good Standing,CO,1325 Soaring Eagle Dr,,Colorado Springs,CO,80915,Colorado Registered Agents,Denver
20268145852,THE HEALTHY CRAVINGS LLC,2026-09-14,DLLC,Good Standing,CO,4701 Peoria St Unit 101 1/2,,Denver,CO,80239,,Denver
20268145858,"Seven Bull Elk, LLC",2026-09-14,DLLC,Good Standing,CO,3332 Little Valley Road,,Estes Park,CO,80517,,Estes Park
20268145869,Rocky Mountain Booking LLC,2026-09-14,DLLC,Good Standing,CO,7621 Pitcher Pt,,Fountain,CO,80817,,Fountain
20268145871,Unvaxxed Only LLC,2026-09-14,DLLC,Good Standing,CO,1404 23rd St SW,,Loveland,CO,80537,,Loveland
20268145883,"Bearberry Bakery, LLC",2026-09-14,DLLC,Good Standing,CO,15545 Carob Cir.,,Parker,CO,80134,,Parker
20268145890,Barbie Bus LLC,2026-09-14,DLLC,Good Standing,CO,8481 Uinta St,,Commerce City,CO,80022,,Commerce City
20268145891,Eagle Feather American Indian Cultural Exchange LLC,2026-09-14,DLLC,Good Standing,CO,4340 Sammers Vw,,Colorado Springs,CO,80917,,Colorado Springs
20268145894,Emma Clary LLC,2026-09-14,DLLC,Good Standing,CO,6964 S Garfield Way,,Centennial,CO,80122,,Centennial
20268145897,Imagine That Colorado LLC,2026-09-14,DLLC,Good Standing,CO,1500 N Grant St,Ste R,Denver,CO,80203,Northwest Registered Agent LLC,Denver
20268145905,MAYMINGLE SERVICES LLC,2026-09-14,DLLC,Good Standing,CO,26794 E Archer Ave,,Aurora,CO,80018,,Aurora
20268145906,Blue Sky Rep Agency L.L.C,2026-09-14,DLLC,Good Standing,CO,3300 S Flamingo Way,,Denver,CO,80222,,Denver
20268145908,TWO BROTHERS LLC,2026-09-14,DLLC,Good Standing,CO,3617 Marion Dr Apt 21,,Colorado Springs,CO,80909,,Colorado Springs
20268145913,Ru Ki Awaaz,2026-09-14,DNC,Good Standing,CO,8892 S Catawba Way,,Aurora,CO,80016,Special Operations Services,Aurora
20268145919,"Tyson Pechek Dental, PLLC",2026-09-14,DLLC,Good Standing,CO,1291 S. Winterhaven Dr.,,Pueblo West,CO,81007,,Pueblo West
20268145928,Twingenuity Properties LLC,2026-09-14,DLLC,Good Standing,CO,450 Maverick Way,,Monument,CO,80132,,Monument
20268145930,"Ingersoll Home Advisors, LLC",2026-09-14,DLLC,Good Standing,CO,6265 S Ider Way,,Aurora,CO,80016,,Aurora
20268145941,New Season Ventures LLC,2026-09-14,DLLC,Good Standing,CO,14859 E Maplewood Dr,,Centennial,CO,80016,,Centennial
20268145945,SOPstream LLC,2026-09-14,DLLC,Good Standing,CO,14143 W Warren Cir,,Lakewood,CO,80228,,Lakewood
20268145946,Weidner Advisory LLC,2026-09-14,DLLC,Good Standing,CO,1480 Elder Ave,,Boulder,CO,80304,Registered Agents Inc,Denver
20268145956,Stay On (I) LLC,2026-09-14,DLLC,Good Standing,CO,1500 N Grant St,Ste N,Denver,CO,80203,Northwest Registered Agent LLC,Denver
20268145957,VectorCraft Co LLC,2026-09-14,DLLC,Good Standing,CO,1500 N Grant St,Ste N,Denver,CO,80203,Northwest Registered Agent LLC,Denver
20268145966,MRC Creative Solutions LLC,2026-09-14,DLLC,Good Standing,CO,1632 Calle Rosa Drive,,Pueblo West,CO,81007,,Pueblo West
20268145970,Tidy Touch Cleaner's LLC,2026-09-14,DLLC,Good Standing,CO,3200 W Colfax Ave Apt 431,,Denver,CO,80204,,Denver
20268145977,Ditch Resources LLC,2026-09-14,DLLC,Good Standing,CO,8959 W 91st Pl,,Broomfield,CO,80021,,Broomfield
20268145990,"DAT 8000, LLC",2026-09-14,DLLC,Good Standing,CO,6640 S BROADWAY,,CENTENNIAL,CO,80121,"INCO Property Management and Sales, Inc.",Centennial
20268146002,OnRepeatClub LLC,2026-09-14,DLLC,Good Standing,CO,6950 E Chenango Ave Apt 510,,Denver,CO,80237,,Denver
20268146006,Resolution Partners LLC,2026-09-14,DLLC,Good Standing,CO,624 American Manor Rd,,Grand Junction,CO,81504,,Grand Junction
20268146008,CCH Health Solutions LLC,2026-09-14,DLLC,Good Standing,CO,5392 S Holland St,,Littleton,CO,80123,,Littleton
20268146010,Denver Reed St LLC,2026-09-14,DLLC,Good Standing,CO,45 School St # 655,,Cotuit,MA,02635,,Lakewood
20268146014,Radical Acts of Development LLC,2026-09-14,DLLC,Good Standing,CO,10109 Bellwether Ln,,Lone Tree,CO,80124,,Lone Tree
20268146021,"CZV, Inc.",2026-09-14,FPC,Good Standing,DE,19600 S Vermont Ave,,Torrance,CA,90502,C T CORPORATION SYSTEM,Centennial
20268146025,M1 Law P.C.,2026-09-14,DPC,Good Standing,CO,5500 Greenwood Plaza Blvd Ste 130,,Greenwood Village,CO,80111,,Monte Vista
20268146030,OCHOA COMMUNITY HEALTH AND WELLNESS SERVICES LLC,2026-09-14,DLLC,Good Standing,CO,2814 KENDALL ST APT 205,,EDGEWATER,CO,80214,,EDGEWATER
20268146032,Holy Steppers LLC,2026-09-14,DLLC,Good Standing,CO,5061 Troy St,,Denver,CO,80239,,Denver
20268146037,Wild Pines Marketplace LLC,2026-09-14,DLLC,Good Standing,CO,3614 Crosshaven Ct,,Castle Rock,CO,80104,,Castle Rock
20268146042,"Ronan Creative, LLC",2026-09-14,DLLC,Good Standing,CO,651 W 42nd Ave Unit 393,,Denver,CO,80216,,Denver
20268146046,The Mulberry LLC.,2026-09-14,DLLC,Good Standing,CO,6050 Robert Ln,,Pueblo,CO,81004,,Pueblo
20268146052,Builder Worldwide LLC,2026-09-14,DLLC,Good Standing,CO,8585 Criterion Dr #63103,,Colorado Springs,CO,80920,"Aspiring Homeowners, LLC",Colorado Springs
20268146054,Pax and Pearl LLC,2026-09-14,DLLC,Good Standing,CO,1269 Royal Troon Dr,,Castle Rock,CO,80104,,Castle Rock
20268146056,"Krupa Soni, DDS PLLC",2026-09-14,DLLC,Good Standing,CO,10708 Greycliffe Drive,,Higlands Ranch,CO,80126,,Higlands Ranch
20268146067,Olive Me Holdings LLC,2026-09-14,DLLC,Good Standing,CO,2712 S Havana St Ste AA,,Aurora,CO,80014,,Denver
20268146082,OpenAminos LLC,2026-09-14,DLLC,Good Standing,CO,1500 N Grant St,Ste N,Denver,CO,80203,Northwest Registered Agent LLC,Denver
20268146083,Butterchickz LLC,2026-09-14,DLLC,Good Standing,CO,3531 S Logan St Ste G,,Englewood,CO,80113,,Aurora
20268146086,Kinetic EC LLC,2026-09-14,DLLC,Good Standing,CO,1500 N Grant St Ste R,,Denver,CO,80203,Northwest Registered Agent LLC,Denver
20268146097,Gifts and Abilities INC,2026-09-14,DNC,Good Standing,CO,435 Main St,,Grand Junction,CO,81501,Ability Advocates LLC,Grand Junction
20268146099,"Heart to Hands Homecare, LLC",2026-09-14,DLLC,Good Standing,CO,386 Mission Hill Way,,Colorado Springs,CO,80921,,Colorado Springs
20268146101,"Kiki's Health Cafe Morrison, LLC",2026-09-14,DLLC,Good Standing,CO,300 Bear Creek Avenue,,Morrison,CO,80465,"Law Office of Richard A. Levine, P.C.",Evergreen
20268146105,"Key & Crown, LLC",2026-09-14,DLLC,Good Standing,CO,8585 Criterion Dr # 63510,,Colorado Springs,CO,80962,,Colorado Springs
20268146107,Pokehombre Trading LLC,2026-09-14,DLLC,Good Standing,CO,21 Murray Rd. unit 5,,Edwards,CO,81632,,Edwards
20268146112,"The Casa Collective, LLC",2026-09-14,DLLC,Good Standing,CO,2449 Newport St,,Denver,CO,80207,,Denver
20268146113,Fiscal Nest LLC,2026-09-14,DLLC,Good Standing,CO,5283 Nashua Circle,,Parker,CO,80134,ZenBusiness Inc.,Denver
20268146114,Kinetic Eagle County LLC,2026-09-14,DLLC,Good Standing,CO,1500 N. GRANT St,ste c,denver,CO,80203,Colorado Registered Agent LLC,Denver
20268146131,"Nicholas Legacy Holdings, LLC",2026-09-14,DLLC,Good Standing,CO,16523 E Geddes Pl,,Aurora,CO,80016,,Aurora
20268146142,Les Maux Pute Publishing LLC,2026-09-14,DLLC,Good Standing,CO,1912 Eastlake Blvd Apt 1111,,Colorado Springs,CO,80910,,Colorado Springs
20268146145,Lion127 Construction LLC,2026-09-14,DLLC,Good Standing,CO,29147 County Road 45,,Kiowa,CO,80117,,Kiowa
20268146150,Royal Collective Holdings LLC,2026-09-14,DLLC,Good Standing,CO,925 W Kenyon Ave Ste 2,,Englewood,CO,80110,Registered Agents Inc,Denver
20268146152,dash_r Studio LLC,2026-09-14,DLLC,Good Standing,CO,365 Amber Dr,,Windsor,CO,80550,,Windsor
20268146154,"Eve's Cove, LLC",2026-09-14,DLLC,Good Standing,CO,99 Hiawatha Hwy,,Red Feather Lakes,CO,80545,,Red Feather Lakes
20268146156,Vending Pros LLC,2026-09-14,DLLC,Good Standing,CO,241 Grayson Ave,,Fort Lupton,CO,80621,,Fort Lupton
20268146160,"Embry Homes, LLC",2026-09-14,DLLC,Good Standing,CO,365 Amber Dr,,Windsor,CO,80550,,Windsor
20268146162,BDBWSREI LLC,2026-09-14,DLLC,Good Standing,CO,10732 Twin Spruce Rd,,Golden,CO,80403,,Golden
20268146163,"Matukat Employees, LLC",2026-09-14,DLLC,Good Standing,CO,16055 Old Forest Pt Ste 301,,Monument,CO,80132,"Mason Law and Planning Group, LLC",Monument
20268146166,The Table by Gabrielle LLC,2026-09-14,DLLC,Good Standing,CO,369 Stagecoach Ln,,Carbondale,CO,81623,,Carbondale
20268146168,"Hometown Builders, LLC",2026-09-14,DLLC,Good Standing,CO,5575 N Strawberry Ln,,Castle Rock,CO,80108,,Castle Rock
20268146169,NE Equipment LLC,2026-09-14,DLLC,Good Standing,CO,311 S 5th St,,Lamar,CO,81052,,Lamar
20268146174,SORVYQO LLC,2026-09-14,DLLC,Good Standing,CO,160 S Monaco street Pkwy,F707,DENVER,CO,80224,,denver
20268146175,"Matukat Property, LLC",2026-09-14,DLLC,Good Standing,CO,16055 Old Forest Pt Ste 301,,Monument,CO,80132,"Mason Law and Planning Group, LLC",Monument
20268146179,NE Auto LLC,2026-09-14,DLLC,Good Standing,CO,311 S 5th St,,Lamar,CO,81052,,Lamar
20268146180,"8204 Northstar, LLC",2026-09-14,DLLC,Good Standing,CO,1420 Rocky Ridge Dr Ste 270,,Roseville,CA,95661-2877,C T CORPORATION SYSTEM,Centennial
20268146183,EST TRUCKING LLC,2026-09-14,DLLC,Good Standing,CO,3950 Adams St,,Strasburg,CO,80136,,Strasburg
20268146185,LAUREL EMPLOYMENT LAW APC,2026-09-14,FO,Good Standing,CA,"6309 Van Nuys Blvd, Ste 111",,Van Nuys,CA,91401,LEGALINC CORPORATE SERVICES INC.,Greenwood Village
20268146186,NE Cattle LLC,2026-09-14,DLLC,Good Standing,CO,311 S 5th St,,Lamar,CO,81052,,Lamar
20268146189,"Matukat Equipment, LLC",2026-09-14,DLLC,Good Standing,CO,16055 Old Forest Pt Ste 301,,Monument,CO,80132,"Mason Law and Planning Group, LLC",Monument
20268146191,AMPLIFY SYSTEMS INTEGRATION LLC,2026-09-14,FLLC,Good Standing,UT,1500 N Grant St,Ste N,Denver,CO,80203,Northwest Registered Agent LLC,Denver
20268146192,Rodriguez Creative & Consulting LLC,2026-09-14,DLLC,Good Standing,CO,3002 W Elizabeth St Unit 3G,,Fort Collins,CO,80521,,Fort Collins
20268146198,"Savant Kahn, LLC",2026-09-14,DLLC,Good Standing,CO,101 S Grape St,,Denver,CO,80246,,Denver
20268146199,Fishin for Dough LLC,2026-09-14,DLLC,Good Standing,CO,10253 Highway 65,,Austin,CO,81410,,Austin
20268146205,Major Hell Limited Liability Co.,2026-09-14,DLLC,Good Standing,CO,37723 Highway 6,,Avon,CO,81620,,Avon
20268146210,Altitude Metals LLC,2026-09-14,DLLC,Good Standing,CO,9551 Desert Lily Cir,,Colorado Springs,CO,80925,,Colorado Springs
20268146218,FOVEA LLC,2026-09-14,DLLC,Good Standing,CO,851 Stoneridge Ct,,Glenwood Springs,CO,81601,,Glenwood Springs
20268146226,16249 E 105th Way LLC,2026-09-14,DLLC,Good Standing,CO,8222 Yukon Ct,,Arvada,CO,80005,,Arvada
20268146229,"159th Way, LLC",2026-09-14,DLLC,Good Standing,CO,3065 E 159th Way,,Thornton,CO,80602,,Monument
20268146230,Rave Ryanns LLC,2026-09-14,DLLC,Good Standing,CO,4461 Adams St,,Denver,CO,80216,,Denver
20268146232,Calhoon Quality Checks LLC,2026-09-14,DLLC,Good Standing,CO,309 Elmwood Street,,Craig,CO,81625,,Craig
20268146235,Dans Lands LLC,2026-09-14,DLLC,Good Standing,CO,879 Kalamath St,,Denver,CO,80204,,Denver
20268146238,Lendables LLC,2026-09-14,DLLC,Good Standing,CO,2557 E 124th Pl,,Thornton,CO,80241,,Thornton
20268146245,The Barre Den LLC,2026-09-14,DLLC,Good Standing,CO,827 Locust St,,Denver,CO,80220,,Denver
20268146246,"TAM Science, LLC",2026-09-14,DLLC,Good Standing,CO,151 Ranch Creek Ln,,Carbondale,CO,81623,,Carbondale
20268146250,"QS Property 1, LLC",2026-09-14,DLLC,Good Standing,CO,16055 Old Forest Pt Ste 301,,Monument,CO,80132,"Mason Law and Planning Group, LLC",Monument
20268146255,"19 Pine, LLC",2026-09-14,DLLC,Good Standing,CO,1301 Milwaukee St,,Denver,CO,80206,,Denver
20268146259,KNIGHTLY CLEANING LLC,2026-09-14,DLLC,Good Standing,CO,1630 Cortner Rd,,Pueblo,CO,81006,SimpleBiz Registered Agent Services LLC,Boulder
20268146260,"TeamLife Health Group, LLC",2026-09-14,FLLC,Good Standing,IL,3260 N 12 th street,,Grand Junction,CO,81506,"Winterfell Atrium of Grand Valley (CO) Owner, LLC",Littleton
20268146263,"HealthDrive APRN Partners, LLC",2026-09-14,FLLC,Good Standing,DE,"100 Crossing Blvd., Suite 300",,Framingham,MA,01702,CORPORATION SERVICE COMPANY,Littleton
20268146265,Infobridge Solutions LLC,2026-09-14,DLLC,Good Standing,CO,9476 Sedalia St,,Commerce City,CO,80022,,Commerce City
20268146273,Femme Exposures LLC,2026-09-14,DLLC,Good Standing,CO,2975 Huron St Apt 129,,Denver,CO,80202,,Denver
20268146279,The Sacred Thresholds LLC,2026-09-14,DLLC,Good Standing,CO,8946 W. Prentice Ave.,,Littleton,CO,80123,,Littleton
20268146283,ARG Family Clean LLC,2026-09-14,DLLC,Good Standing,CO,16503 E 49th Ave Apt 101,,Denver,CO,80239,,Denver
20268146288,All American RV Tank Services,2026-09-14,FLLC,Good Standing,UT,8667 SOUTH 2200 WEST,,West Jordan,UT,84088,,Colorado Springs
20268146290,SM Automotive Mechanics LLC,2026-09-14,DLLC,Good Standing,CO,1412 10th St Apt 4,,Greeley,CO,80631,,Greeley
20268146292,Limonad LLC,2026-09-14,DLLC,Good Standing,CO,7933 S Kalispell Way,,Englewood,CO,80112,,Englewood
20268146294,DCC Fine Arts Boosters,2026-09-14,DNC,Good Standing,CO,1810 N Gate Blvd,,Colorado Springs,CO,80921,,Monument
20268146296,"RDC Property Management, LLC",2026-09-14,FLLC,Good Standing,DE,"14850 Montfort Drive, Suite 185",,Dallas,TX,75254,COGENCY GLOBAL INC.,Denver
20268146297,"Rocky Mountain MultiServices, LLC",2026-09-14,DLLC,Good Standing,CO,8860 Westminster Blv,Apt 235,Westminster,CO,80031,,Westminster
20268146300,Matchette Security LLC,2026-09-14,DLLC,Good Standing,CO,6596 La Plata Peak Dr,,Colorado Springs,CO,80923,,Colorado Springs
20268146303,"Just Beyond Tomorrow Studios, LLC",2026-09-14,DLLC,Good Standing,CO,2484 Cinnabar Road,,Colorado Springs,CO,80921,,Colorado Springs
20268146305,DIAMOND AUTO REPAIR LLC,2026-09-14,DLLC,Good Standing,CO,620 RED TABLE DR UNIT A,,GYPSUM,CO,81637,,GYPSUM
20268146309,Summit Digital LLC,2026-09-14,DLLC,Good Standing,CO,8849 E Mineral Pl,,Centennial,CO,80112,,Centennial
20268146310,"Conifer Christian Classical Co-op, inc.",2026-09-14,DNC,Good Standing,CO,1500 N Grant St Ste R,,Denver,CO,80203,Registered Agents Inc,Denver
20268146324,Embodied Family Medicine LLC,2026-09-14,DLLC,Good Standing,CO,14073 W 1st Dr,,Golden,CO,80401,,Golden
20268146332,296 LLC,2026-09-14,DLLC,Good Standing,CO,296 Glen Dee Rd,,Aspen,CO,81611,SimpleBiz Registered Agent Services LLC,Boulder
20268146336,The Branded Collective Co. LLC,2026-09-14,DLLC,Good Standing,CO,56268 E 24th Pl,,Strasburg,CO,80136,,Strasburg
20268146337,One Cinch LLC,2026-09-14,DLLC,Good Standing,CO,1500 N Grant St,Ste N,Denver,CO,80203,Northwest Registered Agent LLC,Denver
20268146341,True XC Rankings LLC,2026-09-14,DLLC,Good Standing,CO,138 Wolf Creek Trl,,Broomfield,CO,80020,,Broomfield
20268146343,"Eagle Eye Contracting Services, LLC",2026-09-14,DLLC,Good Standing,CO,108 Duncan Place,,Montrose,CO,81401,,Montrose
20268146346,THE BANISH BROTHERS LLC,2026-09-14,DLLC,Good Standing,CO,17 N 8th St,,Colorado Springs,CO,80905,SimpleBiz Registered Agent Services LLC,Boulder
20268146352,"DIRECT FITNESS SOLUTIONS, L.L.C.",2026-09-14,FLLC,Good Standing,IL,600 Tower Road,,Mundelein,IL,60060,"INCORP SERVICES, INC.",DENVER
20268146358,ON PAR HANDYMAN SERVICE LLC,2026-09-14,DLLC,Good Standing,CO,29380 County Road 359,,Buena Vista,CO,81211,SimpleBiz Registered Agent Services LLC,Boulder
20268146359,RMK Consulting LLc,2026-09-14,DLLC,Good Standing,CO,16897 E Crestline Pl,,centennial,CO,80015,,Centennial
20268146363,"Colorado Yetis, LLC",2026-09-14,DLLC,Good Standing,CO,2340 County Road 100,,Carbondale,CO,81623,"Cheryl A. Velasquez, P.C.",Basalt
20268146366,Fusion FC LLC,2026-09-14,DLLC,Good Standing,CO,10056 Glenayre Ct,,Parker,CO,80134,,Parker
20268146373,"Rancho Cerritos MHP 101, LLC",2026-09-14,FLLC,Good Standing,CA,3121 W. March Lane,Ste 200,Stockton,CA,95219,Registered Agents Inc,Denver
20268146378,BLUE TRUCK GUTTER CLEANING LLC,2026-09-14,DLLC,Good Standing,CO,1105 Alexander Ct,,Fruita,CO,81521,SimpleBiz Registered Agent Services LLC,Boulder
20268146380,Madrid Constuction Ltd.,2026-09-14,DLLC,Good Standing,CO,20527 Vista Grande Dr,,Austin,CO,81410,,Austin
20268146382,W12 Systems LLC,2026-09-14,DLLC,Good Standing,CO,2540 Rossmere St,,Colorado Springs,CO,80919,,Colorado Springs
20268146386,"Top of the World Event Production, LLC",2026-09-14,DLLC,Good Standing,CO,6740 Leilani Dr,,Castle Rock,CO,80108,,Grand Junction
20268146389,CTI International Inc,2026-09-14,FPC,Good Standing,FL,1500 N GRANT ST,STE R,Denver,CO,80203,Registered Agents Inc,Denver
20268146390,Trade Town Kids LLC,2026-09-14,DLLC,Good Standing,CO,15705 Savory Cir,,Parker,CO,80134,,Parker
20268146393,SENIOR SOLUTIONS LLC,2026-09-14,DLLC,Good Standing,CO,Street#11 House No 5 Royal Avenue Hostel City,,Islamabad,OT,44000,Registered Agents Inc,Denver
20268146395,Gold Creek Mobile Services LLC,2026-09-14,DLLC,Good Standing,CO,130 Hillcrest Dr Apt 2811,,Fort Collins,CO,80521,,Fort Collins
20268146396,La Michoacana Mobile LLC,2026-09-14,DLLC,Good Standing,CO,4885 Pontiac St,,Commerce City,CO,80022,,Commerce City
20268146397,Ironwood Haus LLC,2026-09-14,DLLC,Good Standing,CO,6635 S Dayton St Ste 310,,Greenwood Village,CO,80111,PSM Registered Agent LLC,Greenwood Village
20268146400,BEAVER BENCH B12 LLC,2026-09-14,DLLC,Good Standing,CO,414 W BEAVER CREEK BLVD.,BEAVER BENCH B12,AVON,CO,81620,Registered Agents Inc,Denver
20268146404,2451 South Holly Place LLC,2026-09-14,DLLC,Good Standing,CO,700 Colorado Blvd.,Unit 545,Denver,CO,80206,,Denver
20268146405,"BRIGHT HAUS CLEANING, LLC",2026-09-14,DLLC,Good Standing,CO,18290 East Hampton Place,,Aroura,CO,80013,"CORPORATE SERVICE CENTER, INC.",Denver
20268146407,RingTime LLC,2026-09-14,DLLC,Good Standing,CO,7824 W 109th Pl,,Westminster,CO,80021,,Westminster
20268146412,Forte Energy LLC,2026-09-14,DLLC,Good Standing,CO,8735 Moonshimmer Trail,,Littleton,CO,80125,,Littleton
20268146416,STARSYNX LLC,2026-09-14,DLLC,Good Standing,CO,1500 N Grant St STE 37474,,Denver,CO,80203,Registered Agents Inc,Denver
20268146418,3604 BR LLC,2026-09-14,DLLC,Good Standing,CO,2821 S Parked Rd,,Aurora,CO,80014,,Centennial
20268146419,Iron and Cream Cheesecake LLC,2026-09-14,DLLC,Good Standing,CO,8835 Dudley Court,,Westminster,CO,80021,,Westminster
20268146422,Code Bleu Construction LLC,2026-09-14,DLLC,Good Standing,CO,8227 Quay Ct,,Arvada,CO,80003,,Arvada
20268146424,LV System Designs LLC,2026-09-14,DLLC,Good Standing,CO,1711 Lazear St,,Loveland,CO,80538,,Loveland
20268146425,Powder Wraps,2026-09-14,FLLC,Good Standing,WI,8923 E 29th Place,,Denver,CO,80238,Registered Agents Inc,Denver
20268146432,Calzada Drain & Water Repairs LLC,2026-09-14,DLLC,Good Standing,CO,8210 Ralph Ln,,Denver,CO,80221,,Denver
20268146439,Honey Do Heroes Property Services LLC,2026-09-14,DLLC,Good Standing,CO,1023 Fossil Creek Rd,,Florissant,CO,80816,,Florissant
20268146448,Yarn Senpai LLC,2026-09-14,DLLC,Good Standing,CO,10805 S 20 Mile Rd Apt 107,,Parker,CO,80134,,Parker
20268146455,Benchmark Ag Financial LLC,2026-09-14,DLLC,Good Standing,CO,1500 N Grant St,Ste N,Denver,CO,80203,Northwest Registered Agent LLC,Denver
20268146459,Vinegar Hour LLC,2026-09-14,DLLC,Good Standing,CO,1554 S Pitkin Cir,,Aurora,CO,80017,,Aurora
20268146463,5&2 Designs LLC,2026-09-14,DLLC,Good Standing,CO,1124 Wagon Bend Rd,,Berthoud,CO,80513,Rocky Mountain RA LLC,Denver
20268146465,PRISM Brain Sciences LLC,2026-09-14,DLLC,Good Standing,CO,2301 E. Pikes Peak Ave.,Suite 334,Colorado Springs,CO,80910,,Colorado Springs
20268146468,Cruisin' Entertainment LLC,2026-09-14,DLLC,Good Standing,CO,2330 Streambank Dr,,Colorado Springs,CO,80951,,Colorado Springs
20268146470,AlohaWorld LLC,2026-09-14,DLLC,Good Standing,CO,1630 Welton St PMB 70142,,Denver,CO,80202,ENTITY PROTECT REGISTERED AGENT SERVICES LLC,Denver
20268146473,MB Construction & Remodeling LLC,2026-09-14,DLLC,Good Standing,CO,520 36th Avenue Ct,,Greeley,CO,80634,,Greeley
20268146475,Immersive Movie Room LLC,2026-09-14,DLLC,Good Standing,CO,5777 Olde Wadsworth Blvd Ste R200,,Arvada,CO,80002,,Arvada
20268146477,J.O.Flynn Enterprises LLC,2026-09-14,DLLC,Good Standing,CO,10001 Weathers Brook Ln,,Edmond,OK,73025,,Snowmass Village
20268146478,Crossing Oceans LLC,2026-09-14,DLLC,Good Standing,CO,12281 Jasper St,,Commerce City,CO,80603,,Commerce City
20268146482,Elite Elected LLC,2026-09-14,DLLC,Good Standing,CO,1570 Joliet St,D205,Aurora,CO,80012,,Aurora
20268146483,Camelot Curios LLC,2026-09-14,DLLC,Good Standing,CO,3608 Parkmoor Village Dr Apt E,,Colorado Springs,CO,80917,,Colorado springs
20268146485,SHORT & SWEETS LLC,2026-09-14,DLLC,Good Standing,CO,16105 Washington St Apt 5301,,Thornton,CO,80023,,Thornton
20268146492,"Renaissance Power & Controls, LLC",2026-09-14,DLLC,Good Standing,CO,3182 Worthington Ave,,Fort Collins,CO,80526,,Fort Collins
20268146493,Front Range Fantasy Festival,2026-09-14,FNC,Good Standing,WY,5505 Lawrence Ln,,Cheyenne,WY,82009-3752,,Loveland
20268146499,Dilley Family LLC,2026-09-14,DLLC,Good Standing,CO,4342 N Townsend Ave,,Montrose,CO,81401,,Montrose
20268146501,"Abraham and Brother's, LLC",2026-09-14,DLLC,Good Standing,CO,1391 Chambers Rd,,Aurora,CO,80011,,Aurora
20268146510,LUXE RELIC INC,2026-09-14,DPC,Good Standing,CO,1500 N GRANT ST STE R,,DENVER,CO,80203,Registered Agents Inc,Denver
20268146514,VAULT MERIDIAN INC,2026-09-14,DPC,Good Standing,CO,1500 N GRANT ST STE R,,DENVER,CO,80203,Registered Agents Inc,Denver
20268146516,Home Matrex Inc,2026-09-14,DPC,Good Standing,CO,1500 N GRANT ST STE R,,DENVER,CO,80203,Registered Agents Inc,Denver
20268146519,DVE104G LLC,2026-09-14,DLLC,Good Standing,CO,57 Arrowhead Ct,,Dillon,CO,80435,,Dillon
20268146520,Conway Platais LLC,2026-09-14,DLLC,Good Standing,CO,3333 E Florida Ave Apt 32,,Denver,CO,80210,,Denver
20268146521,Phil Redtail Inc,2026-09-14,DPC,Good Standing,CO,1500 N GRANT ST STE R,,DENVER,CO,80203,Registered Agents Inc,Denver
20268146525,Pulse Electronics LLC,2026-09-14,FPC,Good Standing,OR,1500 N GRANT ST STE R,,DENVER,CO,80203,Registered Agents Inc,Denver
20268146540,WEBRIX TECHNOLOGY INC,2026-09-14,DPC,Good Standing,CO,1401 Zuni St #104,,Denver,CO,80204,Registered Agents Inc,Denver
20268146541,"Salt River Learning Solutions, LLC",2026-09-14,DLLC,Good Standing,CO,5921 Jasmine Ct,,Commerce City,CO,80022,,Commerce City
20268146546,NEXBYTE TECHNOLOGY INC,2026-09-14,DPC,Good Standing,CO,14613 Orchard Pkwy #200,,Westminster,CO,80023,Registered Agents Inc,Denver
20268146548,Mesa Point Home Inspection LLC,2026-09-14,DLLC,Good Standing,CO,678 29 1/2 Rd,,Grand Junction,CO,81504,,Grand Junction
20268146549,CLOUDNEXA TECHNOLOGY INC,2026-09-14,DPC,Good Standing,CO,25577 Conifer Rd Unit 201,,Conifer,CO,80433,Registered Agents Inc,Denver
20268146552,Sirca Automotive LLC,2026-09-14,DLLC,Good Standing,CO,1326 N Will Rogers Dr,,Pueblo,CO,81007,,Pueblo
20268146553,Durango Research Institute LLC,2026-09-14,DLLC,Good Standing,CO,148 Timberline Dr,,Durango,CO,81301,,Durango
20268146556,DEVORA TECHNOLOGY INC,2026-09-14,DPC,Good Standing,CO,4041 Hanover Ave #200,,Boulder,CO,80305,Registered Agents Inc,Denver
20268146557,Draped Up By Charlie LLC,2026-09-14,DLLC,Good Standing,CO,2145 7th St Unit 200,,Windsor,CO,80550,,Fort collins
20268146558,"Lacy Consultancy, LLC",2026-09-14,DLLC,Good Standing,CO,2641 South Kearney Street,,DENVER,CO,80222,,DENVER
20268146566,IGM Landscapes & Hardscapes LLC,2026-09-14,DLLC,Good Standing,CO,517,Placer Dr,grand junction,CO,81504,,Grand Junction
20268146567,NEURALORA TECHNOLOGY INC,2026-09-14,DPC,Good Standing,CO,4625 W 20th St #103,,Greeley,CO,80634,Registered Agents Inc,Denver
20268146569,Nature Traveler Inc.,2026-09-14,DNC,Good Standing,CO,2050 Emerald Dr,,Longmont,CO,80504,,Longmont
20268146571,Core Alignment Fiber Solutions LLC,2026-09-14,DLLC,Good Standing,CO,850 Sequoia Dr,,Colorado Springs,CO,80910,,Colorado Springs
20268146572,KUNEXUS INC.,2026-09-14,DPC,Good Standing,CO,1500 N GRANT ST STE R,,DENVER,CO,80203,Registered Agents Inc,Denver
20268146581,MBK BUILD SOLUTIONS LLC,2026-09-14,DLLC,Good Standing,CO,22170 E 7TH AVE,UNIT 202,AURORA,CO,80018,,AURORA
20268146582,Liudenhavex INC,2026-09-14,DPC,Good Standing,CO,1500 N GRANT ST,STE C,DENVER,CO,80203,Registered Agents Inc,Denver
20268146583,mobile mechanic near me LLC,2026-09-14,DLLC,Good Standing,CO,1760 Spruce Dr,,Erie,CO,80516,,Erie
20268146591,DATANEX TECHNOLOGY INC,2026-09-14,DPC,Good Standing,CO,512 4th Ave #101,,Longmont,CO,80501,Registered Agents Inc,Denver
20268146598,LOVE NAILS STUDIO LLC,2026-09-14,DLLC,Good Standing,CO,3000 E 1st Ave Ste 114,,Denver,CO,80206,,Aurora
20268146599,SYNTRIA TECHNOLOGY INC,2026-09-14,DPC,Good Standing,CO,5225 N Academy Blvd #301,,Colorado Springs,CO,80918,Registered Agents Inc,Denver
20268146601,PIXELNEX TECHNOLOGY INC,2026-09-14,DPC,Good Standing,CO,1911 11th St Ste 200,,Boulder,CO,80302,Registered Agents Inc,Denver
20268146604,SafeBoarding Technologies LLC,2026-09-14,DLLC,Good Standing,CO,505 Manor Ridge Rd,,Pelham,NY,10803,Colorado Registered Agent LLC,Denver
20268146605,DBS CLEANING LLC,2026-09-14,DLLC,Good Standing,CO,885 S Patton Ct,,Denver,CO,80219,,Denver
20268146606,"No Stomach For Cancer, Inc.",2026-09-14,FNC,Good Standing,WI,3510 Parmenter Street,Suite 101,Middleton,WI,53562,Rocky Mountain RA LLC,Denver
20268146609,"Peaks to Parks, LLC",2026-09-14,DLLC,Good Standing,CO,280 E 1st Ave #739,,Broomfield,CO,89938,,Broomfield
20268146613,AIVANTA TECHNOLOGY INC,2026-09-14,DPC,Good Standing,CO,142 S Raven Mine Dr Ste 100,,Colorado Springs,CO,80905,Registered Agents Inc,Denver
20268146619,Front Range Fleet LLC,2026-09-14,DLLC,Good Standing,CO,7516 Simms Ct,,Arvada,CO,80005,,Arvada
20268146624,B.I. Facilities Services LLC,2026-09-14,DLLC,Good Standing,CO,6799 W Oregon Ave,,Lakewood,CO,80232,,Lakewood
20268146627,Xenomorph LLC,2026-09-14,DLLC,Good Standing,CO,7806 Durango St,,Denver,CO,80221,,Denver
20268146632,Rituals of (R)evolution LLC,2026-09-14,DLLC,Good Standing,CO,4435 Elizabeth St,,Denver,CO,80216,,Denver
20268146633,INTELNOVA TECHNOLOGY INC,2026-09-14,DPC,Good Standing,CO,400 Inverness Pkwy #160,,Englewood,CO,80112,Registered Agents Inc,Denver
20268146635,Marks Future Inc,2026-09-14,DPC,Good Standing,CO,1500 N Grant St Ste R,,Denver,CO,80203,Registered Agents Inc,Denver
20268146636,Wilfred Strategy & Analytics LLC,2026-09-14,DLLC,Good Standing,CO,1500 N Grant St Ste N,,Denver,CO,80203,Northwest Registered Agent LLC,Denver
20268146647,"Semper Tigris, P.l.l.c.",2026-09-14,DLLC,Good Standing,CO,6455 Perfect Vw,,Colorado Springs,CO,80919,,Colorado Springs
20268146650,AURIXA TECHNOLOGY INC,2026-09-14,DPC,Good Standing,CO,26719 Pleasant Park Rd #140,,Conifer,CO,80433,Registered Agents Inc,Denver
20268146652,Atelier Goods Co LLC,2026-09-14,DLLC,Good Standing,CO,5406 S Dunkirk Way,,Centennial,CO,80015,,Centennial
20268146653,Hairsfly Ltd,2026-09-14,DPC,Good Standing,CO,250 Fillmore St,,Denver,CO,80206,Registered Agents Inc,Denver
20268146654,Lucky Me Design Co. LLC,2026-09-14,DLLC,Good Standing,CO,3052 S Logan St,,Englewood,CO,80113,,Englewood
20268146655,Blue Pangolin LLC,2026-09-14,DLLC,Good Standing,CO,1590 Grove St Apt 722,,Denver,CO,80204,,Denver
20268146659,Commercial Street Exchange LLC,2026-09-14,DLLC,Good Standing,CO,422 N Commercial St,,Trinidad,CO,81082,,Loveland
20268146663,WEBVANTA TECHNOLOGY INC,2026-09-14,DPC,Good Standing,CO,2101 Ken Pratt Blvd #100,,Longmont,CO,80501,Registered Agents Inc,Denver
20268146671,CLOUDORA TECHNOLOGY INC,2026-09-14,DPC,Good Standing,CO,1823 65th Ave #2,,Greeley,CO,80634,Registered Agents Inc,Denver
20268146678,"Charming Cowfish, LLC",2026-09-14,DLLC,Good Standing,CO,300 Center Dr,Ste G-311,Superior,CO,80027,,Superior
20268146684,Kavida Logic Inc,2026-09-14,DPC,Good Standing,CO,3555 Stanford Rd Ste 201-CM,,Fort Collins,CO,80525,Registered Agents Inc,Denver
20268146691,WEBNEX TECHNOLOGY INC,2026-09-14,DPC,Good Standing,CO,7851 S Elati St Ste 102,,Littleton,CO,80120,Registered Agents Inc,Denver
20268146695,StewardSpatial LLC,2026-09-14,DLLC,Good Standing,CO,646 W Easter Ave,,Littleton,CO,80120,,Littleton
20268146698,Aethel Crest Inc,2026-09-14,DPC,Good Standing,CO,7995 E Hampden Ave #100,,Denver,CO,80237,Registered Agents Inc,Denver
20268146699,ETHAIRS FOUNDATION,2026-09-14,DNC,Good Standing,CO,"3101 Iris Avenue, Suite 240",,Boulder,CO,80301,Registered Agents Inc,Denver
20268146701,Good Neighbor Electric LLC,2026-09-14,DLLC,Good Standing,CO,732 Ponderosa Dr,,Fort Collins,CO,80521,,Fort Collins
20268146707,IPM LLC,2026-09-14,DLLC,Good Standing,CO,67 Black Bear Trl,,Carbondale,CO,81623,,Carbondale
20268146709,Civitas Mesh Inc,2026-09-14,DPC,Good Standing,CO,3650 E 1st Ave #350,,Denver,CO,80206,Registered Agents Inc,Denver
20268146717,ROYLAMP TRADE INC,2026-09-14,DPC,Good Standing,CO,1500 N Grant St Unit 518,,Denver,CO,80203,Registered Agents Inc,Denver
20268146718,Caelum Link Inc,2026-09-14,DPC,Good Standing,CO,215 St Paul St Ste 200,,Denver,CO,80206,Registered Agents Inc,Denver
20268146721,Priasm Flow Inc,2026-09-14,DPC,Good Standing,CO,7550 W Yale Ave suite a-220,,Denver,CO,80227,Registered Agents Inc,Denver
20268146724,"The Corner Man, LLC",2026-09-14,DLLC,Good Standing,CO,1359 N Stratton Ave,,Castle Rock,CO,80104,,Castle Rock
20268146725,Front Range Colorworks LLC,2026-09-14,DLLC,Good Standing,CO,585 Lavastone Ave,,Loveland,CO,80537,,Loveland
20268146726,bareswipe LLC,2026-09-14,DLLC,Good Standing,CO,4 W Dry Creek Cir Ste 100,,Littleton,CO,80120,Registered Agents Inc,Denver
20268146727,Black Raven Trucking LLC,2026-09-14,DLLC,Good Standing,CO,9097 Salida St,,Commerce City,CO,80022,Northwest Registered Agent LLC,Denver
20268146732,Vestera Crest Inc,2026-09-14,DPC,Good Standing,CO,2755 S Locust St Ste 150,,Denver,CO,80222,Registered Agents Inc,Denver
20268146734,BRELVANTIS LLC,2026-09-14,DLLC,Good Standing,CO,2108 N ST #17674,,Sacramento,CA,95816,Northwest Registered Agent LLC,Denver
20268146735,Auralis Core Inc,2026-09-14,DPC,Good Standing,CO,10135 W San Juan Way #110,,Littleton,CO,80127,Registered Agents Inc,Denver
20268146736,Hollenbeck Bookkeeping LLC,2026-09-14,DLLC,Good Standing,CO,117 Grouse Rd,,Buena Vista,CO,81211,,Buena Vista
20268146738,"ENLIGHTED LOTUS, LLC",2026-09-14,DLLC,Good Standing,CO,500 W 123rd Ave,3111,Westminster,CO,80234,"CORPORATE SERVICE CENTER, INC.",Denver
20268146741,All Pro Home Services LLC,2026-09-14,DLLC,Good Standing,CO,8217 Fox St,,Denver,CO,80221,,Denver
20268146742,Aegis Drift Inc,2026-09-14,DPC,Good Standing,CO,7851 S Elati St Ste 102,,Littleton,CO,80120,Registered Agents Inc,Denver
20268146746,Power Mount Concrete Services LLC,2026-09-14,DLLC,Good Standing,CO,1500 N Grant Street,,Denver,CO,80203,Colorado Registered Agent LLC,Denver
20268146750,NKJ ENTERPRISES INC,2026-09-14,FPC,Good Standing,IL,4922 N Silverlace Dr,,CASTLE ROCK,CO,80109-8667,,Castle Rock
20268146754,Cornerstone plumbing solutions llc,2026-09-14,DLLC,Good Standing,CO,2838 Merry Ln,,Colorado Springs,CO,80909,,Colorado Springs
20268146755,Four Corners Capital LLC,2026-09-14,DLLC,Good Standing,CO,35 Meadow Dr,,Telluride,CO,81435,,Telluride
20268146758,PurePawRaw LLC,2026-09-14,DLLC,Good Standing,CO,1568 Clinton st,,Aurora,CO,80010,,Aurora
20268146762,Zovanta inc,2026-09-14,DPC,Good Standing,CO,"18121 E Hampden Ave, Unit C #1024",,Aurora,CO,80013,Cunning Commerce Inc.,Denver
20268146766,"AFMR DV Fund I, LLC",2026-09-14,DLLC,Good Standing,CO,1500 N Grant St Ste R,,Denver,CO,80203,Registered Agents Inc,Denver
20268146768,Summit Bound Rentals LLC,2026-09-14,DLLC,Good Standing,CO,7328 Mount Sherman Rd,,Longmont,CO,80503,,Longmont
20268146771,"1331 Downing, LLC",2026-09-14,DLLC,Good Standing,CO,500 Kalamath St,,Denver,CO,80204,,Denver
20268146772,GoldMint (GM),2026-09-14,DNC,Good Standing,CO,"1500 N GRANT ST, STE R",,Denver,CO,80203,Registered Agents Inc,Denver
20268146774,Little Miss Marion LLC,2026-09-14,DLLC,Good Standing,CO,1312 17th St,#915,Denver,CO,80202,Registered Agents Inc,Denver
20268146775,DANIELLA DEVIVO LLC,2026-09-14,DLLC,Good Standing,CO,4900 Trenton St,,Denver,CO,80238,,Denver
20268146783,ZELTORIX LLC,2026-09-14,DLLC,Good Standing,CO,8 The Green #26992,,Dover,DE,19901,Northwest Registered Agent LLC,Denver
20268146790,"FARMERS CLUB BASEBALL, LLC",2026-09-14,DLLC,Good Standing,CO,10855 W 47th Ave,,Wheat Ridge,CO,80033,"CORPORATE SERVICE CENTER, INC.",Denver
20268146796,NailedXSteeez LLC,2026-09-14,DLLC,Good Standing,CO,9100 E Florida Ave Apt 1-101,,Denver,CO,80247,,Denver
20268146808,"Terra Twin, LLC",2026-09-14,DLLC,Good Standing,CO,1500 N Grant St,Ste N,Denver,CO,80203,Northwest Registered Agent LLC,Denver
20268146817,GT SOLUTIONS LLC,2026-09-14,DLLC,Good Standing,CO,2550 Winding River Dr Unit P1,,Broomfield,CO,80023,,Broomfield
20268146829,"Next Best Move, LLC",2026-09-14,DLLC,Good Standing,CO,12281 W Dakota Dr,,Lakewood,CO,80228,,Lakewood
20268146832,Washudiwa LLC,2026-09-14,DLLC,Good Standing,CO,729 Race St,,Denver,CO,80206,,Denver
20268146835,Little Moments & Co. LLC,2026-09-14,DLLC,Good Standing,CO,1049 Cable St,,Brighton,CO,80603,,Brighton
20268146839,SourPotato LLC,2026-09-14,DLLC,Good Standing,CO,110 16th St Ste 1460,,Denver,CO,80202,Rocky Mountain RA LLC,Denver
20268146848,"Rooted Faith, LLC",2026-09-14,DLLC,Good Standing,CO,1112 Coyote Ln,,Wiggins,CO,80654,,Wiggins
20268146854,SC Performance LLC,2026-09-14,DLLC,Good Standing,CO,436 Miller Rd,,Colorado Springs,CO,80916,,Colorado Springs
20268146857,Sisu Reading LLC,2026-09-14,DLLC,Good Standing,CO,7270 Julynn Rd,,Colorado Springs,CO,80919,,Colorado Springs
