entity_id,name,formed,entity_type,status,jurisdiction,street,street_2,city,state,zip,agent_organization,agent_city
20268238995,ImmiGenie LLC,2026-10-04,DLLC,Good Standing,CO,308 E Oak St Apt 106,,Fort Collins,CO,80524,,Fort Collins
20268239003,TANGDEHAIUK LLC,2026-10-04,DLLC,Good Standing,CO,3900 Sharilane St,,Strasburg,CO,80136,ALIKGARG LLC,ELIZABETH
20268239005,Honey Mart LLC,2026-10-04,DLLC,Good Standing,CO,1500 N Grant St,Ste N,Denver,CO,80203,Northwest Registered Agent LLC,Denver
20268239028,R & L Investments Ltd.,2026-10-04,DLLC,Good Standing,CO,140 W 1st St,,Cortez,CO,81321,"Rogers & Company, P.C.",Cortez
20268239062,Otaku Luxe Ltd.,2026-10-04,DLLC,Good Standing,CO,12640 Rockbridge Cir,,Colorado Springs,CO,80921,,Colorado Springs
20268239084,CanM LLC,2026-10-04,DLLC,Good Standing,CO,640 Mineral Court,,Fruita,CO,81521,ENTITY PROTECT REGISTERED AGENT SERVICES LLC,Denver
20268239098,"Slogar Family Dining, LLC",2026-10-04,DLLC,Good Standing,CO,517 2nd St,,Crested Butte,CO,81224,"Schumacher & O'Loughlin, LLC",Gunnison
20268239138,Bergden Data and Technology Consulting LLC,2026-10-04,DLLC,Good Standing,CO,10699 Torrington Ln,,Highlands Ranch,CO,80126,,Highlands Ranch
20268239140,Novalis Goods Inc.,2026-10-04,DPC,Good Standing,CO,1500 N Grant St,Ste N,Denver,CO,80203,Northwest Registered Agent LLC,Denver
20268239147,Addi Roll Tide Real Estate PLLC,2026-10-04,DLLC,Good Standing,CO,2631 Danbury Ln,,Highlands Ranch,CO,80126,,Highlands Ranch
20268239154,XYCY LLC,2026-10-04,DLLC,Good Standing,CO,1500 N Grant St,Ste N,Denver,CO,80203,Northwest Registered Agent LLC,Denver
20268239168,Ohana Kealoha LLC,2026-10-04,DLLC,Good Standing,CO,2460 Newport St,,Denver,CO,80207,,Denver
20268239174,Southern Colorado Racing And Performance LLC,2026-10-04,DLLC,Good Standing,CO,1531 Shasta Dr,,Colorado Springs,CO,80910,,Colorado Springs
20268239175,Cake Delights By Eddie LLC,2026-10-04,DLLC,Good Standing,CO,1423 Kay St Apt 4,,Longmont,CO,80501,,Longmont
20268239202,Smart solution express llc,2026-10-04,DLLC,Good Standing,CO,10116 Fraser St,,Commerce City,CO,80022,,Commerce City
20268239215,"Fire and Ash Risk Management, LLC",2026-10-04,DLLC,Good Standing,CO,101 S Hideaway Ln,,Pueblo,CO,81007,,Pueblo
20268239218,BUIN DISCOUNTS LLC,2026-10-04,DLLC,Good Standing,CO,7141 Colorado Boulevard APT E 107,,Commerce City,CO,80022,,Commerce City
20268239246,Magpie Outdoor Systems LLC,2026-10-04,DLLC,Good Standing,CO,6610 Holman St Unit 302,,Arvada,CO,80004,"DOUGLAS A. TURNER, P.C.",Golden
20268239257,Frontier Energy Consulting LLC,2026-10-04,DLLC,Good Standing,CO,370 French Pass Cir,,Jefferson,CO,80456,,Jefferson
20268239260,DSPIN Financial Services LLC,2026-10-04,DLLC,Good Standing,CO,1905 N Sherman St Ste 200,,Denver,CO,80203,,Denver
20268239261,Law Courier Services LLC,2026-10-04,DLLC,Good Standing,CO,47321 Lily Ave,,Bennett,CO,80102,,Bennett
20268239266,Hyde Deck House LLC,2026-10-04,DLLC,Good Standing,CO,10770 Florence Ave,,Green Mountain Falls,CO,80819,,Arvada
20268239284,Frasier Living Anywhere LLC,2026-10-04,DLLC,Good Standing,CO,350 Ponca Place,,Boulder,CO,80303,"Frasier Living, Inc.",Boulder
20268239300,Ljc LLC,2026-10-04,DLLC,Good Standing,CO,3212 W Chipeta Ct,,Clifton,CO,81520,,Clifton
20268239312,Willowcrest Collaborations LLC,2026-10-04,DLLC,Good Standing,CO,4333 Corbett Dr PMB 1142,,Fort Collins,CO,80525,"Seven Points, LLC",Fort Collins
20268239313,Scout Ahead LLC,2026-10-04,DLLC,Good Standing,CO,365 Fox Ct,,Boulder,CO,80303,,Boulder
20268239319,Retro Pinball Games LLC,2026-10-04,DLLC,Good Standing,CO,10567 Paint Pl,,Littleton,CO,80125,,Littleton
20268239321,Alex Construction Group LLC,2026-10-04,DLLC,Good Standing,CO,10165 E Carolina Pl Apt 102,,Aurora,CO,80247,,Aurora
20268239324,KH Coordinating LLC,2026-10-04,DLLC,Good Standing,CO,275 S Harrison St Unit 313,,Denver,CO,80209,,Denver
20268239327,Dichoso Holdings LLC,2026-10-04,DLLC,Good Standing,CO,170 County Road 232,,Durango,CO,81303,,Pagosa Springs
20268239335,Wingfit LLC,2026-10-04,DLLC,Good Standing,CO,9887 Aftonwood St,,Highlands Ranch,CO,80126,,Highlands Ranch
20268239358,Huginnsway LLC,2026-10-04,DLLC,Good Standing,CO,4993 W 8th St,,Greeley,CO,80634,,Greeley
20268239364,Lost & Found Therapy LLC,2026-10-04,DLLC,Good Standing,CO,3219 W 19th Ave Unit 1,,Denver,CO,80204,,Denver
20268239365,ATM Transport LLC,2026-10-04,DLLC,Good Standing,CO,1890 Capital Dr,,Colorado Springs,CO,80951,,Colorado Springs
20268239367,Convergence Historical Consulting LLC,2026-10-04,DLLC,Good Standing,CO,1075 N Sherman St Apt 108,,Denver,CO,80203,,Denver
20268239371,Hometown Heat and Air Conditioning LLC,2026-10-04,DLLC,Good Standing,CO,805 Main St,,Hudson,CO,80642,,Hudson
20268239387,The Way Massage Service LLC,2026-10-04,DLLC,Good Standing,CO,2411 S Fundy Cir,,Aurora,CO,80013,,Aurora
20268239392,Cascade Staffing Solutions LLC,2026-10-04,DLLC,Good Standing,CO,1436 Cherry Pl,,Erie,CO,80516,,Erie
20268239415,Superbloom Consulting LLC,2026-10-04,DLLC,Good Standing,CO,4459 Tennyson St,,Denver,CO,80212,,Denver
20268239419,Redline Marketing LLC,2026-10-04,DLLC,Good Standing,CO,1500 N GRANT ST,STE N,DENVER,CO,80203,Northwest Registered Agent LLC,Denver
20268239427,"WWAD, LLC",2026-10-04,DLLC,Good Standing,CO,6460 S Clarkson St,,Centennial,CO,80121,Colorado Worldwide Logistics,Centennial
20268239429,SAW Guitars LLC,2026-10-04,DLLC,Good Standing,CO,828 Northwoods Dr E,,Woodland Park,CO,80863,,Woodland Park
20268239437,Fires Flavors LLC,2026-10-04,DLLC,Good Standing,CO,3812 E Pikes Peak Ave Ste 204,,Colorado Springs,CO,80909,,Colorado Springs
20268239438,Alison Galey LLC,2026-10-04,DLLC,Good Standing,CO,196 Glenway St,,Palmer Lake,CO,80133,,Palmer Lake
20268239441,AlvarezConstruction LLC,2026-10-04,DLLC,Good Standing,CO,10671 Cherrybrook Cir,,Highlands Ranch,CO,80126,,Highlands Ranch
20268239443,Bertrand Holdings LLC,2026-10-04,DLLC,Good Standing,CO,22719 E Eads Cir,,Aurora,CO,80016,,Aurora
20268239454,Vanta Motorsports LLC,2026-10-04,DLLC,Good Standing,CO,15552 E Fremont Dr Unit A106,,Englewood,CO,80112,,Englewood
20268239462,ENSMBL Studios LLC,2026-10-04,DLLC,Good Standing,CO,142 Woody Creek Plz,,Woody Creek,CO,81656,,Woody Creek
20268239463,Replicant Advisors Group LLC,2026-10-04,DLLC,Good Standing,CO,10275 Park Meadows Dr Apt 304,,Lone Tree,CO,80124,"UNITED STATES CORPORATION AGENTS, INC.",Greenwood Village
20268239475,Starlit Creations LLC,2026-10-04,DLLC,Good Standing,CO,3025 S Webster St Apt 3B,,Denver,CO,80227,,Denver
20268239480,Healing Matters LLC,2026-10-04,DLLC,Good Standing,CO,8920 Coberdale Ct,,Colorado Springs,CO,80920-7254,,Colorado Springs
20268239484,NESR LLC,2026-10-04,DLLC,Good Standing,CO,785 N Shawnee St,,Aurora,CO,80018,,Aurora
20268239495,Dvorak Resource Group LLC,2026-10-04,DLLC,Good Standing,CO,10043 E Mexico Ave,,Aurora,CO,80247,,Aurora
20268239521,Roshie And Baby LLC,2026-10-04,DLLC,Good Standing,CO,939 Canterbury Dr,,Lafayette,CO,80026,,Lafayette
20268239538,CC Sparkling Cleaning LLC,2026-10-04,DLLC,Good Standing,CO,4130 W Kentucky Ave,,Denver,CO,80219,,Denver
20268239542,OUTLAW TRAILER TRANSPORTATION LLC,2026-10-04,DLLC,Good Standing,CO,340 N Coffman Ln,,Olathe,CO,81425,,Montrose
20268239543,Mechtribe LLC,2026-10-04,DLLC,Good Standing,CO,618 Teal Cir,,Longmont,CO,80503,,Longmont
20268239550,The Copper Light Studio LLC,2026-10-04,DLLC,Good Standing,CO,6430 W 109th Ave,,Westminster,CO,80020,,Westminster
20268239556,Fresh Reset Cleaning Services LLC,2026-10-04,DLLC,Good Standing,CO,18333 E Elmendorf Dr Unit 416,,Denver,CO,80249,,Denver
20268239563,Old Diamond Builders L.L.C.,2026-10-04,DLLC,Good Standing,CO,180 Terra Vista St,,Brighton,CO,80601,,Brighton
20268239568,"Reece Property Holdings, LLC",2026-10-04,DLLC,Good Standing,CO,8895 Birch Run Dr,,Parker,CO,80134,,Parker
20268239575,"Toph's Tropicals, LLC",2026-10-04,DLLC,Good Standing,CO,642 S 1st Ave,,Brighton,CO,80601,,Brighton
20268239583,Little Warrior Counseling LLC,2026-10-04,DLLC,Good Standing,CO,4833 Front St. Unit B #600,,Castle Rock,CO,80104,,Castle Rock
20268239596,"Mauka to Makai Midwifery, LLC",2026-10-04,DLLC,Good Standing,CO,10523 Wrangell Cir,,Colorado Springs,CO,80924,,Colorado Springs
20268239598,Nubian transportation LLC,2026-10-04,DLLC,Good Standing,CO,817 5th St,,Greeley,CO,80631,,Greeley
20268239611,Grand County Services Co. LLC,2026-10-04,DLLC,Good Standing,CO,110 16th Street,Suite 1460,Denver,CO,80202,Rocky Mountain RA LLC,Denver
20268239626,FINE CONSUMERS RESTAURANT GROUP LLC,2026-10-04,DLLC,Good Standing,CO,804 8th St,,Greeley,CO,80631,,Greeley
20268239635,Haus of Vivian LLC,2026-10-04,DLLC,Good Standing,CO,822 W Kiowa St,,Colorado Springs,CO,80905,,Colorado Springs
20268239639,Tony Cuzner Real Estate L.L.C.,2026-10-04,DLLC,Good Standing,CO,1498 E Irwin Ln,,Centennial,CO,80122,,Centennial
20268239642,Fayn Stay Co LLC,2026-10-04,DLLC,Good Standing,CO,2700 Xavier St,,Denver,CO,80212,,Denver
20268239644,"North Springs Robotics Association, Inc.",2026-10-04,DNC,Good Standing,CO,7014 Grand Prairie Drive,,Colorado Springs,CO,80923,,Colorado Springs
20268239646,Tolentino transport LLC,2026-10-04,DLLC,Good Standing,CO,1522 S Owens St Apt 233,,Denver,CO,80232,Northwest Registered Agent LLC,Denver
20268239649,Legacy Ranch of Colorado LLC,2026-10-04,DLLC,Good Standing,CO,16355 Degroot Rd,,Colorado Springs,CO,80928,VIVA Marketing and Consulting LLC,Colorado Springs
20268239651,XLN BARBER LAB CO LLC,2026-10-04,DLLC,Good Standing,CO,160 Oakland Ct,,Aurora,CO,80011,,Aurora
20268239653,Team Erickson Creative LLC,2026-10-04,DLLC,Good Standing,CO,1425 Silk Oak Dr,,Fort Collins,CO,80525,,Fort Collins
20268239656,FENCELYX LLC,2026-10-04,DLLC,Good Standing,CO,8801 Fox Dr,Ste 309,Thornton,CO,80260,,Denver
20268239660,JFRC Ventures LLC,2026-10-04,DLLC,Good Standing,CO,961 Lakeside Dr Apt 108,,Grand Junction,CO,81506,,Grand Junction
20268239697,Wildcrest Holding LLC,2026-10-04,DLLC,Good Standing,CO,21084 E 62nd Ave,,Aurora,CO,80019,,Denver
20268239702,Bickford Holdings LLC,2026-10-04,FLLC,Good Standing,IL,2524 W. Pensacola,,Chicago,IL,60618,,Denver
20268239724,Colorado Early Music Festival,2026-10-04,DNC,Good Standing,CO,2316 N Glencoe St,,Denver,CO,80207,,Denver
20268239734,A Fetch Consulting LLC,2026-10-04,DLLC,Good Standing,CO,8758 W Glasgow Pl,,Littleton,CO,80128,,Littleton
20268239757,Muddy Marmot Software LLC,2026-10-04,DLLC,Good Standing,CO,1500 N Grant St Ste R,,Denver,CO,80203,Registered Agents Inc,Denver
20268239759,Studebaker Design Ltd,2026-10-04,DLLC,Good Standing,CO,3993 Heatherglenn Ln,,Castle Rock,CO,80104,,Castle Rock
20268239783,"Steel City Mortgage, LLC",2026-10-04,DLLC,Good Standing,CO,30686 Barnett Rd,,Pueblo,CO,81006,,Pueblo
20268239784,Lillies Nails LLC,2026-10-04,DLLC,Good Standing,CO,1549 Chase St,,Lakewood,CO,80214,,Lakewood
20268239785,Evergreen Design LLC,2026-10-04,DLLC,Good Standing,CO,6635 S Dayton St Ste 310,,Greenwood Village,CO,80111,,Greenwood Village
20268239787,GUEY LLC,2026-10-04,DLLC,Good Standing,CO,2450 County Road 314,,New Castle,CO,81647,,New Castle
20268239788,Aecliptica LLC,2026-10-04,DLLC,Good Standing,CO,3330 Larimer St Ste 1A,,Denver,CO,80205,,Denver
20268239790,WOW Landscaping LLC,2026-10-04,DLLC,Good Standing,CO,2803 E 161st Pl,,Thornton,CO,80602,,Thornton
20268239793,Keystone Contract Partners LLC,2026-10-04,DLLC,Good Standing,CO,209 Kalamath St Unit 13,,Denver,CO,80223,"UNITED STATES CORPORATION AGENTS, INC.",Greenwood Village
20268239796,Blue Collar Studios LLC,2026-10-04,DLLC,Good Standing,CO,1500 N Grant St Ste N,,Denver,CO,80203,Northwest Registered Agent LLC,Denver
20268239802,Talonspar LLC,2026-10-04,DLLC,Good Standing,CO,445 E Cheyenne Mtn blvd Stc C #106,,Colorado Springs,CO,80906,Registered Agents Inc,Denver
20268239806,"FewtureSeek, Inc.",2026-10-04,DPC,Good Standing,CO,19883 East Vassar Avenue,,Aurora,CO,80013,,Aurora
20268239811,the dragonfly shoal LLC,2026-10-04,DLLC,Good Standing,CO,110 16th Street Suite 1460,,Denver,CO,80202,Rocky Mountain RA LLC,Denver
20268239816,TDP REV LLC,2026-10-04,DLLC,Good Standing,CO,1500 N Grant St,Ste N,Denver,CO,80203,Northwest Registered Agent LLC,Denver
20268239829,Diamond Pressure Clean LLC,2026-10-04,DLLC,Good Standing,CO,18700 East 59th Avenue 1101,,Denver,CO,80249,,Denver
20268239831,Mythara Labs LLC,2026-10-04,DLLC,Good Standing,CO,5875 E Iliff Ave Apt 317,,Denver,CO,80222,,Denver
20268239832,SG Media Network LLC,2026-10-04,DLLC,Good Standing,CO,1500 N Grant St,Ste N,Denver,CO,80203,Northwest Registered Agent LLC,Denver
20268239840,"Drafting Extensions, LLC",2026-10-04,DLLC,Good Standing,CO,1261 Carlyle Park Cir,,Highlands Ranch,CO,80129,,Highlands Ranch
20268239855,Brendan Overlid LLC,2026-10-04,DLLC,Good Standing,CO,4615 Bancroft Dr,,Castle Rock,CO,80104,,Castle Rock
20268239860,Eddi s Drywall and Painting LLC,2026-10-04,DLLC,Good Standing,CO,8901 huron st,Apt. F-109,Thornton,CO,80260,,Thornton
20268239863,Clear Peak Cleaning Solutions LLC,2026-10-04,DLLC,Good Standing,CO,7864 Firecracker Trail,,Fountain,CO,80817,,Fountain
20268239868,Novo Fiber LLC,2026-10-04,DLLC,Good Standing,CO,770 Laredo St,,Aurora,CO,80011,,Aurora
20268239871,"DXABOLICS, LLC",2026-10-04,DLLC,Good Standing,CO,2525 Arapahoe Ave Unit H7,,Boulder,CO,80302,,Boulder
20268239872,Colorado Moutain Transportation LLC,2026-10-04,DLLC,Good Standing,CO,214 Castle Ridge Dr,,New Castle,CO,81647,,New Castle
20268239875,RD Inc. llc,2026-10-04,DLLC,Good Standing,CO,217 W Jamison Ct,,Littleton,CO,80120,,Littleton
20268239881,A New Clean Beginning LLC,2026-10-04,DLLC,Good Standing,CO,403 W 13th St,,Pueblo,CO,81003,Jager Properties LLC,Denver
20268239887,RW Custom Furniture Ltd.,2026-10-04,DLLC,Good Standing,CO,1012 Butte Pass Dr,,Fort Collins,CO,80526,,Fort Collins
20268239888,JoT Water Quality LLC,2026-10-04,DLLC,Good Standing,CO,12626 1st St,,Parker,CO,80134,,Parker
20268239890,Timber Reborn LLC,2026-10-04,DLLC,Good Standing,CO,1412 War Eagle Trail,,Antonito,CO,81120,,Antonito
20268239892,592 Industries llc,2026-10-04,DLLC,Good Standing,CO,217 W Jamison Ct,,Littleton,CO,80120,,Littleton
20268239898,Lokis Torch LLC,2026-10-04,DLLC,Good Standing,CO,1500 N Grant St,Ste N,Denver,CO,80203,Northwest Registered Agent LLC,Denver
20268239900,Superior Group LLC.,2026-10-04,DLLC,Good Standing,CO,8260 Grandview Ave,,Arvada,CO,80002,,Arvada
20268239902,VSH Construction and Remodels LLC,2026-10-04,DLLC,Good Standing,CO,351475,,Westminster,CO,80035,,Broomfield
20268239913,Whimsy Whale LLC,2026-10-04,DLLC,Good Standing,CO,2831 W 27th Ave Apt 205,,Denver,CO,80211,,Denver
20268239925,INAYAT ALI TRADING LLC,2026-10-04,DLLC,Good Standing,CO,1500 N GRANT ST STE 4890,,DENVER,CO,80203,Registered Agents Inc,Denver
20268239928,Two Skeins LLC,2026-10-04,DLLC,Good Standing,CO,2300 Hermosa Ave,,Durango,CO,81301,,Durango
20268239935,Action Avenues Group LLC,2026-10-04,DLLC,Good Standing,CO,216 Main St,,Sterling,CO,80751,,Sterling
20268239936,TAJJ HAKEEM TRADING LLC,2026-10-04,DLLC,Good Standing,CO,1500 N GRANT ST STE 8759,,DENVER,CO,80203,Registered Agents Inc,Denver
20268239937,Handylinc llc,2026-10-04,DLLC,Good Standing,CO,1608 W 17th St,,Pueblo,CO,81003,,Pueblo
20268239940,TiedTrueFlies LLC,2026-10-04,DLLC,Good Standing,CO,450 Oneida St,,Denver,CO,80220,,Denver
20268239942,FirstRing LLC,2026-10-04,DLLC,Good Standing,CO,boydgarret82@gmail.com,1327 w 84th ave #1913,federal hights,CO,80260,,federal hights
20268239944,DIE RICH LIFESTYLE LLC,2026-10-04,DLLC,Good Standing,CO,3594 E 140th Pl,,Thornton,CO,80602,,Thornton
20268239946,Full Stack Apparel LLC,2026-10-04,DLLC,Good Standing,CO,6818 Noble St,,Colorado Springs,CO,80915,,Colorado Springs
20268239949,Hunt Building Group LLC,2026-10-04,DLLC,Good Standing,CO,5235 Ute Hwy,,Longmont,CO,80503,,Longmont
20268239952,AM Canada LLC,2026-10-04,DLLC,Good Standing,CO,111 Cupped Oak Dr Ste A,,Matthews,NC,28104,,Denver
20268239953,"CTG Pilates, LLC",2026-10-04,DLLC,Good Standing,CO,"7997 Towhee Road, CO",,Parker,CO,80134-2715,,Parker
20268239957,Always Be Throwing LLC,2026-10-04,DLLC,Good Standing,CO,15011 W Warren Ave,,Lakewood,CO,80228,,Lakewood
20268239960,Riverfront Guitars LLC,2026-10-04,DLLC,Good Standing,CO,1580 N Logan St Ste 660 #117534,,Denver,CO,80203,"UNITED STATES CORPORATION AGENTS, INC.",Greenwood Village
20268239961,Lazy Kid Ranch LLC,2026-10-04,DLLC,Good Standing,CO,35055 E Mississippi Ave,,Watkins,CO,80137,,Watkins
20268239976,"Little Bears Family Ranch, LLC",2026-10-04,FLLC,Good Standing,MA,23615 Oehlmann Park Road,,Conifer,CO,80433,"THE LAW OFFICES OF BEHLER, WEESNER, & MCELROY, LLC",Fort Collins
20268239987,UTOPIAJ LLC,2026-10-04,DLLC,Good Standing,CO,6732 E 119th Pl,,Thornton,CO,80233,,Thornton
20268239989,Direline LLC,2026-10-04,DLLC,Good Standing,CO,9603 Taylor River Cir,,Littleton,CO,80125,,Littleton
20268239990,Ayanami LLC,2026-10-04,DLLC,Good Standing,CO,1363 Village Park Ct,,Fort Collins,CO,80526,,Fort Collins
20268239993,Pour Intentions LLC,2026-10-04,DLLC,Good Standing,CO,1104 Damson St,,Pueblo,CO,81001,,Pueblo
20268240001,Summit & Sand Properties LLC,2026-10-04,DLLC,Good Standing,CO,543 Evans Ct,,Basalt,CO,81621,,Basalt
20268240002,Synced Up Productions LLC,2026-10-04,DLLC,Good Standing,CO,7527 Short Grass Ct,,Colorado Springs,CO,80915,,Colorado Springs
20268240009,Lions Pride acquisitions LLC,2026-10-04,DLLC,Good Standing,CO,2715 Water Front St,,Evans,CO,80620,,Evans
20268240010,Forerunner Publishing LLC,2026-10-04,DLLC,Good Standing,CO,96 Harmony Cir,,Westcliffe,CO,81252,,Westcliffe
20268240018,William Drew PA Services LLC,2026-10-04,DLLC,Good Standing,CO,3372 W 33rd Ave,,Denver,CO,80211,,Denver
20268240022,Interstate Farmer Freight LLC,2026-10-04,DLLC,Good Standing,CO,10812 Fremont Dr,,Parker,CO,80134,,Parker
20268240024,Memories in Thread LLC,2026-10-04,DLLC,Good Standing,CO,2508 Wren Dr,,Colorado Springs,CO,80909,,Colorado Springs
20268240034,By SuKi LLC,2026-10-04,DLLC,Good Standing,CO,17725 E Prentice Dr,,Centennial,CO,80015,,Centennial
20268240040,E & P Enterprises LLC,2026-10-04,DLLC,Good Standing,CO,1754 Wildwood St,,Brighton,CO,80603,,Brighton
20268240042,Wadadli Rise LLC,2026-10-04,DLLC,Good Standing,CO,1500 N Grant St,Ste N,Denver,CO,80203,Northwest Registered Agent LLC,Denver
20268240045,"Hecvas Pay, Inc.",2026-10-04,DPC,Good Standing,CO,12666 Montford St,,Pacoima,CA,91331,Registered Agents Inc,Denver
20268240050,AR Commerce llc,2026-10-04,DLLC,Good Standing,CO,2202 E 116th Pl,,Northglenn,CO,80233,,Northglenn
20268240060,"Truckers Direct Mobile Diesel & Fleet Services, LLC",2026-10-04,DLLC,Good Standing,CO,1310 39th Ave,,Greeley,CO,80634,,Greeley
20268240064,The Hobbit House LLC,2026-10-04,DLLC,Good Standing,CO,10501 Prezia Dr,,Austin,TX,78733,Registered Agents Inc,Denver
20268240071,whatchamacallit ltd,2026-10-04,DLLC,Good Standing,CO,7081 S Eudora St,,Centennial,CO,80122,,Centennial
20268240073,Graham Organizing LLP,2026-10-04,DLLP,Good Standing,CO,11 E. Arizona Ave.,2201,Denver,CO,80210,,Denver
20268240075,TL's Garage LLC,2026-10-04,DLLC,Good Standing,CO,1001 Prescott Ave,,Canon City,CO,81212,,Canon City
20268240079,Bryan Nycz LLC,2026-10-04,DLLC,Good Standing,CO,3701 Arapahoe Ave Unit 417,,Boulder,CO,80303,,Boulder
20268240080,CDM Contracting LLC,2026-10-04,DLLC,Good Standing,CO,2911 Lupine Ln,,Evans,CO,80620,,Evans
20268240087,TSJ Enterprises LLC,2026-10-04,DLLC,Good Standing,CO,6260 Colfax Ter,,Colorado Springs,CO,80906,,Colorado Springs
20268240088,Vail Property Works LLC,2026-10-04,DLLC,Good Standing,CO,580 Imperial Dr,,Edwards,CO,81632,,Edwards
20268240089,Himalayan Hospitality Inc,2026-10-04,DPC,Good Standing,CO,3050 28th St,,Boulder,CO,80301,,Broomfield
20268240093,High Peak Industries LLC,2026-10-04,DLLC,Good Standing,CO,25 Farncomb Green,,Breckenridge,CO,80424,,Breckenridge
20268240096,"Never Summer Landscape, LLC",2026-10-04,DLLC,Good Standing,CO,44250 Deer Play Run,,Gunnison,CO,81230,,Gunnison
20268240099,Premier Management Advisors LLC,2026-10-04,DLLC,Good Standing,CO,15813 Higgins Ave,,Fort Lupton,CO,80621,,Fort Lupton
20268240102,PinLo LLC,2026-10-04,DLLC,Good Standing,CO,26638 County Road 388,,Kersey,CO,80644,,Kersey
20268240103,"SnyderTek, LLC",2026-10-04,DLLC,Good Standing,CO,12992 W 74th Dr,,Arvada,CO,80005,,Arvada
20268240106,Solvant Media Limited,2026-10-04,DPC,Good Standing,CO,250 Fillmore St,,Denver,CO,80206,SkyMall Global INC,Denver
20268240110,Clear Ambient LLC,2026-10-04,DLLC,Good Standing,CO,5736 Lake Beckwith Dr,,Colorado City,CO,81019,,Colorado City
20268240116,Servantus LLC,2026-10-04,DLLC,Good Standing,CO,3910 Elati St Apt 380,,Denver,CO,80216,,Denver
20268240118,LuxLife Co. LLC,2026-10-04,DLLC,Good Standing,CO,40 3rd St,,Penrose,CO,81240,,Penrose
20268240119,Top Dog Home Repair LLC,2026-10-04,DLLC,Good Standing,CO,820 Merganser Dr Apt 106,,Fort Collins,CO,80524,,Fort Collins
20268240121,Pace Land Investments LLC,2026-10-04,DLLC,Good Standing,CO,311 Main St,,Stratton,CO,80836,,Stratton
20268240131,"Interpreter One, LLC",2026-10-04,DLLC,Good Standing,CO,6530 Gifford Dr,,Commerce City,CO,80022,,Commerce City
20268240133,827 Chipeta LLC,2026-10-04,DLLC,Good Standing,CO,820 Teller Ave,,Grand Junction,CO,81501,,Grand Junction
20268240145,Dropvera LLC,2026-10-04,DLLC,Good Standing,CO,564 Carbonate St Apt 100,,Buena Vista,CO,81211,,Buena Vista
20268240153,Ironline dirtworks LLC,2026-10-04,DLLC,Good Standing,CO,14555 Tiboria Loop,,Peyton,CO,80831,,Peyton
20268240159,Carboard Collectors LLC,2026-10-04,DLLC,Good Standing,CO,3620 Masters Dr,,Colorado Springs,CO,80907,,Colorado Springs
20268240160,Nahon LLC,2026-10-04,DLLC,Good Standing,CO,17880 E 64th Ave Unit 204,,Denver,CO,80249,,Denver
20268240161,Ace Dragon's Vault LLC,2026-10-04,DLLC,Good Standing,CO,1500 N Grant St Ste R,,Denver,CO,80203,Registered Agents Inc,Denver
20268240162,"Fear The Hero Productions, LLC",2026-10-04,DLLC,Good Standing,CO,3341 Chestnut Ave,,Loveland,CO,80538,,Loveland
20268240163,Sweet Tooth Vending LLC,2026-10-04,DLLC,Good Standing,CO,17895 E 107th Pl,,Commerce City,CO,80022,Northwest Registered Agent LLC,Denver
20268240168,Jade Jewels Nails LLC,2026-10-04,DLLC,Good Standing,CO,3922 W Cleveland Ave,,Wellington,CO,80549,,Wellington
20268240172,Shukr transportation LLC,2026-10-04,DLLC,Good Standing,CO,9100 E Florida Ave Apt 12201,,Denver,CO,80247,,Denver
20268240176,Golden Sunshine & Co LLC,2026-10-04,DLLC,Good Standing,CO,777 Horizon Dr Apt 1210,,Grand Junction,CO,81506,,Grand Junction
20268240178,"Day2 Plumbing, LLC",2026-10-04,DLLC,Good Standing,CO,5387 Fiesta Ln,,Colorado Springs,CO,80918,,Elbert
20268240185,Hello Cozy & Co LLC,2026-10-04,DLLC,Good Standing,CO,10919 Cascading Spring Cir,,Peyton,CO,80831,,Peyton
20268240189,"Mind + Being Therapeutic Services, LLC",2026-10-04,DLLC,Good Standing,CO,1500 N Grant Street,Suite# 12054,Denver,CO,80203,,Denver
20268240199,Golden Makers Collective,2026-10-04,DNC,Good Standing,CO,1308 5th St,,Golden,CO,80403,,Golden
20268240200,Mission Ready Home Services L.L.C.,2026-10-04,DLLC,Good Standing,CO,2324 S Yarrow Way,,Lakewood,CO,80227,,Lakewood
20268240202,Fractal Dreams LLC,2026-10-04,DLLC,Good Standing,CO,9136 W 107th Pl,,Westminster,CO,80021,Rocky Mountain RA LLC,Denver
20268240204,Casawee Trucking LLC,2026-10-04,DLLC,Good Standing,CO,6515 East Union Ave,unit 434,denver,CO,80237,,denver
20268240205,Bright & Tidy Cleaning Ltd.,2026-10-04,DLLC,Good Standing,CO,8711 14th St,,Greeley,CO,80634,,Greeley
20268240207,OPERSKI LLC,2026-10-04,DLLC,Good Standing,CO,1550 Raleigh St Apt 308,,Denver,CO,80204,,Denver
20268240219,RevivPro Wellness Group Inc.,2026-10-04,DPC,Good Standing,CO,"1500 N GRANT ST, STE R",,Denver,CO,80203,Registered Agents Inc,Denver
20268240222,Neural Data Solutions LLC,2026-10-04,DLLC,Good Standing,CO,9915 BRIDGEPORT DR,,COLORADO SPGS,CO,80920,,COLORADO SPGS
20268240231,Cannata Performance LLC,2026-10-04,DLLC,Good Standing,CO,10351 Eaton St,,Westminster,CO,80020,,Westminster
20268240232,D.O.E. LLC,2026-10-04,DLLC,Good Standing,CO,1509 E owen cir,,Colorado Springs,CO,80915,Northwest Registered Agent LLC,Denver
20268240233,The Road Not Given LLC,2026-10-04,DLLC,Good Standing,CO,1580 N Logan St Ste 660 #815607,,Denver,CO,80203,"UNITED STATES CORPORATION AGENTS, INC.",Greenwood Village
20268240240,SunSet Pro LLC,2026-10-04,DLLC,Good Standing,CO,1500 N Grant St,Ste N,Denver,CO,80203,Northwest Registered Agent LLC,Denver
20268240248,SAMAGS AUTO DEALERSHIP LLC,2026-10-04,DLLC,Good Standing,CO,736 Squire St,,Colorado Springs,CO,80911,,Colorado Springs
20268240257,Desert Edge Holdings LLC,2026-10-04,DLLC,Good Standing,CO,3767 F 1/4 Rd,,Palisade,CO,81526,,Palisade
20268240263,Accelerate Missions Consulting,2026-10-04,DNC,Good Standing,CO,2802 Dusk Dr,,Colorado Springs,CO,80918,,Colorado Springs
20268240264,"Pilagris, LLC",2026-10-04,DLLC,Good Standing,CO,834 Grissom Dr,,Colorado Springs,CO,80915,"PATRICIA JO STONE, P.C.",Parker
20268240268,Chi Rho Code LLC,2026-10-04,DLLC,Good Standing,CO,1500 N Grant St,Ste N,Denver,CO,80203,Northwest Registered Agent LLC,Denver
20268240285,Vacay Cleaners GJ LLC,2026-10-04,DLLC,Good Standing,CO,251 Nashua Ct,,Grand Junction,CO,81503,,Grand Junction
20268240298,B&B Basecamp LLC,2026-10-04,DLLC,Good Standing,CO,2079 W 44th Ave,,Denver,CO,80211,Bobby The Broker LLC,Denver
20268125870,"The Tack Shed, LLC",2026-10-03,DLLC,Good Standing,CO,1500 N Grant St,#10894,Denver,CO,80203,Registered Agents Inc,Denver
20268237765,TutorRush LLC,2026-10-03,DLLC,Good Standing,CO,6339 Village Ln,,Centennial,CO,80111,,Centennial
20268237771,Lyora Ltd.,2026-10-03,DLLC,Good Standing,CO,8330 Stonybridge Cir,,Highlands Ranch,CO,80126,,Highlands Ranch
20268237779,Loves' Nest llc,2026-10-03,DLLC,Good Standing,CO,6155 Balsam St,,Arvada,CO,80004,,Arvada
20268237784,Sunshine Heating and Air LLC,2026-10-03,DLLC,Good Standing,CO,7714 Wyandot St,,Denver,CO,80221,Northwest Registered Agent LLC,Denver
20268237785,Sintaura LLC,2026-10-03,DLLC,Good Standing,CO,19415 Indian Summer Lane,,Monument,CO,80132,,Monument
20268237794,WebCranny Ltd.,2026-10-03,DLLC,Good Standing,CO,7255 Country Side Grv,,Fountain,CO,80817,,Fountain
20268237810,"Bel Aire Chalet, LLC",2026-10-03,DLLC,Good Standing,CO,4080 Dover St,,Wheat Ridge,CO,80033,Colorado Registered Agent LLC,Denver
20268237817,Blake Ventures LLC,2026-10-03,DLLC,Good Standing,CO,220 S Wilcox St,#366,Castle Rock,CO,80105,,Castle Rock
20268237820,Bailey&Burk Bookkeeping LLC,2026-10-03,DLLC,Good Standing,CO,6665 Upham Street,,Arvada,CO,80003,,Arvada
20268237821,"PauleyCo, LLC",2026-10-03,DLLC,Good Standing,CO,2806 Middlesborough Ct,,Fort Collns,CO,85716,,Fort Collins
20268237848,"PINNACLE INVESTMENTS ARV, LLC",2026-10-03,DLLC,Good Standing,CO,1500 N Grant St Ste N,,Denver,CO,80203,Northwest Registered Agent LLC,Denver
20268237867,Berthoud Storage LLC,2026-10-03,DLLC,Good Standing,CO,106 Sunset Ct,,Loveland,CO,80537,,Windsor
20268237873,Gifti Transport LLC,2026-10-03,DLLC,Good Standing,CO,11938 E 1st Pl,,Aurora,CO,80011,,Aurora
20268237874,Berthoud Farm LLC,2026-10-03,DLLC,Good Standing,CO,106 Sunset Ct,,Loveland,CO,80537,,Windsor
20268237876,Pro Pearl Cleaning LLC,2026-10-03,FLLC,Good Standing,NY,1500 N Grant St,,Denver,CO,80203,Northwest Registered Agent LLC,Denver
20268237877,Bytrox Global Limited,2026-10-03,DPC,Good Standing,CO,8400 E PRENTICE AVE STE 500,,GREENWOOD VILLAGE,CO,80111,Coykzxouy Inc,Englewood
20268237888,Damavand LLC,2026-10-03,DLLC,Good Standing,CO,1905 Kohler Dr,,Boulder,CO,80305,,Boulder
20268237897,H&H Home Improvements LLC,2026-10-03,DLLC,Good Standing,CO,4845 Gibraltar St,,Denver,CO,80249,,Denver
20268237932,Insanity Wars LLC,2026-10-03,DLLC,Good Standing,CO,1500 N Grant St Ste R,,Denver,CO,80203,Registered Agents Inc,Denver
20268237947,Night Orders Studio LLC,2026-10-03,DLLC,Good Standing,CO,1343 Parker Drive,,Longmont,CO,80501,,Longmont
20268237972,"Shining Willow, LLC",2026-10-03,DLLC,Good Standing,CO,4833 Front Street,Unit B #600,Castle Rock,CO,80104,,Castle Rock
20268237974,WrightLine LLC.,2026-10-03,DLLC,Good Standing,CO,901 Watson Ln,,Littleton,CO,80123,,Littleton
20268238000,"For Love and Loaves Sourdough Co., LLC",2026-10-03,DLLC,Good Standing,CO,9854 Salford Ln,,Highlands Ranch,CO,80126,Northwest Registered Agent LLC,Denver
20268238020,"Soto Drywall, LLC",2026-10-03,DLLC,Good Standing,CO,578 Mount Evans Street,,Longmont,CO,80504-4632,,Longmont
20268238027,YouKnow Entertainment LLC,2026-10-03,DLLC,Good Standing,CO,7930 Piney River Ave,,Littleton,CO,80125,,Littleton
20268238029,"Freedom Fleet, LLC",2026-10-03,DLLC,Good Standing,CO,9771 Fred Dr,,Northglenn,CO,80260,,Northglenn
20268238039,Live Event Production Academy LLC,2026-10-03,DLLC,Good Standing,CO,940 Elm St,,Louisville,CO,80027,,Louisville
20268238046,"Carrie-On Adventures, LLC",2026-10-03,DLLC,Good Standing,CO,10535 Holyoke Dr,,Parker,CO,80134,,Parker
20268238048,The Meredith Collective Solutions LLC,2026-10-03,DLLC,Good Standing,CO,6767 S Vine St PMB 1123,,Centennial,CO,80122,,CENTENNIAL
20268238056,Defending Democracy Together,2026-10-03,FNC,Good Standing,VA,"601 Pennsylvania Avenue, NW","South Building, #900",Washington,DC,20004,CORPORATION SERVICE COMPANY,Littleton
20268238057,Haas of Pain Ltd,2026-10-03,DLLC,Good Standing,CO,1329 Cimarron Cir,,Eaton,CO,80615,,Eaton
20268238061,Arandu Peaks Consulting LLC,2026-10-03,DLLC,Good Standing,CO,3 Cook Ct,,Eagle,CO,81631,,Eagle
20268238078,Heart to Heart Foundation,2026-10-03,FNC,Good Standing,NC,14925 HENRY HARRISON STILLWELL DR,,Huntersville,NC,28078,,Arvada
20268238084,HAIANHPICK LLC,2026-10-03,DLLC,Good Standing,CO,1500 N Grant St,#4944,Denver,CO,80203,Northwest Registered Agent LLC,Denver
20268238091,Moore Legacy Kennels LLC,2026-10-03,DLLC,Good Standing,CO,6795 Century Crest Pt Apt 102,,Colorado Springs,CO,80920,,Colorado Springs
20268238095,Nine19 LLC,2026-10-03,DLLC,Good Standing,CO,13721 Penfold Dr,,Colorado Springs,CO,80921,,Colorado Springs
20268238106,"Dart Music, LLC",2026-10-03,DLLC,Good Standing,CO,2642 Lilac Circle,,Erie,CO,80516,"Theresa A. Pickner - Attorney at Law, PLLC",Longmont
20268238117,Gus & Brody Group LLC,2026-10-03,DLLC,Good Standing,CO,2600 Greensborough Dr,,Highlands Ranch,CO,80129,,Highlands Ranch
20268238125,HLNAs Power Wash and Detailing LLC,2026-10-03,DLLC,Good Standing,CO,222 S. NEWBERN WAY,,Aurora,CO,80018,,Aurora
20268238136,Skillful Current LLC,2026-10-03,DLLC,Good Standing,CO,7018 Indian Peaks Trl,,Boulder,CO,80301,,Boulder
20268238140,Species LLC,2026-10-03,DLLC,Good Standing,CO,5562 Olde Stage Rd,,Boulder,CO,80302,,Boulder
20268238153,Gallegos Compassionate Care LLC,2026-10-03,DLLC,Good Standing,CO,6465 S Dayton St,,Englewood,CO,80111,,Englewood
20268238167,ABSOLUTE LIAM LLC,2026-10-03,DLLC,Good Standing,CO,1500 N Grant St,Ste R,Denver,CO,80203,Registered Agents Inc,Denver
20268238170,Prometheus Powersports LLC,2026-10-03,DLLC,Good Standing,CO,10513 Carlile St,,Northglenn,CO,80233,,Northglenn
20268238174,CIS LLC,2026-10-03,DLLC,Good Standing,CO,9770 Melody Dr,,Northglenn,CO,80260,,Northglenn
20268238180,Cattail Ashiastu Massage LLC,2026-10-03,DLLC,Good Standing,CO,1950 Terry St,,Longmont,CO,80501,,Longmont
20268238183,The Mane Event LLC,2026-10-03,DLLC,Good Standing,CO,7654 McLaughlin Rd,,Peyton,CO,80831,,Colorado Springs
20268238192,RR FAST DELIVERIES LLC,2026-10-03,DLLC,Good Standing,CO,5301 Altura St,,Denver,CO,80239,,Denver
20268238204,Multi-Class Holdings LLC,2026-10-03,DLLC,Good Standing,CO,509 Mallard Dr,,Severance,CO,80550,,Severance
20268238224,Delicate Chaos LLC,2026-10-03,DLLC,Good Standing,CO,3071 Alegre Ct,,Grand Junction,CO,81504,,Grand Junction
20268238225,Tailhaven Pet Essentials LLC,2026-10-03,DLLC,Good Standing,CO,1400 E 7th Ave,,Denver,CO,80218,AURELITHIUM TRADING LLC,DENVER
20268238234,C&M Junk Haul LLC,2026-10-03,DLLC,Good Standing,CO,132 Wheat Ridge St,,Palmer Lake,CO,80133,,Palmer Lake
20268238239,Plenor Trading LLC,2026-10-03,DLLC,Good Standing,CO,2300 E 12th Ave,,Denver,CO,80206,AURELITHIUM TRADING LLC,DENVER
20268238241,HERR Impact Inc,2026-10-03,DNC,Good Standing,CO,6795 East Tennessee Ave,Ste 1-336,Denver,CO,80224,HIDDEN AMENITIES LLC,Denver
20268238247,"Amber Key Properties, LLC",2026-10-03,DLLC,Good Standing,CO,4799 S. Tempe St,,Aurora,CO,80015,,Aurora
20268238251,Chapin Collectibles LLC,2026-10-03,DLLC,Good Standing,CO,464 E Briarwood Dr,,Centennial,CO,80122,,Centennial
20268238253,Fraser Valley Smart Homes LLC,2026-10-03,DLLC,Good Standing,CO,263 Meadow Mile,Bldg AA7,Fraser,CO,80442,,Fraser
20268238255,Xaltor Trading LLC,2026-10-03,DLLC,Good Standing,CO,3200 E 7th Ave Pkwy,,Denver,CO,80206,AURELITHIUM TRADING LLC,DENVER
20268238263,Nickerson Enterprise LLC,2026-10-03,DLLC,Good Standing,CO,102 Pequena Ct,,Whitewater,CO,81527,,Whitewater
20268238267,Shi Lo Investment LLC,2026-10-03,DLLC,Good Standing,CO,400 Westwood Drive,,Denver,CO,80206,,Denver
20268238270,He Is Mighty Band LLC,2026-10-03,DLLC,Good Standing,CO,1500 N Grant St,Ste N,Denver,CO,80203,Northwest Registered Agent LLC,Denver
20268238273,Sergios Prestige Detail LLC,2026-10-03,DLLC,Good Standing,CO,16463 E 96th Way,,Commerce City,CO,80022,,Commerce City
20268238275,Dravix Trading LLC,2026-10-03,DLLC,Good Standing,CO,1100 HUMBOLDT ST,,Denver,CO,80218,AURELITHIUM TRADING LLC,DENVER
20268238276,Saddle Ridge Advisory LLC,2026-10-03,DLLC,Good Standing,CO,2243 Meadow Vale Rd,,Longmont,CO,80504,,Longmont
20268238286,NoPortage LLC,2026-10-03,DLLC,Good Standing,CO,1500 N Grant St,Ste N,Denver,CO,80203,Northwest Registered Agent LLC,Denver
20268238295,Siahsang LLC,2026-10-03,DLLC,Good Standing,CO,1905 Kohler Dr,,Boulder,CO,80305,,Boulder
20268238307,The Cluttered Corner LLC,2026-10-03,DLLC,Good Standing,CO,1081 McMurdo Cir,,Castle Rock,CO,80108,,Castle Rock
20268238309,My Pathway Home LLC.,2026-10-03,DLLC,Good Standing,CO,2790 N Academy Blvd Ste 206,,Colorado Springs,CO,80917,"Pathway Partners Counseling Services, PLLC.",Colorado Springs
20268238321,MJ SportsCards LLC,2026-10-03,DLLC,Good Standing,CO,604 Mendocino Dr,,Loveland,CO,80538,,Loveland
20268238327,FIGIS LLC,2026-10-03,DLLC,Good Standing,CO,"1580 N Logan St Ste 660 #142141,",,Denver,CO,80203,"UNITED STATES CORPORATION AGENTS, INC.",Greenwood Village
20268238349,Lightning Asset Advisory LLC,2026-10-03,DLLC,Good Standing,CO,14680 Hudson St,,Thornton,CO,80602,,Thornton
20268238372,"AutoMobile Repair , LLC",2026-10-03,DLLC,Good Standing,CO,18916 E Briargate Ln Apt 1F,,Parker,CO,80134,,Parker
20268238375,VELORIA OUTDOOR LLC,2026-10-03,DLLC,Good Standing,CO,10260 WASHINGTON ST APT 637,,THORNTON,CO,80229,ALIKGARG LLC,ELIZABETH
20268238377,Shes Pressed Enterprises LLC,2026-10-03,DLLC,Good Standing,CO,1500 N Grant St Ste R,,Denver,CO,80203,Registered Agents Inc,Denver
20268238389,Eternal Mountain Works LLC,2026-10-03,DLLC,Good Standing,CO,2039 Vinewood Lane,,Pueblo,CO,81005,,Pueblo
20268238390,One Day At A Time Coaching LLC,2026-10-03,DLLC,Good Standing,CO,2835 Links Dr,,Boulder,CO,80301,"UNITED STATES CORPORATION AGENTS, INC.",Greenwood Village
20268238399,LUMI CLEAN LLC,2026-10-03,DLLC,Good Standing,CO,18333 E Elmendorf Dr Unit 213,,Denver,CO,80249,,Denver
20268238404,Skyline Spatial Media LLC,2026-10-03,DLLC,Good Standing,CO,932 Fraser St,,Aurora,CO,80011,,Aurora
20268238407,Denver Apartment Locators LLC,2026-10-03,DLLC,Good Standing,CO,6102 Blue Ridge Dr Apt A,,Highlands Ranch,CO,80130,,Highlands Ranch
20268238409,McGuirk Automotive LLC,2026-10-03,DLLC,Good Standing,CO,4225 E Mexico Ave Apt 1201,,Denver,CO,80222,,Denver
20268238419,Merks Manifested LLC,2026-10-03,DLLC,Good Standing,CO,4505 Sherman St,,Denver,CO,80216,,Denver
20268238421,Fairmount Scholarship Foundation,2026-10-03,FNC,Good Standing,PA,502 W 7th Street,Suite 100,Erie,PA,16502,Rocky Mountain RA LLC,Denver
20268238424,Nelson Development Co. LLC,2026-10-03,DLLC,Good Standing,CO,5940 W Rowland Ave,,Littleton,CO,80128,,Littleton
20268238447,Peppers Ghost Innovations LLC,2026-10-03,DLLC,Good Standing,CO,215 Rabbit Rd,,Carbondale,CO,81623,,Carbondale
20268238451,CC Sweet Boutique LLC,2026-10-03,DLLC,Good Standing,CO,2802 40th Ave,,Greeley,CO,80634,,Greeley
20268238457,"Longs Peak Logistics, LLC",2026-10-03,DLLC,Good Standing,CO,1977 Canada Goose Dr,,Loveland,CO,80537,,Loveland
20268238465,ELMARD IMPACT HOLDINGS LLC,2026-10-03,DLLC,Good Standing,CO,4870 Newstead Pl,,Colorado Springs,CO,80906,"ELMARD PROVIDENCE GROUP, LLC",Colorado Springs
20268238478,"Hebein Estimating Services, LLC",2026-10-03,DLLC,Good Standing,CO,9527 Clayton Ct,,Thornton,CO,80229,,Thornton
20268238482,Gaelina LLC,2026-10-03,DLLC,Good Standing,CO,820 S Monaco Parkway #213,,Denver,CO,80224-1047,,Denver
20268238494,"Healthy Minds Innovations, Inc.""",2026-10-03,FPC,Good Standing,WI,625 W. Washington Ave,,Madison,WI,53703,Rocky Mountain RA LLC,Denver
20268238498,LONCHERIA LOS CANACOS LLC,2026-10-03,DLLC,Good Standing,CO,3500 35th Ave Lot 172,,Greeley,CO,80634,,Greeley
20268238503,IceX Foundation,2026-10-03,DNC,Good Standing,CO,110 16th Street Suite 1460 D,,Denver,CO,80202,Rocky Mountain RA LLC,Denver
20268238508,"The Troubadour, LLC",2026-10-03,DLLC,Good Standing,CO,1500 N Grant St,#6870,Denver,CO,80203,Registered Agents Inc,Denver
20268238516,AFRICA FOOD TASTE LLC,2026-10-03,DLLC,Good Standing,CO,5520 W 79th Ave Apt 8,,Arvada,CO,80003,,Arvada
20268238520,"IceX Castle Rock Management, LLC",2026-10-03,DLLC,Good Standing,CO,110 16th Street Suite 1460 D,,Denver,CO,80202,Rocky Mountain RA LLC,Denver
20268238523,CivilWorks,2026-10-03,FPC,Good Standing,MN,"7201 Ohms Lane, Suite 100",,Minneapolis,MN,55436,Rocky Mountain RA LLC,Denver
20268238529,Nivra Trading LLC,2026-10-03,DLLC,Good Standing,CO,533 N MAIN ST,,WINSLOW,IN,47598,AURELITHIUM TRADING LLC,DENVER
20268238532,Erik Welds and Fabricates LLC,2026-10-03,DLLC,Good Standing,CO,32700 US Highway 6 Spc 169,,Edwards,CO,81632,,Edwards
20268238537,Newlin Materials LLC.,2026-10-03,DLLC,Good Standing,CO,10763 Hayloft St,,Parker,CO,80134,,Parker
20268238549,"Big Enough to Try, LLC",2026-10-03,DLLC,Good Standing,CO,1067 E US Hwy 24,#250,Woodland Park,CO,80863,Registered Agents Inc,Denver
20268238550,KaiLoveDesigns LLC,2026-10-03,DLLC,Good Standing,CO,11203 Day Star Ct,,Parker,CO,80138,,Parker
20268238563,SaaJ Yoga Sound Wellness LLC,2026-10-03,DLLC,Good Standing,CO,22583 E Piccolo Way,,Aurora,CO,80016,,Aurora
20268238564,MIGHTY MONTE SERVICES LLC,2026-10-03,DLLC,Good Standing,CO,1033 E 19th,,Rifle,CO,81650,,Rifle
20268238572,AcquiSourced Technologies LLC,2026-10-03,DLLC,Good Standing,CO,1500 N Grant St,Ste N,Denver,CO,80203,Northwest Registered Agent LLC,Denver
20268238573,Next Level Productions LLC,2026-10-03,DLLC,Good Standing,CO,1000 S Broadway Apt 147,,Denver,CO,80209,,Denver
20268238578,Muze Systems LLC,2026-10-03,DLLC,Good Standing,CO,338 Espinoza St,,Erie,CO,80516,,Erie
20268238590,BMJ Trucking L.L.C.,2026-10-03,DLLC,Good Standing,CO,411 Circle dr.,,Fort Morgan,CO,80701,,Fort Morgan
20268238595,Simple Leaf Services LLC,2026-10-03,DLLC,Good Standing,CO,1500 N Grant St,Ste R,Denver,CO,80203,Registered Agents Inc,Denver
20268238599,"Desert Cottontail Accounting, LLC",2026-10-03,DLLC,Good Standing,CO,7349 S Alkire St Apt 302,,Littleton,CO,80127,,Littleton
20268238615,Andra's Domain LLC,2026-10-03,DLLC,Good Standing,CO,"1003 Ruppel St, Apt 612",,Pueblo,CO,80203,"UNITED STATES CORPORATION AGENTS, INC.",Greenwood Village
20268238616,Jolly Hospitality LLC,2026-10-03,DLLC,Good Standing,CO,1675 S Steele St,,Denver,CO,80210,,Denver
20268238621,Breck ZEACH LLC,2026-10-03,DLLC,Good Standing,CO,2021 S Lewis Ave.,Ste 450,Tulsa,OK,74104,Northwest Registered Agent LLC,Denver
20268238626,"The Refined Sale, LLC",2026-10-03,DLLC,Good Standing,CO,4310 Reed St,,Wheat Ridge,CO,80033,,Wheat Ridge
20268238630,"DaVinci Teeth Whitening - Pueblo, Ltd.",2026-10-03,DLLC,Good Standing,CO,226 1/2 S Union Ave Unit 210,,Pueblo,CO,81003,,Pueblo
20268238633,The Braid Bar LLC,2026-10-03,DLLC,Good Standing,CO,5706 S Grand Baker Ct,,Aurora,CO,80016,,Aurora
20268238651,Ford Creative LLC,2026-10-03,DLLC,Good Standing,CO,3199 S Pearl St,,Englewood,CO,80113,,Englewood
20268238654,"Rook Enterprises, LLC",2026-10-03,DLLC,Good Standing,CO,13966 Lake Isle Ln,,Broomfield,CO,80023,,Broomfield
20268238659,EV LUXURY TRANSPORTATION LLC,2026-10-03,DLLC,Good Standing,CO,7100 E EVANS AVE,UNIT 131A,DENVER,CO,80224,,DENVER
20268238663,"KJP Field Services, LLC",2026-10-03,DLLC,Good Standing,CO,650 S CANOSA CT,,DENVER,CO,80219,,DENVER
20268238669,Psensky Music LLC,2026-10-03,DLLC,Good Standing,CO,89 Paloma Hts Apt 101,,Colorado Springs,CO,80921,ENTITY PROTECT REGISTERED AGENT SERVICES LLC,Denver
20268238672,K&S Homes LLC,2026-10-03,DLLC,Good Standing,CO,37250 Quail Dr,,Elizabeth,CO,80107,,Elizabeth
20268238676,Discovery Business Development LLC,2026-10-03,DLLC,Good Standing,CO,10044 Tennyson Ct,,Westminster,CO,80031,,Westminster
20268238681,"Freestone Wealth, LLC",2026-10-03,DLLC,Good Standing,CO,30480 Stagecoach Blvd,Suite 380,Evergreen,CO,80433,,Evergreen
20268238684,InfinUMi 9 Designs LLC,2026-10-03,DLLC,Good Standing,CO,7887 East Belleview Ave. Suite 1100A PMB 1413,,Denver,CO,80111,ENTITY PROTECT REGISTERED AGENT SERVICES LLC,Denver
20268238688,Elle Forthofer Art Ltd.,2026-10-03,DLLC,Good Standing,CO,3111 Sumac St,,Fort Collins,CO,80526,,Fort Collins
20268238705,Skyline Sunshine LLC,2026-10-03,DLLC,Good Standing,CO,6472 Meade Way,,Arvada,CO,80003,Registered Agents Inc,Denver
20268238713,CK Cards LLC,2026-10-03,DLLC,Good Standing,CO,847 N Yantley St,,Aurora,CO,80018,,Aurora
20268238718,Felt and Fate Hat Company LLC,2026-10-03,DLLC,Good Standing,CO,3992 W Eastman Ave,,Denver,CO,80236,,Denver
20268238721,JT Labs LLC,2026-10-03,DLLC,Good Standing,CO,1500 N Grant St Ste R,,Denver,CO,80203,Registered Agents Inc,Denver
20268238723,Land Run 1889 Roofing & Construction LLC,2026-10-03,FLLC,Good Standing,OK,14425 Terra vita dr,,Edmond,OK,73034,Registered Agents Inc,Denver
20268238728,Roxy's Roughnecks LLC,2026-10-03,DLLC,Good Standing,CO,238 Shoshone Trl,,Westcliffe,CO,81252,Registered Agents Inc,Denver
20268238730,Lantern & Locket Events LLC,2026-10-03,DLLC,Good Standing,CO,2069 W Highway 34,,Drake,CO,80515,,Drake
20268238736,Carol Peck Design LLC,2026-10-03,DLLC,Good Standing,CO,19 S Lookout Mountain Rd,,Golden,CO,80401,Registered Agents Inc,Denver
20268238743,McLain Rehab & Performance LLC,2026-10-03,DLLC,Good Standing,CO,501 S Ogden St,,Denver,CO,80209,Registered Agents Inc,Denver
20268238747,PENTAGONIX NIGHT CLUB LLC,2026-10-03,DLLC,Good Standing,CO,2788 S Federal Blvd,,Denver,CO,80236,Registered Agents Inc,Denver
20268238750,"Clothing Across America, Inc.",2026-10-03,FNC,Good Standing,WI,306 Pine Street,,Neenah,WI,54956,Rocky Mountain RA LLC,Denver
20268238751,PeopleWise HR LLC,2026-10-03,DLLC,Good Standing,CO,3021 E 10th Ave,,Denver,CO,80206,Registered Agents Inc,Denver
20268238757,Keller Web Studios LLC,2026-10-03,DLLC,Good Standing,CO,341 Dry Creek Dr Unit D212,,Longmont,CO,80503,Registered Agents Inc,Denver
20268238758,Kiss My SaaS LLC,2026-10-03,DLLC,Good Standing,CO,8375 Cobblestone St,,Highlands Ranch,CO,80126,,Highlands Ranch
20268238760,Everbyte IT Services LLC,2026-10-03,DLLC,Good Standing,CO,13875 North Travois Trail,,Parker,CO,80138,,Parker
20268238764,JTK Resale LLC,2026-10-03,DLLC,Good Standing,CO,10921 Ballona Dr,,Colorado Springs,CO,80925,Registered Agents Inc,Denver
20268238765,Catalytic Soul L.L.C.,2026-10-03,DLLC,Good Standing,CO,1500 N Grant St,Ste N,Denver,CO,80203,Northwest Registered Agent LLC,Denver
20268238768,Nadine Martin NP LLC,2026-10-03,DLLC,Good Standing,CO,4157 Niblick Dr,,Longmont,CO,80503,Northwest Registered Agent LLC,Denver
20268238771,"Barefoods Brand, LLC",2026-10-03,DLLC,Good Standing,CO,551 County Rd 44Z N,,Norwood,CO,81423,,Norwood
20268238772,Trevarthen Consulting LLC,2026-10-03,DLLC,Good Standing,CO,1187 Auburn Dr Apt 133,,Castle Rock,CO,80109,,Castle Rock
20268238773,Boost Driven Performance LLC,2026-10-03,DLLC,Good Standing,CO,1945 Ashford Cir,,Longmont,CO,80504,Registered Agents Inc,Denver
20268238774,103 CR 529 LLC,2026-10-03,DLLC,Good Standing,CO,1500 N Grant St,Ste N,Denver,CO,80203,Northwest Registered Agent LLC,Denver
20268238775,SpringSide LLC,2026-10-03,DLLC,Good Standing,CO,1500 N Grant St Ste R,,Denver,CO,80203,Registered Agents Inc,Denver
20268238776,Like Fam Barkery LLC,2026-10-03,DLLC,Good Standing,CO,5847 Carrick Lane,,Colorado Springs,CO,80927,,Colorado Springs
20268238779,Jack of Diamonds Coatings LLC,2026-10-03,DLLC,Good Standing,CO,100 Plowshare Ln,,Platteville,CO,80651,,Platteville
20268238784,ANWAR TRANSPORTATION LLC,2026-10-03,DLLC,Good Standing,CO,4401 Fraser Way Unit 104,,Denver,CO,80239,,Denver
20268238786,InnoTechNine Limited Liability Co.,2026-10-03,DLLC,Good Standing,CO,5954 S Coventry Ln E,,Littleton,CO,80123,,Littleton
20268238789,Essential Landscapes-Pueblo LLC,2026-10-03,DLLC,Good Standing,CO,2404 Tucci Ln,,Pueblo,CO,81004,,pueblo
20268238791,M&W Freight Solutions LLC,2026-10-03,DLLC,Good Standing,CO,3603 S 120th East Pl,,Tulsa,OK,74146,Team McCullough LLC,Pueblo
20268238792,Northeastern Bible College,2026-10-03,DNC,Good Standing,CO,1521 Blake St,Suite 63421,Denver,CO,80202,"INCORP SERVICES, INC.",DENVER
20268238798,"Four Horizons Ranch, LLC",2026-10-03,DLLC,Good Standing,CO,2034 Vista Shores Ct,,Fort Collins,CO,80524,,Fort Collins
20268238799,R. A. Powers Consulting LLC,2026-10-03,DLLC,Good Standing,CO,5847 Carrick Lane,,Colorado Springs,CO,80927,,Colorado Springs
20268238800,"EverHaven Home Co., LLC",2026-10-03,DLLC,Good Standing,CO,4560 W Mineral Dr Unit 1611,,Littleton,CO,80128,,Littleton
20268238801,Summit Global Wellness LLC,2026-10-03,DLLC,Good Standing,CO,1500 N GRANT ST,STE N,DENVER,CO,80203,Northwest Registered Agent LLC,Denver
20268238804,"SP Asset Management, LLC",2026-10-03,FLLC,Good Standing,AK,200 W 34th Ave,#977,ANCHORAGE,AK,99503,,Denver
20268238806,"Exact Title LoKation, LLC",2026-10-03,DLLC,Good Standing,CO,2115 W 44th Ave,,Denver,CO,80211,,Castle Rock
20268238807,"Montani Oro, LLC",2026-10-03,DLLC,Good Standing,CO,15968 Clayton St,,Thornton,CO,80602,,Thornton
20268238809,Briqq Yarrd Entertainment LLC,2026-10-03,DLLC,Good Standing,CO,1635 Tahlequah Dr,,Colorado Springs,CO,80915,,Colorado Springs
20268238810,"Cuttlefish Industries, LLC",2026-10-03,DLLC,Good Standing,CO,17120 W 64th Dr,,Arvada,CO,80007,,Arvada
20268238811,Rise and Balance LLC,2026-10-03,DLLC,Good Standing,CO,173 Lodge Pole Way,,Black Hawk,CO,80422,,Black Hawk
20268238814,M.O.B Knife Sharpening LLC,2026-10-03,DLLC,Good Standing,CO,11786 Gray Way,,Westminster,CO,80020,,Westminster
20268238815,Apogee Consultants LLC,2026-10-03,DLLC,Good Standing,CO,6860 Garrison St,,Arvada,CO,80004,,Arvada
20268238816,Rheonova Ltd.,2026-10-03,DLLC,Good Standing,CO,1467 Hathaway Dr Apt 1,,Colorado Springs,CO,80915,,Colorado Springs
20268238823,ATL Flooring LLC,2026-10-03,DLLC,Good Standing,CO,540 Florence St,,Aurora,CO,80010,,Aurora
20268238825,Slade Ridge Precision Woodworking LLC,2026-10-03,DLLC,Good Standing,CO,1520 San Miguel St,,Norwood,CO,81423,,Norwood
20268238827,The Drop Zone L.L.C.,2026-10-03,DLLC,Good Standing,CO,8022 Bryant St,,Westminster,CO,80031,,Westminster
20268238830,IronPeak Holdings LLC,2026-10-03,DLLC,Good Standing,CO,6579 Stingray Ln,,Colorado Springs,CO,80925,,Colorado Springs
20268238831,Winter Trade LLC,2026-10-03,DLLC,Good Standing,CO,992 S 4th Ave Unit 100 PMB 194,,Brighton,CO,80601,Registered Agents Inc,Denver
20268238838,Hoodli LLC,2026-10-03,DLLC,Good Standing,CO,4932 N Silverlace Dr,,Castle Rock,CO,80109,Vercia Holdings LLC,Castle Rock
20268238842,Third Journey LLC,2026-10-03,DLLC,Good Standing,CO,2771 S Fenton St,,Denver,CO,80227,,Denver
20268238847,3FatCats LLC,2026-10-03,DLLC,Good Standing,CO,6751 Yocona Dr,,Colorado Springs,CO,80925,,Colorado Springs
20268238851,"Southern Roots and Blooms, LLC",2026-10-03,DLLC,Good Standing,CO,10617 Briarglen Cir,,Highlands Ranch,CO,80130,,Highlands Ranch
20268238858,The Magic Groom Bus L.L.C.,2026-10-03,DLLC,Good Standing,CO,8106 Chase Dr,,Arvada,CO,80003,,Arvada
20268238859,Joker Trim Works LLC,2026-10-03,DLLC,Good Standing,CO,3319 Pyrus St,,Clifton,CO,81520,,Clifton
20268238860,SIN Entertainment LLC,2026-10-03,DLLC,Good Standing,CO,14 Reisling Ct,,Grand Junction,CO,81507,,Grand Junction
20268238863,"PropGuard Field Services, LLC",2026-10-03,DLLC,Good Standing,CO,3102 S Parker Rd Ste A3,,Aurora,CO,80014,Colorado Registered Agents,Denver
20268238864,FlipLogic LLC,2026-10-03,DLLC,Good Standing,CO,9649 S Hackberry St,,Highlands Ranch,CO,80129,,Highlands Ranch
20268238865,BikePig LLC,2026-10-03,DLLC,Good Standing,CO,16035 Table Mountain Pkwy,Inside C3,Golden,CO,80403,,Golden
20268238866,Vectergy LLC,2026-10-03,DLLC,Good Standing,CO,730 Dublin Ct,,Castle Rock,CO,80104,,Castle Rock
20268238877,Heritage Premier Capital LLC,2026-10-03,DLLC,Good Standing,CO,6852 S High St,,Centennial,CO,80122,,Centennial
20268238880,"Authentica Strategy, LLC",2026-10-03,DLLC,Good Standing,CO,2175 Alpine St Apt B108,,Longmont,CO,80504,,Longmont
20268238887,Baylie Kidd Cleaning LLC,2026-10-03,DLLC,Good Standing,CO,16560 Reata Ct,,Peyton,CO,80831,,Peyton
20268238890,S-M-Salma LLC,2026-10-03,DLLC,Good Standing,CO,8822 E Florida Ave Apt G11,,Denver,CO,80247,,Denver
20268238897,The Black Pearl Pilot Car LLC,2026-10-03,DLLC,Good Standing,CO,25190 Impala Cir,,Calhan,CO,80808,,Calhan
20268238902,Cartel Piloting LLC,2026-10-03,DLLC,Good Standing,CO,25190 Impala Cir,,Calhan,CO,80808,,Calhan
20268238904,"Whipped Appeal, LLC",2026-10-03,DLLC,Good Standing,CO,797 Griffith St,,Lochbuie,CO,80603,,Lochbuie
20268238911,Benco Investments LLC,2026-10-03,DLLC,Good Standing,CO,18284 E Floyd Ave Unit J,,Aurora,CO,80013,,Aurora
20268238921,"GroundReach Advisory, LLC",2026-10-03,DLLC,Good Standing,CO,1444 Greening Ave,,Erie,CO,80516,,Erie
20268238925,Re-Made By Michael LLC,2026-10-03,DLLC,Good Standing,CO,105 Ellsworth St,,Colorado Springs,CO,80906,,Colorado Springs
20268238930,B2 Builders LLC,2026-10-03,FLLC,Good Standing,MN,651 Cliff Rd E,,Burnsville,CO,55337,Registered Agents Inc,Denver
20268238932,DR Castlewood Holdings LLC,2026-10-03,DLLC,Good Standing,CO,6054 Kingsfield St,,Castle Rock,CO,80104,,Castle Rock
20268238936,"10:31 Painting, LLC",2026-10-03,DLLC,Good Standing,CO,18462 County Road 6,,Brighton,CO,80603,,Brighton
20268238940,Tessro LLC,2026-10-03,DLLC,Good Standing,CO,6054 Kingsfield St,,Castle Rock,CO,80104,,Castle Rock
20268238946,Worktekers Group Llc,2026-10-03,DLLC,Good Standing,CO,2935 Glen Dale Dr Apt 4,,Evans,CO,80620,,Evans
20268238950,La Brasa LLC,2026-10-03,DLLC,Good Standing,CO,17427 E Temple Dr,,Aurora,CO,80015,,Aurora
20268238952,XCELSIOR LOGISTICS LLC,2026-10-03,DLLC,Good Standing,CO,1608 Pintail Ct,,Johnstown,CO,80534,,Johnstown
20268238954,La Flor Antigua LLC,2026-10-03,DLLC,Good Standing,CO,3955 Saddle Rock Rd,,Colorado Springs,CO,80918,,Colorado Springs
20268238955,Cortez Moving Services LLC,2026-10-03,DLLC,Good Standing,CO,7123 Cherokee Dr,,Sedalia,CO,80135,,Sedalia
20268238956,Black canyon rain solutions llc,2026-10-03,DLLC,Good Standing,CO,336 S 10th St,109,Montrose,CO,81401,,Montrose
20268238960,"Reimagine Life, LLC",2026-10-03,DLLC,Good Standing,CO,11000 York St,,Northglenn,CO,80233,,Northglenn
20268238982,Oslandia Trade Inc.,2026-10-03,DPC,Good Standing,CO,"1500 N GRANT ST, STE C",,Denver,CO,80203,Colorado Registered Agent LLC,Denver
20268238985,"Spartan Group, LLC",2026-10-03,DLLC,Good Standing,CO,10174 Spotted Owl Ave,,Highlands Ranch,CO,80129,,Highlands Ranch
20268238991,"Noble and Able, LLC",2026-10-03,DLLC,Good Standing,CO,335 E Magnolia St,,Fort Collins,CO,80524,,Fort Collins
20268238992,CG & Co. House of Bridal LLC,2026-10-03,DLLC,Good Standing,CO,"4117 Main Street, Suite C",,Timnath,CO,80547,,Timnath
20268226319,Nirhm LLC,2026-10-02,DLLC,Good Standing,CO,1500 N Grant St,Ste N,Denver,CO,80203,Northwest Registered Agent LLC,Denver
20268234151,RARREL TRADE LTD,2026-10-02,DPC,Good Standing,CO,1500 N Grant St Ste 3946,,Denver,CO,80203,Streamway Registered Agent LLC,Denver
20268234154,MEBBEY TRADE LTD,2026-10-02,DPC,Good Standing,CO,1500 N Grant St Ste 8275,,Denver,CO,80203,Streamway Registered Agent LLC,Denver
20268234163,ECEE Behavioral Health LLC,2026-10-02,DLLC,Good Standing,CO,3927 N Catawba Way,,Aurora,CO,80019-3730,,Aurora
20268234175,FOSSOF TRADE LTD,2026-10-02,DPC,Good Standing,CO,1500 N Grant St Ste 9210,,Denver,CO,80203,Streamway Registered Agent LLC,Denver
20268234181,AnubisChain Inc,2026-10-02,DPC,Good Standing,CO,1500 N GRANT ST STE R,,DENVER,CO,80203,Registered Agents Inc,Denver
20268234184,Oakley Crest Inc,2026-10-02,DPC,Good Standing,CO,1500 N GRANT ST STE R,,DENVER,CO,80203,Registered Agents Inc,Denver
20268234188,Nyx Velo Inc,2026-10-02,DPC,Good Standing,CO,1500 N GRANT ST STE R,,DENVER,CO,80203,Registered Agents Inc,Denver
20268234192,Islet Velo Inc,2026-10-02,DPC,Good Standing,CO,1500 N GRANT ST STE R,,DENVER,CO,80203,Registered Agents Inc,Denver
20268234195,HOLLEH TRADE LTD,2026-10-02,DPC,Good Standing,CO,1500 N Grant St Ste 7357,,Denver,CO,80203,Streamway Registered Agent LLC,Denver
20268234206,VENANZA BEAUTY CARE LLC,2026-10-02,DLLC,Good Standing,CO,1500 N GRANT ST 5656,,DENVER,CO,80203,Registered Agents Inc,Denver
20268234210,AXE ALPHA TECH LLC,2026-10-02,DLLC,Good Standing,CO,1500 N GRANT ST #10501,,DENVER,CO,80203,"INCORP SERVICES, INC.",DENVER
20268234213,SEGITY TRADING LLC,2026-10-02,DLLC,Good Standing,CO,3960 S Jason St,,Englewood,CO,80110,Registered Agents Inc,Denver
20268234216,Kay & Co. Media LLC,2026-10-02,DLLC,Good Standing,CO,1500 N Grant St,Ste N,Denver,CO,80203,Northwest Registered Agent LLC,Denver
20268234217,STELLORA IMPEX INTERNATIONAL LLC,2026-10-02,DLLC,Good Standing,CO,1500 N GRANT ST 5656,,DENVER,CO,80203,Registered Agents Inc,Denver
20268234225,Mountain Competitive Gaming LLC,2026-10-02,DLLC,Good Standing,CO,11397 Rushpink St,,Colorado Springs,CO,80925,,Colorado Springs
20268234230,YEMEIJIONGBB LLC,2026-10-02,DLLC,Good Standing,CO,362 S Holland Ct,,Lakewood,CO,80226,ALIKGARG LLC,ELIZABETH
20268234237,Mel's Home Bakery LLC,2026-10-02,DLLC,Good Standing,CO,601 S Forest St Apt 212,,Denver,CO,80246,,Denver
20268234248,HILMES DESIGN LLC,2026-10-02,DLLC,Good Standing,CO,3860 S Lincoln St,,Englewood,CO,80113,,Englewood
20268234258,"Janus Buyer, LP",2026-10-02,FLP,Good Standing,DE,"31 West 52nd Street, 17th Floor",,New York,NY,10019,"NATIONAL REGISTERED AGENTS, INC.",Centennial
20268234262,Hardpack LLC,2026-10-02,DLLC,Good Standing,CO,2590 Welton St Ste 200,,Denver,CO,80205,Colorado Registered Agent LLC,Denver
20268234277,Fig Papa LLC,2026-10-02,DLLC,Good Standing,CO,10781 Rosalie Dr,,Northglenn,CO,80233,ZenBusiness Inc.,Denver
20268234283,4511 Marble Front LLC,2026-10-02,DLLC,Good Standing,CO,44 Cook St Ste 530,,Denver,CO,80206,Accruit Holdings LLC,Denver
20268234284,ENJOLE DELGADO LLC,2026-10-02,DLLC,Good Standing,CO,1500 N Grant St,Ste N,Denver,CO,80203,Northwest Registered Agent LLC,Denver
20268234290,Dexava Inc,2026-10-02,DPC,Good Standing,CO,90 Madison St Ste 303,,Denver,CO,80206,Colorado Registered Agent LLC,Denver
20268234292,"National Mechanical and Design, P.A.",2026-10-02,FPC,Good Standing,DE,7930 Clayton Road,3rd FL,Saint Louis,MO,63117,CORPORATION SERVICE COMPANY,Littleton
20268234304,Deltechverse Technologies LLC,2026-10-02,DLLC,Good Standing,CO,"1500 N GRANT ST, STE R",,Denver,CO,80203,Registered Agents Inc,Denver
20268234305,Golden Trail LLC,2026-10-02,FLLC,Good Standing,DE,6481 Strawberry Ct,,Longmont,CO,80503,,Longmont
20268234309,Vireon Capital inc,2026-10-02,DPC,Good Standing,CO,"1500 N GRANT ST, STE R",,DENVER,CO,80203,Registered Agents Inc,Denver
20268234325,IBNEERPOVER DIJ LLC,2026-10-02,DLLC,Good Standing,CO,5534 Whiteclover St,,Littleton,CO,80125,"NATIONAL REGISTERED AGENTS, INC.",Centennial
20268234328,SHALRAWAUR YIJ LLC,2026-10-02,DLLC,Good Standing,CO,721 S Fountain Ave,,Pueblo,CO,81001,"NATIONAL REGISTERED AGENTS, INC.",Centennial
20268234331,"National Legal Research Group, Inc.",2026-10-02,FPC,Good Standing,VA,2421 Ivy Road,Suite 220,Charlottesville,VA,22903,,Fort Collins
20268234333,PEORTS ULTRA LLC,2026-10-02,DLLC,Good Standing,CO,427 Cougar Dr,,Boulder,CO,80302,"NATIONAL REGISTERED AGENTS, INC.",Centennial
20268234337,Windward Building Group L.L.C.,2026-10-02,DLLC,Good Standing,CO,1500 N Grant St,Ste N,Denver,CO,80203,Northwest Registered Agent LLC,Denver
20268234340,Gloriousr Construction inc,2026-10-02,DPC,Good Standing,CO,37017thStreet,,Denver,CO,80202,GoldenEdge Utensils E LLC,Denver
20268234342,Jaspercrestfield Trading LLC,2026-10-02,DLLC,Good Standing,CO,5525 South Sedalia St,,Centennial,CO,80015,SilkSoft Towel Industries G LLC,Denver
20268234344,Blade & Barrel LLC,2026-10-02,DLLC,Good Standing,CO,3529 Ringtail Ln,,Pueblo,CO,81005,,Pueblo
20268234347,NGM Enterprise LLC,2026-10-02,DLLC,Good Standing,CO,3119 Dragonfly Ct,,Castle Rock,CO,80109,,Castle Rock
20268234350,Starostin LLC,2026-10-02,DLLC,Good Standing,CO,7812 W Glasgow Pl,,Littleton,CO,80128,,Littleton
20268234356,Affordable Construction inc,2026-10-02,DPC,Good Standing,CO,1200 17th Street,,Denver,CO,80202,SilkSoft Towel Industries G LLC,Denver
20268234364,Iyalinmu Ministries,2026-10-02,FNC,Good Standing,AZ,7000 N Cotton Ln Unit 656,,Waddell,AZ,85355,Registered Agents Inc,Denver
20268234375,"NATIONAL WRESTLING COACHES ASSOCIATION, INC.",2026-10-02,FNC,Good Standing,IA,330 Hostetter Road,,Manheim,PA,17545,Registered Agents Inc,Denver
20268234381,Zennor Atelier LLC,2026-10-02,DLLC,Good Standing,CO,125 S Howes St,,Fort Collins,CO,80521,,Bennett
20268234398,Putnam NXT Markets Inc,2026-10-02,DPC,Good Standing,CO,370 W 12th Ave,,Denver,CO,80204,Registered Agents Inc,Denver
20268234403,The Sweet Sunflower Shop LLC,2026-10-02,DLLC,Good Standing,CO,5945 W Morraine Ave,,Littleton,CO,80128,,Littleton
20268234408,Yohana LLC,2026-10-02,DLLC,Good Standing,CO,7210 S Quince St,,Centennial,CO,80112,,Denver
20268234412,"GridCore Power, LLC",2026-10-02,DLLC,Good Standing,CO,705 Summit Dr,,Dillon,CO,80435,,Dillon
20268234436,Summit Chauffeur LLC,2026-10-02,DLLC,Good Standing,CO,6423 South Johnson Street,,Littleton,CO,80123,,Littleton
20268234440,3644 Vallejo Street LLC,2026-10-02,FLLC,Good Standing,OH,4500 Renaissance Parkway,,Cleveland,OH,44128,C T CORPORATION SYSTEM,Centennial
20268234460,Longview Lease Co Ltd,2026-10-02,FO,Good Standing,DE,"2825 Third Avenue North, Floor 5",,Billings,MT,59101,C T CORPORATION SYSTEM,Centennial
20268234462,Royal's Light Counseling LLC,2026-10-02,DLLC,Good Standing,CO,2518 Marina St,,Evans,CO,80620,,Evans
20268234470,Mokxi LLC,2026-10-02,DLLC,Good Standing,CO,5142 N Academy Blvd PMB 1021,,Colorado Springs,CO,80918,,Colorado Springs
20268234474,Harmony MH&RV Community LLC,2026-10-02,DLLC,Good Standing,CO,29 State Highway 52 Unit 26,,Longmont,CO,80504,,Longmont
20268234478,"Starlined Strength Studio, LLC",2026-10-02,DLLC,Good Standing,CO,200 The Lane Rd,,Golden,CO,80403,,Golden
20268234488,1959 Gateway North LLC,2026-10-02,FLLC,Good Standing,DE,"c/o Brigade Capital Management, LP","399 Park Avenue, 16th Floor",New York,NY,10022,CORPORATION SERVICE COMPANY,Littleton
20268234500,QAfor911 LLC,2026-10-02,DLLC,Good Standing,CO,7236 Sun Country Dr,,Elizabeth,CO,80107,ZenBusiness Inc.,Denver
20268234506,Fancy Free Finds LLC,2026-10-02,DLLC,Good Standing,CO,2519 S Shields St,Ste 1k PMB 1054,Ft Collins,CO,80526,ZenBusiness Inc.,Denver
20268234517,"CDM Service Group, Inc.",2026-10-02,FPC,Good Standing,NE,13324 Chandler Rd,,Omaha,NE,68138,CORPORATION SERVICE COMPANY,Littleton
20268234539,1959 Homestead LLC,2026-10-02,FLLC,Good Standing,DE,"c/o Brigade Capital Management, LP","399 Park Avenue, 16th Floor",New York,NY,10022,CORPORATION SERVICE COMPANY,Littleton
20268234551,REVERIE ENTERTAINMENT LLC,2026-10-02,DLLC,Good Standing,CO,4762 Claude Ct,,Denver,CO,80216,REPUBLIC REGISTERED AGENT LLC,Colorado Springs
20268234555,SweetsByMakayla Limited Liability Company,2026-10-02,DLLC,Good Standing,CO,9575 Rubicon Dr,,Colorado Springs,CO,80925,ZenBusiness Inc.,Denver
20268234561,"BBWORKS, LLC",2026-10-02,DLLC,Good Standing,CO,237 Puma Dr.,,Boulder,CO,80302,"Registered Agent Solutions, Inc.",Centennial
20268234573,1959 Eagle Crossing LLC,2026-10-02,FLLC,Good Standing,DE,"c/o Brigade Capital Management, LP","399 Park Avenue, 16th Floor",New York,NY,10022,CORPORATION SERVICE COMPANY,Littleton
20268234578,NUTRISCAN LLC,2026-10-02,DLLC,Good Standing,CO,5630 S Berry Ln,,Englewood,CO,80111,,Englewood
20268234579,Lata Pictures Inc,2026-10-02,DPC,Good Standing,CO,"1500 N GRANT ST, STE C",,Denver,CO,80203,Colorado Registered Agent LLC,Denver
20268234581,Westhaven Ventures LLC,2026-10-02,DLLC,Good Standing,CO,501 S Cherry St Ste 1100 PMB 1003,,Denver,CO,80246,,Denver
20268234584,TOP NOTCH MAINTENANCE SERVICES LLC,2026-10-02,DLLC,Good Standing,CO,1670 Judson Dr,,Longmont,CO,80501,REPUBLIC REGISTERED AGENT LLC,Colorado Springs
20268234590,ATHENA BIODATA LLC,2026-10-02,DLLC,Good Standing,CO,2020 N Academy Blvd Ste 261 # 4951,,Colorado Springs,CO,80909,REPUBLIC REGISTERED AGENT LLC,Colorado Springs
20268234592,INVITATION HOMES 8 WEST LP,2026-10-02,FLP,Good Standing,DE,5420 LBJ Freeway,Suite 600,Dallas,TX,75240,CORPORATION SERVICE COMPANY,Littleton
20268234601,RWCC COMMERCE LLC,2026-10-02,DLLC,Good Standing,CO,1158 Cree Dr,,Colorado Springs,CO,80915,,Colorado Springs
20268234616,Gooberbear LLC,2026-10-02,DLLC,Good Standing,CO,220 West Woodmen Road,,Colorado Springs,CO,80919,ZenBusiness Inc.,Denver
20268234631,Northstar Trading LLC,2026-10-02,DLLC,Good Standing,CO,1052 Lipan St,,Denver,CO,80204,"Bluestaq, LLC",Colorado Springs
20268234651,"NP Stafford Trailer Lot, LLC",2026-10-02,FLLC,Good Standing,DE,3315 N Oak Trafficway,,Kanasas City,MO,64116,C T CORPORATION SYSTEM,Centennial
20268234661,"NP Stafford II Building 5, LLC",2026-10-02,FLLC,Good Standing,DE,3315 N Oak Trafficway,,Kanasas City,MO,64116,C T CORPORATION SYSTEM,Centennial
20268234669,Lederman Veterinary Partners LLC,2026-10-02,DLLC,Good Standing,CO,6088 Orion Ct,,Golden,CO,80403,,Golden
20268234675,"PSR Property 1, LLC",2026-10-02,DLLC,Good Standing,CO,16055 Old Forest Pt Ste 301,,Monument,CO,80132,"Mason Law and Planning Group, LLC",Monument
20268234680,KineticLink LLC,2026-10-02,FLLC,Good Standing,DE,6340 Apache Dr,,Larkspur,CO,80118,CORPORATION SERVICE COMPANY,Littleton
20268234683,"Recon & Rectitude, LLC",2026-10-02,DLLC,Good Standing,CO,1356 Shenandoah Dr,,Hesperus,CO,81326,,Bayfield
20268234706,Northstar1 Trading LLC,2026-10-02,DLLC,Good Standing,CO,2800 S York St,,Denver,CO,80210,"Bluestaq, LLC",Colorado Springs
20268234718,PinesWorks LLC,2026-10-02,DLLC,Good Standing,CO,1500 N Grant St Ste R,,Denver,CO,80203,Registered Agents Inc,Denver
20268234721,Responder Resilience Collective LLC,2026-10-02,DLLC,Good Standing,CO,363 W Drake Rd Ste 5,,Fort Collins,CO,80526,,Fort Collins
20268234733,970 Clean LLC,2026-10-02,DLLC,Good Standing,CO,"255 S Cleveland Ave,",,Loveland,CO,80537,"UNITED STATES CORPORATION AGENTS, INC.",Greenwood Village
20268234742,Albarran Construction LLC.,2026-10-02,DLLC,Good Standing,CO,15590 E 13th Ave Apt 201,,Aurora,CO,80011,,Aurora
20268234780,Water Color Culture LLC,2026-10-02,DLLC,Good Standing,CO,1500 N Grant St,#5817,Denver,CO,80203,Registered Agents Inc,Denver
20268234781,"Maryland and Virginia Milk Producers Cooperative Association, Incorporated",2026-10-02,FPC,Good Standing,VA,13861 Sunrise Valley Drive,,Herndon,VA,20171,"Registered Agent Solutions, Inc.",Centennial
20268234784,Korbitz LLC,2026-10-02,DLLC,Good Standing,CO,15415 King Ct,,Broomfield,CO,80023,,Broomfield
20268234810,Charlie Kitchen LLC,2026-10-02,DLLC,Good Standing,CO,4741 E 70th Ave,,Commerce City,CO,80022,,Commerce City
20268234862,RSE LLC,2026-10-02,DLLC,Good Standing,CO,30 N Gould St PMB N,,Sheridan,WY,82801,,AURORA
20268234870,Play Not Pay Foundation,2026-10-02,DNC,Good Standing,CO,26681 E Arbor Dr,,Aurora,CO,80016,"UNITED STATES CORPORATION AGENTS, INC.",Greenwood Village
20268234873,"Hearth and Hound Pet Grooming, LLC",2026-10-02,DLLC,Good Standing,CO,628 Locust St,,Windsor,CO,80550-5266,,Windsor
20268234888,Yamandri Party Rentals LLC,2026-10-02,DLLC,Good Standing,CO,5610 Demott Ave,,Commerce City,CO,80022,,Commerce City
20268234893,Evolutional Electric L.L.C.,2026-10-02,DLLC,Good Standing,CO,20632 East Scott Circle,,Denver,CO,80249,,Denver
20268234899,Elite Solutions Hub LLC,2026-10-02,DLLC,Good Standing,CO,1500 N GRANT ST STE 8193,,DENVER,CO,80203,Registered Agents Inc,Denver
20268234907,Life Loom LLC,2026-10-02,DLLC,Good Standing,CO,2800 N Lakeridge Trl,,Boulder,CO,80302,,Boulder
20268234909,"J.M. SALAZAR CAPITAL HOLDINGS, LLC",2026-10-02,DLLC,Good Standing,CO,4985 Moorhead Ave,Unit 3705,Boulder,CO,80305,ZenBusiness Inc.,Denver
20268234912,ASTOLA RIVS LLC,2026-10-02,DLLC,Good Standing,CO,987 Tamarac St,,Denver,CO,80230,"NATIONAL REGISTERED AGENTS, INC.",Centennial
20268234914,TheLandryclip Media LLC,2026-10-02,DLLC,Good Standing,CO,10555 W Jewell Ave Apt 11-101,,Denver,CO,80232,,Denver
20268234922,"High Altitude Security Systems, LLC",2026-10-02,DLLC,Good Standing,CO,138 Squirrel Dr,,Pagosa Springs,CO,81147,,Pagosa Springs
20268234926,Venneford Energy LLC,2026-10-02,FLLC,Good Standing,DE,1700 Lincoln St Ste 2100,,Denver,CO,80203,,
20268234952,Rangehaul LLC,2026-10-02,DLLC,Good Standing,CO,2000 S Colorado Blvd Ste 2000,,Denver,CO,80222,Colorado Registered Agent LLC,Denver
20268234954,Rovanta Peak Works LLC,2026-10-02,DLLC,Good Standing,CO,1500 N Grant St,Ste N,Denver,CO,80203,Northwest Registered Agent LLC,Denver
20268234959,Communio Foundation,2026-10-02,FNC,Good Standing,TX,"5500 Cherokee Ave, Ste 480",,Alexandria,VA,22312,CORPORATION SERVICE COMPANY,Littleton
20268234963,"Parker OpCo 1, LLC",2026-10-02,FLLC,Good Standing,DE,4600 South Syracuse Street,Suite 500,Denver,CO,80237,C T CORPORATION SYSTEM,Centennial
20268234965,Brick Opz II LLC,2026-10-02,DLLC,Good Standing,CO,1090 S Wadsworth Blvd,Unit C,Lakewood,CO,80226,Brick Opz LLC,Lakewood
20268234968,A2 Plumbing LLC,2026-10-02,DLLC,Good Standing,CO,1817 W 11th St,,Loveland,CO,80537,,Loveland
20268234974,"Mission Floor, Inc.",2026-10-02,DPC,Good Standing,CO,5705 N Genoa Way Apt 206 Bldg 9,,Aurora,CO,80019,,Denver
20268234975,PhilmonPhamilyContracting Ltd.,2026-10-02,DLLC,Good Standing,CO,810 E 28th St,Site 509,Greeley,CO,80631,,Greeley
20268234997,Binding Thread LLC,2026-10-02,DLLC,Good Standing,CO,8238 Golden Eagle Rd,,Fort Collins,CO,80528,,Fort Collins
20268235003,Mile High Premier LLC,2026-10-02,DLLC,Good Standing,CO,1500 N Grant St,Ste N,Denver,CO,80203,Northwest Registered Agent LLC,Denver
20268235006,WAYLOA LLC,2026-10-02,DLLC,Good Standing,CO,1500 N Grant St,Ste N,Denver,CO,80203,Northwest Registered Agent LLC,Denver
20268235014,"AZZO USA, LLC",2026-10-02,FLLC,Good Standing,NJ,330 Changebridge Road Suite 101,,Pine Brook,NJ,07058,COGENCY GLOBAL INC.,Denver
20268235017,"REBEL SERVICES, LLC OF MS",2026-10-02,FLLC,Good Standing,MS,5901 HWY 4 WEST,,Ripley,MS,38663-9743,Registered Agents Inc,Denver
20268235021,Peak Sprinklers LLC,2026-10-02,DLLC,Good Standing,CO,850 S Overland Trl Apt 4,,Fort Collins,CO,80521,,Fort Collins
20268235025,Saoirse Bay Partners LLC,2026-10-02,FLLC,Good Standing,DE,770 North Cedar Brook Road,,Boulder,CO,80304,CORPORATION SERVICE COMPANY,Littleton
20268235046,ZEXTNOIRT LLC,2026-10-02,DLLC,Good Standing,CO,1643 Willshire Dr,,Colorado Springs,CO,80906,"NATIONAL REGISTERED AGENTS, INC.",Centennial
20268235050,FieroFlow LLC,2026-10-02,DLLC,Good Standing,CO,1500 N Grant St Ste N,,Denver,CO,80203,Registered Agents Inc,Denver
20268235057,Opening Opportunities Outreach Inc.,2026-10-02,DNC,Good Standing,CO,16905 County Road 2 S,,Alamosa,CO,81101,,Alamosa
20268235065,Your Own Development LLC,2026-10-02,DLLC,Good Standing,CO,"805 Compassion Drive, Unit 516",,Windsor,CO,80550,Rocket Lawyer Corporate Services LLC,Denver
20268235071,Aunt Shell Enterprises LLC,2026-10-02,DLLC,Good Standing,CO,1309 Coffeen Avenue STE 1200,,Sheridan,WY,82801,Registered Agents Inc,Denver
20268235072,"Northvale Holdings, LLC",2026-10-02,DLLC,Good Standing,CO,"3225 McLeod Drive, Suite 100",,Las Vegas,NV,89121,ANDERSON REGISTERED AGENTS,Denver
20268235082,ZAHBASHBIM LLC,2026-10-02,DLLC,Good Standing,CO,6287 East Loop,,Craig,CO,81653,"NATIONAL REGISTERED AGENTS, INC.",Centennial
20268235092,Reverie Finishes LLC,2026-10-02,DLLC,Good Standing,CO,"4150 Jason St Apt 801,",,Denver,CO,80211,,Denver
20268235094,"West Hand Threads, LLC",2026-10-02,DLLC,Good Standing,CO,10115 Kings Canyon Dr,,Peyton,CO,80831,,Peyton
20268235098,Restoration Solutions LLC,2026-10-02,DLLC,Good Standing,CO,10 Boulder Crescent St # 101A,,Colorado Springs,CO,80903,,Colorado Springs
20268235107,Road Dog Transport,2026-10-02,DLLC,Good Standing,CO,1151 Morning Side Drive,,Erie,CO,80516,,Erie
20268235112,Laura Hale Reflective LLC,2026-10-02,DLLC,Good Standing,CO,"605 S. College Avenue, Suite B100",,Fort Collins,CO,80524,,Fort Collins
20268235128,IBLIYARD FRO LLC,2026-10-02,DLLC,Good Standing,CO,1723 Stellar Pl,,Montrose,CO,81401,"NATIONAL REGISTERED AGENTS, INC.",Centennial
20268235133,"755 Three Rivers, LLC",2026-10-02,DLLC,Good Standing,CO,755 Castle Creek Dr,,Aspen,CO,81611,Klein Cote Edwards Citron LLC,Aspen
20268235138,"ENRIQUE MAS, LLC",2026-10-02,DLLC,Good Standing,CO,2088 S Sherman St,,Denver,CO,80210,"CORPORATE SERVICE CENTER, INC.",Denver
20268235151,RISE Analytics LLC,2026-10-02,DLLC,Good Standing,CO,9189 Stargrass Cir,,Highlands Ranch,CO,80126,,Highlands Ranch
20268235155,"Fine Line Home & Commercial Services, Ltd.",2026-10-02,DLLC,Good Standing,CO,5440 N Buckskin Pass Dr,,Colorado Springs,CO,80917,,Colorado Springs
20268235166,"Hoop Season X Clark Elite, LLC",2026-10-02,DLLC,Good Standing,CO,11151 W 16th Dr Apt 211,,Lakewood,CO,80215,,Denver
20268235172,Angels Painting llc,2026-10-02,DLLC,Good Standing,CO,7136 Gateway Crossing St,,Wellington,CO,80549,,Wellington
20268235184,Modern Wardrobe LLC,2026-10-02,DLLC,Good Standing,CO,7887 East Belleview Ave. Suite 1100A PMB 1410,,Denver,CO,80111,ENTITY PROTECT REGISTERED AGENT SERVICES LLC,Denver
20268235187,HAD COLUMBUS WAREHOUSES LLC,2026-10-02,DLLC,Good Standing,CO,455 N Sherman St Ste 200,,Denver,CO,80203,,Denver
20268235189,Tripathi Global Crafts INC,2026-10-02,DPC,Good Standing,CO,9392 Ceylon St,,Commerce City,CO,80022,,Commerce City
20268235211,QATULISHAM LLC,2026-10-02,DLLC,Good Standing,CO,275 N Commercial St,,Trinidad,CO,81082,"NATIONAL REGISTERED AGENTS, INC.",Centennial
20268235218,Royal M Holdings LLC,2026-10-02,DLLC,Good Standing,CO,5451 W Rowland Pl,,Littleton,CO,80128,,Littleton
20268235223,Built Backoffice LLC,2026-10-02,DLLC,Good Standing,CO,653 Terrace Dr,,Grand Junction,CO,81507,"Acom, LLC",Grand Junction
20268235224,"Southpaw Aviation, LLC",2026-10-02,DLLC,Good Standing,CO,14977 County Road 97,,Haxtun,CO,80731,,Haxtun
20268235225,"MGK Property 1, LLC",2026-10-02,DLLC,Good Standing,CO,16055 Old Forest Pt Ste 301,,Monument,CO,80132,"Mason Law and Planning Group, LLC",Monument
20268235230,StoryForgeWerx LLC,2026-10-02,DLLC,Good Standing,CO,1500 N Grant St Ste R,,Denver,CO,80203,Registered Agents Inc,Denver
20268235234,E&J Commercial Properties LLC,2026-10-02,DLLC,Good Standing,CO,5705 S Andes St,,Aurora,CO,80015,,Aurora
20268235235,"Coloroso Florida Holdings, LLC",2026-10-02,DLLC,Good Standing,CO,9059 Fontaine Street,Office,Federal Heights,CO,80260,,Westminster
20268235238,ARIAZUBID LLC,2026-10-02,DLLC,Good Standing,CO,393 Overlook Ct,,Estes Park,CO,80517,"NATIONAL REGISTERED AGENTS, INC.",Centennial
20268235248,Redline Engineering LLC,2026-10-02,DLLC,Good Standing,CO,1500 N Grant St Ste R,,Denver,CO,80203,Registered Agents Inc,Denver
20268235254,Tsoma Trading LLC,2026-10-02,DLLC,Good Standing,CO,208 Pisano Hts,,Colorado Springs,CO,80906,,Colorado Springs
20268235269,Copper_Ridge Electric LLC,2026-10-02,DLLC,Good Standing,CO,4300 Daydream Rd,,Golden,CO,80403,,Golden
20268235281,Longview Funding Co LLC,2026-10-02,FLLC,Good Standing,DE,550 W. 34th Street,Level 48,New York,NY,10001,C T CORPORATION SYSTEM,Centennial
20268235293,Laura Hale Reflective Therapy LLC,2026-10-02,DLLC,Good Standing,CO,"605 South College Ave., Ste. B100",,Fort Collins,CO,80524,,Fort Collins
20268235295,Feral Hijinks Ltd.,2026-10-02,DLLC,Good Standing,CO,110 16th St Ste 1460,,Denver,CO,80202,Rocky Mountain RA LLC,Denver
20268235337,"Rose Accounting & Advisory, LLC",2026-10-02,DLLC,Good Standing,CO,3055 Richard Allen Ct,,Denver,CO,80205,,Denver
20268235350,UZB HOLDING LLC.,2026-10-02,DLLC,Good Standing,CO,6041 S UKRAINE CIR,,AURORA,CO,80015,,AURORA
20268235359,Eagle River Notary LLC,2026-10-02,DLLC,Good Standing,CO,26 Riverside Ct,,Avon,CO,81620,Registered Agents Inc,Denver
20268235363,"Mothers Out Front, Inc.",2026-10-02,FNC,Good Standing,MA,68 Harrison Avenue,,Boston,MA,02111,Registered Agents Inc,Denver
20268235374,Yellowleaf Place LLC,2026-10-02,DLLC,Good Standing,CO,8093 Yellowleaf Pl,,Colorado Springs,CO,80908,,Colorado Springs
20268235388,BizzyButt BBQ LLC,2026-10-02,DLLC,Good Standing,CO,189 S SPRUCE ST # 781,,HAYDEN,CO,81639,,HAYDEN
20268235405,Fix Pro Handy LLC,2026-10-02,DLLC,Good Standing,CO,550 S Dawson St,Apt 3223,Aurora,CO,80012,,Aurora
20268235422,Peak Property Work LLC,2026-10-02,DLLC,Good Standing,CO,5628 S Skyline Dr,,Evergreen,CO,80439,,Evergreen
20268235447,A/Z Corporation,2026-10-02,FPC,Good Standing,CT,46 Norwich Westerly Rd.,,North Stonington,CT,06359-1712,COGENCY GLOBAL INC.,Denver
20268235460,"Gates Pastry Company, LLC",2026-10-02,DLLC,Good Standing,CO,119 E. Boulder Street,,Colorado Springs,CO,80903,,Colorado Springs
20268235464,Preferred Pros LLC,2026-10-02,DLLC,Good Standing,CO,8005 E Prairie Meadow Dr,,Denver,CO,80238,Fleet Investments LLC,Denver
20268235468,Cascade Resource Holdings LLC,2026-10-02,DLLC,Good Standing,CO,4380 N 95th St,,Lafayette,CO,80026,,Lafayette
20268235474,McElvain Holdings LLC,2026-10-02,DLLC,Good Standing,CO,9496 Sand Hill Place,,Highlands Ranch,CO,80126,,Highlands Ranch
20268235479,Paper and Wick LLC,2026-10-02,DLLC,Good Standing,CO,42069 Colonial Trl,,Elizabeth,CO,80107,,Elizabeth
20268235482,"Analise Estrada FNP, LLC",2026-10-02,DLLC,Good Standing,CO,607 25 Rd Ste 201,,Grand Junction,CO,81505,,Palisade
20268235483,FIDESA LLC,2026-10-02,DLLC,Good Standing,CO,4026 s Yosemite st,,DENVER,CO,80237,CloudSheet V LLC,Denver
20268235499,WARRIOR-SCHOLAR PROJECT FOUNDATION,2026-10-02,FNC,Good Standing,DE,201 NORTH UNION STREET SUITE 110-BO,,ALEXANDRIA,VA,22314,COGENCY GLOBAL INC.,Denver
20268235500,Vextro Trading LLC,2026-10-02,DLLC,Good Standing,CO,1684 GROVE ST,,Denver,CO,80204,AURELITHIUM TRADING LLC,DENVER
20268235503,Steel Crest Partners LLC,2026-10-02,DLLC,Good Standing,CO,1500 N Grant St,Ste N,Denver,CO,80203,Northwest Registered Agent LLC,Denver
20268235510,HALCYONS LLC,2026-10-02,DLLC,Good Standing,CO,10635 Clarke Farms Dr,,Parker,CO,80134,CloudSheet V LLC,Denver
20268235512,SPIN JOY HOLDINGS LLC,2026-10-02,FLLC,Good Standing,DE,2200 Clairmont Drive,,Pittsburgh,PA,15241,Registered Agents Inc,Denver
20268235515,"Ghost Ship Spirits, LLC",2026-10-02,DLLC,Good Standing,CO,1140 Nautilus Ct,,Lafayette,CO,80026,,Lafayette
20268235521,"AscentView Consulting, LLC",2026-10-02,DLLC,Good Standing,CO,9220 Viaggio Way,,Highlands Ranch,CO,80126,,Highlands Ranch
20268235541,Fast Freight CO LLC,2026-10-02,DLLC,Good Standing,CO,12853 Domingo Ct,,Parker,CO,80134,,Parker
20268235549,MODUSA LLC,2026-10-02,DLLC,Good Standing,CO,4217 E Easter place,,CENTENNIAL,CO,80122,CloudSheet V LLC,Denver
20268235555,Kynor Trading LLC,2026-10-02,DLLC,Good Standing,CO,1449 MEADE ST,,Denver,CO,80204,AURELITHIUM TRADING LLC,DENVER
20268235561,AEQUOR LLC,2026-10-02,DLLC,Good Standing,CO,525 E County Rd 8,,Berthoud,CO,80513,GoldenEdge Utensils E LLC,Denver
20268235567,Mirinetwork LLC,2026-10-02,DLLC,Good Standing,CO,1880 Marlowe Cir E,,Erie,CO,80516,,Erie
20268235577,JRSMP LLC,2026-10-02,DLLC,Good Standing,CO,5360 Zuni St Apt 4B,,Denver,CO,80221,,Denver
20268235590,Beltran Enterprises LLC,2026-10-02,DLLC,Good Standing,CO,2500 E Harmony Rd Lot 402,,Fort Collins,CO,80528,,Fort Collins
20268235592,ODEONZ LLC,2026-10-02,DLLC,Good Standing,CO,2940 Quitman St,,Denver,CO,80212,CloudSheet V LLC,Denver
20268235596,LUMENTA LLC,2026-10-02,DLLC,Good Standing,CO,7901 E Belleview Ave Unit 440,,ENGLEWOOD,CO,80111,GoldenEdge Utensils E LLC,Denver
20268235598,Zelma Trading LLC,2026-10-02,DLLC,Good Standing,CO,3107 MEADE ST,,Denver,CO,80211,AURELITHIUM TRADING LLC,DENVER
20268235608,Neat Freaks Co LLC,2026-10-02,DLLC,Good Standing,CO,9573 East Kansas Circle,apt 59,Denver,CO,80247,ZenBusiness Inc.,Denver
20268235611,Fresh Fur LLC,2026-10-02,DLLC,Good Standing,CO,790 W Eisenhower Blvd,,Loveland,CO,80537,,Fort Collins
20268235616,Gold Rush Dealer Academy LLC,2026-10-02,DLLC,Good Standing,CO,4668 S Abilene Cir,,Aurora,CO,80015,,Aurora
20268235621,SOLSTICEX LLC,2026-10-02,DLLC,Good Standing,CO,3708 Navajo Street,,DENVER,CO,80211,GoldenEdge Utensils E LLC,Denver
20268235623,"Pressiva, LLC",2026-10-02,DLLC,Good Standing,CO,8700 E Jefferson Ave # 370843,,Denver,CO,80237,,Denver
20268235632,AETHERISQ LLC,2026-10-02,DLLC,Good Standing,CO,612 S Monroe Way,,DENVER,CO,80209,CloudSheet V LLC,Denver
20268235633,Brivo Trading LLC,2026-10-02,DLLC,Good Standing,CO,3439 GROVE ST,,Denver,CO,80211,AURELITHIUM TRADING LLC,DENVER
20268235635,Grace Open Gates LLC,2026-10-02,DLLC,Good Standing,CO,1500 N Grant St Ste R,,Denver,CO,80203,Registered Agents Inc,Denver
20268235649,Sterling Spotless Cleaning LLC,2026-10-02,DLLC,Good Standing,CO,12535 County Road 37,,Sterling,CO,80751,,Sterling
20268235651,NIMBUSW LLC,2026-10-02,DLLC,Good Standing,CO,343 S Spruce St,,HAYDEN,CO,81639,GoldenEdge Utensils E LLC,Denver
20268235655,Berrypicker Bookkeeping LLC,2026-10-02,DLLC,Good Standing,CO,1500 N Grant St Ste R,,Denver,CO,80203,Registered Agents Inc,Denver
20268235664,VANTAGEA LLC,2026-10-02,DLLC,Good Standing,CO,980 Evanston St,,Aurora,CO,80011,CloudSheet V LLC,Denver
20268235678,Orvix Trading LLC,2026-10-02,DLLC,Good Standing,CO,2185 W 36TH AVE,,Denver,CO,80211,AURELITHIUM TRADING LLC,DENVER
20268235679,JLStrategies LLC,2026-10-02,DLLC,Good Standing,CO,1500 N Grant St Ste R,,Denver,CO,80203,Registered Agents Inc,Denver
20268235682,Luxe Liv LLC,2026-10-02,FLLC,Good Standing,DE,5585 HWY 82,Unit 1315,Twin Lakes,TX,81251,AngelView Land Development LLC,Lago Vista
20268235687,Rustic Wood Works & Crafts LLC,2026-10-02,DLLC,Good Standing,CO,1179 County Road 307,,Durango,CO,81303,,Durango
20268235691,Corazon de Tita LLC,2026-10-02,DLLC,Good Standing,CO,2500 W 10th Ave,,Denver,CO,80204,,Denver
20268235723,Truitt Enterprises LLC,2026-10-02,DLLC,Good Standing,CO,2012 M 1/4 Rd,,Fruita,CO,81521,,Fruita
20268235735,"Autumn Investments, LLC",2026-10-02,DLLC,Good Standing,CO,15842 W 59th Avenue,,Golden,CO,80403,,Golden
20268235740,Fort Plumbing LLC,2026-10-02,DLLC,Good Standing,CO,18861 E 92nd Pl,,Commerce City,CO,80022,,Commerce City
20268235744,Supalovinsapin LLC,2026-10-02,DLLC,Good Standing,CO,6801 Jefferson St NE Ste 150 PMB 4146,,Albuquerque,NM,87109,Registered Agents Inc,Denver
20268235749,"EGP 25CP Member, LLC",2026-10-02,DLLC,Good Standing,CO,35 W Wacker Dr Fl 11,,Chicago,IL,60601,C T CORPORATION SYSTEM,Centennial
20268235758,AC Corporation,2026-10-02,FPC,Good Standing,NC,301 Creek Ridge Road,,Greensboro,NC,27406,CORPORATION SERVICE COMPANY,Littleton
20268235759,Laurella Management LLC,2026-10-02,DLLC,Good Standing,CO,16260 Gammon Ct,,Monument,CO,80132,"UNITED STATES CORPORATION AGENTS, INC.",Greenwood Village
20268235769,No Bs Pilot Car Service LLC,2026-10-02,DLLC,Good Standing,CO,110 E St,,Bethune,CO,80805,,Bethune
20268235774,"EGP 25CP 1031 Owner, LLC",2026-10-02,DLLC,Good Standing,CO,35 W Wacker Dr Fl 11,,Chicago,IL,60601,C T CORPORATION SYSTEM,Centennial
20268235778,"Triple B Minerals, LLC",2026-10-02,DLLC,Good Standing,CO,1385 S Ivy Way,,Denver,CO,80224,,Denver
20268235796,Damaged Dreams Ranch LLC,2026-10-02,DLLC,Good Standing,CO,6555 County Road 98,,Elbert,CO,80106,,Elbert
20268235818,Paving Solutions LLC,2026-10-02,DLLC,Good Standing,CO,7887 E Belleview Ave Ste 1100,,Englewood,CO,80111,Rocky Mountain RA LLC,Denver
20268235822,Bound for Blue LLC,2026-10-02,DLLC,Good Standing,CO,8474 Blackgum St,,Parker,CO,80134,,Parker
20268235832,Walking Beside You Senior Services LLC,2026-10-02,DLLC,Good Standing,CO,4833 Front Street,Unit B124,Castle Rock,CO,80104-7902,,Castle Rock
20268235833,ELEVATED WRAPS LLC,2026-10-02,DLLC,Good Standing,CO,2020 N Academy Blvd Ste 261 # 4923,,Colorado Springs,CO,80909,,Denver
20268235853,"Generations Properties, LLC",2026-10-02,DLLC,Good Standing,CO,8 Hardwick Court,,Pueblo,CO,81005,,Pueblo
20268235858,ISSINGTERS LLC,2026-10-02,DLLC,Good Standing,CO,1255 Anderson St,,Deltona,FL,32725,,Castle Rock
20268235875,Xcellent Rocks Mystery LLC,2026-10-02,DLLC,Good Standing,CO,6515 E Union Ave Unit 362,,Denver,CO,80237,,Denver
20268235876,HARDESTYS GARAGE DOOR REPAIR & SERVICES LLC,2026-10-02,DLLC,Good Standing,CO,2020 N Academy Blvd Ste 261 # 4937,,Colorado Springs,CO,80909,REPUBLIC REGISTERED AGENT LLC,Colorado Springs
20268235883,Birdie & Co LLC,2026-10-02,DLLC,Good Standing,CO,3415 Marble Ter,,Colorado Springs,CO,80906,,Colorado Springs
20268235884,The Rich Girl Shop LLC,2026-10-02,DLLC,Good Standing,CO,4420 Laredo Meadow Pt Apt 201,,Colorado Springs,CO,80922,,Colorado Springs
20268235898,BRASS TACKS CONSULTING LLC,2026-10-02,DLLC,Good Standing,CO,2020 N Academy Blvd Ste 261 # 4942,,Colorado Springs,CO,80909,REPUBLIC REGISTERED AGENT LLC,Colorado Springs
20268235907,"WITH PARKER MEDIA, LLC",2026-10-02,DLLC,Good Standing,CO,4845 Pearl East Cir Ste 118 PMB 262921,,Boulder,CO,80301,REPUBLIC REGISTERED AGENT LLC,Colorado Springs
20268235913,WOODYS LLC,2026-10-02,DLLC,Good Standing,CO,9198 Stevenson Ave,,Carr,CO,80612,SimpleBiz Registered Agent Services LLC,Boulder
20268235931,NEISA DISTRIBUTION LLC,2026-10-02,DLLC,Good Standing,CO,4931 Clayton St,,Denver,CO,80216,,Denver
20268235933,DX ENVIRONMENTAL LLC,2026-10-02,DLLC,Good Standing,CO,916 E 25th Street Ln,,Greeley,CO,80631,SimpleBiz Registered Agent Services LLC,Boulder
20268235944,Tstruck LLC,2026-10-02,DLLC,Good Standing,CO,12880 Trenton St,,Thornton,CO,80602,,Thornton
20268235959,Marsh Contracting LLC,2026-10-02,DLLC,Good Standing,CO,8261 Wynstone Ct,,Windsor,CO,80550,Registered Agents Inc,Denver
20268235969,"Bridge Creek Services, LLC",2026-10-02,FLLC,Good Standing,TX,500 West 13th Street,,Fort Worth,TX,76102,CORPORATION SERVICE COMPANY,Littleton
20268235973,L33 Services LLC,2026-10-02,DLLC,Good Standing,CO,3328 Raccoon Lane,,Pueblo,CO,81005,,Pueblo
20268235974,FIG Peptides LLC,2026-10-02,DLLC,Good Standing,CO,2921 W 38th Ave,,Denver,CO,80211,Colorado Registered Agent LLC,Denver
20268235979,1ST AUMA TRANSPORTAION LLC,2026-10-02,DLLC,Good Standing,CO,11849 E Bates Cir,,Aurora,CO,80014,SimpleBiz Registered Agent Services LLC,Boulder
20268235989,Tavox Trading LLC,2026-10-02,DLLC,Good Standing,CO,1401 LIPAN ST,,Denver,CO,80204,AURELITHIUM TRADING LLC,DENVER
20268236007,"InnerLaced Massage & Bodywork, LLC.",2026-10-02,DLLC,Good Standing,CO,1144 Hill Ave,,Grand Junction,CO,81501,,Grand Junction
20268236015,Nuvra Trading LLC,2026-10-02,DLLC,Good Standing,CO,345 BANNOCK ST,,Denver,CO,80223,AURELITHIUM TRADING LLC,DENVER
20268236028,TriVista Closets & More LLC,2026-10-02,DLLC,Good Standing,CO,2900 Purcell St Unit F-6,,Brighton,CO,80601,,Brighton
20268236035,Tiger Den Technology Ltd,2026-10-02,DLLC,Good Standing,CO,1500 N Grant St,Ste N,Denver,CO,80203,Northwest Registered Agent LLC,Denver
20268236040,Zelof Trading LLC,2026-10-02,DLLC,Good Standing,CO,424 GALAPAGO ST,,Denver,CO,80204,AURELITHIUM TRADING LLC,DENVER
20268236053,"2277 J Road, LLC",2026-10-02,DLLC,Good Standing,CO,2277 J Rd,,Grand Junction,CO,81505,"DUFFORD, WALDECK, MILBURN & KROHN, L.L.P.",Grand Junction
20268236059,Ride With Easten LLC,2026-10-02,DLLC,Good Standing,CO,1903 Winston Rd,,Colorado Springs,CO,80909,,Colorado Springs
20268236063,Moana Realty LLC,2026-10-02,DLLC,Good Standing,CO,2660 E County Line Rd Unit E,,Highlands Ranch,CO,80126,,Highlands Ranch
20268236065,"Canyon Systems Holdco, Inc.",2026-10-02,DPC,Good Standing,CO,420 Corporate Cir Ste H,,Golden,CO,80401,,Golden
20268236073,"Grand Elk Home, LLC",2026-10-02,DLLC,Good Standing,CO,9164 Viaggio Way,,Highlands Ranch,CO,80126,,Highlands Ranch
20268236082,Dual Force Industries LLC,2026-10-02,DLLC,Good Standing,CO,7684 Beverly Blvd,,Castle Pines,CO,80108,,Castle Pines
20268236093,Spica Digital LLC,2026-10-02,DLLC,Good Standing,CO,4500 S Monaco St Apt 434,,Denver,CO,80237,,Denver
20268236097,"New Patient Group, LLC",2026-10-02,DLLC,Good Standing,CO,2064 Ever Red Ct,,Colorado Springs,CO,80921,,Colorado Springs
20268236109,Pitchside Partners LLC,2026-10-02,DLLC,Good Standing,CO,7150 S Reed Ct,,Littleton,CO,80128,,Littleton
20268236112,IV Real Estate LLC,2026-10-02,DLLC,Good Standing,CO,791 S 21st Ct,,Brighton,CO,80601,,Brighton
20268236114,phindings LLC,2026-10-02,DLLC,Good Standing,CO,7402 Church Ranch Boulevard,Apt 323,Westminster,CO,80021,,Westminster
20268236117,Gentle Spirits Shop LLC,2026-10-02,DLLC,Good Standing,CO,1500 N Grant St Ste R,,Denver,CO,80203,Registered Agents Inc,Denver
20268236118,"JailSong Book, Inc.",2026-10-02,DPC,Good Standing,CO,1391 S Uinta Ct,,Denver,CO,80231,,Denver
20268236119,Little Blue House by the College LLC,2026-10-02,DLLC,Good Standing,CO,322 Country Club Park Rd,,Grand Junction,CO,81507,,Grand Junction
20268236120,Varnix Trading LLC,2026-10-02,DLLC,Good Standing,CO,395 BELLAIRE ST,,Denver,CO,80220,AURELITHIUM TRADING LLC,DENVER
20268236124,REI Helpers LLC,2026-10-02,DLLC,Good Standing,CO,2114 51st Ave,,Greeley,CO,80634,,Greeley
20268236135,"Taren Holdings, LLC",2026-10-02,DLLC,Good Standing,CO,3134 Crux Dr,,Loveland,CO,80537,,Loveland
20268236141,Next Generation Outdoors LLC,2026-10-02,FLLC,Good Standing,CA,3439 N Old Stage Rd,,Mt Shasta,CA,96067,Colorado Registered Agent LLC,Denver
20268236164,Stress Free Mortgage,2026-10-02,FPC,Good Standing,CA,25115 Avenue Stanford,B220,Valencia,CA,91355,,Centennial
20268236165,Front Range Data Processing LLC,2026-10-02,DLLC,Good Standing,CO,3940 Ranch Bluff Ct,,Colorado Springs,CO,80922,"Geoffrey Bradshaw, CPA P.L.L.C.",Colorado Springs
20268236172,J&B BROS CONTRUCTION LLC,2026-10-02,DLLC,Good Standing,CO,551 SUMMIT TRAIL LOT 321,,GRANBY,CO,80446,,Granby
20268236183,"Carolina Premier Window Films, Inc.",2026-10-02,FPC,Good Standing,SC,1051 Albright Rd,Suite 117,Rock Hill,SC,29730,Registered Agents Inc,Denver
20268236190,Trainors Loving Care LLC,2026-10-02,DLLC,Good Standing,CO,7688 Kyle Way,,Roxborough,CO,80125,,Roxborough
20268236191,Commercial Data Insights ApS,2026-10-02,FPC,Good Standing,Denmark,8 Norregade,,Ringsted,OT,4100,Harbor Compliance LLC,Denver
20268236207,"Williams Procurement Group, LLC",2026-10-02,DLLC,Good Standing,CO,1590 Wynkoop St Apt 427,,Denver,CO,80202,,Denver
20268236209,The Roeder Company LLC,2026-10-02,DLLC,Good Standing,CO,3013 Greenwood Circle,,Colorado Springs,CO,80910,,Colorado Springs
20268236215,Somesuch LLC,2026-10-02,DLLC,Good Standing,CO,4337 Tennyson St Unit 112,,Denver,CO,80212,"Runco & Proffitt, P.C.",Denver
20268236216,Mile-High Messengers LLC,2026-10-02,DLLC,Good Standing,CO,4121 Aspenmeadow Cir,,Highlands Ranch,CO,80130,,Highlands Ranch
20268236222,Measurestone Pro-Vision LLC,2026-10-02,DLLC,Good Standing,CO,12504 Oneida Way,,Thornton,CO,80602,,Thornton
20268236224,Verity Insurance Agency LLC,2026-10-02,FLLC,Good Standing,IN,10996 Four Seasons Place,Suite 100D,CROWN POINT,IN,46307,Registered Agents Inc,Denver
20268236225,"MCO Flanders Property, LLC",2026-10-02,DLLC,Good Standing,CO,7610 S. Queensburg Way,,AURORA,CO,80016,,AURORA
20268236227,WELLS TRUCKING LLC,2026-10-02,DLLC,Good Standing,CO,3189 1/2 Orson Ave,,Grand Junction,CO,81504,SimpleBiz Registered Agent Services LLC,Boulder
20268236246,"Midnight Monstera, LLC",2026-10-02,DLLC,Good Standing,CO,8320 Gardenia St,,Arvada,CO,80005,,Arvada
20268236259,"E&K Financial, LLC",2026-10-02,DLLC,Good Standing,CO,19563 E Mainstreet Ste 206A,,Parker,CO,80138,"Tailored Tax and Wealth, LLC",Parker
20268236261,Andre Main LLC,2026-10-02,DLLC,Good Standing,CO,1268 Cedar Ave,,Boulder,CO,80304,"HUTCHINSON BLACK AND COOK, LLC",Boulder
20268236271,CLAIRE HAUGHEY LLC,2026-10-02,DLLC,Good Standing,CO,104 Midland Ave Unit 201,,Basalt,CO,81621,SimpleBiz Registered Agent Services LLC,Boulder
20268236275,Karina Garcia Cleaning Services LLC,2026-10-02,DLLC,Good Standing,CO,2755 Chase St,,Wheat Ridge,CO,80214,,Wheat Ridge
20268236287,Corner Lender LLC,2026-10-02,DLLC,Good Standing,CO,1268 Cedar Ave,,Boulder,CO,80304,"HUTCHINSON BLACK AND COOK, LLC",Boulder
20268236288,MURRAYS GARAGE LLC,2026-10-02,DLLC,Good Standing,CO,17300 Highway 64 W,,Rangely,CO,81648,SimpleBiz Registered Agent Services LLC,Boulder
20268236292,Amu Hair Braiding LLc,2026-10-02,DLLC,Good Standing,CO,1154 S Rifle St,,Aurora,CO,80017,,Aurora
20268236304,Reed-Baum Holdings LLC,2026-10-02,DLLC,Good Standing,CO,33427 County Road 31,,Greeley,CO,80631,,Greeley
20268236306,"Busy Bee Financial Services, LLC",2026-10-02,DLLC,Good Standing,CO,2324 W 19th St,,Pueblo,CO,81003,,Pueblo
20268236315,SUMMIT & SEA BAKEHOUSE LLC,2026-10-02,DLLC,Good Standing,CO,5970 Vista Ridge Pt Apt 103,,Colorado Springs,CO,80918,SimpleBiz Registered Agent Services LLC,Boulder
20268236322,Dellapenta Boutique and Workshop,2026-10-02,DLP,Good Standing,CO,21321 E Oxford Ave,,Aurora,CO,80013,,Aurora
20268236338,"TPG AG-AF 3455 South Yarrow Owner, L.L.C.",2026-10-02,FLLC,Good Standing,DE,"245 Park Avenue, 26th Floor",,New York,NY,10167,CORPORATE CREATIONS NETWORK INC.,Loveland
20268236340,QHSYN GROUP LLC,2026-10-02,DLLC,Good Standing,CO,1500 N GRANT ST #11124,,DENVER,CO,80203,Registered Agents Inc,Denver
20268236341,The Fox and Wren LLC,2026-10-02,DLLC,Good Standing,CO,7661 W Ottawa Pl,,Littleton,CO,80128,,Littleton
20268236352,MIKAYLAS MEDIA LLC,2026-10-02,DLLC,Good Standing,CO,919 Kimball Rd,,Fort Collins,CO,80521,SimpleBiz Registered Agent Services LLC,Boulder
20268236354,Pellux Entertainment LLC,2026-10-02,DLLC,Good Standing,CO,4747 E Mississippi Ave,#219,Glendale,CO,80246,,Glendale
20268236370,CleverLine Designs LLC,2026-10-02,DLLC,Good Standing,CO,1500 N Grant St,Ste N,Denver,CO,80203,Northwest Registered Agent LLC,Denver
20268236373,"Crystal Skies Counseling, LLC",2026-10-02,DLLC,Good Standing,CO,7261 S Broadway Ste 14L,,Littleton,CO,80122,,Littleton
20268236382,JS FLORALS LLC,2026-10-02,DLLC,Good Standing,CO,370 High View Cir,,Woodland Park,CO,80863,SimpleBiz Registered Agent Services LLC,Boulder
20268236388,"Eric S. Chatterley, DDS, PLLC",2026-10-02,DLLC,Good Standing,CO,2640 Saddleback Dr,,Castle Rock,CO,80104,,Castle Rock
20268236389,Vector Operational Strategies LLC,2026-10-02,DLLC,Good Standing,CO,1500 N Grant St,Ste N,Denver,CO,80203,Northwest Registered Agent LLC,Denver
20268236390,Zynergia Insurance Agency LLC,2026-10-02,FLLC,Good Standing,IN,10996 Four Seasons Place,Suite 100D,CROWN POINT,IN,46307,Registered Agents Inc,Denver
20268236392,Side Quest Comics and Games LLC,2026-10-02,DLLC,Good Standing,CO,1265 W 7th Avenue Dr,,Broomfield,CO,80020,,Broomfield
20268236397,Mack Co. LLC,2026-10-02,DLLC,Good Standing,CO,357 Garfield St,,Meeker,CO,81641,,Meeker
20268236399,"Bivens Consulting, LLC",2026-10-02,DLLC,Good Standing,CO,26393 County Road 37,,Wray,CO,80758,,Wray
20268236402,JBS Treasures LLC,2026-10-02,DLLC,Good Standing,CO,1114 Sawtooth Oak Ct,,Fort Collins,CO,80525,,Fort Collins
20268236409,TEN LLC,2026-10-02,DLLC,Good Standing,CO,12465 Julian Ct,,Broomfield,CO,80020,,Broomfield
20268236440,Boomerang Sports LLC,2026-10-02,DLLC,Good Standing,CO,1025 Lincoln Ave,,Steamboat Springs,CO,80487,"Paul Sachs, P.C.",Steamboat Springs
20268236446,"MCO Wray Ct Property, LLC",2026-10-02,DLLC,Good Standing,CO,7610 S. Queensburg Way,,AURORA,CO,80016,,AURORA
20268236451,Planet Green Power Washing LLC,2026-10-02,DLLC,Good Standing,CO,7302 19th St Rd,,Greeley,CO,80634,,Greeley
20268236465,Dorado Landscaping LLC,2026-10-02,DLLC,Good Standing,CO,5098 Steele St,,Denver,CO,80216,,Denver
20268236469,"Fresh Milled Breads, LLC",2026-10-02,DLLC,Good Standing,CO,8220 E Phillips Pl,,Centennial,CO,80112,,Centennial
20268236470,Sparta Med Billings LLC,2026-10-02,DLLC,Good Standing,CO,44372 Lakepointe Dr,,Sterling Heights,MI,48313,Northwest Registered Agent LLC,Denver
20268236473,HTMS Investments LLC,2026-10-02,DLLC,Good Standing,CO,331 Corporate Cir Ste J,,Golden,CO,80401,"Trailhead Tax Advisor, LLC",Loma
20268236477,KV Flavors LLC,2026-10-02,DLLC,Good Standing,CO,9511 Penstemon Court,,Colorado Springs,CO,80920,,Colorado Springs
20268236480,Front Range Concrete and Landscaping LLC,2026-10-02,DLLC,Good Standing,CO,15492 W Dequesne Ave,,Morrison,CO,80465,,Morrison
20268236484,"Yoder Family Eggs, LLC",2026-10-02,DLLC,Good Standing,CO,5190 E County Road 8 S,,Monte Vista,CO,81144,"Motz Law Firm, LLC",Alamosa
20268236493,"The Golden Howell, LLC",2026-10-02,DLLC,Good Standing,CO,9001 Eastridge Rd,,Golden,CO,80403,,Golden
20268236516,Feral Den Therapy PLLC,2026-10-02,DLLC,Good Standing,CO,1500 N Grant St Ste R,,Denver,CO,80203,Registered Agents Inc,Denver
20268236520,Colorado Advocacy for Rural Education LLC,2026-10-02,DLLC,Good Standing,CO,1500 N Grant St,Ste N,Denver,CO,80203,Northwest Registered Agent LLC,Denver
20268236528,"BDT Consulting, LLC",2026-10-02,DLLC,Good Standing,CO,48 Allen Cir,,Pine,CO,80470,,Pine
20268236553,SIX20FIVE LLC,2026-10-02,DLLC,Good Standing,CO,7008 Howell St,,Arvada,CO,80004,,Arvada
20268236572,"SEABOARD ENERGY KANSAS, LLC",2026-10-02,FLLC,Good Standing,KS,9000 West 67th Street,,Merriam,KS,66202,,
20268236573,Ben Page Films LLC,2026-10-02,DLLC,Good Standing,CO,610 East St,,Boulder,CO,80302,,Boulder
20268236585,DAKENRO LLC,2026-10-02,DLLC,Good Standing,CO,20446 E Lehigh Pl,,Aurora,CO,80013,,Aurora
20268236593,Mary Home Care,2026-10-02,DLLC,Good Standing,CO,19054 E Arizona Pl,,Aurora,CO,80017,,Aurora
20268236597,Magnify Research LLC,2026-10-02,DLLC,Good Standing,CO,1500 N Grant St Ste R,,Denver,CO,80203,Registered Agents Inc,Denver
20268236601,AA Contracting LLC,2026-10-02,DLLC,Good Standing,CO,3500 Rockmont Dr Apt 14202,,Denver,CO,80202,,Denver
20268236606,TDB Main Street Investment LLC DBA Copper Rail Bar & Grill,2026-10-02,DLLC,Good Standing,CO,631 E 131st Ct,,Thornton,CO,80241,,Thornton
20268236609,Hardwood Financial LLC,2026-10-02,DLLC,Good Standing,CO,8241 N 39th St,,Longmont,CO,80503,,Longmont
20268236619,Best Enterprises LLC,2026-10-02,DLLC,Good Standing,CO,10733 Jordan Ct,,Parker,CO,80134,,Parker
20268236627,"GEHF I Lowell, LLC",2026-10-02,FLLC,Good Standing,DE,"465 Meeting Street, Suite 500",,Charleston,SC,29403,C T CORPORATION SYSTEM,Centennial
20268236639,CBR Hat Company LLC,2026-10-02,DLLC,Good Standing,CO,5956 Mulberry Rd,,Calhan,CO,80808,,Calhan
20268236656,Throw Gas Pitching Co. LLC,2026-10-02,DLLC,Good Standing,CO,7286 S Yosemite St,,Centennial,CO,80112,,Parker
20268236662,"BWAKE Holdings, LLC",2026-10-02,DLLC,Good Standing,CO,5837 Galena St,,Denver,CO,80238,,Denver
20268236664,Rock & Ridge Construction Co LLC,2026-10-02,DLLC,Good Standing,CO,2899 S Santa Fe Dr Ste 2,,Englewood,CO,80110,,Englewood
20268236671,5280 Services INC LLC,2026-10-02,DLLC,Good Standing,CO,18 Pine Ln,,Wiggins,CO,80654,,Wiggins
20268236673,ByteBitStudios LLC,2026-10-02,DLLC,Good Standing,CO,1500 N GRANT ST,STE N,DENVER,CO,80203,Northwest Registered Agent LLC,Denver
20268236689,"TRIPLE L FITNESS, LLC",2026-10-02,DLLC,Good Standing,CO,135 29 Rd,,Grand Junction,CO,81503,"CORPORATE SERVICE CENTER, INC.",Denver
20268236693,A84 Motorsports Ltd.,2026-10-02,DLLC,Good Standing,CO,110 N Whitcomb St,,Fort Collins,CO,80521,,Fort Collins
20268236704,"Verity PEO, LLC",2026-10-02,FLLC,Good Standing,IN,10996 Four Seasons Place,Suite 100D,Crown Point,IN,46307,Registered Agents Inc,Denver
20268236705,HJQ Auto Designs LLC,2026-10-02,DLLC,Good Standing,CO,9682 Fox Den Dr,,Littleton,CO,80125,,Littleton
20268236708,Insightful Solutions LLC,2026-10-02,DLLC,Good Standing,CO,7820 Inverness Blvd Unit 101,,Englewood,CO,80112,,Conifer
20268236715,"SleepRes, Inc.",2026-10-02,FPC,Good Standing,DE,"1113 Murfreesboro Rd, Ste 106-195",,Franklin,TN,37064,COGENCY GLOBAL INC.,Denver
20268236719,"Halcyon House Preservation GP, LLC",2026-10-02,FLLC,Good Standing,NY,30 Hudson Yards,72nd Floor,New York,NY,10001,CORPORATION SERVICE COMPANY,Littleton
20268236722,Arco Remodeling & Basement Finishing LLC,2026-10-02,DLLC,Good Standing,CO,350 Indiana St Ste 580,,Golden,CO,80401,Moneta SEO Services LLC,Denver
20268236744,Timely solutions LLC,2026-10-02,DLLC,Good Standing,CO,1500 N Grant St STE 37465,,Denver,CO,80203,Registered Agents Inc,Denver
20268236749,Performance Fibers OEM LLC,2026-10-02,FLLC,Good Standing,DE,375 Forbes Blvd,,Mansfield,MA,02048,CORPORATION SERVICE COMPANY,Littleton
20268236760,Rocky Mountain Pet Sitting LLC,2026-10-02,DLLC,Good Standing,CO,223 Summit Cir,,Lafayette,CO,80026,,Lafayette
20268236763,High Class Capital LLC,2026-10-02,DLLC,Good Standing,CO,28540 Douglas Park Rd,,Evergreen,CO,80439,,Evergreen
20268236779,"HP-257013 Aurora, LLC",2026-10-02,FLLC,Good Standing,DE,631 W. Morse Blvd.,Suite 200,Winter Park,FL,32789,"Universal Registered Agents, Inc.",Brighton
20268236780,Vangold LLC,2026-10-02,DLLC,Good Standing,CO,5733 Logan Ct,,Denver,CO,80216,,Denver
20268236781,Resilient Timber Solutions LLC,2026-10-02,DLLC,Good Standing,CO,19584 W 56th Pl,,Golden,CO,80403,,Golden
20268236785,Freedom Pro LLC,2026-10-02,DLLC,Good Standing,CO,161 S Jackson Gap Way,,Aurora,CO,80018,,Aurora
20268236789,Elevate Decorations LLC,2026-10-02,DLLC,Good Standing,CO,2100 W 100th Ave Lot 231,,Thornton,CO,80260,,Thornton
20268236797,RAR UNDERGROUND SERVICES LLC,2026-10-02,DLLC,Good Standing,CO,431 S Simms St,,Lakewood,CO,80228,,Lakewood
20268236798,HAYE GRACE FOUNDATION,2026-10-02,DNC,Good Standing,CO,2729 W 17th Street Rd,,Greeley,CO,80634,,Greeley
20268236804,"Halcyon House Developer, LLC",2026-10-02,FLLC,Good Standing,NY,30 Hudson Yards,72nd Floor,New York,NY,10001,CORPORATION SERVICE COMPANY,Littleton
20268236806,"Lake 2 Peak Construction, LLC",2026-10-02,DLLC,Good Standing,CO,130 Sly Fox Rd,,Drake,CO,80515,,Drake
20268236811,The Fresh Press Ltd.,2026-10-02,DLLC,Good Standing,CO,800 W Grand Ave,,Mancos,CO,81328,,Mancos
20268236827,"Pediatric Management Services Organization, LLC",2026-10-02,DLLC,Good Standing,CO,13123 East 16th Avenue,B545,Aurora,CO,80045,CORPORATION SERVICE COMPANY,Littleton
20268236832,"Marble Point Group, LLC",2026-10-02,DLLC,Good Standing,CO,1100 N Frontage Rd W,,Vail,CO,81657,,Vail
20268236852,"Whittington, LLC",2026-10-02,DLLC,Good Standing,CO,1885 S Quebec Way Apt M102,,Denver,CO,80231,,Denver
20268236866,Stacey Cares LLC,2026-10-02,DLLC,Good Standing,CO,20737 E Eastman Ave,,Aurora,CO,80013,,Aurora
20268236882,Pueblo Smoke & Vape LLC,2026-10-02,DLLC,Good Standing,CO,2107 N Norwood Ave,,Pueblo,CO,81001,,Aurora
20268236887,"FLO Management Services, LLC",2026-10-02,DLLC,Good Standing,CO,3104 E 4th Ave,,Durango,CO,81301,,Durango
20268236893,CAPITAL THAI LLC,2026-10-02,DLLC,Good Standing,CO,406 E Colfax Ave,,Denver,CO,80203,,Denver
20268236895,"THDevCo, LLC",2026-10-02,DLLC,Good Standing,CO,22951 E Del Norte Cir,,Aurora,CO,80016,,Aurora
20268236897,Revallier LLC,2026-10-02,DLLC,Good Standing,CO,9030 E Cherry Creek South Dr,Unit F,Denver,CO,80231,,Denver
20268236900,Northern Organics LLC,2026-10-02,DLLC,Good Standing,CO,13882 Hudson Way,,Thornton,CO,80602,,Thornton
20268236923,CRK Electric LLC,2026-10-02,DLLC,Good Standing,CO,2313 Stone Bridge Dr,,Montrose,CO,81401,,Montrose
20268236924,"BANN Voyage, LLC",2026-10-02,DLLC,Good Standing,CO,675 15th Street,Suite 2300,Denver,CO,80202,,Denver
20268236930,Haul Mob Logistics LLC,2026-10-02,DLLC,Good Standing,CO,3500 S King St Lot 66,,Denver,CO,80236,,Denver
20268236934,Cindy's Tacos y Hamburguesas LLC,2026-10-02,DLLC,Good Standing,CO,12193 Skywalk St,,Parker,CO,80134,,Parker
20268236944,GIC LLC,2026-10-02,DLLC,Good Standing,CO,21356 E 44th Ave,,Denver,CO,80249,,Denver
20268236959,Bluebird Errands LLC,2026-10-02,DLLC,Good Standing,CO,1606 W Davies Ave,,Littleton,CO,80120,,Littleton
20268236971,3320 Wind Surf CO LLC,2026-10-02,DLLC,Good Standing,CO,6328 Lochside Vw,,Colorado Springs,CO,80927,,Colorado Springs
20268236974,SOMOS LEGACY FOUNDATION INC.,2026-10-02,DNC,Good Standing,CO,4701 Peoria St Unit 102,,Denver,CO,80239,,Denver
20268236979,BWinkler LLC,2026-10-02,DLLC,Good Standing,CO,2861 1/2 Mason Dr,,Grand Junction,CO,81501,,Grand Junction
20268236991,Maferco Express LLC,2026-10-02,DLLC,Good Standing,CO,1750 Greeley Mall Apt C308,,Greeley,CO,80631,,Greeley
20268236995,Cairn Property Management LLC,2026-10-02,DLLC,Good Standing,CO,1911 11th St Ste 200,,Boulder,CO,80302,,Boulder
20268237009,Fairmount Englewood LLC,2026-10-02,DLLC,Good Standing,CO,5611 NE Columbia Blvd,,Portland,OR,97218,,Englewood
20268237016,Nutritional Pathways Collective LLC,2026-10-02,DLLC,Good Standing,CO,10183 Morrison Rd,,Lakewood,CO,80227,,Lakewood
20268237039,Shimmer Li LLC,2026-10-02,DLLC,Good Standing,CO,6600 W 120th Ave Unit K,,Broomfield,CO,80020,,Thornton
20268237049,"Gemini Industries, Inc",2026-10-02,FPC,Good Standing,OK,421 SE 27th St,,El Reno,OK,73036,C T CORPORATION SYSTEM,Centennial
20268237074,"JVO Community Connections, LLC",2026-10-02,DLLC,Good Standing,CO,4936 S Flanders Ct,,Centennial,CO,80015,,Centennial
20268237077,JEM Plumbing & Remodeling LLC,2026-10-02,DLLC,Good Standing,CO,518 Brian Ave,#24634,silverthorne,CO,80498,,Silverthorne
20268237099,"Cinders Investments, LLC",2026-10-02,DLLC,Good Standing,CO,17 Martin Ln,,Englewood,CO,80113,,Englewood
20268237102,Guided by Gabrielle LLC,2026-10-02,DLLC,Good Standing,CO,12170 Washington Center Pkwy Apt 1105,,Thornton,CO,80241,,Thornton
20268237109,Open Golf Labs LLC,2026-10-02,DLLC,Good Standing,CO,1500 N Grant St,Ste R,Denver,CO,80203,Registered Agents Inc,Denver
20268237110,TAIS LLC,2026-10-02,DLLC,Good Standing,CO,1500 N Grant St,Ste N,Denver,CO,80203,Northwest Registered Agent LLC,Denver
20268237117,Amanda Baker Therapy LLC,2026-10-02,DLLC,Good Standing,CO,1500 N Grant St Ste R,,Denver,CO,80203,Registered Agents Inc,Denver
20268237132,Seismological Society of America,2026-10-02,FNC,Good Standing,CA,"400 Evelyn Avenue, Suite 201",,Albany,CA,94706,CORPORATION SERVICE COMPANY,Littleton
20268237140,"HIGHGATE CHARITABLE FOUNDATION, INC.",2026-10-02,FNC,Good Standing,DE,545 E. John Carpenter Fwy,SUITE 1400,Irving,TX,75062,"Registered Agent Solutions, Inc.",Centennial
20268237145,Top Elite LLC,2026-10-02,DLLC,Good Standing,CO,139 S Oak Hill Ct,,Aurora,CO,80018,,Aurora
20268237146,Snow Removal Near Me LLC,2026-10-02,DLLC,Good Standing,CO,851 Mink Lane,,Fraser,CO,80442,,Fraser
20268237151,Lifer Hauling & Logistics LLC,2026-10-02,DLLC,Good Standing,CO,15905 E 13th Ave,,Aurora,CO,80011,,Aurora
20268237156,Terra Remedies LLC,2026-10-02,DLLC,Good Standing,CO,1500 N Grant St,STE R,Denver,CO,80203,Registered Agents Inc,Denver
20268237164,Wiggy's Land Holdings LLC,2026-10-02,FLLC,Good Standing,FL,1529 Willow Lane,,Canon City,CO,81212,,Canon City
20268237168,5281 Vapes LLC,2026-10-02,DLLC,Good Standing,CO,3257 Navajo St,,Denver,CO,80211,,Aurora
20268237172,"Horsepower Administrative Solutions, LLC",2026-10-02,DLLC,Good Standing,CO,3640 Blue Heron Spring Ln,,Colorado Springs,CO,80908,,Colorado Springs
20268237184,"Plantiques, LLC",2026-10-02,DLLC,Good Standing,CO,3241 D 1/2 Rd,,Clifton,CO,81520,"Megan C. Malone, CPA Inc.",Glenwood Springs
20268237187,STEEZY UNLIMITED LLC,2026-10-02,DLLC,Good Standing,CO,6472 Road 23.6,,Cortez,CO,81321,SimpleBiz Registered Agent Services LLC,Boulder
20268237192,The Stitcher's Library LLC,2026-10-02,DLLC,Good Standing,CO,1500 N Grant St,Ste N,Denver,CO,80203,Northwest Registered Agent LLC,Denver
20268237209,Comfort Cravings LLC,2026-10-02,DLLC,Good Standing,CO,912 Raton Ave,,La Junta,CO,81050,,La Junta
20268237218,Nomadic Therapy LLC,2026-10-02,DLLC,Good Standing,CO,631 E 3rd Ave,,Castle Rock,CO,80108,,Castle Rock
20268237221,Baby Seat Spa LLC,2026-10-02,DLLC,Good Standing,CO,1954 Ocaso Grv,,Colorado Springs,CO,80904,,Colorado Springs
20268237226,Inman Precision Gun Works Ltd.,2026-10-02,DLLC,Good Standing,CO,15934 Willow Way,,Woodland Park,CO,80863,,Woodland Park
20268237230,Wendpanga Transport LLC,2026-10-02,DLLC,Good Standing,CO,1045 S Birch St Apt 205,,Denver,CO,80246,"UNITED STATES CORPORATION AGENTS, INC.",Greenwood Village
20268237240,Hearth & Table Productions LLC,2026-10-02,DLLC,Good Standing,CO,5807 S Rapp St Apt 2,,Littleton,CO,80120,,Littleton
20268237274,TE Land LLC,2026-10-02,DLLC,Good Standing,CO,4321 W O St,,Greeley,CO,80631,,Greeley
20268237286,"Searle Ventures, LLC",2026-10-02,DLLC,Good Standing,CO,7880 Candleflower Cir,,Colorado Springs,CO,80920,,Colorado Springs
20268237297,CorpSave inc.,2026-10-02,DPC,Good Standing,CO,6333 S Santa Fe Dr Ste B2,,Littleton,CO,80120,,Littleton
20268237299,Mike Cortez Special Inspections LLC,2026-10-02,DLLC,Good Standing,CO,12193 Olive St,,Thornton,CO,80602,,Thornton
20268237324,"84West, LLC",2026-10-02,DLLC,Good Standing,CO,2252 S Corona St,,Denver,CO,80210,,Denver
20268237376,Trade Office HQ LLC,2026-10-02,DLLC,Good Standing,CO,705 Cornerstone Dr,,Windsor,CO,80550,,Windsor
20268237381,ABOL RIDE LLC,2026-10-02,DLLC,Good Standing,CO,4401 Fraser Way Unit 104,,Denver,CO,80239,,Denver
20268237385,"ROARING FORK LAUNDRY CO, LLC",2026-10-02,DLLC,Good Standing,CO,10 Rhianne Loop,,Carbondale,CO,81623,"CORPORATE SERVICE CENTER, INC.",Denver
20268237392,Everstead Holdings LLC,2026-10-02,DLLC,Good Standing,CO,547 Buena Vista Rd,,Golden,CO,80401,,Golden
20268237394,"Dill Holdings, Ltd.",2026-10-02,DLLC,Good Standing,CO,6480 S Clarkson St,,Centennial,CO,80121,,Guffey
20268237396,Rocky Top Mechanical & Refrigeration Ltd.,2026-10-02,DLLC,Good Standing,CO,9868 Harris St,,Thornton,CO,80229,,Thornton
20268237398,Lisa's Lovable Creations LLC,2026-10-02,DLLC,Good Standing,CO,333 West Golf Pl,,PAGOSA SPRINGS,CO,81147,,PAGOSA SPRINGS
20268237400,JSC ROOFING LLC,2026-10-02,DLLC,Good Standing,CO,236 E 1st St,,Rifle,CO,81650,Medina Insurance and Financial Services LLC,Wheat Ridge
20268237407,Aspen & Ash Salon LLC,2026-10-02,DLLC,Good Standing,CO,6670 Holman St Unit 703,,Arvada,CO,80004,Jill-Ann Bauer Hair LLC,Arvada
20268237410,Maitri Retreats LLC,2026-10-02,DLLC,Good Standing,CO,8486 W Capri Pl,,Littleton,CO,80123,,Littleton
20268237418,Haida Hobin LLC,2026-10-02,DLLC,Good Standing,CO,151 Haida Rd,,Como,CO,80432,,Como
20268237421,NoComp LLC,2026-10-02,DLLC,Good Standing,CO,10260 Carrara Ter,,Parker,CO,80134,,Parker
20268237427,Well Framed Photography LLC,2026-10-02,DLLC,Good Standing,CO,2504 Van Buren,,Grand Junction,CO,81505,,Grand Junction
20268237435,Atlas Climate Co. LLC,2026-10-02,DLLC,Good Standing,CO,11340 E Bails Pl,,Aurora,CO,80012,,Aurora
20268237442,Pretty Deer Designs LLC,2026-10-02,DLLC,Good Standing,CO,5 Towerbridge Ct,,Pueblo,CO,81001,,Pueblo
20268237444,"Manchester Residential, LLC",2026-10-02,DLLC,Good Standing,CO,375 S Broadway Ste 200,,Denver,CO,80209,"REDPEAK PROPERTIES, LLC",Denver
20268237448,SMARKET LLC,2026-10-02,DLLC,Good Standing,CO,113 Paepcke Dr Unit 201,,Aspen,CO,81611,,Aspen
20268237450,The Hoff's Collectibles LLC,2026-10-02,DLLC,Good Standing,CO,6082 Mapleton Dr,,Colorado Springs,CO,80918,,Colorado Springs
20268237452,Gardikas Enterprises LLC,2026-10-02,DLLC,Good Standing,CO,6707 Cumbre Vista Way,,Colorado Springs,CO,80924,,Colorado Springs
20268237455,In Care Of LLC,2026-10-02,DLLC,Good Standing,CO,6430 W 73rd Ave,,Arvada,CO,80003,,Arvada
20268237466,Salt and Silk Beauty LLC,2026-10-02,DLLC,Good Standing,CO,1240 South Hover Street,,Longmont,CO,80501,SimpleBiz Registered Agent Services LLC,Boulder
20268237467,Parsley Software Inc.,2026-10-02,FPC,Good Standing,CA,600 Lassen Park Ct,,Scotts Valley,CA,95066,Registered Agents Inc,Denver
20268237469,Metabody Medical of Colorado P.C.,2026-10-02,DPC,Good Standing,CO,2943 W Parkway Blvd PMB 374,,West Valley City,UT,84119,Discern Registered Agent Inc.,Denver
20268237474,FORGING PROPERTY SERVICES LLC,2026-10-02,DLLC,Good Standing,CO,1535 S Carlan Ct,,Denver,CO,80219,,Denver
20268237477,CMU Fly Fishing Club,2026-10-02,DNC,Good Standing,CO,1100 North Ave,,Grand Junction,CO,81501,,Frederick
20268237482,ChanSELE LLC,2026-10-02,DLLC,Good Standing,CO,9744 Joliet Cir,,Commerce City,CO,80022,,Commerce City
20268237485,Trailmark Ltd.,2026-10-02,DLLC,Good Standing,CO,168 A Fireweed Ct,,Tabernash,CO,80478,,Tabernash
20268237487,MJR Advisory Services LLC,2026-10-02,DLLC,Good Standing,CO,3325 Newton St,,Denver,CO,80211,,Denver
20268237492,Petite Bee Aspen LLC,2026-10-02,DLLC,Good Standing,CO,19 Eucalyptus Rd,,Belvedere Tiburon,CA,94920,"UNITED STATES CORPORATION AGENTS, INC.",Greenwood Village
20268237500,Strategic School Solutions LLC,2026-10-02,DLLC,Good Standing,CO,7775 Delmonico Dr,,Colorado Springs,CO,80919,Northwest Registered Agent LLC,Denver
20268237505,KM Concepts LLC,2026-10-02,DLLC,Good Standing,CO,17792 E Ida Ave,,Centennial,CO,80015,,Centennial
20268237506,Farwing LLC,2026-10-02,DLLC,Good Standing,CO,22823 E Layton Ave,,Aurora,CO,80015,,Aurora
20268237510,Eastlake Station Tavern LLC,2026-10-02,DLLC,Good Standing,CO,2181 Lake Ave,,Eastlake,CO,80614,,Commerce City
20268237512,Prime Construction Cleaning LLC,2026-10-02,DLLC,Good Standing,CO,2603 Loyd Cir,,Parker,CO,80138,,Parker
20268237514,STEAMBOAT MASTER MULTI-SERVICES LLC,2026-10-02,DLLC,Good Standing,CO,3195 S Lincoln St Unit 326,,Steamboat Springs,CO,80487,,Steamboat Springs
20268237518,K Horizon LLC,2026-10-02,DLLC,Good Standing,CO,2575 S vine st,,denver,CO,80210,,denver
20268237519,PartsParlor LLC,2026-10-02,DLLC,Good Standing,CO,10941 E 161st Ave,,Brighton,CO,80602,,Brighton
20268237520,"Gevurah Masa Health Services, PLLC",2026-10-02,DLLC,Good Standing,CO,91 Newark St Unit D,,Aurora,CO,80012,"RevDrDana, PLLC",Aurora
20268237522,Peak Compliance Advisors LLC,2026-10-02,DLLC,Good Standing,CO,5821 Arapahoe Ave Unit 203,,Boulder,CO,80303,"UNITED STATES CORPORATION AGENTS, INC.",Greenwood Village
20268237528,Fourteener Studios LLC,2026-10-02,DLLC,Good Standing,CO,2396 Elkhorn St,,Parker,CO,80138,,Parker
20268237538,HTC Limited,2026-10-02,DLLC,Good Standing,CO,15097 W 63rd Ln,,Arvada,CO,80403,,Arvada
20268237545,JT's Kitchen LLC,2026-10-02,DLLC,Good Standing,CO,550 Park Ave W Unit 1000,,Denver,CO,80205,,Denver
20268237547,Bixl International LLC,2026-10-02,DLLC,Good Standing,CO,1500 N Grant St Ste R,,Denver,CO,80203,Registered Agents Inc,Denver
20268237561,Aster Blooms Textiles LLC,2026-10-02,DLLC,Good Standing,CO,817 E 5th St.,,Pueblo,CO,81001-3724,,Pueblo
20268237565,MicroFitness Lab LLC,2026-10-02,DLLC,Good Standing,CO,9046 E Caley Way,,Centennial,CO,80111,,Centennial
20268237566,Golden Pond Studio LLC,2026-10-02,DLLC,Good Standing,CO,329 S Jefferson Ave,,Louisville,CO,80027,,Louisville
20268237572,Foundations Strength and Agility LLC,2026-10-02,DLLC,Good Standing,CO,2234 Condor St,,Colorado Springs,CO,80909,,Colorado Springs
20268237573,"Sage Client 636, LLC",2026-10-02,DLLC,Good Standing,CO,1809 Blake St Ste 200,,Denver,CO,80202,COGENCY GLOBAL INC.,Denver
20268237580,El Takero Mucho LLC,2026-10-02,DLLC,Good Standing,CO,15895 E 8th Dr,,Aurora,CO,80011,,Aurora
20268237588,Bright Star Legacy Arts LLC,2026-10-02,DLLC,Good Standing,CO,2684 Swale Run,,Colorado Springs,CO,80916,,Colorado Springs
20268237594,New Heritage Recovery Residence LLC,2026-10-02,DLLC,Good Standing,CO,5880 W Alameda Ave Unit 120,,Lakewood,CO,80226,,Lakewood
20268237598,Mayar Medical Transportation LLC,2026-10-02,DLLC,Good Standing,CO,766 Quince St,,Denver,CO,80230,,Denver
20268237602,Greeley Transportation LLC,2026-10-02,DLLC,Good Standing,CO,43026 Highway 14,,Briggsdale,CO,80611,,Briggsdale
20268237615,Lancaster Bookkeeping Services LLC,2026-10-02,DLLC,Good Standing,CO,1500 N Grant St,Ste N,Denver,CO,80203,Northwest Registered Agent LLC,Denver
20268237623,PonyPortal LLC,2026-10-02,DLLC,Good Standing,CO,1500 N Grant St,Ste N,Denver,CO,80203,Northwest Registered Agent LLC,Denver
20268237627,Titan Elite Protection LLC,2026-10-02,DLLC,Good Standing,CO,14402 Double Dutch Cir,,Parker,CO,80134,,Parker
20268237633,Saint Vrain Transportation LLC,2026-10-02,DLLC,Good Standing,CO,1601 Great Western Dr Unit L3,,Longmont,CO,80501,,Longmont
20268237641,NC Media LLC,2026-10-02,DLLC,Good Standing,CO,1500 N Grant St,Ste N,Denver,CO,80203,Northwest Registered Agent LLC,Denver
20268237646,SaniCore Inc,2026-10-02,DPC,Good Standing,CO,3855 Lewiston Street,,Aurora,CO,80011,"PACIFIC REGISTERED AGENTS, INC.",Denver
20268237647,Dark Star,2026-10-02,DNC,Good Standing,CO,2100 Delgany St Apt 240,,Denver,CO,80202,,Denver
20268237648,Til The Last Drop Mobile LLC,2026-10-02,DLLC,Good Standing,CO,7178 Sedgerock Ln,,Colorado Springs,CO,80927,,Colorado Springs
20268237652,MERCER-STERLING LLC,2026-10-02,DLLC,Good Standing,CO,358 Beldock St,,Brighton,CO,80601,,Brighton
20268237654,"All Purpose Consulting, LLC",2026-10-02,DLLC,Good Standing,CO,3700 QUEBEC STREET,STE 100-275,Denver,CO,80207,,Denver
20268237656,JR Valadez Construction LLC,2026-10-02,DLLC,Good Standing,CO,1100 Hemlock St Lot 2,,Leadville,CO,80461,,Leadville
20268237657,Black Lotus Alley LLC,2026-10-02,DLLC,Good Standing,CO,24764 E Arizona Pl,,Aurora,CO,80018,,Aurora
20268237662,ProDrivers employment firm llc,2026-10-02,DLLC,Good Standing,CO,8681 E Dry Creek Rd Unit C111,,Englewood,CO,80112,,Englewood
20268237667,mountain innovative contracting llc,2026-10-02,DLLC,Good Standing,CO,14404 E Colorado Dr Unit 204,,Aurora,CO,80012,,auora
20268237670,Northheim Renovations LLC,2026-10-02,DLLC,Good Standing,CO,7793 S Elk St,,Aurora,CO,80016,,Aurora
20268237674,Erickson Works LLC,2026-10-02,DLLC,Good Standing,CO,4481 Crow Creek Dr,,Colorado Springs,CO,80922,,Colorado Springs
20268237687,Golden Memories LLC,2026-10-02,DLLC,Good Standing,CO,1500 N Grant St,Ste N,Denver,CO,80203,Northwest Registered Agent LLC,Denver
20268237693,Blanca Realty LLC,2026-10-02,DLLC,Good Standing,CO,9281 Grove St,,Westminster,CO,80031,,Westminster
20268237696,LLCreation LLC,2026-10-02,DLLC,Good Standing,CO,6428 Simms St Apt 83,,Arvada,CO,80004,,Arvada
20268237701,KG Hobbes Capital LLC,2026-10-02,DLLC,Good Standing,CO,270 29th St,,Boulder,CO,80305,,Boulder
20268237730,Kickz For Kidz Program,2026-10-02,DNC,Good Standing,CO,302 23rd Avenue Ct,,Greeley,CO,80631,,Greeley
20268237731,"Burnet Propco, LLC",2026-10-02,DLLC,Good Standing,CO,5975 S. Quebec St.,Suite 275,Centennial,CO,8011,,Denver
20268237734,Front Range Tax Advisors LLC,2026-10-02,DLLC,Good Standing,CO,9652 Sycamore Glen Trl,,Colorado Springs,CO,80920,,Colorado Springs
20268237735,STP Trailer Rentals Co.,2026-10-02,DPC,Good Standing,CO,6144 Lincoln St,,Frederick,CO,80530,,Frederick
20268237743,1W&PL Properties LLC,2026-10-02,DLLC,Good Standing,CO,13726 County Road 3,,Longmont,CO,80504,,Longmont
20268237744,"Burnet Opco, LLC",2026-10-02,DLLC,Good Standing,CO,5975 S Quebec St Ste 275,,Englewood,CO,80111,,Denver
20268237752,Good Shift Supply Co. LLC,2026-10-02,DLLC,Good Standing,CO,1500 N Grant St Ste R,,Denver,CO,80203,,Erie
20268237757,LubeLink LLC,2026-10-02,DLLC,Good Standing,CO,7887 East Belleview Ave. Suite 1100A PMB 1411,,Denver,CO,80111,ENTITY PROTECT REGISTERED AGENT SERVICES LLC,Denver
20261853406,Golden Nugget Sweets Co. LLC,2026-10-01,DLLC,Good Standing,CO,308 W Victor Ave,,Victor,CO,80860,,Victor
20261916930,"HQ Platforms, LLC",2026-10-01,DLLC,Good Standing,CO,2225 Ash St,,Denver,CO,80207,,Denver
20261956080,Rossi and Sons LLC,2026-10-01,DLLC,Good Standing,CO,1642 S Grape St,,Denver,CO,80222,,Denver
20261961792,Sepulveda Counseling Services LLC,2026-10-01,DLLC,Good Standing,CO,7400 E Arapahoe Rd Ste 225,,Centennial,CO,80112,,Littleton
20261969725,CaliCo ltd,2026-10-01,DLLC,Good Standing,CO,1987 S Tejon St,,Denver,CO,80223,,Denver
20261972921,"Hibza Auto Hub LLC, Dissolved October 2, 2026",2026-10-01,DLLC,Voluntarily Dissolved,CO,930 Doe Run Ln,,Castle Rock,CO,80108,,Castle Rock
20268042014,"EGE Hangars, LLC",2026-10-01,DLLC,Good Standing,CO,1301 Castle Peak Ranch Rd,,Eagle,CO,81631,,Eagle
20268071254,The Leadville Gym LLC,2026-10-01,DLLC,Good Standing,CO,1016 Alder St,,Leadville,CO,80461,,Leadville
20268073367,"Arden Estate Management, LLC",2026-10-01,DLLC,Good Standing,CO,2519 S Shields St Ste 1K PMB 3063,,Fort Collins,CO,80526,,Fort Collins
20268092607,"Stargazer AI, LLC",2026-10-01,DLLC,Good Standing,CO,1600 Glenarm Pl Apt 1007,,Denver,CO,80202,,Denver
20268102122,Mile high transit llc,2026-10-01,DLLC,Good Standing,CO,3630 S Emporia Way Unit N105,,Aurora,CO,80014,,Aurora
20268106901,South Chambers Laundry LLC,2026-10-01,DLLC,Good Standing,CO,410 S Chambers Rd,,Aurora,CO,80017,,Denver
20268114668,D2 Round 2 LLC,2026-10-01,DLLC,Good Standing,CO,10409 Crystal Lake Ct,,Colorado Springs,CO,80924,,Colorado Springs
20268119861,Kuberin LLC,2026-10-01,DLLC,Good Standing,CO,6850 Copper Sky Cir,,Castle Pines,CO,80108,,Castle Pines
20268126760,"Heartstring Properties, LLC",2026-10-01,DLLC,Good Standing,CO,1500 N Grant St,#12038,Denver,CO,80203,Registered Agents Inc,Denver
20268135882,Hogan Construction Company LLC,2026-10-01,DLLC,Good Standing,CO,9600 W Jewell Ave Ste 4,,Lakewood,CO,80232,,Lakewood
20268138891,"Full Measure Cleaning Services, LLC",2026-10-01,DLLC,Good Standing,CO,7702 Old Spec Road,,Peyton,CO,80831,,Peyton
20268142014,Fruh Financial Inc,2026-10-01,DPC,Good Standing,CO,1175 Kelly Johnson Blvd,Ste 42,Colorado Springs,CO,80920,,Colorado Springs
20268146136,Phoenix Rise Solutions LLC,2026-10-01,DLLC,Good Standing,CO,1858 Hogan Ct,,Castle Rock,CO,80109,,Castle Rock
20268147487,MJ Love Links LLC,2026-10-01,DLLC,Good Standing,CO,1858 Griffin Dr,,Brighton,CO,80601,,Brighton
20268148081,Isaacson Cabin LLC,2026-10-01,DLLC,Good Standing,CO,45648 Cottonwood Hills Dr,,Parker,CO,80138,,Parker
20268153249,Clean Slate Sober LLC,2026-10-01,DLLC,Good Standing,CO,6000 W Floyd Ave Unit 306,,Denver,CO,80227,,Denver
20268155200,Westline Connect LLC,2026-10-01,FLLC,Good Standing,DE,"2323 Victory Ave, Suite 1400",,Dallas,TX,75219,United Agent Group Inc.,Loveland
20268156034,Melody Sullivan DBA MELZ ELITE CLEANING LLC.,2026-10-01,DLLC,Good Standing,CO,1768 Jade Dr,,Loveland,CO,80537,,Loveland
20268158366,"JST2 Holdings, LLC",2026-10-01,DLLC,Good Standing,CO,743 Hale St,,Wray,CO,80758,,Wray
20268159708,Beth Stories LLC,2026-10-01,DLLC,Good Standing,CO,2798 Fernwood Cir,,Broomfield,CO,80020,,Broomfield
20268160361,"Wapiti Bows, LLC",2026-10-01,DLLC,Good Standing,CO,12441 Richmond Ct,,Conifer,CO,80433,,Conifer
20268164798,Akribos NDT Training and Services LLC,2026-10-01,FLLC,Good Standing,AL,1580 N Logan St,Ste 660,Denver,CO,80203,"UNITED STATES CORPORATION AGENTS, INC.",Greenwood Village
20268165163,SmithCraft Enterprises LLC,2026-10-01,DLLC,Good Standing,CO,1500 N GRANT ST,STE N,DENVER,CO,80203,Northwest Registered Agent LLC,Denver
20268165429,USA VISION SYSTEMS INC.,2026-10-01,FPC,Good Standing,CA,9301 IRVINE BLVD,,IRVINE,CA,92618,COGENCY GLOBAL INC.,Denver
20268167676,Frontier Tax Advisory LLC,2026-10-01,DLLC,Good Standing,CO,1850 S Quebec Way,Unit 1050,Denver,CO,80231,,Denver
20268180772,Makaela Bamonti LLC,2026-10-01,DLLC,Good Standing,CO,6427 S Ingalls St,,Littleton,CO,80123,,Littleton
20268182172,"Teleology Co., Dissolved October 1, 2026",2026-10-01,DPC,Voluntarily Dissolved,CO,31753 Miwok Trl,,Evergreen,CO,80439,,Evergreen
20268191974,Scion Consulting LLC,2026-10-01,DLLC,Good Standing,CO,4533 Castle Cir,,Broomfield,CO,80023,,Broomfield
20268204756,C2F Cleaning LLC,2026-10-01,DLLC,Good Standing,CO,1500 N GRANT ST,Suite 11997,Denver,CO,80203,Colorado Registered Agent LLC,Denver
20268206825,"ELMARD PROVIDENCE GROUP, LLC",2026-10-01,DLLC,Good Standing,CO,4870 Newstead Pl,,Colorado Springs,CO,80906,,Colorado Springs
20268208003,SOHO APPAREL GROUP Inc.,2026-10-01,DPC,Good Standing,CO,"4108 S Granby Circle,",,Aurora,CO,80014,Northwest Registered Agent LLC,Denver
20268211228,The Hofman Company LLC,2026-10-01,DLLC,Good Standing,CO,1500 N Grant St,Ste N,Denver,CO,80203,Northwest Registered Agent LLC,Denver
20268213601,"Archer & Trident Research, LLC",2026-10-01,DLLC,Good Standing,CO,1720 Longs Peak Ave,,Longmont,CO,80501,,Longmont
20268213884,F.O.UR HEALTHCARE LLC,2026-10-01,FLLC,Good Standing,FL,"53 Paloma Hts, Apt 101",,Colorado Springs,CO,80921,"UNITED STATES CORPORATION AGENTS, INC.",Greenwood Village
20268214855,CE Merc Books LLC,2026-10-01,DLLC,Good Standing,CO,4418 Starflower Dr,,Fort Collins,CO,80526,,Fort Collins
20268215167,Anh Nguyen Photos LLC,2026-10-01,DLLC,Good Standing,CO,9648 Humboldt St,,Thornton,CO,80229,,Thornton
20268217752,"Fifer's Foliage, LLC",2026-10-01,DLLC,Good Standing,CO,1819 Cherry Blossom Dr Apt 307,,Windsor,CO,80550,,Windsor
20268218469,Remnant Solutions LLC,2026-10-01,DLLC,Good Standing,CO,9180 Rolling Way Unit 205,,Parker,CO,80134,,Parker
20268219105,"BorrowBetter Holdings, LLC",2026-10-01,FLLC,Good Standing,DE,1309 E 3rd Ave Unit 202,,Durango,CO,81301,,Durango
20268220567,"LEAN, Inc.",2026-10-01,DPC,Good Standing,CO,1500 N Grant St,#7683,Denver,CO,80203,Registered Agents Inc,Denver
20268223129,VALVERDE HARDWOOD FLOORS INC,2026-10-01,DPC,Good Standing,CO,11333 Jersey Way,,Thornton,CO,80233,,Thornton
20268224420,"Power Within Mental Wellness, LLC",2026-10-01,DLLC,Good Standing,CO,9085 E Mineral Cir Ste 280,,Centennial,CO,80112,,Centennial
20268226116,LP Melody LLC,2026-10-01,DLLC,Good Standing,CO,12142 Melody Dr Apt 302,,Denver,CO,80234,,Broomfield
20268226233,Irena Majeticova Life Coach. LLC,2026-10-01,DLLC,Good Standing,CO,20 S Boulder Cir Apt 2107,,Boulder,CO,80303,,Boulder
20268226764,Ground Up Coatings LLC,2026-10-01,DLLC,Good Standing,CO,1908 Dilmont Ave,,Greeley,CO,80631,,Greeley
20268226776,Classic LTD,2026-10-01,DPC,Good Standing,CO,1500 N Grant St Ste 2942,,Denver,CO,80203,Streamway Registered Agent LLC,Denver
20268226798,DUST & DAHLIA LLC,2026-10-01,DLLC,Good Standing,CO,"1500 N GRANT ST, STE B",,DENVER,CO,80203,"INCORP SERVICES, INC.",DENVER
20268226802,TCU LLC,2026-10-01,DLLC,Good Standing,CO,267 29 Rd,,Grand Junction,CO,81503,Bennett Capital LLC,Grand Junction
20268226847,Optikal LLC,2026-10-01,DLLC,Good Standing,CO,1500 N Grant St,#8126,Denver,CO,80203,Northwest Registered Agent LLC,Denver
20268226869,Ransom Lifestyle LLC,2026-10-01,DLLC,Good Standing,CO,3128 Eagle Blvd Apt H263,,Brighton,CO,80601,,Brighton
20268226877,Marketroot Media LLC,2026-10-01,DLLC,Good Standing,CO,1500 N Grant St Ste R,,Denver,CO,80203,Registered Agents Inc,Denver
20268226900,3 Girls LLC,2026-10-01,DLLC,Good Standing,CO,3702 County Road 312 Apt 23,,Dumont,CO,80436,Northwest Registered Agent LLC,Denver
20268226978,PrimeTeam LLC,2026-10-01,DLLC,Good Standing,CO,5935 Constitution Ave,,Colorado Springs,CO,80915,Northwest Registered Agent LLC,Denver
20268227017,FLOURISH PEAK TECHNOLOGY LLC,2026-10-01,DLLC,Good Standing,CO,1500 N GRANT ST 5656,,DENVER,CO,80203,Registered Agents Inc,Denver
20268227035,OVERTAK MUFFIN LLC,2026-10-01,DLLC,Good Standing,CO,1500 N GRANT ST,STE 6635,DENVER,CO,80203,"NATIONAL REGISTERED AGENTS, INC.",Centennial
20268227187,Elevated Shop LLC,2026-10-01,DLLC,Good Standing,CO,16321 Cattle Ave,,Parker,CO,80134,,Parker
20268227210,"Advanced Construction Group, LLC",2026-10-01,DLLC,Good Standing,CO,"3225 McLeod Drive, Suite 100",,Las Vegas,NV,89121,ANDERSON REGISTERED AGENTS,Denver
20268227217,"WescoRangers, LLC",2026-10-01,DLLC,Good Standing,CO,3225 McLeod Drive Suite 100,,Las Vegas,NV,89121,ANDERSON REGISTERED AGENTS,Denver
20268227252,G2S CORPORATION,2026-10-01,FPC,Good Standing,TX,4372 N. Loop 1604 W. Ste 306,,Shavano Park,TX,78249,CORPORATE CREATIONS NETWORK INC.,Loveland
20268227256,Crafted Solutions LLC,2026-10-01,DLLC,Good Standing,CO,1500 N Grant St Ste R,,Denver,CO,80203,Registered Agents Inc,Denver
20268227345,Sunset Properties AZ LLC,2026-10-01,DLLC,Good Standing,CO,5150 44th Ave,,Greeley,CO,80634,,Greeley
20268227347,Vansembly LLC,2026-10-01,DLLC,Good Standing,CO,3220 Outlook Dr,,Colorado Springs,CO,80921,,Colorado Springs
20268227555,AMATERY TRADING LLC,2026-10-01,DLLC,Good Standing,CO,3710 Fox St S,,Englewood,CO,80110,Registered Agents Inc,Denver
20268227751,Freedom Consulting Services Company,2026-10-01,FPC,Good Standing,TN,1062 Restoration Drive,,Chattanooga,TN,37421,COGENCY GLOBAL INC.,Denver
20268227768,blackline services llc,2026-10-01,DLLC,Good Standing,CO,1401 9th St Lot 1,,Fort Lupton,CO,80621,,Fort Lupton
20268227780,Fountain Comics & Cards LLC,2026-10-01,DLLC,Good Standing,CO,6656 Payette Dr,,Colorado Springs,CO,80911,,Colorado Springs
20268227872,Lanemark Capital LLC,2026-10-01,DLLC,Good Standing,CO,3222 E 1st Ave Apt 426,,Denver,CO,80206,,Denver
20268227901,Molten Frame Productions LLC,2026-10-01,DLLC,Good Standing,CO,3521 Sunflower Way,,Fort Collins,CO,80521,,Fort Collins
20268227912,Maker + Stitch LLC,2026-10-01,DLLC,Good Standing,CO,280 Main st,C 102,Edwards,CO,81658,,Edwards
20268227934,MacBeth Oil and Gas LLC,2026-10-01,DLLC,Good Standing,CO,16839 W 55th Dr,,Golden,CO,80403,,Golden
20268227979,Aura Elegance Online Shopify LLC,2026-10-01,DLLC,Good Standing,CO,"1500 N GRANT ST, Suite # 7714",,DENVER,CO,80203,Registered Agents Inc,Denver
20268228023,MHC VI TRS LLC,2026-10-01,FLLC,Good Standing,DE,41 Flatbush avenue,Suite 5A,Suite 5A,NY,11217,CORPORATION SERVICE COMPANY,Littleton
20268228092,Hylton Lane Benefits LLC,2026-10-01,DLLC,Good Standing,CO,7887 East Belleview Avenue,,Englewood,CO,80111,ZenBusiness Inc.,Denver
20268228178,"Front Range Freeloader Cattle, LLC",2026-10-01,DLLC,Good Standing,CO,302 Dustry Ridge Drive,,Fort Collins,CO,80524,"NoCo Elite Books, LLC",Fort Collins
20268228180,BRIVON SYSTEMS LLC,2026-10-01,DLLC,Good Standing,CO,2625 W 8th Ave,,Denver,CO,80204,,Bennett
20268228201,Springs Appliance Pros LLC,2026-10-01,DLLC,Good Standing,CO,8117 Kettle Drum St,,Colorado Springs,CO,80922,,Colorado Springs
20268228219,Kira Atelier LLC,2026-10-01,DLLC,Good Standing,CO,10415 18th St,,Greeley,CO,80634,,Greeley
20268228259,ALTITUDE CLUB LLC,2026-10-01,DLLC,Good Standing,CO,518 Harrison Ave PMB 36,,Leadville,CO,80461,,Denver
20268228272,Carbondale Open Inc,2026-10-01,DNC,Good Standing,CO,1104 County Road 112,,Carbondale,CO,81623,Northwest Registered Agent LLC,Denver
20268228280,Mathew's Flooring and Tile LLC,2026-10-01,DLLC,Good Standing,CO,1076 20 Road,,Fruita,CO,81521,ZenBusiness Inc.,Denver
20268228304,ELZ PRO LLC,2026-10-01,DLLC,Good Standing,CO,2405 Sweet Water Ct,,Colorado Springs,CO,80919,REPUBLIC REGISTERED AGENT LLC,Colorado Springs
20268228314,Dunley Protocol LLC,2026-10-01,DLLC,Good Standing,CO,345 E Mountain Ave,,Fort Collins,CO,80524,,Bennett
20268228327,"2000 Cheshire, LLC",2026-10-01,DLLC,Good Standing,CO,302 Dustry Ridge Drive,,Fort Collins,CO,80524,"NoCo Elite Books, LLC",Fort Collins
20268228329,MAVERICK BRANDING SOLUTIONS LLC,2026-10-01,DLLC,Good Standing,CO,2020 N Academy Blvd Ste 261 # 4949,,Colorado Springs,CO,80909,REPUBLIC REGISTERED AGENT LLC,Colorado Springs
20268228355,Spontaneous Studio LLC,2026-10-01,DLLC,Good Standing,CO,11082 W 15th Pl Unit 2143,,Lakewood,CO,80215,,Lakewood
20268228361,PCA Management LLC,2026-10-01,FLLC,Good Standing,MO,1201 Walnut St.,Suite 2125,Kansas City,MO,64106,Registered Agents Inc,Denver
20268228419,"Shake It Till It Drops, LLC",2026-10-01,DLLC,Good Standing,CO,302 Dustry Ridge Drive,,Fort Collins,CO,80524,"NoCo Elite Books, LLC",Fort Collins
20268228450,Oak Canyon Consulting LLC,2026-10-01,FLLC,Good Standing,OR,1500 N Grant St,Ste N,Denver,CO,80203,Northwest Registered Agent LLC,Denver
20268228466,R P Farms LLC,2026-10-01,DLLC,Good Standing,CO,3105 Braun Ct,,Golden,CO,80401,,Golden
20268228471,Munoz Junk Removal LLC,2026-10-01,DLLC,Good Standing,CO,2198 S Fenton St,,Denver,CO,80227,,Denver
20268228492,DOUBLE CAPITAL HOLDINGS LLC,2026-10-01,FLLC,Good Standing,WY,"1500 N GRANT ST, STE R,",,DENVER,CO,80203,Registered Agents Inc,Denver
20268228537,"Sugar & Sticks, LLC",2026-10-01,DLLC,Good Standing,CO,4945 Seton Pl,,Colorado Springs,CO,80918,,Colorado Springs
20268228543,217 Grand Avenue Preservation LLC,2026-10-01,DLLC,Good Standing,CO,217 Grand Avenue,,Grand Lake,CO,80447,,Grand Lake
20268228578,Lambent Incorporated,2026-10-01,FPC,Good Standing,DE,12 Marsh Road,STE 100,Sutton,MA,01590,,Highlands Ranch
20268228589,Steel City Mobile Mech LLC,2026-10-01,DLLC,Good Standing,CO,476 S Arriba Dr,,Pueblo,CO,81007,,Pueblo
20268228598,"Natorix, Inc.",2026-10-01,FPC,Good Standing,DE,7435 S. Alkire St #102,,LITTLETON,CO,80127-3278,,Littleton
20268228605,ROCKY MOUNTAIN FISCAL FINESSE LLC,2026-10-01,DLLC,Good Standing,CO,10725 Eliot Circle,Unit 103,Denver,CO,80234,,Denver
20268228615,Mascarenas Mobile Mechanic LLC,2026-10-01,DLLC,Good Standing,CO,7760 Hollywood St,,Commerce City,CO,80022,,Commerce City
20268228643,"Full Bellies, Bright Futures inc.",2026-10-01,DNC,Good Standing,CO,4285 Gracewood Dr,,Colorado Springs,CO,80920,,Colorado Springs
20268228688,"Dunnellon Duplex, LLC",2026-10-01,DLLC,Good Standing,CO,44 Cook St Ste 530,,Denver,CO,80206,Accruit Holdings LLC,Denver
20268228720,Bulzomi Group LLC,2026-10-01,DLLC,Good Standing,CO,1155 Osprey Rd,,Eaton,CO,80615,,Eaton
20268228746,Trash Bandits LLC,2026-10-01,DLLC,Good Standing,CO,1101 19th Ave,,Greeley,CO,80631,,Greeley
20268228787,1016 Deborah Dr LLC,2026-10-01,DLLC,Good Standing,CO,2493 Tabor St,,Berthoud,CO,80513,,Berthoud
20268228861,"Unified Mechanical Systems, LLC",2026-10-01,DLLC,Good Standing,CO,6630 E Heritage Pl S,,Centennial,CO,80111,,Centennial
20268228864,"DASHLANE USA, INC.",2026-10-01,FPC,Good Standing,DE,44 West 18th Street,4th Floor,New York,NY,10011,"UNITED CORPORATE SERVICES, INC.",Arvada
20268228869,Consent Pro Inc,2026-10-01,DPC,Good Standing,CO,1500 N Grant St Ste R,,Denver,CO,80203,Registered Agents Inc,Denver
20268228915,"Live Beyond Limit Collective, LLC",2026-10-01,DLLC,Good Standing,CO,353 W Drake Rd Ste 140,,Fort Collins,CO,80526,,Fort Collins
20268228919,paws with purpose,2026-10-01,DLP,Good Standing,CO,615 28 1/4 Rd,,Grand Junction,CO,81506,,Grand Junction
20268228966,Greenline Insights LLC,2026-10-01,FLLC,Good Standing,MA,145 Tremont St,Ste 201-1340,Boston,MA,02111,Northwest Registered Agent LLC,Denver
20268228988,"GFPG HB Owner, LLC",2026-10-01,DLLC,Good Standing,CO,14929 Highway 172,,Ignacio,CO,81137,,Durango
20268229002,"Elwell Log Home, LLC",2026-10-01,DLLC,Good Standing,CO,10126 Rustic Redwood Way,,Highlands Ranch,CO,80126,,Highlands Ranch
20268229038,104 Brewer St Bailey CO LLC,2026-10-01,DLLC,Good Standing,CO,1500 N Grant St Ste R,,Denver,CO,80203,Registered Agents Inc,Denver
20268229053,Shadows Institute LLC,2026-10-01,DLLC,Good Standing,CO,303 S Broadway Ste 200 PMB 757,,Denver,CO,80209,,Denver
20268229076,McTav Holding Co LLC,2026-10-01,DLLC,Good Standing,CO,27 Desert Willow Ln,,Littleton,CO,80127,,Littleton
20268229084,Rangeview Advisors LLC,2026-10-01,DLLC,Good Standing,CO,3345 Beechwood Ct,,Colorado Springs,CO,80918,,Colorado Springs
20268229108,Pantry & Parcel LLC,2026-10-01,DLLC,Good Standing,CO,2156 75th Ave,,Greeley,CO,80634,,Greeley
20268229164,Valley Clean Services LLC,2026-10-01,DLLC,Good Standing,CO,19704 Robins Dr,,Denver,CO,80249,,Denver
20268229176,M AND BEE HONEY CO LLC,2026-10-01,DLLC,Good Standing,CO,1000 Tanglewood Ln,,Rangely,CO,81648,,Rangely
20268229202,CO Urban Treasures LLC,2026-10-01,DLLC,Good Standing,CO,5967 Santana Dr,,Colorado Springs,CO,80923,,Colorado Springs
20268229211,Amana LLC,2026-10-01,DLLC,Good Standing,CO,2500 17th St Unit 421,,Denver,CO,80211,,Denver
20268229245,AGL Activ LLC,2026-10-01,DLLC,Good Standing,CO,1500 N Grant St,Ste N,Denver,CO,80203,Northwest Registered Agent LLC,Denver
20268229246,Grayfield Advisors LLC,2026-10-01,DLLC,Good Standing,CO,1500 N Grant St,#12023,Denver,CO,80203,Registered Agents Inc,Denver
20268229266,"VanEdwards, LLC",2026-10-01,DLLC,Good Standing,CO,6280 S Carson St,,Centennial,CO,80111,,Centennial
20268229269,Liminal 1618 LLC,2026-10-01,DLLC,Good Standing,CO,8990 Red Primrose St,,Franktown,CO,80116,"UNITED STATES CORPORATION AGENTS, INC.",Greenwood Village
20268229270,Food With Love LLC,2026-10-01,DLLC,Good Standing,CO,7822 Oberon Rd Apt C,,Arvada,CO,80004,,Arvada
20268229297,"390 N. Cherry Avenue, LLC",2026-10-01,DLLC,Good Standing,CO,390 N Cherry Ave,,Greeley,CO,80631,,Littleton
20268229304,"Carey Duplexes, LLC",2026-10-01,DLLC,Good Standing,CO,597 Chandelle Rd,,Castle Rock,CO,80104,,Castle Rock
20268229323,Sherpa Corporation,2026-10-01,DPC,Good Standing,CO,1518 Washington Ave,,Golden,CO,80401,,Golden
20268229335,Healing Hands Physiotherapy LLC,2026-10-01,DLLC,Good Standing,CO,3102 Maple Ln,,Canon City,CO,81212,,Canon City
20268229344,RovaGroup LLC,2026-10-01,DLLC,Good Standing,CO,1875 S Williams St Unit A,,Denver,CO,80210,,Denver
20268229372,Where Dreams Are Protected LLC,2026-10-01,DLLC,Good Standing,CO,129 North 3rd St,Ste 5,Sterling,CO,80751,,Fleming
20268229392,H2O Towing LLC,2026-10-01,DLLC,Good Standing,CO,2955 Banderas Ln,,Colorado Springs,CO,80917,,Colorado Springs
20268229397,"King Cafe, LLC",2026-10-01,DLLC,Good Standing,CO,1100 S Santa Fe Dr,,Denver,CO,80223,,Denver
20268229414,Rough Crown Auto Transport LLC,2026-10-01,DLLC,Good Standing,CO,8430 De Soto Dr,,Denver,CO,80229,,Denver
20268229450,The Best Roofing LLC,2026-10-01,DLLC,Good Standing,CO,188 Inverness Dr W Ste 430,,Englewood,CO,80112,"Prescott, Rodriguez, Ostrander, Wallshein & Taylor, P.C.",Englewood
20268229488,Two Three LLC,2026-10-01,DLLC,Good Standing,CO,15 Calhoun Rd Apt 10,,Pueblo,CO,81001,,Pueblo
20268229489,Teleology Co,2026-10-01,DPC,Good Standing,CO,31753 Miwok Trl,,Evergreen,CO,80439,,Evergreen
20268229494,DDB Holdings LLC,2026-10-01,DLLC,Good Standing,CO,566 W Crete Cir Ste 4,,Grand Junction,CO,81505,"UNITED STATES CORPORATION AGENTS, INC.",Greenwood Village
20268229510,Top Dog Landscaping & Cleaning LLC,2026-10-01,DLLC,Good Standing,CO,N UNION BLVD,,SPRINGS,CO,80909,,SPRINGS CO
20268229559,Estate and Executor Services LLC,2026-10-01,DLLC,Good Standing,CO,6910 Cordwood Ct,,Boulder,CO,80301,,Boulder
20268229622,"TDC Wellness Medical Group, P.A.",2026-10-01,FO,Good Standing,FL,11612 Knott Street,Unit Two,Garden Grove,CA,92841,Registered Agents Inc,Denver
20268229666,Mamma Bama's Cleaning Crew LLC,2026-10-01,DLLC,Good Standing,CO,200 N 35th Ave Lot 40,,Greeley,CO,80634,,Greeley
20268229669,MERAVOXA RETAIL INC,2026-10-01,DPC,Good Standing,CO,1240 N Pearl St,,Denver,CO,80203,Northwest Registered Agent LLC,Denver
20268229672,"Superior Eye Health, LLC",2026-10-01,DLLC,Good Standing,CO,600 Marshall Rd,,Superior,CO,80027,,Superior
20268229715,Omega 2 LLC,2026-10-01,DLLC,Good Standing,CO,1772 Meadow Ln,,Steamboat Springs,CO,80487,,Steamboat Springs
20268229720,TNT Burritos and Tacos LLC,2026-10-01,DLLC,Good Standing,CO,681 W 5th Ave,,Springfield,CO,81073,,Springfield
20268229723,S&A Resources LLC,2026-10-01,DLLC,Good Standing,CO,600 17th St Ste 2800,,Denver,CO,80202,,Denver
20268229725,Ruizz Painting LLC,2026-10-01,DLLC,Good Standing,CO,16199 Green Valley Ranch Blvd Apt 311,,Denver,CO,80239,,Denver
20268229742,Haley Hall Consulting LLC,2026-10-01,DLLC,Good Standing,CO,8012 Radcliff Dr,,Colorado Springs,CO,80920,,Colorado Springs
20268229745,"Dammann Enterprises, LLC",2026-10-01,DLLC,Good Standing,CO,31876 Lillis Pl,,Golden,CO,80403,,Golden
20268229753,"My Street, Sweeping LLC",2026-10-01,DLLC,Good Standing,CO,22804 US-6,APT 205,Keystone,CO,80435,,KEYSTONE
20268229787,"RTS Ranch I, LLC",2026-10-01,DLLC,Good Standing,CO,525 N Main St,,Gunnison,CO,81230,"Law of the Rockies, LLC",Gunnison
20268229828,Think Outside CO LLC,2026-10-01,DLLC,Good Standing,CO,2642 Riverside Dr,,Steamboat Springs,CO,80487,,Steamboat Springs
20268229849,"Hale Family Holdings, LLC",2026-10-01,FLLC,Good Standing,OH,1500 N Grant St Ste N,,Denver,OH,80203,Northwest Registered Agent LLC,Denver
20268229856,"RTS Ranch II, LLC",2026-10-01,DLLC,Good Standing,CO,525 N Main St,,Gunnison,CO,81230,"Law of the Rockies, LLC",Gunnison
20268229884,"Built Tech Insurance Services, LLC",2026-10-01,FLLC,Good Standing,DE,2212 12th Avenue South,Suite 300,Nashville,TN,37204,"NATIONAL REGISTERED AGENTS, INC.",Centennial
20268229893,Feral Entertainment LLC,2026-10-01,DLLC,Good Standing,CO,1024 S Leyden St,,Denver,CO,80224,,Denver
20268229897,High Desert Hydrology LLC,2026-10-01,DLLC,Good Standing,CO,1500 N Grant St Ste R,,Denver,CO,80203,Registered Agents Inc,Denver
20268229910,"RTS Ranch III, LLC",2026-10-01,DLLC,Good Standing,CO,525 N Main St,,Gunnison,CO,81230,"Law of the Rockies, LLC",Gunnison
20268229918,Sinful Temptations,2026-10-01,DLLP,Good Standing,CO,19187 E Custer Ave,,Parker,CO,80134,,Parker
20268229927,Personal Touch Event Services LLC,2026-10-01,DLLC,Good Standing,CO,23679 E 41st Ave,,Aurora,CO,80019,,Aurora
20268229946,"RTS Ranch IV, LLC",2026-10-01,DLLC,Good Standing,CO,525 N Main St,,Gunnison,CO,81230,"Law of the Rockies, LLC",Gunnison
20268229955,Garbanzo Goddess LLC,2026-10-01,DLLC,Good Standing,CO,526 Crawford Ln,,Palisade,CO,81526,,Palisade
20268229957,Freshly Rooted Boutique LLC,2026-10-01,DLLC,Good Standing,CO,208 Rose Dr,,Colorado Springs,CO,80911,,Colorado Springs
20268229962,Sonder House LLC,2026-10-01,DLLC,Good Standing,CO,150 Murray St # 176,,Niwot,CO,80544,,Niwot
20268229987,"RTS Ranch V, LLC",2026-10-01,DLLC,Good Standing,CO,525 N Main St,,Gunnison,CO,81230,"Law of the Rockies, LLC",Gunnison
20268229999,E.V. Wells LLC,2026-10-01,DLLC,Good Standing,CO,1500 N GRANT ST,Ste N,DENVER,CO,80203,Northwest Registered Agent LLC,Denver
20268230007,Two Bros and Co LLC,2026-10-01,DLLC,Good Standing,CO,3074 Krameria St,,Denver,CO,80207,,Denver
20268230022,"Chewy Vet Care Florida, LLC",2026-10-01,FLLC,Good Standing,DE,7700 West Sunrise Boulevard,,Plantation,FL,33322,CORPORATE CREATIONS NETWORK INC.,Loveland
20268230066,EVERMOIR LLC,2026-10-01,DLLC,Good Standing,CO,10830 E Palmer Divide Ave,,Larkspur,CO,80118,,Larkspur
20268230110,10939 E Harvard LLC,2026-10-01,DLLC,Good Standing,CO,15603 W Floyd Ave,,Morrison,CO,80465,,Morrison
20268230111,Proxinized Rebirth Recordings LLC,2026-10-01,DLLC,Good Standing,CO,250 Gunnison Ave Apt A101,,Saguache,CO,81149,,Saguache
20268230121,"TitleOS, Inc.",2026-10-01,FPC,Good Standing,DE,9104 W Warren Dr.,,Lakewood,CO,80227,"CAPITOL CORPORATE SERVICES, INC.",BRIGHTON
20268230135,STAMP Ventures LLC,2026-10-01,DLLC,Good Standing,CO,641 Main St,,Louisville,CO,80027,,Louisville
20268230163,"HMC Practice Solutions, LLC",2026-10-01,DLLC,Good Standing,CO,12064 Ivanhoe Ct,,Brighton,CO,80602,,Brighton
20268230165,"Root & Branch Counseling, LLC",2026-10-01,DLLC,Good Standing,CO,4585 Hilton Pkwy Ste 202,,Colorado Springs,CO,80907,,Colorado Springs
20268230166,WorldTutors,2026-10-01,FNC,Good Standing,CT,1046 Pequot Ave,,Southport,CT,06890,Registered Agents Inc,Denver
20268230184,Royal Freight Compliance LLC,2026-10-01,DLLC,Good Standing,CO,1122 9th St Ste 103,,Greeley,CO,80631,,Greeley
20268230194,Premier Property Management LLC,2026-10-01,DLLC,Good Standing,CO,155 Arequa Ridge Drive,,"Colorado Springs, Colorado.",CO,80919,,Colorado Springs
20268230204,"The Write Side, LLC",2026-10-01,DLLC,Good Standing,CO,1500 N Grant Street,#11108,Denver,CO,80203,,Denver
20268230212,"Books by Britt, LLC",2026-10-01,DLLC,Good Standing,CO,4415 N Clay St,,Denver,CO,80211,,Denver
20268230321,Kwii LLC,2026-10-01,DLLC,Good Standing,CO,2145 Main St Unit 7,,Louisville,CO,80027,,Louisville
20268230328,Cincosos LLC,2026-10-01,DLLC,Good Standing,CO,8463 E 55th Ave,,Denver,CO,80238,,Denver
20268230336,Arther industrial Consulting LLC,2026-10-01,DLLC,Good Standing,CO,2721 Hinkley Dr,,Fort Collins,CO,80524,,Fort Collins
20268230345,VALVOREXA STORE INC.,2026-10-01,DPC,Good Standing,CO,1500 N Grant St,Ste R,Denver,CO,80203,Registered Agents Inc,Denver
20268230363,Camp Ho Hum LLC,2026-10-01,FLLC,Good Standing,ME,116 S 8th Street,,Colorado Springs,CO,80905,,Colorado Springs
20268230384,AI Groundworks LLC,2026-10-01,DLLC,Good Standing,CO,15522 Irving St,,Broomfield,CO,80023,,Broomfield
20268230393,25 Ernest LLC,2026-10-01,DLLC,Good Standing,CO,3119 Dragonfly Ct,,Castle Rock,CO,80109,,Castle Rock
20268230396,SARA Campus Drive LLC,2026-10-01,DLLC,Good Standing,CO,6795 Campus Dr,,Colorado Springs,CO,80920,C T CORPORATION SYSTEM,Centennial
20268230414,"Valley Rental Group, LLC",2026-10-01,DLLC,Good Standing,CO,"472 Meeting Street, Suite C117",,Charleston,SC,29403,"INCORP SERVICES, INC.",DENVER
20268230489,A Little Something by Em LLC,2026-10-01,DLLC,Good Standing,CO,9671 W Chatfield Ave Unit E,,Littleton,CO,80128,,Littleton
20268230493,Surge Professional,2026-10-01,FLLC,Good Standing,OH,4 Easton Oval,,Columbus,OH,43219,CORPORATION SERVICE COMPANY,Littleton
20268230514,Ash Tree Meadow Art LLC,2026-10-01,DLLC,Good Standing,CO,"2519 S Shields Street Suite 1K, #203",,Fort Collins,CO,80526,,Fort Collins
20268230540,Inner Light Soulutions LLC,2026-10-01,DLLC,Good Standing,CO,6023 Nelson St,,Arvada,CO,80004,,Arvada
20268230581,Beer Brothers Holding Co LLC,2026-10-01,DLLC,Good Standing,CO,631 E 131st Ct,,Thornton,CO,80241,,Thornton
20268230605,Ag4All,2026-10-01,DNC,Good Standing,CO,12850 Linda Vista Drive,,Longmont,CO,80504,Registered Agents Inc,Denver
20268230626,Pueblo County Continuum of Care In,2026-10-01,DNC,Good Standing,CO,1514 E 12th St,,Pueblo,CO,81001,,Pueblo
20268230638,HIRAETH FILM LLC,2026-10-01,DLLC,Good Standing,CO,330 Acoma Street,#1200-PH,Denver,CO,80223,,Denver
20268230640,ANNOUNCE RAM LLC,2026-10-01,DLLC,Good Standing,CO,1500 N GRANT ST,STE 11112,DENVER,CO,80203,"NATIONAL REGISTERED AGENTS, INC.",Centennial
20268230650,YETILOWNER LLC,2026-10-01,DLLC,Good Standing,CO,1629 S Pitkin St,,Aurora,CO,80017,REPUBLIC REGISTERED AGENT LLC,Colorado Springs
20268230655,Amplify for Advisors LLC,2026-10-01,DLLC,Good Standing,CO,110 16th St Ste 1460,,Denver,CO,80202,Rocky Mountain RA LLC,Denver
20268230663,ReyesInk LLC,2026-10-01,DLLC,Good Standing,CO,1306 10th Ave,Suite 3,Greeley,CO,80631,,Greeley
20268230667,Susan Howarth Real Estate LLC,2026-10-01,DLLC,Good Standing,CO,2018 Palmer Ave,,Glenwood Springs,CO,81601,,Glenwood Springs
20268230671,McTav Wolf Creek LLC,2026-10-01,DLLC,Good Standing,CO,27 Desert Willow Ln,,Littleton,CO,80127,,Littleton
20268230677,Bid Troller LLC,2026-10-01,DLLC,Good Standing,CO,1942 Broadway Ste 314C,,Boulder,CO,80302,Registered Agents Inc,Denver
20268230682,NEPANTLA EDUCATIONAL SOLUTION CONSULTANTS LLC,2026-10-01,DLLC,Good Standing,CO,2044 S Utica St,,Denver,CO,80219,SimpleBiz Registered Agent Services LLC,Boulder
20268230690,ARMOR PAY LLC,2026-10-01,DLLC,Good Standing,CO,255 Heartland Acres,,Durango,CO,81303,,Durango
20268230698,TLC Bookkeeping Services LLC,2026-10-01,DLLC,Good Standing,CO,3026 Patterson Rd Ste B,,Grand Junction,CO,81504,,Grand Junction
20268230704,BedRock Medical LLC,2026-10-01,DLLC,Good Standing,CO,7084 S Grape Way,,Centennial,CO,80122,,Centennial
20268230743,"The Rolling Pig, LLC",2026-10-01,DLLC,Good Standing,CO,138 Squirrel Dr,,Pagosa Springs,CO,81147,,Pagosa Springs
20268230748,Precision Ski & Sport LLC,2026-10-01,DLLC,Good Standing,CO,1121 Dillon Dam Road,,Frisco,CO,80443,"The Klug Law Firm, LLC",Dillon
20268230771,DIGITAL FLEXING LLC,2026-10-01,DLLC,Good Standing,CO,4475 Malibu Pt Apt 108,,Colorado Springs,CO,80906,,Colorado Springs
20268230790,JV INNOVATIONS LLC,2026-10-01,DLLC,Good Standing,CO,3239 Blackhawk Cir,,Aurora,CO,80011,,Aurora
20268230797,"30800 E 168th Ave, LLC",2026-10-01,DLLC,Good Standing,CO,"3225 McLeod Dr, Suite 100",,Las Vegas,NV,89121,ANDERSON REGISTERED AGENTS,Denver
20268230798,Life After Justice,2026-10-01,FNC,Good Standing,IL,4455 S KING DR STE 100A,,Chicago,IL,60653,Northwest Registered Agent LLC,Denver
20268230827,MILLIONAIRE COMMERCE INC,2026-10-01,FPC,Good Standing,SD,2030 INDUSTRIAL ST UNIT 8A,,TEA,SD,57064,Northwest Registered Agent LLC,Denver
20268230837,radamsconsulting LLC,2026-10-01,FLLC,Good Standing,IA,16412 C16,,Akron,IA,51001,"Geoffrey Bradshaw, CPA P.L.L.C.",Colorado Springs
20268230839,ALTITUDE GROWTH PARTNERS LLC,2026-10-01,DLLC,Good Standing,CO,205 S Fenton St,,Lakewood,CO,80226,REPUBLIC REGISTERED AGENT LLC,Colorado Springs
20268230851,Available handy man services LLC,2026-10-01,DLLC,Good Standing,CO,1500 N Grant St,Ste N,Denver,CO,80203,Northwest Registered Agent LLC,Denver
20268230858,Ordinary Trouble Games LLC,2026-10-01,DLLC,Good Standing,CO,1500 N GRANT ST,Ste N,DENVER,CO,80203,Northwest Registered Agent LLC,Denver
20268230864,Apex AI LLC,2026-10-01,DLLC,Good Standing,CO,7252 S Sourdough Dr,,Morrison,CO,80465,,Morrison
20268230886,"TRI MARINE NORTH AMERICA, LLC",2026-10-01,FLLC,Good Standing,WA,5274 W ROWLAND PL,,LITTLETON,CO,80128,,Littleton
20268230909,COMPLIANCE CATALYST CONSULTING LLC,2026-10-01,DLLC,Good Standing,CO,18957 E Montana Pl,,Aurora,CO,80017,SimpleBiz Registered Agent Services LLC,Boulder
20268230947,Creation Agents LLC,2026-10-01,FLLC,Good Standing,IA,6701 CORPORATE DR #4425,,Johnston,IA,50131,,Golden
20268230950,SI Logic LLC,2026-10-01,DLLC,Good Standing,CO,3927 Sandoval St,,Brighton,CO,80601,SimpleBiz Registered Agent Services LLC,Boulder
20268230952,"Robert Fisher VO, LLC",2026-10-01,DLLC,Good Standing,CO,449 Hickory Pl,,Broomfield,CO,80020,,Broomfield
20268230954,Foothills Junk Removal LLC,2026-10-01,DLLC,Good Standing,CO,2278 Vineyard Dr,,Castle Rock,CO,80104,,Castle Rock
20268230967,Goedkep LLC,2026-10-01,DLLC,Good Standing,CO,1500 N Grant St,Ste N,Denver,CO,80203,Northwest Registered Agent LLC,Denver
20268230969,Chango LLC,2026-10-01,DLLC,Good Standing,CO,"41310 US Hwy 6, Unit CD1",,Avon,CO,81620,"MT Registered Agents, LLC",Avon
20268230973,"Golden Sage Medical, LLC",2026-10-01,DLLC,Good Standing,CO,2434 W 36th Ave,,Denver,CO,80211,,Denver
20268230977,PJACOBS LLC,2026-10-01,DLLC,Good Standing,CO,1615 Harlan St Unit 5,,Lakewood,CO,80214,SimpleBiz Registered Agent Services LLC,Boulder
20268230981,"Alewine Rentals LLC, Dissolved October 2, 2026",2026-10-01,DLLC,Voluntarily Dissolved,CO,28 Meadowbrook Dr,,Bayfield,CO,81122,SimpleBiz Registered Agent Services LLC,Boulder
20268230994,"Mile High Kusina & Bakehouse, LLC",2026-10-01,DLLC,Good Standing,CO,9002 W Chatfield Dr,,Littleton,CO,80128,,Littleton
20268230997,Beyond The Field Foundation,2026-10-01,DNC,Good Standing,CO,5670 Hackney Ct,,Parker,CO,80134,,Parker
20268230999,COZZIPAY LLC,2026-10-01,DLLC,Good Standing,CO,265 Dillon Ridge Rd Ste C # 2159,,Dillon,CO,80435,REPUBLIC REGISTERED AGENT LLC,Colorado Springs
20268231016,Strategic Public Safety Training & Government Solutions LLC,2026-10-01,DLLC,Good Standing,CO,22463 E Weaver Dr,,Aurora,CO,80016,,Aurora
20268231017,NANY SPA LLC,2026-10-01,DLLC,Good Standing,CO,521 N 30th Avenue Ct,,Greeley,CO,80631,SimpleBiz Registered Agent Services LLC,Boulder
20268231019,Colorado Technologies LLC,2026-10-01,DLLC,Good Standing,CO,613 W Longview Ave,,Littleton,CO,80120,,Littleton
20268231024,La esquina Salvadorena LLC,2026-10-01,DLLC,Good Standing,CO,596 Dayton St,,Aurora,CO,80010,,Aurora
20268231039,Gen X Kid LLC,2026-10-01,DLLC,Good Standing,CO,5600 Arapahoe Ave Ste 201,,Boulder,CO,80303,,Boulder
20268231048,The Glute Mechanic LLC,2026-10-01,DLLC,Good Standing,CO,9671 Timber Hawk Cir Apt 23,,Highlands Ranch,CO,80126,,Highlands Ranch
20268231063,FORWARD LEGACY LLC,2026-10-01,DLLC,Good Standing,CO,7235 S Sundown Cir,,Littleton,CO,80120,SimpleBiz Registered Agent Services LLC,Boulder
20268231071,522 Pine River LLC,2026-10-01,DLLC,Good Standing,CO,1032 Main Ave,,Durango,CO,81301,"1031 Experts, LLC",Durango
20268231089,"SOUND INCOME WEALTH, LLC",2026-10-01,FLLC,Good Standing,FL,500 W. CYPRESS CREEK ROAD SUITE 240,,FORT LAUDERDALE,FL,33309,COGENCY GLOBAL INC.,Denver
20268231102,INTELLIGENT INTERFACE SYSTEMS LLC,2026-10-01,DLLC,Good Standing,CO,6737 W Lakeside Dr,,Littleton,CO,80125,SimpleBiz Registered Agent Services LLC,Boulder
20268231127,203 Gold Flake Terrace LLC,2026-10-01,DLLC,Good Standing,CO,203 Gold Flake Ter,,Bailey,CO,80421,"O'Brien & O'Brien, P.C.",Littleton
20268231145,"Silver Ridge Forge, LLC",2026-10-01,DLLC,Good Standing,CO,449 Hickory Pl,,Broomfield,CO,80020,,Broomfield
20268231152,Tall Pines Properties LLC,2026-10-01,DLLC,Good Standing,CO,3600 County Road 359,,Pagosa Springs,CO,81147,,Pagosa Springs
20268231170,"BT Well Permitting and Staking, LLC",2026-10-01,DLLC,Good Standing,CO,4095 S Vincennes Ct,,Denver,CO,80237-1750,,Denver
20268231174,"Mahidely & Co. Realty, LLC",2026-10-01,DLLC,Good Standing,CO,1481 Farmland Ln,,Milliken,CO,80543,,Milliken
20268231189,Gabriels Finish Work LLC,2026-10-01,DLLC,Good Standing,CO,6634 Arrowhead Trl,,Elizabeth,CO,80107,,Elizabeth
20268231191,"MH Clinical Solutions, LLC",2026-10-01,DLLC,Good Standing,CO,1500 N Grant St,Ste C,Denver,CO,80203,Colorado Registered Agent LLC,Denver
20268231193,"The LIVE Haus, LLC",2026-10-01,DLLC,Good Standing,CO,13301 Blue Amber Ct,,Parker,CO,80134,,Parker
20268231200,G&G LOGISTICS LLC,2026-10-01,DLLC,Good Standing,CO,488 Stevens Cir,,Platteville,CO,80651,,Platteville
20268231203,RP Plumbing LLC,2026-10-01,DLLC,Good Standing,CO,217 Broadway St,,Eagle,CO,81631,,Gypsum
20268231220,Ramirez Life Group LLC,2026-10-01,DLLC,Good Standing,CO,6105 S Main St Ste 200,,Aurora,CO,80016,,Aurora
20268231222,Buell Property Services LLC,2026-10-01,DLLC,Good Standing,CO,8121 Grandiose Hts Apt 108,,Colorado Springs,CO,80927,,Colorado Springs
20268231223,"American Academy of Child and Adolescent Psychiatry, Inc.",2026-10-01,FNC,Good Standing,DE,3615 Wisconsin Ave NW,,Washington,DC,20016,Affinity Resources LLC,Arvada
20268231227,"iTekz, LLC",2026-10-01,FLLC,Good Standing,FL,"4300 Biscayne Blvd, Suite G03",,Miami,FL,33137,Rocky Mountain RA LLC,Denver
20268231230,SLD Ventures Bookkeeping LLC,2026-10-01,DLLC,Good Standing,CO,1500 N Grant St Ste R,,Denver,CO,80203,Registered Agents Inc,Denver
20268231238,RAM Telluride Construction LLC,2026-10-01,DLLC,Good Standing,CO,2525 Glen View Dr,,Montrose,CO,81401,,Montrose
20268231250,Pikes Peak Elevated Cleaning LLC,2026-10-01,DLLC,Good Standing,CO,2033 Rampart Range Rd,,Woodland Park,CO,80863,,Woodland Park
20268231251,SLD Ventures Management LLC,2026-10-01,DLLC,Good Standing,CO,1500 N Grant St Ste R,,Denver,CO,80203,Registered Agents Inc,Denver
20268231257,"Keep Me Creative, LLC",2026-10-01,DLLC,Good Standing,CO,5705 Chardonnay St,,Evans,CO,80634,,Evans
20268231262,The Works Foundation,2026-10-01,DNC,Good Standing,CO,501 Rio Grande Pl Ste 105,,Aspen,CO,81611,,Aspen
20268231272,Teamtrashpandas LLC,2026-10-01,DLLC,Good Standing,CO,4545 N Xenia St Unit 314,,Denver,CO,80238,,Denver
20268231278,Little Village Nannies LLC,2026-10-01,DLLC,Good Standing,CO,5374 Hospitality Pl,,Parker,CO,80134,,Parker
20268231305,DFC HIGHLINE WOLF RANCH LLC,2026-10-01,FLLC,Good Standing,FL,13000 Sawgrass Village Circle,Suite 24,Ponte Vedra Beach,FL,32082,COGENCY GLOBAL INC.,Denver
20268231307,"SINFULLY SPLENDID DELIGHTS, LLC",2026-10-01,DLLC,Good Standing,CO,2818 Maverick Dr,,Colorado Springs,CO,80918,"CORPORATE SERVICE CENTER, INC.",Denver
20268231308,Sagewind Mountain LLC,2026-10-01,DLLC,Good Standing,CO,47595 County Road 15,,Wellington,CO,80549,,Wellington
20268231319,"Peak Pedagogy, LLC",2026-10-01,DLLC,Good Standing,CO,2501 Locust St,,Denver,CO,80207,,Denver
20268231321,MRA Choice LLC,2026-10-01,DLLC,Good Standing,CO,1498 Marshall Rd,,Boulder,CO,80305,,Boulder
20268231324,Liquid into Cups LLC,2026-10-01,DLLC,Good Standing,CO,625 Darby Ct,,Castle Rock,CO,80104,,Castle Rock
20268231330,DiscoBalling LLC,2026-10-01,DLLC,Good Standing,CO,1279 Yates St,,Denver,CO,80204,,Denver
20268231347,WYO MGMT LLC,2026-10-01,FLLC,Good Standing,WY,1718 Capitol Avenue,,Cheyenne,WY,82001,Northwest Registered Agent LLC,Denver
20268231370,Grey Advising LLC,2026-10-01,DLLC,Good Standing,CO,29 Oakridge Dr,,Castle Rock,CO,80104,,Castle Rock
20268231385,White Rabbit LLC,2026-10-01,DLLC,Good Standing,CO,1053 W Century Dr Apt 104,,Louisville,CO,80027,,Louisville
20268231391,Generations CO LLC,2026-10-01,DLLC,Good Standing,CO,11843 High Desert Rd,,Parker,CO,80134,,Parker
20268231392,Mary Casanova Books Inc,2026-10-01,FPC,Good Standing,MN,1801 2nd Ave,Suite 511,International Falls,MN,56649,,Denver
20268231403,Longview VF BB 2026-1 LLC,2026-10-01,FLLC,Good Standing,DE,"550 W. 34th Street, Level 48",,New York,NY,10001,C T CORPORATION SYSTEM,Centennial
20268231407,Crowdseed Equity Management Public Benefit Corporation,2026-10-01,DPC,Good Standing,CO,3513 Brighton Blvd Ste 425,,Denver,CO,80216,,Denver
20268231410,SALVIXONA GOODS Inc.,2026-10-01,DPC,Good Standing,CO,1500 N GRANT ST,STE N,DENVER,CO,80203,Northwest Registered Agent LLC,Denver
20268231417,Title Command LLC,2026-10-01,DLLC,Good Standing,CO,1500 N Grant St,Ste R,Denver,CO,80203,Registered Agents Inc,Denver
20268231427,Front Range Property Media LLC,2026-10-01,DLLC,Good Standing,CO,15486 W 64th Loop Unit B,,Arvada,CO,80007,,Arvada
20268231444,Corinth Holdings LLC,2026-10-01,DLLC,Good Standing,CO,1446 Wynkoop Dr,,Colorado Springs,CO,80909,,Colorado Springs
20268231460,Consumer products and co LLC,2026-10-01,DLLC,Good Standing,CO,858 Meadow Station Cir,,Parker,CO,80138,,Parker
20268231481,Squeaky Minds LLC,2026-10-01,DLLC,Good Standing,CO,8220 Basaltic Dr,,Colorado Springs,CO,80938,,Colorado Springs
20268231489,Spyhunter6677 LLC,2026-10-01,DLLC,Good Standing,CO,1338 grand ave,211,Glenwood Springs,CO,8601,,Glenwood Springs
20268231491,"NEXISFLOW, LLC",2026-10-01,DLLC,Good Standing,CO,"1908 S Orlando Ave, Los Angeles, Ca, Usa",,Cocoa Beach,FL,32931,"CORPORATE SERVICE CENTER, INC.",Denver
20268231494,"The Operator Lab, LLC",2026-10-01,DLLC,Good Standing,CO,3407 West 154th Place,,Broomfield,CO,80023,,Broomfield
20268231496,JACKS Family Management LLC,2026-10-01,DLLC,Good Standing,CO,4473 E 122nd Ct,,Thornton,CO,80241,,Thornton
20268231505,"Up On The Park Publishing, LLC",2026-10-01,DLLC,Good Standing,CO,2071 Wirth Ln,,Glade Park,CO,81523,,Glade Park
20268231514,2 GAMMA NORTH AMERICA INC.,2026-10-01,FPC,Good Standing,WY,1613 EVANS AVENUE #510,,CHEYENNE,WY,82001,CORPORATION SERVICE COMPANY,Littleton
20268231517,USA CLEAN AIR LLC,2026-10-01,DLLC,Good Standing,CO,4819 Jedediah Smith Road,,Colorado Springs,CO,80922,,Coloration Springs
20268231530,"Robinson Management Group, LLC",2026-10-01,DLLC,Good Standing,CO,123 S Ingalls St,,Lakewood,CO,80226,,Lakewood
20268231537,"Accounts Receivables, Inc.",2026-10-01,FPC,Good Standing,FL,"1818 S Australian Ave, Ste 245",,West Palm Beach,FL,33409,CORPORATION SERVICE COMPANY,Littleton
20268231551,The Framing Workshop LLC,2026-10-01,DLLC,Good Standing,CO,7075 S. Alton Way,,Centennial,CO,80112,,Centennial
20268231563,JAHANGIR BALOCH LLC,2026-10-01,DLLC,Good Standing,CO,1500 N GRANT ST STE 23981,,DENVER,CO,80203,Colorado Registered Agents,Denver
20268231567,Lund Partnerships LLC,2026-10-01,DLLC,Good Standing,CO,665 Albion St,,Denver,CO,80220,,Denver
20268231609,Qasim Mart LLC,2026-10-01,DLLC,Good Standing,CO,1500 N GRANT ST STE 1790,,DENVER,CO,80203,Colorado Registered Agents,Denver
20268231618,Pine & Peak Commerce LLC,2026-10-01,DLLC,Good Standing,CO,4314 S Xenon Ct,,Morrison,CO,80465,,Morrison
20268231620,CraySea J Ventures LLC,2026-10-01,DLLC,Good Standing,CO,535 South Park Avenue,,Breckenridge,CO,80424,Crazy J Developments LLC,Breckenridge
20268231642,Prairie to Peak podcast LLC,2026-10-01,DLLC,Good Standing,CO,29390 County Road 20.5,,Rocky Ford,CO,81067,,Rocky Ford
20268231645,Once Upon a Castle Travel LLC,2026-10-01,DLLC,Good Standing,CO,202 Ribbon Ct,,Fruita,CO,81521,,Fruita
20268231659,Yumellish LLC,2026-10-01,DLLC,Good Standing,CO,1500 N GRANT ST STE 89346,,DENVER,CO,80203,Colorado Registered Agents,Denver
20268231665,Slate & Sons LLC,2026-10-01,DLLC,Good Standing,CO,7529 S Turkey Creek Rd,,Morrison,CO,80465,,Morrison
20268231674,Walking Into Better Days,2026-10-01,DNC,Good Standing,CO,201 S Downing St Apt 2,,Denver,CO,80209,,Denver
20268231680,"Esguerra Implant Group, PLLC",2026-10-01,DLLC,Good Standing,CO,1935 Woodland Ave.,,Duluth,MN,55803,C T CORPORATION SYSTEM,Centennial
20268231683,BLESSED MANIFA LLC,2026-10-01,DLLC,Good Standing,CO,1142 Walters Point,,Monument,CO,80132,,Monument
20268231690,"UNITED WAVE, LLC",2026-10-01,DLLC,Good Standing,CO,1107 Longhorn Ln,,Forney,TX,75126,"CORPORATE SERVICE CENTER, INC.",Denver
20268231700,Denver Paint & Restoration LLC,2026-10-01,DLLC,Good Standing,CO,1371 Tennyson St,,Denver,CO,80204,,Denver
20268231714,"Iris Crest, LLC",2026-10-01,DLLC,Good Standing,CO,4750 Table Mesa Dr,,Boulder,CO,80305,"FRASCONA, JOINER, GOODMAN AND GREENSTEIN, P.C.",Boulder
20268231716,EL PARCHE COLOMBIANO LLC,2026-10-01,DLLC,Good Standing,CO,5471 BEAVER CREEK BLVD #B105,,AVON,CO,81620,,AVON
20268231721,Max Family LLC,2026-10-01,DLLC,Good Standing,CO,110 16th St Ste 1460,,Denver,CO,80202,Rocky Mountain RA LLC,Denver
20268231737,QuantBryan LLC,2026-10-01,DLLC,Good Standing,CO,1500 N Grant St Ste R,,Denver,CO,80203,Registered Agents Inc,Denver
20268231752,Kitchora Vougue LLC,2026-10-01,DLLC,Good Standing,CO,1500 N GRANT ST STE 126734,,DENVER,CO,80203,Colorado Registered Agents,Denver
20268231753,Withrow Nutrition and Science Consulting LLC,2026-10-01,DLLC,Good Standing,CO,"2700 E Cherry Creek South Dr Apt 416,",,Denver,CO,80209,,Denver
20268231761,23 Betty LLC,2026-10-01,DLLC,Good Standing,CO,3119 Dragonfly Ct,,Castle Rock,CO,80109,,Castle Rock
20268231783,Haus of Anomaly LLC,2026-10-01,DLLC,Good Standing,CO,1619 N Chestnut St,,Colorado Springs,CO,80907,,Colorado Springs
20268231792,Beacon & Bloom LLC,2026-10-01,DLLC,Good Standing,CO,3609 Austin Bluffs Parkway,Ste 31-1143,Colorado Springs,CO,80918-6658,Registered Agents Inc,Denver
20268231796,Buried Secrets: Intelligence Retrieval Group LLC,2026-10-01,DLLC,Good Standing,CO,6165 E Iliff Ave Apt 413C,,Denver,CO,80222,,Denver
20268231797,"LCS Flooring, LLC.",2026-10-01,DLLC,Good Standing,CO,7772 County Road J,,Wiggins,CO,80654,,Wiggins
20268231798,"CoStJ420, LLC",2026-10-01,DLLC,Good Standing,CO,524 N 30th St,,Quincy,IL,62301,C T CORPORATION SYSTEM,Centennial
20268231808,"Unbelievable Grace, PLLC",2026-10-01,FLLC,Good Standing,TX,1500 N Grant St,Ste N,Denver,CO,80203,Northwest Registered Agent LLC,Denver
20268231812,DTV SERVICES LLC,2026-10-01,DLLC,Good Standing,CO,1500 N GRANT STE 9839,,DENVER,CO,80203,Registered Agents Inc,Denver
20268231814,CORTEZ CURRENT LLC,2026-10-01,DLLC,Good Standing,CO,313 N Chestnut St,,Cortez,CO,81321,,Cortez
20268231827,"ATELIE CUSTOM LEATHER, LLC",2026-10-01,DLLC,Good Standing,CO,4990 Moorhead Ave Unit 220,,Boulder,CO,80305,"CORPORATE SERVICE CENTER, INC.",Denver
20268231831,Longview TF BB 2026-1 LLC,2026-10-01,FLLC,Good Standing,DE,"550 W. 34th Street, Level 48",,New York,NY,10001,C T CORPORATION SYSTEM,Centennial
20268231833,Easier Path LLC,2026-10-01,DLLC,Good Standing,CO,110 16th St Ste 1460,,Denver,CO,80202,Rocky Mountain RA LLC,Denver
20268231844,Luxor Vending LLC,2026-10-01,DLLC,Good Standing,CO,292 Honeysuckle Cir,,Fruita,CO,81521,,Fruita
20268231845,Colorado Women's 600 Bowling Club,2026-10-01,DNC,Good Standing,CO,1133 E 100th Pl,,Thornton,CO,80229,,Thornton
20268231846,"KNOX MEDICAL CONSULTING, LLC",2026-10-01,DLLC,Good Standing,CO,4262 ROYAL PINE DRIVE,SUITE 100,COLORADO SPRINGS,CO,80920,"ROBERT B. KEYSER II, LLC",COLORADO SPRINGS
20268231851,TFE Beam Me Up LLC,2026-10-01,FLLC,Good Standing,DE,"1345 Avenue of the Americas, 46 FL",,New York,NY,10105,C T CORPORATION SYSTEM,Centennial
20268231852,La Granja LLC,2026-10-01,DLLC,Good Standing,CO,1157 County Road 214,,Durango,CO,81303,,Durango
20268231869,Xexonic Solutions LLC,2026-10-01,DLLC,Good Standing,CO,1500 N GRANT STE 6476,,DENVER,CO,80203,Registered Agents Inc,Denver
20268231882,Lazslo's Junk Removal LLC,2026-10-01,DLLC,Good Standing,CO,2865 W Mexico Ave,,Denver,CO,80219,,Denver
20268231890,General Edu Development LLC,2026-10-01,DLLC,Good Standing,CO,1500 N GRANT STE 9729,,DENVER,CO,80203,Registered Agents Inc,Denver
20268231891,"The SHOP Haus, LLC",2026-10-01,DLLC,Good Standing,CO,13301 Blue Amber Ct,,Parker,CO,80134,,Parker
20268231895,Big Bear Financial Solutions LLC,2026-10-01,DLLC,Good Standing,CO,3339 Huckleberry Way,,Loveland,CO,80538,,Loveland
20268231903,"UES PROFESSIONAL SOLUTIONS 18, LLC",2026-10-01,FLLC,Good Standing,GA,1955 Vaughn Rd NW Suite 101,,Kennesaw,GA,30144,COGENCY GLOBAL INC.,Denver
20268231907,"Eventzy, Inc.",2026-10-01,FPC,Good Standing,DE,5142 N Academy Blvd,Unit #4226,Colorado Springs,CO,80918,Telos Legal Corp.,Centennial
20268231915,"CB Cookies, LLC",2026-10-01,DLLC,Good Standing,CO,6055 Sky Pond Dr,,Loveland,CO,80538,,Severance
20268231922,Mitzi Ring LLC,2026-10-01,DLLC,Good Standing,CO,2992 S Flat Cir,,Longmont,CO,80503,"UNITED STATES CORPORATION AGENTS, INC.",Greenwood Village
20268231932,"Abundant Life Nutrition, LLC",2026-10-01,DLLC,Good Standing,CO,8135 Lighthouse Ln,,Windsor,CO,80528,,Windsor
20268231933,"8200 SP II, LLC",2026-10-01,DLLC,Good Standing,CO,9457 S University Blvd,Ste 820,Highlands Ranch,CO,80126,,Highlands Ranch
20268231938,"Bruin Recycling, LLC",2026-10-01,DLLC,Good Standing,CO,31450 Highway 145,,Naturita,CO,81422,"Registered Agent Solutions, Inc.",Centennial
20268231939,KEEP WHATS YOURS LLC,2026-10-01,DLLC,Good Standing,CO,313 N Chestnut St,,Cortez,CO,81321,,Cortez
20268231947,Precision Helm LLC,2026-10-01,DLLC,Good Standing,CO,5910 S University Blvd STE C18 #233,,Greenwood Village,CO,80121,,Greenwood Village
20268231949,Foster ENT LLC,2026-10-01,DLLC,Good Standing,CO,255 Union Boulevard,Suite #350,Lakewood,CO,80228,,Lakewood
20268231957,KZ FINANCIAL SERVICES LLC,2026-10-01,DLLC,Good Standing,CO,1365 Benton St,,Lakewood,CO,80214,,Lakewood
20268231964,Barnside Pumpkins LLC,2026-10-01,DLLC,Good Standing,CO,4276 N State Highway 67,,Sedalia,CO,80135,,Sedalia
20268231974,Tower House Software Group LLC,2026-10-01,DLLC,Good Standing,CO,1500 N Grant St,Suite 12033,Denver,CO,80203,Registered Agents Inc,Denver
20268231979,Code Cravings Vending LLC,2026-10-01,DLLC,Good Standing,CO,4520 Centennial Blvd PMB 1077,,Colorado Springs,CO,80919,,Colorado Springs
20268231984,The Hard Way Co LLC,2026-10-01,DLLC,Good Standing,CO,22359 Natsihi Road,#54,Indian Hills,CO,80454-0054,,Indian Hills
20268231993,The Outside Network LLC,2026-10-01,DLLC,Good Standing,CO,901 N Sherman St Apt 108,,Denver,CO,80203,,Denver
20268232002,EKM Law PLLC,2026-10-01,DLLC,Good Standing,CO,1125 Kelly Johnson Blvd Ste 115,,Colorado Springs,CO,80920,,Colorado Springs
20268232015,MAKADE FIBER LLC,2026-10-01,DLLC,Good Standing,CO,208 Bittern Dr,,Johnstown,CO,80534,,Johnstown
20268232040,"Rebecca Ravee, Inc.",2026-10-01,DPC,Good Standing,CO,4118 Arezzo Dr,,Longmont,CO,80503,,Longmont
20268232048,"Summit Peak Gaming, LLC",2026-10-01,DLLC,Good Standing,CO,1151 Walton Creek Rd,,Steamboat Springs,CO,80487,,Steamboat Springs
20268232050,Colorado Wallpaper Installers llc,2026-10-01,DLLC,Good Standing,CO,901 E 105th Pl,,Northglenn,CO,80233,,Northglenn
20268232058,"La Leche League International, Inc.",2026-10-01,FNC,Good Standing,IL,"183 Wind Chime Court, suite 203",,Raleigh,NC,27615,"Vcorp Agent Services, Inc.",Centennial
20268232067,After Hours Bar and Grill LLC,2026-10-01,DLLC,Good Standing,CO,3535 N Carefree Cir,,Colorado Springs,CO,80917,,Colorado Springs
20268232071,"The Purpose Lighthouse, LLC",2026-10-01,FLLC,Good Standing,FL,12001 Research Parkway,#236,Orlando,FL,32826,Registered Agents Inc,Denver
20268232090,Hamilton Merger Sub II LLC,2026-10-01,FLLC,Good Standing,DE,1515 Broadway,,New York,NY,10036,CORPORATION SERVICE COMPANY,Littleton
20268232094,TWF Colorado LLC,2026-10-01,DLLC,Good Standing,CO,5353 W Dartmouth Ave,,Denver,CO,80227,,Denver
20268232112,Fremont County Community Cares,2026-10-01,DNC,Good Standing,CO,100 E Main St,,Florence,CO,81226,,Florence
20268232113,ZINGTIN LLC,2026-10-01,DLLC,Good Standing,CO,2209 Joseph Allen Dr,,Fort Collins,CO,80525,,Fort Collins
20268232120,Twin Fishers Solutions LLC,2026-10-01,DLLC,Good Standing,CO,1500 N GRANT ST,Ste N,DENVER,CO,80203,Northwest Registered Agent LLC,Denver
20268232122,Priceless Clean LLC,2026-10-01,DLLC,Good Standing,CO,8310 Emerson St,,Denver,CO,80229,,Denver
20268232124,ASK-APPRAISER LLC,2026-10-01,DLLC,Good Standing,CO,6243 Lions Pt,,Lone Tree,CO,80124,,Lone Tree
20268232131,Cut Gifts LLC,2026-10-01,DLLC,Good Standing,CO,16717 County Road 102,,Nunn,CO,80648,,Nunn
20268232132,Kiba LLC,2026-10-01,DLLC,Good Standing,CO,304 S Ute Ave,,Montrose,CO,81401,,Montrose
20268232143,A HERNANDEZ LLC,2026-10-01,DLLC,Good Standing,CO,1255 PEORIA ST,3-207,AURORA,CO,80010,,AURORA
20268232153,TSZ Mercantile LLC,2026-10-01,DLLC,Good Standing,CO,424 Main St.,,Lyons,CO,80540,,Lyons
20268232154,A VOICE FOR THE VOICELESS,2026-10-01,DNC,Good Standing,CO,5490 E Long Pl,,Centennial,CO,80122,"A VOICE FOR THE VOICELESS, INC.",Centennial
20268232167,The Lucky Mule LLC,2026-10-01,DLLC,Good Standing,CO,3110 Boychuk Ave Ste J,,Colorado Springs,CO,80910,,Colorado Springs
20268232168,CR Deal LLC,2026-10-01,DLLC,Good Standing,CO,4068 E. 133rd Place,,Thornton,CO,80241,,Thornton
20268232174,"KDC Architects, P.C.",2026-10-01,FPC,Good Standing,GA,730 Peachtree St NE,Ste 325 Ste 2108,Atlanta,GA,30308,Registered Agents Inc,Denver
20268232177,Estes Park Commercial Laundry LLC,2026-10-01,DLLC,Good Standing,CO,1350 Prospect Mountain Rd,,Estes Park,CO,80517,,Estes Park
20268232183,Sweller Investments LLC,2026-10-01,DLLC,Good Standing,CO,2096 N Whitcomb St,,Fort Collins,CO,80524,,Fort Collins
20268232203,BRAVYN LLC,2026-10-01,DLLC,Good Standing,CO,18101 E Colfax Ave,,Aurora,CO,80011,Colorado Registered Agents,Denver
20268232207,Integrity Fencing & Decking Company LLC,2026-10-01,DLLC,Good Standing,CO,8156 S. Wadsworth Blvd,Unit E151,Littleton,CO,80128,,Morrison
20268232225,Voltron Inc.,2026-10-01,DPC,Good Standing,CO,1500 N Grant St,Ste N,Denver,CO,80203,Northwest Registered Agent LLC,Denver
20268232229,RD Gourmet Kitchen LLC,2026-10-01,DLLC,Good Standing,CO,1094 Hawkshead St,,Timnath,CO,80547,,Timnath
20268232238,"Syzygy Orbital International, LLC",2026-10-01,DLLC,Good Standing,CO,"1500 North Grant Street, Suite N",,Denver,CO,80203,Northwest Registered Agent LLC,Denver
20268232247,"MIMG CCLXX South Summit, LLC",2026-10-01,DLLC,Good Standing,CO,2195 N State Highway 83 Ste 14B,,Franktown,CO,80116,C T CORPORATION SYSTEM,Centennial
20268232256,FULTON FIVE AVIATION LLC,2026-10-01,FLLC,Good Standing,AZ,3632 W Pecos Road,,CHANDLER,AZ,85226,,Rico
20268232298,"AV GWB 2026, LLC",2026-10-01,DLLC,Good Standing,CO,3033 E 1st Ave Ste 300,,Denver,CO,80206,"Alder Companies, LLC",Denver
20268232311,ELDREN LLC,2026-10-01,DLLC,Good Standing,CO,82 Inverness Dr E,,Englewood,CO,80112,Colorado Registered Agents,Denver
20268232320,"Telluride Off Road, LLC",2026-10-01,DLLC,Good Standing,CO,126 Aldasoro Blvd,,Telluride,CO,81435,,Telluride
20268232327,Marwood Group Advisory LLC,2026-10-01,FLLC,Good Standing,NY,733 Third Avenue,11th Floor,New York,NY,10017,CORPORATION SERVICE COMPANY,Littleton
20268232340,J&M Sais LLC,2026-10-01,DLLC,Good Standing,CO,1005 2nd St,,Avondale,CO,81022,,Avondale
20268232348,Advanced Heating and Cooling Idaho,2026-10-01,FLLC,Good Standing,ID,2640 E Lanark St,,Meridian,ID,83642,Northwest Registered Agent LLC,Denver
20268232361,JSV LLC,2026-10-01,DLLC,Good Standing,CO,8364 Sheridan Ct,,Arvada,CO,80003,,Arvada
20268232364,VTV US LLC,2026-10-01,DLLC,Good Standing,CO,1500 N Grant St Ste R,,Denver,CO,80203,Registered Agent Inc,Denver
20268232370,"Trinity Chiropractic, LLC",2026-10-01,DLLC,Good Standing,CO,8270 W. 80th Avenue,"Unit 13, Suite B",arvada,CO,80005,,arvada
20268232372,The Carpentry Works LLC,2026-10-01,DLLC,Good Standing,CO,1081 Adams Ave.,,Silverthorne,CO,80498,,Silverthorne
20268232381,"Liberated Therapy Services, LLC",2026-10-01,DLLC,Good Standing,CO,28660 Sunup Cir,,Elizabeth,CO,80107,,Elbert
20268232385,Murray J Holdings LLC,2026-10-01,DLLC,Good Standing,CO,7236 Midnight Rose Dr,,Colorado Springs,CO,80923,,Colorado Springs
20268232386,Ike Mortgage LLC,2026-10-01,FLLC,Good Standing,DE,1347 Smith Ave,,Birmingham,MI,48009,CORPORATION SERVICE COMPANY,Littleton
20268232389,"210 E 10th Street, LLC",2026-10-01,DLLC,Good Standing,CO,210 E 10th St,,Leadville,CO,80461,,Leadville
20268232390,ClearSeason LLC,2026-10-01,DLLC,Good Standing,CO,1500 N Grant Street #11420,,Denver,CO,80203,Registered Agents Inc,Denver
20268232391,Charging Beaver LLC,2026-10-01,FLLC,Good Standing,MO,7241 Greenway Avenue,,St. Louis,MO,63130,"Universal Registered Agents, Inc.",Brighton
20268232406,"Really Great Reading Company, LLC",2026-10-01,FLLC,Good Standing,MD,"6701 Democracy Boulevard, Suite 30",,Bethesda,MD,20817,CORPORATION SERVICE COMPANY,Littleton
20268232411,Tubbs Barn LLC,2026-10-01,DLLC,Good Standing,CO,15550 N Ellicott Hwy,,Calhan,CO,80808,,Calhan
20268232417,warkentechnologies LLC,2026-10-01,DLLC,Good Standing,CO,10601 Mt Emerald Dr,,Peyton,CO,80831,"UNITED STATES CORPORATION AGENTS, INC.",Greenwood Village
20268232420,Prairie J Holdings LLC,2026-10-01,DLLC,Good Standing,CO,7236 Midnight Rose Dr,,Colorado Springs,CO,80923,,Colorado Springs
20268232422,FALVEN LLC,2026-10-01,DLLC,Good Standing,CO,3000 Airport Dr Building A,,Erie,CO,80516,Colorado Registered Agents,Denver
20268232430,Foundry Connect LLC,2026-10-01,DLLC,Good Standing,CO,501 South St,,Louisville,CO,80027,,Louisville
20268232447,DCT VILLAGE SQUARE LLC,2026-10-01,DLLC,Good Standing,CO,160 SOUTH SAINT VRAIN AVE,,Estes Park,CO,80517,,Estes Park
20268232455,"8211 OSHP, LLC",2026-10-01,DLLC,Good Standing,CO,"1521 Ski Hill Road, Unit 8211",,Breckenridge,CO,80424,Registered Agents Inc,Denver
20268232456,Bronco Car Haul LLC,2026-10-01,DLLC,Good Standing,CO,11750 E 120th Ave,,Henderson,CO,80640,,Henderson
20268232458,EverWild Elopements LLC,2026-10-01,DLLC,Good Standing,CO,9568 W 53rd Ave,,Arvada,CO,80002,,Arvada
20268232467,VALLTOR LLC,2026-10-01,DLLC,Good Standing,CO,2401 S Raritan St,,Englewood,CO,80110,Colorado Registered Agents,Denver
20268232475,RockettMan LLC,2026-10-01,DLLC,Good Standing,CO,640 E Fremont Ave,,Centennial,CO,80122,,Centennial
20268232477,Parametric Precision LLC,2026-10-01,DLLC,Good Standing,CO,1500 N Grant St,Ste N,Denver,CO,80203,Northwest Registered Agent LLC,Denver
20268232480,Magico llc LLC,2026-10-01,DLLC,Good Standing,CO,1500 N Grant St,Ste N,Denver,CO,80203,Northwest Registered Agent LLC,Denver
20268232484,Wag Remarketing Llc,2026-10-01,DLLC,Good Standing,CO,2000 S Quebec St Ste C,,Denver,CO,80231,,Denver
20268232485,Strive Pharmacy Mesa LLC,2026-10-01,FLLC,Good Standing,WY,1500 N Grant St,Ste N,Denver,CO,80203,Northwest Registered Agent LLC,Denver
20268232489,RLMS Properties 528 Apollo LLC,2026-10-01,DLLC,Good Standing,CO,17011 Lincoln Avenue,#193,Parker,CO,80134,,Parker
20268232491,Magnolia Mountain CO L.L.C.,2026-10-01,DLLC,Good Standing,CO,8498 Weiscamp Rd,,Peyton,CO,80831,,Peyton
20268232499,ENRGY Solutions L.L.C,2026-10-01,DLLC,Good Standing,CO,15055 W 58th Ave,,Golden,CO,80403,,Golden
20268232526,Carve Studio LLC,2026-10-01,DLLC,Good Standing,CO,899 Porphyry Street,,Ophir,CO,81426,,Ophir
20268232527,Cottonwood Canyon LLC,2026-10-01,DLLC,Good Standing,CO,11822 S Maxwell Hill Rd,,Littleton,CO,80127,,Littleton
20268232530,"J. Maher Services, Ltd.",2026-10-01,DLLC,Good Standing,CO,5714 Jericho St,,Aurora,CO,80019,,Aurora
20268232537,Studio John James LLC,2026-10-01,DLLC,Good Standing,CO,1001 Bannock St,#442,Denver,CO,80204,,Denver
20268232543,Pathfinder Financial Planning LLC,2026-10-01,DLLC,Good Standing,CO,283 Washington St,,Monument,CO,80132,,Monument
20268232574,BDT Group LLC,2026-10-01,DLLC,Good Standing,CO,863 S Oswego Ct,,Aurora,CO,80012,,Aurora
20268232588,Claim Command LLC,2026-10-01,DLLC,Good Standing,CO,7030 Thorn Brush Way,,Colorado Springs,CO,80923,,Colorado Springs
20268232593,"CSD.LEFTY, LL. CORP.",2026-10-01,DPC,Good Standing,CO,735 EVERETT ST,,LAKEWOOD,CO,80215,,LAKEWOOD
20268232616,Hadas Ventures Ltd.,2026-10-01,DLLC,Good Standing,CO,723 Orchard Ct,,Louisville,CO,80027,,Louisville
20268232621,Stover's Outdoors LLC,2026-10-01,DLLC,Good Standing,CO,2039 County Road 308 Unit 22,,Dumont,CO,80436,,Dumont
20268232634,WSGG Colorado LLC,2026-10-01,FLLC,Good Standing,NV,101 W. Wendover Blvd.,,Wendover,NV,89883,,
20268232639,"Sacred Forest Collective, L.L.C.",2026-10-01,DLLC,Good Standing,CO,8485 Arriba Dr,,Littleton,CO,80125,,Littleton
20268232646,"Overhaul Mechanical, LLC",2026-10-01,DLLC,Good Standing,CO,5759 S Sicily St,,Aurora,CO,80015,,Aurora
20268232652,"Datum Risk Partners, LLC",2026-10-01,FLLC,Good Standing,DE,1500 N Grant St,Ste R,Denver,CO,80203,Registered Agents Inc,Denver
20268232656,RIPER INDUSTRIES LLC,2026-10-01,DLLC,Good Standing,CO,1500 N Grant St Ste R,,Denver,CO,80203,Registered Agents Inc,Denver
20268232665,"13319 HWY 160, LLC.",2026-10-01,DLLC,Good Standing,CO,13319 US Highway 160,,Del Norte,CO,81132,,Del Norte
20268232667,WSGG Dragon Tiger HoldCo LLC,2026-10-01,FLLC,Good Standing,NV,101 W. Wendover Blvd.,,Wendover,NV,89883,C T CORPORATION SYSTEM,Centennial
20268232674,Zero 210 Digital Ventures LLC,2026-10-01,DLLC,Good Standing,CO,1500 N Grant St Ste R,,Denver,CO,80203,Registered Agents Inc,Denver
20268232682,"CnA Ventures, LLC",2026-10-01,DLLC,Good Standing,CO,210 E 10th Street,,Leadville,CO,80461,,Leadville
20268232685,"Leone Rehab Resources, L.L.C.",2026-10-01,FLLC,Good Standing,TX,1500 N Grant St,Ste N,Denver,CO,80203,Northwest Registered Agent LLC,Denver
20268232687,Vanmattic LLC,2026-10-01,DLLC,Good Standing,CO,7665 E Eastman Ave Apt B107,,Denver,CO,80231,,Denver
20268232690,Alerio Technology Group,2026-10-01,FLLC,Good Standing,DE,3611 N Staley Rd,Suite F,Champaign,IL,61822,Registered Agents Inc,Denver
20268232708,Conifer Networks LLC,2026-10-01,DLLC,Good Standing,CO,9287 Lake Breeze Dr,,Littleton,CO,80125,,Littleton
20268232712,WSGG Grand Z HoldCo LLC,2026-10-01,FLLC,Good Standing,NV,101 W. Wendover Blvd.,,Wendover,NV,89883,C T CORPORATION SYSTEM,Centennial
20268232719,Known Good LLC,2026-10-01,DLLC,Good Standing,CO,4202 E 126th Pl,,Thornton,CO,80241,,Thornton
20268232722,Pursuing Other Interests LLC,2026-10-01,DLLC,Good Standing,CO,7696 E Napa Pl,,Denver,CO,80237,,Denver
20268232727,"The Offroad Bicycle Company, LLC",2026-10-01,DLLC,Good Standing,CO,1501 Main St #1112,,Canon City,CO,81212,,Canon City
20268232737,WSGG Dragon Tiger Operator LLC,2026-10-01,FLLC,Good Standing,NV,101 W. Wendover Blvd.,,Wendover,NV,89883,C T CORPORATION SYSTEM,Centennial
20268232739,LevelEddy LLC,2026-10-01,DLLC,Good Standing,CO,2520 N Log Rd,,Calhan,CO,80808,,Calhan
20268232744,C Complexity LLC,2026-10-01,DLLC,Good Standing,CO,420 Autumn Ridge Cir Unit C,,Colorado Springs,CO,80906,,Colorado Springs
20268232748,Mar09 LLC,2026-10-01,DLLC,Good Standing,CO,1500 N Grant St,Ste R,Denver,CO,80203,Registered Agents Inc,Denver
20268232755,InspereX LLC,2026-10-01,FLLC,Good Standing,DE,"25 SE 4th Avenue, Suite 400",,Delray Beach,FL,33483,C T CORPORATION SYSTEM,Centennial
20268232775,WSGG Grand Z Operator LLC,2026-10-01,FLLC,Good Standing,NV,101 W. Wendover Blvd.,,Wendover,NV,89883,C T CORPORATION SYSTEM,Centennial
20268232789,ONE RE LLC,2026-10-01,FLLC,Good Standing,CO,6299 E Long Cir S,,Centennial,CO,80112,,Centennial
20268232808,Spending With Spinna LLC,2026-10-01,DLLC,Good Standing,CO,14200 E Alameda Ave Suite 1017A,,Aurora,CO,80012,,Denver
20268232814,RREAL LLC,2026-10-01,DLLC,Good Standing,CO,9275 Quintero St,,Commerce City,CO,80022,,Commerce City
20268232821,"American Arbor Care Opco, LLC",2026-10-01,FLLC,Good Standing,DE,"2538 N. Southport Avenue, Unit 1F",,Chicago,IL,60614,"NATIONAL REGISTERED AGENTS, INC.",Centennial
20268232823,Passion Hills Estate Sales LLC,2026-10-01,DLLC,Good Standing,CO,2052 S Helena St Apt B,,Aurora,CO,80013,,Aurora
20268232827,TA VISUALS LLC,2026-10-01,DLLC,Good Standing,CO,20777 East 39th Avenue,,Denver,CO,80249,,Denver
20268232830,HA Communities Ltd.,2026-10-01,DLLC,Good Standing,CO,8530 W 52nd Ave Unit B3,,Arvada,CO,80002,Volant Law LLC,Englewood
20268232852,"Fresenius Vascular Care Denver MSO, LLC",2026-10-01,FLLC,Good Standing,DE,920 Winter St.,,Waltham,MA,02451,C T CORPORATION SYSTEM,Centennial
20268232855,FS Catalyst LLC,2026-10-01,DLLC,Good Standing,CO,1500 N Grant St,Ste R,Denver,CO,80203,Registered Agents Inc,Denver
20268232871,MKGK LLC,2026-10-01,DLLC,Good Standing,CO,1500 N Grant St,Ste N,Denver,CO,80203,Northwest Registered Agent LLC,Denver
20268232889,Green Sports Parker LLC,2026-10-01,DLLC,Good Standing,CO,164 S Jackson St,,Denver,CO,80209,,Denver
20268232907,TAX EXPERTS LLC,2026-10-01,DLLC,Good Standing,CO,12246 E Harvard Dr,,Aurora,CO,80014,,Aurora
20268232908,USA Rugby Legacy Fund,2026-10-01,DNC,Good Standing,CO,501 S Cherry St Ste 100,,Denver,CO,80246,Registered Agents Inc,Denver
20268232909,Grace Life Counseling LLC,2026-10-01,DLLC,Good Standing,CO,6795 S Tennessee Ave,Suite 380,Denver,CO,80224,Registered Agents Inc,Denver
20268232913,WeboraCo LLC,2026-10-01,DLLC,Good Standing,CO,1500 N Grant St Ste R,,Denver,CO,80203,Registered Agents Inc,Denver
20268232925,Easy Escapes by Ali LLC,2026-10-01,DLLC,Good Standing,CO,4972 W 103rd Pl,,Westminster,CO,80031,,Westminster
20268232931,"Independence Street Holdings, LLC",2026-10-01,DLLC,Good Standing,CO,6928 W Elmhurst Ave,,Littleton,CO,80128,Waggener & Foster LLP,Greenwood Village
20268232954,ArtCOnomics LLC,2026-10-01,DLLC,Good Standing,CO,241 N 49th Avenue Pl,,Greeley,CO,80634,,Greeley
20268232967,TAG Corona LLC,2026-10-01,DLLC,Good Standing,CO,290 Fillmore St Ste 4,,Denver,CO,80206,,Denver
20268232978,"Reum Lending, LLC",2026-10-01,DLLC,Good Standing,CO,224 Berthoud Trl,,Broomfield,CO,80020,,Broomfield
20268232990,TAG Corona Investors LLC,2026-10-01,DLLC,Good Standing,CO,290 Fillmore St Ste 4,,Denver,CO,80206,,Denver
20268232992,"Tombstone Technical Solutions, LLC",2026-10-01,DLLC,Good Standing,CO,1789 Ghost Dance Cir,,Castle Rock,CO,80108,,Castle Rock
20268233004,Tradewinds Investing LLC,2026-10-01,DLLC,Good Standing,CO,7504 E 9th Ave,,Denver,CO,80230,,Denver
20268233007,Garcias Masonry LLC,2026-10-01,DLLC,Good Standing,CO,14649 6360 Rd,,Montrose,CO,81403,,Montrose
20268233014,TAG Corona GP LLC,2026-10-01,DLLC,Good Standing,CO,290 Fillmore St Ste 4,,Denver,CO,80206,,Denver
20268233019,"EJF FLOORING, LLC",2026-10-01,DLLC,Good Standing,CO,904 N Murray Blvd Apt 202,,Colorado Springs,CO,80915,,Colorado Springs
20268233022,TAGS Label Co LLC,2026-10-01,DLLC,Good Standing,CO,4588 Gray Wolf Ln,,Castle Rock,CO,80104,,Castle Rock
20268233038,Everbright Transportation LLC,2026-10-01,DLLC,Good Standing,CO,3228 S Dayton Ct,,Denver,CO,80231,,Denver
20268233048,"VERITAS MEDICAL, P.A.",2026-10-01,FPC,Good Standing,FL,1339 EAST STREET,,GRAHAM,TX,76450,COGENCY GLOBAL INC.,Denver
20268233078,Mesa Light Photography LLC,2026-10-01,DLLC,Good Standing,CO,2497 Tiptop Ave Unit B,,Grand Junction,CO,81505,,Grand Junction
20268233083,Advance Transportation Inc,2026-10-01,DPC,Good Standing,CO,9725 E Hampden Ave Ste 300,,Denver,CO,80231,,Denver
20268233086,THE VERITY STORE LLC,2026-10-01,DLLC,Good Standing,CO,1500 N GRANT STE 9558,,DENVER,CO,80203,Registered Agents Inc,Denver
20268233101,PTLC LLC,2026-10-01,DLLC,Good Standing,CO,4333 Corbert,,Fort Collins,CO,80525,AONIQ INCORPORATED,Timnath
20268233110,"Stonetown DV 2 Employee Fund, LLC",2026-10-01,DLLC,Good Standing,CO,"720 S Colorado Blvd, Suite 1150-N",,Glendale,CO,80246,"Stonetown Capital Group, LLC",Glendale
20268233134,"Solomon Group Productions, L.L.C.",2026-10-01,FLLC,Good Standing,LA,825 Girod Street,,New Orleans,LA,70113,Northwest Registered Agent LLC,Denver
20268233138,Shred with Sam LLC,2026-10-01,DLLC,Good Standing,CO,290 W Alameda Ave,Apt. 2-313,Denver,CO,80223,,Denver
20268233141,"Magpie Thinking, LLC",2026-10-01,DLLC,Good Standing,CO,3472 Research Pkwy Ste 104 PMB 9030,,Colorado Springs,CO,80920,"Debra L. Eiland, P.C.",Colorado Springs
20268233156,Express Go LLC,2026-10-01,DLLC,Good Standing,CO,1500 N GRANT ST,#11989,Denver,CO,80203,Colorado Registered Agent LLC,Denver
20268233157,Saving Grace Notary LLC,2026-10-01,DLLC,Good Standing,CO,18121 E Hampden Ave Unit C #1161,,Aurora,CO,80013,,Aurora
20268233163,"Nemechek Workforce Capital Partners, LLC",2026-10-01,DLLC,Good Standing,CO,4111 S Narcissus Way,,Denver,CO,80237,,Denver
20268233174,BB Law LLC,2026-10-01,DLLC,Good Standing,CO,1500 N GRANT ST,STE N,DENVER,CO,80203,Northwest Registered Agent LLC,Denver
20268233175,Safe Journey Transportation LLC,2026-10-01,DLLC,Good Standing,CO,3228 S Dayton Ct,,Denver,CO,80231,,Denver
20268233176,Gelles Photo Co LLC,2026-10-01,DLLC,Good Standing,CO,2585 Saulsbury St,,Lakewood,CO,80214,,Lakewood
20268233183,Colorado Independent Scholars Fund,2026-10-01,DNC,Good Standing,CO,4749 S Blue Spruce Rd,,Evergreen,CO,80439,,Evergreen
20268233199,Apex Structural Compliance & Consulting LLC,2026-10-01,DLLC,Good Standing,CO,2674 McKay Landing Pkwy,,Broomfield,CO,80023,,Broomfield
20268233214,ONE A ONLY LLC,2026-10-01,DLLC,Good Standing,CO,15475 ANDREWS DR UNIT 202,,DENVER,CO,80239,,DENVER
20268233232,"2115 Whitewood Drive, LLC",2026-10-01,DLLC,Good Standing,CO,450 Maverick Way,,Monument,CO,80132,,Monument
20268233236,"Flores Bookkeeping, LLC",2026-10-01,DLLC,Good Standing,CO,8340 Graphite Dr,,Colorado Springs,CO,80938,,Colorado Springs
20268233245,Truecare Homecare LLC,2026-10-01,DLLC,Good Standing,CO,1699 S Trenton St Unit 102,,Denver,CO,80231,,Denver
20268233261,Consulting Business Solutions L.L.C,2026-10-01,DLLC,Good Standing,CO,14932 E 117th Ave,,Commerce City,CO,80603,,Commerce City
20268233267,Mountain West Transportation Services LLC,2026-10-01,DLLC,Good Standing,CO,7701 E Nassau Ave,,Denver,CO,80237,,Denver
20268233281,Artemis & Iron LLC,2026-10-01,DLLC,Good Standing,CO,23 S Sherman St,,Denver,CO,80209,,Denver
20268233287,International Medical Events Group LLC,2026-10-01,DLLC,Good Standing,CO,1500 N Grant St,Ste R,Denver,CO,80203,Registered Agents Inc,Denver
20268233295,Sculptern LLC,2026-10-01,DLLC,Good Standing,CO,1500 N Grant St Ste R,,Denver,CO,80203,Registered Agents Inc,Denver
20268233311,MOUNTAIN WEST MEDICAL SUPPLY L.L.C.,2026-10-01,FLLC,Good Standing,UT,301 S Main Street,,Blanding,UT,84511,COGENCY GLOBAL INC.,Denver
20268233319,Cortera AI LLC,2026-10-01,DLLC,Good Standing,CO,1500 N Grant St Ste R,,Denver,CO,80203,Registered Agents Inc,Denver
20268233332,THE HOLISTIC CIRCLE LLC,2026-10-01,FLLC,Good Standing,NJ,309 Morris Ave,,Spring Lake,NJ,07762,Telos Legal Corp.,Centennial
20268233364,Veasey's Food LLC,2026-10-01,DLLC,Good Standing,CO,1500 N Grant St Ste R,,Denver,CO,80203,Registered Agents Inc,Denver
20268233372,Aspen Holdings LLC,2026-10-01,DLLC,Good Standing,CO,10225 E Girard Ave Apt G105,,Denver,CO,80231,,Denver
20268233379,JetskiTrades LLC,2026-10-01,DLLC,Good Standing,CO,2890 Timberchase Trl,,Highlands Ranch,CO,80126,,Highlands Ranch
20268233412,Tajik Community of Colorado,2026-10-01,DNC,Good Standing,CO,10650 E Tennessee Ave Unit 210,,Aurora,CO,80012,,Aurora
20268233418,"Tesserae, LLC",2026-10-01,DLLC,Good Standing,CO,1500 N GRANT ST,STE R,Denver,CO,80203,Registered Agents Inc,Denver
20268233429,"Binary Companion, LLC",2026-10-01,DLLC,Good Standing,CO,16688 W. 69th Cir,,Arvada,CO,80007,,Arvada
20268233431,Photo Bloom Creations LLC,2026-10-01,DLLC,Good Standing,CO,2334 San Marcos Dr,,Colorado Springs,CO,80910,,Colorado Springs
20268233444,Lax Shak LLC,2026-10-01,DLLC,Good Standing,CO,1226 Braewood Ave,,Highlands Ranch,CO,80129,,Highlands Ranch
20268233446,Mangrove Makers LLC,2026-10-01,DLLC,Good Standing,CO,3531 S Logan St Ste D PMB 111,,Englewood,CO,80113,Black Rock Guru LLC,Englewood
20268233450,Sweet and Sauer media LLC,2026-10-01,DLLC,Good Standing,CO,295 S Tamera Ave,,Milliken,CO,80543,,Milliken
20268233452,"Denver Shinkendo, LLC",2026-10-01,DLLC,Good Standing,CO,3547 S Monaco Street Pkwy,,Denver,CO,80237,,Littleton
20268233467,Wolfe Racing Club LLC,2026-10-01,DLLC,Good Standing,CO,39400 County Road 33,,Steamboat Springs,CO,80487,,Steamboat Springs
20268233484,RV Ventures LLC,2026-10-01,DLLC,Good Standing,CO,4253 Cheyenne Dr,,Larkspur,CO,80118,,Larkspur
20268233491,"The Archery Farm, LLC",2026-10-01,DLLC,Good Standing,CO,6461 Niagara St,,Commerce City,CO,80022,,Commerce City
20268233529,De Luevano Trade LLC,2026-10-01,DLLC,Good Standing,CO,512 Windsor Ln Lot 32,,Fountain,CO,80817,,Fountain
20268233532,Reserve at South Creek (CO) Holdco LLC,2026-10-01,FLLC,Good Standing,DE,"300 S. Grand Avenue, 2nd Floor",,Los Angeles,CA,90071,CORPORATION SERVICE COMPANY,Littleton
20268233542,1st AUMA TRANSPORTATION LLC,2026-10-01,DLLC,Good Standing,CO,11849 E Bates Cir,,Aurora,CO,80014,,Aurora
20268233551,FetchCraft LLC,2026-10-01,DLLC,Good Standing,CO,1500 N Grant St Ste R,,Denver,CO,80203,Registered Agents Inc,Denver
20268233559,Burning Rose LLC,2026-10-01,DLLC,Good Standing,CO,1504 Yuma St Apt 303,,Colorado Springs,CO,80909,,Colorado Springs
20268233560,Serena G Photography LLC,2026-10-01,DLLC,Good Standing,CO,2730 Northcrest Dr,,Colorado Springs,CO,80918,,Colorado Springs
20268233561,BAM Removals LLC,2026-10-01,DLLC,Good Standing,CO,11910 W 83rd Pl,,Arvada,CO,80005,,Arvada
20268233565,LEAD QUOTE SALE LLC,2026-10-01,DLLC,Good Standing,CO,1500 N GRANT ST STE R,,DENVER,CO,80203,Registered Agents Inc,Denver
20268233574,GCG Garage Door Service LLC,2026-10-01,DLLC,Good Standing,CO,10346 Park Meadows Dr Apt 5456,,Lone Tree,CO,80124,,Lone Tree
20268233578,Cardinal Drive LLC,2026-10-01,DLLC,Good Standing,CO,30575 County Road 14B,,Steamboat Springs,CO,80487,,Steamboat Springs
20268233579,Sable Limo LLC,2026-10-01,DLLC,Good Standing,CO,4523 S Auckland Ct,,Aurora,CO,80015,,Aurora
20268233586,Cisneros LLc,2026-10-01,DLLC,Good Standing,CO,868 S Raritan St,,Denver,CO,80223,,Denver
20268233589,"AC II 3431 WINDSOR DRIVE, LLC",2026-10-01,FLLC,Good Standing,DE,4890 W Kennedy Blvd,Ste 200,Tampa,FL,33609,CORPORATION SERVICE COMPANY,Littleton
20268233596,VN Renters LLC,2026-10-01,DLLC,Good Standing,CO,5519 S Fenton St,,Littleton,CO,80123,Northwest Registered Agent LLC,Denver
20268233606,Casanova Sweets LLC,2026-10-01,DLLC,Good Standing,CO,3735 E Quiet Cir,,Colorado Springs,CO,80917,,Colorado Springs
20268233611,"Dusty Roads Freight & Hauling, LLC",2026-10-01,DLLC,Good Standing,CO,3264 Aldrin Pl,,Colorado City,CO,81019,,Colorado City
20268233615,Alpine Elite Transportation LLC,2026-10-01,DLLC,Good Standing,CO,601 W 11th Ave Apt 705,,Denver,CO,80204,,Denver
20268233630,PEAK Ltd.,2026-10-01,DLLC,Good Standing,CO,1140 Preble Ct,,Castle Rock,CO,80104,,Castle Rock
20268233632,"The Flourishing Collective, LLC",2026-10-01,DLLC,Good Standing,CO,9975 Wadsworth Pkwy Unit K2 PMB 272,,Broomfield,CO,80021,Northwest Registered Agent LLC,Denver
20268233633,MLWinter Consulting LLC,2026-10-01,DLLC,Good Standing,CO,17 Blash Blvd,Unit B,Fraser,CO,80442-0835,,Fraser
20268233634,"ConnectDER, INC.",2026-10-01,FPC,Good Standing,DE,"2037 Washington Ave, Suite 200",,Philadelphia,PA,19146,Registered Agents Inc,Denver
20268233638,Mile High Custom Suits LLC,2026-10-01,DLLC,Good Standing,CO,2492 Coach House Loop,,Castle Rock,CO,80109,TOTALITY BUSINESS SOLUTIONS INC,Aurora
20268233646,Luxurious Skin LLC,2026-10-01,DLLC,Good Standing,CO,3022 Quitman St,,Denver,CO,80212,,Denver
20268233658,"Cecil Township Historical Society, Inc.",2026-10-01,DPC,Good Standing,CO,125 TECHNOLOGY DR,,CANONSBURG,PA,15317,INTERNATIONAL REGISTERED AGENTS INC,Denver
20268233678,Golden Goods LLC,2026-10-01,DLLC,Good Standing,CO,17611 W 16th Ave Apt 309,,Golden,CO,80401,,Golden
20268233680,Faithful Hands Property Services LLC,2026-10-01,DLLC,Good Standing,CO,2457 1/2 Theresea Ln,,Grand Junction,CO,81505,,Grand Junction
20268233702,Krista Cleary Legacy LLC,2026-10-01,DLLC,Good Standing,CO,1500 N Grant St,Ste N,Denver,CO,80203,Northwest Registered Agent LLC,Denver
20268233753,Solid Look Enterprises L.L.C,2026-10-01,DLLC,Good Standing,CO,5498 Marabou Way,,Colorado Springs,CO,80911,,Colorado Springs
20268233756,"American Craftsman, LLC",2026-10-01,DLLC,Good Standing,CO,1500 N Grant St Ste R,,Denver,CO,80203,Registered Agents Inc,Denver
20268233760,SynikIT Technologies LLC,2026-10-01,DLLC,Good Standing,CO,1500 N Grant St,Ste N,Denver,CO,80203,Northwest Registered Agent LLC,Denver
20268233773,Rocky Mountain Roots L.L.C.,2026-10-01,DLLC,Good Standing,CO,1618 41st Ave,,Greeley,CO,80634,,Greeley
20268233784,Nevertheless Dear LLC,2026-10-01,DLLC,Good Standing,CO,6010 S Oak Way,,Littleton,CO,80127,,Littleton
20268233793,BM Music Collective,2026-10-01,DNC,Good Standing,CO,1226 Colt Cir,,Castle Rock,CO,80109,,Castle Rock
20268233796,Jamo Homes LLC,2026-10-01,DLLC,Good Standing,CO,20825 Omaha Ave,,Parker,CO,80138,,Parker
20268233808,Home with Hilary LLC,2026-10-01,DLLC,Good Standing,CO,6031 Magma Hts,,Colorado Springs,CO,80924,,Colorado Springs
20268233816,JAM Collaborative LLC,2026-10-01,DLLC,Good Standing,CO,6559 Tombstone Ridge Rd,,Timnath,CO,80547,Registered Agents Inc,Denver
20268233822,JZ Fleet Solutions LLC,2026-10-01,DLLC,Good Standing,CO,561 Sierra Dr,,Durango,CO,81301,,Durango
20268233855,"Nova Lazarus, inc",2026-10-01,DPC,Good Standing,CO,1500 N Grant St Ste R,,Denver,CO,80203,Registered Agents Inc,Denver
20268233874,"Reaper Harvesting, LLC",2026-10-01,DLLC,Good Standing,CO,7776 W County Road 10 N,,Del Norte,CO,81132,,Del Norte
20268233886,Goldenpros handyman services llc,2026-10-01,DLLC,Good Standing,CO,5400 W 3rd Ave,,Lakewood,CO,80226,,Lakewood
20268233887,Real Diagnostics LLC,2026-10-01,FLLC,Good Standing,DE,200 Business Center Dr,,Reisterstown,MD,21136-1230,C T CORPORATION SYSTEM,Centennial
20268233895,Pacific Property Management LLC,2026-10-01,DLLC,Good Standing,CO,22711 E Narrowleaf Cir,,Aurora,CO,80016,,Aurora
20268233901,Campana Consulting LLC,2026-10-01,DLLC,Good Standing,CO,5755 Hanover St,,Denver,CO,80238,,Denver
20268233902,Pelvic Floor Biofeedback Lab LLC,2026-10-01,DLLC,Good Standing,CO,655 Briggs St,,Erie,CO,80516,,Erie
20268233925,NextChapter Books LLC,2026-10-01,DLLC,Good Standing,CO,110 16th Street Suite 1460,,Denver,CO,80202,Rocky Mountain RA LLC,Denver
20268233938,Hayward Forward Foundation,2026-10-01,DNC,Good Standing,CO,1703 Montgomery Cir,,Longmont,CO,80504,,Longmont
20268233940,4810 E 112th PL LLC,2026-10-01,DLLC,Good Standing,CO,9200 County Road 8,,Fort Lupton,CO,80621,"Tomas James Holdings, LLC",Fort Lupton
20268233942,Hope Non Emergency Medicaid Transport Corp,2026-10-01,DPC,Good Standing,CO,8966 E Hampden Ave,,Denver,CO,80231,,Denver
20268233943,"Composed Performance, LLC",2026-10-01,DLLC,Good Standing,CO,2365 Balsam Dr,,Boulder,CO,80304,,Boulder
20268233984,Parks Estimating LLC,2026-10-01,DLLC,Good Standing,CO,6050 Stetson Hills Blvd,Suite 402,Colorado Springs,CO,80923,,Colorado Springs
20268233993,"Dry Creek Rentals, LLC",2026-10-01,DLLC,Good Standing,CO,59495 State Road 71,,Limon,CO,80828,,Limon
20268234002,"Maya's Home Transformation, LLC",2026-10-01,DLLC,Good Standing,CO,3539 Heather Glen Dr,,Colorado Springs,CO,80922,,Colorado Springs
20268234003,Rally Point Refuge LLC,2026-10-01,DLLC,Good Standing,CO,3470 S Platte River Dr Apt 10305,,Englewood,CO,80110,,Englewood
20268234008,Snorwood CPA LLC,2026-10-01,DLLC,Good Standing,CO,1650 Wewatta St Apt 1226,,Denver,CO,80202,,Denver
20268234030,O.G. S'TEL Ltd,2026-10-01,DLLC,Good Standing,CO,1511 Caribou Rd,,Nederland,CO,80466-9514,,Nederland
20268234032,No Cap Services LLC,2026-10-01,DLLC,Good Standing,CO,1523 Locust St,,Canon City,CO,81212,,Canon City
20268234033,Robinson Farm LLC,2026-10-01,DLLC,Good Standing,CO,7600 Landmark Way Unit 706,,Greenwood Village,CO,80111,"KEVIN L. EHLERS, P.C.",Colorado Springs
20268234036,Apex Elite Cards LLC,2026-10-01,DLLC,Good Standing,CO,1500 N Grant St,Ste N,Denver,CO,80203,Northwest Registered Agent LLC,Denver
20268234038,"Rogue Tinkerer, LLC",2026-10-01,DLLC,Good Standing,CO,17551 Lake Side Dr,,Monument,CO,80132,,Monument
20268234039,Jersey Guys Pizza LLC,2026-10-01,DLLC,Good Standing,CO,884 Bear Peak Rd,,Erie,CO,80516,,Erie
20268234042,Brighton Tree Farm LLC,2026-10-01,DLLC,Good Standing,CO,7600 Landmark Way Unit 706,,Greenwood Village,CO,80111,"KEVIN L. EHLERS, P.C.",Colorado Springs
20268234043,Laser Bridge Industries LLC.,2026-10-01,FLLC,Good Standing,TX,8700 Stonebrook Pkwy,#423,Frisco,TX,75034,Registered Agents Inc,Denver
20268234054,Deeply Dependable Services LLC,2026-10-01,DLLC,Good Standing,CO,4190 Spaatz Rd,,Monument,CO,80132,,Monument
20268234059,TruNorth Financial LLC,2026-10-01,DLLC,Good Standing,CO,1574 Sheperds Ln,,Glenwood Springs,CO,81601,,Glenwood Springs
20268234063,Stahlman Advisory Group LLC,2026-10-01,DLLC,Good Standing,CO,16672 Edwards Way,,Broomfield,CO,80023,,Broomfield
20268234075,Open Grass LLC,2026-10-01,DLLC,Good Standing,CO,253 Longspur Dr,,Brighton,CO,80601,,Brighton
20268234077,Vantrex security LLC,2026-10-01,DLLC,Good Standing,CO,951 S Dahlia St Apt 101,,Denver,CO,80246,,Denver
20268234088,Life 242 Church,2026-10-01,DNC,Good Standing,CO,31871 Daniel Rd,,Pueblo,CO,81006,,Pueblo
20268234105,Yisrael LLC,2026-10-01,DLLC,Good Standing,CO,1123 Coyote Ln,,Wiggins,CO,80654,,Wiggins
20268234107,Tajima Digitizer LLC,2026-10-01,DLLC,Good Standing,CO,1500 N Grant St STE 36544,,Denver,CO,80203,Registered Agents Inc,Denver
20268234115,Raices Unidas,2026-10-01,DNC,Good Standing,CO,20 Grace Ave,,Gypsum,CO,81637,,Gypsum
20268234121,GIL Investment LLC,2026-10-01,DLLC,Good Standing,CO,5055 Titan Ct,,Denver,CO,80239,,Denver
20268234123,AI SEO FOR ME LLC,2026-10-01,DLLC,Good Standing,CO,1500 N Grant St STE 36465,,Denver,CO,80203,Registered Agents Inc,Denver
20268234128,Slightly Broken Studs LLC,2026-10-01,DLLC,Good Standing,CO,20590 E Shefield Ct,,Parker,CO,80138,,Parker
20268234132,Mission Operate LLC,2026-10-01,DLLC,Good Standing,CO,13670 Plaster Cir,,Broomfield,CO,80023,,Broomfield
20268234135,Short Bus Strength Co. Limited,2026-10-01,DLLC,Good Standing,CO,1630 Pinnacle Ridge Ln,,Colorado Springs,CO,80919,,Colorado Springs
20268234137,TD HOSPITALITY LLC,2026-10-01,DLLC,Good Standing,CO,3372 Racoon Ln,,Franktown,CO,80116,,Franktown
20268234138,J2O Ventures LLC,2026-10-01,DLLC,Good Standing,CO,1500 N Grant St Ste N,,Denver,CO,80203,,Denver
20268234139,WEST ARLEN INC,2026-10-01,DPC,Good Standing,CO,6212 E Pine Ln,,Parker,CO,80138,Registered Agents Inc,Denver
20268234145,Oakvanta River Inc,2026-10-01,DPC,Good Standing,CO,3609 Austin Bluffs Pkwy,,Colorado Springs,CO,80918,Registered Agents Inc,Denver
20268234147,"K3 Legacy Group, LLC",2026-10-01,DLLC,Good Standing,CO,1500 N Grant St Ste R,,Denver,CO,80203,Registered Agents Inc,Denver
20261827458,IronVale Outdoors LLC,2026-09-30,DLLC,Good Standing,CO,6225 Snowberry Ave,,Firestone,CO,80504,,firestone
20261853963,SPR Limited,2026-09-30,DLLC,Good Standing,CO,3120 Abbotsford St,,Fort Collins,CO,80524,,Fort Collins
20268037692,Calhillama Counseling pllc,2026-09-30,DLLC,Good Standing,CO,595 Canyon Blvd Ste A,,Boulder,CO,80302,Registered Agents Inc,Denver
20268066675,Hooper's Coffee LLC,2026-09-30,DLLC,Good Standing,CO,408 E Cedar St,STE 11,Aguilar,CO,81020,,Aguilar
20268096249,E&E Welding and Fabrication LLC,2026-09-30,DLLC,Good Standing,CO,15800 E 121st Ave Unit C2,,Lochbuie,CO,80603,,Lochbuie
20268202958,Nanhe Kadam CWC LLC,2026-09-30,DLLC,Good Standing,CO,4020 Lee Vance Dr,,Colorado Springs,CO,80918,,Parker
20268220867,Brelvanta Trading LLC,2026-09-30,DLLC,Good Standing,CO,18121 E Hampden Ave,,Aurora,CO,80013,Registered Agents Inc,Denver
20268220869,Sidequestpastrychef LLC,2026-09-30,DLLC,Good Standing,CO,1621 Stover St,,Fort Collins,CO,80525,,Fort Collins
20268220875,Doventra Mercantile LLC,2026-09-30,DLLC,Good Standing,CO,17200 E Iliff Ave,,Aurora,CO,80013,Registered Agents Inc,Denver
20268220879,Vina Wei Sports Products Inc,2026-09-30,DPC,Good Standing,CO,1500 N GRANT ST STE R,,DENVER,CO,80203,Registered Agents Inc,Denver
20268220884,Flarenzo Trade LLC,2026-09-30,DLLC,Good Standing,CO,5360 Arapahoe Ave,,Boulder,CO,80303,Registered Agents Inc,Denver
20268220888,XINX TECHNOLOGIES LLC,2026-09-30,DLLC,Good Standing,CO,1521 Blake St Ste 47009,,Denver,CO,80202,Fong Sam International accounting firms,Denver
20268220889,Nythara Inc,2026-09-30,DPC,Good Standing,CO,1500 N GRANT ST #7194,,DENVER,CO,80203,Registered Agents Inc,Denver
20268220900,National Bank Holdings Investment Corporation,2026-09-30,DPC,Good Standing,CO,1521 Blake St Ste 47009,,Denver,CO,80202,Fong Sam International accounting firms,Denver
20268220903,Super Intelligence LLC,2026-09-30,DLLC,Good Standing,CO,662 Jeminson Grove,Apt 212,Colorado Springs,CO,80915,,Colorado Springs
20268220920,Magic Bunny Promo Inc,2026-09-30,DPC,Good Standing,CO,58 Inverness Dr E Suite C,,Englewood,CO,80112,Registered Agents Inc,Denver
20268220926,Aevum Crest Inc,2026-09-30,DPC,Good Standing,CO,710 Kipling St #110,,Lakewood,CO,80215,Registered Agents Inc,Denver
20268220934,Kaelo Vantage Inc,2026-09-30,DPC,Good Standing,CO,8055 E Tufts Ave #1430,,Denver,CO,80237,Registered Agents Inc,Denver
20268220940,Squeeze Reviews LLC,2026-09-30,DLLC,Good Standing,CO,5613 S Prince St,,Littleton,CO,80120,Registered Agents Inc,Denver
20268220942,Zentis Dynamics Inc,2026-09-30,DPC,Good Standing,CO,5585 Erindale Dr #200,,Colorado Springs,CO,80918,Registered Agents Inc,Denver
20268220961,Onyxian Core Inc,2026-09-30,DPC,Good Standing,CO,5610 Ward Rd #143,,Arvada,CO,80002,Registered Agents Inc,Denver
20268220962,"Thrive Beyond, LLC",2026-09-30,DLLC,Good Standing,CO,10854 W Evans Ave Unit 45,,Lakewood,CO,80227,,Lakewood
20268220967,Calyxer Inc,2026-09-30,DPC,Good Standing,CO,1500 N GRANT ST STE R,,DENVER,CO,80203,Registered Agents Inc,Denver
20268220972,Four Good Tea Inc,2026-09-30,DPC,Good Standing,CO,1500 N GRANT ST STE R,,DENVER,CO,80203,Registered Agents Inc,Denver
20268220973,Plain Yogurt Outfitters L.L.C.,2026-09-30,DLLC,Good Standing,CO,1500 N Grant St,Ste N,Denver,CO,80203,Northwest Registered Agent LLC,Denver
20268220975,SURSFHH LLC,2026-09-30,DLLC,Good Standing,CO,1500 N Grant St,Ste N,Denver,CO,80203,Northwest Registered Agent LLC,Denver
20268220979,"Bright Allegory, LLC",2026-09-30,DLLC,Good Standing,CO,1500 N Grant St.,#7121,Denver,CO,80203,Registered Agents Inc,Denver
20268220987,Futurefx Foundation,2026-09-30,DNC,Good Standing,CO,"3101 Iris Avenue, Suite 240",,Boulder,CO,80301,Rocky Mountain RA LLC,Denver
20268220988,ZALLEZ TRADE LTD,2026-09-30,DPC,Good Standing,CO,1500 N Grant St Ste 2980,,Denver,CO,80203,Streamway Registered Agent LLC,Denver
20268221002,EMTING LOSING LLC,2026-09-30,DLLC,Good Standing,CO,1038 Glen Meadows Dr,,Greeley,CO,80631,"NATIONAL REGISTERED AGENTS, INC.",Centennial
20268221004,ANKIJISAR NIX LLC,2026-09-30,DLLC,Good Standing,CO,638 Rosewood Ave Lot 16,,Boulder,CO,80304,"NATIONAL REGISTERED AGENTS, INC.",Centennial
20268221009,MANZER SHIX LLC,2026-09-30,DLLC,Good Standing,CO,2339 Milano Way,,Pueblo,CO,81001,"NATIONAL REGISTERED AGENTS, INC.",Centennial
20268221012,KNEX TRADING LLC,2026-09-30,DLLC,Good Standing,CO,1500 N GRANT ST 5656,,DENVER,CO,80203,Registered Agents Inc,Denver
20268221016,ADIJAS NEER LLC,2026-09-30,DLLC,Good Standing,CO,8844 Drum Pl,,Loveland,CO,80538,"NATIONAL REGISTERED AGENTS, INC.",Centennial
20268221020,MARKANAFZAB LLC,2026-09-30,DLLC,Good Standing,CO,738 Park Dr,,Durango,CO,81301,"NATIONAL REGISTERED AGENTS, INC.",Centennial
20268221022,PYG LLC,2026-09-30,DLLC,Good Standing,CO,1500 N Grant St Unit 550,,Denver,CO,80203,Registered Agents Inc,Denver
20268221023,ULTMOX OVU LLC,2026-09-30,DLLC,Good Standing,CO,82066 Stonepath St,,Littleton,CO,80125,"NATIONAL REGISTERED AGENTS, INC.",Centennial
20268221057,DE-CIX North America Inc.,2026-09-30,FPC,Good Standing,DE,"590 Madison Avenue, 21st Floor",,New York,NY,10022,CORPORATION SERVICE COMPANY,Littleton
20268221064,Vndntsh Inc,2026-09-30,DPC,Good Standing,CO,5585 Erindale Dr #200,,Colorado Springs,CO,80918,Registered Agents Inc,Denver
20268221074,Mnsheik Inc,2026-09-30,DPC,Good Standing,CO,5610 Ward Rd #143,,Arvada,CO,80002,Registered Agents Inc,Denver
20268221086,Article III Foundation,2026-09-30,FNC,Good Standing,VA,320 S Henry St,,Alexandria,VA,22314,Registered Agents Inc,Denver
20268221088,10 High Poker LLC,2026-09-30,DLLC,Good Standing,CO,25158 E Lake Pl,,Aurora,CO,80016,"UNITED STATES CORPORATION AGENTS, INC.",Greenwood Village
20268221089,Article III Project,2026-09-30,FNC,Good Standing,VA,320 S Henry St,,Alexandria,VA,22314,Registered Agents Inc,Denver
20268221100,"Donors Trust, Inc.",2026-09-30,FNC,Good Standing,MD,"1800 Diagonal Road, Suite 280",,Alexandria,VA,22314,Registered Agents Inc,Denver
20268221114,Phonemine LLC,2026-09-30,DLLC,Good Standing,CO,6674 S Penrose Ct,,Centennial,CO,80121,,Centennial
20268221144,Total Relief Tech LLC,2026-09-30,DLLC,Good Standing,CO,1128 W 88th AVE,,Thornton,CO,80260,,Thornton
20268221165,LUXOR SCIENTIFIC LLC,2026-09-30,FLLC,Good Standing,SC,1327 Miller Rd Ste F,,Greenville,SC,29607,CORPORATION SERVICE COMPANY,Littleton
20268221166,CRIC NEXT LLC,2026-09-30,DLLC,Good Standing,CO,1500 N GRANT ST,STE 10002,DENVER,CO,80203,"NATIONAL REGISTERED AGENTS, INC.",Centennial
20268221193,Cozy Alpaca LLC,2026-09-30,DLLC,Good Standing,CO,1500 N Grant St,Ste N,Denver,CO,80203,Northwest Registered Agent LLC,Denver
20268221202,J4J Cattle Company LLC,2026-09-30,DLLC,Good Standing,CO,27990 Private Road 139,,Agate,CO,80101,,Agate
20268221217,Folio Studios INC,2026-09-30,DPC,Good Standing,CO,1500 N GRANT ST STE R,,DENVER,CO,80203,Registered Agents Inc,Denver
20268221225,FIG LEAF LLC,2026-09-30,DLLC,Good Standing,CO,2934 W 135th Ave,,Broomfield,CO,80020,,Broomfield
20268221227,Marrwall LLC,2026-09-30,FLLC,Good Standing,WY,190 meadow ridge road,,alpine,WY,83128,Northwest Registered Agent LLC,Denver
20268221287,"Rockridge Ministries, Inc.",2026-09-30,DNC,Good Standing,CO,951 20th St #180,SMB#117712,Denver,CO,80202,Registered Agents Inc,Denver
20268221290,Ridgeline Provisions LLC,2026-09-30,DLLC,Good Standing,CO,7110 South Gaylord St,Unit 05,Centennial,CO,80122,,Centennial
20268221321,HONG YUN for General Supplies LLC,2026-09-30,DLLC,Good Standing,CO,1500 N Grant St,Ste N,Denver,CO,80203,Northwest Registered Agent LLC,Denver
20268221323,Friends of the Osa,2026-09-30,FNC,Good Standing,DC,1300 I St NW Ste 400E # 9985,,WASHINGTON,DC,20005,Registered Agents Inc,Denver
20268221369,Willowbrook Counseling PLLC,2026-09-30,FLLC,Good Standing,MT,950 Wadsworth Blvd,Suite 315,Lakewood,CO,80214,,Lakewood
20268221374,Andrea Desiree LLC,2026-09-30,DLLC,Good Standing,CO,28101 E Quincy Ave,,Watkins,CO,80137,,Watkins
20268221376,Imperial & Garfield Property Investments LLC,2026-09-30,DLLC,Good Standing,CO,631 E 131st Ct,,Thornton,CO,80241,,Thornton
20268221401,Bad Apple Marketing Ltd.,2026-09-30,DLLC,Good Standing,CO,1345 Yosemite Street,,Denver,CO,80220,,Denver
20268221402,MedGo LLC,2026-09-30,DLLC,Good Standing,CO,24365 E Wagon Trail Ave,,Aurora,CO,80016,,Aurora
20268221403,Risesabers INC,2026-09-30,DPC,Good Standing,CO,2955 Ulster St,,Denver,CO,80238,Registered Agents Inc,Denver
20268221435,Top Tier Global LLC,2026-09-30,DLLC,Good Standing,CO,3355 West Union Avenue,,Englewood,CO,80110,,Englewood
20268221440,Metcalf ARTS LLC,2026-09-30,DLLC,Good Standing,CO,727 S Cascade Ave,,Montrose,CO,81401,ZenBusiness Inc.,Denver
20268221443,XONK LLC,2026-09-30,DLLC,Good Standing,CO,2020 N Academy Blvd Ste 261 # 4946,,Colorado Springs,CO,80909,REPUBLIC REGISTERED AGENT LLC,Colorado Springs
20268221453,"PTI GOLF, LLC",2026-09-30,FLLC,Good Standing,NV,"2260 Corporate Circle, Ste 405",,Henderson,NV,89074,"Registered Agent Solutions, Inc.",Centennial
20268221455,"Harrison Aviation Services, LLC",2026-09-30,DLLC,Good Standing,CO,5941 S Rock Creek Dr,,Castle Rock,CO,80109,,Castle Rock
20268221456,GRACE & GLORY LLC,2026-09-30,DLLC,Good Standing,CO,33 Woodruff Pl,,Glenwood Springs,CO,81601,,Glenwood Springs
20268221458,"Adamah, Inc.",2026-09-30,FNC,Good Standing,MD,5425 Mount Gilead Rd,,Reisterstown,MD,21136,Registered Agents Inc,Denver
20268221468,APPLIANCE BUDDY LLC,2026-09-30,DLLC,Good Standing,CO,8425 Old Ski Run Cir Apt 416,,Littleton,CO,80125,REPUBLIC REGISTERED AGENT LLC,Colorado Springs
20268221473,Cindervale Labs LLC,2026-09-30,DLLC,Good Standing,CO,1500 N Grant St,Ste N,Denver,CO,80203,Northwest Registered Agent LLC,Denver
20268221481,Trade domain lead Inc,2026-09-30,DPC,Good Standing,CO,7596 W Jewell Ave Ste100,,Lakewood,CO,80232,Panda Originality Service Inc,Aurora
20268221492,"Light Source Leasing, LLC, Colorado Authority Relinquished October 1, 2026",2026-09-30,FLLC,Withdrawn,MI,16737 Anderson Drive,,Southgate,MI,48195,,
20268221500,Monolead LLC,2026-09-30,DLLC,Good Standing,CO,7575 E Technology Way Apt 310,,Denver,CO,80237,,Denver
20268221517,"M&K Limited, LLC",2026-09-30,DLLC,Good Standing,CO,6354 E 141st Ave,,Thornton,CO,80602,,Thornton
20268221521,Salisbury Holding Company LLC,2026-09-30,DLLC,Good Standing,CO,1500 N Grant St,Ste N,Denver,CO,80203,Northwest Registered Agent LLC,Denver
20268221569,"Marigold Property Holdings, LLC",2026-09-30,DLLC,Good Standing,CO,1427 Elmira St,,Aurora,CO,80010,,Denver
20268221583,Pragmatica Policy Partners LLC,2026-09-30,DLLC,Good Standing,CO,2881 W 110th Ct,,Denver,CO,80234,,Denver
20268221606,1415 Kingston LLC,2026-09-30,FLLC,Good Standing,DE,520 Madison Ave,42nd Floor,New York,NY,10022,CORPORATION SERVICE COMPANY,Littleton
20268221619,ANDERSIX LLC,2026-09-30,DLLC,Good Standing,CO,1500 N Grant St,Ste N,Denver,CO,80203,Northwest Registered Agent LLC,Denver
20268221624,"Arm 2 Solutions, llc",2026-09-30,DLLC,Good Standing,CO,1351 Brentwood St,,Lakewood,CO,80214,,Lakewood
20268221629,Butte Holdings LLC,2026-09-30,DLLC,Good Standing,CO,435 Cedar Ave,,Eaton,CO,80615,,Eaton
20268221637,Chill & Thrill Retreats Management LLC,2026-09-30,FLLC,Good Standing,WY,30 N Gould St,Ste R,Sheridan,WY,82801,Rocky Mountain RA LLC,Denver
20268221642,"SPECIALTY CLINICAL SOLUTIONS, LLC",2026-09-30,FLLC,Good Standing,TN,"3 Maryland Farms, Suite 200",,Brentwood,TN,37027,CORPORATE CREATIONS NETWORK INC.,Loveland
20268221678,FAST SASHKO LLC,2026-09-30,DLLC,Good Standing,CO,9318 Pierce St,,Broomfield,CO,80021,,Broomfield
20268221680,QKATVT LLC,2026-09-30,DLLC,Good Standing,CO,1500 N Grant St,#8030,Denver,CO,80203,Northwest Registered Agent LLC,Denver
20268221684,enough is enough,2026-09-30,FPC,Good Standing,VA,1632 Rivertowne Country Club Drive,,Mount Pleasant,SC,29466,CORPORATION SERVICE COMPANY,Littleton
20268221698,LAZY H16 LLC,2026-09-30,DLLC,Good Standing,CO,104 Beacon Way Unit B,,Windsor,CO,80550,,Windsor
20268221709,High Desert Electrical LLC,2026-09-30,DLLC,Good Standing,CO,592 Stout St,,Craig,CO,81625,,Craig
20268221733,916 Prestonwood LLC,2026-09-30,DLLC,Good Standing,CO,90 W 84th Ave,,Denver,CO,80260,Lynn CPA LLC,Denver
20268221781,ROVEN PEAK COMMERCE LLC,2026-09-30,DLLC,Good Standing,CO,901 W Las Olas Blvd,,Fort Lauderdale,FL,33312,ZenBusiness Inc.,Denver
20268221782,"Copford BCP Investor, LLC",2026-09-30,DLLC,Good Standing,CO,6501 E Belleview Ave Ste 410,,Englewood,CO,80111,CORPORATION SERVICE COMPANY,Littleton
20268221784,"Alpine Lily Aesthetics & Wellness, PLLC",2026-09-30,DLLC,Good Standing,CO,6560 W 29th St,Studio #6 - Alpine Lily Aesthetics and Wellness,Greeley,CO,80634,,Johnstown
20268221802,AEGSREI LLC,2026-09-30,DLLC,Good Standing,CO,1309 Coffeen Avenue STE 1200,,Sheridan,WY,82801,Registered Agents Inc,Denver
20268221811,DSK2 LLC,2026-09-30,DLLC,Good Standing,CO,872 W Happy Canyon Rd Ste 100,,Castle Rock,CO,80108,,Parker
20268221820,"SummitStoneHomes, LLC",2026-09-30,DLLC,Good Standing,CO,191 S Waterloo St,,Aurora,CO,80018,,Aurora
20268221821,"Parker Brothers Industries, LLC",2026-09-30,DLLC,Good Standing,CO,6965 W 80th Cir,,Arvada,CO,80003,,Arvada
20268221826,M&A colorado llc,2026-09-30,DLLC,Good Standing,CO,3701 S Grant St,,Englewood,CO,80113,,Englewood
20268221840,"The American Exchange Project, Inc.",2026-09-30,FNC,Good Standing,MA,675 VFW Parkway Suite 328,,Chestnut Hill,MA,02467,Affinity Resources LLC,Arvada
20268221846,Worth The Space LLC,2026-09-30,DLLC,Good Standing,CO,6970 W Calahan Ave,,Lakewood,CO,80232,,Lakewood
20268221854,Madelyn Portlock corp.,2026-09-30,DPC,Good Standing,CO,6105 W 79th Ave,,Arvada,CO,80003,,Arvada
20268221869,MIREN NOVA MARKET LLC,2026-09-30,DLLC,Good Standing,CO,3825 MAPLESHADE LN APT 1407,,PLANO,TX,75075,"NATIONAL REGISTERED AGENTS, INC.",Centennial
20268221871,Aldercrest Commerce LLC,2026-09-30,DLLC,Good Standing,CO,18125 house finch ln,,PARKER,CO,80134,SafePack Box Manufacturing V LLC,Denver
20268221877,WILDTV PRODUCTIONS LLC,2026-09-30,DLLC,Good Standing,CO,2881 N Monroe Ave,,Loveland,CO,80538,,Bennett
20268221896,"Copford BCP Capital, LLC",2026-09-30,DLLC,Good Standing,CO,6501 E Belleview Ave Ste 410,,Englewood,CO,80111,CORPORATION SERVICE COMPANY,Littleton
20268221904,Newcome Enterprises LLC,2026-09-30,DLLC,Good Standing,CO,877 S Concho Pl,,Pueblo West,CO,81007,,Pueblo West
20268221924,"Copford BCP Promote, LLC",2026-09-30,DLLC,Good Standing,CO,6501 E Belleview Ave Ste 410,,Englewood,CO,80111,CORPORATION SERVICE COMPANY,Littleton
20268221931,Thread & Pine LLC,2026-09-30,DLLC,Good Standing,CO,182 Swiss Village Dr,,Pagosa Springs,CO,81147,,Pagosa Springs
20268221943,"Salvo Health, Inc.",2026-09-30,FPC,Good Standing,DE,5 Stearns Ridge,,Irvington,NY,10533,"UNITED CORPORATE SERVICES, INC.",Arvada
20268221956,Romans 7 LLC,2026-09-30,DLLC,Good Standing,CO,1309 Coffeen Avenue STE 1200,,Sheridan,WY,82801,Registered Agents Inc,Denver
20268221959,2140 N Franklin LLC,2026-09-30,DLLC,Good Standing,CO,"2 West Dry Creek Suite,100",,Littleton,CO,80120,"Archer Financial Group, LLC",Littleton
20268221969,Vesta Partners LLC,2026-09-30,DLLC,Good Standing,CO,421 S Garfield St,,Denver,CO,80209,,Denver
20268221974,FRAMETRIXMEDIA LLC,2026-09-30,DLLC,Good Standing,CO,1500 N Grant St,Ste N,Denver,CO,80203,Northwest Registered Agent LLC,Denver
20268221977,"Three Gentry Group, LLC",2026-09-30,DLLC,Good Standing,CO,10667 E Fair Pl,,Englewood,CO,80111,,Englewood
20268221978,Reframe Asset Management LLC,2026-09-30,FLLC,Good Standing,DE,171 Church St Ste 300,,Charleston,SC,29401,COGENCY GLOBAL INC.,Denver
20268222018,Corvett Routine LLC,2026-09-30,DLLC,Good Standing,CO,224 Canyon Ave,,Fort Collins,CO,80521,,Bennett
20268222023,All Women Are Sexy LLC,2026-09-30,DLLC,Good Standing,CO,11600 Garfield St,,Thornton,CO,80233,,Westminster
20268222030,Impact Compaction Technologies LLC,2026-09-30,DLLC,Good Standing,CO,1580 N Logan St Ste 660 #166917,,Denver,CO,80203,"UNITED STATES CORPORATION AGENTS, INC.",Greenwood Village
20268222040,Forward Action Fund,2026-09-30,FNC,Good Standing,NH,"114 North Main Street, Suite 203",,Concord,NH,03301,CORPORATE CREATIONS NETWORK INC.,Loveland
20268222059,"Potalish Development Group, LLC",2026-09-30,FLLC,Good Standing,AZ,"15900 N. 78th Street, Suite 100",,Scottsdale,AZ,85260,,Littleton
20268222071,Loehr Impact Ventures LLC,2026-09-30,DLLC,Good Standing,CO,"1767 N Pearl St, 304",,Denver,CO,80203,,Denver
20268222100,Colorado Fitness Supply LLC,2026-09-30,DLLC,Good Standing,CO,1395 1650 Rd,,Delta,CO,81416,,Delta
20268222102,Lucile Packard Foundation for Children's Health,2026-09-30,FNC,Good Standing,CA,"400 Hamilton Ave, Ste 340",,Palo Alto,CA,94301,CORPORATE CREATIONS NETWORK INC.,Loveland
20268222117,ENVEE Advisors LLC,2026-09-30,DLLC,Good Standing,CO,910 Yampa Street,Suite 302,Steamboat Springs,CO,80487,,Steamboat Springs
20268222144,"RAIN ENHANCEMENT TECHNOLOGIES, INC.",2026-09-30,FPC,Good Standing,MA,4851 Tamiami Trail N,Suite 200,Naples,FL,34103,"Registered Agent Solutions, Inc.",Centennial
20268222156,Bourdeau Consulting LLC,2026-09-30,DLLC,Good Standing,CO,44375 County Road 44,,Steamboat Springs,CO,80487,,Steamboat Springs
20268222173,RALLY RFV LLC,2026-09-30,DLLC,Good Standing,CO,635 County Road 106,,Carbondale,CO,81623,SimpleBiz Registered Agent Services LLC,Boulder
20268222198,Cardielectric LLC,2026-09-30,DLLC,Good Standing,CO,1967 Murray Creek Pt,,Colorado Springs,CO,80916,,Colorado Springs
20268222203,RBN Co. L.L.C.,2026-09-30,DLLC,Good Standing,CO,6175 W 8th Ave,,Lakewood,CO,80214,,Lakewood
20268222207,Studio hair straightening llc,2026-09-30,DLLC,Good Standing,CO,2115 w chenango Ave,,Littleton,CO,80120,,Littleton
20268222208,Escalated Property Management Systems Inc.,2026-09-30,DPC,Good Standing,CO,75 S Jackson St,,Denver,CO,80209,,Denver
20268222210,"Reach Out and Read, Inc.",2026-09-30,FNC,Good Standing,MA,308 Congress Street,Floor 6,Boston,MA,02210,CORPORATE CREATIONS NETWORK INC.,Loveland
20268222234,CPGPoints LLC,2026-09-30,DLLC,Good Standing,CO,3550 Frontier Ave Ste D,,Boulder,CO,80301,,Boulder
20268222264,Wayda Works LLC,2026-09-30,DLLC,Good Standing,CO,3 Jason St,,Castle Rock,CO,80109,,Castle Rock
20268222275,ML DRYWALL LLC,2026-09-30,DLLC,Good Standing,CO,2429 Cherry Cir,,Brighton,CO,80601,,Brighton
20268222283,"ESCP JV, LLC",2026-09-30,DLLC,Good Standing,CO,6265 W Berry Ave,,Littleton,CO,80123,"Ervonova, LLC",Littleton
20268222302,Great Dane Rentals LLC,2026-09-30,DLLC,Good Standing,CO,801 W South 1st St,,Johnstown,CO,80534,,Johnstown
20268222331,Access control door llc,2026-09-30,DLLC,Good Standing,CO,2115 w chenango Ave,,Littleton,CO,80120,,Littleton
20268222342,Madrona Midwifery LLC,2026-09-30,DLLC,Good Standing,CO,1103 S Beech Drive Unit A,,Lakewood,CO,80228,,Lakewood
20268222350,GEO PSI CORP.,2026-09-30,FPC,Good Standing,TX,4018 S County Road 1293,,Odessa,TX,79765,Northwest Registered Agent LLC,Denver
20268222359,RA Beauty LLC,2026-09-30,DLLC,Good Standing,CO,693 Urban Ct Apt 505,,Lakewood,CO,80401,,Lakewood
20268222361,Houser Holdings LLC,2026-09-30,DLLC,Good Standing,CO,6842 Quail St,,Arvada,CO,80004,,Arvada
20268222362,"ESCP 650 FORD ST, LLC",2026-09-30,DLLC,Good Standing,CO,6265 W Berry Ave,,Littleton,CO,80123,"Ervonova, LLC",Littleton
20268222407,"Total Changes Community Foundation, Inc.",2026-09-30,DNC,Good Standing,CO,9191 Sheridan Blvd Ste 132,,Westminster,CO,80031,,Broomfield
20268222413,AURELITHIUM TRADING LLC,2026-09-30,DLLC,Good Standing,CO,2939 NEWTON ST,,DENVER,CO,80211,FavorSola LLC,Fruita
20268222419,"WAGE ART PRODUCTIONS, LLC",2026-09-30,DLLC,Good Standing,CO,7108 E Lowry Blvd Apt 1119,,Denver,CO,80230,,Denver
20268222443,Corgi Shutter Co LLC,2026-09-30,DLLC,Good Standing,CO,1801 Bassett St Apt 416,,Denver,CO,80202,,Denver
20268222466,"Classic Game Publishers, LLC",2026-09-30,DLLC,Good Standing,CO,6165 Brantly Ave,,Castle Rock,CO,80104,,Castle Rock
20268222470,VEXTRIONIS TRADING LLC,2026-09-30,DLLC,Good Standing,CO,2952 OSCEOLA ST,,DENVER,CO,80212,FavorSola LLC,Fruita
20268222480,Elite Sports Media LLC,2026-09-30,DLLC,Good Standing,CO,7655 W 67th Ave Apt 205,,Arvada,CO,80004,,Arvada
20268222487,Front Range Tote Co. LLC,2026-09-30,DLLC,Good Standing,CO,4819 Daven Rd,,Morrison,CO,80465,Registered Agents Inc,Denver
20268222492,SoCo Appraisals LLC,2026-09-30,DLLC,Good Standing,CO,855 Durham Ter,,Colorado Springs,CO,80918,,Colorado Springs
20268222502,21236 Broken Arrow LLC,2026-09-30,DLLC,Good Standing,CO,511 N Tejon St Ste 200,,Colorado Springs,CO,80903,"INVESTOR EXCHANGE SERVICES, INC.",Colorado Springs
20268222511,"DOUGLAS COUNTY FIRST RESPONDER WELLNESS FOUNDATION, INC.",2026-09-30,DNC,Good Standing,CO,4000 Justice Way,,Castle Rock,CO,80109,Wisher Law LLC,Lakewood
20268222512,Western Utility Telecom,2026-09-30,FPC,Good Standing,Oregon,5032 Salem Dallas Hwy NW,,Salem,OR,97304,Registered Agents Inc,Denver
20268222513,"Elevated Line Works, LLC",2026-09-30,FLLC,Good Standing,WY,7110 Tate Road,,Cheyenne,WY,82001,,Craig
20268222515,Next Level Renovations LLC,2026-09-30,DLLC,Good Standing,CO,24 County Road 218,,Durango,CO,81303,,Durango
20268222516,Garrett Graham LLC,2026-09-30,DLLC,Good Standing,CO,3333 Iris Ave Ste 104,,Boulder,CO,80301,Registered Agents Inc,Denver
20268222540,Leaf & Let Grow Forever LLC,2026-09-30,DLLC,Good Standing,CO,220 E Knearl St,,Brush,CO,80723,Registered Agents Inc,Denver
20268222543,New Movement Partners LLC,2026-09-30,DLLC,Good Standing,CO,1500 N Grant St Ste R,,Denver,CO,80203,Registered Agents Inc,Denver
20268222566,CALVERENTH TRADING LLC,2026-09-30,DLLC,Good Standing,CO,3262 N RALEIGH ST,,DENVER,CO,80212,FavorSola LLC,Fruita
20268222570,Avero Strategic Solutions LLC,2026-09-30,DLLC,Good Standing,CO,1500 N Grant St Ste R,,Denver,CO,80203,Registered Agents Inc,Denver
20268222580,"MAJ Property Group, LLC",2026-09-30,DLLC,Good Standing,CO,9159 Brumm Trl,,Golden,CO,80403,,Golden
20268222589,Home of American LLC,2026-09-30,DLLC,Good Standing,CO,4155 E Jewell Ave Ste 607,,Denver,CO,80222,Registered Agents Inc,Denver
20268222605,Neely Montani Holdings LLC,2026-09-30,DLLC,Good Standing,CO,9107 Rock Pond Way,,Colorado Springs,CO,80924,,Colorado Springs
20268222616,CONTROLS IN MOTION LLC,2026-09-30,DLLC,Good Standing,CO,1165 S Fenton St,,Lakewood,CO,80232,,Lakewood
20268222619,AB VEConsulting LLC,2026-09-30,DLLC,Good Standing,CO,6510-A S Academy Blvd,,Colorado Springs,CO,80906,"UNITED STATES CORPORATION AGENTS, INC.",Greenwood Village
20268222622,NOVARENTIS TRADING LLC,2026-09-30,DLLC,Good Standing,CO,1345 LIPAN ST,,DENVER,CO,80204,FavorSola LLC,Fruita
20268222635,Ollie & Olive Tallow Beauty LLC,2026-09-30,DLLC,Good Standing,CO,421 Allen Ln,,Craig,CO,81625,Rocky Mountain RA LLC,Denver
20268222662,"Intelligence and Design Applied, Inc.",2026-09-30,DPC,Good Standing,CO,2322 N Marion St,,Denver,CO,80205,,Denver
20268222670,"Love Entertainment, LLC",2026-09-30,DLLC,Good Standing,CO,1894 Centaur Cir,,Lafayette,CO,80026,,Lafayette
20268222672,680 Lincoln LLC,2026-09-30,DLLC,Good Standing,CO,3095 W 38th Ave,Suite 200,Denver,CO,80211,PC Advisory Services LLC,Denver
20268222673,"3462 Fairfax, LLC",2026-09-30,DLLC,Good Standing,CO,887 Good Hope Dr,,Castle Rock,CO,80108,,Castle Rock
20268222689,LGD 315 Eastom LLC,2026-09-30,DLLC,Good Standing,CO,3825 Pierce St,,Wheat Ridge,CO,80033,,Wheat Ridge
20268222693,"2 Lizards, LLC",2026-09-30,DLLC,Good Standing,CO,7284 Dandelion Ct,,Colorado Springs,CO,80922,,Colorado Springs
20268222708,Crown Electric LLC,2026-09-30,DLLC,Good Standing,CO,1426 Pratt St,,Longmont,CO,80501,"UNITED STATES CORPORATION AGENTS, INC.",Greenwood Village
20268222721,Peak Bookkeeping LLC,2026-09-30,DLLC,Good Standing,CO,1923 Indian Trl,,Steamboat Springs,CO,80487,,Steamboat Springs
20268222727,Maihsyn Discus LLC,2026-09-30,DLLC,Good Standing,CO,10150 E Harvard Ave Apt F545,,Denver,CO,80231,,Denver
20268222731,RB. Art LLC,2026-09-30,DLLC,Good Standing,CO,3435 Wynkoop St,,Denver,CO,80216,,Denver
20268222746,Ridgeway Capital LLC,2026-09-30,DLLC,Good Standing,CO,2880 Crystal Springs Rd,,Camino,CA,95709,"Solera Plan Services, LLC",Lakewood
20268222771,A&M BREAD LLC,2026-09-30,DLLC,Good Standing,CO,315 Greene Street,,Silverton,CO,81433,,Silverton
20268222784,"715 West Prospect, LLC",2026-09-30,DLLC,Good Standing,CO,"3225 McLeod Dr, Suite 100",,Las Vegas,NV,89121,ANDERSON REGISTERED AGENTS,Denver
20268222794,"JP Enterprises Holdings, LLC",2026-09-30,FLLC,Good Standing,UT,1910 S 5500 W.,,Salt Lake City,UT,84104,"Registered Agent Solutions, Inc.",Centennial
20268222816,Sperry Speech & Feeding LLC,2026-09-30,DLLC,Good Standing,CO,1564 E Easter Circle,,Centennial,CO,80122,,Centennial
20268222856,Jess Thomas Nutrition LLC,2026-09-30,DLLC,Good Standing,CO,110 16th St Ste 1460,,Denver,CO,80202,Rocky Mountain RA LLC,Denver
20268222866,Magdalena Jasmine Studio LLC,2026-09-30,FLLC,Good Standing,WY,1309 Coffeen Ave,STE 1200,Sheridan,WY,82801,,Durango
20268222873,The Juniper Fund,2026-09-30,FNC,Good Standing,WA,517 N 60th St.,,Seattle,WA,98103,Northwest Registered Agent LLC,Denver
20268222885,Relentless CFO PC,2026-09-30,DLLC,Good Standing,CO,7359 Canyon Sky Trl,,Castle Pines,CO,80108,,Castle Pines
20268222904,Apex Sims LLC,2026-09-30,DLLC,Good Standing,CO,2447 Astron Dr,,Colorado Springs,CO,80906,COCSP1 PLLC,Colorado Springs
20268222917,"SUBLEVEL MUSIC & ENTERTAINMENT, LLC",2026-09-30,DLLC,Good Standing,CO,10525 Truckee St,,Commerce City,CO,80022,"City Park Law Group, LLC",Denver
20268222939,ST. CATHERINE OF SIENA MEDICAL CENTER LLC,2026-09-30,DLLC,Good Standing,CO,11427 River Run Cir,,Commerce City,CO,80640,,Commerce City
20268222951,Owlborne LLC,2026-09-30,DLLC,Good Standing,CO,3244 Billington Dr,,Erie,CO,80516,,Erie
20268222965,"Popovich Medical Properties, LLC",2026-09-30,DLLC,Good Standing,CO,13771 Wrangler Way,,Mead,CO,80542,Registered Agents Inc,Denver
20268222981,NovaLife LLC,2026-09-30,DLLC,Good Standing,CO,"1500 N GRANT ST, STE B",,DENVER,CO,80203,"INCORP SERVICES, INC.",DENVER
20268222984,Reclaimed Health and Wellness LLC,2026-09-30,DLLC,Good Standing,CO,9895 W 58th Ave Unit 302,,Arvada,CO,80002,,Arvada
20268222988,"JP LEASING OPCO, LLC",2026-09-30,FLLC,Good Standing,UT,1910 S 5500 W.,,Salt Lake City,UT,84104,"Registered Agent Solutions, Inc.",Centennial
20268222989,Zanzou LLC,2026-09-30,DLLC,Good Standing,CO,110 16th St Ste 1460,,Denver,CO,80202,Rocky Mountain RA LLC,Denver
20268223008,Aligned Stars Home Solutions LLC,2026-09-30,DLLC,Good Standing,CO,4165 Pierce St,,Wheat Ridge,CO,80033,,Wheat Ridge
20268223012,Nguyen Van Phuc Agency LLC,2026-09-30,DLLC,Good Standing,CO,"1500 N GRANT ST, STE B",,DENVER,CO,80203,"INCORP SERVICES, INC.",DENVER
20268223018,C.R.A.C. LLC,2026-09-30,DLLC,Good Standing,CO,7887 East Belleview Ave. Suite 1100A PMB 1409,,Denver,CO,80111,ENTITY PROTECT REGISTERED AGENT SERVICES LLC,Denver
20268223036,Jothier Real Estate LLC,2026-09-30,DLLC,Good Standing,CO,40 Skyline Dr,,Wheat Ridge,CO,80215,,Wheat Ridge
20268223066,COLORADO SANAD TOWING LLC,2026-09-30,DLLC,Good Standing,CO,913 S Zeno Way Unit 206,,Aurora,CO,80017,,Aurora
20268223075,RingScout LLC,2026-09-30,DLLC,Good Standing,CO,110 16th St Ste 1460,,Denver,CO,80202,Rocky Mountain RA LLC,Denver
20268223104,8Rubicon Ltd.,2026-09-30,DLLC,Good Standing,CO,9215 Star Streak Cir,,Littleton,CO,80125,,Littleton
20268223124,Connor's Auto and Repair Service L.L.C.,2026-09-30,DLLC,Good Standing,CO,7366 South Elm Ct,,Centennial,CO,80122-2471,,Highlands Ranch
20268223132,Bayardos Landscaping LLC,2026-09-30,DLLC,Good Standing,CO,455 Cody Dr,,Lakewood,CO,80226,,Lakewood
20268223155,True Home Health LLC,2026-09-30,DLLC,Good Standing,CO,920 N Lafayette St,,Denver,CO,80218,,Denver
20268223168,Katherine Allen LLC,2026-09-30,DLLC,Good Standing,CO,21 El Encanto Dr,,Colorado Springs,CO,80906,,Colorado Springs
20268223169,Kindred Goods LLC,2026-09-30,DLLC,Good Standing,CO,1178 Hyland Dr,,Evergreen,CO,80439,,Evergreen
20268223178,"Top Dog Landscaping & Cleaning Services LLC, Dissolved October 1, 2026",2026-09-30,DLLC,Voluntarily Dissolved,CO,S.UNION BLVD,,SPRINGS,CO,80909,,SPRINGS CO
20268223183,"Technology West Group, LLC",2026-09-30,FLLC,Good Standing,NV,680 Pilot Road,Suite C,Las Vegas,NV,89119,Northwest Registered Agent LLC,Denver
20268223189,"Clark Carroll Counseling, PLLC",2026-09-30,DLLC,Good Standing,CO,1500 N Grant St,Ste R,Denver,CO,80203,Registered Agents Inc,Denver
20268223191,"Blue Sky Strategic Finance, LLC",2026-09-30,DLLC,Good Standing,CO,1408 E Maplewood Ct,,Centennial,CO,80121,,Centennial
20268223198,NEW AWAN HEAVY MACHINARY CENTER LLC,2026-09-30,DLLC,Good Standing,CO,1500 N Grant St,Ste N,Denver,CO,80203,Northwest Registered Agent LLC,Denver
20268223203,Pandaroo Music LLC,2026-09-30,DLLC,Good Standing,CO,5140 Umatilla St,,Denver,CO,80221,,Denver
20268223242,Willyer Estates LLC,2026-09-30,DLLC,Good Standing,CO,1500 N Grant St,Ste N,Denver,CO,80203,Northwest Registered Agent LLC,Denver
20268223283,Weber Odyssey LLC,2026-09-30,DLLC,Good Standing,CO,100 Garfield St Ste 305,,Denver,CO,80206,,Denver
20268223284,Every Angel Rises LLC,2026-09-30,DLLC,Good Standing,CO,333 W Ellsworth Ave Apt 911,,Denver,CO,80223,,Denver
20268223312,Orion Professional Services LLC,2026-09-30,DLLC,Good Standing,CO,4163 Tree Creek Trl,,Colorado Springs,CO,80918,,Colorado Springs
20268223319,ForMyHealth LLC,2026-09-30,DLLC,Good Standing,CO,1500 N Grant St Ste R,,Denver,CO,80203,Registered Agents Inc,Denver
20268223346,White Dove Notary L.L.C.,2026-09-30,DLLC,Good Standing,CO,9133 Castlebear Dr,,Colorado Springs,CO,80927,,Colorado Springs
20268223350,Cover Performance & Wellness LLC,2026-09-30,DLLC,Good Standing,CO,337 Wright St Apt 202,,Lakewood,CO,80228,,Lakewood
20268223365,Howell Digital LLC,2026-09-30,DLLC,Good Standing,CO,1499 Blake St Apt 2C,,Denver,CO,80202,,Denver
20268223384,little birds llc,2026-09-30,DLLC,Good Standing,CO,16880 Black Rose Cir,,Parker,CO,80134,,Parker
20268223419,Colorado Advanced Home Tech LLC,2026-09-30,DLLC,Good Standing,CO,1484 S Ward St,,Lakewood,CO,80228,,Lakewood
20268223432,"Power Systems West, LLC",2026-09-30,FLLC,Good Standing,AZ,3233 Oakland Street,,Aurora,CO,80010,C T CORPORATION SYSTEM,Centennial
20268223439,BLK Grant Services LLC,2026-09-30,DLLC,Good Standing,CO,152 Kenton St Apt J101,,Aurora,CO,80010,,Aurora
20268223440,Haul Omega Inc,2026-09-30,FPC,Good Standing,MO,1500 N GRANT ST,Ste N,DENVER,CO,80203,Northwest Registered Agent LLC,Denver
20268223447,PeakVista Construction LLC,2026-09-30,DLLC,Good Standing,CO,922 W Meadow Rd,,Evergreen,CO,80439,,Evergreen
20268223449,Desai & Associates LLC,2026-09-30,DLLC,Good Standing,CO,4936 E 141st Ave,,Thornton,CO,80602,,Thornton
20268223456,"DC2 Aviation, LLC",2026-09-30,DLLC,Good Standing,CO,15380 Great Rock Rd,,Brighton,CO,80603,,Brighton
20268223473,"Brightside Planning, LLC",2026-09-30,DLLC,Good Standing,CO,7013 McClellan Rd,,Wellington,CO,80549,,Wellington
20268223478,IGD Holdings LLC,2026-09-30,FLLC,Good Standing,DE,1500 N GRANT ST,STE R,Denver,CO,80203,Registered Agents Inc,Denver
20268223484,Yellow Peaches Digital LLC,2026-09-30,DLLC,Good Standing,CO,11174 E Random Ct,,Lafayette,CO,80026,,Lafayette
20268223492,Atlas Medical Data Group LLC,2026-09-30,FLLC,Good Standing,KS,8101 College Blvd,Ste 130 #961014,Overland Park,KS,66210,C T CORPORATION SYSTEM,Centennial
20268223496,Boulder Black line LLC,2026-09-30,DLLC,Good Standing,CO,9442 Joyce Way,,Arvada,CO,80007,,Arvada
20268223498,High Plains Response Tech LLC,2026-09-30,DLLC,Good Standing,CO,420 Colorado Avenue,,Merino,CO,80741,,Merino
20268223506,EMPORIUM SV LLC,2026-09-30,DLLC,Good Standing,CO,5 S Circle Dr,,Colorado Springs,CO,80910,,Colorado Springs
20268223512,Cole's Estate and Grounds LLC,2026-09-30,DLLC,Good Standing,CO,5418 Augusta Trl,,Fort Collins,CO,80528,,Fort Collins
20268223516,"HumannConnections, LLC",2026-09-30,DLLC,Good Standing,CO,25807 E Fair Pl,,Centennial,CO,80016,,Centennial
20268223519,"Petersen Solutions, LLC",2026-09-30,DLLC,Good Standing,CO,861 W Kettle Ave,,Littleton,CO,80120,,Littleton
20268223522,Colorados Finest Finishes LLC,2026-09-30,DLLC,Good Standing,CO,55005 E US Highway 50,,Boone,CO,81025,,Boone
20268223541,"KPMG U.S. Foundation, Inc.",2026-09-30,FNC,Good Standing,DE,3 Chestnut Ridge Road,,Montvale,NJ,07645,Rocky Mountain RA LLC,Denver
20268223585,Hidden Leafs Supply LLC,2026-09-30,DLLC,Good Standing,CO,4100 N Clay St,,Denver,CO,80211,,Denver
20268223586,KC Luxury & Limousine Service LLC,2026-09-30,DLLC,Good Standing,CO,2925 Glenwood Dr Apt 212,,Boulder,CO,80301,,Boulder
20268223604,Executive Excursions LLC,2026-09-30,DLLC,Good Standing,CO,230 S Big Meadow Trl,,Franktown,CO,80116,,Franktown
20268223623,Inlet Bay Massage & Bodywork LLC,2026-09-30,DLLC,Good Standing,CO,4601 Shoreline Dr,,Fort Collins,CO,80526,Northwest Registered Agent LLC,Denver
20268223646,"'Brosia Bowl, LLC",2026-09-30,DLLC,Good Standing,CO,3508 Vernon Dr.,,Laporte,CO,80535,,Laporte
20268223647,NodX LLC,2026-09-30,DLLC,Good Standing,CO,7249 S Vandriver Way,,Aurora,CO,80016,,Aurora
20268223660,Forward Insurance Solutions LLC,2026-09-30,DLLC,Good Standing,CO,1230 S Parker Rd Ste 219,,Denver,CO,80231,,Aurora
20268223664,Colorado Independent Retailer Alliance,2026-09-30,DNC,Good Standing,CO,1500 N Grant St Ste R,,Denver,CO,80203,Registered Agents Inc,Denver
20268223672,SoCo Earth Works LLC,2026-09-30,DLLC,Good Standing,CO,5202 Cibola Dr # 19434,,Colorado City,CO,81019,SimpleBiz Registered Agent Services LLC,Boulder
20268223689,"Lipstick, LLC",2026-09-30,DLLC,Good Standing,CO,707 Huntington Pl,,Highlands Ranch,CO,80126,,Highlands Ranch
20268223690,Your Home Town Junk Removal LLC,2026-09-30,DLLC,Good Standing,CO,2728 W Dartmouth Ave,,Englewood,CO,80110,,Englewood
20268223693,Smokin tire kustoms LLC,2026-09-30,DLLC,Good Standing,CO,1115 Cooper Ave,1A,Colorado springs,CO,80905,ZenBusiness Inc.,Denver
20268223694,Border States Industries Incorporated,2026-09-30,DPC,Good Standing,CO,2814 S Jasper St,,Aurora,CO,80013,,Aurora
20268223701,Beauty Studio 8.22 LLC,2026-09-30,DLLC,Good Standing,CO,41184 US-6 240,,AVON,CO,81620,,AVON
20268223702,Reflex Target Patterning LLC,2026-09-30,DLLC,Good Standing,CO,957 Oak St,,Lakewood,CO,80215,,Lakewood
20268223714,Bienvue Ltd,2026-09-30,DLLC,Good Standing,CO,1500 N Grant St,#10218,Denver,CO,80203,Northwest Registered Agent LLC,Denver
20268223727,"Rise, Rack & Roll LLC",2026-09-30,DLLC,Good Standing,CO,1500 N Grant St,Ste N,Denver,CO,80203,Northwest Registered Agent LLC,Denver
20268223729,SAS DEVELOPMENT GROUP LLC,2026-09-30,DLLC,Good Standing,CO,609 S Cascade Ave Apt 527,,Colorado Springs,CO,80903,SASFS LLC,Colorado Springs
20268223731,"Hat Trick Holdings, LLC",2026-09-30,DLLC,Good Standing,CO,2149 S Holly Street,,Denver,CO,80222,,Aurora
20268223746,SA Beauty & Wellness Group LLC,2026-09-30,DLLC,Good Standing,CO,417 North Ave Ste B,,Grand Junction,CO,81501,,Grand Junction
20268223780,Colorado Dealer Cup LLC,2026-09-30,DLLC,Good Standing,CO,2566 Reed St,,Lakewood,CO,80214,,Lakewood
20268223782,Two 10 Land Brokerage LLC,2026-09-30,DLLC,Good Standing,CO,3717 Mount Hayden Court,,Montrose,CO,81403,,Montrose
20268223793,"Dakota & Derby Studios, LLC",2026-09-30,DLLC,Good Standing,CO,464 County Road 4,,Alma,CO,80420,,Alma
20268223823,Snow Moments LLC,2026-09-30,DLLC,Good Standing,CO,78 Summit Dr Unit C5,,Dillon,CO,80435,,Dillon
20268223830,Kira Davis LLC,2026-09-30,DLLC,Good Standing,CO,525 Sandstone Dr,,Silt,CO,81652,,Silt
20268223850,Stadium IT Forum LLC,2026-09-30,DLLC,Good Standing,CO,575 Jack Pine Ct,,Boulder,CO,80304,,Boulder
20268223874,Quillan Faculty LLC,2026-09-30,DLLC,Good Standing,CO,2809 E Harmony Rd,,Fort Collins,CO,80528,,Bennett
20268223893,Auds & Ends LLC,2026-09-30,DLLC,Good Standing,CO,5660 N Union Blvd,,Colorado Springs,CO,80918,,Colorado Springs
20268223911,S&W AUTO CLASSICS LLC,2026-09-30,DLLC,Good Standing,CO,5680 Broadmoor Bluffs Dr,,Colorado Springs,CO,80906,"UNITED STATES CORPORATION AGENTS, INC.",Greenwood Village
20268223913,Maria Empanada Union Station LLC,2026-09-30,DLLC,Good Standing,CO,1701 Wynkoop St,,Denver,CO,80202,"Argentina Culinaria Group, Inc.",Denver
20268223916,RMRECollective LLC,2026-09-30,DLLC,Good Standing,CO,1500 N Grant St,Ste N,Denver,CO,80203,Northwest Registered Agent LLC,Denver
20268223950,Highland Moving LLC,2026-09-30,DLLC,Good Standing,CO,1500 N GRANT ST,STE N,DENVER,CO,80203,Northwest Registered Agent LLC,Denver
20268223957,Whitlock Capture LLC,2026-09-30,DLLC,Good Standing,CO,1002 Walnut St,,Boulder,CO,80302,,Bennett
20268223976,Heirloom-Photography LLC,2026-09-30,DLLC,Good Standing,CO,8255 W Ken Caryl Pl Apt F,,Littleton,CO,80128,,Littleton
20268223987,Canville LLC,2026-09-30,DLLC,Good Standing,CO,15130 Ewing Ct,,Peyton,CO,80831,,Peyton
20268223989,Friendly Singh PLLC,2026-09-30,FO,Good Standing,NV,"9205 W. Russell Road, Suite 305",,Las Vegas,NV,89148,"CAPITOL CORPORATE SERVICES, INC.",BRIGHTON
20268223997,Hues and Heart LLC,2026-09-30,DLLC,Good Standing,CO,14661 Imboden Rd,,Hudson,CO,80642,,Hudson
20268224008,LAURA & CO LLC,2026-09-30,DLLC,Good Standing,CO,16651 Payne Rd,,Conroe,TX,77302,Corporations Registered Agents of Colorado LLC,Englewood
20268224011,Palma Detailing LLC,2026-09-30,DLLC,Good Standing,CO,408 Lincoln St,,Brush,CO,80723,,Brush
20268224033,Dunmere Framework LLC,2026-09-30,DLLC,Good Standing,CO,2930 Broadway St Unit 105,,Boulder,CO,80304,,Bennett
20268224045,Pristine Home Solutions LLC,2026-09-30,DLLC,Good Standing,CO,8290 Federal Blvd Apt 197,,Westminster,CO,80031,,Westminster
20268224052,"Drout Enterprises, LLC",2026-09-30,DLLC,Good Standing,CO,4500 Alcott St,,Denver,CO,80211,,Denver
20268224057,Grace Medical Group PLLC,2026-09-30,FO,Good Standing,AZ,"7272 E Indian School Rd., Ste 480",,Scottsdale,AZ,85251,"CAPITOL CORPORATE SERVICES, INC.",BRIGHTON
20268224078,TK ICE LLC,2026-09-30,DLLC,Good Standing,CO,1300 Elm St,,Denver,CO,80220,Poorvi B. Parkhie LLC,Denver
20268224091,"Buncha (abc), LLC",2026-09-30,DLLC,Good Standing,CO,231 Market Place,Suite 373,San Ramon,CA,94583,"Vcorp Agent Services, Inc.",Centennial
20268224099,"La Vista Valdez, LLC",2026-09-30,DLLC,Good Standing,CO,20503 State Highway 371,,La Jara,CO,81140,,La Jara
20268224104,West Hollow Land LLC,2026-09-30,DLLC,Good Standing,CO,129 W Irvington Pl,,Denver,CO,80223,,Denver
20268224107,Langford Montage LLC,2026-09-30,DLLC,Good Standing,CO,4140 Vanderhoof St,,Bennett,CO,80102,,Greeley
20268224120,"Pro-Screen, Inc.",2026-09-30,FPC,Good Standing,CA,6093 S. Lincoln Court,,FRESNO,CA,93725,Rocky Mountain RA LLC,Denver
20268224122,Everlinked Jewelry LLC,2026-09-30,DLLC,Good Standing,CO,5258 Lost Meadow Trl,,Castle Rock,CO,80104,,Castle Rock
20268224127,"Kraich RV Park, LLC",2026-09-30,DLLC,Good Standing,CO,275 W 8th St,,Akron,CO,80720,,Akron
20268224130,GreenSpace Cleaning Service LLC,2026-09-30,DLLC,Good Standing,CO,250 County Road 127 tlrl 8,,Glenwood Springs,CO,81601,,Glenwood Springs
20268224131,"Popovich Family Medicine, PLLC",2026-09-30,DLLC,Good Standing,CO,13771 Wrangler Way,,Mead,CO,80542,Registered Agents Inc,Denver
20268224146,"HFI Colorado Properties, LLC",2026-09-30,FLLC,Good Standing,TX,"1333 Oak Lawn Ave, Suite 750",,Dallas,TX,75207,"CAPITOL CORPORATE SERVICES, INC.",BRIGHTON
20268224152,Link's Supplies LLC.,2026-09-30,DLLC,Good Standing,CO,8947 S. HWY 285,,Alamosa,CO,81101,,Alamosa
20268224166,Clear Water Spring LLC,2026-09-30,DLLC,Good Standing,CO,21055 Highway 140,,Hesperus,CO,81326,,Hesperus
20268224188,"Booked and Buzzing, LLC",2026-09-30,DLLC,Good Standing,CO,6969 W 90th Ave Apt 838 Bldg 8,,Broomfield,CO,80021,,Broomfield
20268224196,River Front Capital LLC,2026-09-30,DLLC,Good Standing,CO,3334 Winnebago Dr,,Sedalia,CO,80135,,Sedalia
20268224200,W5 Construction LLC,2026-09-30,DLLC,Good Standing,CO,1500 N Grant St,Ste N,Denver,CO,80203,Northwest Registered Agent LLC,Denver
20268224230,PACO Fly Fishing LLC,2026-09-30,DLLC,Good Standing,CO,6906 Vandaveer Ranch Rd Unit 6,,Salida,CO,81201,,Salida
20268224237,HoundsGate LLC,2026-09-30,DLLC,Good Standing,CO,1500 N Grant St,11081,denver,CO,80203,Northwest Registered Agent LLC,Denver
20268224240,Moore and Farrington LLC,2026-09-30,DLLC,Good Standing,CO,8616 Fawnwood Dr,,Castle Pines,CO,80108,Rockies Tax LLC,Castle Pines
20268224251,"Kraich Rentals, LLC",2026-09-30,DLLC,Good Standing,CO,275 W 8th St,,Akron,CO,80720,,Akron
20268224252,Southcenter Partners LLC,2026-09-30,FLLC,Good Standing,WA,1500 N Grant St,Ste R,Denver,CO,80203,Registered Agents Inc,Denver
20268224264,KB System Works LLC,2026-09-30,DLLC,Good Standing,CO,425 Elk Trl,,Lafayette,CO,80026,,Lafayette
20268224276,BraeTech Labs LLC,2026-09-30,DLLC,Good Standing,CO,450 Skyline Dr,,Gunnison,CO,81230,,Gunnison
20268224284,Willgo Couriers LLC,2026-09-30,DLLC,Good Standing,CO,11780 E 111th Ave,,Commerce City,CO,80640,,Commerce City
20268224285,Joey J's Perfect LLC,2026-09-30,DLLC,Good Standing,CO,1975 19th St Apt 5079,,Denver,CO,80202,,Denver
20268224302,"Kraich Residential Rentals, LLC",2026-09-30,DLLC,Good Standing,CO,275 W 8th St,,Akron,CO,80720,,Akron
20268224316,A SCENT OF HEAVEN FLORAL SHOP LLC,2026-09-30,DLLC,Good Standing,CO,1407 State Ave.,,Alamosa,CO,81101,,Alamosa
20268224319,ALTUS LLC,2026-09-30,DLLC,Good Standing,CO,967 S Williams St,,Denver,CO,80209,,Denver
20268224321,MJ'S Rocky Bakery LLC,2026-09-30,DLLC,Good Standing,CO,13450 West Dakota Place,,Lakewood,CO,80228,ZenBusiness Inc.,Denver
20268224328,MKRT Social LLC,2026-09-30,DLLC,Good Standing,CO,1500 N Grant St,Ste N,Denver,CO,80203,Northwest Registered Agent LLC,Denver
20268224330,Colorado Co-Ownership Advisors LLC,2026-09-30,DLLC,Good Standing,CO,"3531 S Logan Street, Suite D",#248,Englewood,CO,80113,Gradient Law LLC,Englewood
20268224372,"Ron & Sandra Investments, LLC",2026-09-30,DLLC,Good Standing,CO,275 W 8th St,,Akron,CO,80720,,Akron
20268224384,BASCO Outdoor Living LLC,2026-09-30,DLLC,Good Standing,CO,11961 S Meander Way,,Parker,CO,80138,,Parker
20268224395,Verdi Holdings LLC,2026-09-30,DLLC,Good Standing,CO,3357 Danzante Bay Ct,,Berthoud,CO,80513,,Berthoud
20268224396,"BUILDSIGHT CONSULTING, LLC",2026-09-30,DLLC,Good Standing,CO,3695 Ranch Gate Ct,,Castle Rock,CO,80104,,Castle Rock
20268224405,"Aerda Lygros, LLC",2026-09-30,DLLC,Good Standing,CO,2188 Grain Bin Ct,,Windsor,CO,80550,,Windsor
20268224423,Koa Keys Incorporated,2026-09-30,DPC,Good Standing,CO,12168 Melody Drive Unit 104,,Westminster,CO,80234,Koa Keys Incorporated,Westminster
20268224430,LACEY CONNER LLC,2026-09-30,DLLC,Good Standing,CO,2707 W Pikes Peak Ave,,Colorado Springs,CO,80904,SimpleBiz Registered Agent Services LLC,Boulder
20268224444,"Breezy T-MAC, LLC",2026-09-30,DLLC,Good Standing,CO,1500 N Grant St,Ste N,Denver,CO,80203,Northwest Registered Agent LLC,Denver
20268224445,"ST Rentals, LLC",2026-09-30,DLLC,Good Standing,CO,275 W 8th St,,Akron,CO,80720,,Akron
20268224450,Breck 1795 A1 Airport LLC,2026-09-30,DLLC,Good Standing,CO,1795 Airport Rd Unit A2,,Breckenridge,CO,80424,,Breckenridge
20268224452,"Valor Door, LLC",2026-09-30,DLLC,Good Standing,CO,375 Rogers Way,,Castle Rock,CO,80104,,Castle Rock
20268224454,AMPLIFIED EVENT SOLUTIONS LLC,2026-09-30,FLLC,Good Standing,OH,1920 Rainbow Drive NE,,Lancaster,OH,43130,"NATIONAL REGISTERED AGENTS, INC.",Centennial
20268224456,JLN Iliff Holdings LLC,2026-09-30,DLLC,Good Standing,CO,1500 N Grant St,Ste N,Denver,CO,80203,Northwest Registered Agent LLC,Denver
20268224469,"Middlemost Systems, LLC",2026-09-30,DLLC,Good Standing,CO,2407 W Bradbury Ave,,Littleton,CO,80120,,Littleton
20268224475,Wander & Wag LLC,2026-09-30,DLLC,Good Standing,CO,15114 Jakarta Cir,,Parker,CO,80134,,Parker
20268224483,BARROZO CLEAN LLC,2026-09-30,DLLC,Good Standing,CO,3030 South Bannock Street,,Englewood,CO,80110,SimpleBiz Registered Agent Services LLC,Boulder
20268224488,Crescent Peak Inc,2026-09-30,DPC-PBC,Good Standing,CO,2301 E Pikes Peaks,,Colorado Springs,CO,80909,"Busy Bees Professional Services, LLC",Colorado Springs
20268224504,"Infinite Worlds, Inc.",2026-09-30,FPC,Good Standing,DE,8 The Green,Suite N,Dover,DE,19901,Northwest Registered Agent LLC,Denver
20268224508,JJ Min Limo LLC,2026-09-30,DLLC,Good Standing,CO,5675 Killarney Ct,,Aurora,CO,80019,,Aurora
20268224526,Stockyard Holdings Co LLC,2026-09-30,DLLC,Good Standing,CO,26765 Bradley St,,Conifer,CO,80433,,Conifer
20268224545,"Nitch Investments, LLC",2026-09-30,DLLC,Good Standing,CO,5199 S Clarkson Street,,Greenwood Village,CO,80121,,Greenwood Village
20268224551,"Black Canyon Montrose, LLC",2026-09-30,DLLC,Good Standing,CO,336 E Main St,,Montrose,CO,81401,,Durango
20268224560,SHE LEADS OFF ROAD RENTALS LLC,2026-09-30,DLLC,Good Standing,CO,7777 Elmwood Pl,,Denver,CO,80221,,Denver
20268224564,"CHACOUROB, LLC",2026-09-30,DLLC,Good Standing,CO,2795 Middlebury Dr,,Highlands Ranch,CO,80126,,Highlands Ranch
20268224576,REAL LLC,2026-09-30,DLLC,Good Standing,CO,4296 Alder Springs View,,Colorado Springs,CO,80922,,Colorado Springs
20268224579,"HAMILTON RECH, LCSW LLC",2026-09-30,DLLC,Good Standing,CO,8502 Rutgers St,,Westminster,CO,80031,SimpleBiz Registered Agent Services LLC,Boulder
20268224612,I-Care Healthcare Solutions LLC.,2026-09-30,DLLC,Good Standing,CO,5015 N Quemoy St,,Aurora,CO,80019,,Aurora
20268224632,JARA llc,2026-09-30,DLLC,Good Standing,CO,18496 E Tennessee Pl Apt 202,,Aurora,CO,80017,,Aurora
20268224645,Nathan Reese Estate Concierge LLC,2026-09-30,DLLC,Good Standing,CO,405 Edison Pl,,Superior,CO,80027,,Superior
20268224652,Kings' Solar Strategies LLC,2026-09-30,DLLC,Good Standing,CO,1601 Cook St,,Denver,CO,80206,,Denver
20268224659,Georgie's Petals LLC,2026-09-30,DLLC,Good Standing,CO,757 Cheesman St,,Erie,CO,80516,,Erie
20268224699,Foothills Floral,2026-09-30,DLLP,Good Standing,CO,1731 West County Road 60E,,Fort Collins,CO,80524,,Fort Collins
20268224713,Doobs Window Cleaning LLC,2026-09-30,DLLC,Good Standing,CO,260 Summit Blvd At 8308,,Broomfield,CO,80021,,Broomfield
20268224718,Outpost Defense LLC,2026-09-30,DLLC,Good Standing,CO,12555 W 52nd Ave,,Arvada,CO,80002,Lunar Outpost Inc.,Arvada
20268224721,ESFANDIARY LLC,2026-09-30,DLLC,Good Standing,CO,4833 Front Street,Unit B501,Castle Rock,CA,80104,"Registered Agent Solutions, Inc.",Centennial
20268224728,SHAHID MART LLC,2026-09-30,DLLC,Good Standing,CO,1500 N GRANT ST STE 45986,,DENVER,CO,80203,Colorado Registered Agents,Denver
20268224733,White Wright Mobile Teeth Whitening LLC,2026-09-30,DLLC,Good Standing,CO,1078 Huebinger Dr,,Glenwood Springs,CO,81601,,Glenwood Springs
20268224745,Book Club LLC,2026-09-30,DLLC,Good Standing,CO,1121 2nd Avenue,,Longmont,CO,80501-5317,,Longmont
20268224758,"Checked and Balanced Bookkeeping, LLC",2026-09-30,DLLC,Good Standing,CO,710 Reagan Hts Apt 310,,Colorado Springs,CO,80921,,Colorado Springs
20268224773,West Barberry Holdings LLC,2026-09-30,DLLC,Good Standing,CO,720 S Colorado Blvd Ste 500S,,Denver,CO,80246,"Kajer Capital Management, LLC",Golden
20268224775,SYED & BROTHERS TRADING LLC,2026-09-30,DLLC,Good Standing,CO,1500 N GRANT ST STE 98712,,DENVER,CO,80203,Colorado Registered Agents,Denver
20268224809,"Lucky Monkey, LLC",2026-09-30,DLLC,Good Standing,CO,"41310 US Hwy 6, Unit CD1",,Avon,CO,81620,"MT Registered Agents, LLC",Avon
20268224821,Bighorn Behavioral Health LLC,2026-09-30,DLLC,Good Standing,CO,564 Spruce Cir,,Louisville,CO,80027,,Louisville
20268224831,"Restoration Masters Flood,Sewage,Water,Mold Mitigation L.L.C",2026-09-30,DLLC,Good Standing,CO,308 Auburn St,,Colorado Springs,CO,80909,,Colorado Springs
20268224832,ForMyWealth LLC,2026-09-30,DLLC,Good Standing,CO,24947 Foothills Dr N,,Golden,CO,80401,,Golden
20268224836,APAX COMMERCE LLC,2026-09-30,DLLC,Good Standing,CO,1500 N GRANT ST STE 137645,,DENVER,CO,80203,Colorado Registered Agents,Denver
20268224843,"VL Holdings, LLC",2026-09-30,DLLC,Good Standing,CO,4419 Centennial Blvd #1046,,Colorado Springs,CO,80907,Registered Agents Inc,Denver
20268224847,revanon LLC,2026-09-30,DLLC,Good Standing,CO,1500 N Grant St Ste N,,Denver,CO,80203,Northwest Registered Agent LLC,Denver
20268224848,Sydney Hudson LLC,2026-09-30,DLLC,Good Standing,CO,9375 W Quarles Pl,,Littleton,CO,80128,,Littleton
20268224856,"Arora Health and Aesthetics Hub, P.A.",2026-09-30,FPC,Good Standing,FL,300 Lenora Street,,Seattle,WA,98121,"Registered Agent Solutions, Inc.",Centennial
20268224857,"Alleyne, Matlock & Associates LLC",2026-09-30,DLLC,Good Standing,CO,2717 72nd Ave,,Greeley,CO,80634,,Greeley
20268224871,Legacy Forward Financial LLC,2026-09-30,DLLC,Good Standing,CO,9350 Colorado Blvd,,Firestone,CO,80504,,Firestone
20268224877,PE BASE HOLDINGS LLC,2026-09-30,DLLC,Good Standing,CO,4833 Front Street,Unit B501,Castle Rock,CA,80104,"Registered Agent Solutions, Inc.",Centennial
20268224882,CharityLift LLC,2026-09-30,DLLC,Good Standing,CO,1500 N GRANT ST,STE N,DENVER,CO,80203,Northwest Registered Agent LLC,Denver
20268224889,Pearls of Sugar LLC,2026-09-30,DLLC,Good Standing,CO,1900 S Acoma St Unit 646,,Denver,CO,80223,"UNITED STATES CORPORATION AGENTS, INC.",Greenwood Village
20268224909,Wave Markets LLC,2026-09-30,DLLC,Good Standing,CO,899 N Pearl St Apt 17,,Denver,CO,80203,,Denver
20268224910,"Bluestone Communications, Inc.",2026-09-30,FPC,Good Standing,DE,1 Righter Parkway,Suite 300,Wilmington,DE,19803,C T CORPORATION SYSTEM,Centennial
20268224916,PEGO HOLDINGS LLC,2026-09-30,DLLC,Good Standing,CO,4833 Front Street,Unit B501,Castle Rock,CA,80104,"Registered Agent Solutions, Inc.",Centennial
20268224920,Millennium Solutions LLC,2026-09-30,DLLC,Good Standing,CO,1500 N Grant St,Ste R,Denver,CO,80203,Registered Agents Inc,Denver
20268224932,"Torres Tech Solutions, LLC",2026-09-30,DLLC,Good Standing,CO,7887 E Belleview Ave Ste 700,,Englewood,CO,80111,Illumine Legal LLC,Englewood
20268224941,"JDIA GE, LLC",2026-09-30,DLLC,Good Standing,CO,200 S Wilcox St PMB 1107,,Castle Rock,CO,80104,,Castle Rock
20268224964,Limbs To Wings LLC,2026-09-30,DLLC,Good Standing,CO,519 South Alcott Street,,Denver,CO,80219,ENTITY PROTECT REGISTERED AGENT SERVICES LLC,Denver
20268224975,Ashlie Hope LLC,2026-09-30,DLLC,Good Standing,CO,8273 S Hannibal St,,Englewood,CO,80112,,Englewood
20268224984,"1460 Highway, LLC",2026-09-30,DLLC,Good Standing,CO,44 Cook St Ste 530,,Denver,CO,80206,Accruit Holdings LLC,Denver
20268225002,"DSW Homes, LLC",2026-09-30,FLLC,Good Standing,TX,1650 E. Winding Way Drive,"Bldg. B, Ste. 700",Friendswood,TX,77546,Northwest Registered Agent LLC,Denver
20268225006,Chosen Water Co. LLC,2026-09-30,DLLC,Good Standing,CO,4685 Hahns Peak Dr,Unit 202,Loveland,CO,80538,,Loveland
20268225025,SKINKERR LLC,2026-09-30,DLLC,Good Standing,CO,9063 E 36th Ave,,Denver,CO,80238,,Denver
20268225037,"F99 Scottsdale, LLC",2026-09-30,DLLC,Good Standing,CO,1713 Whistlepig Ln,,Broomfield,CO,80020,,Broomfield
20268225039,Colorado Bath Remodeling Co.,2026-09-30,DPC,Good Standing,CO,4 Wild Plum Ct,,Littleton,CO,80123,,Littleton
20268225043,"PORTERFIELD BROKERAGE, Inc.",2026-09-30,DPC,Good Standing,CO,901 Alexa Way,,Fort Collins,CO,80526,Northwest Registered Agent LLC,Denver
20268225045,SanctionsKit LLC,2026-09-30,DLLC,Good Standing,CO,1500 N Grant St,#12027,Denver,CO,80203,Northwest Registered Agent LLC,Denver
20268225061,LoveSossa LLC,2026-09-30,DLLC,Good Standing,CO,"1280 Centaur Village Dr, unit 2",,Lafayette,CO,80026,"UNITED STATES CORPORATION AGENTS, INC.",Greenwood Village
20268225071,OK Aviation,2026-09-30,DNC,Good Standing,CO,15989 Harvest Rd,,Brighton,CO,80603,,Brighton
20268225076,Rossell Capital LLC,2026-09-30,DLLC,Good Standing,CO,6854 Serena Dr,,Castle Pines,CO,80108,,Castle Pines
20268225081,LUCERO'S TRANSPORT & HOTSHOT SERVICES LLC,2026-09-30,DLLC,Good Standing,CO,1316 Little John Ct,,Lafayette,CO,80026,MONARK INSURANCE AGENCY INC,Lafayette
20268225085,Coursebinder LLC,2026-09-30,DLLC,Good Standing,CO,4075 Clear Creek Dr Unit 208,,Golden,CO,80401,,Golden
20268225095,DIGI VERTEX LLC,2026-09-30,DLLC,Good Standing,CO,421 E Speer Blvd,,Denver,CO,80203,,Denver
20268225107,Hair By Lei L.L.C,2026-09-30,DLLC,Good Standing,CO,4637 S Mason St Ste A7,2,Fort Collins,CO,80525,,Fort Collins
20268225121,ColorRoom LLC,2026-09-30,DLLC,Good Standing,CO,4367 S. Mason Suite A7,Studio 3,Fort Collins,CO,80525,,Fort Collins
20268225126,Grit and Grace Apparel Co L.L.C.,2026-09-30,DLLC,Good Standing,CO,1500 N GRANT ST,STE N,DENVER,CO,80203,Northwest Registered Agent LLC,Denver
20268225135,"IAA, Ltd.",2026-09-30,DLLC,Good Standing,CO,671 W 123rd Ave Unit 6307,,Denver,CO,80234,,Denver
20268225148,SIRI HEALTHCARE SERVICES INC,2026-09-30,FPC,Good Standing,NJ,1500 N GRANT ST,Ste N,DENVER,CO,80203,Northwest Registered Agent LLC,Denver
20268225156,2541 Ginny Way LLC,2026-09-30,DLLC,Good Standing,CO,2541 Ginny Way,,Lafayette,CO,80026,DANIEL C DOHERTY PC,Longmont
20268225186,"1343 Muriel Drive, LLC",2026-09-30,DLLC,Good Standing,CO,11638 W 57th Pl Apt 211,,Arvada,CO,80002,,Arvada
20268225202,Southwind Design Studio LLC,2026-09-30,DLLC,Good Standing,CO,2575 Carr Ct,,Lakewood,CO,80215,,Lakewood
20268225262,Summit Healthcare Partners LLC,2026-09-30,DLLC,Good Standing,CO,1580 N Logan St Ste 660 #596720,,Denver,CO,80203,"UNITED STATES CORPORATION AGENTS, INC.",Greenwood Village
20268225274,Optimal Effect LLC,2026-09-30,DLLC,Good Standing,CO,1500 N GRANT ST,#12029,Denver,CO,80203,Registered Agents Inc,Denver
20268225276,TAIGA LABS LLC,2026-09-30,FLLC,Good Standing,DE,1500 N Grant St,Ste N,Denver,CO,80203,Northwest Registered Agent LLC,Denver
20268225286,Glittersaurus Press LLC,2026-09-30,DLLC,Good Standing,CO,3201 Brighton Blvd Apt 455,,Denver,CO,80216,,Denver
20268225301,Pepted Up Inc,2026-09-30,DPC,Good Standing,CO,3898 snow,,Elizabeth,CO,80107,,Elizabeth
20268225315,"The Bozeman Personal Warehouse Condominium Association, Inc.",2026-09-30,FPC,Good Standing,MT,"19751 E Mainstreet, Suite 235",,Parker,CO,80138,"Cyprus Services, LLC",Englewood
20268225321,"Kickstart Capital, LLC",2026-09-30,FLLC,Good Standing,DE,2150 W 29th Ave,#510,Denver,CO,80211,,Westminster
20268225328,Foothill Social LLC,2026-09-30,DLLC,Good Standing,CO,380 Beryl St,,Broomfield,CO,80020,,Broomfield
20268225331,Eccentric Electric LLC,2026-09-30,DLLC,Good Standing,CO,5551 W 29th St,,Greeley,CO,80634,,Denver
20268225334,Uspring LLC,2026-09-30,FLLC,Good Standing,KS,117 S Spring Street,,Aspen,CO,81611,"GARFIELD & HECHT, P.C.",Aspen
20268225335,Communication First,2026-09-30,FNC,Good Standing,DC,"1629 K Street, NW",Suite 300,Washington,DC,20006,Registered Agents Inc,Denver
20268225342,"The Spirit of Aloha Private Tours, LLC",2026-09-30,DLLC,Good Standing,CO,1760 Honoapiilani Hwy # 10934,,Lahaina,HI,96761,,Colorado Springs
20268225380,LootLee LLC,2026-09-30,DLLC,Good Standing,CO,103 2nd St,,Ovid,CO,80744,,Ovid
20268225383,Gordanier Ranch Beef LLC,2026-09-30,DLLC,Good Standing,CO,20034 Road B,,Cortez,CO,81321,,Cortez
20268225416,Waneka Dental Partners LLP,2026-09-30,DLLP,Good Standing,CO,535 W South Boulder Rd,,Lafayette,CO,80026,,Mead
20268225432,Villa Kitchen llc,2026-09-30,DLLC,Good Standing,CO,11801 York St Apt 1712,,Thornton,CO,80233,,Thornton
20268225437,Aileon Fusion Technologies LLC,2026-09-30,DLLC,Good Standing,CO,3157 Summer Rain Trl,,Colorado Springs,CO,80908,Northwest Registered Agent LLC,Denver
20268225447,"Advanced Foot and Ankle-Limb Preservation Center, PLLC",2026-09-30,DLLC,Good Standing,CO,805 E 144th Ave Ste 100,,Thornton,CO,80023,,Thornton
20268225453,Faceted LLC,2026-09-30,DLLC,Good Standing,CO,1500 N Grant St Ste R,,Denver,CO,80203,Registered Agents Inc,Denver
20268225464,Salida Industrial Park LLC,2026-09-30,DLLC,Good Standing,CO,9000 County Road 140 Unit B,,Salida,CO,81201,Chavara Ranch LLC,Salida
20268225465,Ridgeline Housekeeping LLP,2026-09-30,DLLP,Good Standing,CO,3016 Lakeside Drive,,Evans,CO,80620,,Evans
20268225483,FIREFLY SERVICES LLC,2026-09-30,DLLC,Good Standing,CO,220 Summit Blvd Unit 323,,Broomfield,CO,80021,AMERICA LATINA SERVICES INC,THORNTON
20268225503,"Solid Digital Assets, LLC",2026-09-30,DLLC,Good Standing,CO,1500 N Grant St Ste R,,Denver,CO,80203,Colorado Registered Agents,Denver
20268225534,"GREY2K USA Worldwide, Inc.",2026-09-30,FNC,Good Standing,MA,7 Central Street,Suite 210,Arlington,MA,02476,"INCORP SERVICES, INC.",DENVER
20268225540,16th Street Maller LLC,2026-09-30,DLLC,Good Standing,CO,684 S Race St,,Denver,CO,80209,,Denver
20268225552,Malman Family LLC,2026-09-30,DLLC,Good Standing,CO,684 S Race St,,Denver,CO,80209,,Denver
20268225585,EYASIR TRADING COMPANY LLC,2026-09-30,DLLC,Good Standing,CO,1500 N Grant St Ste R,,Denver,CO,80203,Registered Agents Inc,Denver
20268225593,"Vailshire Partners, L.P.",2026-09-30,FLP,Good Standing,DE,3609 Austin Bluffs Pkwy,Ste 31 #1048,Colorado Springs,CO,80918,"Vcorp Agent Services, Inc.",Centennial
20268225602,Ideal Travel Journeys llc,2026-09-30,DLLC,Good Standing,CO,11346 Donley Dr,,Parker,CO,80138,,Parker
20268225619,LYMEC GROUP LLC,2026-09-30,DLLC,Good Standing,CO,8775 16th Street Rd,,Greeley,CO,80634,,Greeley
20268225622,Daisy Joy LLC,2026-09-30,DLLC,Good Standing,CO,8103 S Zephyr St,,Littleton,CO,80128,,Littleton
20268225624,Search & Cipher LLC,2026-09-30,DLLC,Good Standing,CO,1500 N Grant St,Ste N,Denver,CO,80203,Northwest Registered Agent LLC,Denver
20268225631,"Front Range Painting and Roofing, LLC",2026-09-30,DLLC,Good Standing,CO,1024 Davidson Dr Apt B,,Fort Collins,CO,80526,,Fort Collins
20268225636,Deep Think City LLC,2026-09-30,DLLC,Good Standing,CO,8156 S Wadsworth Blvd,Unit E-197,Littleton,CO,80128,,Littleton
20268225641,"Vailshire Capital Management, LLC",2026-09-30,FLLC,Good Standing,DE,3609 Austin Bluffs Pkwy,Ste 31 #1048,Colorado Springs,CO,80918,"Vcorp Agent Services, Inc.",Centennial
20268225655,AXISSOFTWEB TECHNOLOGIES LLC,2026-09-30,DLLC,Good Standing,CO,1500 N Grant St,Ste N,Denver,CO,80203,Northwest Registered Agent LLC,Denver
20268225678,Got to Grow Media LLC,2026-09-30,DLLC,Good Standing,CO,4333 Corbett,#1211,Fort Collins,CO,80525,,Greeley
20268225711,Storm Wranglers LLC,2026-09-30,DLLC,Good Standing,CO,2820 Garland Ter,,Colorado Springs,CO,80910,,Colorado Springs
20268225729,EL FIESTERO LLC,2026-09-30,DLLC,Good Standing,CO,350 Coral St,,Broomfield,CO,80020,SimpleBiz Registered Agent Services LLC,Boulder
20268225732,Chapter Two Enterprises LLC,2026-09-30,DLLC,Good Standing,CO,35 S Jackson St,,Denver,CO,80209,"Registered Agent Solutions, Inc.",Centennial
20268225736,Dream Chasers Youth Program LLC,2026-09-30,DLLC,Good Standing,CO,1712 S Pontiac St,,Denver,CO,80224,,Denver
20268225759,Maker and Stitch Too LLC,2026-09-30,DLLC,Good Standing,CO,280 Main St Unit C-102,,Edwards,CO,81632,SimpleBiz Registered Agent Services LLC,Boulder
20268225763,"Butterfly Cowhorse Co., LLC",2026-09-30,DLLC,Good Standing,CO,1077 County Road 225,,Kremmling,CO,80459,,Kremmling
20268225771,HOME ON THE RANGE LLC,2026-09-30,DLLC,Good Standing,CO,6756 Road Hh.5,,Lamar,CO,81052,SimpleBiz Registered Agent Services LLC,Boulder
20268225789,Wet Fins Crew Junk Removal LLC,2026-09-30,DLLC,Good Standing,CO,3105 Regatta Lane,,Fort Collins,CO,80525,,Fort Collins
20268225791,Daryan Medical Transportation LLC,2026-09-30,DLLC,Good Standing,CO,2450 W 12th St,,Greeley,CO,80634,,Greeley
20268225803,Thor Electric Limited Liability Company,2026-09-30,DLLC,Good Standing,CO,5371 Alkire St,,Arvada,CO,80002,,Arvada
20268225822,"Stone Structural Supports, LLC",2026-09-30,DLLC,Good Standing,CO,5415 Golden Willow Dr,,Fort Collins,CO,80528,,Fort Collins
20268225826,VisionIgnite Creative Studio LLC,2026-09-30,DLLC,Good Standing,CO,19090 E Columbia Pl,,Aurora,CO,80013,,Aurora
20268225829,The Care Collective Group LLC,2026-09-30,DLLC,Good Standing,CO,310 Upham St,,Lakewood,CO,80226,,Lakewood
20268225841,Washburn Construction LLC,2026-09-30,DLLC,Good Standing,CO,7755 Wagonwood Pl,,Colorado Springs,CO,80908,,Colorado Springs
20268225845,Chokecherry Treats LLC,2026-09-30,DLLC,Good Standing,CO,5867 Chokecherry Dr,,Colorado Springs,CO,80919,,Colorado Springs
20268225852,Hope Island LLC,2026-09-30,DLLC,Good Standing,CO,1500 N Grant St Ste R,,Denver,CO,80203,Registered Agents Inc,Denver
20268225863,Clear Creek Loft Rentals LLC,2026-09-30,DLLC,Good Standing,CO,912 Arapahoe St,,Golden,CO,80401,Northwest Registered Agent LLC,Denver
20268225879,"Designs 2 The Tee Boutique, LLC",2026-09-30,DLLC,Good Standing,CO,2955 New Center Point,,Colorado Springs,CO,80922,,Commerce City
20268225885,Builders FirstSource Inc,2026-09-30,DPC,Good Standing,CO,1388 Garrison St Apt 206C,,Lakewood,CO,80215,,Lakewood
20268225891,Vetted LLC,2026-09-30,DLLC,Good Standing,CO,608.5 S. Grant Ave,,Fort Collins,CO,80521,,Fort Collins
20268225907,ZACHARY ALAN FOUNDATION FOR THE ONES LEFT BEHIND INC.,2026-09-30,DNC,Good Standing,CO,9759 Detroit St,,Thornton,CO,80229,"CORPORATE SERVICE CENTER, INC.",Denver
20268225915,Trickster Entertainment LLC,2026-09-30,DLLC,Good Standing,CO,3713 W 119th Dr,,Westminster,CO,80031,,Westminster
20268225917,Collimate Ltd.,2026-09-30,DLLC,Good Standing,CO,1500 N Grant St Ste R,,Denver,CO,80203,Registered Agents Inc,Denver
20268225924,"MB Logan Holdings, LLC",2026-09-30,DLLC,Good Standing,CO,1824 Hooker St,,Denver,CO,80204,,Denver
20268225955,CTH Port Aransas LLC,2026-09-30,FLLC,Good Standing,DE,132 Palmilla Beach Drive,,Port Aransas,TX,78373,CORPORATION SERVICE COMPANY,Littleton
20268225957,Hair by Hayley LLC,2026-09-30,DLLC,Good Standing,CO,123 E Drake Rd Unit A,,Fort Collins,CO,80525,,Fort Collins
20268225974,Blue Heaven Home Support LLC,2026-09-30,DLLC,Good Standing,CO,18196 E Ohio Ave Apt 202,,Aurora,CO,80017,,Aurora
20268225980,"BHGPAF VII, LLC",2026-09-30,DLLC,Good Standing,CO,675 15th St Ste 2900,,Denver,CO,80202,,Denver
20268225982,Iron Peak Property Works LLC,2026-09-30,DLLC,Good Standing,CO,2416 W Yale Ave,,Denver,CO,80219,,Denver
20268226010,Puff Goddess LLC,2026-09-30,DLLC,Good Standing,CO,11409 E 116th Ave,,Commerce City,CO,80640,,Commerce City
20268226021,Road Masters Transports LLC,2026-09-30,DLLC,Good Standing,CO,505 Stevens Cir,,Platteville,CO,80651,Truckers Office LLC,Greeley
20268226022,W&K Towing LLC,2026-09-30,DLLC,Good Standing,CO,1387 Nokomis Dr,,Colorado Springs,CO,80915,COS A1 CONSULTING LLC,Colorado Springs
20268226032,V & P Roofing Specialist LLC,2026-09-30,FLLC,Good Standing,IL,9351 Schumaker Rd,,Bennett,CO,80102,,Bennett
20268226033,Slo-Mo Joe LLC,2026-09-30,DLLC,Good Standing,CO,10425 W 14th Ave,,Lakewood,CO,80215,,Lakewood
20268226046,JMS Constructors LLC,2026-09-30,DLLC,Good Standing,CO,1336 Scrub Oak Cir,,Boulder,CO,80305,,Boulder
20268226057,Order & Form LLC,2026-09-30,DLLC,Good Standing,CO,1412 Brush Creek Lane,,Snowmass Village,CO,81615,,Snowmass Village
20268226067,ATM Consulting services LLC,2026-09-30,DLLC,Good Standing,CO,720 s Colorado blvd suite 720,,Denver,CO,80246,Corporations Registered Agents of Colorado LLC,Englewood
20268226073,RLW GROUP LLC,2026-09-30,FLLC,Good Standing,FL,415 E ROMANA,UNIT 202,PENSACOLA,FL,32502,BUSINESS FILINGS INCORPORATED,Centennial
20268226091,silver tree wholesale llc,2026-09-30,DLLC,Good Standing,CO,434 pine street,,red cliff,CO,81649,,red cliff
20268226107,TRADEHUB LIGHT LLC,2026-09-30,DLLC,Good Standing,CO,1500 N Grant St,Ste N,Denver,CO,80203,Northwest Registered Agent LLC,Denver
20268226109,"Dr Jonathan Shaffer, L.L.C.",2026-09-30,DLLC,Good Standing,CO,1355 S Colorado Blvd Ste C304,,Denver,CO,80222,,Lakewood
20268226159,"The German Handyman, LLC",2026-09-30,DLLC,Good Standing,CO,1618 3rd Ave,,Longmont,CO,80501,,Longmont
20268226168,One Good Place Design LLC,2026-09-30,DLLC,Good Standing,CO,14747 marine Rd Trlr 40,,Montrose,CO,81403,"One Good Place, Inc.",Montrose
20268226182,"Northstar Community Supports, LLC",2026-09-30,DLLC,Good Standing,CO,676 S Juniper Ct,,Milliken,CO,80543,,Milliken
20268226187,Branded Plumbing LLC,2026-09-30,DLLC,Good Standing,CO,1090 Huntington Ave,,Dacono,CO,80514,,Dacono
20268226189,"Leslie Hunnewell, LLC",2026-09-30,DLLC,Good Standing,CO,1500 N Grant Street,STE R,Denver,CO,80203,Colorado Registered Agent LLC,Denver
20268226220,"Food for the Soul, LLC",2026-09-30,DLLC,Good Standing,CO,7822 Overon Road,#B,Arvada,CO,80004,,Arvada
20268226256,Loras Beauty Haven LLC,2026-09-30,DLLC,Good Standing,CO,9189 Gale Blvd Apt 2223,,Thornton,CO,80260,,Thornton
20268226287,Blue Smoke BBQ LLC,2026-09-30,DLLC,Good Standing,CO,13927 W 65th Dr,,Arvada,CO,80004-2197,,Arvada
20268226291,Little Hands Play Co. LLC,2026-09-30,DLLC,Good Standing,CO,2048 F 3/4 Rd,,Grand Junction,CO,81507,,Grand Junction
20268226303,Hank Andrews LLC,2026-09-30,DLLC,Good Standing,CO,15630 S Golden Rd,,Golden,CO,80401,,Golden
20268226307,Visual Workflow Systems LLC,2026-09-30,DLLC,Good Standing,CO,22006 E Tufts Dr,,Aurora,CO,80015,,Aurora
20268226324,5415 Manitou15 LLC,2026-09-30,DLLC,Good Standing,CO,5415 Manitou Rd,,Littleton,CO,80123,"GELMAN & NORBERG, LLC",Greenwood Village
20268226332,Breath Better Air Duct Cleaning LLC,2026-09-30,DLLC,Good Standing,CO,4464 Copeland Loop Unit 202,,Highlands Ranch,CO,80126,,Highlands Ranch
20268226352,5070 S Meade15 LLC,2026-09-30,DLLC,Good Standing,CO,5070 S Meade St,,Littleton,CO,80123,"GELMAN & NORBERG, LLC",Greenwood Village
20268226382,Big A Land Solutions LLC,2026-09-30,DLLC,Good Standing,CO,1580 N Logan St Ste 660 #219801,,Denver,CO,80203,"UNITED STATES CORPORATION AGENTS, INC.",Greenwood Village
20268226386,"Donors Capital Fund, Inc.",2026-09-30,FNC,Good Standing,MD,"1800 Diagonal Road, Suite 280",,Alexandria,VA,22314,Registered Agents Inc,Denver
20268226408,HOME AID URGENT GROUP INC.,2026-09-30,DPC,Good Standing,CO,200 Union Blvd Ste 200,,Lakewood,CO,80228,Registered Agents Inc,Denver
20268226412,Seven One Nine LLC,2026-09-30,DLLC,Good Standing,CO,1500 N Grant St Ste R,,Denver,CO,80203,Registered Agents Inc,Denver
20268226415,Summit Mobile Golf Colorado LLC,2026-09-30,DLLC,Good Standing,CO,1500 N Grant St Ste N,,Denver,CO,80203,Northwest Registered Agent LLC,Denver
20268226418,Hearthwise LLC,2026-09-30,DLLC,Good Standing,CO,1550 Oneida St,,Denver,CO,80220,,Denver
20268226475,The Kindred Cup LLC,2026-09-30,DLLC,Good Standing,CO,1500 N Grant St,Ste N,Denver,CO,80203,Northwest Registered Agent LLC,Denver
20268226479,"Vichu, LLC",2026-09-30,DLLC,Good Standing,CO,14197 Beebalm Loop,,Parker,CO,80134,,Parker
20268226483,Kare & Clean LLC,2026-09-30,DLLC,Good Standing,CO,4630 W Cedar Ave,,Denver,CO,80219,,Denver
20268226510,AvqDigital LLC,2026-09-30,DLLC,Good Standing,CO,11609 W 82nd Pl,,Arvada,CO,80005,,Arvada
20268226520,Norma Leticia Pro Cleaning Service LLC,2026-09-30,DLLC,Good Standing,CO,3268 E Rd Trlr 19,,Clifton,CO,81520,,clifton
20268226535,Dara Knot LLC,2026-09-30,DLLC,Good Standing,CO,14336 W Center Dr,,Lakewood,CO,80228,,Lakewood
20268226540,GYE NYAME LTD,2026-09-30,DPC,Good Standing,CO,662 N Quemoy St Unit 1205,,Aurora,CO,80018,,Aurora
20268226551,New Era Studios LLC,2026-09-30,DLLC,Good Standing,CO,11059 E Bethany dr,Suite 290,Aurora,CO,80011,,Aurora
20268226556,Colewell Tech America Inc,2026-09-30,DPC,Good Standing,CO,1500 N Grant St Ste R,,Denver,CO,80203,Registered Agents Inc,Denver
20268226577,Arsi Transport LLC,2026-09-30,DLLC,Good Standing,CO,20986 E 61st Ave,,Aurora,CO,80019,,Aurora
20268226587,Bite Me Twice Cookies LLC,2026-09-30,DLLC,Good Standing,CO,129 S Waterloo St,,Aurora,CO,80018,,Aurora
20268226591,Meira Labs LLC,2026-09-30,DLLC,Good Standing,CO,1750 30th St.,#499,Boulder,CO,80301,"Colin M. Holmes, LLC",Boulder
20268226606,EL Grito Lounge LLC,2026-09-30,DLLC,Good Standing,CO,1201 Court St.,,Pueblo,CO,81003,,Pueblo
20268226607,Old Hand & Young Gun Leather LLC,2026-09-30,DLLC,Good Standing,CO,12187 County Road 120,,Hesperus,CO,81326,,Hesperus
20268226616,Mitho Himalayan Grill L.L.C.,2026-09-30,DLLC,Good Standing,CO,4500 19th St Lot 462,,Boulder,CO,80304,,Boulder
20268226623,OZEVU GROUP LLC,2026-09-30,DLLC,Good Standing,CO,330 MEADOW RANCH RD,UNIT C-22,Snowmass Village,CO,81615,,Snowmass Village
20268226627,Yemi Transport LLC,2026-09-30,DLLC,Good Standing,CO,20986 E 61st Ave,,Aurora,CO,80019,,Aurora
20268226629,"Nathan Bush CPA, LLC",2026-09-30,DLLC,Good Standing,CO,155 Boardwalk Dr,Ste 250,Fort Collins,CO,80525,,Fort Collins
20268226669,758 Consulting LLC,2026-09-30,DLLC,Good Standing,CO,784 Placer Dr,,Fruita,CO,81521,,Fruita
20268226672,Peak S Ranch LLC,2026-09-30,DLLC,Good Standing,CO,27190 Private Road 139,,Agate,CO,80101,,Agate
20268226674,BD TRANSPORTATION LLC,2026-09-30,DLLC,Good Standing,CO,2300 S Rock Creek Pkwy Apt 5-203,,Superior,CO,80027,,Superior
20268226720,Nabors Marketing LLC,2026-09-30,DLLC,Good Standing,CO,19652 E Purdue Cir,,Aurora,CO,80013,,Aurora
20268226722,DG Pocket Coach LLC,2026-09-30,DLLC,Good Standing,CO,5215 Fox Hills Dr,,Fort Collins,CO,80526,,Fort Collins
20268226729,VERA TRANSPORT & LOGISTICS LLC,2026-09-30,DLLC,Good Standing,CO,6026 N Ceylon St Unit 3101,,Denver,CO,80249,,Denver
20268226747,LVZ Enterprises LLC,2026-09-30,DLLC,Good Standing,CO,3967 E Bijou St Apt 355,,Colorado Springs,CO,80909,,Colorado Springs
20268158970,"DC Murphy Equipment, LLC",2026-09-29,DLLC,Good Standing,CO,16055 Old Forest Pt Ste 301,,Monument,CO,80132,"Mason Law and Planning Group, LLC",Monument
20268168799,"303 Contracting, Inc.",2026-09-29,DPC,Good Standing,CO,9305 W Swarthmore Dr,,Littleton,CO,80123,Accurate Bookkeeping Corporation,Littleton
20268210888,"Sweet Pea ABA, LLC",2026-09-29,FLLC,Good Standing,FL,3781 Half Moon Drive,,Orlando,FL,32812,Rocky Mountain RA LLC,Denver
20268211354,"Tree of Life Formulations, LLC",2026-09-29,DLLC,Good Standing,CO,3876 County Road 5,,Divide,CO,80814,,Divide
20268215445,YASHAR MERCANTILE INC,2026-09-29,DPC,Good Standing,CO,"350 Terry St, Suite 200",,Longmont,CO,80501,Trusted Agency Inc.,Denver
20268215447,GRECO GLOBAL COMMERCE INC,2026-09-29,DPC,Good Standing,CO,"1079 S Hover St, Suite 200",,Longmont,CO,80501,Trusted Agency Inc.,Denver
20268215448,Grayscale Digital Technology Inc,2026-09-29,DPC,Good Standing,CO,1500 N GRANT ST STE R,,DENVER,CO,80203,Registered Agents Inc,Denver
20268215449,PureNest Home Care LLC,2026-09-29,DLLC,Good Standing,CO,19211 E Clear Creek Dr,,Parker,CO,80134,,Aurora
20268215451,SAMAN Trading Inc.,2026-09-29,DPC,Good Standing,CO,1500 N GRANT ST #12020,,DENVER,CO,80203,Registered Agents Inc,Denver
20268215453,Hope Technology Company,2026-09-29,DPC,Good Standing,CO,1500 N Grant St Ste R,,Denver,CO,80203,Registered Agents Inc,Denver
20268215457,Mars Technology Company,2026-09-29,DPC,Good Standing,CO,1500 N Grant St Ste R,,Denver,CO,80203,Registered Agents Inc,Denver
20268215458,HORMES GLOBAL TRADING INC,2026-09-29,DPC,Good Standing,CO,"357 S McCaslin Blvd, Suite 200",,Louisville,CO,80027,Trusted Agency Inc.,Denver
20268215463,BARBER MERCANTILE INC,2026-09-29,DPC,Good Standing,CO,"11990 Grant St, Suite 550",,Northglenn,CO,80233,Trusted Agency Inc.,Denver
20268215464,Lunavera Leafpress Inc,2026-09-29,DPC,Good Standing,CO,265 Dillon Ridge Rd,,Dillon,CO,80435,Registered Agents Inc,Denver
20268215467,SLYNEX INC,2026-09-29,DPC,Good Standing,CO,1670 Broadway,,Denver,CO,80202,Global Accounting service inc.,Aurora
20268215485,4U VIP LOGO PROMO INC,2026-09-29,DPC,Good Standing,CO,8787 Turnpike Dr Suite 240,,Westminster,CO,80031,Registered Agents Inc,Denver
20268215488,Adaptive Morph Material Systems Inc.,2026-09-29,DPC,Good Standing,CO,1521 Blake St Ste 47009,,Denver,CO,80202,Fong Sam International accounting firms,Denver
20268215490,SourceFoshan Inc,2026-09-29,DPC,Good Standing,CO,18121 E Hampden Ave Unit C #1267,,Aurora,CO,80013,Global Accounting service inc.,Aurora
20268215493,Strawberry Safe LLC,2026-09-29,DLLC,Good Standing,CO,1500 N Grant St,Ste N,Denver,CO,80203,Northwest Registered Agent LLC,Denver
20268215500,Xsave LLC,2026-09-29,DLLC,Good Standing,CO,1500 N Grant St,Ste N,Denver,CO,80203,Northwest Registered Agent LLC,Denver
20268215503,UNHICONIX LLC,2026-09-29,DLLC,Good Standing,CO,1500 N Grant St,#5287,Denver,CO,80203,Northwest Registered Agent LLC,Denver
20268215514,Mister Lee Studio Inc,2026-09-29,DPC,Good Standing,CO,1500 N GRANT ST STE R,,DENVER,CO,80203,Registered Agents Inc,Denver
20268215526,XIAO VARENI LLC,2026-09-29,DLLC,Good Standing,CO,2821 S PARKER RD STE 625,,AURORA,CO,80014,Coykzxouy Inc,Englewood
20268215529,Amanda Blackwell Enterprises LLC,2026-09-29,DLLC,Good Standing,CO,1214 Macdougal Ct,,Dacono,CO,80514,,Boulder
20268215557,Collective Designs LLC,2026-09-29,DLLC,Good Standing,CO,7137 S Ulster St,,Centennial,CO,80112,Northwest Registered Agent LLC,Denver
20268215586,CBH Consulting Group LLC,2026-09-29,DLLC,Good Standing,CO,149 North Main Street,,Monticello,WI,53570,ZenBusiness Inc.,Denver
20268215591,LINTAOZNMJ LLC,2026-09-29,DLLC,Good Standing,CO,5705 N Garfield Ave A120,,Loveland,CO,80538,ALIKGARG LLC,ELIZABETH
20268215606,"Watkins Properties, LLC",2026-09-29,DLLC,Good Standing,CO,6402 Foothills View Pl,,Fort Collins,CO,80528,,Fort Collins
20268215655,Daelin Cache LLC,2026-09-29,DLLC,Good Standing,CO,147 E 74TH ST,,LOS ANGELES,CA,90003,Nexora Games LLC,Denver
20268215666,ClearCycle solutions LLC,2026-09-29,DLLC,Good Standing,CO,1500 N GRANT ST 7615,,DENVER,CO,80203,Chabriet Consulting LLC,Miami
20268215675,SwiftClaim solutions LLC,2026-09-29,DLLC,Good Standing,CO,1500 N GRANT ST 11179,,DENVER,CO,80203,Chabriet Consulting LLC,Miami
20268215680,2053 Broadway LLC,2026-09-29,DLLC,Good Standing,CO,1309 Coffeen Ave STE 1200,,Sheridan,WY,82801,Registered Agents Inc,Denver
20268215701,"JK Cards & Collectibles, LLC",2026-09-29,DLLC,Good Standing,CO,4101 E Louisiana Ave Apt 302,,Denver,CO,80246,,Colorado Springs
20268215800,Pixel Frost Labs LLC,2026-09-29,DLLC,Good Standing,CO,"1500 N GRANT ST, STE C,",,Denver,CO,80203,CGSAG MANAGEMENT LTD,"Denver,"
20268215801,"Traction Ag, Inc.",2026-09-29,FPC,Good Standing,DE,106 W 12th St,,Auburn,IN,46706,Registered Agents Inc,Denver
20268215805,Tax Tactics LLC,2026-09-29,DLLC,Good Standing,CO,1858 Hogan Ct,,Castle Rock,CO,80109,,Castle Rock
20268215822,"REPS Fitness, LLC",2026-09-29,DLLC,Good Standing,CO,1500 N Grant St,Ste R,Denver,CO,80203,Registered Agents Inc,Denver
20268215830,Antarvita LLC,2026-09-29,DLLC,Good Standing,CO,1001 East 62nd Avenue apt 2122,,Denver,CO,80216,,Denver
20268215840,"Collective Community Land Trust, LLC",2026-09-29,DLLC,Good Standing,CO,3730 Sinton Rd Ste 100,,Colorado Springs,CO,80907,"PIKES PEAK HABITAT FOR HUMANITY, INC.",Colorado Springs
20268215857,SPARKFLOW DIGITAL INC,2026-09-29,DPC,Good Standing,CO,110 16th Street Suite 1460,,Denver,CO,80202,Rocky Mountain RA LLC,Denver
20268215863,CASHSIKO LLC,2026-09-29,DLLC,Good Standing,CO,7850 Shaffer Pkwy,,Littleton,CO,80127,FavorSola LLC,Fruita
20268215899,Elevate Training & Consulting LLC,2026-09-29,DLLC,Good Standing,CO,360 Canvas Ridge Ave Unit C,,Castle Rock,CO,80104,,Castle Rock
20268215911,SOConsulting LLC,2026-09-29,DLLC,Good Standing,CO,360 S Monroe St Apt 211,,Denver,CO,80209,,Denver
20268215913,"Barr Realty Group, LLC",2026-09-29,DLLC,Good Standing,CO,61015 Highway 50,,Montrose,CO,81401,,Montrose
20268215929,719 EPOXY CO. LLC,2026-09-29,DLLC,Good Standing,CO,6444 Morning Dove Dr,,Colorado Springs,CO,80923,REPUBLIC REGISTERED AGENT LLC,Colorado Springs
20268215948,Winland Preservation Group LLC,2026-09-29,DLLC,Good Standing,CO,5934 S Logan St,,Centennial,CO,80121,,Centennial
20268215951,OCD Organized Chaos Department LLC,2026-09-29,DLLC,Good Standing,CO,5441 S Federal Cir Apt C108,,Littleton,CO,80123,,Littleton
20268215953,Barbed & Branded CO LLC,2026-09-29,DLLC,Good Standing,CO,9524 Berrey Ln,,Colorado Springs,CO,80925,,Colorado Springs
20268215966,"Look East Investments, LLC",2026-09-29,DLLC,Good Standing,CO,59301 E Chenago Pl,,Strasburg,CO,80136,,Strasburg
20268215973,Tyco Technology GmbH,2026-09-29,FLLC,Good Standing,Switzerland,Victor-von-Bruns Strasse 21,,Neuhausen am Rheinfall,OT,8212,C T CORPORATION SYSTEM,Centennial
20268215988,Aspen Haven Home Care L.L.C.,2026-09-29,DLLC,Good Standing,CO,4410 Laven Way,,Colorado Springs,CO,80920,,Colorado Springs
20268215990,ECPM LLC,2026-09-29,FLLC,Good Standing,NY,"c/o Cohen and Frankel, LLP",420 Lexington Avenue #2731,New York,NY,10170,CORPORATION SERVICE COMPANY,Littleton
20268216009,GKE Holdings LLC,2026-09-29,DLLC,Good Standing,CO,8280 W Louisiana Ave,,Lakewood,CO,80232,,Littleton
20268216012,RapidFilings LLC,2026-09-29,DLLC,Good Standing,CO,1919 14th Street,FAO RapidFilings LLC,Boulder,CO,80302,"INCORP SERVICES, INC.",DENVER
20268216015,TD Property Care LLC,2026-09-29,DLLC,Good Standing,CO,7930 W Harvard Pl,,Lakewood,CO,80227,,Lakewood
20268216021,J&J Printing LLC,2026-09-29,DLLC,Good Standing,CO,151 W Egbert St Apt 201,,Brighton,CO,80601,Northwest Registered Agent LLC,Denver
20268216038,Sav-Rx Prescription Services LLC,2026-09-29,FLLC,Good Standing,NE,10181 Scripps Gateway Court,,San Diego,CA,92131,C T CORPORATION SYSTEM,Centennial
20268216046,Nexalume Technologies LLC,2026-09-29,DLLC,Good Standing,CO,1500 N Grant St,Ste N,Denver,CO,80203,Northwest Registered Agent LLC,Denver
20268216047,"Sunshine Therapies, LLC",2026-09-29,FLLC,Good Standing,VA,9543 Hunt Square Court,,Springfield,VA,22153,,Arvada
20268216048,Distorted Dream Devices LLC,2026-09-29,DLLC,Good Standing,CO,1244 Mariposa Street,,Denver,CO,80204,ZenBusiness Inc.,Denver
20268216096,"SPOTNANA TECHNOLOGY, INC.",2026-09-29,FPC,Good Standing,DE,"115 Broadway, Floor 5",,New York,NY,10006,C T CORPORATION SYSTEM,Centennial
20268216099,AVERMONT VENTURES LLC,2026-09-29,DLLC,Good Standing,CO,6635 S DAYTON ST STE 310 #418,,GREENWOOD VILLAGE,CO,80111,BOUNDLESS VISTA HOLDINGS LLC,GREENWOOD VILLAGE
20268216102,Ewefouria LLC,2026-09-29,DLLC,Good Standing,CO,1313 Mayfly Dr,,Montrose,CO,81401,,Montrose
20268216109,PACT Soccer Training LLC,2026-09-29,DLLC,Good Standing,CO,9892 Argonne Street,,Commerce City,CO,80022,ZenBusiness Inc.,Denver
20268216120,Colorado Welding LLC,2026-09-29,DLLC,Good Standing,CO,5315 Vasquez Boulevard,,Commerce City,CO,80022,ZenBusiness Inc.,Denver
20268216124,"West Metro Physical Therapy, LLC",2026-09-29,DLLC,Good Standing,CO,5588 S Van Gordon St,,Littleton,CO,80127,,Littleton
20268216137,Kestrel Legal Support Operations LLC,2026-09-29,DLLC,Good Standing,CO,1500 N Grant St,Ste N,Denver,CO,80203,Northwest Registered Agent LLC,Denver
20268216154,"Go-fer Junior Golf, Inc.",2026-09-29,DNC,Good Standing,CO,560 Colorado Ave,,Grand Junction,CO,81501,"Hoskin, Farina & Kampf, Professional Corporation",GRAND JUNCTION
20268216173,JMTL Holdings LLC,2026-09-29,DLLC,Good Standing,CO,5255 W Princeton Dr,,Denver,CO,80235,,Denver
20268216180,"The Hired Pen, L.L.C.",2026-09-29,DLLC,Good Standing,CO,2830 Orion Dr,,Colorado Springs,CO,80906,,Colorado Springs
20268216183,991 Bobcat Lane LLC,2026-09-29,DLLC,Good Standing,CO,991 Bobcat Lane,,Fairplay,CO,80440,ZenBusiness Inc.,Denver
20268216184,JING DUMPLING LLC,2026-09-29,DLLC,Good Standing,CO,230 S College Ave,,Fort Collins,CO,80524,,Windsor
20268216188,"6390 Gardenia Properties, LLC",2026-09-29,DLLC,Good Standing,CO,6390 Gardenia Street,,Arvada,CO,80004,,Arvada
20268216199,Toro Taxes Cherry Creek LLC,2026-09-29,DLLC,Good Standing,CO,1873 S Bellaire St Ste 210,,Denver,CO,80222,,Denver
20268216202,HCAP INC,2026-09-29,DPC,Good Standing,CO,1500 N Grant St Ste R,,Denver,CO,80203,Registered Agents Inc,Denver
20268216216,The Children's Mercy Hospital,2026-09-29,FNC,Good Standing,MO,2401 Gillham Rd,,Kansas City,MO,64108,Registered Agents Inc,Denver
20268216220,Kinship Canine LLC,2026-09-29,DLLC,Good Standing,CO,817 W Kiowa St,,Colorado Springs,CO,80905,,Colorado Springs
20268216227,T&W Landscape and Odd Jobs Llc.,2026-09-29,DLLC,Good Standing,CO,2711 Freedom Ave,,Pueblo,CO,81003,,Pueblo
20268216244,Better Together Life Skills LLC,2026-09-29,DLLC,Good Standing,CO,1924 Tyler Ave,,Longmont,CO,80501,,Longmont
20268216255,"Sandhu Holdings-S, LLC",2026-09-29,DLLC,Good Standing,CO,7025 S Espana Way,,Aurora,CO,80016,,Aurora
20268216262,AT Creative studio LLC,2026-09-29,DLLC,Good Standing,CO,951 20th St #180,,Denver,CO,80202,"LegalCorp Solutions, LLC",Denver
20268216267,BEP VENTURES LLC,2026-09-29,DLLC,Good Standing,CO,650 Silver Rock Trl,,Castle Rock,CO,80104,,Castle Rock
20268216272,"Missionwright, LLC.",2026-09-29,DLLC,Good Standing,CO,3920 Patrick Dr Apt 34,,Colorado Springs,CO,80916,,Colorado Springs
20268216279,Vaz-Mal Home Solutions LLC,2026-09-29,DLLC,Good Standing,CO,1346 Wilkerson Way,,Longmont,CO,80504,,Longmont
20268216280,"Starbloom Therapy, LLC",2026-09-29,DLLC,Good Standing,CO,10589 Winterflower Way,,Parker,CO,80134,,Parker
20268216293,Woolley Meeting Management LLC,2026-09-29,DLLC,Good Standing,CO,10138 Nickolas Ave,,Highlands Ranch,CO,80130,,Highlands Ranch
20268216296,Freedom Firm USA,2026-09-29,FNC,Good Standing,MN,214 Cherry St,,Galax,VA,24333,,Denver
20268216301,Ryan Heidel LLC,2026-09-29,DLLC,Good Standing,CO,750 Tabor St Apt 81,,Lakewood,CO,80401,,Lakewood
20268216311,"D&K Transportation LLC, Dissolved October 2, 2026",2026-09-29,DLLC,Voluntarily Dissolved,CO,1151 Morning Side Drive,,Erie,CO,80516,,Erie
20268216312,Clearview Registered Agents LLC,2026-09-29,DLLC,Good Standing,CO,1512 Curtis Street,Ste 200,Denver,CO,80202,"INCORP SERVICES, INC.",DENVER
20268216327,"Offally Good Meat Co., LLC",2026-09-29,FLLC,Good Standing,MO,18501 County Road 27,,Sterling,CO,80751,Anderson Boneless Beef Holdings LLC,Denver
20268216353,Ghost Property & Equipment Services LLC,2026-09-29,DLLC,Good Standing,CO,1580 N Logan St Ste 660 #841020,,Denver,CO,80203,"UNITED STATES CORPORATION AGENTS, INC.",Greenwood Village
20268216373,"MWCLF Terracina, LLC",2026-09-29,FLLC,Good Standing,DE,11755 Wilshire Blvd,Suite 2100,Los Angeles,CA,90025,C T CORPORATION SYSTEM,Centennial
20268216390,BRIGHTVALE COMMERCE LLC,2026-09-29,DLLC,Good Standing,CO,6635 S DAYTON ST STE 310 #449,,GREENWOOD VILLAGE,CO,80111,AVERMONT VENTURES LLC,GREENWOOD VILLAGE
20268216391,Fadeline Barber LLC,2026-09-29,DLLC,Good Standing,CO,101 Eagle Rd,Building 6,Avon,CO,81620,,Avon
20268216396,Theracell Institute,2026-09-29,DNC,Good Standing,CO,36 Bear Dr,,Evergreen,CO,80439,,Evergreen
20268216411,LANSDOWNEPAYMENTS LTD.,2026-09-29,DLLC,Good Standing,CO,1675 Broadway,,Denver,CO,80202,Colorado Official Registered Agent LLC,Denver
20268216420,"Coyote Power Hub, LLC",2026-09-29,DLLC,Good Standing,CO,125 Mercado St Ste 201,,Durango,CO,81301,,Durango
20268216423,hdhebfs LLC CO,2026-09-29,DLLC,Good Standing,CO,703 Lochnell Dr,,Houston,TX,77062,PERFECT FIGURE LLC,Denver
20268216424,"Sandhu Holdings-P, LLC",2026-09-29,DLLC,Good Standing,CO,7025 S Espana Way,,Aurora,CO,80016,,Aurora
20268216431,MGI Land & Development LLC,2026-09-29,DLLC,Good Standing,CO,3650 Uinta St Unit 110,,Denver,CO,80238,Mirdock holdings llc,Denver
20268216440,Merrick Professional Services LLC,2026-09-29,DLLC,Good Standing,CO,407 S Tejon St Ste J,,Colorado Springs,CO,80903,,Colorado Springs
20268216441,sfsbaa LLC CO,2026-09-29,DLLC,Good Standing,CO,703 Lochnell Dr,,Houston,TX,77062,PERFECT FIGURE LLC,Denver
20268216451,"Navyr Transportation, LLC",2026-09-29,DLLC,Good Standing,CO,6105 S Main St Ste 200,,Aurora,CO,80016,,Aurora
20268216461,"Coyote Power Station, LLC",2026-09-29,DLLC,Good Standing,CO,125 Mercado St Ste 201,,Durango,CO,81301,,Durango
20268216495,Ginger Alley LLC,2026-09-29,DLLC,Good Standing,CO,10270 Commonwealth St 4330,,Lone Tree,CO,80124,Rocket Lawyer Corporate Services LLC,Denver
20268216513,"EASE 303 Holdings, LLC",2026-09-29,DLLC,Good Standing,CO,8717 Garrison Ct,,Arvada,CO,80005,,Arvada
20268216520,COZY TRIO LLC,2026-09-29,DLLC,Good Standing,CO,2810 E College Ave Unit 3,,Boulder,CO,80303,,Boulder
20268216536,"Law Office of Charles Watkins, LLC",2026-09-29,DLLC,Good Standing,CO,13 Cherrymoor Dr,,Englewood,CO,80113,,Englewood
20268216545,RC Electric - C and E Electrical LLC,2026-09-29,DLLC,Good Standing,CO,6448 W Lakeside Ct,,Littleton,CO,80125,SimpleBiz Registered Agent Services LLC,Boulder
20268216547,"Go Gold Holdings, LLC",2026-09-29,DLLC,Good Standing,CO,2027 Broadway,Suite E1,Boulder,CO,80302,,Boulder
20268216552,RJSH Consulting LLC,2026-09-29,DLLC,Good Standing,CO,11126 Bella Vita Dr,,Broomfield,CO,80020,,Broomfield
20268216563,"Alt Technology, LLC",2026-09-29,DLLC,Good Standing,CO,525 Communication Cir,,Colorado Springs,CO,80905,"CLG Colorado Springs, PLLC",Colorado Springs
20268216570,Ro's Banging Burritos LLC,2026-09-29,DLLC,Good Standing,CO,3270 Ivy St,,Denver,CO,80207,,Denver
20268216573,Thetasoft LLC,2026-09-29,FLLC,Good Standing,WA,2068 Cutting Horse Drive,,Fort Collins,CO,80525,Northwest Registered Agent LLC,Denver
20268216587,J&A Cleaning and Staffing LLC,2026-09-29,DLLC,Good Standing,CO,2990 W C St Unit 63205,,Greeley,CO,80631,,Greeley
20268216591,Badger's Bay LLC,2026-09-29,DLLC,Good Standing,CO,10923 E 28th Pl,,Denver,CO,80238,,Denver
20268216596,Mile High Property Ventures LLC,2026-09-29,DLLC,Good Standing,CO,1500 N Grant St Ste R,,Denver,CO,80203,Registered Agents Inc,Denver
20268216617,MileHigh Consulting LLC,2026-09-29,DLLC,Good Standing,CO,445 Twin Peaks Dr,,Twin Lakes,CO,81251,,Twin Lakes
20268216626,Spec-3 Construction LLC,2026-09-29,DLLC,Good Standing,CO,11169 W Tennessee Ct,,Lakewood,CO,80226,,Lakewood
20268216631,PORCH PERFECT LLC,2026-09-29,DLLC,Good Standing,CO,634 Orion Ct,,Clifton,CO,81520,SimpleBiz Registered Agent Services LLC,Boulder
20268216633,Surrender To The Flow LLC,2026-09-29,DLLC,Good Standing,CO,5444 Westridge Dr,,Boulder,CO,80301,,Boulder
20268216638,Nichols Asset Recovery LLC,2026-09-29,DLLC,Good Standing,CO,7690 Summer Wood Vw Unit 210,,Fountain,CO,80817,,Fountain
20268216643,PINKALL GOODS LLC,2026-09-29,DLLC,Good Standing,CO,1505 S Birch St,,Denver,CO,80222,Northwest Registered Agent LLC,Denver
20268216656,"Rent Huddle, LLC",2026-09-29,DLLC,Good Standing,CO,9413 Lark Sparrow Dr,,Highlands Ranch,CO,80126,,Highlands Ranch
20268216657,Hyman Integrative Therapies LLC,2026-09-29,FLLC,Good Standing,MA,1500 N Grant St,Ste R,Denver,CO,80203,Registered Agents Inc,Denver
20268216664,"JERALDHATTEN, INC.",2026-09-29,DPC,Good Standing,CO,718 E 23Rd St,,Loveland,CO,80538,"CORPORATE SERVICE CENTER, INC.",Denver
20268216674,Imua LLC,2026-09-29,DLLC,Good Standing,CO,1500 N Grant St Ste R,,Denver,CO,80203,Registered Agents Inc,Denver
20268216695,WALL CLOUD PRESS LLC,2026-09-29,DLLC,Good Standing,CO,842 W Kettle Ave,,Littleton,CO,80120,SimpleBiz Registered Agent Services LLC,Boulder
20268216699,Alexander & Daughters LLC,2026-09-29,DLLC,Good Standing,CO,1560 Market Street,Unit 1002,Denver,CO,80202,,Denver
20268216701,IOedu Inc.,2026-09-29,DNC,Good Standing,CO,1847 S Reed Ct,,Lakewood,CO,80232,Rocky Mountain RA LLC,Denver
20268216709,Yellow Rose Transport Inc,2026-09-29,DPC,Good Standing,CO,2017 S Hannibal St Apt D,,Aurora,CO,80013,,Aurora
20268216730,OUTKEEP LLC,2026-09-29,DLLC,Good Standing,CO,12080 E Maple Ave,,Aurora,CO,80012,SimpleBiz Registered Agent Services LLC,Boulder
20268216732,MOUNTAIN WINDS CO LLC,2026-09-29,DLLC,Good Standing,CO,17353 E Cranesbill St,,Parker,CO,80134,,Parker
20268216743,Evergreen Logistics Company LLC,2026-09-29,DLLC,Good Standing,CO,490 Cobble Dr,,Montrose,CO,81403,,Montrose
20268216779,Duke Silver Music LLC,2026-09-29,DLLC,Good Standing,CO,4884 Denys Dr,,Timnath,CO,80547,,Timnath
20268216784,"Vega Consulting Group, LLC",2026-09-29,DLLC,Good Standing,CO,5740 Everett St,,Arvada,CO,80002,,Arvada
20268216785,"Katey Rae, LLC",2026-09-29,DLLC,Good Standing,CO,425 N Picadilly Rd Unit 207,,Aurora,CO,80018,,Aurora
20268216790,Morrison Renovations LLC,2026-09-29,FLLC,Good Standing,CT,1500 N Grant St,Ste N,Denver,CO,80203,Northwest Registered Agent LLC,Denver
20268216802,WESTERN HOMES LLC,2026-09-29,DLLC,Good Standing,CO,8934 S Field Ct,,Littleton,CO,80128,SimpleBiz Registered Agent Services LLC,Boulder
20268216803,SanCristos GWC LLC,2026-09-29,DLLC,Good Standing,CO,22719 Schiel Rd Ste 105,,Cypress,TX,77433,"UNITED STATES CORPORATION AGENTS, INC.",Greenwood Village
20268216817,Bittersweet & Bold LLC,2026-09-29,DLLC,Good Standing,CO,5726 Fallen Branch Dr,,Fort Collins,CO,80528,,Fort Collins
20268216836,The Engraving Laser LLC,2026-09-29,DLLC,Good Standing,CO,1500 N Grant St,Ste N,Denver,CO,80203,Northwest Registered Agent LLC,Denver
20268216845,VV INTERIOR RESTORATION LLC,2026-09-29,DLLC,Good Standing,CO,21001 E 60th Ave,,Aurora,CO,80019,,Aurora
20268216858,SAMAGS HOME RESIDENTIAL CARE LLC,2026-09-29,DLLC,Good Standing,CO,736 Squire St,,Colorado Springs,CO,80911,SimpleBiz Registered Agent Services LLC,Boulder
20268216871,AVreconstruction LLc,2026-09-29,DLLC,Good Standing,CO,6174 Field St,,Arvada,CO,80004,,Arvada
20268216874,ForgeLode LLC,2026-09-29,DLLC,Good Standing,CO,11955 Spring Dr,,Northglenn,CO,80233,,Northglenn
20268216884,SonderCraft LLC,2026-09-29,DLLC,Good Standing,CO,3109 S Bannock St,,Englewood,CO,80110,,Englewood
20268216885,"RAL Properties, LLC",2026-09-29,DLLC,Good Standing,CO,965 Rambling Oak Dr,,Monument,CO,80132,,Monument
20268216888,TACOS BENY #2 LLC,2026-09-29,DLLC,Good Standing,CO,1599 W COUNTY RD #5,,BERTHUD,CO,80513,,BERTHUD
20268216896,COL0101 LLC,2026-09-29,FLLC,Good Standing,DE,1601 Wewatta St Ste 700,,Denver,CO,80202,"Vcorp Agent Services, Inc.",Centennial
20268216900,TWINDOGMEDIA PUBLISHING LLC,2026-09-29,DLLC,Good Standing,CO,351 Irvington Ct,,Colorado Springs,CO,80906,SimpleBiz Registered Agent Services LLC,Boulder
20268216928,PointSpec LLC,2026-09-29,DLLC,Good Standing,CO,464 8TH ST,,Steamboat Springs,CO,80487,,Steamboat Springs
20268216930,Ducky Properties llc,2026-09-29,DLLC,Good Standing,CO,2520 S Acoma St,,Denver,CO,80223,,Denver
20268216939,GOOD BRIDGE COLLECTIVE LLC,2026-09-29,DLLC,Good Standing,CO,3800 Dahlia Ct,,Fort Collins,CO,80526,SimpleBiz Registered Agent Services LLC,Boulder
20268216950,Love Locket Boutique LLC,2026-09-29,DLLC,Good Standing,CO,2430 Santa Fe Dr,,Pueblo,CO,81006,,Pueblo
20268216951,COD0027 LLC,2026-09-29,FLLC,Good Standing,DE,1601 Wewatta St Ste 700,,Denver,CO,80202,"Vcorp Agent Services, Inc.",Centennial
20268216958,Eagle Locates LLC,2026-09-29,DLLC,Good Standing,CO,602 Silverspur Trl,,Wolcott,CO,81655,,Wolcott
20268216977,COD0018 LLC,2026-09-29,FLLC,Good Standing,DE,1601 Wewatta St Ste 700,,Denver,CO,80202,"Vcorp Agent Services, Inc.",Centennial
20268216992,SHOTSOLD LLC,2026-09-29,DLLC,Good Standing,CO,5458 Glendale Gulch Cir,,Boulder,CO,80301,SimpleBiz Registered Agent Services LLC,Boulder
20268217017,Roaring Fork Lacrosse Club Swarm,2026-09-29,DNC,Good Standing,CO,57 Riversedge Ct,,Basalt,CO,81621,,Basalt
20268217023,COD0017 LLC,2026-09-29,FLLC,Good Standing,DE,1601 Wewatta St Ste 700,,Denver,CO,80202,"Vcorp Agent Services, Inc.",Centennial
20268217042,Anchored mind LLC,2026-09-29,DLLC,Good Standing,CO,26176 E Byers Pl,,Aurora,CO,80018,,Aurora
20268217045,O'Hagan Enterprises LLC,2026-09-29,DLLC,Good Standing,CO,3270 Basalt Ct,,Superior,CO,80027,,Superior
20268217054,Sabal & Stone Ventures LLC,2026-09-29,DLLC,Good Standing,CO,3330 Templeton Gap Rd Unit 70,,Colorado Springs,CO,80907,,Colorado Springs
20268217058,"Hunden Strategic Partners, Inc.",2026-09-29,FPC,Good Standing,IN,213 W Institute Pl Ste 707,,Chicago,IL,60610,Northwest Registered Agent LLC,Denver
20268217069,COL0111 LLC,2026-09-29,FLLC,Good Standing,DE,1601 Wewatta St Ste 700,,Denver,CO,80202,"Vcorp Agent Services, Inc.",Centennial
20268217094,ASPEN & ECHO LLC,2026-09-29,DLLC,Good Standing,CO,5328 Mount Cutler Ct,,Colorado Springs,CO,80924,SimpleBiz Registered Agent Services LLC,Boulder
20268217100,COD0001 LLC,2026-09-29,FLLC,Good Standing,DE,1601 Wewatta St Ste 700,,Denver,CO,80202,"Vcorp Agent Services, Inc.",Centennial
20268217109,"Provident Property Holdings, LLC",2026-09-29,FLLC,Good Standing,WI,500 N. First Street,Suite 8000,Wausau,WI,54403,C T CORPORATION SYSTEM,Centennial
20268217137,"Seiler Instrument and Manufacturing Company, Incorporated",2026-09-29,DPC,Good Standing,CO,3433 Tree Court Industrial Blvd,,Saint Louis,MO,63122,Registered Agents Inc,Denver
20268217143,Beyond A to Z Holdings Inc,2026-09-29,DPC,Good Standing,CO,15732 E Copper Creek Ln,,Parker,CO,80134,,Parker
20268217155,Salissou express LLC,2026-09-29,DLLC,Good Standing,CO,927 S Ivory Cir Apt E,,Aurora,CO,80017,,Aurora
20268217161,"Helping Protect You, Inc.",2026-09-29,DPC,Good Standing,CO,16932 W 85th Pl,,Arvada,CO,80007,,Arvada
20268217172,SUBURBAN SPORTS CARDS LLC,2026-09-29,DLLC,Good Standing,CO,3050 E 98th Ave,,Thornton,CO,80229,SimpleBiz Registered Agent Services LLC,Boulder
20268217185,Boulder Aesthetic Surgery Center LLC,2026-09-29,DLLC,Good Standing,CO,3107 Iris Avenue,Ste 200,Boulder,CO,80301,,Boulder
20268217195,Common Ground Marketing LLC,2026-09-29,DLLC,Good Standing,CO,322 E Vermijo Ave Unit 413,,Colorado Springs,CO,80903,,Colorado Springs
20268217199,Property Management Systems LLC,2026-09-29,DLLC,Good Standing,CO,995 Hooker St,,Denver,CO,80204,,Denver
20268217219,Wilson Family Land LLC,2026-09-29,DLLC,Good Standing,CO,8781 North Sheridan Boulevard,6015,Westminster,CO,80003,Registered Agents Inc,Denver
20268217226,A LITTLE NUTTY NOTARY SERVICES LLC,2026-09-29,DLLC,Good Standing,CO,2540 W 31st St,,Pueblo,CO,81008,SimpleBiz Registered Agent Services LLC,Boulder
20268217227,Matos Collectibles LLC,2026-09-29,DLLC,Good Standing,CO,267 29 Rd,,Grand Junction,CO,81503,Bennett Capital LLC,Grand Junction
20268217238,"Lichtenberger, LLC",2026-09-29,DLLC,Good Standing,CO,193 Peabody St,,Castle Rock,CO,80104,,Castle Rock
20268217242,"Reclaim to Sustain, LLC",2026-09-29,DLLC,Good Standing,CO,8719 Jay Ct,,Arvada,CO,80003,,Arvada
20268217247,"Epalesco Consulting, LLC",2026-09-29,DLLC,Good Standing,CO,2868 Road 77,,Potter,NE,69156,,Littleton
20268217262,HECTOR LUNA LLC,2026-09-29,DLLC,Good Standing,CO,7069 Alegre Cir,,Fountain,CO,80817,SimpleBiz Registered Agent Services LLC,Boulder
20268217296,LOGOS PRINTS LLC,2026-09-29,DLLC,Good Standing,CO,1311 W alameda ave suite b,,Denver,CO,80223,,Thornton
20268217317,PRIME AUTO SPA LLC,2026-09-29,DLLC,Good Standing,CO,1151 W Ida Ave Apt 305,,Littleton,CO,80120,SimpleBiz Registered Agent Services LLC,Boulder
20268217322,"TheWildTrue, LLC",2026-09-29,DLLC,Good Standing,CO,3979 E Arapahoe Rd Ste 200,,Centennial,CO,80122,,Centennial
20268217328,aFit Staffing Inc.,2026-09-29,FPC,Good Standing,IN,150 W Market Street,Ste 715,Indianapolis,IN,46204,C T CORPORATION SYSTEM,Centennial
20268217333,A. Fisher Group LLC,2026-09-29,DLLC,Good Standing,CO,11454 Palmers Green Dr,,Peyton,CO,80831,,Peyton
20268217350,MAGPIE AND TWIG LLC,2026-09-29,DLLC,Good Standing,CO,16416 E Powers Pl,,Centennial,CO,80015,SimpleBiz Registered Agent Services LLC,Boulder
20268217359,PC Sweets LLC,2026-09-29,DLLC,Good Standing,CO,23100 Milford Ln,,Parker,CO,80138,,Parker
20268217362,Schindler Elevator Corp,2026-09-29,DPC,Good Standing,CO,5800 Tower Rd Apt 602,,Denver,CO,80249,,Denver
20268217373,TD PROCESS LLC,2026-09-29,DLLC,Good Standing,CO,1475 Normandy Rd,,Golden,CO,80401,SimpleBiz Registered Agent Services LLC,Boulder
20268217377,"Rooted Communication, LLC",2026-09-29,DLLC,Good Standing,CO,3950 John F Kennedy Pkwy Unit 8A,,Fort Collins,CO,80525,,Fort Collins
20268217400,MAKING MUSICIANS IN BOULDER VALLEY LLC,2026-09-29,DLLC,Good Standing,CO,600 Emerald St,,Broomfield,CO,80020,SimpleBiz Registered Agent Services LLC,Boulder
20268217402,South Platte Systems LLC,2026-09-29,DLLC,Good Standing,CO,156 Pinon Rd,,Bailey,CO,80421,,Bailey
20268217411,3015 Campaign Center Ltd.,2026-09-29,DLLC,Good Standing,CO,"1410 N. Grant St., Ste. B205",,Denver,CO,80203,,Denver
20268217422,"ClinXec, LLC",2026-09-29,DLLC,Good Standing,CO,122 Gilbert St.,,Castle Rock,CO,80104,,Castle Rock
20268217423,BRISCRD LLC,2026-09-29,DLLC,Good Standing,CO,19354 E 41st Ave,,Denver,CO,80249,SimpleBiz Registered Agent Services LLC,Boulder
20268217436,"Keadle Ranch, LLC",2026-09-29,DLLC,Good Standing,CO,38050 County Road 53,,Eaton,CO,80615,,Eaton
20268217440,"Michael Bingham, M.D., Inc.",2026-09-29,FCOOP,Good Standing,CA,24208 paloma ct,,valencia,CA,91354,Registered Agents Inc,Denver
20268217443,J LYNN STAYS LLC,2026-09-29,DLLC,Good Standing,CO,7000 Zuni St,,Denver,CO,80221,SimpleBiz Registered Agent Services LLC,Boulder
20268217446,"Terra Firma Ad Astra, LLC",2026-09-29,DLLC,Good Standing,CO,25902 E. View Drive,,Aguilar,CO,81020,"Christopher B. Wyrick & Associates, LLC",Fort Collins
20268217460,Croasdell Insurance & Financial Services LLC,2026-09-29,DLLC,Good Standing,CO,361 Ellendale St,,Castle Rock,CO,80104,"TMTY, LLC",Colorado Springs
20268217463,O'Cuilinn Enterprise LLC,2026-09-29,DLLC,Good Standing,CO,3175 East fountain Blvd. Apt.207C,,Colorado springs,CO,80910,,Colorado springs
20268217468,Peterman Home Solutions LLC,2026-09-29,DLLC,Good Standing,CO,14997 Munich Ave,,Parker,CO,80134,,Parker
20268217469,"VLO Equity & Policy Strategies, LLC",2026-09-29,DLLC,Good Standing,CO,2901 N Monaco Street Pkwy,,Denver,CO,80207,Northwest Registered Agent LLC,Denver
20268217472,RBL SOLUTIONS LLC,2026-09-29,DLLC,Good Standing,CO,660 Avena Dr,,Elizabeth,CO,80107,SimpleBiz Registered Agent Services LLC,Boulder
20268217478,Whiskey 5 Aviation LLC,2026-09-29,DLLC,Good Standing,CO,26 University Cir,,Longmont,CO,80503,,Longmont
20268217479,"Juniper Solstice, Ltd.",2026-09-29,DLLC,Good Standing,CO,518 Harrison Ave PMB 225,,Leadville,CO,80461,,Leadville
20268217485,Reyes Handyman LLC,2026-09-29,DLLC,Good Standing,CO,2231 Lincoln St,,Longmont,CO,80501,,Longmont
20268217510,"Origin Element Co., LLC",2026-09-29,DLLC,Good Standing,CO,3768 Norwood Dr Unit E,,Littleton,CO,80125,ANDERSON REGISTERED AGENTS,Denver
20268217523,3015 Procurement Center Ltd.,2026-09-29,DLLC,Good Standing,CO,"1410 N. Grant St., Ste. B205",,Denver,CO,80203,,Denver
20268217538,BEAER Corp.,2026-09-29,DPC,Good Standing,CO,"1500 N GRANT ST, STE C",,Denver,CO,80203,Colorado Registered Agent LLC,Denver
20268217541,Redfield Custom LLC,2026-09-29,DLLC,Good Standing,CO,14522 Mustang Ln,,Montrose,CO,81403,,Montrose
20268217545,Pop1 Trading Cards LLC,2026-09-29,DLLC,Good Standing,CO,708 W Myrtle St,,Fort Collins,CO,80521,Northwest Registered Agent LLC,Denver
20268217569,Bottomlands Hunt Club LLC,2026-09-29,DLLC,Good Standing,CO,382 Timber Trail,,Breckenridge,CO,80424,,Breckenridge
20268217586,Learn or Win Parenting LLC,2026-09-29,DLLC,Good Standing,CO,9769 Townsville Circle,,Highlands Ranch,CO,80130,,Highlands Ranch
20268217603,PILLAR Legacy Foundation,2026-09-29,DNC,Good Standing,CO,1710 Briargate Blvd Ste 847,,Colorado Springs,CO,80920,"PILLAR, INC.",Colorado Springs
20268217608,3015 Holdings Ltd.,2026-09-29,DLLC,Good Standing,CO,"1410 N. Grant St., Ste. B205",,Denver,CO,80203,,Denver
20268217609,A&C Toto LLC,2026-09-29,DLLC,Good Standing,CO,2186 W 56th Ave,,Denver,CO,80221,,Denver
20268217633,"REFEE TRADE 67, LLC",2026-09-29,DLLC,Good Standing,CO,36574 US Highway 385,,Burlington,CO,80807,FEE TRADE INC.,BURLINGTON
20268217638,Soul Centered Readings LLC,2026-09-29,DLLC,Good Standing,CO,1410 E 14th Ave Apt 1,,Denver,CO,80218,,Denver
20268217656,Raka Studio LLC,2026-09-29,DLLC,Good Standing,CO,1500 N GRANT ST #12024,,DENVER,CO,80203,Registered Agents Inc,Denver
20268217662,O'Brien Consulting Services LLC,2026-09-29,DLLC,Good Standing,CO,8658 E Otero Cir,,Centennial,CO,80112,,Centennial
20268217665,Longmeyer LLC,2026-09-29,DLLC,Good Standing,CO,6733 Kipling St,,Arvada,CO,80004,,Arvada
20268217674,"FC 1031, LLC",2026-09-29,DLLC,Good Standing,CO,44 Cook St Ste 530,,Denver,CO,80206,ACCRUIT LLC,Denver
20268217679,1835 ELK SPRINGS LLC,2026-09-29,DLLC,Good Standing,CO,744 Snowy Plain Rd,,Fort Collins,CO,80525,,Fort Collins
20268217680,Carrera Financial LLC,2026-09-29,DLLC,Good Standing,CO,5772 Powell Rd,,Parker,CO,80134,,Parker
20268217695,Empowered Beginning Consulting LLC,2026-09-29,DLLC,Good Standing,CO,3134 S Emerson St,,Englewood,CO,80113,,Englewood
20268217705,Veterans First Lending LLC,2026-09-29,DLLC,Good Standing,CO,1150 Kelly Johnson Blvd,#102B,Colorado Springs,CO,80920,,Colorado Springs
20268217709,Kannkun Venture LLC,2026-09-29,DLLC,Good Standing,CO,13830 Glencoe St,,Thornton,CO,80602,,Thornton
20268217712,The Custom Edit Ltd.,2026-09-29,DLLC,Good Standing,CO,7388 S Revere Pkwy Ste 900,,Centennial,CO,80112,,Centennial
20268217713,Second Chance Recovery Home LLC,2026-09-29,DLLC,Good Standing,CO,6415 South Xanadu Way,Unit F-208,Centennial,CO,80111,,Centennial
20268217719,CATty NOIR LLC,2026-09-29,DLLC,Good Standing,CO,1205 Pace St Apt L301,,Longmont,CO,80504,,Longmont
20268217721,EVERMONT COMMERCE LLC,2026-09-29,DLLC,Good Standing,CO,6635 S DAYTON ST STE 310 #450,,GREENWOOD VILLAGE,CO,80111,BRIGHTVALE COMMERCE LLC,GREENWOOD VILLAGE
20268217732,SEED TO TREES LLC,2026-09-29,DLLC,Good Standing,CO,7397 DEMFRAME ST,,ARVADA,CO,80005,,Arvada
20268217760,GSF Foundation,2026-09-29,FNC,Good Standing,CA,18301 Von Karman Avenue,Suite 1100,Irvine,CA,92612,CORPORATION SERVICE COMPANY,Littleton
20268217785,Tech Revival LLP,2026-09-29,DLLP,Good Standing,CO,7 S King St,,Denver,CO,80219,,Denver
20268217789,Grass Was Touched LLC,2026-09-29,DLLC,Good Standing,CO,2055 S Oneida St Ste 132,,Denver,CO,80224,,Denver
20268217792,Lashed By Janice LLC,2026-09-29,DLLC,Good Standing,CO,8571 McDougal St,,Denver,CO,80229,,Denver
20268217794,H D B HOLDINGS LLC,2026-09-29,DLLC,Good Standing,CO,6468 Gemfield Dr,,Colorado Springs,CO,80918,SimpleBiz Registered Agent Services LLC,Boulder
20268217796,Anna Gutzwiller LLC,2026-09-29,DLLC,Good Standing,CO,1632 Faraday Cir,,Fort Collins,CO,80525,,Fort Collins
20268217798,"Rennsport Boat, LLC",2026-09-29,DLLC,Good Standing,CO,"41310 US Hwy 6, Unit CD1",,Avon,CO,81620,"MT Registered Agents, LLC",Avon
20268217814,Luxtone Services LLC,2026-09-29,DLLC,Good Standing,CO,18591 E 61st Ave Unit 227,,Denver,CO,80249,,Denver
20268217826,TWO BIRDS ONE STONE LLC,2026-09-29,DLLC,Good Standing,CO,232 Hills Cir,,Pagosa Springs,CO,81147,SimpleBiz Registered Agent Services LLC,Boulder
20268217837,Lowboys Properties CO LLC,2026-09-29,DLLC,Good Standing,CO,1500 N Grant St Ste R,,Denver,CO,80203,Registered Agents Inc,Denver
20268217848,RR High Country Hauling LLC,2026-09-29,DLLC,Good Standing,CO,2058 S Salida St,,Aurora,CO,80013,,Aurora
20268217862,TINI SCIENTIFIC LLC,2026-09-29,FLLC,Good Standing,WA,4203 NE 73rd St,,Seattle,WA,98115,Rocky Mountain RA LLC,Denver
20268217870,"No Drama, LLC",2026-09-29,DLLC,Good Standing,CO,1415 Sierra Vista Dr,,Aspen,CO,81611,,Aspen
20268217874,SARAH J REEGA LLC,2026-09-29,DLLC,Good Standing,CO,3762 N Franklin Ave,,Loveland,CO,80538,SimpleBiz Registered Agent Services LLC,Boulder
20268217899,K Steed Consulting LLC,2026-09-29,DLLC,Good Standing,CO,6611 Van Winkle Dr,,Colorado Springs,CO,80923,"UNITED STATES CORPORATION AGENTS, INC.",Greenwood Village
20268217925,Lay it Right Asphalt LLC,2026-09-29,DLLC,Good Standing,CO,7030 Metropolitan St,,Colorado Springs,CO,80911,,Colorado Springs
20268217927,VANTORA VENTURES LLC,2026-09-29,DLLC,Good Standing,CO,6635 S DAYTON ST STE 310 #451,,GREENWOOD VILLAGE,CO,80111,EVERMONT COMMERCE LLC,GREENWOOD VILLAGE
20268217947,Itsy Bitsy Microgreens LLC,2026-09-29,DLLC,Good Standing,CO,1895 Kaleigh Cir N,,Cortez,CO,81321,,Cortez
20268217957,"UnionSun, LLC",2026-09-29,DLLC,Good Standing,CO,1724 N Gilpin St,,Denver,CO,80218,Registered Agents Inc,Denver
20268218001,BefGibe LLC,2026-09-29,DLLC,Good Standing,CO,1500 N Grant St,Ste N,Denver,CO,80203,Northwest Registered Agent LLC,Denver
20268218017,"2 Cents, LLC",2026-09-29,DLLC,Good Standing,CO,194 Phillis Wheatley Way,,Black Hawk,CO,80422,,Black Hawk
20268218036,TITLEIQ LLC,2026-09-29,FLLC,Good Standing,FL,7901 4th Street N,Suite 300,St. Petersburg,FL,33702,Northwest Registered Agent LLC,Denver
20268218047,Stayble LLC,2026-09-29,FLLLP,Good Standing,DE,9901 Brodie Lane,"Suite 160, #627",Austin,TX,78748,Registered Agents Inc,Denver
20268218060,SUREFIRE CPR LLC,2026-09-29,FLLC,Good Standing,CA,2549 Eastbluff Dr,#247,Newport Beach,CA,92660,C T CORPORATION SYSTEM,Centennial
20268218076,SVS OMNIFUSION LLC,2026-09-29,DLLC,Good Standing,CO,12524 Washington Ln Apt C3,,Englewood,CO,80112,,Englewood
20268218089,RAGNAR RANCH CHARITIES INC,2026-09-29,DNC,Good Standing,CO,1953 S. Rd,,Pueblo,CO,81006,"CORPORATE SERVICE CENTER, INC.",Denver
20268218106,CEDARLINE GROUP LLC,2026-09-29,DLLC,Good Standing,CO,6635 S DAYTON ST STE 310 #453,,GREENWOOD VILLAGE,CO,80111,VANTORA VENTURES LLC,GREENWOOD VILLAGE
20268218127,Rocky Mountain Fire Shield LLC,2026-09-29,DLLC,Good Standing,CO,884 E Woodleaf Dr,,Pueblo,CO,81007,,Pueblo
20268218168,"6150 Perfect View, LLC",2026-09-29,DLLC,Good Standing,CO,6150 Perfect Vw,,Colorado Springs,CO,80919,,Colorado Springs
20268218170,I-A Holdings LLC,2026-09-29,DLLC,Good Standing,CO,1500 N Grant St,Ste N,Denver,CO,80203,Northwest Registered Agent LLC,Denver
20268218171,Vitus Ventures LLC,2026-09-29,DLLC,Good Standing,CO,1500 N Grant St,Ste R,Denver,CO,80203,Registered Agents Inc,Denver
20268218175,Midwatch Press LLC,2026-09-29,DLLC,Good Standing,CO,515 Shadbury Ct,,Fort Collins,CO,80525,,Fort Collins
20268218176,PAULINO PAINTING LLC,2026-09-29,DLLC,Good Standing,CO,4961 Crown Blvd,,Denver,CO,80239,,Denver
20268218178,Mesa School Building Corporation,2026-09-29,DNC,Good Standing,CO,1100 Upham St,,Lakewood,CO,80214,,Colorado Springs
20268218188,"BigGeo US, Inc.",2026-09-29,FPC,Good Standing,TX,"Suite 200, 1215 1st Street SW",,Calgary,AB,T2R 0V3,Paracorp Incorporated,Denver
20268218193,BISON TRANSPORT LLC,2026-09-29,DLLC,Good Standing,CO,720 Fairlane Ave Apt B,,Longmont,CO,80501,,Longmont
20268218199,Karam MD Skin Inc,2026-09-29,FPC,Good Standing,DE,11943 El Camino Real,Ste 100,San Diego,CA,92130,Northwest Registered Agent LLC,Denver
20268218211,"Griffith Industries, Inc.",2026-09-29,FPC,Good Standing,WA,7812 S 186th Pl,,Kent,WA,98032,C T CORPORATION SYSTEM,Centennial
20268218229,Monument Golf Holdings Inc.,2026-09-29,DPC,Good Standing,CO,250 Rangely Drive,,Colorado Springs,CO,80921,,Colorado Springs
20268218240,MUY MATCHA LLC,2026-09-29,DLLC,Good Standing,CO,7290 Magnolia St,,Commerce City,CO,80022,,Commerce City
20268218244,"Aveloris, LLC",2026-09-29,DLLC,Good Standing,CO,4483 W Cottonwood Pl.,,Littleton,CO,80123,"NATIONAL REGISTERED AGENTS, INC.",Centennial
20268218245,Fx3 Vehicles and Equipment LLC,2026-09-29,DLLC,Good Standing,CO,948 North St Ste 7,,Boulder,CO,80304,Fx3 Management LLC,Boulder
20268218247,"The Animal Souls Beacon, Inc",2026-09-29,DNC,Good Standing,CO,1500 N Grant St Ste R,,Denver,CO,80203,Northwest Registered Agent LLC,Denver
20268218250,Northern Lights Pueblo 719 LLC,2026-09-29,DLLC,Good Standing,CO,526 W Evans Ave,,Pueblo,CO,81004,,Pueblo
20268218263,Blue Room Development LLC,2026-09-29,DLLC,Good Standing,CO,490 S Santa Fe Dr Unit E,,Denver,CO,80223,,Denver
20268218279,Granite Bastian Holdings LLC,2026-09-29,FLLC,Good Standing,WY,1500 N Grant St,Ste N,Denver,CO,80203,Northwest Registered Agent LLC,Denver
20268218283,astratek LLC,2026-09-29,FLLC,Good Standing,VA,1500 N Grant St,Ste R,Denver,CO,80203,Registered Agents Inc,Denver
20268218293,Pine & Paw Home Services LLC,2026-09-29,DLLC,Good Standing,CO,6005 County Road 255,,Westcliffe,CO,81252,,Westcliffe
20268218311,Plain Sight Firearms Training LLC,2026-09-29,DLLC,Good Standing,CO,110 16th St Ste 1460,,Denver,CO,80202,Rocky Mountain RA LLC,Denver
20268218317,"2020 Properties, LLC",2026-09-29,DLLC,Good Standing,CO,3225 W. Louisiana Ave,,Denver,CO,80219,,CO
20268218322,Hair by Julie Marie LLC,2026-09-29,DLLC,Good Standing,CO,1965 collarelli Ave,,canon city,CO,8121,,canon city
20268218326,"T C N, INCORPORATED",2026-09-29,FPC,Good Standing,UT,1500 N GRANT ST,Ste R,DENVER,CO,80203,Registered Agents Inc,Denver
20268218333,Prigrim Pentecostal International Ministry,2026-09-29,DNC,Good Standing,CO,2851 S. Parker RD,Unit 1 - 0126,Aurora,CO,80014,,Aurora
20268218343,Colorado Bird Lady LLC,2026-09-29,DLLC,Good Standing,CO,9017 Fayette St,,Federal Heights,CO,80260,,Denver
20268218345,"KKA Holdings, LLC",2026-09-29,DLLC,Good Standing,CO,90 Moss Bridge Rd,,Bozeman,MT,59718,"CAPITOL CORPORATE SERVICES, INC.",BRIGHTON
20268218353,RIGHTEOUS DIGITAL LLC,2026-09-29,DLLC,Good Standing,CO,402 W Fillmore St,,Colorado Springs,CO,80907,Northwest Registered Agent LLC,Denver
20268218354,METANA GLOBAL LLC,2026-09-29,DLLC,Good Standing,CO,1975 28th AVE unit 12,,Greeley,CO,80634,,Greeley
20268218355,Jaborandi Trading and Distribution LLC,2026-09-29,DLLC,Good Standing,CO,1500 N Grant St,Ste N,Denver,CO,80203,Northwest Registered Agent LLC,Denver
20268218361,PolyBooks LLC,2026-09-29,DLLC,Good Standing,CO,"255 Canyon Blvd, STE 100-D",,Boulder,CO,80302,,Boulder
20268218383,"Another Passport Stamp Travel Company, LLC",2026-09-29,DLLC,Good Standing,CO,9307 Graysill Ln,,Colorado Springs,CO,80927,,Colorado Springs
20268218384,"Upi Builders, LLC",2026-09-29,FLLC,Good Standing,TX,5008 Fuqua Street,,Houston,TX,77048,Registered Agents Inc,Denver
20268218387,Joes Mobile mechanic LLC,2026-09-29,DLLC,Good Standing,CO,509 Ryan Ave,,Fort Lupton,CO,80621,,Fort Lupton
20268218405,LITTLE WAY HOMESCHOOL CO-OPERATIVE OF PUEBLO,2026-09-29,DC56-PBC,Good Standing,CO,1187 E Dove Creek Dr,,Pueblo,CO,81007,,Pueblo
20268218419,CT LEGACY LLC,2026-09-29,DLLC,Good Standing,CO,160 W 5th Ave,,Nucla,CO,81424,,Nucla
20268218454,Phoenix Project co.,2026-09-29,DPC,Good Standing,CO,220 s wilcox st,#303,Castle Rock,CO,80104,,Castle Rock
20268218482,Mountain Excavation and Septic LLC,2026-09-29,DLLC,Good Standing,CO,1027 Rosewood Ave,A1,Boulder,CO,80304,Northwest Registered Agent LLC,Denver
20268218484,M.I.A. Total Workz llc,2026-09-29,DLLC,Good Standing,CO,75 Fordham Cir,,Pueblo,CO,81005,,Pueblo
20268218486,F.O.T. Louisville LLC,2026-09-29,DLLC,Good Standing,CO,425 Grouse Ct,,Louisville,CO,80027,,Louisville
20268218515,Tri-Peak Home Solutions LLC,2026-09-29,DLLC,Good Standing,CO,2659 S Deframe Cir,,Lakewood,CO,80228,,Lakewood
20268218523,AllumiaX LLC,2026-09-29,FLLC,Good Standing,WA,414 W BEDFORD AVE,,CLOVIS,CA,93611,Registered Agents Inc,Denver
20268218526,"HVG Colorado, LLC",2026-09-29,DLLC,Good Standing,CO,160 N McQueen Rd,,Gilbert,AZ,85233,CORPORATE CREATIONS NETWORK INC.,Loveland
20268218582,Gnarlink LLC,2026-09-29,DLLC,Good Standing,CO,11862 W Hornsilver Mtn,,Littleton,CO,80127,,Littleton
20268218596,El Crazy Sazon LLC,2026-09-29,DLLC,Good Standing,CO,2819 Cascade Ave,,Pueblo,CO,81003,,Pueblo
20268218601,outsider life consulting LLC,2026-09-29,DLLC,Good Standing,CO,1440 Juniper St,,Golden,CO,80401,,Golden
20268218611,"GTF Properties, LLC",2026-09-29,DLLC,Good Standing,CO,4300 Browning Ct,,Pueblo,CO,81008,,Pueblo
20268218612,Spotless Air Ducts LLC,2026-09-29,DLLC,Good Standing,CO,62 Linda Sue Ln,,Northglenn,CO,80233,,Northglenn
20268218617,"Emergent Staffing, LLC",2026-09-29,FLLC,Good Standing,MN,2909 Wayzata Blvd Ste 47787,,Minneapolis,MN,55405-2126,Registered Agents Inc,Denver
20268218625,The MRD Group,2026-09-29,FPC,Good Standing,WI,4777 W. Lincoln Avenue,,W. MILWAUKEE,WI,53219,Registered Agents Inc,Denver
20268218638,MediGo LLC,2026-09-29,DLLC,Good Standing,CO,1397 S Chester St Unit A,,Denver,CO,80247,,Denver
20268218663,HBB Distribution LLC,2026-09-29,DLLC,Good Standing,CO,1711 Center St,,Cortez,CO,81321,,Cortez
20268218666,"Willis Towers Watson Securities, LLC",2026-09-29,FLLC,Good Standing,DE,233 S. Wacker Drive,Ste 1800,Chicago,IL,60606,CORPORATION SERVICE COMPANY,Littleton
20268218682,Weston Elit LLC,2026-09-29,DLLC,Good Standing,CO,1500 N Grant St,Ste N,Denver,CO,80203,Northwest Registered Agent LLC,Denver
20268218685,Clarity Life Medical P.A.,2026-09-29,FO,Good Standing,DE,"14143 Denver West Parkway, Ste 211",,Lakewood,CO,80401,Northwest Registered Agent LLC,Denver
20268218689,K NETWORK LLC,2026-09-29,DLLC,Good Standing,CO,1500 N Grant St,Ste N,Denver,CO,80203,Northwest Registered Agent LLC,Denver
20268218711,Now&Zen Massage and Bodywork LLC,2026-09-29,DLLC,Good Standing,CO,3760 Vance St #201,,Wheatridge,CO,80033,,Denver
20268218732,Peach Blossom Society LLC,2026-09-29,DLLC,Good Standing,CO,5851 Arapahoe Ave Unit 105,,Boulder,CO,80303,,Boulder
20268218733,Melete LLC,2026-09-29,DLLC,Good Standing,CO,1011 Juniper Ave,,Boulder,CO,80304,,Boulder
20268218742,Burton's Auto Concierge LLC,2026-09-29,DLLC,Good Standing,CO,9384 Weeping Willow Court,,Highlands Ranch,CO,80130,,Highlands Ranch
20268218772,Highlands Express LLC,2026-09-29,DLLC,Good Standing,CO,11215 Halifax Dr,,Colorado Springs,CO,80925,,Colorado Springs
20268218784,QKATMC LLC,2026-09-29,DLLC,Good Standing,CO,1500 N Grant St,#8058,Denver,CO,80203,Northwest Registered Agent LLC,Denver
20268218789,Tasterie LLC,2026-09-29,DLLC,Good Standing,CO,1898 S Bannock St Unit 105,,Denver,CO,80223,,Denver
20268218802,Llynfi Limited,2026-09-29,DLLC,Good Standing,CO,8330 Zuni St Apt 222,,Denver,CO,80221,,Denver
20268218813,"Rnr and the 3 bees, inc",2026-09-29,FPC,Good Standing,AZ,1111 Annabar Dr,,Castle Rock,CO,80108,,Castle Rock
20268218814,Hollistay Management LLC,2026-09-29,DLLC,Good Standing,CO,6926 E 117th Ave,,Thornton,CO,80233,,Thornton
20268218817,ChristmasJoy LLC,2026-09-29,DLLC,Good Standing,CO,8501 W Bowles Ave,,Littleton,CO,80123,,Aurora
20268218827,3069 DENVER DRIVE LLC,2026-09-29,DLLC,Good Standing,CO,4300 Pearlgate Ct,,Fort Collins,CO,80526,,Fort Collins
20268218840,"Reunion Family Medicine, PLLC",2026-09-29,DLLC,Good Standing,CO,10720 Reunion Pkwy,,Commerce City,CO,80022,,Commerce City
20268218850,Integrity Fence Ltd.,2026-09-29,DLLC,Good Standing,CO,8156 S. Wadsworth Blvd,Unit E151,Littleton,CO,80128,"MILLER & STEIERT, P.C.",Littleton
20268218867,DENVER WEST ARCHITECTURAL CONTROL COMMITTEE INC.,2026-09-29,DNC,Good Standing,CO,1546 Cole Blvd Ste 230,,Lakewood,CO,80401,Kamlet LLP,Denver
20268218872,"CBC Somerset, LLC",2026-09-29,DLLC,Good Standing,CO,3815 Somerset Street,,Colorado Springs,CO,80907,,Denver
20268218881,PSH Consulting LLC,2026-09-29,DLLC,Good Standing,CO,7237 Whitley Dr,,Colorado Springs,CO,80920,"GOLDBERG LAW CENTER, P.C.",Colorado Springs
20268218894,"Kurkarkat, LLC",2026-09-29,DLLC,Good Standing,CO,4991 S. Emporia Court,,Greenwood Village,CO,80111,,Greenwood Village
20268218896,"STORE Master Funding XL, LLC",2026-09-29,FLLC,Good Standing,DE,"8377 E. Hartford Drive, Suite 100",,Scottsdale,AZ,85255,C T CORPORATION SYSTEM,Centennial
20268218903,"RMTA, LLC",2026-09-29,DLLC,Good Standing,CO,290 Fillmore St Ste 4,,Denver,CO,80206,,Denver
20268218912,veyrth bazaar LLC,2026-09-29,DLLC,Good Standing,CO,735 PARK PT,,SAN ANTONIO,TX,78253,Northwest Registered Agent LLC,Denver
20268218922,ENVIOS MAMACITAS LLC,2026-09-29,DLLC,Good Standing,CO,4660 PEORIA ST STE 115,,DENVER,CO,80239,,DENVER
20268218929,Medstat p.c.,2026-09-29,DLLC,Good Standing,CO,1778 Capital Drive,,Colorado Springs,CO,80951,,Colorado Springs
20268218948,Westco Traveller LLC,2026-09-29,DLLC,Good Standing,CO,440 N 13th St,,Grand Junction,CO,81501,,Grand Junction
20268218949,BG Technical Consulting Co.,2026-09-29,DPC,Good Standing,CO,615 S 42nd St,,Boulder,CO,80305,,Boulder
20268218958,Naveahs Cleaning LLC,2026-09-29,DLLC,Good Standing,CO,1301 Ammons St Apt 1,,Lakewood,CO,80214,,Lakewood
20268218967,Vanguard Surgical LLC,2026-09-29,DLLC,Good Standing,CO,2734 W 167th Pl,,Broomfield,CO,80023,,Broomfield
20268218974,Good Bones Ranch L.L.C,2026-09-29,DLLC,Good Standing,CO,13504 County Road 104,,Nunn,CO,80648,,Nunn
20268218975,Pegasus Construction Services Llc,2026-09-29,DLLC,Good Standing,CO,825 Depew St,,Lakewood,CO,80214,,Lakewood
20268218978,"SLP Interactive Lab, LLC",2026-09-29,DLLC,Good Standing,CO,3037 Riverwood Way,,Castle Rock,CO,80109,,Castle Rock
20268218979,ComposeBio Solutions LLC,2026-09-29,DLLC,Good Standing,CO,2620 S Zuni St,,Englewood,CO,80110,,Englewood
20268218981,Off Woven LLC,2026-09-29,DLLC,Good Standing,CO,1500 N Grant St Ste R,,Denver,CO,80203,Registered Agents Inc,Denver
20268219003,"Mirinae Medical Services, Inc.",2026-09-29,DPC,Good Standing,CO,10720 Reunion Pkwy,,Commerce City,CO,80022,,Commerce City
20268219007,"Brass House Music, LLC",2026-09-29,DLLC,Good Standing,CO,7660 W Fremont Ave,,Littleton,CO,80128,,Littleton
20268219011,"Doctor Radon, LLC",2026-09-29,DLLC,Good Standing,CO,9832 Eagle Creek Cir,,Commerce City,CO,80022,,Commerce City
20268219022,Press & Flex LLC,2026-09-29,DLLC,Good Standing,CO,11321 Brownstone Dr,,Parker,CO,80138,,Parker
20268219035,GregorySPaul LLC,2026-09-29,DLLC,Good Standing,CO,903 3rd St,,Pierce,CO,80650,,Pierce
20268219036,"1 MICRO, LLC",2026-09-29,FLLC,Good Standing,FL,1400 Mill Lane,,Waconia,MN,55387,C T CORPORATION SYSTEM,Centennial
20268219041,Kyrra Tide Mercantile LLC,2026-09-29,DLLC,Good Standing,CO,8506 E SCOTTST,,WICHITA,KS,67210,Harbor Compliance LLC,Denver
20268219058,Endpoint UCS LLC,2026-09-29,DLLC,Good Standing,CO,1500 N GRANT ST,STE N,DENVER,CO,80203,Northwest Registered Agent LLC,Denver
20268219064,Ignition Labs LLC,2026-09-29,DLLC,Good Standing,CO,3015 Sheridan Ave,,Loveland,CO,80538,,Loveland
20268219082,IBIA COMPANY LLC,2026-09-29,DLLC,Good Standing,CO,120 Spring Cir,,Gypsum,CO,81637,,Gypsum
20268219102,"V Creations, LLC",2026-09-29,DLLC,Good Standing,CO,1159 Quebec St,,Denver,CO,80220,,Denver
20268219109,PIXEL PERFECT PROGRAMS LLC,2026-09-29,DLLC,Good Standing,CO,11081 Huron St Unit 1012,,Northglenn,CO,80234,,Northglenn
20268219131,A & M 303 Contractors LLC,2026-09-29,DLLC,Good Standing,CO,1819 e 97th ave,,Thornton,CO,80229,,Thornton
20268219137,Cascade Land Holdings LLC,2026-09-29,DLLC,Good Standing,CO,5048 5720 Ln,,Olathe,CO,81425,"Lehigh Accounting and Tax Solutions, LLC",Montrose
20268219143,Shaanxi Chonyu Import and Export Co LLC,2026-09-29,DLLC,Good Standing,CO,3022 S Wheeling Way Apt 312,,Aurora,CO,80014,,Aurora
20268219144,AURA SALON LLC,2026-09-29,DLLC,Good Standing,CO,328 S McCulloch Blvd,,Pueblo,CO,81007,,Pueblo
20268219146,Triple J Country Market llc,2026-09-29,DLLC,Good Standing,CO,65054 County Road 46,,Arriba,CO,80804,,Arriba
20268219148,WISAL JEWELS LLC,2026-09-29,DLLC,Good Standing,CO,1500 N GRANT ST STE 78459,,DENVER,CO,80203,Colorado Registered Agents,Denver
20268219160,SCC SR BFR LLC,2026-09-29,DLLC,Good Standing,CO,3033 E 1st Ave Ste 725,,Denver,CO,80206,,Denver
20268219164,Peak Property Management Aspen LLC,2026-09-29,DLLC,Good Standing,CO,41 Mountain Laurel Ct,,Aspen,CO,81611,,Aspen
20268219168,WildView Imaging LLC,2026-09-29,DLLC,Good Standing,CO,1130 Oakmont Ct,,Fort Collins,CO,80525,,Fort Collins
20268219189,"Ozarks Welding & Fabrication, LLC",2026-09-29,FLLC,Good Standing,MO,12585 E 1450 Road,,Stockton,MO,65785,Registered Agents Inc,Denver
20268219194,SR Peaks Dev Services LLC,2026-09-29,DLLC,Good Standing,CO,3033 E 1st Ave Ste 725,,Denver,CO,80206,,Denver
20268219195,HAVANA HALAL FOODS LLC,2026-09-29,DLLC,Good Standing,CO,1292 S Emporia Ct Apt 11107,,Aurora,CO,80247,,Aurora
20268219205,WARIS GROUP LLC,2026-09-29,DLLC,Good Standing,CO,1500 N GRANT ST STE 56128,,DENVER,CO,80203,Colorado Registered Agents,Denver
20268219214,L&H Legacy Holdings LLC,2026-09-29,DLLC,Good Standing,CO,2405 S Stuart St,,Denver,CO,80219,,Denver
20268219216,SCC SR Manager LLC,2026-09-29,DLLC,Good Standing,CO,3033 E 1st Ave Ste 725,,Denver,CO,80206,,Denver
20268219230,"Balboa Group, LLC",2026-09-29,DLLC,Good Standing,CO,17728 E Dorado Dr,,Centennial,CO,80015,,Centennial
20268219232,BOOK AUTHORS HEAVEN LLC,2026-09-29,DLLC,Good Standing,CO,1500 N GRANT ST STE 2903,,Denver,CO,80203,Registered Agents Inc,Denver
20268219243,Colorado Contracting Professionals LLC,2026-09-29,DLLC,Good Standing,CO,15 S Clarkson St Apt 205,,Denver,CO,80209,,Denver
20268219246,SCC SR Partners LLC,2026-09-29,DLLC,Good Standing,CO,3033 E 1st Ave Ste 725,,Denver,CO,80206,,Denver
20268219257,DK Golden LLC,2026-09-29,FLLC,Good Standing,DE,55 E. Monroe Street,Suite 3900,Chicago,IL,60603,C T CORPORATION SYSTEM,Centennial
20268219260,WASTECORP PUMP SYSTEMS INC.,2026-09-29,FPC,Good Standing,FL,1795 Baseline Road,1st Floor - #3425,Grand Island,NY,14072,BUSINESS FILINGS INCORPORATED,Centennial
20268219292,Ink & Crown LLC,2026-09-29,DLLC,Good Standing,CO,22605 E Rocky Top Pl,,Aurora,CO,80016,,Aurora
20268219295,Goodwin House Foundation,2026-09-29,FNC,Good Standing,VA,4800 Fillmore Avenue,,Alexandria,VA,22311,"INCORP SERVICES, INC.",DENVER
20268219327,"Frederick Storage Real Estate, LLC",2026-09-29,DLLC,Good Standing,CO,5970 Hurt Street,,Frederick,CO,80530,,Frederick
20268219330,"NoCo Tech Support, LLC",2026-09-29,DLLC,Good Standing,CO,1333 Finch St,,Loveland,CO,80537,,Loveland
20268219333,Bulldog Home Inspectors LLC,2026-09-29,DLLC,Good Standing,CO,9636 Carnival Ln,,Fountain,CO,80817,,Fountain
20268219336,SKS Consultants LLC,2026-09-29,DLLC,Good Standing,CO,6921 Edgewood Dr,,Highlands Ranch,CO,80130,,Highlands Ranch
20268219346,Silver Peak Providers PLLC,2026-09-29,DLLC,Good Standing,CO,1500 N Grant St Ste N,,Denver,CO,80203,Northwest Registered Agent LLC,Denver
20268219355,S NOV LLC,2026-09-29,DLLC,Good Standing,CO,615 Merlin Dr Unit 204,,Lafayette,CO,80026,,Lafayette
20268219363,Raven Born Valkyrie Creations LLC,2026-09-29,DLLC,Good Standing,CO,257 5th Ave,,Deer Trail,CO,80105,,Deer Trail
20268219367,"Avrae Health, LLC",2026-09-29,DLLC,Good Standing,CO,"105 Wells St, Suite 210",,Erie,CO,80516,,Erie
20268219372,"Mohseni Medical Services, P.C.",2026-09-29,FPC,Good Standing,MD,10811 BARN WOOD LN.,,Potomac,MD,20854,COGENCY GLOBAL INC.,Denver
20268219376,"Frederick Storage Operations, LLC",2026-09-29,DLLC,Good Standing,CO,5970 Hurt Street,,Frederick,CO,80530,,Frederick
20268219420,HERRALY LLC,2026-09-29,DLLC,Good Standing,CO,1500 N Grant St,Ste N,Denver,CO,80203,Northwest Registered Agent LLC,Denver
20268219423,Three Wishes Cotton Candy LLC,2026-09-29,DLLC,Good Standing,CO,480 Saratoga Way,,Windsor,CO,80550,,Windsor
20268219425,DealSeam LLC,2026-09-29,DLLC,Good Standing,CO,300 W 11th Ave Unit 6J,,Denver,CO,80204,,Denver
20268219447,Sammy's Business Ventures LLC,2026-09-29,DLLC,Good Standing,CO,191 Evergreen Rd,,Black Hawk,CO,80422,SimpleBiz Registered Agent Services LLC,Boulder
20268219449,The Newporter LLC,2026-09-29,DLLC,Good Standing,CO,c/o Barry Migliorini,7171 Warner Ave B3,Huntington Beach,CA,92647,Denver Virtual Office LLC,Denver
20268219451,"Herrera Consulting Group, LLC",2026-09-29,DLLC,Good Standing,CO,10791 Unity Pkwy,,Commerce City,CO,80022,,Commerce City
20268219452,"FSTA, Inc.",2026-09-29,DPC,Good Standing,CO,414 W. Beaver Creek Boulevard,Beaver Bench B12,Avon,CO,81620,"Stovall Associates, a Professional Corporation",Edwards
20268219459,Main Level Architects LLC,2026-09-29,DLLC,Good Standing,CO,341 Wright St Apt 106,,Lakewood,CO,80228,,Lakewood
20268219468,Mile High ITAD Specialists LLC,2026-09-29,DLLC,Good Standing,CO,19047 E 21st Cir,,Aurora,CO,80011,,Aurora
20268219475,Royal Antlers Music LLC,2026-09-29,DLLC,Good Standing,CO,2805 S Sherman St,,Englewood,CO,80113,,Englewood
20268219479,Zorlin Apparel LLC,2026-09-29,DLLC,Good Standing,CO,3871 Heathfield Ct,,Zionsville,IN,46077,"eResidentAgent, Inc.",Centennial
20268219483,InstaMobile Care Colorado PLLC,2026-09-29,DLLC,Good Standing,CO,1500 N Grant St,Ste N,Denver,CO,80203,Northwest Registered Agent LLC,Denver
20268219487,Colorado Smart Shops LLC,2026-09-29,DLLC,Good Standing,CO,1609 Hillside Dr,,Fort Collins,CO,80524,,Fort Collins
20268219493,"Ky A. Miller, PLLC",2026-09-29,FLLC,Good Standing,IL,1500 N GRANT ST,Ste R,Denver,CO,80203,Registered Agents Inc,Denver
20268219497,Aspen Hills Holding Company LLC,2026-09-29,FLLC,Good Standing,DE,7332 E Butherus Drive,Hanger 1,Scottsdale,AZ,85260,"Vcorp Agent Services, Inc.",Centennial
20268219498,Starlings LLC,2026-09-29,DLLC,Good Standing,CO,865 Albion St Ste 250,,Denver,CO,80220,,Denver
20268219505,GECKO INDUSTRIES LLC,2026-09-29,DLLC,Good Standing,CO,419 14th Ave,,Greeley,CO,80631,,Greeley
20268219507,Harp Insurance Group LLC,2026-09-29,DLLC,Good Standing,CO,7550 E 53rd Pl Unit 17381,,Denver,CO,80217,SimpliNumbers,Denver
20268219511,"RGF 2026, Inc.",2026-09-29,DPC,Good Standing,CO,414 W. Beaver Creek Boulevard,Beaver Bench B12,Avon,CO,81620,"Stovall Associates, a Professional Corporation",Edwards
20268219512,Capy Capital LLC,2026-09-29,DLLC,Good Standing,CO,1918 Crystal Ct,,Loveland,CO,80537,,Loveland
20268219515,KINGDOM BUILT SERVICES LLC,2026-09-29,DLLC,Good Standing,CO,10166 Pitkin Way,,Commerce City,CO,80022,REPUBLIC REGISTERED AGENT LLC,Colorado Springs
20268219520,"DDJ No. 11, LLC",2026-09-29,DLLC,Good Standing,CO,111 S Tejon St Ste 222,,Colorado Springs,CO,80903,"NOR'WOOD LIMITED, INC.",Colorado Springs
20268219532,KREK FIELD SERVICES SOLUTIONS LLC,2026-09-29,DLLC,Good Standing,CO,15650 E Alameda Pkwy Apt 212,,Aurora,CO,80017,REPUBLIC REGISTERED AGENT LLC,Colorado Springs
20268219542,Prizm CMS LLC,2026-09-29,DLLC,Good Standing,CO,416 Main St,,Longmont,CO,80501,,Longmont
20268219547,Freya Fields llc,2026-09-29,DLLC,Good Standing,CO,1500 N Grant St Ste R,,Denver,CO,80203,Registered Agents Inc,Denver
20268219563,Paradigm Labs LLC,2026-09-29,DLLC,Good Standing,CO,14900 County Road 90,,Pierce,CO,80650,,Pierce
20268219572,Dragoncitos Tortas Y Mangonadas LLC,2026-09-29,DLLC,Good Standing,CO,1080 SWIFT GULCH RD,UNIT 5-204,AVON,CO,81620,,AVON
20268219578,Bright Origin Co llc,2026-09-29,DLLC,Good Standing,CO,LANDWARD LN,,HOUSTON,TX,77066,Colorado Registered Agent LLC,Denver
20268219600,Open Arc Holdings LLC,2026-09-29,DLLC,Good Standing,CO,1500 N Grant St,Ste N,Denver,CO,80203,Northwest Registered Agent LLC,Denver
20268219631,Amplitude Sports Performance PLLC,2026-09-29,DLLC,Good Standing,CO,1500 N Grant St,STE R,Denver,CO,80203,Registered Agents Inc,Denver
20268219644,OUTLAW FARMS LLC,2026-09-29,DLLC,Good Standing,CO,37603 State Highway 59,,Yuma,CO,80759,,Yuma
20268219651,Happy Rose LLC,2026-09-29,DLLC,Good Standing,CO,3050 W Harvard Ave,,Denver,CO,80219,,Denver
20268219653,Ember Peak Works llc,2026-09-29,DLLC,Good Standing,CO,10239 County Road 319,,Cross Timbers,MO,65634,GreenRoom Legal LLC,DENVER
20268219655,D & T Construction LLC,2026-09-29,DLLC,Good Standing,CO,585 25 1/2 Rd Trlr 104,,Grand Junction,CO,81505,,Grand Junction
20268219657,"MTLCA SLR 1, LLC",2026-09-29,FLLC,Good Standing,TX,5160 Tennyson Pkwy Ste 1000,,Plano,TX,75024,"Law of the Rockies, LLC",Gunnison
20268219659,Stargaze Farms LLC,2026-09-29,DLLC,Good Standing,CO,1500 N Grant St,Ste N,Denver,CO,80203,Northwest Registered Agent LLC,Denver
20268219671,"SynQor, Inc.",2026-09-29,FPC,Good Standing,DE,9 Northeastern Blvd,,Salem,NH,03079,C T CORPORATION SYSTEM,Centennial
20268219680,Grassroots Power Project,2026-09-29,FNC,Good Standing,DC,1400 Shattuck Ave Ste 12,,Berkeley,CA,94709,Registered Agents Inc,Denver
20268219690,Ezi Medical transportation LLC,2026-09-29,DLLC,Good Standing,CO,5667 Hanover St,,Denver,CO,80238,,Denver
20268219727,"Peak & Pine Creations, LLC",2026-09-29,DLLC,Good Standing,CO,4150 Vicksburg Ter,,Colorado Springs,CO,80917,,Colorado Springs
20268219735,Treadstone Digital LLC,2026-09-29,FLLC,Good Standing,WY,10851 S. Crossroads Dr,Suite C-1,Parker,CO,80134,,Parker
20268219739,TheTable LLC,2026-09-29,DLLC,Good Standing,CO,13721 e rice pl,,aurora,CO,80015,,aurora
20268219742,The Hairy Yeti Comedy Lounge LLC,2026-09-29,DLLC,Good Standing,CO,1580 N Tamarack Dr,,Bayfield,CO,81122,,Bayfield
20268219754,SW Asian Bistro LLC,2026-09-29,DLLC,Good Standing,CO,1350 16th St,,Denver,CO,80202,,Lone Tree
20268219770,Old Corral Mountain Estate LLC,2026-09-29,DLLC,Good Standing,CO,1500 N Grant St,Ste N,Denver,CO,80203,Northwest Registered Agent LLC,Denver
20268219774,American Harnessing LLC,2026-09-29,DLLC,Good Standing,CO,1500 N Grant St Ste R,,Denver,CO,80203,Registered Agents Inc,Denver
20268219783,Suave Restoration LLC,2026-09-29,DLLC,Good Standing,CO,20133 E Ithaca Pl,,Aurora,CO,80013,,Aurora
20268219784,CheckSix Consulting LLC,2026-09-29,DLLC,Good Standing,CO,1980 18th St Apt 602,,Denver,CO,80202,,Denver
20268219798,"Dana Drains & Waterproofing, LLC",2026-09-29,DLLC,Good Standing,CO,2491 S Bahama Way,,Aurora,CO,80013,,Aurora
20268219799,"Ingram House Preschool, LLC",2026-09-29,DLLC,Good Standing,CO,930 E Colorado Ave,,Telluride,CO,81435,,Telluride
20268219808,"Anderson Land & Livestock Co., LLC",2026-09-29,DLLC,Good Standing,CO,5476 County Road 3,,Rush,CO,80833,,Rush
20268219809,Hammer Down Jewelers LLC,2026-09-29,DLLC,Good Standing,CO,214 E Georgia Ave,,Gunnison,CO,81230,,Gunnison
20268219817,Green Heart Catering LLC,2026-09-29,DLLC,Good Standing,CO,14012 E Iowa Dr Apt 117,,Aurora,CO,80012,,Aurora
20268219848,Azul Wellness LLC,2026-09-29,DLLC,Good Standing,CO,3360 Bexley Dr,,Colorado Springs,CO,80922,,Colorado Springs
20268219852,"Gabby Cares Global Healthcare Solutions, LLC",2026-09-29,DLLC,Good Standing,CO,2351 Olive St,,Denver,CO,80207,,Denver
20268219860,"Quay Drive Management, LLC",2026-09-29,DLLC,Good Standing,CO,2614 S Ingalls Ct,,Lakewood,CO,80227,,Lakewood
20268219867,VINROC Investments LLC,2026-09-29,DLLC,Good Standing,CO,1076 Country Club Estates Dr,,Castle Rock,CO,80108,,Castle Rock
20268219868,RUCOSKIN LLC,2026-09-29,DLLC,Good Standing,CO,2020 N Academy Blvd Ste 261 # 4940,,Colorado Springs,CO,80909,REPUBLIC REGISTERED AGENT LLC,Colorado Springs
20268219884,"Thousand Hills Ranch, LLC",2026-09-29,DLLC,Good Standing,CO,5476 County Road 3,,Rush,CO,80833,,Rush
20268219886,"Affluentology, LLC",2026-09-29,DLLC,Good Standing,CO,8985 Big Canon Pl,,Greenwood Village,CO,80111,,Greenwood Village
20268219901,Superparticle Studios LLC,2026-09-29,DLLC,Good Standing,CO,1704 Shea Center Dr Apt 2-206,,Highlands Ranch,CO,80129,,Highlands Ranch
20268219914,Rock Hound LLC,2026-09-29,DLLC,Good Standing,CO,251 FOREST DR,,Frisco,CO,80443,,Frisco
20268219938,Kipoh LLC,2026-09-29,DLLC,Good Standing,CO,8225 Firecracker Trl,,Fountain,CO,80817,,Fountain
20268219959,INNER LIGHT THERAPY CENTER LLC,2026-09-29,FLLC,Good Standing,LA,5914 Fossil Creek Pkwy,,Fort Collins,CO,80525,,Fort Collins
20268219972,Foundation for the MIND,2026-09-29,DNC,Good Standing,CO,100 Fillmore St,5th Floor,Denver,CO,80206,SevenTwo LLC,Denver
20268219977,BUYORA MARKET LLC,2026-09-29,DLLC,Good Standing,CO,939 Bannock St,,Denver,CO,80204,,Bennett
20268219981,Venom Industrial Powerwashing LLC,2026-09-29,DLLC,Good Standing,CO,204 Whitney Bay,,Windsor,CO,80550,,Windsor
20268219985,Cool Krantz LLC,2026-09-29,DLLC,Good Standing,CO,1028 Modred St,,Lafayette,CO,80026,,Lafayette
20268220026,Surgical Steele LLC,2026-09-29,DLLC,Good Standing,CO,6884 S Buchanan Ct,,Aurora,CO,80016,"UNITED STATES CORPORATION AGENTS, INC.",Greenwood Village
20268220036,Intake Insights Consulting LLC,2026-09-29,DLLC,Good Standing,CO,379 E Allen St Apt 32,,Castle Rock,CO,80108,,Castle Rock
20268220038,Peak Outdoor Lighting Solutions LLC,2026-09-29,DLLC,Good Standing,CO,3520 J D Johnson Rd,,Peyton,CO,80831,,Peyton
20268220049,Great Taste LLC,2026-09-29,DLLC,Good Standing,CO,2130 Arapahoe St Unit 813,,Denver,CO,80205,,Denver
20268220060,Charline Rental LLC,2026-09-29,DLLC,Good Standing,CO,201 W Sycamore Ln,,Louisville,CO,80027,,Louisville
20268220083,Sitting Bayside LLC,2026-09-29,DLLC,Good Standing,CO,5674 Sawdust Loop,,Parker,CO,80134,Dodds Group Inc,Denver
20268220086,Forse Denver Homes LLC,2026-09-29,DLLC,Good Standing,CO,13438 Amber Sky St,,Parker,CO,80134,,Parker
20268220090,"CLPR Investments, LLC",2026-09-29,DLLC,Good Standing,CO,332 S. Orchard Springs Dr.,,Pueblo,CO,81007,,Arvada
20268220105,"Velocity Now, LLC",2026-09-29,DLLC,Good Standing,CO,1133 14th St Unit 2140,,Denver,CO,80202,,Denver
20268220106,The Local Electrician LLC,2026-09-29,DLLC,Good Standing,CO,8806 W Geddes Pl,,Littleton,CO,80128,SimpleBiz Registered Agent Services LLC,Boulder
20268220125,"Elevated Insurance Group, LLC",2026-09-29,DLLC,Good Standing,CO,2454 Highway 6 and 50 Ste 104,,Grand Junction,CO,81505,,Grand Junction
20268220127,Geiser Group LLC,2026-09-29,DLLC,Good Standing,CO,5455 Columbine Dr,,Arvada,CO,80002,,Arvada
20268220137,Omerta Cards LLC,2026-09-29,DLLC,Good Standing,CO,5251 S Jericho St,,Centennial,CO,80015,,Centennial
20268220146,Rosie's Way Real Estate Investment LLC,2026-09-29,DLLC,Good Standing,CO,29805 US Highway 24,,Buena Vista,CO,81211-9640,Steen & Associates LLC,Buena Vista
20268220148,RC Global Business LLC,2026-09-29,DLLC,Good Standing,CO,1500 N Grant St,Ste R,Denver,CO,80203,Registered Agents Inc,Denver
20268220150,OpenOpp LLC,2026-09-29,DLLC,Good Standing,CO,3533 Tejon St,,Denver,CO,80211,,Denver
20268220151,Perfect Pitch Roofing LLC,2026-09-29,DLLC,Good Standing,CO,53 Wild Rose Dr,,Canon City,CO,81212,,Canon City
20268220166,Vyrtual Studios LLC,2026-09-29,DLLC,Good Standing,CO,1560 Broadway Ste 1600,,Denver,CO,80202,Vyrtual LLC,Denver
20268220186,PGF LLC,2026-09-29,DLLC,Good Standing,CO,11036 Pearl St,,Northglenn,CO,80233,,Northglenn
20268220196,Diamond T Transport LLC,2026-09-29,DLLC,Good Standing,CO,303 W 3rd Ave,,Iliff,CO,80736,,Iliff
20268220199,Ghara OS LLC,2026-09-29,DLLC,Good Standing,CO,1500 N Grant St Ste R,,Denver,CO,80203,Registered Agents Inc,Denver
20268220212,"8825 Blue Mountain, LLC",2026-09-29,DLLC,Good Standing,CO,1275 Mesa Dr,,Silverthorne,CO,80498,,Silverthorne
20268220225,LMLoveland11 LLC,2026-09-29,DLLC,Good Standing,CO,1262 Fall River Drive,,Loveland,CO,80537,,Denver
20268220226,TM Tax Associates LLC,2026-09-29,DLLC,Good Standing,CO,1204 S Zeno Way Unit B,,Aurora,CO,80017,,Aurora
20268220228,DynastyCleaning LLC,2026-09-29,DLLC,Good Standing,CO,2000 S Colorado Blvd Ste 2000,Tower 1,Denver,CO,80222,Registered Agents Inc,Denver
20268220232,"Lionshead R410, LLC",2026-09-29,DLLC,Good Standing,CO,2420 Ski Trail Ln Unit 507,,Steamboat Springs,CO,80487,C T CORPORATION SYSTEM,Centennial
20268220246,House RoRo LLC,2026-09-29,DLLC,Good Standing,CO,63 S Field St,,Lakewood,CO,80226,,Lakewood
20268220251,Arm Service LLC,2026-09-29,DLLC,Good Standing,CO,5056 Perth Ct,,Denver,CO,80249,,Denver
20268220252,Hands Off The Books LLC,2026-09-29,DLLC,Good Standing,CO,1500 N Grant St,Ste N,Denver,CO,80203,Northwest Registered Agent LLC,Denver
20268220254,"Summit Seeking Ventures, LLC",2026-09-29,DLLC,Good Standing,CO,6479 Still Pine Circle,,Castle Pines,CO,80108,,Castle Pines
20268220262,Advanced Vector Resources LLC,2026-09-29,DLLC,Good Standing,CO,1079 S Hover St Ste 200,,Longmont,CO,80501,Registered Agents Inc,Denver
20268220276,Hopewell Strat LLC,2026-09-29,DLLC,Good Standing,CO,350 Indiana Street,,Golden,CO,80401,Clearview Registered Agents LLC,Denver
20268220277,Sweets by Lizie llc,2026-09-29,DLLC,Good Standing,CO,12143 Magnolia Way,,Brighton,CO,80602,,Brighton
20268220292,Colorado Handyman LLC,2026-09-29,DLLC,Good Standing,CO,965 E Highway 105,,Monument,CO,80132,,Colorado Springs
20268220293,Maddox Group LLC,2026-09-29,DLLC,Good Standing,CO,3333 W 24th Ave,,Denver,CO,80211,,Denver
20268220295,Sisters shine LLC,2026-09-29,DLLC,Good Standing,CO,75 Mt Bierstadt St,,Brighton,CO,80601,,Brighton
20268220300,Adviis LLC,2026-09-29,DLLC,Good Standing,CO,16076 E Easter Cir Unit 104,,Aurora,CO,80016,,Aurora
20268220302,Created With Purpose LLC,2026-09-29,DLLC,Good Standing,CO,201 Gordon St,,Wiley,CO,81092,,Wiley
20268220317,Rise Up Industries LLC,2026-09-29,DLLC,Good Standing,CO,1500 N Grant St,Ste N,Denver,CO,80203,Northwest Registered Agent LLC,Denver
20268220324,Happy Spear LLC,2026-09-29,DLLC,Good Standing,CO,1960 N 12th St,,Grand Junction,CO,81501,,Grand Junction
20268220329,Bower Boxwood Inc,2026-09-29,DPC,Good Standing,CO,1499 W 121st Ave,3rd Fl Ste 300,Westminster,CO,80234,Registered Agents Inc,Denver
20268220330,Golden Rule Heating and Air LLC,2026-09-29,DLLC,Good Standing,CO,920 S Rachel Ave,,Milliken,CO,80543,,Milliken
20268220336,A&I 4108 LLC,2026-09-29,DLLC,Good Standing,CO,1500 N Grant St,Ste R,Denver,CO,80203,Registered Agents Inc,Denver
20268220338,What the Fitness LLC,2026-09-29,DLLC,Good Standing,CO,101 3rd Avenue,,Frisco,CO,80443,,Breckenridge
20268220340,"JKB FINANCIAL, INC.",2026-09-29,FPC,Good Standing,CA,970 Reserve Dr.,Suite 201,Roseville,CA,95678,"Registered Agent Solutions, Inc.",Centennial
20268220348,SEI Logistics LLC,2026-09-29,DLLC,Good Standing,CO,3128 Eagle Blvd,,Brighton,CO,80601,,Brighton
20268220355,Divergent Belonging LLC,2026-09-29,DLLC,Good Standing,CO,"6275 Joyce Drive, Ste 221",,Arvada,CO,80403,,Arvada
20268220359,Karvello INC,2026-09-29,DPC,Good Standing,CO,"1500 N GRANT ST, STE R",,Denver,CO,80203,Registered Agents Inc,Denver
20268220364,Daylight Savings LLC,2026-09-29,DLLC,Good Standing,CO,13504 County Road 104,,Nunn,CO,80648,,Nunn
20268220365,Heritage Food Group LLC,2026-09-29,DLLC,Good Standing,CO,1500 N GRANT ST STE R,,DENVER,CO,80203,Registered Agents Inc,Denver
20268220370,Carmonas Construction LLC,2026-09-29,DLLC,Good Standing,CO,255 Lorraine Ct,,Colorado Springs,CO,80905,,Colorado Springs
20268220375,VML Interiors LLC,2026-09-29,DLLC,Good Standing,CO,1595 Hermosa Dr,,Highlands Ranch,CO,80126,,highlands ranch
20268220377,Yard Atelier Inc,2026-09-29,DPC,Good Standing,CO,11001 W 120th Ave,4th Fl Ste 400,Broomfield,CO,80021,Registered Agents Inc,Denver
20268220378,ASKDODO AI INC,2026-09-29,DPC,Good Standing,CO,1500 N GRANT ST STE R,,DENVER,CO,80203,Registered Agents Inc,Denver
20268220382,PivIT Hub LLC,2026-09-29,DLLC,Good Standing,CO,15485 W Auburn Ave,,Lakewood,CO,80228,Northwest Registered Agent LLC,Denver
20268220385,Camp Dad Customs LLC,2026-09-29,DLLC,Good Standing,CO,638 Big Stone Ln,,Grand Junction,CO,81507,,Grand Junction
20268220391,LED Creative Works LLC,2026-09-29,DLLC,Good Standing,CO,1500 N Grant St,Ste N,Denver,CO,80203,Northwest Registered Agent LLC,Denver
20268220392,GLOWY INTERNATIONAL LLC,2026-09-29,DLLC,Good Standing,CO,1500 N Grant St,Ste N,Denver,CO,80203,Northwest Registered Agent LLC,Denver
20268220398,Chadware LLC,2026-09-29,DLLC,Good Standing,CO,1625 Senate St,,Montrose,CO,81401,,Montrose
20268220405,Kore Global Inc,2026-09-29,DPC,Good Standing,CO,1500 N Grant St Ste R,,Denver,CO,80203,Registered Agents Inc,Denver
20268220406,UM Domains 1 Inc.,2026-09-29,DPC,Good Standing,CO,1500 N GRANT ST STE R,,DENVER,CO,80203,Registered Agents Inc,Denver
20268220408,Gable & Grain Inc,2026-09-29,DPC,Good Standing,CO,7350 E Progress Pl,1st Fl Ste 100,Englewood,CO,80111,Registered Agents Inc,Denver
20268220418,Xiayuan Technology INC,2026-09-29,DPC,Good Standing,CO,1500 N Grant St Unit 548,,Denver,CO,80203,Registered Agents Inc,Denver
20268220424,Tide Supply Inc,2026-09-29,DPC,Good Standing,CO,1500 N Grant St Ste R,,Denver,CO,80203,Registered Agents Inc,Denver
20268220431,4583 Castlepoint LLC.,2026-09-29,DLLC,Good Standing,CO,5710 Last Chance Dr,,Colorado Springs,CO,80927,,Colorado Springs
20268220432,CO2 Detail LLC,2026-09-29,DLLC,Good Standing,CO,3660 Brentwood Ter,,Colorado Springs,CO,80910,,Colorado Springs
20268220438,UM Domains 2 Inc.,2026-09-29,DPC,Good Standing,CO,1500 N GRANT ST STE R,,DENVER,CO,80203,Registered Agents Inc,Denver
20268220439,Ruiqing Technology INC,2026-09-29,DPC,Good Standing,CO,1500 N Grant St Unit 664,,Denver,CO,80203,Registered Agents Inc,Denver
20268220457,A+L LLC,2026-09-29,DLLC,Good Standing,CO,8256 W Clifton Ave,,Littleton,CO,80128,,Littleton
20268220460,Linyu Technology INC,2026-09-29,DPC,Good Standing,CO,1500 N Grant St Unit 772,,Denver,CO,80203,Registered Agents Inc,Denver
20268220461,American Best Homes LLC,2026-09-29,DLLC,Good Standing,CO,4155 East Jewell Ave Suite 607,,DENVER CO 80222,CO,80222,,DENVER CO 80222
20268220462,Signature 366 Transportation LLC,2026-09-29,DLLC,Good Standing,CO,21699 E Quincy Ave,F180,Aurora,CO,80015,K&R Motors,Aurora
20268220472,Ace Chimney Sweeps LLC,2026-09-29,DLLC,Good Standing,CO,10090 Garrison st,suite 104,Westminster,CO,80021,,Denver
20268220473,UM Domains 3 Inc.,2026-09-29,DPC,Good Standing,CO,1500 N GRANT ST STE R,,DENVER,CO,80203,Registered Agents Inc,Denver
20268220474,The Eleve Collective LLC,2026-09-29,DLLC,Good Standing,CO,7001 Tower Rd Ste F,,Denver,CO,80249,,Aurora
20268220481,KARIYA MERCANTILE INC,2026-09-29,DPC,Good Standing,CO,"7222 Commerce Center Dr, Suite 220",,Colorado Springs,CO,80919,Trusted Agency Inc.,Denver
20268220485,Radiant Fox Electric LLC,2026-09-29,DLLC,Good Standing,CO,2124 Oakcrest Cir,,Castle Rock,CO,80104,,Castle Rock
20268220491,Rocky Mountain Timberframe LLC,2026-09-29,DLLC,Good Standing,CO,52144 Banner Rd,,Delta,CO,81416,,Delta
20268220502,UM Domains 4 Inc.,2026-09-29,DPC,Good Standing,CO,1500 N GRANT ST STE R,,DENVER,CO,80203,Registered Agents Inc,Denver
20268220505,Warrior Tile and Stone LLC,2026-09-29,DLLC,Good Standing,CO,1831 County Road 114,,Glenwood Springs,CO,81601,,Glenwood Springs
20268220515,ROSBURG GLOBAL TRADING INC,2026-09-29,DPC,Good Standing,CO,"1755 Telstar Dr, Suite 202",,Colorado Springs,CO,80920,Trusted Agency Inc.,Denver
20268220516,"EnGineered strength, LLC",2026-09-29,DLLC,Good Standing,CO,7599 Concord Dr,,Boulder,CO,80301,,Boulder
20268220517,Archuleta Property Solutions LLC,2026-09-29,DLLC,Good Standing,CO,7770 Kenwood st,,Commerce city,CO,80022,,Commerce city
20268220518,RockSolid General Services LLC,2026-09-29,DLLC,Good Standing,CO,7091 Raritan St,,Denver,CO,80221,,Denver
20268220536,Moctezuma custom works LLC,2026-09-29,DLLC,Good Standing,CO,7887 East Belleview Ave. Suite 1100A PMB 1408,,Denver,CO,80111,,Fort Collins
20268220541,BASS TRADING INC,2026-09-29,DPC,Good Standing,CO,"2 N Nevada Ave, Suite 120",,Colorado Springs,CO,80903,Trusted Agency Inc.,Denver
20268220542,USA Xiangcong Recycling Resources INC.,2026-09-29,DPC,Good Standing,CO,1580 N Logan St Ste 660 #30327,,DENVER,CO,80203-1994,Colorado agent services inc,Grand Junction
20268220546,docsIQ LLC,2026-09-29,DLLC,Good Standing,CO,400 N Park Ave Unit 10B,,Breckenridge,CO,80424,,Lakewood
20268220549,"TDB Solutions Group, LLC",2026-09-29,DLLC,Good Standing,CO,2730 S Wadsworth Blvd Ste A,,Denver,CO,80227,,Denver
20268220561,redline9 LLC,2026-09-29,DLLC,Good Standing,CO,206 meadowbrook blvd,,paonia,CO,81428,,paonia
20268220564,TechieCheck LLC,2026-09-29,DLLC,Good Standing,CO,9616 Cove Creek Dr,,Highlands Ranch,CO,80129,,Highlands Ranch
20268220571,1879 Campground LLC,2026-09-29,DLLC,Good Standing,CO,907 State St,,Pitkin,CO,81241,,Monument
20268220573,M & S LIQUORS LLC,2026-09-29,DLLC,Good Standing,CO,3109 35th Avenue Building # H,,GREELEY,CO,80634,,Greeley
20268220585,Road 2 Recovery LLC,2026-09-29,DLLC,Good Standing,CO,1120 W Northen Ave,,Pueblo,CO,81004,,Pueblo
20268220592,PYRANO TRADE LTD,2026-09-29,DPC,Good Standing,CO,1500 N Grant St Ste 9213,,Denver,CO,80203,Streamway Registered Agent LLC,Denver
20268220594,601 Bogue St LLC,2026-09-29,DLLC,Good Standing,CO,3351 S Verbena Ct,,Denver,CO,80231,,Denver
20268220599,R&Z Trucking LLC,2026-09-29,DLLC,Good Standing,CO,919 Harvard St,,Johnstown,CO,80534,,Johnstown
20268220605,BizTaxIQ LLC,2026-09-29,DLLC,Good Standing,CO,400 N Park Ave Unit 10B,,Breckenridge,CO,80424,,Lakewood
20268220606,D&R Property Maintenance LLC,2026-09-29,DLLC,Good Standing,CO,5850 N Central Ave,,Westminster,CO,80031,,Westminster
20268220621,Two Rivers Canoe LLC,2026-09-29,DLLC,Good Standing,CO,353 S Alcott St,,Denver,CO,80219,,Denver
20268220635,THNEX TECHNOLOGY LTD,2026-09-29,DPC,Good Standing,CO,1500 N GRANT ST STE R,,DENVER,CO,80203,Registered Agents Inc,Denver
20268220662,"Norse Signal Research Group, LLC",2026-09-29,DLLC,Good Standing,CO,2413 Jasmine Lane,,Johnstown,CO,80534,,Johnstown
20268220664,Glo Skin Studio LLC,2026-09-29,DLLC,Good Standing,CO,727 simms st,,Golden,CO,80401,,Golden
20268220669,Somer Builds LLC,2026-09-29,DLLC,Good Standing,CO,1699 S Trenton St Unit 1,,Denver,CO,80231,,Denver
20268220671,Tulip Tea LLC,2026-09-29,DLLC,Good Standing,CO,19029 E Mansfield Dr,,Aurora,CO,80013,,Aurora
20268220672,EAG Services LLC,2026-09-29,DLLC,Good Standing,CO,5554 Worchester St,,Denver,CO,80239,,Denver
20268220687,Resonance Collective LLC,2026-09-29,DLLC,Good Standing,CO,2015 Palm Dr,,Colorado Springs,CO,80918,,Colorado Springs
20268220690,Precision Precession LLC,2026-09-29,DLLC,Good Standing,CO,1500 N Grant St Ste R,,Denver,CO,80203,Registered Agents Inc,Denver
20268220694,Stoltzfus Performance Horses LLC,2026-09-29,DLLC,Good Standing,CO,4972 County Road 12 S,,Alamosa,CO,81101,,Alamosa
20268220697,Paperback Health LLC,2026-09-29,DLLC,Good Standing,CO,2918 Ninebark Dr,,Fort Collins,CO,80528,,Fort Collins
20268220708,Prime Power Group Inc,2026-09-29,DPC,Good Standing,CO,1500 N Grant St Unit 549,,Denver,CO,80203,Registered Agents Inc,Denver
20268220709,PERSNICKETY LLC,2026-09-29,DLLC,Good Standing,CO,4580 Templeton Park Cir Apt 84,,Colorado Springs,CO,80917,,Colorado Springs
20268220715,Gabby's LLC,2026-09-29,DLLC,Good Standing,CO,1374 Milwaukee St Apt 6,,Denver,CO,80206,,Denver
20268220718,Helix Nebula LLC,2026-09-29,DLLC,Good Standing,CO,1500 N Grant St,Ste N,Denver,CO,80203,Northwest Registered Agent LLC,Denver
20268220726,MacroScope Labs LLC,2026-09-29,DLLC,Good Standing,CO,4790 Sherman St,,Denver,CO,80216,,Denver
20268220730,Edgewater Rain Gutter Co Inc.,2026-09-29,DPC-PBC,Good Standing,CO,2818 Metropolitan Place,Unit B,Pomona,CA,91767,New Mind Holdings Inc,Denver
20268220731,Premium Cleaning Rentals LLC,2026-09-29,DLLC,Good Standing,CO,4840 Flanders Way,,Denver,CO,80249,,Denver
20268220744,Napa Collects LLC,2026-09-29,DLLC,Good Standing,CO,2348 W 165th Pl,,Broomfield,CO,80023,,Broomfield
20268220746,Ravsen Inc,2026-09-29,DPC,Good Standing,CO,1500 N GRANT ST,STE R,DENVER,CO,80203,Registered Agents Inc,Denver
20268220748,"Carubia Investments, LLC",2026-09-29,DLLC,Good Standing,CO,12692 Barossa Valley Rd,,Colorado Springs,CO,80921,,Colorado Springs
20268220749,Skyline Digital Inc.,2026-09-29,DPC,Good Standing,CO,1500 N GRANT ST,STE R,Denver,CO,80203,Registered Agents Inc,Denver
20268220755,Alright Health Ltd.,2026-09-29,DLLC,Good Standing,CO,4244 S Hammock Dr,,Colorado Springs,CO,80917,,Colorado Springs
20268220758,Stoneforge Enterprises LLC,2026-09-29,DLLC,Good Standing,CO,22076 E Jamison Pl,,Aurora,CO,80016,,Aurora
20268220768,Emergency Response Group LLC,2026-09-29,DLLC,Good Standing,CO,11250 Florence St Unit 4E,,Commerce City,CO,80640,,Commerce City
20268220773,Gx007 Ltd,2026-09-29,DLLC,Good Standing,CO,17898 E Dickenson Pl,,Aurora,CO,80013,,Aurora
20268220781,Veslar Inc,2026-09-29,DPC,Good Standing,CO,1500 N GRANT ST,STE R,DENVER,CO,80203,Registered Agents Inc,Denver
20268220791,KVI Shaffer Office LLC,2026-09-29,DLLC,Good Standing,CO,1500 N Grant St,Ste N,Denver,CO,80203,Northwest Registered Agent LLC,Denver
20268220792,HPMCOLO15 LLC,2026-09-29,DLLC,Good Standing,CO,1500 N Grant St,Ste N,Denver,CO,80203,Northwest Registered Agent LLC,Denver
20268220800,East Ember Inc,2026-09-29,DPC,Good Standing,CO,6212 E Pine Ln Unit 2098,,Parker,CO,80138,Rocky Mountain RA LLC,Denver
20268220803,CivicHire Solutions LLC,2026-09-29,FLLC,Good Standing,MO,1500 N GRANT ST,STE N,Denver,CO,80203,Northwest Registered Agent LLC,Denver
20268220807,Skuba Inventory LLC,2026-09-29,DLLC,Good Standing,CO,1500 N Grant St Ste R,,Denver,CO,80203,Registered Agents Inc,Denver
20268220818,ARREDONDO SERVICES LLC,2026-09-29,DLLC,Good Standing,CO,578 Canyon Creek Dr,,Glenwood Springs,CO,81601,IMPUESTOS SEGUROS,Glenwood Springs
20268220820,KJY Services Co.,2026-09-29,DPC,Good Standing,CO,2130 Main St Ste 10,,Longmont,CO,80501,,Longmont
20268220829,Chasing Peace,2026-09-29,DNC,Good Standing,CO,14313 E 1st Dr Unit 306,,Aurora,CO,80011,,Aurora
20268220843,Lo Mejor de Perro Loco LLC,2026-09-29,DLLC,Good Standing,CO,18591 E 61st Ave Unit 130,,Denver,CO,80249,,Denver
20268220847,Giving Hope LLC,2026-09-29,DLLC,Good Standing,CO,5019 Apache Creek Rd,,Castle Rock,CO,80109,,castle rock
20268220859,Dexterity Trading INC,2026-09-29,DPC,Good Standing,CO,6155 S Main Street Suite 426,,Aurora,CO,80016,Colorado Business Agent Corporation,Denver
20261800736,Ritual Flavors Ltd.,2026-09-28,DLLC,Good Standing,CO,7550 e 53rd pl,,Denver,CO,80217,,Denver
20268002105,Lark W. Quill LLC,2026-09-28,DLLC,Good Standing,CO,1500 N Grant St,Ste N,Denver,CO,80203,Northwest Registered Agent LLC,Denver
20268015890,"Rocky Mountain Urology, PLLC",2026-09-28,DLLC,Good Standing,CO,"2222 N. Nevada Ave, Suite 2025",,Colorado Springs,CO,80907,,Colorado Springs
20268209237,Nickel Practice Solutions LLC,2026-09-28,DLLC,Good Standing,CO,1500 N Grant St #4183,,Denver,CO,80203,Registered Agents Inc,Denver
20268209239,Ithavor Inc,2026-09-28,DPC,Good Standing,CO,1500 N GRANT ST STE R,,DENVER,CO,80203,Registered Agents Inc,Denver
20268209242,"Today's Veterans Outreach, Inc.",2026-09-28,FNC,Good Standing,MI,"3128 Walton Blvd., #200",,Rochester Hills,MI,48309,"INCORP SERVICES, INC.",DENVER
20268209245,SOLIXAV ENERUM LLC,2026-09-28,DLLC,Good Standing,CO,718 10th St,,Alamosa,CO,81101,"CIVCO Engineering, Inc.",Denver
20268209247,LUNEXA ROVVT LLC,2026-09-28,DLLC,Good Standing,CO,127 Bronk St,,Monte Vista,CO,81144,"CIVCO Engineering, Inc.",Denver
20268209253,KALIMA GLOBAL TRADING INC,2026-09-28,DPC,Good Standing,CO,"3190 S Vaughn Way, Suite 550",,Aurora,CO,80014,Trusted Agency Inc.,Denver
20268209254,CHENCHUNZHUQG INC,2026-09-28,DPC,Good Standing,CO,534 6th St,,Burlington,CO,80807,Colorado Official Registered Agent LLC,Denver
20268209256,"Hongliangye Trading, Inc.",2026-09-28,DPC,Good Standing,CO,1500 N GRANT ST STE R,,DENVER,CO,80203,Registered Agents Inc,Denver
20268209259,Solvendra Inc,2026-09-28,DPC,Good Standing,CO,5225 N Academy Blvd #301,,Colorado Springs,CO,80918,Registered Agents Inc,Denver
20268209260,Carlton Drone Services LLC,2026-09-28,DLLC,Good Standing,CO,2710 N Fillmore St,,Denver,CO,80205,,Denver
20268209261,Korea Home global LLC,2026-09-28,DLLC,Good Standing,CO,"1500 N GRANT ST, STE B",,DENVER,CO,80203,"INCORP SERVICES, INC.",DENVER
20268209263,XENORA VILZZTA LLC,2026-09-28,DLLC,Good Standing,CO,52 Black Hawk Rd,,South Fork,CO,81154,"CIVCO Engineering, Inc.",Denver
20268209265,Xypherion Inc,2026-09-28,DPC,Good Standing,CO,14613 Orchard Pkwy #200,,Westminster,CO,80023,Registered Agents Inc,Denver
20268209268,QUORIXA VELSN LLC,2026-09-28,DLLC,Good Standing,CO,585 Heron St,,Nucla,CO,81424,"CIVCO Engineering, Inc.",Denver
20268209270,ASTR ONAVEXS LLC,2026-09-28,DLLC,Good Standing,CO,395 White River Dr,,Grand Junction,CO,81504,"CIVCO Engineering, Inc.",Denver
20268209275,Synthelis Inc,2026-09-28,DPC,Good Standing,CO,1401 Zuni St #104,,Denver,CO,80204,Registered Agents Inc,Denver
20268209279,CHENHONGJINWN LLC,2026-09-28,DLLC,Good Standing,CO,772 S BILOXI ST,,AURORA,CO,80018,ALIKGARG LLC,ELIZABETH
20268209281,Aethorion Inc,2026-09-28,DPC,Good Standing,CO,400 Inverness Pkwy #160,,Englewood,CO,80112,Registered Agents Inc,Denver
20268209283,Cedar Peak Merch Source LLC,2026-09-28,DLLC,Good Standing,CO,1933 N Grant St,,Denver,CO,80203,"Rogue Dogs, inc.",Aurora
20268209304,Valeranth Inc,2026-09-28,DPC,Good Standing,CO,4041 Hanover Ave #200,,Boulder,CO,80305,Registered Agents Inc,Denver
20268209309,Floravira Inc,2026-09-28,DPC,Good Standing,CO,25577 Conifer Rd Unit 201,,Conifer,CO,80433,Registered Agents Inc,Denver
20268209314,Suveloan LLC,2026-09-28,DLLC,Good Standing,CO,1500 N GRANT ST STE R,,DENVER,CO,80203,Registered Agents Inc,Denver
20268209317,CHENGXIANGDB LLC,2026-09-28,DLLC,Good Standing,CO,455 FLORENCE RD,,GRAND JUNCTION,CO,81504,ALIKGARG LLC,ELIZABETH
20268209318,Meravolis Inc,2026-09-28,DPC,Good Standing,CO,26719 Pleasant Park Rd #140,,Conifer,CO,80433,Registered Agents Inc,Denver
20268209323,homelifedecor LLC,2026-09-28,DLLC,Good Standing,CO,9270 Village Pkwy,,Lakewood,CO,80215,Northwest Registered Agent LLC,Denver
20268209326,Vesperana Inc,2026-09-28,DPC,Good Standing,CO,512 4th Ave #101,,Longmont,CO,80501,Registered Agents Inc,Denver
20268209327,Kaelis Studio Inc,2026-09-28,DPC,Good Standing,CO,11052 Cimarron St Unit E,,Firestone,CO,80504,Registered Agents Inc,Denver
20268209331,Alpha Meditech LLC,2026-09-28,DLLC,Good Standing,CO,1500 N Grant St,Ste N,Denver,CO,80203,Northwest Registered Agent LLC,Denver
20268209334,Bellavantis Inc,2026-09-28,DPC,Good Standing,CO,2101 Ken Pratt Blvd #100,,Longmont,CO,80501,Registered Agents Inc,Denver
20268209337,Novalys Studio Inc,2026-09-28,DPC,Good Standing,CO,1616 17th St Ste 262,,Denver,CO,80202,Registered Agents Inc,Denver
20268209339,Elusivara Inc,2026-09-28,DPC,Good Standing,CO,4625 W 20th St #103,,Greeley,CO,80634,Registered Agents Inc,Denver
20268209344,Kaelen Global Inc,2026-09-28,DPC,Good Standing,CO,600 5th Ave Ste C,,Longmont,CO,80501,Registered Agents Inc,Denver
20268209354,LIMINGHANJD LLC,2026-09-28,DLLC,Good Standing,CO,2719 GAYLORD DR,,LOVELAND,CO,80537,ALIKGARG LLC,ELIZABETH
20268209358,WANGCAISK LLC,2026-09-28,DLLC,Good Standing,CO,3921 BURTON ST,,STRASBURG,CO,80136,ALIKGARG LLC,ELIZABETH
20268209361,WANGQINGBOTB LLC,2026-09-28,DLLC,Good Standing,CO,214 SECOND ST,,ROGGEN,CO,80652,ALIKGARG LLC,ELIZABETH
20268209369,Front range legal logistics llc,2026-09-28,DLLC,Good Standing,CO,620 Canyon Ct,,Lochbuie,CO,80603,,Lochbuie
20268209380,Epoch Coin LLC,2026-09-28,DLLC,Good Standing,CO,1500 N Grant St,Ste N,Denver,CO,80203,Northwest Registered Agent LLC,Denver
20268209386,Obverse Mint LLC,2026-09-28,DLLC,Good Standing,CO,1500 N Grant St,Ste N,Denver,CO,80203,Northwest Registered Agent LLC,Denver
20268209393,Lumina Mint LLC,2026-09-28,DLLC,Good Standing,CO,1500 N Grant St,Ste N,Denver,CO,80203,Northwest Registered Agent LLC,Denver
20268209395,DONGGUAN MAICHUANG INC,2026-09-28,DPC,Good Standing,CO,1500 N GRANT ST,STE R,Denver,CO,80203,Registered Agents Inc,Denver
20268209397,WEIDONGDONGXJ LLC,2026-09-28,DLLC,Good Standing,CO,3229 UPSALA VW,,COLORADO SPRINGS,CO,80906,ALIKGARG LLC,ELIZABETH
20268209439,Technically Not LLC,2026-09-28,DLLC,Good Standing,CO,2032 Carlee Dr.,Apt. 27D,Pueblo,CO,81005,,Pueblo
20268209444,WEIWENJIEHN LLC,2026-09-28,DLLC,Good Standing,CO,630 MCKINLEY AVE,,FORT LUPTON,CO,80621,ALIKGARG LLC,ELIZABETH
20268209445,YANGCHAOJX LLC,2026-09-28,DLLC,Good Standing,CO,901 6530 RD UNIT 3810,,MONTROSE,CO,81401,ALIKGARG LLC,ELIZABETH
20268209449,YAOYUXINDM LLC,2026-09-28,DLLC,Good Standing,CO,1421 COLEBROOK CT,,CASTLE ROCK,CO,80109,ALIKGARG LLC,ELIZABETH
20268209451,ZHANGGAOOJIETS LLC,2026-09-28,DLLC,Good Standing,CO,1525 5TH ST,,GREELEY,CO,80631,ALIKGARG LLC,ELIZABETH
20268209452,FIORIRE PRIVATE LLC,2026-09-28,DLLC,Good Standing,CO,1500 N GRANT ST 5656,,DENVER,CO,80203,Registered Agents Inc,Denver
20268209457,ZHENGWENJIEGM LLC,2026-09-28,DLLC,Good Standing,CO,807 PTARMIGAN PL,,LOVELAND,CO,80538,ALIKGARG LLC,ELIZABETH
20268209458,CLEEN PACK LLC,2026-09-28,DLLC,Good Standing,CO,1500 N GRANT ST,STE 5852,DENVER,CO,80203,"NATIONAL REGISTERED AGENTS, INC.",Centennial
20268209461,Northwood Cleaning Ventures LLC,2026-09-28,DLLC,Good Standing,CO,960 Bend in the Trail Road,,Monument,CO,80132,ZenBusiness Inc.,Denver
20268209464,Skokon LLC,2026-09-28,DLLC,Good Standing,CO,13 White Oak Dr,,Littleton,CO,80127,,Littleton
20268209468,Inspiring Grace LLC,2026-09-28,DLLC,Good Standing,CO,4680 W Mineral Dr,1017,Littleton,CO,80128,ZenBusiness Inc.,Denver
20268209471,Hillmere Inc,2026-09-28,DPC,Good Standing,CO,6212 E Pine Ln Unit 2098,,Parker,CO,80138,Rocky Mountain RA LLC,Denver
20268209474,Bi Fa Cai Inc,2026-09-28,DPC,Good Standing,CO,503 Lincoln St,,Denver,CO,80203,Registered Agents Inc,Denver
20268209477,LIAOZHENGFENGWM LLC,2026-09-28,DLLC,Good Standing,CO,19878 HIGHWAY 491,,LEWIS,CO,81327,ALIKGARG LLC,ELIZABETH
20268209478,QUOS QAZAH ADV.MAT.TR LLC,2026-09-28,DLLC,Good Standing,CO,1500 N GRANT ST 5656,,DENVER,CO,80203,Registered Agents Inc,Denver
20268209484,Wuhan Pufeike Building Materials LTD,2026-09-28,DPC,Good Standing,CO,1500 N Grant St Unit 544,,Denver,CO,80203,Registered Agents Inc,Denver
20268209493,Ventrobio Inc,2026-09-28,DPC,Good Standing,CO,1500 N GRANT ST STE C,,Denver,CO,80203,Colorado Registered Agent LLC,Denver
20268209498,"Light 2 The World, Inc.",2026-09-28,FNC,Good Standing,OR,19930 Chaparral Circle,,Penn Valley,CA,95946,Registered Agents Inc,Denver
20268209499,"KODIAK PEAK, LLC",2026-09-28,DLLC,Good Standing,CO,903 Barksdale Creek Ln,,Fairview,TX,75069,"CAPITOL CORPORATE SERVICES, INC.",BRIGHTON
20268209504,"Aurax Biotechnology Co., Ltd.",2026-09-28,DPC,Good Standing,CO,1500 N Grant St Unit 546,,Denver,CO,80203,Registered Agents Inc,Denver
20268209512,Lowell LLC,2026-09-28,DLLC,Good Standing,CO,4925 Lowell Blvd Unit 5,,Denver,CO,80221,,Erie
20268209524,"ALD Connect, Inc.",2026-09-28,FNC,Good Standing,MA,2796 McGarvey Ave,,Redwood,CA,94061,Registered Agents Inc,Denver
20268209537,WILDCA INC,2026-09-28,DPC,Good Standing,CO,1500 N Grant St Ste R,,Denver,CO,80203,Registered Agents Inc,Denver
20268209541,GeeBird LLC,2026-09-28,DLLC,Good Standing,CO,3229 Walnut St Suite 734,,Boulder,CO,80301,Colorado Business Agent Corporation,Denver
20268209548,Area 51 Westminster LLC,2026-09-28,DLLC,Good Standing,CO,13644 Orchard Pkwy Unit 600,,Westminster,CO,80023,,Centennial
20268209555,Nutrivenza LLC,2026-09-28,DLLC,Good Standing,CO,1500 N Grant St,Ste R,Denver,CO,80203,Registered Agents Inc,Denver
20268209562,AUVELA TRADE LTD,2026-09-28,DPC,Good Standing,CO,1500 N Grant St Ste 3950,,Denver,CO,80203,Streamway Registered Agent LLC,Denver
20268209563,NAT GLOBAL LLC,2026-09-28,DLLC,Good Standing,CO,1500 N Grant St,Ste R,Denver,CO,80203,Registered Agents Inc,Denver
20268209569,"Kings Ridge Townhouse, LLC",2026-09-28,DLLC,Good Standing,CO,4325 Stuart St,,Denver,CO,80212,,Denver
20268209576,CALYRO TRADE LTD,2026-09-28,DPC,Good Standing,CO,1500 N Grant St Ste 7299,,Denver,CO,80203,Streamway Registered Agent LLC,Denver
20268209580,VELORA WORKS LLC,2026-09-28,DLLC,Good Standing,CO,3215 E Colfax Ave,,Denver,CO,80206,,Denver
20268209599,DORVEN TRADE LTD,2026-09-28,DPC,Good Standing,CO,1500 N Grant St Ste 1658,,Denver,CO,80203,Streamway Registered Agent LLC,Denver
20268209609,JACKZNG INC,2026-09-28,DPC,Good Standing,CO,1500 N Grant St Ste R,,Denver,CO,80203,Registered Agents Inc,Denver
20268209622,"Seed Company, Inc.",2026-09-28,FNC,Good Standing,TX,220 Westway Place,Suite 100,Arlington,TX,76018,"URS Agents, LLC.",Centennial
20268209625,BRIGHT BLOOM LLC,2026-09-28,DLLC,Good Standing,CO,1410 N Humboldt St,,Denver,CO,80218,,Denver
20268209630,DREAMING STARTX INC,2026-09-28,DPC,Good Standing,CO,1500 N Grant St Ste R,,Denver,CO,80203,Registered Agents Inc,Denver
20268209634,JABZO INC,2026-09-28,DPC,Good Standing,CO,1200 17th Street,,Denver,CO,80202,Colorado Official Registered Agent LLC,Denver
20268209652,MacDuffy Emporium LLC,2026-09-28,DLLC,Good Standing,CO,39505 Gwinett Cir,,Elizabeth,CO,80107,,Elizabeth
20268209653,LIVORA TRADE LTD,2026-09-28,DPC,Good Standing,CO,1500 N Grant St Ste 9178,,Denver,CO,80203,Streamway Registered Agent LLC,Denver
20268209659,SHAMMRIA SHAD LLC,2026-09-28,DLLC,Good Standing,CO,4621 Colorado Highway 103,,Idaho Springs,CO,80452,"NATIONAL REGISTERED AGENTS, INC.",Centennial
20268209693,FALMIR TRADE LTD,2026-09-28,DPC,Good Standing,CO,1500 N Grant St Ste 2962,,Denver,CO,80203,Streamway Registered Agent LLC,Denver
20268209715,CHAO VIREXA LLC,2026-09-28,DLLC,Good Standing,CO,225 UNION BLVD STE 400,,LAKEWOOD,CO,80228,Coykzxouy Inc,Englewood
20268209723,Britglas INC,2026-09-28,DPC,Good Standing,CO,1252 Canyon Dr,,Ridgway,CO,81432,HY Electrical Appliance Inc,Leadville
20268209734,LARVEO TRADE LTD,2026-09-28,DPC,Good Standing,CO,1500 N Grant St Ste 8235,,Denver,CO,80203,Streamway Registered Agent LLC,Denver
20268209741,HY Fashion Inc,2026-09-28,DPC,Good Standing,CO,905 Sawatch Dr,,Leadville,CO,80461,Aurora Network INC,Ridgway
20268209756,"Mary Lane Condo, LLC",2026-09-28,DLLC,Good Standing,CO,4325 Stuart St,,Denver,CO,80212,,Denver
20268209787,MEORIS TRADE LTD,2026-09-28,DPC,Good Standing,CO,1500 N Grant St Ste 1625,,Denver,CO,80203,Streamway Registered Agent LLC,Denver
20268209788,"Bandlei, Inc.",2026-09-28,FPC,Good Standing,FL,509 Hyland Dr,,Evergreen,CO,80439-4809,,Evergreen
20268209827,SILVEO TRADE LTD,2026-09-28,DPC,Good Standing,CO,1500 N Grant St Ste 7293,,Denver,CO,80203,Streamway Registered Agent LLC,Denver
20268209870,"Long-run Production, LLC",2026-09-28,DLLC,Good Standing,CO,4325 Stuart St,,Denver,CO,80212,,Denver
20268209886,"KP Veterinary Services, LLC",2026-09-28,DLLC,Good Standing,CO,1149 Caelum Ct,,Loveland,CO,80537,,Loveland
20268209890,VASORA TRADE LTD,2026-09-28,DPC,Good Standing,CO,1500 N Grant St Ste 2939,,Denver,CO,80203,Streamway Registered Agent LLC,Denver
20268209897,Jesi J Salon & Spa LLC,2026-09-28,DLLC,Good Standing,CO,4117 Main St,,Timnath,CO,80547,JJ District LLC,Timnath
20268209910,"TruNorth Psychological Services, LLC",2026-09-28,DLLC,Good Standing,CO,2253 N Downing St,,Denver,CO,80205,,Denver
20268209911,UMBERMERE LLC,2026-09-28,DLLC,Good Standing,CO,6634 W CORNELL AVE,,DENVER,CO,80227,ALIKGARG LLC,ELIZABETH
20268209915,VINTAGEMERE LLC,2026-09-28,DLLC,Good Standing,CO,7794 INDIAN VILLAGE HTS,,FOUNTAIN,CO,80817,ALIKGARG LLC,ELIZABETH
20268209919,ZALENS TRADE LTD,2026-09-28,DPC,Good Standing,CO,1500 N Grant St Ste 3889,,Denver,CO,80203,Streamway Registered Agent LLC,Denver
20268209924,Nuvea LLC,2026-09-28,DLLC,Good Standing,CO,1512 Curtis Street,Ste 200,Denver,CO,80202,Clearview Registered Agents LLC,Denver
20268209942,The Madison LLC,2026-09-28,DLLC,Good Standing,CO,4117 Main St,,Timnath,CO,80547,JJ District LLC,Timnath
20268209988,"USSGA Desert Invitational, LLC",2026-09-28,DLLC,Good Standing,CO,2750 Garden Ln,,Greenwood Village,CO,80121,,Greenwood Village
20268210005,Brightly Management Services LLC,2026-09-28,DLLC,Good Standing,CO,12501 E Lincoln Ave Unit 103,,Englewood,CO,80112,Stanton Investments LLC,Denver
20268210010,"COMMUNITY LEGACY GROUP HOMES, LLC",2026-09-28,DLLC,Good Standing,CO,19429 Randolph Pl,,Denver,CO,80249,"CORPORATE SERVICE CENTER, INC.",Denver
20268210064,"Latinx 4 Tech, LLC",2026-09-28,DLLC,Good Standing,CO,10839 Brooklawn Rd,,Highlands Ranch,CO,80130,,Highlands Ranch
20268210075,Polonium LLC,2026-09-28,DLLC,Good Standing,CO,1512 Curtis Street,Ste 200,Denver,CO,80202,Polonium LLC,Boulder
20268210095,"SUN DRENCH GLOW LTD, LLC",2026-09-28,DLLC,Good Standing,CO,442 32 1/8 Rd,,Clifton,CO,81520,"CORPORATE SERVICE CENTER, INC.",Denver
20268210107,"Murray Acres, LLC",2026-09-28,DLLC,Good Standing,CO,4645 E County Road 60,,Wellington,CO,80549,,Wellington
20268210119,"Ash Court Condo, LLC",2026-09-28,DLLC,Good Standing,CO,4325 Stuart St,,Denver,CO,80212,,Denver
20268210137,300 Lincoln LLC,2026-09-28,DLLC,Good Standing,CO,501 Walnut St,,Frederick,CO,80530,"Blackfox R3, LLC",Frederick
20268210154,YuXue Gao INC,2026-09-28,DPC,Good Standing,CO,735 Apache Trail,,Jefferson,CO,80456,Colorado Registered Agent LLC,Denver
20268210197,Atlas Cattle LLC,2026-09-28,DLLC,Good Standing,CO,110 Anderson St,,Lamar,CO,81052,"UNITED STATES CORPORATION AGENTS, INC.",Greenwood Village
20268210214,Faqiang Cao INC,2026-09-28,DPC,Good Standing,CO,1362 Mariposa St,,Denver,CO,80204,Colorado Registered Agent LLC,Denver
20268210239,NUVRELIS TRADING LLC,2026-09-28,DLLC,Good Standing,CO,533 Smelter Rd,,Tooele,UT,84074,VELMORA GOODS LLC,DENVER
20268210257,81 Daybreak LLC,2026-09-28,FLLC,Good Standing,CT,157 Imperial Avenue,,Westport,CT,06880,Registered Agents Inc,Denver
20268210260,Kaihao Sui INC,2026-09-28,DPC,Good Standing,CO,2518 W 26th Ave,,Denver,CO,80211,Colorado Registered Agent LLC,Denver
20268210300,Tianwen Zhou INC,2026-09-28,DPC,Good Standing,CO,7530 Newton St,,Westminster,CO,80030,Colorado Registered Agent LLC,Denver
20268210305,Artistry Hair Studio LLC,2026-09-28,DLLC,Good Standing,CO,23400 Two Rivers Rd Ste 47,,Basalt,CO,81621,,El Jebel
20268210317,Qichuan LLC,2026-09-28,DLLC,Good Standing,CO,1500 N Grant St,Ste N,Denver,CO,80203,Northwest Registered Agent LLC,Denver
20268210322,pingsheng Limited Liability Company,2026-09-28,DLLC,Good Standing,CO,1500 N Grant St,#4188,Denver,CO,80203,Registered Agents Inc,Denver
20268210329,ORQEVIA SUPPLY LLC,2026-09-28,DLLC,Good Standing,CO,10929 Amherst Glen Dr,,Charlotte,NC,28213,VELMORA GOODS LLC,DENVER
20268210369,TBT Bathworks LLC,2026-09-28,DLLC,Good Standing,CO,1500 N Grant St,Ste N,Denver,CO,80203,Northwest Registered Agent LLC,Denver
20268210385,Rampant Lyon Holdings LLC,2026-09-28,DLLC,Good Standing,CO,1050 South Newland Street,,Lakewood,CO,80226,ZenBusiness Inc.,Denver
20268210393,CALVERIQ RETAIL LLC,2026-09-28,DLLC,Good Standing,CO,9363 Twin Mountain Cir,,San Diego,CA,92126,VELMORA GOODS LLC,DENVER
20268210417,Brainfarm LLC,2026-09-28,DLLC,Good Standing,CO,1500 N Grant St,Ste N,Denver,CO,80203,Northwest Registered Agent LLC,Denver
20268210422,NEW FOUND DAY INC.,2026-09-28,DNC,Good Standing,CO,444 Alaska Ave,,Torrance,CA,90503,REPUBLIC REGISTERED AGENT LLC,Colorado Springs
20268210450,BITE BRANDS USA LLC,2026-09-28,DLLC,Good Standing,CO,1512 Curtis St,,Denver,CO,80202,Clearview Registered Agents LLC,Denver
20268210485,LUMENDRA LLC,2026-09-28,DLLC,Good Standing,CO,2117 Driftwood Ln,,Pueblo,CO,81005,CloudSheet V LLC,Denver
20268210487,"Pic 6 Retail Partners, Ltd.",2026-09-28,FLP,Good Standing,TX,1207 Antoine Dr.,,Houston,TX,77055,"Registered Agent Solutions, Inc.",Centennial
20268210515,"BMT Productions, Inc",2026-09-28,DPC,Good Standing,CO,12 Caleridge Ct,,Highlands Ranch,CO,80130,,Highlands Ranch
20268210522,National Asset Recovery Group LLC,2026-09-28,DLLC,Good Standing,CO,2301 Blake St Ste 100 PMB 17459068,,Denver,CO,80205,,Thornton
20268210563,Williams Creek Angler LLC,2026-09-28,DLLC,Good Standing,CO,67 Edinburgh Cir,,Pagosa Springs,CO,81147,,Pagosa Springs
20268210564,LINCOLN MHP LAND LLC,2026-09-28,FLLC,Good Standing,DE,"548 Market Street, #50631",,San Francisco,CA,94104,Registered Agents Inc,Denver
20268210573,Gutierrez LLC,2026-09-28,DLLC,Good Standing,CO,18859 E 16th Pl,,Aurora,CO,80011,,Aurora
20268210582,Trent Ave LLC,2026-09-28,DLLC,Good Standing,CO,1905 Trent Ave,,Colorado Springs,CO,80909,,Colorado Springs
20268210597,LINCOLN MHP PARK LLC,2026-09-28,FLLC,Good Standing,DE,"548 Market Street, #50631",,San Francisco,CA,94104,Registered Agents Inc,Denver
20268210601,"Nestwell, LLC",2026-09-28,DLLC,Good Standing,CO,1500 N GRANT ST,STE N,DENVER,CO,80203,Registered Agents Inc,Denver
20268210614,Bull Mesa Iron Horse Ranch Ltd.,2026-09-28,DLLC,Good Standing,CO,19795 High Park Rd,,Cedaredge,CO,81413,,Cedaredge
20268210619,Neumann Law Group PLLC,2026-09-28,DLLC,Good Standing,CO,110 16th St Ste 1400 PMB 7a,,Denver,CO,80202,Northwest Registered Agent LLC,Denver
20268210623,"Triad Ark City KS, LLC",2026-09-28,DLLC,Good Standing,CO,2440 E County Road 30,,Fort Collins,CO,80528,,Fort Collins
20268210626,Apollo Institutional Intermediation Services LLC,2026-09-28,FLLC,Good Standing,DE,"9 West 57th Street, 41st Floor",,New York,NY,10019,CORPORATION SERVICE COMPANY,Littleton
20268210638,Bee Still Boutique LLC,2026-09-28,DLLC,Good Standing,CO,1864 Sheringham Drive,,Colorado Springs,CO,80951,ZenBusiness Inc.,Denver
20268210646,BMP Compliance Group LLC,2026-09-28,FLLC,Good Standing,OH,21 E State Street Suite 200,,Columbus,OH,43215,Rocky Mountain RA LLC,Denver
20268210677,Foyer Intelligence LLC,2026-09-28,DLLC,Good Standing,CO,110 16th St Ste 1460,,Denver,CO,80202,Rocky Mountain RA LLC,Denver
20268210686,Jin LLC,2026-09-28,DLLC,Good Standing,CO,5550 Tech Center Dr,Ste 203,Colorado Springs,CO,80919,,Colorado Springs
20268210690,"SnowboarderFlix.com, LLC",2026-09-28,DLLC,Good Standing,CO,1107 Shortline Dr,,Fort Lupton,CO,80621,"FLANDERS, ELSBERG, HERBER & DUNN, LLC",Longmont
20268210696,EggCellent Breakfast Foundation,2026-09-28,DNC,Good Standing,CO,7997 Westview Dr,,Lakewood,CO,80214,,Lakewood
20268210700,Tarin Concrete LLC,2026-09-28,DLLC,Good Standing,CO,9595 Pecos St.,244,Thornton,CO,80260,ZenBusiness Inc.,Denver
20268210711,"Sparrow and Spruce Coffee, LLC",2026-09-28,DLLC,Good Standing,CO,9104 Basalt Ln,,Littleton,CO,80125,,Littleton
20268210747,Granite Integration LLC,2026-09-28,DLLC,Good Standing,CO,2955 New Center Point #1059,,Colorado Springs,CO,80922,,Colorado Springs
20268210757,REDW Limited Liability Company,2026-09-28,DLLC,Good Standing,CO,4453 S Hannibal Way Apt 459,,Aurora,CO,80015,,Aurora
20268210771,"MMI Leasing, LLC",2026-09-28,DLLC,Good Standing,CO,4385 Northpark Dr,,Colorado Springs,CO,80907,,Colorado Springs
20268210792,"West Coast Container, Inc.",2026-09-28,FPC,Good Standing,NV,"10365 SE Sunnyside Rd, Ste 315",,Clackamas,OR,97015,"INCORP SERVICES, INC.",DENVER
20268210800,MMI Holding Co.,2026-09-28,DPC,Good Standing,CO,4385 Northpark Dr,,Colorado Springs,CO,80907,,Colorado Springs
20268210816,Dirt Campers Inc.,2026-09-28,FPC,Good Standing,DE,280 S 68th St,,Boulder,CO,80303,,Boulder
20268210829,MMI Management Co.,2026-09-28,DPC,Good Standing,CO,4385 Northpark Dr,,Colorado Springs,CO,80907,,Colorado Springs
20268210835,SilverMite Engineering LLC,2026-09-28,DLLC,Good Standing,CO,5010 Herndon Cir,,Colorado Springs,CO,80920,,Colorado Springs
20268210843,"Newport Coast, LLC",2026-09-28,DLLC,Good Standing,CO,4325 Stuart St,,Denver,CO,80212,,Denver
20268210844,Summit & Shore LLC,2026-09-28,DLLC,Good Standing,CO,7200 E Dry Creek Rd Ste E105,,Centennial,CO,80112,,Centennial
20268210848,Crux Wilderness Therapy,2026-09-28,FNC,Good Standing,CA,64459 Sunflower Rd,,Joshua Tree,CA,92252,,Silverton
20268210860,Heal With Grace LLC,2026-09-28,DLLC,Good Standing,CO,8116 Dry Creek Circle,,Niwot,CO,80503,,Niwot
20268210876,"CF Six Holdings, LLC",2026-09-28,FLLC,Good Standing,FL,569 Holden Road,,Avon,CO,81620,"GARFIELD & HECHT, P.C.",Aspen
20268210883,Collaborative Minds Behavioral Consulting LLC,2026-09-28,DLLC,Good Standing,CO,5726 Pepperdine Pt,,Colorado Springs,CO,80918,,Colorado Springs
20268210889,"18 S Greeley Ave, LLC",2026-09-28,DLLC,Good Standing,CO,"3225 McLeod Drive, Suite 100",,Las Vegas,NV,89121,ANDERSON REGISTERED AGENTS,Denver
20268210896,Rocklands Resources LLC,2026-09-28,DLLC,Good Standing,CO,132 Midland Ave Unit 3,,Basalt,CO,81621,,Basalt
20268210915,ELEVATED BEAUTY LLC,2026-09-28,DLLC,Good Standing,CO,925 S Niagara St,,Denver,CO,80224,REPUBLIC REGISTERED AGENT LLC,Colorado Springs
20268210923,"Imperial Breckenridge, LLC",2026-09-28,DLLC,Good Standing,CO,4325 Stuart St,,Denver,CO,80212,,Denver
20268210924,Ladies Love Cash LLC,2026-09-28,DLLC,Good Standing,CO,12123 Briar Leaf Ct,,Parker,CO,80138,,Parker
20268210925,Pham Le Rental Properties LLC,2026-09-28,DLLC,Good Standing,CO,2512 W. 108th Avenue,,Westminster,CO,80234,,Westminster
20268210934,Stranded Media House LLC,2026-09-28,DLLC,Good Standing,CO,1500 N Grant St,Ste N,Denver,CO,80203,Northwest Registered Agent LLC,Denver
20268210936,BULLY ELECTRIC LLC,2026-09-28,DLLC,Good Standing,CO,1601 29th St Unit 1292,,Boulder,CO,80301,REPUBLIC REGISTERED AGENT LLC,Colorado Springs
20268210952,"Ring Dog Rescue, Inc",2026-09-28,FNC,Good Standing,VA,4303 Masonic Lane,,Richmond,VA,23228,CORPORATION SERVICE COMPANY,Littleton
20268210968,Gratitude Brands LLC,2026-09-28,DLLC,Good Standing,CO,5051 S Emporia St,,Greenwood Village,CO,80111,,Greenwood Village
20268210973,RBNR Holdings LLC,2026-09-28,DLLC,Good Standing,CO,610 Oak Street,,Steamboat Springs,CO,80487,"3i Law, LLC",Denver
20268210983,Middle Fork Vista LLC,2026-09-28,DLLC,Good Standing,CO,2946 Middle Fork Vis,,Fairplay,CO,80440,,Fairplay
20268210992,Alpha Edge Property Services LLC,2026-09-28,DLLC,Good Standing,CO,347 E Allen St Apt 22,,Castle Rock,CO,80108,,Castle Rock
20268210994,10321 West Girton Drive LLC,2026-09-28,DLLC,Good Standing,CO,3615 Delgany St Ste 1100,,Denver,CO,80216,,Denver
20268210996,Keystone West Ventures LLC,2026-09-28,DLLC,Good Standing,CO,8643 Hotchkiss St,,Littleton,CO,80125,,Littleton
20268210999,Diesel Coffe Co. LLC,2026-09-28,DLLC,Good Standing,CO,Ghost River Ranch,,Rye Colorado,CO,81069,,Rye
20268211015,Dos raizes LLC,2026-09-28,DLLC,Good Standing,CO,4815 S Pagosa Cir,,Aurora,CO,80015,,Aurora
20268211022,SMMT Logistics LLC,2026-09-28,DLLC,Good Standing,CO,11273 Bufflehead Ln,,Colorado Springs,CO,80925,,Colorado Springs
20268211024,D&J Yard Farmers llc,2026-09-28,DLLC,Good Standing,CO,1500 Hibiscus Dr,,Milliken,CO,80543,,Milliken
20268211039,Kim's Janitorial LLC,2026-09-28,DLLC,Good Standing,CO,6711 Fraser Cir,,Frederick,CO,80530,,Frederick
20268211049,"Rhodes, LLC.",2026-09-28,DLLC,Good Standing,CO,12500 N 6th St,,Parker,CO,80134,,Parker
20268211053,Brew & Batter LLC,2026-09-28,DLLC,Good Standing,CO,1241 S Argonne Cir,,Aurora,CO,80017,,Aurora
20268211094,5280 Labs LLC,2026-09-28,DLLC,Good Standing,CO,11077 Shining Star Cir,,Parker,CO,80134,,Parker
20268211102,"Mythic Path Arts, LLC",2026-09-28,DLLC,Good Standing,CO,4095 S Odessa Cir,,Aurora,CO,80013,,Aurora
20268211106,Foretold Traverse LLC,2026-09-28,DLLC,Good Standing,CO,818 Mountain View Dr,,Lyons,CO,80540,,Lyons
20268211110,Preti Handi LLC,2026-09-28,DLLC,Good Standing,CO,23577 E Saratoga Cir,,Aurora,CO,80016,,Aurora
20268211145,Estate Care Co. LLC,2026-09-28,DLLC,Good Standing,CO,302 N 18th Ct,,Brighton,CO,80601,,Brighton
20268211185,Matthews Law LLC,2026-09-28,DLLC,Good Standing,CO,4565 W Custer Pl,,Denver,CO,80219,,Denver
20268211194,KC Drywall LLC,2026-09-28,DLLC,Good Standing,CO,5375 Western Ave Ste B,,Boulder,CO,80301,,Nederland
20268211200,The Emma Anne LLC,2026-09-28,DLLC,Good Standing,CO,7916 County Road 203,,Durango,CO,81301,,Durango
20268211203,Torres Products LLC,2026-09-28,DLLC,Good Standing,CO,1605 Kiwi St,,Norwood,CO,81423,,Norwood
20268211206,Dennis Rodriguez Design LLC,2026-09-28,DLLC,Good Standing,CO,4719 Aspen Pl,,Elizabeth,CO,80107,,Elizabeth
20268211216,festel LLC,2026-09-28,DLLC,Good Standing,CO,1500 N Grant St,Ste N,Denver,CO,80203,Northwest Registered Agent LLC,Denver
20268211235,Rolland Engineering Inc.,2026-09-28,DPC,Good Standing,CO,405 Ridges Blvd,,Grand Junction,CO,81507,Rocket Lawyer Corporate Services LLC,Denver
20268211240,"11-02 Ranch, LLC",2026-09-28,DLLC,Good Standing,CO,31575 Kestrel Lane,,Steamboat Springs,CO,80487,,Steamboat Springs
20268211242,Flauta Box LLC,2026-09-28,DLLC,Good Standing,CO,1311 S Steele St,,Denver,CO,80210,,Denver
20268211247,"Rosewater Impact Advisors, LLC",2026-09-28,DLLC,Good Standing,CO,9297 Glitter Way,,Colorado Springs,CO,80924,,Colorado Springs
20268211260,Ensena International,2026-09-28,DNC,Good Standing,CO,4469 S. Xavier St.,,Denver,CO,80236,,Denver
20268211293,"Inscape Manufacturing, LLC",2026-09-28,DLLC,Good Standing,CO,8668 Windhaven Dr,,Parker,CO,80134,,Parker
20268211295,Cordova Growth Partners LLC,2026-09-28,DLLC,Good Standing,CO,6745 Monterey Pine Loop,,Colorado Springs,CO,80927,,Colorado Springs
20268211321,Jolliet Studios LLC,2026-09-28,DLLC,Good Standing,CO,8226 Blue River Ave,,Littleton,CO,80125,,Littleton
20268211351,Heaven Limo LLC,2026-09-28,DLLC,Good Standing,CO,2701 Federal Blvd Apt B1,,Denver,CO,80211,,Denver
20268211352,Dirty Work Club LLC,2026-09-28,DLLC,Good Standing,CO,7741 W Quincy Dr,,Lakewood,CO,80235,,Lakewood
20268211361,Carlos Fernandez LLC,2026-09-28,DLLC,Good Standing,CO,2109 Collyer St.,,Longmont,CO,80501,,Longmont
20268211372,"LF Colorado Properties, LLC",2026-09-28,DLLC,Good Standing,CO,420 S Forest St,,Denver,CO,80246,,Denver
20268211389,Meridian Pine Run Ranch LLC,2026-09-28,DLLC,Good Standing,CO,13354 Meridian Rd,,Elbert,CO,80106,,Colorado Springs
20268211394,Reyna Hospitality LLC,2026-09-28,DLLC,Good Standing,CO,15150 Brighton Rd,,Brighton,CO,80601,Registered Agents Inc,Denver
20268211408,ChrisDaSa Inc,2026-09-28,DPC,Good Standing,CO,1500 N GRANT ST STE R,,DENVER,CO,80203,Registered Agents Inc,Denver
20268211420,Landlocked Sunless LLC,2026-09-28,DLLC,Good Standing,CO,1500 N Grant St Ste R,,Denver,CO,80203,Registered Agents Inc,Denver
20268211437,CR Mudbugs,2026-09-28,DNC,Good Standing,CO,4827 Gray Wolf Ln,,Castle Rock,CO,80104,,Castle Rock
20268211440,Kalos Compliance Solutions Ltd.,2026-09-28,DLLC,Good Standing,CO,16587 W 53rd Way,,Golden,CO,80403,,Golden
20268211442,MAISHA LLC,2026-09-28,DLLC,Good Standing,CO,1011 Louisiana Downs Cir,,Terrell,TX,75160,Registered Agents Inc,Denver
20268211449,Jerry Rigged LLC,2026-09-28,DLLC,Good Standing,CO,6668 Summer Grace St,,Colorado Springs,CO,80923,,Colorado Springs
20268211467,"Los Primos Drywall, LLC",2026-09-28,DLLC,Good Standing,CO,5549 Xapary Way,,Denver,CO,80239,,Denver
20268211473,"McWhinney D5656, LLC",2026-09-28,DLLC,Good Standing,CO,2001 Ponderosa Dr,,Loveland,CO,80538,,Loveland
20268211520,Cute Little Menace LLC,2026-09-28,DLLC,Good Standing,CO,11901 Ridge Rd Apt 262,,Wheat Ridge,CO,80033,,Wheat Ridge
20268211522,DENNIS GENTLEMAN LLC,2026-09-28,DLLC,Good Standing,CO,3300 E 42nd Ave # B,,Anchorage,AK,99508,"Backcountry Journeys Photography Tours, Workshops & Safaris LLC",Denver
20268211535,Kerkis Constantia LLC,2026-09-28,DLLC,Good Standing,CO,2426 Ames St,,Edgewater,CO,80214,,Edgewater
20268211537,DK&I INC,2026-09-28,DPC,Good Standing,CO,9641 Green Ct Unit A,,Westminster,CO,80031,,Westminster
20268211571,Align Tax Solutions LLC,2026-09-28,DLLC,Good Standing,CO,505 Prairie Clover Way,,Severance,CO,80550,"Empower Enterprises, LLC",Severance
20268211600,PINFRAGLOWY LLC,2026-09-28,DLLC,Good Standing,CO,1500 N Grant St,Ste N,Denver,CO,80203,Northwest Registered Agent LLC,Denver
20268211604,sgsfsf LLC CO,2026-09-28,DLLC,Good Standing,CO,703 Lochnell Dr,,Houston,TX,77062,PERFECT FIGURE LLC,Denver
20268211607,Cantero LLC,2026-09-28,DLLC,Good Standing,CO,1156 Highland Park Dr,,Broomfield,CO,80020,,Broomfield
20268211639,tyjfjdx LLC CO,2026-09-28,DLLC,Good Standing,CO,703 Lochnell Dr,,Houston,TX,77062,PERFECT FIGURE LLC,Denver
20268211651,Radiance Health & Wellness LLC,2026-09-28,DLLC,Good Standing,CO,11129 W Fremont Ave,,Littleton,CO,80127,,Littleton
20268211664,Danek Retina PLLC,2026-09-28,DLLC,Good Standing,CO,620 E. Main St.,,Frisco,CO,80443,,Frisco
20268211667,OLD DOMINION FIRESTOPPING LLC,2026-09-28,FLLC,Good Standing,VA,12764 Oak Lake Court,,Midlothian,VA,23112,CORPORATION SERVICE COMPANY,Littleton
20268211670,Quises Curls LLC,2026-09-28,DLLC,Good Standing,CO,17468 E Rice Cir Unit D,,Aurora,CO,80015,,Aurora
20268211679,HANDZi LLC,2026-09-28,DLLC,Good Standing,CO,8050 Chancellor Dr,,Colorado Springs,CO,80920,,Colorado Springs
20268211709,"USAP Continuum Partners of Colorado, Inc.",2026-09-28,DPC,Good Standing,CO,12222 Merit Dr Ste 700,,Dallas,TX,75251,CORPORATION SERVICE COMPANY,Littleton
20268211714,Advantage Remodel Advisor LLC,2026-09-28,DLLC,Good Standing,CO,11932 Alydar Loop,,Colorado Springs,CO,80921,Northwest Registered Agent LLC,Denver
20268211715,Cloudasys Hyper JV LLC,2026-09-28,DLLC,Good Standing,CO,1500 N Grant St Ste R,,Denver,CO,80203,Registered Agents Inc,Denver
20268211730,your maga LLC,2026-09-28,DLLC,Good Standing,CO,1500 N Grant St,Ste R,Denver,CO,80203,Registered Agents Inc,Denver
20268211741,Jumpin J Logistics LLC,2026-09-28,DLLC,Good Standing,CO,2542 S Biscay Ct,,Aurora,CO,80013,,Aurora
20268211783,DENNISE CONSULTING LLC,2026-09-28,DLLC,Good Standing,CO,4283 Moose St,,Johnstown,CO,80534,,Johnstown
20268211793,IRONVALE GROUP LLC,2026-09-28,DLLC,Good Standing,CO,1149 S KITTREDGE ST,,AURORA,CO,80017,Registered Agents Inc,Denver
20268211799,"CS Capital Group, LLC",2026-09-28,DLLC,Good Standing,CO,13172 Emerson Street,,Thornton,CO,80241,,Thornton
20268211811,Veyloza LLC,2026-09-28,DLLC,Good Standing,CO,1500 N Grant St Ste R,,Denver,CO,80203,Registered Agents Inc,Denver
20268211814,WHEAT RIDGE OWNER LLC,2026-09-28,FLLC,Good Standing,DE,"2002 Clipper Park Road, Suite 105",,Baltimore,MD,21211,CORPORATION SERVICE COMPANY,Littleton
20268211821,"Casitas Rose, LLC",2026-09-28,DLLC,Good Standing,CO,160 Clearwater Rd,,Carbondale,CO,81623,"Wood Bess Nelson Hastings, LLC",Carbondale
20268211831,Middle Path Counseling LLC,2026-09-28,DLLC,Good Standing,CO,3445 S Holly St,,Denver,CO,80222,Spieker Limited pc,Denver
20268211845,Black Horizon Systems LLC,2026-09-28,DLLC,Good Standing,CO,1609 Collins Ct,,Fort Collins,CO,80521,,Fort Collins
20268211849,Murdock & Company LLC,2026-09-28,DLLC,Good Standing,CO,37159 Dickerson Run,,Severance,CO,80550,,Severance
20268211852,Adams AI Business Ventures LLC,2026-09-28,DLLC,Good Standing,CO,1500 N Grant St Ste R,,Denver,CO,80203,Registered Agents Inc,Denver
20268211860,"OZ GP-101 AMES, LLC, Dissolved October 2, 2026",2026-09-28,DLLC,Voluntarily Dissolved,CO,5037 W. 34th Ave,,Denver,CO,80212,,Denver
20268211867,Circuit Wise Electric llc,2026-09-28,DLLC,Good Standing,CO,513 S Woodstock Dr,,Pueblo West,CO,81007,,Pueblo West
20268211870,ZAIMOND K LLC,2026-09-28,DLLC,Good Standing,CO,16013 6900 Rd,,Montrose,CO,81401,"NATIONAL REGISTERED AGENTS, INC.",Centennial
20268211876,"Fundry, LLC",2026-09-28,FLLC,Good Standing,DE,4900 W 29th Avenue,#107,Denver,CO,80212,C T CORPORATION SYSTEM,Centennial
20268211898,Panorama Minerals LLC,2026-09-28,DLLC,Good Standing,CO,2325 Panorama Ave,,Boulder,CO,80304,,Boulder
20268211944,"RESEARCH PLANNING, INC.",2026-09-28,FPC,Good Standing,SC,1121 Park St,,Columbia,SC,29201,Registered Agents Inc,Denver
20268211966,"OZ GP 101 - AMES, LLC",2026-09-28,DLLC,Good Standing,CO,5037 W. 34th Ave,,Denver,CO,80212,,Denver
20268211974,Teddy Y Nala LLC,2026-09-28,DLLC,Good Standing,CO,2100 W 100th Ave Lot 482,,Thornton,CO,80260,,Thornton
20268211980,KAYMBU INC,2026-09-28,DPC,Good Standing,CO,14132 E 22nd Pl,,Aurora,CO,80011,,Aurora
20268211985,Kutondo logistics Group LLC,2026-09-28,DLLC,Good Standing,CO,3736 Topeka Trl,,Crandall,TX,75114,Registered Agents Inc,Denver
20268211991,AUA LLC,2026-09-28,DLLC,Good Standing,CO,8871 E Amherst Dr Apt D,,Denver,CO,80231,,Denver
20268211992,PASTE Wallcoverings LLC,2026-09-28,DLLC,Good Standing,CO,844 Charles St Apt A,,Ridgway,CO,81432,,Ridgway
20268211993,NAAKHZAARIB LLC,2026-09-28,DLLC,Good Standing,CO,1767 Monitor Lode Claims,,Leadville,CO,80461,"NATIONAL REGISTERED AGENTS, INC.",Centennial
20268212013,Summit Sip LLC,2026-09-28,DLLC,Good Standing,CO,5122 Ditmars Ln,,Castle Rock,CO,80104,,Castle Rock
20268212015,Munoz Holdings L.L.C,2026-09-28,DLLC,Good Standing,CO,17920 E 94th Ave,,Commerce City,CO,80022,,Commerce City
20268212019,Kingdom Taxes LLC,2026-09-28,DLLC,Good Standing,CO,18121 E Hampden Ave C892,,Aurora,CO,80013,Kingdom Limited,AURORA
20268212020,"Business Opportunities On Supercross Tracks, LLC",2026-09-28,DLLC,Good Standing,CO,43900 Private Road 39,,Elizabeth,CO,80107,,Elizabeth
20268212037,"EV XVIII, LLC",2026-09-28,DLLC,Good Standing,CO,3070 Larimer St Ste 200,,Denver,CO,80205,"Mile High Properties, LLC",Denver
20268212053,IRON PEAK DIGITAL LLC,2026-09-28,DLLC,Good Standing,CO,193 Mary Beth Rd,,Evergreen,CO,80439,SimpleBiz Registered Agent Services LLC,Boulder
20268212062,Degenerate Digital LLC,2026-09-28,DLLC,Good Standing,CO,11489 Palmers Green Dr,,Peyton,CO,80831,,Peyton
20268212082,Delta Fire Security LLC,2026-09-28,DLLC,Good Standing,CO,4943 Eldon Dr. S,,colorado Springs,CO,80916,,colorado Springs
20268212095,Mamas Haven Doula LLC,2026-09-28,DLLC,Good Standing,CO,9175 Golden Buffs Dr,,Colorado Springs,CO,80925,,Colorado Springs
20268212100,"EV XIX, LLC",2026-09-28,DLLC,Good Standing,CO,3070 Larimer St Ste 200,,Denver,CO,80205,"Mile High Properties, LLC",Denver
20268212103,PlayBall Sports,2026-09-28,FPC,Good Standing,Outside of the US,1500 N GRANT ST,STE N,DENVER,CO,80203,Registered Agents Inc,Denver
20268212107,EDH Advisors LLC,2026-09-28,DLLC,Good Standing,CO,1500 N Grant St,Ste R,Denver,CO,80203,Registered Agents Inc,Denver
20268212112,MADD Labs Group Ltd.,2026-09-28,DLLC,Good Standing,CO,16751 E 119th Ave Unit A,,Commerce City,CO,80022,,Commerce City
20268212116,Sunhawk Brands LLC,2026-09-28,DLLC,Good Standing,CO,1500 N Grant St,Ste N,Denver,CO,80203,Northwest Registered Agent LLC,Denver
20268212118,Five Pines LLC,2026-09-28,DLLC,Good Standing,CO,4091 Eagle Tail Ln,,Castle Rock,CO,80104,,Castle Rock
20268212121,"RTA HOLDING, LLC",2026-09-28,DLLC,Good Standing,CO,4616 Charleston Ave,,Evans,CO,80634,,Evans
20268212123,"Paws Fur the Moment Pet Sitting, LLC",2026-09-28,DLLC,Good Standing,CO,505 W Community Center Drive #1369,,Northglenn,CO,80234,,Northglenn
20268212124,LC FINISHING LLC,2026-09-28,DLLC,Good Standing,CO,31 Chase St,,Lakewood,CO,80226,,Lakewood
20268212127,ARK ECOMFC LLC,2026-09-28,DLLC,Good Standing,CO,432 Manzanita Dr,,Grand Junction,CO,81507,"NATIONAL REGISTERED AGENTS, INC.",Centennial
20268212131,KAT EXCAVATION LLC,2026-09-28,DLLC,Good Standing,CO,9295 Russell Way,,Thornton,CO,80229,SimpleBiz Registered Agent Services LLC,Boulder
20268212137,AXV ENTERPRISES LLC,2026-09-28,DLLC,Good Standing,CO,109 Hemlock Dr,,Log Lane Village,CO,80705,,Log Lane Village
20268212155,Get Seen Local LLC,2026-09-28,DLLC,Good Standing,CO,Rua Andre Padhilha 130,,Viana do Castelo,OT,4900-002,Northwest Registered Agent LLC,Denver
20268212160,D&L Team LLC,2026-09-28,DLLC,Good Standing,CO,314 Pine Needle Way,,Castle Rock,CO,80104,,Castle Rock
20268212162,628 Lincoln II LLC,2026-09-28,DLLC,Good Standing,CO,610 Oak Street,,Steamboat Springs,CO,80487,"3i Law, LLC",Denver
20268212164,Western Slope Homebuyer Education Center,2026-09-28,DNC,Good Standing,CO,4215 Sky Ranch Dr,,Glenwood Springs,CO,81601,,Glenwood Springs
20268212197,"Richard David Kann Melanoma Task Force, Inc.",2026-09-28,FNC,Good Standing,FL,2751 S. Dixie Hgwy - Unit 2A,,West Palm Beach,FL,33405,CORPORATION SERVICE COMPANY,Littleton
20268212207,Re-loved Pet CO Llc,2026-09-28,DLLC,Good Standing,CO,8330 E Quincy Ave Apt E105,,Denver,CO,80237,,Denver
20268212216,RED FEATHER READERS LLC,2026-09-28,DLLC,Good Standing,CO,534 Blackfoot Road,,Red Feather Lakes,CO,80545,SimpleBiz Registered Agent Services LLC,Boulder
20268212226,Aspen Embroidery LLC,2026-09-28,DLLC,Good Standing,CO,1400 Vine St,,Aspen,CO,81611,,Aspen
20268212255,Terra Studios LLC,2026-09-28,DLLC,Good Standing,CO,6328 S Acoma St,,Littleton,CO,80120,,Littleton
20268212258,"Snow Effects, LLC",2026-09-28,DLLC,Good Standing,CO,8134 Fox Run,,Salida,CO,81201,"Cutler Law Office, LLC",Salida
20268212280,Globeline Transport LLC,2026-09-28,DLLC,Good Standing,CO,1172 Carnahan Ct,,Monument,CO,80132,,Monument
20268212281,Syrenis Inc.,2026-09-28,FPC,Good Standing,DE,5900 Balcones Drive 20605,,AUSTIN,TX,78731,Registered Agents Inc,Denver
20268212293,Dominguez Siding and Trim LLC,2026-09-28,DLLC,Good Standing,CO,1830 12th St,,Greeley,CO,80631,,Greeley
20268212303,Mountain View Creations LLC,2026-09-28,DLLC,Good Standing,CO,"1639 Ghost Dance Cir,",,Castle Rock,CO,80108,,Castle Rock
20268212308,"WH8, LLC",2026-09-28,FLLC,Good Standing,DE,"2015 MANHATTAN BEACH BLVD.,",SUITE 100,REDONDO BEACH,CA,90278,COGENCY GLOBAL INC.,Denver
20268212311,Hutch LLC,2026-09-28,DLLC,Good Standing,CO,1445 Cherokee Meadows Rd,,Livermore,CO,80536,,Livermore
20268212316,"McWhinney D5660, LLC",2026-09-28,DLLC,Good Standing,CO,1613 Sunnyside Dr,,Loveland,CO,80538,,Loveland
20268212320,Zen Scientific Services LLC,2026-09-28,DLLC,Good Standing,CO,6097 W Ida Dr,,Littleton,CO,80123,,Littleton
20268212331,Lone Cone Wellness LLC,2026-09-28,DLLC,Good Standing,CO,55 Buckboard Dr,,Norwood,CO,81423,,Norwood
20268212334,Mini MIG Welding LLC,2026-09-28,DLLC,Good Standing,CO,972 clover cir,,Lafayette,CO,80026,,Lafayette
20268212336,Dog Trek Supply Co LLC,2026-09-28,DLLC,Good Standing,CO,3758 John Wayne Cir,,Parker,CO,80138,,Parker
20268212337,Jess4You Salon Suites LLC,2026-09-28,DLLC,Good Standing,CO,3069 Wild Peregrine Vw,,Colorado Springs,CO,80916,,Colorado Springs
20268212347,"KEEPIN-U-RUNNIN MOBILE AUTO & DIESEL SERVICES, LLC",2026-09-28,DLLC,Good Standing,CO,1050 Quartz St.,"Golden, C.O. 80401",Golden,CO,80401,"CORPORATE SERVICE CENTER, INC.",Denver
20268212354,Daizy Row Ltd.,2026-09-28,DLLC,Good Standing,CO,4034 S Oneida St,,Denver,CO,80237,,Denver
20268212357,"Statewise Registered Agent, Inc.",2026-09-28,FPC,Good Standing,UT,201 E. 4th St,,Loveland,CO,80537,"Statewise Registered Agent, Inc.",Loveland
20268212362,Sour Street Holdings LLC,2026-09-28,DLLC,Good Standing,CO,407 Franklin St,,Fort Collins,CO,80521,,Fort Collins
20268212364,YAYAS RENTALS LLC,2026-09-28,DLLC,Good Standing,CO,8797 Longs Peak Cir,,Windsor,CO,80550,,Windsor
20268212386,Lilly & Company Events LLC,2026-09-28,DLLC,Good Standing,CO,865 Albion St Ste 250,,Denver,CO,80220,,Denver
20268212402,Stephens Investments LLC,2026-09-28,DLLC,Good Standing,CO,59301 E Chenago Place,,Strasburg,CO,80136,,Strasburg
20268212461,5280 DriveHaus Motors LLC,2026-09-28,DLLC,Good Standing,CO,25101 E Aberdeen Dr,,Aurora,CO,80016,,Aurora
20268212473,LA FAMILIA MULTISERVICIOS LLC,2026-09-28,DLLC,Good Standing,CO,10158 S PARKER RD UNIT 101,,PARKER,CO,80138,,PARKER
20268212481,"EV XX, LLC",2026-09-28,DLLC,Good Standing,CO,3070 Larimer St Ste 200,,Denver,CO,80205,"Mile High Properties, LLC",Denver
20268212499,Wild Blue Rides LLC,2026-09-28,DLLC,Good Standing,CO,64441 US Highway 285,,Bailey,CO,80421,Northwest Registered Agent LLC,Denver
20268212508,Macroni Marketing LLC,2026-09-28,DLLC,Good Standing,CO,1500 N Grant St,Ste N,Denver,CO,80203,Northwest Registered Agent LLC,Denver
20268212524,C Force LLC,2026-09-28,DLLC,Good Standing,CO,188 Roundtree Rd,,Rifle,CO,81650,,Rifle
20268212527,"Grex Defense, Inc.",2026-09-28,FPC,Good Standing,DE,14317 Spyglass Hill Place,,Colorado Springs,CO,80921,,Colorado Springs
20268212529,Prime Click Pro LLC,2026-09-28,DLLC,Good Standing,CO,3351 E 120th Ave Unit 9-202,,Thornton,CO,80233,,Thornton
20268212532,TGP Productions LLC,2026-09-28,DLLC,Good Standing,CO,1500 N Grant St,Ste N,Denver,CO,80203,Northwest Registered Agent LLC,Denver
20268212539,Troy Boys Shop LLC,2026-09-28,DLLC,Good Standing,CO,3818 W 30th Ave,,Denver,CO,80211,,Denver
20268212547,Laprentice LLC,2026-09-28,DLLC,Good Standing,CO,909 E 9th Ave,,Broomfield,CO,80020,Taxpayer Advocacy Group LLC,Lakewood
20268212559,Sorai Logistics LLC,2026-09-28,DLLC,Good Standing,CO,3081 Namib Dr,,Colorado Springs,CO,80939,,Colorado Springs
20268212563,Rovizent Technologies LLC,2026-09-28,DLLC,Good Standing,CO,690 Simmental Loop,,Castle Rock,CO,80104,,Castle Rock
20268212571,Nail Haus By Nat LLC,2026-09-28,DLLC,Good Standing,CO,2745 Natchez Pl,,Colorado Springs,CO,80919,,Colorado Springs
20268212586,Bernhardt Construction LLC,2026-09-28,DLLC,Good Standing,CO,11507 Peak View Dr,,Salida,CO,81201,,Salida
20268212604,Deck & Co LLC,2026-09-28,DLLC,Good Standing,CO,1833 N Williams St Apt 101,,Denver,CO,80218,,Denver
20268212610,Green Range Advisory LLC,2026-09-28,DLLC,Good Standing,CO,15425 W Adriatic Dr,,Lakewood,CO,80228,,Lakewood
20268212612,HERizon Housing LLC,2026-09-28,DLLC,Good Standing,CO,1500 N Grant St Ste R,,Denver,CO,80203,Registered Agents Inc,Denver
20268212622,INNER LIGHT MERCH LLC,2026-09-28,DLLC,Good Standing,CO,6806 W 3rd St Unit 26,,Greeley,CO,80634,,Greeley
20268212627,SJ Equine LLC,2026-09-28,DLLC,Good Standing,CO,1500 N GRANT ST,STE N,DENVER,CO,80203,Northwest Registered Agent LLC,Denver
20268212641,Wesley Morris LLC CO,2026-09-28,DLLC,Good Standing,CO,2811 N COOK ST,,DENVER,CO,80205,"Backcountry Journeys Photography Tours, Workshops & Safaris LLC",Denver
20268212651,BEHAVE HEALTH CORP.,2026-09-28,FPC,Good Standing,DE,"2020 N Academy Blvd, Ste 261 #4945",,Colorado Springs,CO,80909,REPUBLIC REGISTERED AGENT LLC,Colorado Springs
20268212656,Smart ProTech Nologies llc,2026-09-28,DLLC,Good Standing,CO,625 s. Forest,,Glendale,CO,80246,,Glendale
20268212658,Alpine Estate Watch LLC,2026-09-28,DLLC,Good Standing,CO,655 Straight Creek Dr Unit H104,,Dillon,CO,80435,,Dillon
20268212666,Senior Guided Solutions LLC,2026-09-28,DLLC,Good Standing,CO,11278 E Iowa Dr,,Aurora,CO,80012,,Aurora
20268212668,"Amey Consulting USA, Inc.",2026-09-28,FPC,Good Standing,DE,185 Alewife Brook Pkwy Ste 210,,Cambridge,MA,02138,"Registered Agent Solutions, Inc.",Centennial
20268212674,"Spica Twins, LLC",2026-09-28,DLLC,Good Standing,CO,3225 McLeod Dr,Suite 100,Las Vegas,NV,89121,ANDERSON REGISTERED AGENTS,Denver
20268212694,"NOCO Media Productions, LLC",2026-09-28,DLLC,Good Standing,CO,4203 Martinson Dr,,Loveland,CO,80537,,Loveland
20268212704,AlpenGlow Tans LLC,2026-09-28,DLLC,Good Standing,CO,1078 Village Lane,,Steamboat Springs,CO,80487,,Steamboat Springs
20268212712,"Vail Longevity MD, PC",2026-09-28,DPC,Good Standing,CO,56 Edwards Village Blvd STE 124-128,,Edwards,CO,81632,,Edwards
20268212718,S.A.V.E. CHARITABLE FOUNDATION INC,2026-09-28,DNC,Good Standing,CO,1500 N Grant St Ste R,,Denver,CO,80203,Registered Agents Inc,Denver
20268212744,DA House Mgmt LLC,2026-09-28,DLLC,Good Standing,CO,6898 W Nova Dr,,Littleton,CO,80128,,Littleton
20268212770,"DSPDashboard, LLC",2026-09-28,DLLC,Good Standing,CO,533 Stagecoach Rd,,Guffey,CO,80820,,Guffey
20268212782,National Aeronautic Association,2026-09-28,FNC,Good Standing,CT,"General Aviation Terminal, Reagan N",Suite 7,Washington,DC,20001,,Grand Junction
20268212799,Tavaris Business & Development LLC,2026-09-28,DLLC,Good Standing,CO,1500 N Grant St,#12010,Denver,CO,80203,Registered Agents Inc,Denver
20268212811,ASPEN VIP LLC,2026-09-28,DLLC,Good Standing,CO,801 Stage Ct,,Aspen,CO,81611,SimpleBiz Registered Agent Services LLC,Boulder
20268212824,HandUpLiving LLC,2026-09-28,DLLC,Good Standing,CO,1580 N Logan St Ste 660 #587359,,Denver,CO,80203,"UNITED STATES CORPORATION AGENTS, INC.",Greenwood Village
20268212832,EJ DRYWALL INC,2026-09-28,DPC-PBC,Good Standing,CO,5314 LONGS PEAK ST,,BRIGHTON,CO,80601,,Brighton
20268212838,GRANT THOMPSON PSYCHOTHERAPY LLC,2026-09-28,DLLC,Good Standing,CO,6053 S Quebec St Ste 200,,Englewood,CO,80111,SimpleBiz Registered Agent Services LLC,Boulder
20268212856,"AAR Aircraft Services, Inc.",2026-09-28,FPC,Good Standing,IL,2825 West Perimeter Road,Suite 1000,Indianapolis Maintenance Center,IN,46241,United Agent Group Inc.,Loveland
20268212858,"Beyond Solutions, LLC",2026-09-28,DLLC,Good Standing,CO,1500 N Grant St Ste R,,Denver,CO,80203,,Denver
20268212878,CoMind Technologies LLC,2026-09-28,DLLC,Good Standing,CO,7541 S Uinta Pl,,Centennial,CO,80112,"UNITED STATES CORPORATION AGENTS, INC.",Greenwood Village
20268212905,RIDENHOUR FURNITURE LLC,2026-09-28,DLLC,Good Standing,CO,6235 Gunshot Pass Dr,,Colorado Springs,CO,80917,SimpleBiz Registered Agent Services LLC,Boulder
20268212907,Solnavera Travel Ltd.,2026-09-28,DLLC,Good Standing,CO,8166 Mount Ouray Rd,,Littleton,CO,80125,,Littleton
20268212911,Purple Heart Dragonfly Popcorn LLC,2026-09-28,DLLC,Good Standing,CO,28886 County Road 23,,Snyder,CO,80750,,Snyder
20268212914,PITIS TRUCKING LLC,2026-09-28,DLLC,Good Standing,CO,4750 29th St Apt 804,,Greeley,CO,80634,,Greeley
20268212916,CTG Enterprise LLC,2026-09-28,DLLC,Good Standing,CO,7942 Gray St,,Arvada,CO,80003,,Arvada
20268212917,El Compadre Inc,2026-09-28,DPC-PBC,Good Standing,CO,18902 E Carmel Circle,,Aurora,CO,80011,,Aurora
20268212920,TerraLogic Systems LLC,2026-09-28,DLLC,Good Standing,CO,1023 Woodlot Ln,,Bellvue,CO,80512,,Bellvue
20268212926,The Baking Post LLC,2026-09-28,DLLC,Good Standing,CO,201 S Yarrow St,,Lakewood,CO,80226,,Lakewood
20268212940,Tidy Books by Melissa LLC,2026-09-28,DLLC,Good Standing,CO,2677 Cooperland Boulevard,,Berthoud,CO,80513,,Berthoud
20268212949,K&J Mobile Mechanic LLC.,2026-09-28,DLLC,Good Standing,CO,1516 Clarkton St,,Mack,CO,81525,,Mack
20268213014,Apex Grid Enterprises LLC,2026-09-28,DLLC,Good Standing,CO,1500 N Grant St,#12013,Denver,CO,80203,Registered Agents Inc,Denver
20268213019,Alpha Solutions Consulting LLC,2026-09-28,DLLC,Good Standing,CO,1500 N Grant St,Ste N,Denver,CO,80203,Northwest Registered Agent LLC,Denver
20268213020,620 Anglers Drive Unit 6 LLC,2026-09-28,DLLC,Good Standing,CO,30160 Elk Lane,,Steamboat Springs,CO,80487,,Steamboat Springs
20268213035,Project Purple Inc.,2026-09-28,FNC,Good Standing,CT,115 Main St,,Seymour,CT,06483,Registered Agents Inc,Denver
20268213036,"AES OPCO, LLC",2026-09-28,FLLC,Good Standing,DE,3855 Precision Drive,Unit 140,Loveland,CO,80538,C T CORPORATION SYSTEM,Centennial
20268213043,"The Wing Route, LLC",2026-09-28,DLLC,Good Standing,CO,6142 Hygiene Rd,,Longmont,CO,80503,,Longmont
20268213055,STONE YDC CONSTRUCTION LLC,2026-09-28,DLLC,Good Standing,CO,1672 Amherst Dr,,Longmont,CO,80503,"Amerimex Insurance, LLC",Lakewood
20268213062,NOT FOR HIRE LLC,2026-09-28,DLLC,Good Standing,CO,2115 Santa Fe Dr,,Pueblo,CO,81006,,Pueblo
20268213067,Trinidad 305 LLC,2026-09-28,DLLC,Good Standing,CO,3561 Hidden Valley Rd,,Sedalia,CO,80135,,Sedalia
20268213070,Global Pharmacy LLC,2026-09-28,FLLC,Good Standing,CA,10840 National Boulevard,,Los Angeles,CA,90064,C T CORPORATION SYSTEM,Centennial
20268213091,Jerry Sather LLC,2026-09-28,DLLC,Good Standing,CO,6710 Moores Rd,,Hayden,CO,81639,,Hayden
20268213098,Cali-Colo Collective LLC,2026-09-28,DLLC,Good Standing,CO,4020 E 6th Avenue Pkwy,,Denver,CO,80220,,Denver
20268213106,INKTMTO LLC,2026-09-28,DLLC,Good Standing,CO,318 Walnut St,,Denver,CO,80204,,Englewood
20268213114,"The Hustling Host, LLC",2026-09-28,DLLC,Good Standing,CO,1729 Danbury Dr,,Longmont,CO,80503,,Longmont
20268213131,Styled by Paula LLC,2026-09-28,FLLC,Good Standing,TX,4300 N Central Expressway,205,Dallas,TX,75206,Registered Agents Inc,Denver
20268213137,5280 flooring llc,2026-09-28,DLLC,Good Standing,CO,7085 W 94th Ave,,Westminster,CO,80021,,Westminster
20268213146,Ridgeway Painting LLC.,2026-09-28,DLLC,Good Standing,CO,945 Meeker St.,,Longmont,CO,80504,,Longmont
20268213150,31 Oil LLC,2026-09-28,DLLC,Good Standing,CO,17988 W 95th Ave,,Arvada,CO,80007,,Arvada
20268213157,Carson P.C.,2026-09-28,DLLC,Good Standing,CO,1908 Indian Trails,,Steamboat Springs,CO,80487,,Steamboat Springs
20268213164,Andrew Rumore Commerce LLC,2026-09-28,DLLC,Good Standing,CO,2301 Edenborn Ave Unit 112,,Metairie,LA,70001,SilverMount Trading LLC,Aurora
20268213166,HORLANDO SERVICES LLC,2026-09-28,DLLC,Good Standing,CO,170 DAVID DR,,PAGOSA SPRINGS,CO,81147,,Pagosa Springs
20268213171,The EDDA Effect LLC,2026-09-28,DLLC,Good Standing,CO,1401 Courtesy Rd,,Louisville,CO,80027,,Louisville
20268213185,C&C Wing It LLC,2026-09-28,DLLC,Good Standing,CO,"750 Citadel Dr E,",,Colorado Springs,CO,80909,,Colorado Springs
20268213187,Simonsen Woodworks LLC,2026-09-28,DLLC,Good Standing,CO,2840 Blake St Apt 503,,Denver,CO,80205,,Denver
20268213189,Cohort Finance Studio LLC,2026-09-28,DLLC,Good Standing,CO,1500 N Grant St,Ste N,Denver,CO,80203,Northwest Registered Agent LLC,Denver
20268213196,"842 South Pearl Street, LLC",2026-09-28,DLLC,Good Standing,CO,700 S Jackson St,,Denver,CO,80209,,Denver
20268213201,Thales Books LLC,2026-09-28,DLLC,Good Standing,CO,1347 Wolfhound St,,Timnath,CO,80547,Thales Books LLC,Timnath
20268213215,The Gymnastics Professor LLC,2026-09-28,DLLC,Good Standing,CO,19865 Mainstreet,2-316,Parker,CO,80138,Northwest Registered Agent LLC,Denver
20268213223,RooKen Real Estate LLC,2026-09-28,FLLC,Good Standing,TX,940 W FM 544,PO Box 1719,Wylie,TX,75098,Registered Agents Inc,Denver
20268213240,Vet Vendors LLC,2026-09-28,DLLC,Good Standing,CO,9192 Alberta Ct,,Parker,CO,80134,,Parker
20268213253,Aury Company LLC,2026-09-28,DLLC,Good Standing,CO,6792 W 19th Pl Apt 105,,Lakewood,CO,80214,,Lakewood
20268213257,Caleb Kaimiloa Trading LLC,2026-09-28,DLLC,Good Standing,CO,68-090 Au St Apt 511E,,Waialua,HI,96791,Grandworth International LLC,Aurora
20268213271,CMitch Energy Advisory LLC,2026-09-28,DLLC,Good Standing,CO,27185 E Ottawa Dr,,Aurora,CO,80016,,Aurora
20268213282,"FRIENDS OF THE NATIONAL WORLD WAR II MEMORIAL, INC.",2026-09-28,FNC,Good Standing,DC,"921 PENNSYLVANIA AVENUE, SE",SUITE 316,WASHINGTON,DC,20003,"INCORP SERVICES, INC.",DENVER
20268213283,"WHG Residential, LLC",2026-09-28,FLLC,Good Standing,DE,"2015 MANHATTAN BEACH BLVD.,",SUITE 100,REDONDO BEACH,CA,90278,COGENCY GLOBAL INC.,Denver
20268213284,Rocky Mountain Home Renewal LLC,2026-09-28,DLLC,Good Standing,CO,9241 Sand Hill St,,Highlands Ranch,CO,80126,Northwest Registered Agent LLC,Denver
20268213290,CedarRock Fence & Xeriscape LLC,2026-09-28,DLLC,Good Standing,CO,1396 Belgian Trl,,Elizabeth,CO,80107,,Elizabeth
20268213291,CNC Woodart LLC,2026-09-28,DLLC,Good Standing,CO,3988 S Dawson St,,Aurora,CO,80014,Northwest Registered Agent LLC,Denver
20268213302,Tierra Eterna Cigars LLC,2026-09-28,DLLC,Good Standing,CO,1970 W Maxine Ln,,Castle Rock,CO,80109,,Castle Rock
20268213307,Continuum Care Coordination LLC,2026-09-28,DLLC,Good Standing,CO,7661 McLaughlin Rd # 134 # Num,,Peyton,CO,80831,,Peyton
20268213316,"Canyons and Coast, LLC",2026-09-28,DLLC,Good Standing,CO,9321 Mountain Brush St,,Highlands Ranch,CO,80130,,Highlands Ranch
20268213320,Blue Lightening LLC,2026-09-28,DLLC,Good Standing,CO,4430 Monica Dr,,Colorado Springs,CO,80916,,Colorado Springs
20268213337,Lulu's Stays LLC,2026-09-28,DLLC,Good Standing,CO,11398 Ranch Elsie Rd,,Golden,CO,80403,,Golden
20268213338,"Jill Ertl, LLC",2026-09-28,DLLC,Good Standing,CO,30701 Eldora Ct,,Evergreen,CO,80439,,Evergreen
20268213363,Life In Color Jewels LLC,2026-09-28,DLLC,Good Standing,CO,1500 N GRANT ST,STE N,DENVER,CO,80203,Northwest Registered Agent LLC,Denver
20268213365,"A Curious Unicorn Counseling, PLLC",2026-09-28,DLLC,Good Standing,CO,9231 E Nassau Ave,,Denver,CO,80237,,Denver
20268213381,"Homa, Pabon & Company",2026-09-28,FLLC,Good Standing,NY,6422 S QUEBEC ST,,Centennial,CO,80111-4628,"Homa, Pabon & Company, LLC",Centennial
20268213390,"Log Hill Music, LLC",2026-09-28,DLLC,Good Standing,CO,15 Canyon Pt,,Ridgway,CO,81432,,Ridgway
20268213395,F&F LLC,2026-09-28,DLLC,Good Standing,CO,19042 E 22nd Cir,,Aurora,CO,80011,,Aurora
20268213398,Jonathan Tasa Law Firm LLC,2026-09-28,DLLC,Good Standing,CO,1500 N GRANT ST,STE N,DENVER,CO,80203,Northwest Registered Agent LLC,Denver
20268213400,"Berkeley Restaurant Group, Inc.",2026-09-28,DPC,Good Standing,CO,4449 Tennyson St,,Denver,CO,80212,,Denver
20268213406,"Los Tacos, LLC",2026-09-28,DLLC,Good Standing,CO,1399 W Littleton Blvd,,Littleton,CO,80120,,Littleton
20268213409,"Aken Keystone Hotel PropCo, LLC",2026-09-28,DLLC,Good Standing,CO,4430 Tilly Mill Rd Unit 307,,Atlanta,GA,30360,"NATIONAL REGISTERED AGENTS, INC.",Centennial
20268213419,Core Labor LLC,2026-09-28,FLLC,Good Standing,CA,19745 Colima Rd,Suite 1-205,Rowland Heights,CA,91748,Northwest Registered Agent LLC,Denver
20268213427,"Vancouver Circle, LLC",2026-09-28,DLLC,Good Standing,CO,321 Surrey Rdg,,Eaton,CO,80615,,Longmont
20268213454,"Grand Mesa Hot Tubs, Pools & Maintenance LLC",2026-09-28,DLLC,Good Standing,CO,2839B Lexington Ln,,Grand Junction,CO,81503,,Grand Junction
20268213457,Legacy Ranch Adventures LLC,2026-09-28,DLLC,Good Standing,CO,3331 S 16 1/2 Rd,,Glade Park,CO,81523,"UNITED STATES CORPORATION AGENTS, INC.",Greenwood Village
20268213460,Terminator Products LLC,2026-09-28,DLLC,Good Standing,CO,1536 Goshawk Dr,,Longmont,CO,80504,,Longmont
20268213468,"Aken Keystone Hotel Holdings, LLC",2026-09-28,DLLC,Good Standing,CO,4430 Tilly Mill Rd Unit 307,,Atlanta,GA,30360,"NATIONAL REGISTERED AGENTS, INC.",Centennial
20268213471,A1 Stucco LLC,2026-09-28,DLLC,Good Standing,CO,978 Nettle Ln,,Fort Collins,CO,80524,,Fort Collins
20268213480,KESTRAL LLC,2026-09-28,DLLC,Good Standing,CO,3755 S Lipan St,,Englewood,CO,80110,Colorado Registered Agents,Denver
20268213484,Autumn Nights LLC,2026-09-28,DLLC,Good Standing,CO,2152 Rosette Ln,,Castle Rock,CO,80104,,Castle Rock
20268213504,"Aken Keystone Hotel Investments, LLC",2026-09-28,DLLC,Good Standing,CO,4430 Tilly Mill Rd Unit 307,,Atlanta,GA,30360,"NATIONAL REGISTERED AGENTS, INC.",Centennial
20268213521,"Cherry Homes, LLC",2026-09-28,DLLC,Good Standing,CO,4111 Stuart St,,Denver,CO,80212,,Denver
20268213525,"Takis Fuego Nails, LLC",2026-09-28,DLLC,Good Standing,CO,10160 W 50th Ave,Suite 102 & 103,Wheat Ridge,CO,80033,,Aurora
20268213541,Colorado Junk Wizard LLC,2026-09-28,DLLC,Good Standing,CO,6328 Agave Ave,,Castle Rock,CO,80108,,Castle Rock
20268213548,Bass Bingo LLC,2026-09-28,DLLC,Good Standing,CO,1114 E 130th Ave Unit D,,Thornton,CO,80241,,Thornton
20268213552,High Country Upholstery LLC,2026-09-28,DLLC,Good Standing,CO,19997 County Road 5,,Rifle,CO,81650,,Rifle
20268213555,K&S7 Partners LLC,2026-09-28,FLLC,Good Standing,WY,39526 Sunset Ridge Ct,,Severence,CO,80610,,Severance
20268213565,BaBa IP LLC,2026-09-28,DLLC,Good Standing,CO,1500 N Grant St,Suite 12016,Denver,CO,80203,Registered Agents Inc,Denver
20268213568,NORELIS LLC,2026-09-28,DLLC,Good Standing,CO,599 TOPEKA WAY,,CASTLE ROCK,CO,80109,Colorado Registered Agents,Denver
20268213583,KR Squared Collective LLC,2026-09-28,DLLC,Good Standing,CO,1500 N Grant St,Ste R,Denver,CO,80203,Registered Agents Inc,Denver
20268213587,"5280 Car haul llc, Dissolved October 1, 2026",2026-09-28,DLLC,Voluntarily Dissolved,CO,11750 E 120th Ave,,Henderson,CO,80640,,Henderson
20268213593,Any Hour Water and Fire Colorado Springs LLC,2026-09-28,FLLC,Good Standing,AZ,1500 N Grant St Ste N,,Denver,CO,80203,Northwest Registered Agent LLC,Denver
20268213597,House of Ramona LLC,2026-09-28,DLLC,Good Standing,CO,8155 Peony Hts,B301,Colorado Springs,CO,80927,,Colorado Springs
20268213615,Veltryx LLC,2026-09-28,DLLC,Good Standing,CO,1001 Buckingham St,,Fort Collins,CO,80524,Colorado Registered Agents,Denver
20268213629,North Ray Gunworks LLC,2026-09-28,DLLC,Good Standing,CO,1500 N Grant St,Ste N,Denver,CO,80203,Northwest Registered Agent LLC,Denver
20268213633,Kushner Custom Fabrication LLC,2026-09-28,DLLC,Good Standing,CO,364 Cold Springs Gulch Rd,,Golden,CO,80401,,Golden
20268213650,VEYRONIS LLC,2026-09-28,DLLC,Good Standing,CO,601 S 10th St,,Gunnison,CO,81230,Colorado Registered Agents,Denver
20268213656,1509 Sweetwater LLC,2026-09-28,DLLC,Good Standing,CO,315 Airport Rd,,Gypsum,CO,81637,,Gypsum
20268213665,The Sightline CO LLC,2026-09-28,DLLC,Good Standing,CO,16465 W 62nd Ln,,Arvada,CO,80403,"UNITED STATES CORPORATION AGENTS, INC.",Greenwood Village
20268213678,The Lowrider Legacy Project,2026-09-28,DNC,Good Standing,CO,3001 WEST NORTHERN AVE.,,PUEBLO,CO,81005,,PUEBLO
20268213681,Movement Solutions LLC,2026-09-28,DLLC,Good Standing,CO,3653 E. Nichols Ave,,Centennail,CO,80122,,Centennial
20268213689,LeanStreak LLC,2026-09-28,DLLC,Good Standing,CO,3550 Fordham Ct,,Boulder,CO,80305,,Boulder
20268213702,Elevate Facility Solutions LLC,2026-09-28,DLLC,Good Standing,CO,4858 N Salida St APT 2-201,,Denver,CO,80249,,Denver
20268213703,Rail Line Bikes LLC,2026-09-28,DLLC,Good Standing,CO,16085 County Road 358 a,,Buena Vista,CO,81211,,Buena Vista
20268213704,Bull Country Colorado LLC,2026-09-28,DLLC,Good Standing,CO,660 Barber Rd,,Sims,AR,71969,Registered Agents Inc,Denver
20268213708,Wild West Graphics Company LLC,2026-09-28,DLLC,Good Standing,CO,2989 Newton St,,Denver,CO,80211,,Denver
20268213712,Oakstream Creative LLC,2026-09-28,DLLC,Good Standing,CO,6603 4th Street Rd Unit 5,,Greeley,CO,80634,,Greeley
20268213720,A&K Trucking LLC,2026-09-28,DLLC,Good Standing,CO,2975 KACHINA DR,,Grand Junction,CO,81503,ZenBusiness Inc.,Denver
20268213723,Vern Adam Consulting Services LLC,2026-09-28,DLLC,Good Standing,CO,3038 E 143rd Ave,,Thornton,CO,80602,,Thornton
20268213730,wasevo LLC,2026-09-28,DLLC,Good Standing,CO,1500 N Grant St Ste R,,Denver,CO,80203,Registered Agents Inc,Denver
20268213740,ALEMAN LLC,2026-09-28,DLLC,Good Standing,CO,5454 E Colfax Ave,,Denver,CO,80220,,Northglenn
20268213767,Szidder LLC,2026-09-28,DLLC,Good Standing,CO,200 Granite St #211,,Frisco,CO,80443,,Golden
20268213787,"Hartwell, Limited Liability Company",2026-09-28,DLLC,Good Standing,CO,1500 N Grant St Ste R,,Denver,CO,80203,,Denver
20268213814,FindMojo LLC,2026-09-28,FLLC,Good Standing,UT,2901 W Bluegrass Blvd,STE 200,Lehi,UT,84043,Northwest Registered Agent LLC,Denver
20268213836,Garrett's Garage & Auto LLC,2026-09-28,DLLC,Good Standing,CO,1481 Yampa Ave,,Craig,CO,81625,,Craig
20268213858,Denver Confidential LLC,2026-09-28,DLLC,Good Standing,CO,1500 N Grant St,Ste N,Denver,CO,80203,Northwest Registered Agent LLC,Denver
20268213861,CJ Production Consulting LLC,2026-09-28,DLLC,Good Standing,CO,2325 S Birch St,,Denver,CO,80222,,Denver
20268213890,Ark valley mobile RV repair LLC,2026-09-28,DLLC,Good Standing,CO,16900 Pine Grove Pkwy,,Buena Vista,CO,81211,,Buena Vista
20268213901,Green Mountain Land Surveying L.L.C.,2026-09-28,DLLC,Good Standing,CO,7760 E Peakview Ave Apt 114,,Centennial,CO,80111,,Centennial
20268213904,Morgan's Angels Inc.,2026-09-28,DNC,Good Standing,CO,1063 Lambert Ln,,Northglenn,CO,80234,"UNITED STATES CORPORATION AGENTS, INC.",Greenwood Village
20268213922,EAF Premier Security Services LLC,2026-09-28,DLLC,Good Standing,CO,7777 E Yale Avenue,H -206,DENVER,CO,80231,,DENVER
20268213933,"TumKat Properties - Palmer Lake #1, LLC",2026-09-28,DLLC,Good Standing,CO,1500 N Grant St Ste N,,Denver,CO,80203,Northwest Registered Agent LLC,Denver
20268213934,ISG Rents LLC,2026-09-28,DLLC,Good Standing,CO,1118 12th St,,Greeley,CO,80631,,Greeley
20268213938,"Sacred Covenant, LLC",2026-09-28,DLLC,Good Standing,CO,857 S Van Gordon Ct Apt E204,,Lakewood,CO,80228,,Lakewood
20268213941,Jenny Levin Therapy LLC,2026-09-28,DLLC,Good Standing,CO,1609 Wagon Tongue Ct,,Fort Collins,CO,80521,,Fort Collins
20268213968,Aguilar's Builders LLC,2026-09-28,DLLC,Good Standing,CO,10201 Riverdale Rd Lot 161,,Thornton,CO,80229,,Thornton
20268213970,Weirick Advisory LLC,2026-09-28,DLLC,Good Standing,CO,2845 W 36th Ave,,Denver,CO,80211,,Denver
20268213974,BACKROOM REALTY LLC,2026-09-28,DLLC,Good Standing,CO,1500 N GRANT ST STE R,,DENVER,CO,80203,Registered Agents Inc,Denver
20268214005,CFB ELECTRICAL LLC,2026-09-28,DLLC,Good Standing,CO,794 Grissom Dr,,Colorado Springs,CO,80915,,Colorado Springs
20268214019,ARANAS TRUCKING LLC,2026-09-28,FLLC,Good Standing,OK,111 S GARCIA ST UNIT 4,,CENTER,CO,81125,,Center
20268214023,General Plasma Innovative Technologies LLC,2026-09-28,DLLC,Good Standing,CO,11830 Raleigh Place,,Fairfield,CO,80031,,Westminster
20268214026,"Surface Security, Inc.",2026-09-28,FPC,Good Standing,DE,22841 E Union Cir,,Aurora,CO,80015,,Aurora
20268214043,"Sons of Norway Stein Fjell lodge, 6-114",2026-09-28,DNC,Good Standing,CO,815 E 16th St,,Loveland,CO,80538,,Loveland
20268214057,Context Labs LLC,2026-09-28,DLLC,Good Standing,CO,3025 S Saint Paul St,,Denver,CO,80210,,Denver
20268214058,"SporeSport, LLC",2026-09-28,DLLC,Good Standing,CO,1611 Garfield Ave Apt 10,,Louisville,CO,80027,,Louisville
20268214069,"Bears Head Fire Protection, LLC",2026-09-28,DLLC,Good Standing,CO,2900 Siloam Rd,,Pueblo,CO,81005,,Pueblo
20268214078,"PJB Enterprises, LLC",2026-09-28,DLLC,Good Standing,CO,2860 Walnut St.,,Denver,CO,80205,,Denver
20268214081,Ninja Infosys LLC,2026-09-28,DLLC,Good Standing,CO,500 N GRANT ST STE R,,Denver,CO,80203,Registered Agents Inc,Denver
20268214089,ZMC Services LLC,2026-09-28,DLLC,Good Standing,CO,7887 East Belleview Ave. Suite 1100A PMB 1405,,Denver,CO,80111,ENTITY PROTECT REGISTERED AGENT SERVICES LLC,Denver
20268214090,NEXTGEN CONCRETE LLC,2026-09-28,DLLC,Good Standing,CO,2500 E Harmony Rd Lot 133,,Fort Collins,CO,80528,,Fort Collins
20268214101,"PT Hudiberg Circle, LLC",2026-09-28,DLLC,Good Standing,CO,1864 Woodmoor Dr Ste 100,,Monument,CO,80132,,Monument
20268214109,Underwater Adventures Unlimited LLC,2026-09-28,DLLC,Good Standing,CO,2692 Farrier Ct,,Colorado Springs,CO,80922,,Colorado Springs
20268214111,"New Life Holistic Coaching, LLC",2026-09-28,DLLC,Good Standing,CO,"3209 White Elm Ct, Loveland, CO 805",,Loveland,CO,80538,,Loveland
20268214123,The Wright Insurance Advisors LLC,2026-09-28,DLLC,Good Standing,CO,285 Century Pl Ste 190,,Louisville,CO,80027,Northwest Registered Agent LLC,Denver
20268214130,Body & Being LLC,2026-09-28,DLLC,Good Standing,CO,"3760 Vance St., ste 201",,Wheat Ridge,CO,80033,,Arvada
20268214141,Connect To Work Alliance LLC,2026-09-28,DLLC,Good Standing,CO,5931 S Tempe Way,,Centennial,CO,80015,,Centennial
20268214146,"SK2, LLC",2026-09-28,FLLC,Good Standing,TN,1500 N Grant St,Ste R,Denver,CO,80203,Registered Agents Inc,Denver
20268214147,Happy as a Huckleberry LLC,2026-09-28,DLLC,Good Standing,CO,15535 E Pine Drop Ave,,Parker,CO,80134,,Parker
20268214149,"Z Engineers, LLC",2026-09-28,FLLC,Good Standing,WA,2880 Zanker Road,Suite 205,San Jose,CA,95134,COGENCY GLOBAL INC.,Denver
20268214152,Pinion Ridge Farms LLC,2026-09-28,DLLC,Good Standing,CO,1500 N GRANT ST,STE N,DENVER,CO,80203,Northwest Registered Agent LLC,Denver
20268214157,FOCO SNOW REMOVAL LLC,2026-09-28,DLLC,Good Standing,CO,2025 N College Ave Lot 184,,Fort Collins,CO,80524,,Fort Collins
20268214177,Stark Home Services LLC,2026-09-28,DLLC,Good Standing,CO,3529 W Alamo Pl,,Littleton,CO,80123,,Littleton
20268214210,Nova rise L.L.C,2026-09-28,DLLC,Good Standing,CO,918 Acapulco Ct,,Colorado Springs,CO,80910,,Colorado Springs
20268214220,The Pawportunity Project LLC,2026-09-28,DLLC,Good Standing,CO,4053 Valley Dr,,Pueblo,CO,81008,,Pueblo
20268214221,"Kairos Recovery, LLC",2026-09-28,DLLC,Good Standing,CO,2933 Kansas Dr Unit A,,Fort Collins,CO,80525,,Fort Collins
20268214229,Donnon Realty LLC,2026-09-28,DLLC,Good Standing,CO,123 Columbine Ct.,,Leadville,CO,80461,,Leadville
20268214237,One on One Roofing LLC,2026-09-28,DLLC,Good Standing,CO,1500 N Grant St,Ste N,Denver,CO,80203,Northwest Registered Agent LLC,Denver
20268214238,CY and TY Holdings llc,2026-09-28,DLLC,Good Standing,CO,1500 N Grant St Ste N,,Denver,CO,80203,Northwest Registered Agent LLC,Denver
20268214254,DANIEL COSIO CONSULTING LLC,2026-09-28,DLLC,Good Standing,CO,3221 Beckwith Run,,Broomfield,CO,80023,,Broomfield
20268214255,PEP Physical Education Professionals LLC,2026-09-28,DLLC,Good Standing,CO,2405 Poplar St,,Denver,CO,80207,,Denver
20268214264,Trustmark Trading LLC,2026-09-28,DLLC,Good Standing,CO,3609 Hudson St,,Denver,CO,80207,,Denver
20268214271,Three King Supply LLC,2026-09-28,DLLC,Good Standing,CO,12503 E Euclid Dr #65,,Englewood,CO,80111,,Centennial
20268214273,MPOWER INCORPORATED,2026-09-28,FPC,Good Standing,MD,6903 Rockledge Drive,Suite 1050,North Bethesda,MD,20817,CORPORATION SERVICE COMPANY,Littleton
20268214280,LUCINDACANNON LLC,2026-09-28,DLLC,Good Standing,CO,6801 COMMANCHE CT,,LOVELAND,CO,80534,,LOVELAND
20268214315,BENCOMO HOLDINGS LLC,2026-09-28,DLLC,Good Standing,CO,2020 N Academy Blvd Ste 261 # 4921,,Colorado Springs,CO,80909,REPUBLIC REGISTERED AGENT LLC,Colorado Springs
20268214320,DelaDela Vu Limited,2026-09-28,DLLC,Good Standing,CO,1343 Mallard Ln,,Brighton,CO,80601,,Brighton
20268214324,719 Salon Suites LLC,2026-09-28,DLLC,Good Standing,CO,5825 Renneberger Rd,,Peyton,CO,80831,,Peyton
20268214325,TWISTED GANG INC,2026-09-28,DPC,Good Standing,CO,2475 Hancock Expy Apt 105,,Colorado Springs,CO,80910,REPUBLIC REGISTERED AGENT LLC,Colorado Springs
20268214331,Lubble LLC,2026-09-28,DLLC,Good Standing,CO,2330 W Harvard Ave,,Englewood,CO,80110,,Englewood
20268214335,Cultural Catalyst Consulting LLC,2026-09-28,DLLC,Good Standing,CO,1850 Folsom St Apt 308,,Boulder,CO,80302,Ecstatic Bliss LLC,Boulder
20268214346,ADAPT SPINE & SPORT PLLC,2026-09-28,FLLC,Good Standing,ID,2145 N Main St,,COEUR D ALENE,ID,83814,Registered Agents Inc,Denver
20268214347,"Wealth for All, LLC",2026-09-28,DLLC,Good Standing,CO,17011 Lincoln Ave PMB 172,,Parker,CO,80134,"KV Law, PLLC",Parker
20268214353,SPOINT LLC,2026-09-28,DLLC,Good Standing,CO,16350 Great Smokey Ave,,Elbert,CO,80106,,Elbert
20268214360,"INSCRIBEAI, INC.",2026-09-28,FPC,Good Standing,DE,660 4TH STREET UNIT 277,,SAN FRANCISCO,CA,94107,C T CORPORATION SYSTEM,Centennial
20268214367,Switch On Appliance Repair LLC,2026-09-28,DLLC,Good Standing,CO,3485 S Gaylord Ct Apt C210,,Englewood,CO,80113,,Englewood
20268214374,Barr Shearing LLC,2026-09-28,DLLC,Good Standing,CO,130 Second St,,Sanford,CO,81151,,Sanford
20268214378,MYTHANH THI PHAM DBA REGAL NAILS SALON & SPA 1689 LLC,2026-09-28,DLLC,Good Standing,CO,5650 S Chambers Rd,,Aurora,CO,80015,,Centennial
20268214388,First Hand Services LLC,2026-09-28,DLLC,Good Standing,CO,1215 S Beach Ct,,Denver,CO,80219,,Denver
20268214397,"Bison Land Company, LLC",2026-09-28,DLLC,Good Standing,CO,3580 Meadow Run Cir,,Colorado Springs,CO,80908,,Colorado Springs
20268214400,DOKAL SOLUTION LLC,2026-09-28,DLLC,Good Standing,CO,509 18th St Apt 315,,Greeley,CO,80631,REPUBLIC REGISTERED AGENT LLC,Colorado Springs
20268214402,CHERYLYN DESIREE ALVAREZ LLC,2026-09-28,DLLC,Good Standing,CO,1045 Teak Pl,,Castle Rock,CO,80104,,Castle Rock
20268214406,Beauty Haus By V LLC,2026-09-28,DLLC,Good Standing,CO,4413 Austin Bluffs Parkway,Suite 1,Colorado Springs,CO,80918,,Colorado Springs
20268214418,MANTICOREAI INC.,2026-09-28,FPC,Good Standing,DE,1500 N GRANT ST,,Denver,CO,80203,Telos Legal Corp.,Centennial
20268214431,"How'd You Meet, LLC",2026-09-28,DLLC,Good Standing,CO,3617 Terryridge Rd,,Fort Collins,CO,80524,,Fort Collins
20268214435,Ferratech Inspection LLC,2026-09-28,DLLC,Good Standing,CO,2636 Orchard Ave,,Grand Junction,CO,81501,,Grand Junction
20268214448,J Y M TRUCKING LLC,2026-09-28,DLLC,Good Standing,CO,305 N Sable Blvd Unit 4311,,Aurora,CO,80011,,Aurora
20268214466,SoIcyBadd Creations LLC,2026-09-28,DLLC,Good Standing,CO,800 15th Ave Apt C101,,Longmont,CO,80501,,Longmont
20268214474,Fritz Landscaping LLC,2026-09-28,DLLC,Good Standing,CO,445 E 9th Ave Apt 2,,Denver,CO,80203,,Denver
20268214477,"AECOM International, Inc.",2026-09-28,FPC,Good Standing,DE,Mainzer Landstrasse 181,,Frankfurt am Main,OT,60327,C T CORPORATION SYSTEM,Centennial
20268214478,C.J. Property Care LLC,2026-09-28,DLLC,Good Standing,CO,16033 E 16th Ave,,Aurora,CO,80011,,Aurora
20268214494,WP3 Development LLC,2026-09-28,DLLC,Good Standing,CO,20 Sunset Dr Ste 6,,Basalt,CO,81621,,Conifer
20268214520,Mountain Kissed Sweets llc,2026-09-28,DLLC,Good Standing,CO,2100 W 100th Ave Lot 517,,Thornton,CO,80260,,Thornton
20268214530,Calling Church,2026-09-28,DNC,Good Standing,CO,4423 Gneiss Loop,,Colorado Springs,CO,80938,,Colorado Springs
20268214536,"LLL Newport, LLC",2026-09-28,DLLC,Good Standing,CO,44 Cook St Ste 100,,Denver,CO,80206,"PACIFIC REGISTERED AGENTS, INC.",Denver
20268214540,Pivot Productions LLC,2026-09-28,DLLC,Good Standing,CO,18947 E Saratoga Cir,,Aurora,CO,80015,,Aurora
20268214544,"Contact Lenz Consulting, LLC",2026-09-28,DLLC,Good Standing,CO,1 Wildrose Trail,,Cherry Hills Village,CO,80113,,Cherry Hills Village
20268214548,Dunnigan Real Estate LLC,2026-09-28,DLLC,Good Standing,CO,1797 HOLLOWAY DR,,WINDSOR,CO,80550,,Windsor
20268214563,Aquatic Exchange LLC,2026-09-28,DLLC,Good Standing,CO,1001 Torrey Ln,,Golden,CO,80401,,Golden
20268214565,MBS MASONRY & CONSTRUCTION LLC,2026-09-28,DLLC,Good Standing,CO,4670 Sengbeil Rd,,Yoder,CO,80864,,Yoder
20268214568,"HANDLE, INC.",2026-09-28,FPC,Good Standing,DE,580 Howard St,,San Francisco,CA,94105,Telos Legal Corp.,Centennial
20268214579,Northline Solutions LLC.,2026-09-28,DLLC,Good Standing,CO,12292 Creamery St,,Thornton,CO,80241,,Thornton
20268214580,ARK SENTINEL LLC,2026-09-28,FLLC,Good Standing,DE,10550 Linden Lake Plaza,#300 PMB A1,Manassas,VA,20109,"Registered Agent Solutions, Inc.",Centennial
20268214581,Town To Mountain Express Denver Airport Shuttle LLC,2026-09-28,DLLC,Good Standing,CO,7800 Shady Grove St,,Denver,CO,80249,Mara Ink LLC,Aurora
20268214582,The Freeze Factory LLC,2026-09-28,DLLC,Good Standing,CO,13810 N 115th St,,Longmont,CO,80504,"UNITED STATES CORPORATION AGENTS, INC.",Greenwood Village
20268214592,Glitter & Glue Society LLC,2026-09-28,DLLC,Good Standing,CO,3732 Mead St,,Fort Collins,CO,80526,,Fort Collins
20268214593,ActiveFounder LLC,2026-09-28,DLLC,Good Standing,CO,1255 Gillaspie Dr,1255 Gillaspie Dr,Boulder,CO,80305,,Boulder
20268214598,1420 Grand Ave LLC,2026-09-28,DLLC,Good Standing,CO,300 W. Colorado Ave.,Unit 2A,Telluride,CO,81435,,Telluride
20268214601,C & E Electrical L.L.C.,2026-09-28,DLLC,Good Standing,CO,3415 N Columbine St,,Denver,CO,80205,,Denver
20268214605,Willa Houses inc.,2026-09-28,DPC,Good Standing,CO,1801 Blake St Ste 10,,Denver,CO,80202,Soigne Holdings LLC,Denver
20268214610,Frostpeak Holiday Lighting LLC,2026-09-28,DLLC,Good Standing,CO,10375 County Road 17,,Longmont,CO,80504,,Longmont
20268214612,Sparkle and Shine Cleaning Company LLC,2026-09-28,DLLC,Good Standing,CO,72 Great West Ave #60,,Pagosa Springs,CO,81147,,Pagosa Springs
20268214618,Irons Etc LLC,2026-09-28,DLLC,Good Standing,CO,10980 W 65th Way,,Arvada,CO,80004,,Arvada
20268214623,Aesthetic By Flower LLC,2026-09-28,DLLC,Good Standing,CO,397 Bush St,,Brighton,CO,80601,,Brighton
20268214624,APX Mental Health LLC,2026-09-28,DLLC,Good Standing,CO,2855 Newport St,,Denver,CO,80207,,Denver
20268214632,Alysias Gallery LLC,2026-09-28,DLLC,Good Standing,CO,23 E Saint Elmo Ave Apt 106,,Colorado Springs,CO,80905,,Colorado Springs
20268214641,VROOM'S KITCHEN LLC,2026-09-28,DLLC,Good Standing,CO,4278 Perryville Pt,,Colorado Springs,CO,80911,,Colorado Springs
20268214651,"AlphaMD CT, PLLC",2026-09-28,FO,Good Standing,CT,2180B Vista Way #1035,,Oceanside,CA,92054,C T CORPORATION SYSTEM,Centennial
20268214654,G&J Remodeling LLC,2026-09-28,DLLC,Good Standing,CO,7250 Sullivan Cir,,Colorado Springs,CO,80911,,Colorado Springs
20268214661,Skyfleet LLC,2026-09-28,DLLC,Good Standing,CO,1500 N GRANT ST,STE N,DENVER,CO,80203,Northwest Registered Agent LLC,Denver
20268214674,Douri L.L.C,2026-09-28,DLLC,Good Standing,CO,18580 E 47th Pl,,Denver,CO,80249,,Denver
20268214680,"Heartstrong Counseling Center, LLC",2026-09-28,DLLC,Good Standing,CO,1225 Eldorado Dr,,Superior,CO,80027,,Superior
20268214681,The Page Queen LLC,2026-09-28,DLLC,Good Standing,CO,4845 Pearl East Cir Ste 118 #165644,,Boulder,CO,80301,"UNITED STATES CORPORATION AGENTS, INC.",Greenwood Village
20268214689,"COLORADO SPRINGS BRAZILIAN JIU JITSU LLC, CSBJJ LLC",2026-09-28,DLLC,Good Standing,CO,6660 DELMONICO DR,,COLORADO SPRINGS,CO,80919,,COLORADO SPRINGS
20268214691,Axevis Financial LLC,2026-09-28,DLLC,Good Standing,CO,108 Olympus Cir,,Lone Tree,CO,80124,,Lone Tree
20268214692,Drumhaulling LLC,2026-09-28,DLLC,Good Standing,CO,325 THURLOW AVE,,CRIPPLE CREEK,CO,80813,Northwest Registered Agent LLC,Denver
20268214702,"GRAND CAPITAL, LLC",2026-09-28,DLLC,Good Standing,CO,2930 E 160th Pl,,Thornton,CO,80602,,Thornton
20268214724,Early Childhood Creative Connections LLC,2026-09-28,DLLC,Good Standing,CO,9210 Welby Circle,,Thornton,CO,80229,,Thornton
20268214730,MJN Commercial Logistics LLC,2026-09-28,DLLC,Good Standing,CO,3625 Richmond Dr,,Colorado Springs,CO,80922,,Colorado Springs
20268214754,JPOP LLP,2026-09-28,DLLP,Good Standing,CO,2458 Northview Pl,,Castle Rock,CO,80104,,Castle Rock
20268214770,"Phi Beta Sigma Fraternity, Inc., State of Colorado",2026-09-28,DNC,Good Standing,CO,19997 E Loyola Pl,,Aurora,CO,80013,,Aurora
20268214771,MobyMax Education LLC,2026-09-28,FLLC,Good Standing,DE,500 Westover Drive,Ste 12127,Sanford,NC,27330,Northwest Registered Agent LLC,Denver
20268214777,Agora Marketplace LLC,2026-09-28,DLLC,Good Standing,CO,686 S. Taylor Ave.,Suite 106,Louisville,CO,80027,Brewer Law LLC,Longmont
20268214791,DAVID CONSULTANT SERVICES LLC,2026-09-28,DLLC,Good Standing,CO,1500 N Grant St,Ste N,Denver,CO,80203,Northwest Registered Agent LLC,Denver
20268214794,JIREH CLEANING SERVICES ANA FLORES LLC,2026-09-28,DLLC,Good Standing,CO,1001 S Havana St Apt 211,,Denver,CO,80012,,Denver
20268214805,"The United States Foundation for Radio Science, Inc",2026-09-28,FNC,Good Standing,MD,3322 Rosemary Ln,,West Friendship,MD,21794,,Broomfield
20268214810,Alphara LLC,2026-09-28,DLLC,Good Standing,CO,1905 N Sherman St Ste 200,1926,Denver,CO,80203,,Denver
20268214814,YR cleaning services LLC,2026-09-28,DLLC,Good Standing,CO,1074 S Dahlia St Apt G438,,Denver,CO,80246,,Denver
20268214817,Mobile Oil Change Services LLC,2026-09-28,DLLC,Good Standing,CO,12350 Safe Landing Dr,,Peyton,CO,80831,,Peyton
20268214819,"Green Knight Security, Inc.",2026-09-28,FPC,Good Standing,CA,214 W La Habra Blvd,,La,CA,90631,Northwest Registered Agent LLC,Denver
20268214834,Hearthwick Living Inc,2026-09-28,DPC,Good Standing,CO,357 S McCaslin Blvd,2nd Fl Ste 200,Louisville,CO,80027,Registered Agents Inc,Denver
20268214842,JM Plumbing LLC,2026-09-28,DLLC,Good Standing,CO,6170 Ivy St,,Commerce City,CO,80022,,Commerce City
20268214849,Axiom Digital Group Inc,2026-09-28,DPC,Good Standing,CO,1500 N GRANT ST STE R,,DENVER,CO,80203,Registered Agents Inc,Denver
20268214866,Milagro Servicios Clinicos LLC,2026-09-28,DLLC,Good Standing,CO,2852 S Knoxville Way,,Denver,CO,80227,Northwest Registered Agent LLC,Denver
20268214867,"DCMX Ventures, LLC",2026-09-28,DLLC,Good Standing,CO,11393 Gray St.,,Westminster,CO,80020,,Westminster
20268214869,BAUM MERCANTILE INC,2026-09-28,DPC,Good Standing,CO,"2679 W Main St, Suite 300",,Littleton,CO,80120,Trusted Agency Inc.,Denver
20268214873,Brian Pelham LLC,2026-09-28,DLLC,Good Standing,CO,6796 Volga Dr,,Colorado Springs,CO,80925,,Colorado Springs
20268214875,Eserprente LLC,2026-09-28,DLLC,Good Standing,CO,16202 Windy Creek Dr,,Monument,CO,80132,,Monument
20268214882,Deadline Shield LLC,2026-09-28,DLLC,Good Standing,CO,430 Broadway,,Silver Cliff,CO,81252,,Silver Cliff
20268214884,Firulais Works LLC,2026-09-28,DLLC,Good Standing,CO,2251 MESA RD,,HARTSEL,CO,80449,,HARTSEL
20268214890,Outsider LLC,2026-09-28,DLLC,Good Standing,CO,1440 Juniper St,,Golden,CO,80401,,Golden
20268214891,"Nova Star Beauty, LLC",2026-09-28,DLLC,Good Standing,CO,4242 E Bromley Ln Apt F102,,Brighton,CO,80601,,Brighton
20268214897,Cozy Fort LLC,2026-09-28,DLLC,Good Standing,CO,11087 E Crestline Cir,,Englewood,CO,80111,,Englewood
20268214906,501 Trailhead Circle LLC,2026-09-28,DLLC,Good Standing,CO,13397 W 87th Terrace,,Arvada,CO,80005,,Arvada
20268214915,Radiant Reads LLC,2026-09-28,DLLC,Good Standing,CO,22975 E River Chase Way,,Parker,CO,80138,,Parker
20268214916,"Star & Stem, LLC",2026-09-28,DLLC,Good Standing,CO,16748 E Smoky Hill Rd,Ste 9C-241,Centennial,CO,80015,,Centennial
20268214925,Wildcat Construction Company LLC,2026-09-28,DLLC,Good Standing,CO,813 James St,,Longmont,CO,80501,,Longmont
20268214929,"Four Corners Fence & Fabrication, LLC",2026-09-28,DLLC,Good Standing,CO,1293 N Oak Dr,,Bayfield,CO,81122,,Bayfield
20268214930,The Pleasure of Being LLC,2026-09-28,DLLC,Good Standing,CO,550 Park Ave W Unit 820,,Denver,CO,80205,,Denver
20268214932,7349 S Alkire Street LLC,2026-09-28,DLLC,Good Standing,CO,13397 W 87th Terrace,,Arvada,CO,80005,,Arvada
20268214942,BURSKY COMMERCE INC,2026-09-28,DPC,Good Standing,CO,"26 W Dry Creek Cir, Suite 600",,Littleton,CO,80120,Trusted Agency Inc.,Denver
20268214947,"Bout Time Travel, LLC",2026-09-28,DLLC,Good Standing,CO,4465 Moore Ct,,Wheat Ridge,CO,80033,,Wheat Ridge
20268214962,Triple 7z services llc,2026-09-28,DLLC,Good Standing,CO,20655 County Road 88,,Ault,CO,80610,,Ault
20268214969,UKT FIDUCIARY SERVICES LTD,2026-09-28,DPC,Good Standing,CO,"6547 N Academy Blvd, Num 2266",,Colorado Springs,CO,80918,Rocky Mountain RA LLC,Denver
20268214970,UK TRUST (UKT) HOLDINGS LIMITED,2026-09-28,DPC,Good Standing,CO,"6547 N Academy Blvd, Num 2266",,Colorado Springs,CO,80918,Rocky Mountain RA LLC,Denver
20268214975,BIR SINGH TRADING INC,2026-09-28,DPC,Good Standing,CO,"355 S Teller St, Suite 200",,Lakewood,CO,80226,Trusted Agency Inc.,Denver
20268214986,"KW Content & Consulting, LLC",2026-09-28,DLLC,Good Standing,CO,2930 Cimarron Ct,,Fort Collins,CO,80526,,Fort Collins
20268214990,Mongoose is loose llc,2026-09-28,DLLC,Good Standing,CO,531 N. Aspen St,,Alma,CO,80420,,Alma
20268214991,Bluebird and Clover Consulting LLC,2026-09-28,DLLC,Good Standing,CO,4038 Lipan St,,Denver,CO,80211,,Denver
20268214993,Nerds of the Realm LLC,2026-09-28,DLLC,Good Standing,CO,129 Widefield Blvd,,Colorado Springs,CO,80911,,Colorado Springs
20268214994,Nexarion Capital Group Inc,2026-09-28,DPC,Good Standing,CO,1801 California St #1600,,Denver,CO,80202,Registered Agents Inc,Denver
20268214999,Sanitas Research LLC,2026-09-28,DLLC,Good Standing,CO,1125 Portland Pl Apt 2,,Boulder,CO,80304,,Boulder
20268215001,Clearline Commercial Cleaning LLC,2026-09-28,DLLC,Good Standing,CO,1975 Mile High Stadium Cir Apt 707,,Denver,CO,80204,,Denver
20268215008,Lesser Solutions LLC,2026-09-28,DLLC,Good Standing,CO,1500 N Grant St Ste R,,Denver,CO,80203,Registered Agents Inc,Denver
20268215010,"Uptown Therapy House, LLC",2026-09-28,DLLC,Good Standing,CO,1250 N Humboldt St Apt 1103,,Denver,CO,80218,,Denver
20268215017,Meadow Spire Inc,2026-09-28,DPC,Good Standing,CO,1700 55th St,1st Fl Ste A,Boulder,CO,80301,Registered Agents Inc,Denver
20268215018,Stone Fence Property LLC,2026-09-28,DLLC,Good Standing,CO,5125 Stone Fence Dr,,Colorado Springs,CO,80922,,Colorado Springs
20268215022,Candace Lindsay LLC,2026-09-28,DLLC,Good Standing,CO,1021 E South Boulder Rd Ste N,,Louisville,CO,80027,,Louisville
20268215024,Yamhir LLC,2026-09-28,DLLC,Good Standing,CO,1500 N Grant St,Ste R,Denver,CO,80203,Registered Agents Inc,Denver
20268215026,Colorado Country Adventures LLC,2026-09-28,DLLC,Good Standing,CO,484 S Routt Way,,Lakewood,CO,80226,,Lakewood
20268215030,POFFORD INTERNATIONAL INC,2026-09-28,DPC,Good Standing,CO,"200 Union Blvd, Suite 200",,Lakewood,CO,80228,Trusted Agency Inc.,Denver
20268215033,Kitchen Zen Supply LLC,2026-09-28,DLLC,Good Standing,CO,605 S 24th St,,Colorado Springs,CO,80904,,Colorado Springs
20268215039,CanStamp LLC,2026-09-28,DLLC,Good Standing,CO,7138 Spring Linden Ct,,Colorado Springs,CO,80927,,Colorado Springs
20268215044,Home360 LLC,2026-09-28,DLLC,Good Standing,CO,1010 W Colfax Ave Unit 657,,Denver,CO,80204,,Denver
20268215053,RFG transport llc,2026-09-28,DLLC,Good Standing,CO,5065 Perth Ct,,Denver,CO,80249,,Denver
20268215067,Lead 2 Cash Systems LLC,2026-09-28,DLLC,Good Standing,CO,1500 N Grant St Ste R,,Denver,CO,80203,Registered Agents Inc,Denver
20268215075,YOSHIMURA GLOBAL TRADING INC,2026-09-28,DPC,Good Standing,CO,"6105 S Main St, Suite 200",,Aurora,CO,80016,Trusted Agency Inc.,Denver
20268215081,AIR SERVICECO LLC,2026-09-28,FLLC,Good Standing,DE,4582 S ULSTER STREET,SUITE 1700,DENVER,CO,80237,CORPORATION SERVICE COMPANY,Littleton
20268215098,Off Road Index LLC,2026-09-28,DLLC,Good Standing,CO,3155 Dartmouth Ave,,Boulder,CO,80305,,Boulder
20268215099,S&D Management LLC,2026-09-28,DLLC,Good Standing,CO,1148 S Sherman St,,Denver,CO,80210,,Denver
20268215114,Day and Night LLC,2026-09-28,DLLC,Good Standing,CO,1235 S Bellaire St Apt 106,,Denver,CO,80246,,Denver
20268215118,Hue & Poise ltd.,2026-09-28,DLLC,Good Standing,CO,12475 W Dakota Ave Apt 5A,,Lakewood,CO,80228,,Lakewood
20268215127,MealLensAI inc.,2026-09-28,DPC,Good Standing,CO,263 S White Tail Dr,,Franktown,CO,80116-8828,,Franktown
20268215128,Bylt Development LLC,2026-09-28,DLLC,Good Standing,CO,4985 Moorhead Ave,,Boulder,CO,80305,Rubicon Sales LLC,Denver
20268215130,AfterDark Lighting LLC,2026-09-28,DLLC,Good Standing,CO,2660 Fredricksburg Dr,,Colorado Springs,CO,80922,,Colorado Springs
20268215136,"Wild Sage Wellness, LLC",2026-09-28,DLLC,Good Standing,CO,55 Elk Creek Dr,,Divide,CO,80814,,Divide
20268215138,Woodland Outfitters LLC,2026-09-28,DLLC,Good Standing,CO,781 Gold Hill Pl S,,Woodland Park,CO,80863,,DIVIDE
20268215141,Agape Car Detail LLC,2026-09-28,DLLC,Good Standing,CO,195 Jackson St Apt 35,,Denver,CO,80206,,Denver
20268215154,Tysonok Books Inc,2026-09-28,DPC,Good Standing,CO,1500 N GRANT ST STE R,,DENVER,CO,80203,Registered Agents Inc,Denver
20268215156,Single Barrel Labs LLC,2026-09-28,DLLC,Good Standing,CO,5910 S Detroit St,,Centennial,CO,80121,,Centennial
20268215166,Finepoint Cleaning LLC,2026-09-28,DLLC,Good Standing,CO,1161 S Walden Ct,,Aurora,CO,80017,,Aurora
20268215169,LOCO PAY LIMITED,2026-09-28,DPC,Good Standing,CO,1290 Broadway Ste 1100,,Denver,CO,80203,Registration Agent Corporation,Denver
20268215170,Juniper Loom Inc,2026-09-28,DPC,Good Standing,CO,507 Canyon Blvd,2nd Fl Ste 201,Boulder,CO,80302,Registered Agents Inc,Denver
20268215185,Ephesians 6 11 Construction LLC,2026-09-28,DLLC,Good Standing,CO,2701 West Lake Street,,Fort Collins,CO,80521,,Fort Collins
20268215194,Nest Revival LLC,2026-09-28,DLLC,Good Standing,CO,10447 Vienna St Apt 102,,Parker,CO,80134,,Parker
20268215199,Urban House LLC,2026-09-28,DLLC,Good Standing,CO,18121 E Hampden Ave Unit C 1024,,Aurora,CO,80013,Cunning Commerce Inc.,Denver
20268215200,"Luetso, LLC",2026-09-28,DLLC,Good Standing,CO,5141 Stuart St,,Denver,CO,80212,,Denver
20268215211,Echo Vale Partners LLC,2026-09-28,DLLC,Good Standing,CO,5945 W Portland Dr,,Littleton,CO,80128,,Littleton
20268215214,House of Bowen LLC,2026-09-28,DLLC,Good Standing,CO,21642 County Road T.5,,Fort Morgan,CO,80701,,Fort Morgan
20268215215,High Top Enterprises LLC,2026-09-28,DLLC,Good Standing,CO,10279 Inspiration Dr,,Parker,CO,80138,Registered Agents Inc,Denver
20268215217,Bling and Bright LLC,2026-09-28,DLLC,Good Standing,CO,4258 S Biscay Cir,,Aurora,CO,80013,,Aurora
20268215219,Anselm Builders LLC,2026-09-28,DLLC,Good Standing,CO,6390 W Ohio Ave,,Lakewood,CO,80226,,Lakewood
20268215224,"Ellen White Research, LLC",2026-09-28,DLLC,Good Standing,CO,4497 Cattle Cross Trl,,Castle Rock,CO,80104,,Castle Rock
20268215228,Alpenglow Bookkeeping Colorado LLC,2026-09-28,DLLC,Good Standing,CO,2928 Virginia Ave,,Colorado Springs,CO,80907,Registered Agents Inc,Denver
20268215236,Oak Trestle Inc,2026-09-28,DPC,Good Standing,CO,3840 York St,1st Fl Ste 145,Denver,CO,80205,Registered Agents Inc,Denver
20268215276,Ompay PTE LTD,2026-09-28,DPC,Good Standing,CO,9888 W Belleview Ave,,Denver,CO,80123,Northwest Registered Agent LLC,Denver
20268215280,tiger wings international Inc.,2026-09-28,DPC,Good Standing,CO,1500 N GRANT ST STE R,,DENVER,CO,80203,Registered Agents Inc,Denver
20268215281,Zen Vibes LLC,2026-09-28,DLLC,Good Standing,CO,5521 Elkhart St,,Denver,CO,80239,,Denver
20268215282,KAX Services LLC,2026-09-28,DLLC,Good Standing,CO,119 S Hersum Ave,,Olathe,CO,81425,,Olathe
20268215290,Nova Lighting Source LLC,2026-09-28,DLLC,Good Standing,CO,18121 E Hampden Ave Unit C 1024,,Aurora,CO,80013,Cunning Commerce Inc.,Denver
20268215293,Thicket House Inc,2026-09-28,DPC,Good Standing,CO,5360 N Academy Blvd,1st Fl Ste 130,Colorado Springs,CO,80918,Registered Agents Inc,Denver
20268215305,"Rally Pediatric Consulting, LLC",2026-09-28,DLLC,Good Standing,CO,3949 Osceola St,,Denver,CO,80212,,Denver
20268215307,"Rich Stuff Rewards Co., LLC",2026-09-28,DLLC,Good Standing,CO,381 Cedar Ave,,Akron,CO,80720,,Akron
20268215311,M&S Home and Property Services LLC,2026-09-28,DLLC,Good Standing,CO,475 Timm Way Apt G203,,Longmont,CO,80504,,Longmont
20268215315,Rinvenio LLC,2026-09-28,DLLC,Good Standing,CO,927 Inca Street unit 4,,Denver,CO,80204,ENTITY PROTECT REGISTERED AGENT SERVICES LLC,Denver
20268215327,Galindo MultiServices LLC,2026-09-28,DLLC,Good Standing,CO,431 Iola St,,Aurora,CO,80010,,Aurora
20268215335,Dire Shooting Sports LLC,2026-09-28,DLLC,Good Standing,CO,1500 N GRANT ST,STE N,DENVER,CO,80203,Northwest Registered Agent LLC,Denver
20268215347,Simplified Psychology LLC,2026-09-28,DLLC,Good Standing,CO,2707 Champa St,,Denver,CO,80205,,Denver
20268215352,MYAMIGOSERVICES LLC,2026-09-28,DLLC,Good Standing,CO,215 S Wadsworth Blvd Ste 400,,Lakewood,CO,80226,PSM REGISTERED AGENT INC.,Lakewood
20268215353,Wildlight Therapy LLC,2026-09-28,DLLC,Good Standing,CO,16360 E Bails Pl,,Aurora,CO,80017,,Aurora
20268215354,Lumi Cartage LLC,2026-09-28,DLLC,Good Standing,CO,616 E 32nd St,,Durango,CO,81301,"Rogue Dogs, inc.",Aurora
20268215359,"Garden Ranch Ventures, LLC",2026-09-28,FLLC,Good Standing,WY,5075 Saddle Drive,,Colorado Springs,CO,80918,,Monument
20268215379,Daily Goods LLC,2026-09-28,DLLC,Good Standing,CO,8380 Zuni St,,Denver,CO,80221,FavorSola LLC,Fruita
20268215381,Zenith Rising LLC,2026-09-28,DLLC,Good Standing,CO,1500 N Grant St,Ste N,Denver,CO,80203,Northwest Registered Agent LLC,Denver
20268215384,ANVIGON LLC,2026-09-28,DLLC,Good Standing,CO,1500 N Grant St,Ste R,Denver,CO,80203,Registered Agents Inc,Denver
20268215388,Tough Plumbing LLC,2026-09-28,DLLC,Good Standing,CO,404 Silvermoon Hts,,Divide,CO,80814,,Woodland Park
20268215397,Beta Meditech LLC,2026-09-28,DLLC,Good Standing,CO,1500 N Grant St,Ste N,Denver,CO,80203,Northwest Registered Agent LLC,Denver
20268215402,Acorn Alcove Inc,2026-09-28,DPC,Good Standing,CO,4045 Pecos St,2nd Fl Ste 210,Denver,CO,80211,Registered Agents Inc,Denver
20268215413,Infinity Card Exchange LLC,2026-09-28,DLLC,Good Standing,CO,4806 Constitution Ave,,Colorado Springs,CO,80915,,Colorado Springs
20268215418,"Start's Summit Marketing, LLC",2026-09-28,DLLC,Good Standing,CO,3728 Perry St,,Denver,CO,80212,,Denver
20268215419,Wicker & Wren Inc,2026-09-28,DPC,Good Standing,CO,3063 Sterling Cir,1st Fl Ste 4,Boulder,CO,80301,Registered Agents Inc,Denver
20268215424,Revline Ltd.,2026-09-28,DLLC,Good Standing,CO,590 W Highway 105 PMB 301,,Monument,CO,80132,,Monument
20268215426,Network Professionals and Consulting LLC,2026-09-28,DLLC,Good Standing,CO,6865 Weeping Willow Dr,,Colorado Springs,CO,80925,,Colorado Springs
20268215430,AXO Origin LLC,2026-09-28,DLLC,Good Standing,CO,3914 S Torreys Peak Dr,,Superior,CO,80027,,Superior
