permit,job_filing,filing_reason,issued,approved,expires,work_type,job_description,estimated_cost,house,street,borough,zip,contractor_license_type,contractor_business,contractor_address,owner_business,owner_city,owner_state,status
B00456094-I1-MS,B00456094-I1,Initial Permit,2026-09-18,2021-10-27,2027-01-01,Mechanical Systems,HEREWITH FILING FOR NEW HVAC SYSTEM IN CONJUNCTION WITH NB JOB NO.: 340801500,605000,2384,ATLANTIC AVENUE,Brooklyn,11233,GC,DASR CORP,116 WOOD LANE,RATHOD,,,Permit Issued
B00680917-I1-GC,B00680917-I1,Initial Permit,2026-09-18,2026-09-17,2026-11-26,General Construction,NEW 27-STORY MIXED USE BUILDING AS SHOWN ON PLANS,70452976,175,3 STREET,Brooklyn,11215,GC,AMC BUILDERS LLC,"5-26 46TH AVENUE, SUITE #2A",PR,,,Permit Issued
B00706695-S4-PL,B00706695-S4,Initial Permit,2026-09-18,2023-12-14,2026-10-16,Plumbing,SUBSEQUENT FILING TO PROVIDE PLUMBING WORK IN CONJUNCTION WITH NEW BUILDING UNDER JOB # B00706695,55500,196,BAY 13 STREET,Brooklyn,11214,P,A.G.M. PLUMBING & HEATING,"4295 AUTHUR KILL ROAD, ST#208",PARK RIDGE PROPERTY LLC,,,Permit Issued
B00873135-S2-MS,B00873135-S2,Initial Permit,2026-09-18,2024-03-26,2026-11-15,Mechanical Systems,Replacement of 1 Air condensing unit in a kind(similar capacity).,18400,220,IRVING AVENUE,Brooklyn,11237,GC,CHAPMAN & EVANS INC,40-29 27TH STREET,NYC SCHOOL CONSTRUCTION AUTHORITY,,,Permit Issued
B00918034-S1-FN,B00918034-S1,Initial Permit,2026-09-18,2025-04-16,2027-01-23,Construction Fence,FILED HEREWITH PLANS AND APPLICATION FOR A NEW TEMPORARY PLYWOOD CONSTRUCTION FENCE FILED IN CONJUNCTION WITH ALT-CO B00918034-I1,500,4152,OCEAN AVENUE,Brooklyn,11235,GC,EDWARD BUILDERS INC,"2753 CONEY ISLAND AVE, RM 206",PR,,,Permit Issued
B00958622-S1-FN,B00958622-S1,Initial Permit,2026-09-18,2026-02-20,2027-06-01,Construction Fence,INSTALLATION OF A TEMPORARY WOODEN CONSTRUCTON FENCE,0,117,SPENCER STREET,Brooklyn,11205,GC,MJH CONSTRUCTION CORP,"670 MYRTLE AVE, #6366",ZEV ZAFIR INC.,,,Permit Issued
B01097255-S2-MS,B01097255-S2,Initial Permit,2026-09-18,2024-09-26,2026-11-20,Mechanical Systems,"PS 078K, INSTALLATION OF TEMPORARY BOILER BREECHING / STACK, STEAM, AND CONDENSATE PIPING SUBMITTING ON BEHALF OF CONTRACTOR IN CONJUNCTION WITH DOB # B07995034. NO CHANGE IN USE, EGRESS, OR OCCUPANCY.",50000,1420,EAST 68 STREET,Brooklyn,11234,GC,KORDUN CONSTRUCTION CORP,69-43 76TH STREET,NYC SCHOOL CONSTRUCTION AUTHORITY,,,Permit Issued
B01099647-S1-GC-CX,B01099647-S1,Initial Permit,2026-09-18,2026-06-10,2026-11-12,Structural,FILE FOUNDATION AND STRUCTURAL WORK TYPES IN CONJUNCTION WITH ALT-CO NEW BUILDING WITH EXISTING ELEMENTS TO REMAIN JOB APPLICATION JOB#B01099647.,268740,772,51 STREET,Brooklyn,11220,GC,JOHN EVAN CONTRACTING COR,218 E PARK AVE,,,,Permit Issued
B01111094-S2-EA,B01111094-S2,Initial Permit,2026-09-18,2026-09-15,2026-12-18,Foundation,Foundation application filled in conjunction with DOB JOB # B01111094-I1,1,1228,AVENUE V,Brooklyn,11229,GC,ADASS INC,2919 AVENUE J,PR,,,Permit Issued
B01111094-S2-FO,B01111094-S2,Initial Permit,2026-09-18,2026-09-15,2026-12-18,Foundation,Foundation application filled in conjunction with DOB JOB # B01111094-I1,1,1228,AVENUE V,Brooklyn,11229,GC,ADASS INC,2919 AVENUE J,PR,,,Permit Issued
B01111094-S6-ST,B01111094-S6,Initial Permit,2026-09-18,2026-09-15,2026-12-18,Structural,Application filed in conjunction with DOB NOW B01111094-I1,145530,1228,AVENUE V,Brooklyn,11229,GC,ADASS INC,2919 AVENUE J,PR,,,Permit Issued
B01208016-S4-FN,B01208016-S4,Initial Permit,2026-09-18,2026-09-18,2026-12-12,Construction Fence,INSTALL TEMPERORRY 8' HT CONSTRUCTION FENCE,0,689,COZINE AVENUE,Brooklyn,11208,GC,J&J DESIGNS INC,18 HUNTER PLACE,ATOMIC CONTRACTING INC.,,,Permit Issued
B01217600-S3-FN,B01217600-S3,Initial Permit,2026-09-18,2026-09-18,2026-12-12,Construction Fence,INSTALL TEMPERORRY 8' HT CONSTRUCTION FENCE,0,687,COZINE AVENUE,Brooklyn,11208,GC,J&J DESIGNS INC,18 HUNTER PLACE,ATOMIC CONTRACTING INC.,,,Permit Issued
B01217607-S3-FN,B01217607-S3,Initial Permit,2026-09-18,2026-09-18,2026-12-12,Construction Fence,INSTALL TEMPERORRY 8' HT CONSTRUCTION FENCE,0,685,COZINE AVENUE,Brooklyn,11208,GC,J&J DESIGNS INC,18 HUNTER PLACE,ATOMIC CONTRACTING INC.,,,Permit Issued
B01222118-S1-FN,B01222118-S1,Initial Permit,2026-09-18,2025-09-15,2027-05-29,Construction Fence,HEREBY FILING FOR TEMPORARY CONSTRUCTION FENCE,1000,1329,41 STREET,Brooklyn,11218,GC,AFFINITY ASSOCIATES 1 INC,670 MYRTLE AVENUE SUITE 109,Not Applicable,,,Permit Issued
B01223388-S3-PL,B01223388-S3,Initial Permit,2026-09-18,2026-03-09,2027-04-17,Plumbing,"PROPOSED PLUMBING WORK ON CELLAR, 1ST, 2ND, 3RD-5TH, 6TH AND ROOF FLOOR IN CONJUNCTION WITH DOB ALTERATION-CO NEW BUILDING JOB #:B01223388.",30000,877,58 STREET,Brooklyn,11220,P,JOHN FITZGERALD PLBG &HTG,256 WEST 124TH STREET,PR,,,Permit Issued
B01236322-S3-EW-SP,B01236322-S3,Initial Permit,2026-09-18,2026-03-27,2027-05-18,Sprinklers,Sprinkler work type hereby filed subsequent to the Alt. CO application: B01236322-I1,78925,1419,PARK PLACE,Brooklyn,11213,F,A M B MECHANICAL INC,152-32 ROCKAWAY BLVD,SKY ROCK,,,Permit Issued
B01240563-S2-PL,B01240563-S2,Initial Permit,2026-09-18,2025-09-18,2027-02-20,Plumbing,"Installation of replacement plumbing fixtures, equipment, water heaters and related piping as per plans filed herewith for new renovation of existing building as indicated on plans.",2218239,1550,EAST 102 STREET,Brooklyn,11236,P,ZONE PLUMBING & HEATING C,101-21 ROCKAWAY BOULEVARD,NEW YORK CITY HOUSING AUTHORITY,,,Permit Issued
B01246769-S5-ST,B01246769-S5,Initial Permit,2026-09-18,2026-02-01,2026-11-19,Structural,STRUCTURE FILED IN CONJUNCTION WITH ALT CO JOB NUMBER B01246769-I1.,130,373,HERZL STREET,Brooklyn,11212,GC,"EXPRESS BUILDERS JB, INC",365 FLUSHING AVE #612,Not Applicable,,,Permit Issued
B01246769-S6-FO-EA,B01246769-S6,Initial Permit,2026-09-18,2026-01-08,2026-11-19,Earth Work,FOUNDATION FILED IN CONJUNCTION WITH ALT CO JOB NUMBER B01246769-I1.,130,373,HERZL STREET,Brooklyn,11212,GC,"EXPRESS BUILDERS JB, INC",365 FLUSHING AVE #612,Not Applicable,,,Permit Issued
B01248446-I1-ST,B01248446-I1,Initial Permit,2026-09-18,2025-10-06,2026-10-30,Structural,"THE STRUCTURAL WORK AS PER PLANS FILED HEREWITH INCLUDES INSTALLATION OF CONCRETE SUPPORTS FOR GROUND MOUNTED 5MW (22MWh) ENERGY STORAGE SYSTEM AND STRUCTURAL STEEL FRAMING SYSTEM FOR NFPA 15, IN OUTDOOR SPACE. NO CHANGE IN USE, EGRESS OR O",660000,172,WILLIAMS AVENUE,Brooklyn,11207,GC,VERDE ELECTRIC CORP,1402 BLONDELL AVENUE,PR,,,Permit Issued
B01286004-I1-GC,B01286004-I1,Initial Permit,2026-09-18,2026-08-27,2027-02-09,General Construction,APPLICATION FILED HEREWITH TO VERTICALLY AND HORIZONALLY ENLARGE AN EXISTING TWO STORY + BASEMENT TWO FAMILY BUILDING INTO A FOUR STORY MIXED USE BUILDING,737060,1485,UNION STREET,Brooklyn,11213,GC,ADOR BUILDERS LLC,615 CROWN STREET STE 101,ELITE CONCRETE NY LLC,,,Permit Issued
B01303099-S1-ST,B01303099-S1,Initial Permit,2026-09-18,2026-07-07,2027-01-07,Structural,Structural work in conjunction with Alteration CO,61820,555,16 STREET,Brooklyn,11215,GC,YAFE MEOD CORP,17 BARSTOW ROAD .SUITE 401,EASY STREET PROPERTIES,,,Permit Issued
B01307224-I1-SF,B01307224-I1,Initial Permit,2026-09-18,2026-09-18,2026-10-14,Supported Scaffold,"Installation of a temporary supported scaffold per plan submitted. Work shall comply with 2022 building codes chapter 33. No change in use, egress and/or occupancy with this application.",2500,846,MANHATTAN AVENUE,Brooklyn,11222,GC,PRAT ENTERPRISES CORP,257 KENT STREET,PRAT ENTERPRISES CORP,,,Permit Issued
B01322734-S1-ST,B01322734-S1,Initial Permit,2026-09-18,2026-09-18,2027-01-01,Structural,STRUCTURAL ALTERATION FOR INTERIOR RENOVATION SCOPE. REINFORCEMENT OF EXISTING JOISTS VERTICAL ADDITION.,256048,509,6 AVENUE,Brooklyn,11215,GC,PTG GROUP LLC,1478 MORRIS AVE SUITE #101,PR,,,Permit Issued
B01332687-I1-FD,B01332687-I1,Initial Permit,2026-09-18,2026-05-06,2027-01-01,Full Demolition,"THIS JOB IS FILED FOR FULL DEMOLITION WORK AT 880 QUINCY STREET, BROOKLYN, NY 11221",100000,880,QUINCY STREET,Brooklyn,11221,GC,MEGA GENERAL CONSTR NYC,4021 159TH STREET 3RD FLOOR,880 QUINCY LLC,,,Permit Issued
B01341924-S1-PL,B01341924-S1,Initial Permit,2026-09-18,2026-06-22,2027-02-09,Plumbing,"INTERIOR RENOVATION OF EXISTING COMMERCIAL FOOD TAKEOUT, INSTALL NEW KITCHEN EQUIPMENT AT1ST FLOOR. NO CHANGE IN USE, OCCUPANCY AND EGRESS IS INVOLVED UNDER THIS APPLICATION.",11900,1104,LIBERTY AVENUE,Brooklyn,11208,P,WATERMARK PLUMBING CORP,97-06 101 AVENUE,n/a,,,Permit Issued
B01354445-I1-PL,B01354445-I1,Initial Permit,2026-09-18,2026-09-15,2026-12-06,Plumbing,"PLUMBING WORK IN 2-STORY WITH CELLAR AND ATTIC, 2-FAMILY BUILDING IN CONJUNCTION WITH ALT-2 APPLICATION #B01306775-I1",34500,571,EAST 31 STREET,Brooklyn,11210,P,PLBG P & H INC,81-15 MYRTLE AVENUE,ORCHID HOMES INC,,,Permit Issued
B01358791-S1-FN,B01358791-S1,Initial Permit,2026-09-18,2026-03-24,2026-12-02,Construction Fence,Fence application hereby filed subsequent to the FD application: B01358791-I1.,1000,893,DEAN STREET,Brooklyn,11238,GC,INNOVATIVE CONSTR NYC LLC,"130 LEE AVENUE, SUITE 431",Not Applicable,,,Permit Issued
B01359300-I1-SL,B01359300-I1,Initial Permit,2026-09-18,2026-09-11,2027-04-25,Solar,"Installation of PV solar energy system on roof. No change of use, egress, or occupancy.",133353,231,SOUTH 2 STREET,Brooklyn,11211,GC,BEST ENERGY POWER 2015 LL,20 W FAIRVIEW AVENUE,PR,,,Permit Issued
B01360036-I1-GC,B01360036-I1,Initial Permit,2026-09-18,2026-06-16,2026-11-16,General Construction,RENOVATION OF EXISTING TWO-FAMILY BUILDING. EXTERIOR WORK: NEW WINDOWS AT FRONT FACADE AND ENLARGEMENT OF SELECTED OPENINGS AT REAR FACADE WITH NEW WINDOWS. INTERIOR WORK: FULL RENOVATION OF THE FIRST FLOOR AND PARTIAL RENOVATION OF OTHER F,424250,478,10 STREET,Brooklyn,11215,GC,A & K CREATIVE CONSTRUCT*,3030 EMMONS AVENUE.APT#5S,Not Applicable,,,Permit Issued
B01362776-S3-EW-SP,B01362776-S3,Initial Permit,2026-09-18,2026-07-10,2026-10-23,Sprinklers,Sprinkler work as shown on plans filed herewith.,35000,267,KENT AVENUE,Brooklyn,11249,F,UNIVERSAL FIRE SPR LLC,43-01 21ST STREET STE 126,PALM TREE CONSULTING INC,,,Permit Issued
B01371667-I1-ST,B01371667-I1,Initial Permit,2026-09-18,2026-05-27,2027-05-28,Structural,Reinforcement of existing wood girder at the first floor/basement framing.,25000,799,PRESIDENT STREET,Brooklyn,11215,GC,MEGHNA CONSTRUCTION,211 DAHILL ROAD,,,,Permit Issued
B01392214-I1-GC,B01392214-I1,Initial Permit,2026-09-18,2026-07-17,2026-10-25,General Construction,"GC WORK TO RENOVATE BASEMENT, 2 & 3 FLOOR OF EX. 2-FAMILY AS PER PLANS SUBMITTED HEREWITH. PL WORK FILED UNDER SUBSEQUENT FILING. NO CHANGE TO EGRESS, USE OR OCCUPANCY.",125000,113,HALSEY STREET,Brooklyn,11216,GC,KM CONSTRUCTION GROUP INC,5 WALNUT STREET APT B20,Rebel Rebel Management,,,Permit Issued
B01400840-I1-PL,B01400840-I1,Initial Permit,2026-09-18,2026-08-17,2026-12-31,Plumbing,"new plumbing fixtures, Hotwater heater and associated piping.",57200,62,CLERMONT AVENUE,Brooklyn,11205,P,B&B MECH PLBG & HTG LLC,1127 UTICA AVENUE,RED GROUP MANAGEMENT,,,Permit Issued
B01406376-I1-GC,B01406376-I1,Initial Permit,2026-09-18,2026-07-10,2027-01-28,General Construction,"RENOVATION OF EXISTING MULTI-FAMILY ROOF. ALL WORK ON THE ROOF & BASEMENT ONLY. NO CHANGE TO USE, EGRESS, OR OCCUPANCY.",87500,454,15 STREET,Brooklyn,11215,GC,JBJ CONCRETE RENOVATIONS,98 VAN DYKE STREET,Stay Project Solutions,,,Permit Issued
B01406683-S6-ST,B01406683-S6,Initial Permit,2026-09-18,2026-09-11,2026-12-30,Structural,PROPOSED STRUCTURAL CONSTRUCTION FILING IN CONJUNCTION WITH ALT-CO JOB#B01406683-I1.,184320,68,BAY 22 STREET,Brooklyn,11214,GC,ACER CONSTRUCTION INC,131-44 40TH ROAD 2ND FLOOR,T & T CAPITAL LLC,,,Permit Issued
B01407774-I1-SF,B01407774-I1,Initial Permit,2026-09-18,2026-09-18,2026-12-09,Supported Scaffold,"INSTALLATION OF 300 PSF SIDEWALK SHED, PIPE SCAFFOLD AND ENGINEERED ENCLOSURE AS PER PLANS. ALL EQUIPMENT SHALL COMPLY WITH CHAPTER #33 OF THE 2022 CODE. NO CHANGE IN USE, EGRESS OR OCCUPANCY UNDER THIS APPLICATION.",10000,1595,CANARSIE ROAD,Brooklyn,11236,GC,MC SUPERSTRUCTURE INC,135-53 NORTHERN BLVD #2B,"AMP COMMUNICATIONS, LLC",,,Permit Issued
B01407774-I1-SH,B01407774-I1,Initial Permit,2026-09-18,2026-09-18,2026-12-09,Supported Scaffold,"INSTALLATION OF 300 PSF SIDEWALK SHED, PIPE SCAFFOLD AND ENGINEERED ENCLOSURE AS PER PLANS. ALL EQUIPMENT SHALL COMPLY WITH CHAPTER #33 OF THE 2022 CODE. NO CHANGE IN USE, EGRESS OR OCCUPANCY UNDER THIS APPLICATION.",10000,1595,CANARSIE ROAD,Brooklyn,11236,GC,MC SUPERSTRUCTURE INC,135-53 NORTHERN BLVD #2B,"AMP COMMUNICATIONS, LLC",,,Permit Issued
B01409847-I1-GC,B01409847-I1,Initial Permit,2026-09-18,2026-08-25,2026-12-10,General Construction,APT 2D: MODIFICATION TO INTERIOR PARTITIONS AND FINISHES TO ACCOMMODATE THE APARTMENT RENOVATION IN THE EXSITING BUILDING. No change to use egress or occupancy.,100001.99,39,REMSEN STREET,Brooklyn,11201,GC,SABI CONSTRUCTION USA INC,1662 CROPSEY AVE #A4,,,,Permit Issued
B01412148-I1-GC,B01412148-I1,Initial Permit,2026-09-18,2026-07-31,2027-09-16,General Construction,"INTERIOR RENOVATION OF APARTMENTS 27 & 28B AS SHOWN HEREWITH. NO CHANGES TO EGRESS, OCCUPANCY OR USE.",500000,111,HICKS STREET,Brooklyn,11201,GC,Z S NY IMPROVEMENT CORP,629 68TH STREET,ST. GEORGE TOWER AND GRILL OWNERS C,,,Permit Issued
B01413401-S5-EW-SP,B01413401-S5,Initial Permit,2026-09-18,2026-09-15,2026-12-26,Sprinklers,"DEMO OF EXISTING SPRINKLER MAIN AND INSTALLATION OF SPRINKLER MAIN AND HEADS ON FLOORS 001 THROUGH 005 AS PER PLANS FILED HEREWITH. NO CHANGE IN USE, EGRESS, OR OCCUPANCY.",341910,602,60 STREET,Brooklyn,11220,F,ARCO PLBG AND HTG INC,6717 4TH AVENUE,NYU LANGONE MEDICAL CENTER,,,Permit Issued
B01414564-S2-PL,B01414564-S2,Initial Permit,2026-09-18,2026-09-17,2027-03-16,Plumbing,PL WORK TYPE IN CONJUNCTION W/ GC WORK.,30000,475,EAST 26 STREET,Brooklyn,11226,P,KISHAN PLUMBING INC,106-46 GUY R BREWER BLVD,Not Applicable,,,Permit Issued
B01416972-I1-GC,B01416972-I1,Initial Permit,2026-09-18,2026-08-28,2027-04-22,General Construction,"Facade repairs consisting of stucco repair around windows, cornice repairs, non- structural window profile design replacement, and brick repointing at buildings 6-10 as per plans filed herewith. No change in Use, Egress or Occupancy.",504874.8,560,STATE STREET,Brooklyn,11217,GC,EXINTERIOR LLC,32 PARROTT PLACE,557 ATLANTIC OWNERS LLC,,,Permit Issued
B01417056-S1-PL,B01417056-S1,Initial Permit,2026-09-18,2026-09-18,2027-05-10,Plumbing,PLUMBING WORK IN CONJUNCTION WITH JOB #B01160846-I1.,24000,2338,63 STREET,Brooklyn,11204,P,CATMAN PLUMBING INC,20-11 COLLEGE POINT BLVD,Not Applicable,,,Permit Issued
B01421096-S1-PL,B01421096-S1,Initial Permit,2026-09-18,2026-09-11,2027-02-19,Plumbing,NEW GAS PIPING ASSOCIATED WITH NEW GAS/OIL BOILER AND BURNER REPLACED IN CELLAR ON INTIAIL FILING JOB #B01421096-I1,15000,82,PIERREPONT STREET,Brooklyn,11201,P,PRIMELINE PLUMBING INC.,23-05 27th St,PR,,,Permit Issued
B01425758-I1-GC,B01425758-I1,Initial Permit,2026-09-18,2026-09-10,2026-12-31,General Construction,"Interior remedial work at cellar and 3rd floor. Work includes removal of existing 4X4 wooden post at cellar and infill on the third floor, and finishes as required. No change to use, egress, or occupancy.",10794,230,SAINT JOHNS PLACE,Brooklyn,11217,GC,MLN REAL ESTATE,199 JAVA ST,Fox Management,,,Permit Issued
B01426672-I1-GC,B01426672-I1,Initial Permit,2026-09-18,2026-09-09,2027-08-15,General Construction,INSTALL A NEW EXTERIOR CONVENIENT (ACCESS) SPIRAL STAIR CONNECTING PHD2 TO PHD1 LEVELS UNDER THE SAME OWNERSHIP.,22000,135,OCEANA DRIVE EAST,Brooklyn,11235,GC,AM GROUP 2000 CROP,61-20 GRAND CENTRAL PKWAY B702,,,,Permit Issued
B01430318-I1-PL,B01430318-I1,Initial Permit,2026-09-18,2026-08-11,2027-03-16,Plumbing,"PL WORK TYPE TO RESTORE GAS SERVICE TO EX. COMMERCIAL SPACE AS PER PLANS SUBMITTED HEREWITH. NO CHANGE TO EGRESS, USE OR OCCUPANCY.",42000,1350,SUTTER AVENUE,Brooklyn,11208,P,KISHAN PLUMBING INC,106-46 GUY R BREWER BLVD,Not Applicable,,,Permit Issued
B01436250-I1-GC,B01436250-I1,Initial Permit,2026-09-18,2026-08-18,2027-04-25,General Construction,INTERIOR DEMOLITION FILED IN CONJUNCTION WITH ALTERATION CO FILING #B01295476-I1.,200656,75,CLINTON STREET,Brooklyn,11201,GC,A & E CONSTRUCTION OF NY,25 ATHENA PLACE,Not Applicable,,,Permit Issued
B01436479-I1-SF,B01436479-I1,Initial Permit,2026-09-18,2026-09-11,2027-05-29,Supported Scaffold,"INSTALLATION OF PIPE SCAFFOLDING AS PER PLANS. ALL EQUIPMENT SHALL COMPLY WITH CH #33 OF THE NYC CODE 2022. NO CHANGE IN USE, OCCUPANCY OR EGRESS UNDER THIS APPLICATION.",9000,730,ROGERS AVENUE,Brooklyn,11226,GC,TITAN SERVICES USA INC,10958 134TH ST,TITAN SERVICES USA INC.,,,Permit Issued
B01436932-I1-GC,B01436932-I1,Initial Permit,2026-09-18,2026-08-03,2027-03-01,General Construction,"FACADE REPAIRS AS PER PLANS FILED HEREWITH. NO CHANGE TO USE, EGRESS OR OCCUPANCY.",226000,400,RUGBY ROAD,Brooklyn,11226,GC,TEAMPRO CONTRACTING CORP,10 NEVADA STREET,MGIK Management,,,Permit Issued
B01436967-I1-GC,B01436967-I1,Initial Permit,2026-09-18,2026-08-20,2026-12-31,General Construction,"Interior renovation of the 1st flr of an existing townhouse, including modifications to the ceiling lighting layout. Relocation of mechanical ducts & proposed exterior deck. Plumbing fixtures. No change in use, egress, or occupancy is invol",390970,198,WINDSOR PLACE,Brooklyn,11215,GC,QUADRANT DEVELOPMENT,1714 STUART STREET,Not Applicable,,,Permit Issued
B01439003-I1-MS,B01439003-I1,Initial Permit,2026-09-18,2026-08-18,2027-05-05,Mechanical Systems,REPLACING HVAC UNIT ON EXISTING DUNNAGE AND OBTAINING USE PERMITS AS PER PLANS.,20000,1078,FULTON STREET,Brooklyn,11238,GC,UNIQUE RESTORATION CONSTR,7227 ROYCE PLACE,PR,,,Permit Issued
B01440157-I1-GC,B01440157-I1,Initial Permit,2026-09-18,2026-09-03,2027-06-16,General Construction,"INTERIOR ALTERATION TO THE EXISTING SPACE(S) AT THE 8TH FLOOR OF THE EXISTING COMMERCIAL/INDUSTRIAL BUILDING. NO CHANGES PROPOSED TO THE EXISTING BULK, USE, OCCUPANCY OR EGRESS OF THE EXISTING BUILDING.",505050,140,58 STREET,Brooklyn,11220,GC,NYCM MANAGEMENT INC,50 QUENTIN ROAD FL 1,NYC ECONOMIC DEVELOPMENT CORP,,,Permit Issued
B01440157-S2-MS,B01440157-S2,Initial Permit,2026-09-18,2026-09-08,2027-06-16,Mechanical Systems,SUBSEQUENT FILING FOR MECHANICAL SYSTEM FOR TENANT BUILD OUT.,108000,140,58 STREET,Brooklyn,11220,GC,NYCM MANAGEMENT INC,50 QUENTIN ROAD FL 1,NYC ECONOMIC DEVELOPMENT CORP,,,Permit Issued
B01442970-S1-PL,B01442970-S1,Initial Permit,2026-09-18,2026-09-04,2027-01-25,Plumbing,"Herewith file plumbing plans to remove and replace plumbing fixtures, filed in conjunction with Doc I1",28000,400,EAST 17 STREET,Brooklyn,11226,P,SUPERB PLUMBING & HEATING,"147 WEST 35TH STREET, SUITE 211",EBMG LLC,,,Permit Issued
B01443918-I1-SC,B01443918-I1,Initial Permit,2026-09-18,2026-09-17,2027-03-01,Suspended Scaffold,Installation of suspended scaffold for facade work or inspection.,0,136,HICKS STREET,Brooklyn,11201,R,SKYLINE RESTORATION INC,49-28 31ST PLACE,R. A. COHEN,,,Permit Issued
B01448850-I1-SL,B01448850-I1,Initial Permit,2026-09-18,2026-09-16,2027-03-12,Solar,"INSTALLATION OF SOLAR PANELS ON EXISTING ROOF. NO CHANGE IN USE, OCCUPANCY, OR EGRESS. NO CHANGE IN BULK",126729,1218,FLATBUSH AVENUE,Brooklyn,11226,GC,SOLAR STRING INC,90-45 144TH PLACE,PR,,,Permit Issued
B01449274-I1-GC,B01449274-I1,Initial Permit,2026-09-18,2026-09-16,2026-11-20,General Construction,"INSTALLATION OF AN AWNING WITH BUSINESS NAME (HiSun Market) ON STOREFRONT AT FIRST FLOOR LEVEL OF THE STORE. NO CHANGE IN USE, EGRESS OR OCCUPANCY. NO DISTURBING EXTERIOR WALL.",5600,230,LIVINGSTON STREET,Brooklyn,11201,GC,KORMAN DESIGN & BUILD,"202-18 45TH AVENUE, 2 FLOOR",HiSun Market,,,Permit Issued
B01450578-I1-MS,B01450578-I1,Initial Permit,2026-09-18,2026-09-16,2026-12-31,Mechanical Systems,"PROPOSED REPLACEMENT OF EXIST. OUTDOOR UNITS. MECHANICAL WORK AS PER PLAN. NO CHANGE IN EGRESS, USE OR OCCUPANCY",72000,8021,13 AVENUE,Brooklyn,11228,GC,JC HI TECH INC,1062 39TH STREET,Not Applicable,,,Permit Issued
B01452773-S1-PL,B01452773-S1,Initial Permit,2026-09-18,2026-09-09,2027-05-10,Plumbing,"FILE PLUMBING WORK FOR 1-FAMILY BUILDING WITH NEW/REPLACE/RELOCATED PLUMBING FIXTURES AND GAS APPLIANCES AS PER PLAN. NO CHANGE OF USE, EGRESS, OR OCCUPANCY.",30000,1075,77 STREET,Brooklyn,11228,P,CATMAN PLUMBING INC,20-11 COLLEGE POINT BLVD,Not Applicable,,,Permit Issued
B01456334-S1-PL,B01456334-S1,Initial Permit,2026-09-18,2026-09-16,2027-05-10,Plumbing,"SUBSEQUENT FILING FOR PLUMBING WORK. INSTALL KITCHEN, BATHROOM, & BOILER ROOM. NO CHANGE IN USE, EGRESS, OR OCCUPANCY.",62000,742,44 STREET,Brooklyn,11220,P,CATMAN PLUMBING INC,20-11 COLLEGE POINT BLVD,Changler LLC,,,Permit Issued
B01456637-I1-PMM,B01456637-I1,Initial Permit,2026-09-18,2026-09-18,2026-12-09,Protection and Mechanical Methods,INSTALLATION OF ENGINEERED ENCLSOURE SYSTEM AS PER PLANS. ALL EQUIPMENT SHALL COMPLY WITH CHAPTER # 33 OF THE 2022 CODE. NO CHANGE IN USE OCCUPANCY OR EGRESS UNDER THIS APPLICATION.,5000,95,AMITY STREET,Brooklyn,11201,GC,MC SUPERSTRUCTURE INC,135-53 NORTHERN BLVD #2B,PR,,,Permit Issued
B01456739-I1-GC,B01456739-I1,Initial Permit,2026-09-18,2026-09-14,2027-05-13,General Construction,FACADE REPAIR AS PER PLAN.,77600,1201,QUENTIN ROAD,Brooklyn,11229,GC,ABC CONTRACTING AND RESTO,1101T SACKETT AVENUE,Not Applicable,,,Permit Issued
B01456826-I1-SH,B01456826-I1,Initial Permit,2026-09-18,2026-09-18,2026-12-17,Sidewalk Shed,"PROPOSED INSTALLATION OF HEAVY DUTY SIDEWALK SHED AS PER PLANS. LIVE LOAD 300 LBS PER SQUARE FEET. SIDEWALK SHED SHALL COMPLY WITH CHAPTER #33 OF THE NYC BUILDING CODE. NO CHANGE IN USE, OCCUPANCY, OR EGRESS UNDER THIS APPLICATION.",5000,24,MONROE PLACE,Brooklyn,11201,GC,NEW AMERICAN CONSTRUCTION,1599 BIRCHWOOD DRIVE,NEW AMERICAN CONSTRUCTION INC,,,Permit Issued
B01456844-I1-SL,B01456844-I1,Initial Permit,2026-09-18,2026-09-11,2027-03-31,Solar,"INSTALLATION OF SOLAR PV SYSTEM. NO CHANGE TO USE, EGRESS, OR OCCUPANCY.",41657,261,92 STREET,Brooklyn,11209,GC,BROOKLYN SOLARWORKS LLC,200 6TH STREET SUITE 3G,Not Applicable,,,Permit Issued
B01457968-I1-MS,B01457968-I1,Initial Permit,2026-09-18,2026-09-14,2027-03-08,Mechanical Systems,"INSTALLATION OF REPLACEMENT ROOFTOP HVAC UNIT ON THE ROOF. NO CHANGE IN USE, EGRESS OR OCCUPANCY",16000,147,28 STREET,Brooklyn,11232,GC,COLGATE RESTORATION CORP,147 28 ST,COLGATE RESTORATION,,,Permit Issued
B01458904-S1-PL,B01458904-S1,Initial Permit,2026-09-18,2026-09-17,2027-05-01,Plumbing,"GENERAL RENOVATION OF 2-FAMILY HOUSE WITH NEW PLUMBING FIXTURES AS PER PLAN. NO CHANGE IN USE, EGRESS OR OCCUPANCY.",6000,658,58 STREET,Brooklyn,11220,P,AMERICAN STANDARD P&H COR,62-49 30TH AVENUE,Not Applicable,,,Permit Issued
B01459575-I1-GC-CX,B01459575-I1,Initial Permit,2026-09-18,2026-09-17,2027-06-17,General Construction,"INTERIOR RENOVATION OF AN EXISTING TWO FAMILY DWELLING. GENERAL CONSTRUCTION MECHANICAL WORK ON THE CELLAR, FIRST AND SECOND FLOORS AS PER PLANS. NO CHANGES TO EGRESS, USE, OR OCCUPANCY.",112600,2527,EAST 24 STREET,Brooklyn,11235,GC,CUBE BUILD GROUPS INC,6801 NEW UTRECHT AVE,VKW DESIGN INC,,,Permit Issued
B01460188-I1-SF,B01460188-I1,Initial Permit,2026-09-18,2026-09-18,2027-08-14,Supported Scaffold,"PROPOSED INSTALLATION OF TEMPORARY PIPE SCAFFOLD AS PER PLANS. WORK SHALL COMPLY WITH CHAPTER #33 OF THE NYC BUILDING CODE. NO CHANGE IN USE, OCCUPANCY, OR EGRESS UNDER THIS APPLICATION.",45000,248,FLUSHING AVENUE,Brooklyn,11205,GC,NEW AMERICAN CONSTRUCTION,1599 BIRCHWOOD DRIVE,NEW AMERICAN CONSTRUCTION INC,,,Permit Issued
B01460278-I1-SF,B01460278-I1,Initial Permit,2026-09-18,2026-09-18,2027-05-11,Supported Scaffold,INSTALLATION OF PIPE SCAFFOLDING AS PER PLANS. PIPE SCAFFOLDING SHALL COMPLY WITH CHAPTER # 33 OF THE 2022 CODE. NO CHANGE IN USE OCCUPANCY OR EGRESS UNDER THIS APPLICATION.,5000,1709,EAST 4 STREET,Brooklyn,11223,GC,NEW YORK CITY PRIME CORP,628 CONEY ISLAND AVE,NEW YORK CITY PRIME CORP,,,Permit Issued
B01460293-I1-SH,B01460293-I1,Initial Permit,2026-09-18,2026-09-18,2026-10-14,Sidewalk Shed,"HEAVY DUTY SIDEWALK SHED DURING VERTICAL / HORIZONTAL ENLARGEMENT FILED UNDER B01216883. SIDEWALK SHED SHALL COMPLY WITH CH #33 OF THE NYC BC. NO CHANGE IN USE, OCCUPANCY OR EGRESS UNDER THIS APPLICATION.",4000,898,MADISON STREET,Brooklyn,11221,GC,AKM CONSTRUCTION NY CORP,62 BRYANT ROAD,ATOMIC CONTRACTING INC.,,,Permit Issued
B01461562-I1-SF,B01461562-I1,Initial Permit,2026-09-18,2026-09-18,2027-02-17,Supported Scaffold,"PROPOSED INSTALLATION OF TEMPORARY PIPE SCAFFOLD AS PER PLANS. WORK SHALL COMPLY WITH CHAPTER #33 OF 2022 THE NYC BUILDING CODE. NO CHANGE IN USE, OCCUPANCY, OR EGRESS UNDER THIS APPLICATION.",1000,457,SACKETT STREET,Brooklyn,11231,GC,ANDAMIO SCAFFOLDING LLC,20 BURLING LANE (BOX 4-1),Malissa Lischin,,,Permit Issued
B01461568-I1-SH,B01461568-I1,Initial Permit,2026-09-18,2026-09-18,2026-11-16,Sidewalk Shed,"INSTALLATION OF TEMPORARY SIDEWALK SHED AS PER PLANS. NO CHANGE IN USE, EGRESS OR OCCUPANCY.",1,219,HARMAN STREET,Brooklyn,11237,GC,CORE SCAFFOLD SYSTEMS INC,417 MYRTLE AVE SUITE 14,OWNERS REP,,,Permit Issued
B01461598-I1-PMM,B01461598-I1,Initial Permit,2026-09-18,2026-09-18,2026-11-16,Protection and Mechanical Methods,"INSTALLATION OF TEMPORARY ROOF PROTECTION AS PER PLANS. NO CHANGE IN USE, EGRESS OR OCCUPANCY.",4000,73,MESEROLE STREET,Brooklyn,11206,GC,CORE SCAFFOLD SYSTEMS INC,417 MYRTLE AVE SUITE 14,OWNERS REP,,,Permit Issued
B01461603-I1-PMM,B01461603-I1,Initial Permit,2026-09-18,2026-09-18,2026-11-16,Protection and Mechanical Methods,"INSTALLATION OF TEMPORARY OVERHEAD PROTECTION AS PER PLANS. NO CHANGE IN USE, EGRESS OR OCCUPANCY.",4000,73,MESEROLE STREET,Brooklyn,11206,GC,CORE SCAFFOLD SYSTEMS INC,417 MYRTLE AVE SUITE 14,OWNERS REP,,,Permit Issued
B01461863-I1-PMM,B01461863-I1,Initial Permit,2026-09-18,2026-09-18,2027-08-14,Protection and Mechanical Methods,"INSTALLATION OF ENGINEERED ENCLOSURE SYSTEM AS PER PLANS. NO CHANGE IN USE, EGRESS OR OCCUPANCY. SHALL COMPLY WITH CHAPTER#33 OF 2022 NYC BUILDING CODE.",7020,231,SEIGEL STREET,Brooklyn,11206,GC,NEW AMERICAN CONSTRUCTION,1599 BIRCHWOOD DRIVE,NEW AMERICAN CONSTRUCTION INC,,,Permit Issued
B01462270-I1-SC,B01462270-I1,Initial Permit,2026-09-18,2026-09-18,2026-12-31,Suspended Scaffold,"INSTALLATION OF TEMPORARY SUSPENDED SCAFFOLDS PER PLAN SUBMITTED. WORK SHALL COMPLY WITH 2022 BUILDING CODE CHAPTER 33. NO CHANGE IN USE, EGRESS AND/OR OCCUPANCY WITH THIS APPLICATION.",0,2286,CROPSEY AVENUE,Brooklyn,11214,GC,DORIA SCAFFOLDING LLC,205-02 JAMAICA AVENUE,Doria Scaffolding LLC,,,Permit Issued
B08044690-S3-MS,B08044690-S3,Initial Permit,2026-09-18,2024-11-14,2026-10-23,Mechanical Systems,Propose Mini split system through out as per plans.,0,182,MONROE STREET,Brooklyn,11216,GC,EXCELLENT METROPOLITAN,157-59 ROSE AVE,182 MONROE STREET LLC,,,Permit Issued
M00350156-I1-EW-SP,M00350156-I1,Initial Permit,2026-09-18,2026-08-31,2026-12-31,Sprinklers,Install new sprinkler system in conjunction with NB# 121207997,137500,109,WEST 126 STREET,Manhattan,10027,F,FIVE BOROUGH NYC LLC,553 LINCOLN AVENUE,LEMOR DEVELOPMENT GROUP,,,Permit Issued
M00600790-I1-ST,M00600790-I1,Initial Permit,2026-09-18,2021-10-04,2027-02-04,Structural,Propose installation of rooftop dunnage for new mechanical equipment filed in conjunction with Alt 2 # 123755052,4800,246,EAST 121 STREET,Manhattan,10035,GC,D.P. GROUP GENERAL CONTRA,902 ALLERTON AVE,ODYSSEY HOUSE,,,Permit Issued
M00853451-I1-BE,M00853451-I1,Initial Permit,2026-09-18,2023-05-02,2027-01-20,Boiler Equipment,LEHMAN VILLAGE BOILER INSTALLATION OF 4 NEW BOILERS.,2400000,70,EAST 108 STREET,Manhattan,10029,P,EASTERN PLBG & MECH CONTR,5077 ARTHUR KILL ROAD UNIT E,NYCHA,,,Permit Issued
M00899510-I1-PL,M00899510-I1,Initial Permit,2026-09-18,2026-07-17,2026-11-04,Plumbing,"INSTALLATION OF PLUMBING FIXTURES, GAS-FIRED EQUIPMENT, & ROOF DRAINS IN THE 1-FAMILY HOUSE IN CONJUNCTION WITH ALT I #121750578",98800,357,BLEECKER STREET,Manhattan,10014,P,SUPER PLUMBING SOLUTIONS,129-01 18TH AVE,RYOUN LLC,,,Permit Issued
M01021448-I1-CC,M01021448-I1,Initial Permit,2026-09-18,2024-05-16,2027-04-20,Curb Cut,NORTH CURB CUT ON WEST 36 AS PER PLANS. APPLICATION FILED IN CONJUNCTION WITH M01003551-I1 (ALT CO - GC).,10000,152,WEST 36 STREET,Manhattan,10018,GC,JRM CONSTRUCTION MGMT LLC,"111 WEST 33RD ST, 4TH FLR",MEQUITY COMPANIES,,,Permit Issued
M01033460-S2-PL,M01033460-S2,Initial Permit,2026-09-18,2026-05-12,2026-10-23,Plumbing,"REPLACEMENT OF EXISTING KITCHEN AND BATHROOM FIXTURES ON EXISTING ROUGH IN. NO CHANGE TO USE, EGRESS OR OCCUPANCY.",300000,17,EAST 124 STREET,Manhattan,10035,P,GM-PLUMBING CORP.,48-14 54 AVE,NEW YORK CITY HOUSING AUTHORITY,,,Permit Issued
M01033620-S8-BE,M01033620-S8,Initial Permit,2026-09-18,2026-08-13,2027-06-29,Boiler Equipment,"BOILER BURNERS REPLACEMENT. NO CHANGE TO USE, EGRESS OR OCCUPANCY.",210000,307,EAST 116 STREET,Manhattan,10029,P,DUAL FUEL PLUBING & HTING,"435 AUSTIN PLACE, SUITE D",NEW YORK CITY HOUSING AUTHORITY,,,Permit Issued
M01164499-S9-EW-SD,M01164499-S9,Initial Permit,2026-09-18,2026-02-26,2026-12-04,Standpipe,Filing for Temp Standpipe in conjunction with NB# M01164499-I1,0,11,WEST 13 STREET,Manhattan,10011,F,DEMAR PLUMBING CORP,147 ATTORNEY STREET,LEGION INVESTMENT GROUP,,,Permit Issued
M01197180-I1-GC,M01197180-I1,Initial Permit,2026-09-18,2026-07-22,2026-10-23,General Construction,"Renovation at Penthouse A and Terrace. No change to use, egress or occupancy.",250000,36,GRAMERCY PARK EAST,Manhattan,10003,GC,PYZNAR CONSTRUCTION INC,"880 47TH STREET, APT D6",,,,Permit Issued
M01218072-I1-GC,M01218072-I1,Initial Permit,2026-09-18,2025-10-14,2026-12-31,General Construction,"Interior renovation and conversion of a two family dwelling to a single family dwelling on the Basement, 001 thru 003 floors and roof. General construction. New C of O to be obtained.",10000,112,WEST 88 STREET,Manhattan,10024,GC,JOHN PETROCELLI CONSTRUCT,7E ABBOTT AVENUE,PR,,,Permit Issued
M01241335-S3-PL,M01241335-S3,Initial Permit,2026-09-18,2026-01-30,2027-04-11,Plumbing,"Filing for plumbing work at the 5th, 6th floor, and roof. No change to use, egress, or occupancy.",83015,534,HUDSON STREET,Manhattan,10014,P,IMPACT PLUMBING INC,105 CITY ISLAND AVENUE,"SOLSTICE RESIDENTIAL GROUP, LLC",,,Permit Issued
M01262427-I1-GC,M01262427-I1,Initial Permit,2026-09-18,2026-09-02,2027-02-12,General Construction,DevHUB Consultation 7.18.2025 @2pm. Application filed to enlarge building horizontally and vertically.,11981218,809,MADISON AVENUE,Manhattan,10065,GC,CM AND ASSOCIATES CONST,1 RIVERFRONT PLAZA,Macklowe Properties,,,Permit Issued
M01270867-S2-PL,M01270867-S2,Initial Permit,2026-09-18,2025-12-15,2027-05-01,Plumbing,PLUMBING FILING FOR INTERIOR FITOUT FOR TENANT SPACE FILING in conjunction with New Building# M00580473,1000,509,WEST 48 STREET,Manhattan,10036,P,FORWARD MECHANICAL CORP,55-54 60TH STREET,DOUGLASTON DEVELOPMENT,,,Permit Issued
M01296079-I1-GC,M01296079-I1,Initial Permit,2026-09-18,2025-12-03,2026-10-03,General Construction,"INSTALLATION OF REPLACEMENT VOLUNTARY AC UNIT ON ROOF & RELATED MECHANICAL REFRIGERANT RISER SHAFT FROM 2ND FLOOR TO ROOF IN EGRESS STAIRWELL AT 45 WALKER STREET. NO CHANGE IN VOLUME, USE, OCCUPANCY, OR EGRESS.",77222,45,WALKER STREET,Manhattan,10013,GC,HIGHLINE CONSTRUCTION GR,"242 WEST 30TH ST, SUITE 900",,,,Permit Issued
M01299771-S1-PL,M01299771-S1,Initial Permit,2026-09-18,2026-03-04,2026-11-12,Plumbing,"HEREBY FILING FOR RENOVATION OF UNIT 2BC (INSTALLATION OF PLUMBING FIXTURES). NO CHANGE IN USE, EGRESS OR OCCUPANCY.",39000,1080,FIFTH AVENUE,Manhattan,10128,P,ORBIT PLBG & HTG INC,2341 MCDONALD AVE,,,,Permit Issued
M01302445-I1-GC,M01302445-I1,Initial Permit,2026-09-18,2026-04-07,2027-02-20,General Construction,"Propose sidewalk and vault repair all as per plans herewith filed. No change in use, egress or occupancy filed under this application.",100000,161,WEST 15 STREET,Manhattan,10011,GC,TOWER SERVICES INC,3860 REVIEW AVENUE,161 West 15th Street C/o Maxwell Kates,,,Permit Issued
M01307958-I1-GC,M01307958-I1,Initial Permit,2026-09-18,2026-01-06,2027-02-17,General Construction,Interior renovation to covert Apt 1 & Apt 2 into Apt 1 and Apt 8 & Apt 10 into Apt 8 as shown on plans filed herewith.,90850,2248,1 AVENUE,Manhattan,10029,GC,"MOGA CONTRACTING, INC",1080 MADISON AVE APT9,GEORGE ARYEH,,,Permit Issued
M01314241-I1-ST,M01314241-I1,Initial Permit,2026-09-18,2026-04-20,2026-10-16,Structural,"Structural modifications as per plans filed herewith. No change in use, egress or occupancy.",10013,168,CANAL STREET,Manhattan,10013,GC,MARLEX MANAGEMENT INC,10 COTTAGE PL. APT 11A,"CO GEORGE COMFORT & SONS, INC",,,Permit Issued
M01328172-S1-MS,M01328172-S1,Initial Permit,2026-09-18,2026-09-01,2026-11-30,Mechanical Systems,"Modification of HVAC system as shown on submitted plans. No change in occupancy, use or egress.",44800,120,WEST 18 STREET,Manhattan,10011,GC,CAPITAL BUILDERS NYC INC,18 DOE VIEW LANE,Serial Cinema Corporation,,,Permit Issued
M01329969-I1-GC,M01329969-I1,Initial Permit,2026-09-18,2026-09-09,2027-07-01,General Construction,CONVERSION OF AN EXIST. COMMERCIAL FLOOR( 6TH. FLOOR) TO RESIDENTIAL USE AS PER ARTICLE 7B OF MDL.,568000,248,WEST 35 STREET,Manhattan,10001,GC,A & JAY MAINTENANCE CORP,2530 OCEAN AVENUE STE 11A,KECHEK REALTY,,,Permit Issued
M01340558-S1-PMM,M01340558-S1,Initial Permit,2026-09-18,2026-03-30,2027-04-22,Protection and Mechanical Methods,Filing Mechanical Equipment Use On Grade In Conjunction With Full Mechanical Demolition Phase Under job M01340558-I1,10000,687,LENOX AVENUE,Manhattan,10037,GC,CROWBAR INDUSTRIES INC,5314 61ST STREET #1F,PR,,,Permit Issued
M01343007-S1-MS,M01343007-S1,Initial Permit,2026-09-18,2026-02-18,2027-05-25,Mechanical Systems,Modification and installation of HVAC system,0,655,WEST 59 STREET,Manhattan,10019,GC,DESIMONE BUILDERS LLC,10 TIMES SQUARE 20TH FLOOR,PR,,,Permit Issued
M01346946-I1-GC,M01346946-I1,Initial Permit,2026-09-18,2026-02-13,2026-12-15,General Construction,"FACADE RENOVATION IS LIMITED TO FLOORS 1, 2, AND 3 ONLY, REMOVAL OF DIRECT APPLIED EXISTING STONE & CERAMIC TILE & SELECT AREAS OF CURTAIN WALL & A MARQUEE ON THE PARK AVENUE SOUTH SIDE. FACADE WILL BE RE-CLAD WITH UNINSULATED METAL PANEL.",1249999.8,420,PARK AVENUE SOUTH,Manhattan,10016,GC,"L&K PARTNERS, INC","104 EAST 25TH STREET, 9TH FL",HIGHGATE HOTELS LP,,,Permit Issued
M01347075-S2-PL,M01347075-S2,Initial Permit,2026-09-18,2026-08-28,2027-04-19,Plumbing,"Plumbing modifications related to 1st, 2nd, 3rd floor public spaces renovation.",150000,420,PARK AVENUE SOUTH,Manhattan,10016,P,"DONATO PLUMBING, INC","590 5TH AVENUE, SUITE 1402",HIGHGATE HOTELS LP,,,Permit Issued
M01348004-I1-GC,M01348004-I1,Initial Permit,2026-09-18,2026-07-14,2026-10-09,General Construction,"GENERAL CONSTRUCTION MODIFICATIONS TAKING PLACE ON THE 1ST FLOOR AS PER DRAWINGS FILED HEREWITH. NO CHANGE IN USE, EGRESS OR OCCUPANCY.",1676019,430,PARK AVENUE,Manhattan,10022,GC,SWINERTON BUILDERS,"292 MADISON AVENUE, 11TH FL",430 PARK AVENUE COMPANY,,,Permit Issued
M01348005-I1-MS,M01348005-I1,Initial Permit,2026-09-18,2026-08-03,2026-10-09,Mechanical Systems,"MECHANICAL MODIFICATIONS TAKING PLACE IN THE BASEMENT AND ON THE 1ST FLOOR AS PER DRAWINGS FILED HEREWITH. NO CHANGE IN USE, EGRESS OR OCCUPANCY.",132000,430,PARK AVENUE,Manhattan,10022,GC,SWINERTON BUILDERS,"292 MADISON AVENUE, 11TH FL",430 PARK AVENUE COMPANY,,,Permit Issued
M01348035-I1-ST,M01348035-I1,Initial Permit,2026-09-18,2026-08-04,2026-10-09,Structural,"STRUCTURAL MODIFICATIONS TAKING PLACE ON THE 1ST FLOOR AS PER DRAWINGS FILED HEREWITH. NO CHANGE IN USE, EGRESS OR OCCUPANCY.",48000,430,PARK AVENUE,Manhattan,10022,GC,SWINERTON BUILDERS,"292 MADISON AVENUE, 11TH FL",430 PARK AVENUE COMPANY,,,Permit Issued
M01349325-S5-FO,M01349325-S5,Initial Permit,2026-09-18,2026-08-27,2026-10-31,Foundation,"AS PER EMERGENCY PERMIT 052226CE10501PW-CTL376347 FILING UNDERPINNING AND RELATED FOUNDATION WORK IN CELLAR AS PER PLANS FILED HEREWITH. NO CHANGE TO USE, EGRESS OR OCCUPANCY",53000,29,EAST 20 STREET,Manhattan,10003,GC,AERIAL DESIGN BUILD SVCS,122 E 57TH STREET ROOM 4R,BERRY PROPERTY MANAGEMENT,,,Permit Issued
M01349620-I1-GC-CX,M01349620-I1,Initial Permit,2026-09-18,2026-07-01,2027-04-01,General Construction,"ROOF REPAIR AND RESTORATION AS PER PLANS FILED. NO CHANGE IN OCCUPANCY, USE OR EGRESS. NO DEVELOPMENT OR ENLARGEMENT.",48006,46,DOWNING STREET,Manhattan,10014,GC,PREMIER CONSTRUCTION INC,204-08 JAMAICA AVENUE,William Gottlieb Management Co. LLC,,,Permit Issued
M01359351-S3-MS,M01359351-S3,Initial Permit,2026-09-18,2026-07-07,2027-01-18,Mechanical Systems,Mechanical work filed in conjunction with the build-out of a retail store.,310000,20,EAST 20 STREET,Manhattan,10003,GC,PALONE BROTHERS AIR,100-24 AVENUE D,"GRAMERCY HOUSE, INC.",,,Permit Issued
M01363043-I1-FD,M01363043-I1,Initial Permit,2026-09-18,2026-08-12,2026-12-28,Full Demolition,"full demolition of four story structure, using hand held with mechanical assist",1000000,1133,LEXINGTON AVENUE,Manhattan,10075,GC,VOLK INDUSTRIAL SERVICES,599 N. MAPLE AVE,Not Applicable,,,Permit Issued
M01363286-S1-EW-SD,M01363286-S1,Initial Permit,2026-09-18,2026-09-09,2026-12-09,Standpipe,Conversion of existing wet standpipe to dry air-pressurized alarm system per BC 3303.8.,1000,80,BROAD STREET,Manhattan,10004,F,NEPTUNE MECHANICAL INC,29-10 120TH STREET,BSD 80 BROAD LLC,,,Permit Issued
M01366315-S1-PL,M01366315-S1,Initial Permit,2026-09-18,2026-08-12,2026-11-21,Plumbing,"PLUMBING FIXTURES IN 3E AS INDICATED ON PLANS FILED IN CONJUNCTION WITH DOB NOW GC . NO CHANGE TO USE, OCCUPANCY OR EGRESS.",21000,25,SUTTON PLACE SOUTH,Manhattan,10022,P,ALTAIR PLUMBING AND HEAT,151 28TH STREET,,,,Permit Issued
M01369175-I1-MS,M01369175-I1,Initial Permit,2026-09-18,2026-04-01,2026-12-12,Mechanical Systems,Filing herewith to replace existing HVAC equipment in the central cooling plant.,2000000,325,PARK AVENUE,Manhattan,10022,GC,GREEN MECHANICAL CORP,160-23 84TH STREET,St. Barts Church,,,Permit Issued
M01369869-S2-PL,M01369869-S2,Initial Permit,2026-09-18,2026-03-27,2027-03-31,Plumbing,Plumbing work as shown on plans filed herewith.,1229800,250,VESEY STREET,Manhattan,10281,P,MAC FELDER INC,610 11TH AVENUE,Not Applicable,,,Permit Issued
M01370136-S2-PL,M01370136-S2,Initial Permit,2026-09-18,2026-03-27,2027-03-31,Plumbing,Plumbing work as shown on plans filed herewith.,1229800,250,VESEY STREET,Manhattan,10281,P,MAC FELDER INC,610 11TH AVENUE,Not Applicable,,,Permit Issued
M01372575-S5-ST,M01372575-S5,Initial Permit,2026-09-18,2026-09-03,2026-10-30,Structural,Structural framing for new opening between cellar and first floor. Install two new structural posts between cellar and first floor.,45850,1165,FIFTH AVENUE,Manhattan,10029,GC,MCCORMACK CONTRACTING INC,37-37 9TH STREET,Not Applicable,,,Permit Issued
M01373390-S1-PL,M01373390-S1,Initial Permit,2026-09-18,2026-04-14,2027-01-30,Plumbing,"PLUMBING MODIFICATION TO COMBINE APT 52B AND 52C AS PER PLANS FILED HEREWITH. KEEPING 2ND KOSHER KITCHEN AS PER LETTER FROM JEWISH ORTHODOX CHURCH. NO CHANGE TO USE, EGRESS OR OCCUPANCY.",34000,50,WEST STREET,Manhattan,10006,P,VERTEX P & H CORP,76-22 30TH AVE,TIME EQUITIES INC,,,Permit Issued
M01374582-I1-GC,M01374582-I1,Initial Permit,2026-09-18,2026-04-30,2027-05-16,General Construction,"INTERIOR RENOVATION OF EXISTING APARTMENT UNIT #3AB AS PER PLAN INLCUDING MODIFICATION AND INSTALLATION OF NON-BEARING PARTITION WALL WITH DOORS , MINOR CARPENTRY WORK, AND LIGHTING FIXTURES. NO CHANGE IN USE, EGRESS, OR OCCUPANCY.",33320,146,WEST 16 STREET,Manhattan,10011,GC,E-GLIDE ENTERTAINMENT INC,149 2ND AVENUE #1,PR,,,Permit Issued
M01374833-I1-GC,M01374833-I1,Initial Permit,2026-09-18,2026-04-06,2027-07-17,General Construction,"INTERIOR ALTERATIONS TO EXISTING COMMERCIAL SPACE TO INCLUDE NON LOAD BEARING DEMO, FRAMING AND PARTITION WORK. NO CHANGE TO USE, OCCUPANCY OR EGRESS",150000,8,EAST 18 STREET,Manhattan,10003,GC,BUILD NYC GROUP CORP,1180 AVE OF THE AMERICAS 8THFL,LIVINGSTON MANAGEMENT SERVICES LLC,,,Permit Issued
M01377143-I1-GC,M01377143-I1,Initial Permit,2026-09-18,2026-06-03,2026-12-01,General Construction,"FILING ALTERATION TYPE II FOR INTERIOR RENOVATION OF APT. 7A, AS PER PLANS. NO CHANGE TO USE, EGRESS, OR OCCUPANCY IS PROPOSED UNDER THIS APPLICATION.",205250,4,EAST 95 STREET,Manhattan,10128,GC,ACCRETE HOME REMODELING I,163 FIRST STREET,,,,Permit Issued
M01387918-I1-GC,M01387918-I1,Initial Permit,2026-09-18,2026-07-23,2027-05-22,General Construction,"Filing to reflect minor removal & interior work as well as storefront work as per plans filed. No change to use, egress or occupancy,",30000,575,MADISON AVENUE,Manhattan,10022,GC,GLYNN GROUP LLC,"182 E 95TH STREET, APT 20J",575 ASSOCIATES LLC,,,Permit Issued
M01392011-I1-GC,M01392011-I1,Initial Permit,2026-09-18,2026-06-06,2026-11-04,General Construction,MINOR CONSTRUCTION RENOVATION AT EX. LOUNGE AREA ON 1ST FLR.,37500,65,WEST 36 STREET,Manhattan,10018,GC,Z BARCLAY GROUP NYC CORP,25 MELVILLE PARK ROAD,SIONI GROUP,,,Permit Issued
M01395847-S1-PL,M01395847-S1,Initial Permit,2026-09-18,2026-08-03,2027-03-09,Plumbing,Remove existing gas meters and cap and/or lock riser valve in building,30000,520,WEST 114 STREET,Manhattan,10025,P,ALAFOGIANNIS PLBG & HTG,254 EAST 134TH STRETT,Trustees of Columbia University,,,Permit Issued
M01396692-I1-ST,M01396692-I1,Initial Permit,2026-09-18,2026-07-29,2026-11-07,Structural,Hollow Core Concrete Plank Repair Apartment 1G,19300,1831,MADISON AVENUE,Manhattan,10035,GC,ENERGY BUILDING CONSTRUCT,752 EAST 137TH STREET 1ST FLR,,,,Permit Issued
M01397473-S1-PL,M01397473-S1,Initial Permit,2026-09-18,2026-09-14,2027-08-12,Plumbing,Plumbing work file in conjunction with apartment #12W renovation,32500,907,FIFTH AVENUE,Manhattan,10021,P,FORTE EXPRESS P & H INC,"153 WEST 27TH STREET, 10TH FL",PR,,,Permit Issued
M01397856-S2-PL,M01397856-S2,Initial Permit,2026-09-18,2026-08-28,2026-10-04,Plumbing,Plumbing modifications on 2nd floor as indicated on plans filed herewith.,65000,122,5 AVENUE,Manhattan,10011,P,ARMON MECHANICAL INC,"7 WEST 36TH STREET, 7TH FL",BROMLEY COMPANIES,,,Permit Issued
M01397986-S2-MS,M01397986-S2,Initial Permit,2026-09-18,2026-08-13,2027-01-01,Mechanical Systems,MECHANICAL WORK ASSOCIATED WITH THE INTERIOR RENOVATION OF THE HOTEL.,775000,145,WEST 44 STREET,Manhattan,10036,GC,INTEGRAL CONTRACTING INC,244 MADISON AVENUE #1474,NEHMER,,,Permit Issued
M01400820-I1-GC,M01400820-I1,Initial Permit,2026-09-18,2026-08-27,2026-10-25,General Construction,"INTERIOR RENOVATION IN APT. #14C. NO CHANGE OF USE, EGRESS OR OCCUPANCY.",95000,900,5 AVENUE,Manhattan,10021,GC,GALLERY RESTORATION LTD,63 FLUSHING AVE B212 ST 301,,,,Permit Issued
M01401015-I1-EW-SP,M01401015-I1,Initial Permit,2026-09-18,2026-06-11,2026-10-08,Sprinklers,"Modification of the sprinkler system to remove and install new sprinkler heads as shown on the drawings filed herewith. No change in use, egress, or occupancy.",8000,204,ELIZABETH STREET,Manhattan,10012,F,A PLUS PLUMBING CORP,539 WILD AVENUE,304-310 W. 14 REALTY LLC,,,Permit Issued
M01401120-S1-PL,M01401120-S1,Initial Permit,2026-09-18,2026-08-14,2026-11-13,Plumbing,Plumbing work associated with general construction application M01401120-I1.,12000,1175,MADISON AVENUE,Manhattan,10028,P,P.H. WORKS INC,388 EAST 198TH STREET,PR,,,Permit Issued
M01402835-I1-GC,M01402835-I1,Initial Permit,2026-09-18,2026-08-09,2026-12-31,General Construction,"FILING EXISTING LAUNDRY ROOM ON 2ND FLOOR TO GET EXISTING GAS DRYERS BACK ON. NEW PROPOSED HARDWIRED SMOKE/CARBON MONOXIDE DETECTOR. NO CHANGE IN USE, EGRESS, OR OCCUPANCY.",5168.67,2411,FREDERICK DOUGLASS BOULEVARD,Manhattan,10027,GC,HENRY MYERS PLUMBING & H,551 39TH STREET.BASEMENT,L+M FUND MANAGEMENT LLC,,,Permit Issued
M01402835-S2-MS,M01402835-S2,Initial Permit,2026-09-18,2026-09-03,2026-12-31,Mechanical Systems,FILING EXISTING MECHANICAL IN EXISTING LAUNDRY ROOM ON 2ND FLOOR TO GET EXISTING GAS DRYERS BACK ON. NO NEW MECHANICAL IS PROPOSED.,5168.67,2411,FREDERICK DOUGLASS BOULEVARD,Manhattan,10027,GC,HENRY MYERS PLUMBING & H,551 39TH STREET.BASEMENT,L+M FUND MANAGEMENT LLC,,,Permit Issued
M01402847-I1-GC,M01402847-I1,Initial Permit,2026-09-18,2026-08-17,2026-12-31,General Construction,"NEW PROPOSED HARDWIRED SMOKE/CARBON MONOXIDE DETECTOR & FIRESTOPPING AT NEW GAS LINE IN EXISTING LAUNDRY ROOM. NO CHANGE IN USE, EGRESS, OR OCCUPANCY.",5168,400,ST NICHOLAS AVENUE,Manhattan,10027,GC,HENRY MYERS PLUMBING & H,551 39TH STREET.BASEMENT,L+M FUND MANAGEMENT LLC,,,Permit Issued
M01402847-S2-MS,M01402847-S2,Initial Permit,2026-09-18,2026-08-17,2026-12-31,Mechanical Systems,FILING EXISTING MECHANICAL IN EXISTING LAUNDRY ROOM ON 1ST FLOOR TO RESOLVE DOB OBJECTIONS GIVEN TO PL LAA APPLICATION #M00849443-I1-LA,5168,400,ST NICHOLAS AVENUE,Manhattan,10027,GC,HENRY MYERS PLUMBING & H,551 39TH STREET.BASEMENT,L+M FUND MANAGEMENT LLC,,,Permit Issued
M01403496-I1-PL,M01403496-I1,Initial Permit,2026-09-18,2026-06-05,2027-05-01,Plumbing,"Modifications to the existing plumbing system on the 2nd floor (Paradigm) as per plans. No change to use, egress or occupancy.",5000,810,7 AVENUE,Manhattan,10019,P,BEDROCK PLUMBING & HEATING INC,101-14 JAMAICA AVENUE,SL GREEN REALTY CORP,,,Permit Issued
M01405914-S2-EW-SP,M01405914-S2,Initial Permit,2026-09-18,2026-07-07,2026-12-29,Plumbing,MODIFICATION TO PLUMBING AND SPRINKLER SYSTEMS FOR APARTMENT COMBINATION AS PER PLANS.,46000,177,9 AVENUE,Manhattan,10011,F,ACCURATE MECHANICAL INC,2060 ANTIN PLACE,THE BRODSKY ORGANIZATION,,,Permit Issued
M01405914-S2-PL,M01405914-S2,Initial Permit,2026-09-18,2026-07-07,2027-01-31,Plumbing,MODIFICATION TO PLUMBING AND SPRINKLER SYSTEMS FOR APARTMENT COMBINATION AS PER PLANS.,46000,177,9 AVENUE,Manhattan,10011,P,M&G PLUMBING AND HEATING,4749 31st Place,THE BRODSKY ORGANIZATION,,,Permit Issued
M01407719-S2-PL,M01407719-S2,Initial Permit,2026-09-18,2026-08-24,2026-10-08,Plumbing,"APPLICATION FILED FOR PLUMBING ADDITIONS/MODIFICATIONS ON THE 14TH FLOOR (MARKETING FLOOR) / 6TH FLOOR (CONSTRUCTION FLOOR) & 15TH FLOOR (MARKETING FLOOR) / 7TH FLOOR (CONSTRUCTION FLOOR) AS PER PLANS FILED HEREWITH. NO CHANGE IN USE, EGRES",150000,725,5 AVENUE,Manhattan,10022,P,A PLUS PLUMBING CORP,539 WILD AVENUE,THE TRUMP CORPORATION,,,Permit Issued
M01410852-I1-GC,M01410852-I1,Initial Permit,2026-09-18,2026-08-14,2027-06-17,General Construction,"Interior renovation of existing offices on the 1st floor. No change to use, egress or occupancy.",143000,180,PARK ROW,Manhattan,10038,GC,CUBE BUILD GROUPS INC,6801 NEW UTRECHT AVE,CHATHAM TOWERS INC,,,Permit Issued
M01411035-I1-MS,M01411035-I1,Initial Permit,2026-09-18,2026-09-03,2026-12-04,Mechanical Systems,INSTALLATION OF REPLACEMENTGAS-FIRED UNIT HEATER AND COOLINGTOWER AS PER PLANS.,160000,464,WEST 44 STREET,Manhattan,10036,GC,DEMAR PLUMBING CORP,147 ATTORNEY STREET,PR,,,Permit Issued
M01412000-I1-GC,M01412000-I1,Initial Permit,2026-09-18,2026-09-08,2026-10-13,General Construction,"Interior alteration to an existing storefront; removal and replacement of built-in millwork and display. No change in egress, use or occupancy.",50000,58,WEST 8 STREET,Manhattan,10011,GC,COOPER WORKS INC,1169 HARDSCRABLE ROAD,BUCHBINDER & WARREN LLC,,,Permit Issued
M01412460-I1-GC,M01412460-I1,Initial Permit,2026-09-18,2026-08-28,2026-12-31,General Construction,"Exterior facade restoration and repairs as necessary and per plans submitted. No change in use, occupancy or egress proposed under this application.",101891.8,437,EAST 71 STREET,Manhattan,10021,GC,SATO CONSTRUCTION CO.INC,10-40 BORDEN AVE,PR,,,Permit Issued
M01413870-S1-PL,M01413870-S1,Initial Permit,2026-09-18,2026-08-10,2027-06-03,Plumbing,"Modification to existing plumbing fixtures related to apartment renovation. No change to occupancy, use or egress.",75000,150,WEST 56 STREET,Manhattan,10019,P,TESTERMAN PLBG & HTG INC,211 52ND STREET,,,,Permit Issued
M01413960-I1-GC,M01413960-I1,Initial Permit,2026-09-18,2026-08-04,2026-10-31,General Construction,"Interior and exterior renovation of existing commercial space, prepare white box of commercial space",311550,1535,2 AVENUE,Manhattan,10075,GC,LEGACY BUILDERS/DEVELOPER,519 8TH AVENUE -7TH FLOOR,ORSID REALTY CORP,,,Permit Issued
M01416350-S1-PL,M01416350-S1,Initial Permit,2026-09-18,2026-08-03,2026-09-30,Plumbing,FILING FOR NEW PLUMGING FIXTURE AND EQUIPMENT IN NEW LOCATION. ALL PLUMBING FIXTURES TO BE CONNECTED TO EXISTING RISERS. NO CHENGE TO USE EGRESS OR OCCUPANCY.,0,93,WORTH STREET,Manhattan,10013,P,ASPECT PLBNG&HTNG CO LLC,752 EAST 137 STREET SUITE 21,Not Applicable,,,Permit Issued
M01418437-I1-GC,M01418437-I1,Initial Permit,2026-09-18,2026-07-22,2027-01-02,General Construction,"INTERIOR RENOVATION OF APARTMENT 2 TO REMEDY VIOLATION # 35137783K. PARTITION CHANGES TO NON-LOAD-BEARING WALLS AS PER PLANS. NO CHANGE IN USE, OCCUPANCY OR EGRESS.",61600,333,EAST 81 STREET,Manhattan,10028,GC,HARROW NY INC,50-20 38TH STREET,"JAM REAL ESTATE PARTNERS, LLC",,,Permit Issued
M01421154-I1-GC,M01421154-I1,Initial Permit,2026-09-18,2026-09-14,2027-02-01,General Construction,"EXISTING SIX(6) STORY BUILDING FACADE REPAIR. NO CHANGE IN USE, EGRESS, OR OCCUPANCY UNDER THIS APPLICATION",50000,277,EAST 4 STREET,Manhattan,10009,GC,ROYAL CONSTRUCTION ASSOCI,39 COURTMEL ROAD,C+C MANAGEMENT,,,Permit Issued
M01421173-I1-GC,M01421173-I1,Initial Permit,2026-09-18,2026-07-14,2027-02-01,General Construction,"EXISTING SIX(6) STORY BUILDING FACADE REPAIR. NO CHANGE IN USE, EGRESS, OR OCCUPANCY UNDER THIS APPLICATION",50000,279,EAST 4 STREET,Manhattan,10009,GC,ROYAL CONSTRUCTION ASSOCI,39 COURTMEL ROAD,C+C MANAGEMENT,,,Permit Issued
M01421245-S1-ST,M01421245-S1,Initial Permit,2026-09-18,2026-09-11,2027-03-06,Structural,"STRUCTURAL MODIFICATIONS TO INTERIOR STAIR (55C/56M & 56C/57M), AS PER PLANS FILED HEREWITH. NO CHANGE IN USE EGRESS OR OCCUPANCY.",42985,152,WEST 57 STREET,Manhattan,10019,GC,FINALY GENL CONTR CORP,130 W. 29TH STREET,TF CORNERSTONE,,,Permit Issued
M01421465-I1-PMM,M01421465-I1,Initial Permit,2026-09-18,2026-09-18,2027-04-01,Protection and Mechanical Methods,"INSTALLATION OF TEMPORARY ROOF PROTECTION AS PER PLANS. TEMPORARY PROTECTION SHALL COMPLY WITH CHAPTER #33 OF THE 2022 CODE. NO CHANGE IN USE, EGRESS OR OCCUPANCY UNDER THIS APPLICATION.",13200,159-38,HARLEM RIVER DRIVE,Manhattan,10039,GC,ARSENAL SCAFFOLD INC,95 JERSEY STREET,NEW YORK CITY HOUSING AUTHORITY,,,Permit Issued
M01421757-I1-GC,M01421757-I1,Initial Permit,2026-09-18,2026-09-16,2026-12-10,General Construction,"Propose interior partition removals on floors 4 thru 7. No change in use, egress or occupancy.",300000,10,ASTOR PLACE,Manhattan,10003,GC,BRENNAN OPERATING INC,29 WEST 36TH STREET 6TH FL,GFP REAL ESTATE LLC,,,Permit Issued
M01424101-I1-GC,M01424101-I1,Initial Permit,2026-09-18,2026-09-14,2027-04-01,General Construction,Interior renovation as per plans filed herewith.,1062615,401,WEST 14 STREET,Manhattan,10014,GC,STEADFAST DEVELOPMENT AND,315 E 91ST STREET SUITE 5,PR,,,Permit Issued
M01424151-I1-ST,M01424151-I1,Initial Permit,2026-09-18,2026-09-11,2027-04-01,Structural,Structural Modification as per plans filed herewith.,15000,401,WEST 14 STREET,Manhattan,10014,GC,STEADFAST DEVELOPMENT AND,315 E 91ST STREET SUITE 5,PR,,,Permit Issued
M01424159-I1-MS,M01424159-I1,Initial Permit,2026-09-18,2026-09-17,2027-04-01,Mechanical Systems,Modification to Mechanical systems as per plans filed herewith.,160000,401,WEST 14 STREET,Manhattan,10014,GC,STEADFAST DEVELOPMENT AND,315 E 91ST STREET SUITE 5,PR,,,Permit Issued
M01425444-S1-PL,M01425444-S1,Initial Permit,2026-09-18,2026-08-12,2026-12-22,Plumbing,PLUMBING WORK RELATED TO APARTMENT RENOVATION OF APT 2D AS PER PLANS FILED HEREWITH.,22500,521,WEST 47 STREET,Manhattan,10036,P,BENT MECHANICAL CORP,152 NINTH AVENUE,,,,Permit Issued
M01426035-I1-GC,M01426035-I1,Initial Permit,2026-09-18,2026-09-08,2027-01-01,General Construction,"PROPOSED BUILD-OUT FOR NEW EATING AND DRINKINGESTABLISHMENT. NEW PARTITION WALLS, FIRESTOPPING,FLOOR AND CEILING FINISHES, FIRE PROOF DOORS,EMERGENCY AND EXIT LIGHTSNO CHANGE IN USE, EGRESS, OR OCCUPANCY",1333800,50,WEST 77 STREET,Manhattan,10024,GC,LIEBHABER COMPANY INC,47-35 27TH STREET,EQUITY RESIDENTIAL,,,Permit Issued
M01426471-I1-SL,M01426471-I1,Initial Permit,2026-09-18,2026-09-03,2027-05-10,Solar,"INSTALLATION OF SOLAR PANELS ON EXISTING ROOF. NO CHANGE IN USE, OCCUPANCY, OR EGRESS. NO CHANGE IN BULK",97455,70,GOUVERNEUR STREET,Manhattan,10002,GC,EMES SOLAR INC,942 CAROL AVE,NYCHA,,,Permit Issued
M01426474-I1-SL,M01426474-I1,Initial Permit,2026-09-18,2026-09-04,2027-05-10,Solar,"INSTALLATION OF SOLAR PANELS ON EXISTING ROOF. NO CHANGE IN USE, OCCUPANCY, OR EGRESS. NO CHANGE IN BULK",93450,50,GOUVERNEUR STREET,Manhattan,10002,GC,EMES SOLAR INC,942 CAROL AVE,NYCHA,,,Permit Issued
M01429213-I1-MS,M01429213-I1,Initial Permit,2026-09-18,2026-09-18,2027-01-01,Mechanical Systems,FILING FOR RTU REPLACEMENT AS PER PLANS SUBMITTED HEREWITH.,60000,1675,BROADWAY,Manhattan,10019,GC,4IR IDEAL INC,51 WINDSOR AVE,RUDIN MANAGEMENT CO INC,,,Permit Issued
M01430104-I1-ST,M01430104-I1,Initial Permit,2026-09-18,2026-08-25,2027-01-09,Structural,Shoring work filed in conjunction with the emergency work order and related violations.,600000,229,EAST 42 STREET,Manhattan,10017,GC,235 GC LLC,40 WALL STREET STE 1706,235 GC LLC,,,Permit Issued
M01430729-I1-SG,M01430729-I1,Initial Permit,2026-09-18,2026-09-18,2026-10-22,Sign,INSTALL AN ACCESSORY ILLUMINATED BUSINESS WALL SIGN A -THE VITAMIN SHOPPE.,6750,931,8 AVENUE,Manhattan,10019,S,SIGNS CAD CORP,1177 E. 178TH STREET,"JACOB M. DYCKMAN, ESQ.",,,Permit Issued
M01430756-I1-SG,M01430756-I1,Initial Permit,2026-09-18,2026-09-18,2026-10-22,Sign,INSTALL AN ACCESSORY ILLUMINATED BUSINESS WALL SIGN B -THE VITAMIN SHOPPE.,6750,931,8 AVENUE,Manhattan,10019,S,SIGNS CAD CORP,1177 E. 178TH STREET,"JACOB M. DYCKMAN, ESQ.",,,Permit Issued
M01432455-I1-GC,M01432455-I1,Initial Permit,2026-09-18,2026-08-31,2027-06-08,General Construction,"Renovation of Apt. 1CE on first floor. Partition work per plans. No change in use, egress or occupancy. PL work will be filed subsequently.",78000,320,WEST 87 STREET,Manhattan,10024,GC,DOME K LLC,"305 EAST 83RD STREET, 1H",,,,Permit Issued
M01433507-I1-GC,M01433507-I1,Initial Permit,2026-09-18,2026-08-03,2027-04-06,General Construction,"PROPOSED DEMOLITION OF THE EXISTING FLOORING, CEILING TILES, EXISTING SHELVING, FURNITURE & PARTITIONS AS PER PLANS.",25000,1410,MADISON AVENUE,Manhattan,10029,GC,SHAM CONSTRUCTION GROUP,"1401 67TH STREET, D6",Avenues Equity Partners,,,Permit Issued
M01434288-S1-PL,M01434288-S1,Initial Permit,2026-09-18,2026-07-31,2027-04-15,Plumbing,"APPLICATION FILED FOR INTERIOR RENOVATION &RELATED PLUMBING WORK OF APT 22 ON 2NDFLOOR. NO CHANGE IN USE, EGRESS OROCCUPANCY UNDER THIS APPLICATION.",20000,1864,ADAM C POWELL BOULEVARD,Manhattan,10026,P,A & E PLUMBING CORP,46117 26TH AVENUE,Not Applicable,,,Permit Issued
M01434736-I1-GC,M01434736-I1,Initial Permit,2026-09-18,2026-09-15,2027-01-13,General Construction,"Interior renovation and combination of existing Apartments 3F and 3G into one dwelling unit, Apartment 3FG. No change in use, egress, or occupancy.",699914.4,45,SUTTON PLACE SOUTH,Manhattan,10022,GC,HOME IMPRO SERVS GRP INC,59 PANORAMA DRIVE,,,,Permit Issued
M01435156-I1-EW-SD,M01435156-I1,Initial Permit,2026-09-18,2026-09-10,2027-05-18,Standpipe,FILING HEREWITH CONVERSION OF THE EXISTING WET SYSTEM TO A DRY TEMPORARY STANDPIPE SYSTEM FOR THE DURATION OF PHASE 1. PHASE 2: STANDPIPE TO BE EXTENDED/NEW INSTALLATION AFTER NEW BUILDING CORE HAS BEEN INSTALLED.,30000,550,WEST 20 STREET,Manhattan,10011,F,KG SPRINKLER CORP,4322 18TH AVE,Chelsea Beacon Owner LLC,,,Permit Issued
M01436744-I1-SC,M01436744-I1,Initial Permit,2026-09-18,2026-09-02,2027-04-01,Suspended Scaffold,Suspended Scaffolding for Facade Restoration/Repair,0,159-70,HARLEM RIVER DRIVE,Manhattan,10039,R,PREMIER CONSTRUCTION INC,204-08 JAMAICA AVENUE,NEW YORK CITY HOUSING AUTHORITY,,,Permit Issued
M01437638-I1-GC,M01437638-I1,Initial Permit,2026-09-18,2026-09-17,2027-03-26,General Construction,CONSTRUCT INTERIOR PARTITIONS AS SHOWN. INSTALL DOORS & FRAMES AS SHOWN. NO CHANGE IN USE OCCUPANCY OR EGRESS.,445000,96,MORTON STREET,Manhattan,10014,GC,INTERIOR BUILDING SERVICE,247 WEST 37TH STREET,BUCHBINDER & WARREN LLC,,,Permit Issued
M01438246-I1-GC,M01438246-I1,Initial Permit,2026-09-18,2026-08-20,2027-02-08,General Construction,Limited repairs of the deteriorated concrete beams and columns at the parking garage. Installation of the safety netting.,81250,120,WEST 97 STREET,Manhattan,10025,GC,APEX GROUP NY CORP,656 ROCKAWAY TURNPIKE,"UWS VENTURES III, LLC",,,Permit Issued
M01439081-S4-ST,M01439081-S4,Initial Permit,2026-09-18,2026-09-08,2026-12-31,Structural,Interior structural work as shown on plans filed herewith.,409000,345,PARK AVENUE,Manhattan,10022,GC,"STRUCTURE TONE, LLC",330 WEST 34TH STREET,RUDIN MANAGEMENT CO INC,,,Permit Issued
M01439344-S2-MS,M01439344-S2,Initial Permit,2026-09-18,2026-09-16,2026-12-05,Mechanical Systems,"FILING HEREWITH MECHANICAL SUBSEQUENT WORK TYPE IN CONNECTION WITH THE RENOVATION OF GROUND FLOOR COMMERCIAL TENANT SPACE FOR DUCTWORK MODIFICATION OFF EXISTING EQUIPMENT WITH RELATED GRILLS AND LOUVERS. NO CHANGE IN USE, EGRESS, AND OCCUPA",15000,235,WEST 46 STREET,Manhattan,10036,GC,PRISTINE AIR CONDITIONING,37-22 55TH ST,"RFR REALTY, LLC",,,Permit Issued
M01440036-I1-SL,M01440036-I1,Initial Permit,2026-09-18,2026-09-15,2026-10-31,Solar,"INSTALLATION OF SOLAR PANELS ON EXISTING ROOF. NO CHANGE IN USE, OCCUPANCY, OR EGRESS. NO CHANGE IN BULK",177255,282,WEST 151 STREET,Manhattan,10039,GC,VOLTAIC SOLAIRE LLC,254 43RD STREET,ROMAN CATHOLIC CHURCH OF ST. CHARLE,,,Permit Issued
M01440096-I1-GC-CX,M01440096-I1,Initial Permit,2026-09-18,2026-09-04,2026-10-13,Structural,"DEMOLITION & REMOVAL OF PORTIONS OF EXISTING FINISHES AND NON-STRUCTURAL ELEMENTS. Closing up the dumbwaiter floor opening small patch of the slab. NO CHANGE TO OCCUPANCY, USE OR EGRESS.",150000,119,WEST 71 STREET,Manhattan,10023,GC,BLDRS GROUP INC,44 GROVE STREET,SEQUOIA PROPERTY MANAGEMENT,,,Permit Issued
M01440456-S1-PL,M01440456-S1,Initial Permit,2026-09-18,2026-08-14,2027-08-13,Plumbing,"PL WORK FILED IN CONJUNCTION WITH DOB NOW GC. NO CHANGE TO USE, OCCUPANCY OR EGRESS.",44000,625,MAIN STREET,Manhattan,10044,P,RGL PRO CONTRACTING LLC,649 MORGAN AVENUE SUITE 2J,WESTVIEW OWNERS CORP.,,,Permit Issued
M01440597-S2-PL,M01440597-S2,Initial Permit,2026-09-18,2026-09-11,2027-05-16,Plumbing,"PLUMBING MODIFICATIONS TAKING PLACE ON THE 12TH FLOOR AS PER DRAWINGS FILED HEREWITH. NO CHANGE IN USE, EGRESS OR OCCUPANCY.",48966.16,110,EAST 60 STREET,Manhattan,10022,P,DEPENDABLE MECH CORP,"6202 17TH AVENUE, 1ST FLOOR",Lincoln Property Company,,,Permit Issued
M01440962-I1-SF,M01440962-I1,Initial Permit,2026-09-18,2026-09-18,2027-03-01,Supported Scaffold,"INSTALLATION OF TEMPORARY PIPE SCAFFOLD AS PER PLAN. NO CHANGE IN USE, EGRESS OR OCCUPANCY.",1000,179,FORT WASHINGTON AVENUE,Manhattan,10032,GC,SPRING SCAFFOLDING LLC,49-30 31ST PLACE,NEW YORK PRESBYTERIAN HOSPITAL,,,Permit Issued
M01441375-I1-MS,M01441375-I1,Initial Permit,2026-09-18,2026-09-01,2026-11-06,Mechanical Systems,Replacement of HVAC System serving the Lobby and Office.,230000,11,EAST FIRST STREET,Manhattan,10003,GC,AIR COMFORT SERVICE CORP,20 BROOKLYN AVENUE,"AVALONBAY NYC DEVELOPMENT, INC",,,Permit Issued
M01442091-S1-PL,M01442091-S1,Initial Permit,2026-09-18,2026-08-11,2026-10-21,Plumbing,"MODIFICATIONS TO EXISTING 46TH FLOOR PLUMBING SYSTEMS. NO CHANGE TO USE, OCCUPANCY OR EGRESS",30000,780,3 AVENUE,Manhattan,10017,P,GREAT OAKS MECHANICAL INC,"30 WALL STREET, 8TH FLOOR","2GC OWNERS, LLC",,,Permit Issued
M01442322-I1-GC,M01442322-I1,Initial Permit,2026-09-18,2026-08-12,2027-02-08,General Construction,"Interior renovation of existing commercial space to install new customer lounge area, etc. No change of use, egress, and occupancy.",10000,279,ST NICHOLAS AVENUE,Manhattan,10027,GC,1 DNA DESIGNS INC,21 WEST END AVE #1804,"MONARCH REALTY HOLDINGS, LLC",,,Permit Issued
M01443506-S1-PL,M01443506-S1,Initial Permit,2026-09-18,2026-09-16,2026-11-09,Plumbing,"REMOVE EXISTING PLUMBING FIXTURES AND RELATED PIPING IN 1ST FLOOR RETAIL SPACE. NO CHANGE TO USE, EGRESS OR OCCUPANCY.",0,1775,BROADWAY,Manhattan,10019,P,ATTENTION TO DETAIL P&H.I,38-11 BELL BLVD,THE MOINIAN GROUP,,,Permit Issued
M01443510-I1-MS,M01443510-I1,Initial Permit,2026-09-18,2026-09-03,2027-05-22,Mechanical Systems,"relocate exist. AC unit on 7th fl, suite 702. No change in use, egress or occupancy",10000,43,WEST 24 STREET,Manhattan,10010,GC,AMTECH AIR CONDITIONING &,3128 CAMDEN LANE,4324 Co.,,,Permit Issued
M01443973-I1-GC,M01443973-I1,Initial Permit,2026-09-18,2026-08-19,2026-12-04,General Construction,"repair fire damage apartment # 21 on 5th floor. interior renovation of ex. apartment due to fire damage. include the removal and replacement of damaged interior fixtures, partitions , ceiling, flooring , doors, fixtures and associated build",10475,1484,ST NICHOLAS AVENUE,Manhattan,10033,GC,ARBENI MANAGEMENT CO INC,2465 ARTHUR AVENUE,ARBENI MANAGEMENT,,,Permit Issued
M01445215-I1-SC,M01445215-I1,Initial Permit,2026-09-18,2026-09-18,2026-12-31,Suspended Scaffold,MATERIAL HOIST. FOR MATERIALS ONLY. NO WORK FROM HOIST.,0,520,WEST 43 STREET,Manhattan,10036,R,"ROSENWACH TANK CO.,LLC",40-25 CRESCENT STREET,520 WEST 43RD STREET REIT LLC,,,Permit Issued
M01446477-S1-PL,M01446477-S1,Initial Permit,2026-09-18,2026-08-31,2026-11-12,Plumbing,Alteration filed to supersede DOB jobs 110420660 and 103125495. and provide final As-Built conditions plans.,12000,875,FIFTH AVENUE,Manhattan,10065,P,ORBIT PLBG & HTG INC,2341 MCDONALD AVE,,,,Permit Issued
M01446809-S2-PL,M01446809-S2,Initial Permit,2026-09-18,2026-09-02,2026-12-31,Plumbing,"SUBSEQUENT FILING FOR PLUMBING WORK FOR INTERIOR RENOVATION OF EXISTING OFFICE SPACE ON 4TH FLOOR AS PER PLANS FILED HEREWITH. NO CHANGE IN EGRESS, USE OR OCCUPANCY.",75058,25,PARK ROW,Manhattan,10038,P,COPPER PLUMBING INC,184 OXFORD STREET,PR,,,Permit Issued
M01446809-S3-EW-SP,M01446809-S3,Initial Permit,2026-09-18,2026-09-01,2026-10-31,Sprinklers,"SUBSEQUENT FILING FOR SPRINKLER WORK FOR INTERIOR RENOVATION OF EXISTING OFFICE SPACE ON 4TH FLOOR AS PER PLANS FILED HEREWITH. NO CHANGE IN EGRESS, USE OR OCCUPANCY.",20593,25,PARK ROW,Manhattan,10038,F,ARIANA CONTRACTING INC,44-03 28TH AVENUE,PR,,,Permit Issued
M01447804-S2-PL,M01447804-S2,Initial Permit,2026-09-18,2026-09-09,2027-05-01,Plumbing,"OFFICE RENOVATION WORK TO INCLUDE PLUMBING MODIFICATIONS AS INDICATED ON PLANS. NO CHANGE IN USE, EGRESS OR OCCUPANCY.",12000,1745,BROADWAY,Manhattan,10019,P,BEDROCK PLUMBING & HEATING INC,101-14 JAMAICA AVENUE,1745 Broadway Owner LLC,,,Permit Issued
M01447804-S3-EW-SP,M01447804-S3,Initial Permit,2026-09-18,2026-09-14,2027-02-03,Sprinklers,"OFFICE RENOVATION WORK TO INCLUDE SPRINKLER MODIFICATIONS AS INDICATED ON PLANS. NO CHANGE IN USE, EGRESS OR OCCUPANCY.",22000,1745,BROADWAY,Manhattan,10019,F,BEDROCK MECHANICAL INC,101-14 JAMAICA AVENUE,1745 Broadway Owner LLC,,,Permit Issued
M01447813-I1-PL,M01447813-I1,Initial Permit,2026-09-18,2026-09-10,2027-05-16,Plumbing,"FILING HEREWITH PLUMBING WORK IN CONJUNCTION WITH RENOVATION OF EXISTING OFFICE. NO CHANGE IN USE, EGRESS OR OCCUPANCY.",9000,70,EAST 55 STREET,Manhattan,10022,P,DEPENDABLE MECH CORP,"6202 17TH AVENUE, 1ST FLOOR",JONES LANG LASALLE,,,Permit Issued
M01448207-I1-SC,M01448207-I1,Initial Permit,2026-09-18,2026-09-15,2026-12-25,Suspended Scaffold,Installation of suspended scaffold for facade work or inspection.,0,107,WEST 13 STREET,Manhattan,10011,R,AVENUE CONTRACTING INC,628 CONEY ISLAND AVENUE,IMPERIAL PARKING,,,Permit Issued
M01448538-I1-GC,M01448538-I1,Initial Permit,2026-09-18,2026-09-15,2027-01-26,General Construction,"PARAPET WALL REPLACEMENT AND RESET STONES AS PER PLAN . NO CHANGE IN USE, EGRESS OR OCCUPANCY WITH THIS APPLICATION",16000,214,EAST 11 STREET,Manhattan,10003,GC,CH CO INC,14-37 30TH ROAD,BUCHBINDER & WARREN LLC,,,Permit Issued
M01449285-I1-SC,M01449285-I1,Initial Permit,2026-09-18,2026-09-15,2026-12-22,Suspended Scaffold,Installation of suspended scaffold for facade work or inspection.,0,153,EAST 87 STREET,Manhattan,10128,R,CALISTRO CONSTRUCTION COR,"347 WEST 36TH ST,SUITE 203",,,,Permit Issued
M01449976-I1-SC,M01449976-I1,Initial Permit,2026-09-18,2026-09-14,2027-01-06,Suspended Scaffold,INSTALLATION OF OITRIGGER OR FACADE REPAIR.,0,411,8 AVENUE,Manhattan,10001,R,DOSANJH CONSTRUCTION CORP,119-22 94TH AVENUE,,,,Permit Issued
M01450200-I1-MS,M01450200-I1,Initial Permit,2026-09-18,2026-09-10,2026-12-30,Mechanical Systems,"GP3 OR20: HVAC MODIFICATIONS TO ACCOMMODATE THE OR20 ROOM UPGRADE, GREENBERG PAVILION, IN THE EXISTING HOSPITAL BUILDING. NO CHANGE TO ZONING, USE, EGRESS OR OCCUPANCY.",431000,541,EAST 68 STREET,Manhattan,10065,GC,CONSIGLI CONSTRUCTION CO,72 SUMNER STREET,NEW YORK PRESBYTERIAN HOSPITAL,,,Permit Issued
M01450583-I1-PL,M01450583-I1,Initial Permit,2026-09-18,2026-08-31,2027-05-01,Plumbing,INSTALLATION OF PLUMBING FIXTURES.,165000,77,PARK AVENUE,Manhattan,10016,P,BEDROCK PLUMBING & HEATING INC,101-14 JAMAICA AVENUE,127 WEST 79TH STREET,,,Permit Issued
M01450600-I1-EW-SP,M01450600-I1,Initial Permit,2026-09-18,2026-08-31,2027-02-03,Sprinklers,INSTALLATION OF NEW SPRINKLER HEADS FOR NEW RESIDENTIAL UNITS ON THE 1ST FLOOR.,46000,77,PARK AVENUE,Manhattan,10016,F,BEDROCK MECHANICAL INC,101-14 JAMAICA AVENUE,127 WEST 79TH STREET,,,Permit Issued
M01451184-I1-GC,M01451184-I1,Initial Permit,2026-09-18,2026-09-17,2027-09-18,General Construction,Interior renovations has shown on plans filed herewith.,1624322.9,400,WEST 33 STREET,Manhattan,10001,GC,JT MAGEN & COMPANY INC,"44 WEST 28TH STREET, 11TH FL",Not Applicable,,,Permit Issued
M01451256-I1-GC,M01451256-I1,Initial Permit,2026-09-18,2026-09-16,2027-02-26,General Construction,"THE REMOVAL OF NON-STRUCTURAL PARTITIONS, FIXTURES, FINISHES, & APPLIANCES AND THE CONSTRUCTION OF NEW NON-STRUCTURAL PARTITIONS, & INSTALLATION OF NEW FIXTURES, FINISHES AND APPLIANCES AS INDICATED ON DRAWINGS. NO CHANGE IN USE, EGRESS, OR",52626,11,WEST 42 STREET,Manhattan,10036,GC,EVOS LLC,391 PARK AVENUE SOUTH #1112,PR,,,Permit Issued
M01451946-I1-PMM,M01451946-I1,Initial Permit,2026-09-18,2026-09-18,2027-01-12,Protection and Mechanical Methods,"INSTALLATION AND USE OF TEMPORARY KNUCKLEBOOM AS PER PLANS FILED HEREWITH. NO CHANGE IN USE EGRESS, OR OCCUPANCY.",3000,247,EAST 117 STREET,Manhattan,10035,GC,VOLVY'S MANAGEMENT CORP,29 LITTLE NASSAU ST STE 101,elite concrete,,,Permit Issued
M01452638-I1-GC,M01452638-I1,Initial Permit,2026-09-18,2026-09-17,2026-10-31,General Construction,"Removal and installation of non-load bearing partitions, doors, frames, flooring, ceiling and related finishes. No change in use, egress or occupancy under this application.",44150,666,3 AVENUE,Manhattan,10017,GC,COYLE CONTRACTING CORP,11 WEST 42ND STREET,TISHMAN SPEYER,,,Permit Issued
M01452638-S1-MS,M01452638-S1,Initial Permit,2026-09-18,2026-09-17,2026-10-31,Mechanical Systems,"Modification/additions of supply and return air ductwork and diffusers. Install transfer ducts as per plans filed herewith. No change in use, egress or occupancy under this application.",26750,666,3 AVENUE,Manhattan,10017,GC,COYLE CONTRACTING CORP,11 WEST 42ND STREET,TISHMAN SPEYER,,,Permit Issued
M01453023-I1-GC,M01453023-I1,Initial Permit,2026-09-18,2026-09-10,2027-05-05,General Construction,"INTERIOR RENOVATION OF APARTMENT 9ABCD ON THE 9TH FLOOR. NO CHANGE IN USE, EGRESS, OR OCCUPANCY.",7644,366,WEST 11 STREET,Manhattan,10014,GC,K.I. OF NEW YORK INC,22 DALTON ROAD,ABC REALTY,,,Permit Issued
M01455709-I1-SC,M01455709-I1,Initial Permit,2026-09-18,2026-09-17,2027-01-01,Suspended Scaffold,Installation of a suspended scaffold for Facade Inspection and repair as per plan submitted. No change to egress or occupancy.,0,91,LEONARD STREET,Manhattan,10013,R,KLG CONTRACTING INC,18-16 45TH STREET FLR 2,PR,,,Permit Issued
M01457991-I1-SF,M01457991-I1,Initial Permit,2026-09-18,2026-09-18,2027-01-25,Supported Scaffold,"PROPOSED INSTALLATION OF TEMPORARY PIPE SCAFFOLD AS PER PLANS. WORK SHALL COMPLY WITH CHAPTER #33 OF 2022 THE NYC BUILDING CODE. NO CHANGE IN USE, OCCUPANCY, OR EGRESS UNDER THIS APPLICATION.",1000,612,WEST 182 STREET,Manhattan,10033,GC,SSH NY CORP,72-41 BURCHELL AVENUE,SSH NY CORP DBA ELITE GROUP,,,Permit Issued
M01458133-I1-GC,M01458133-I1,Initial Permit,2026-09-18,2026-09-15,2026-12-04,General Construction,Interior renovation as shown on plans filed herewith.,26960,55,WEST 92 STREET,Manhattan,10025,GC,NJF CONTRACTING CORP,3-19 147TH PLACE,RCR MANAGEMENT GROUP LLC,,,Permit Issued
M01458273-I1-GC,M01458273-I1,Initial Permit,2026-09-18,2026-09-15,2026-12-31,General Construction,Temporary Installation to be used on a temporary event The Africa Center Forum. All the Installations are to be removed upon completion of the event.,5000,1280,5 AVENUE,Manhattan,10029,GC,NYFF EVENTS LLC,"999.SOUTH OYSTER BAY ROAD, STE 307",Museum for African Art,,,Permit Issued
M01458922-I1-SF,M01458922-I1,Initial Permit,2026-09-18,2026-09-18,2027-03-01,Supported Scaffold,"INSTALLATION OF TEMPORARY PIPE SCAFFOLD AS PER PLAN. NO CHANGE IN USE, EGRESS OR OCCUPANCY.",1000,225,VARICK STREET,Manhattan,10014,GC,SPRING SCAFFOLDING LLC,49-30 31ST PLACE,TRINITY HUDSON HOLDINGS,,,Permit Issued
M01459449-I1-GC,M01459449-I1,Initial Permit,2026-09-18,2026-09-16,2027-06-17,General Construction,"INTERIOR RENOVATION OF AN EXISTING FIRST FLOOR COMMERCIAL AREA. GENERAL CONSTRUCTION WORK ON THE FIRST FLOOR AS PER PLANS. NO CHANGES TO EGRESS, USE OR OCCUPANCY.",57580,6,EAST 46 STREET,Manhattan,10017,GC,CUBE BUILD GROUPS INC,6801 NEW UTRECHT AVE,VKW DESIGN INC,,,Permit Issued
M01460468-I1-SH,M01460468-I1,Initial Permit,2026-09-18,2026-09-18,2026-12-17,Sidewalk Shed,"PROPOSED INSTALLATION OF HEAVY DUTY SIDEWALK SHED AS PER PLANS. LIVE LOAD 300 LBS PER SQUARE FEET. SIDEWALK SHED SHALL COMPLY WITH CHAPTER #33 OF THE NYC BUILDING CODE. NO CHANGE IN USE, OCCUPANCY, OR EGRESS UNDER THIS APPLICATION.",8000,601,WEST 184 STREET,Manhattan,10033,GC,GREAT METLA CONTRACTING I,381 QUAKER RIDGE ROAD,GREAT METLA CONTRACTING,,,Permit Issued
M01461370-I1-SH,M01461370-I1,Initial Permit,2026-09-18,2026-09-18,2026-10-10,Sidewalk Shed,"INSTALLATION OF HEAVY DUTY SIDEWALK SHED AS PER PLANS. SHED SHALL COMPLY WITH CHAPTER #33 OF THE 2022 CODE. NO CHANGE IN USE, EGRESS OR OCCUPANCY UNDER THIS APPLICATION.",9000,47,WEST 13 STREET,Manhattan,10011,GC,UPTOWN CONSTRUCTION SERV,1278 SAW MILL RIVER RD,UPTOWN CONSTRUCTION SERVICE GROUP I,,,Permit Issued
M01461575-I1-SF,M01461575-I1,Initial Permit,2026-09-18,2026-09-18,2026-09-30,Supported Scaffold,"INSTALLATION OF TEMPORARY SCAFFOLD ACCESS STAIR TOWERS AS PER PLANS IN CONJUNCTION WITH NB CONSTRUCTION. NO CHANGE IN USE, EGRESS OR OCCUPANCY. SCAFFOLD STAIR TOWERS SHALL COMPLY WITH CHAPTER 33 OF NYC BUILDING CODE OF 2022.",10000,740,8 AVENUE,Manhattan,10036,GC,UNIVERSAL BUILD SUPP LLC,27 HORTON AVENUE,EXTELL DEVELOPMENT COMPANY,,,Permit Issued
M01461955-I1-SC,M01461955-I1,Initial Permit,2026-09-18,2026-09-18,2026-10-29,Suspended Scaffold,PROPOSED INSTALLATION OF SUSPENDED SCAFFOLD FOR EXISTING BUILDING AS PER PLANS. NO CHANGE IN USE OCCUPANCY OR EGRESS UNDER THIS APPLICATION.,0,14,EAST 42 STREET,Manhattan,10017,GC,CLASSIC CONSULTING GROUP,211-04 39TH AVENUE,CLASSIC CONSULTING GROUP,,,Permit Issued
M08005855-I1-PL,M08005855-I1,Initial Permit,2026-09-18,2024-05-31,2027-05-27,Plumbing,remove illegal bathroom and kitchen in cellar. filing to correct ecb # 35242215R & 35241809J. OT filed under # M08005817.,9000,1484,ST NICHOLAS AVENUE,Manhattan,10033,P,BMT PLUMBING&HEATING LLC,130 WEST 230TH STREET,ARBENI MANAGEMENT,,,Permit Issued
Q00551894-I1-PL,Q00551894-I1,Initial Permit,2026-09-18,2022-09-20,2027-02-03,Sprinklers,FILE PL & SP WORKTYPE IN CONJUNCTION WITH NB JOB#421683468,87000,61-47,210 STREET,Queens,11364,P,"WATSON'S PLBG, HTG, & BDG",855 ST. NICHOLAS AVENUE,N/A,,,Permit Issued
Q00618202-S1-FN,Q00618202-S1,Initial Permit,2026-09-18,2026-09-18,2027-08-10,Construction Fence,HEREWITH FILING FOR A TEMPORARY CONSTRUCTION FENCE IN CONUNCTION WITH THE NEW BUILDING APPLICATION.,0,68-15,MAIN STREET,Queens,11367,GC,ONE70 GROUP LLC,4770 WHITE PLAINS RD,"QUEENS HATZOLO AID, INC",,,Permit Issued
Q00883493-I1-GC,Q00883493-I1,Initial Permit,2026-09-18,2024-11-15,2026-11-14,General Construction,NEW ONE FAMILY HOUSE AT VACANT LOT.,0,163-69,24 ROAD,Queens,11357,GC,EJ HOMES 45 LLC,1202 HALSEY STREET,PR,,,Permit Issued
Q00961220-I1-PL,Q00961220-I1,Initial Permit,2026-09-18,2026-06-29,2026-11-23,Plumbing,PLUMBING FILLING IN CONJUNCTION ALT-1 FILING FOR CONVERSION ONE FAMILY IN TO TWO FAMILY TO OBTAIN CERTIFICATE OF OCCUPANCY,19000,3-12,BEACH 48 STREET,Queens,11691,P,BT'S PLUMBING AND HEATING,82-01 ROCKAWAY BLVD#412,PR,,,Permit Issued
Q01004922-S1-PL,Q01004922-S1,Initial Permit,2026-09-18,2024-12-23,2026-10-13,Plumbing,FILE FOR PLUMBING APPLICATION IN CONNECTION WITH DOB NOW- ALT-CO-NEW BUILDING WITH EXISTING ELEMENTS TO REMAIN JOB # Q01004922-L1,58800,87-33,167 STREET,Queens,11432,P,PLUMB-IT MECHANICAL INC,749 PROSPECT PLACE,N/A,,,Permit Issued
Q01038736-I1-GC,Q01038736-I1,Initial Permit,2026-09-18,2024-07-11,2026-10-27,Structural,"PROPOSED STRUCTURAL PLANS, NEW CONSTRUCTION 4-STORY MULTIPLE DWELLING WITH CELLAR IN CONJUNCTION WITH DOB JOB NO: 440641174. NO CHANGE IN USE, EGRESS, BULK, AND/OR OCCUPANCY.",6273,54-24,METROPOLITAN AVENUE,Queens,11385,GC,ISLAND ROCK & DIRT CORP,631 WOODFIELD ROAD,380 BROADWAY LLC,,,Permit Issued
Q01038736-I1-ST,Q01038736-I1,Initial Permit,2026-09-18,2024-07-11,2026-10-27,Structural,"PROPOSED STRUCTURAL PLANS, NEW CONSTRUCTION 4-STORY MULTIPLE DWELLING WITH CELLAR IN CONJUNCTION WITH DOB JOB NO: 440641174. NO CHANGE IN USE, EGRESS, BULK, AND/OR OCCUPANCY.",6273,54-24,METROPOLITAN AVENUE,Queens,11385,GC,ISLAND ROCK & DIRT CORP,631 WOODFIELD ROAD,380 BROADWAY LLC,,,Permit Issued
Q01050842-I1-GC-CX,Q01050842-I1,Initial Permit,2026-09-18,2024-09-25,2026-11-04,General Construction,Application filed to restore/ repair structure in compliance with U.B. 11881 as per plans filed.,83800,125-02,OCEAN PROMENADE,Queens,11694,GC,PLATINUM TNT LLC,2362 NOSTRAND AVENUE,CHAI BONIM LLC,,,Permit Issued
Q01103894-S2-GC-CX,Q01103894-S2,Initial Permit,2026-09-18,2024-11-07,2027-03-10,General Construction,"Herewith filing for Reinforcing existing steel members, & exis. lintel replacement. New steel supports for skylight, parapet framing to existing steel. New concrete ramp and misc. steel support outside of building footing as per the drawing",85400,34-33,JUNCTION BOULEVARD,Queens,11372,GC,SEA BREEZE GENERAL CONSTR,"24-30 47TH STREET, 2ND FLOOR",DEPT. OF HEALTH & MENTAL HYGIENE,,,Permit Issued
Q01144776-S1-CC,Q01144776-S1,Initial Permit,2026-09-18,2025-05-16,2027-01-22,Curb Cut,Filing for curb cut,0,105-09 GAR,220 STREET,Queens,11429,GC,ASSURED BUILDERS INC,104-40 108TH STREET,PR,,,Permit Issued
Q01205321-I1-PL,Q01205321-I1,Initial Permit,2026-09-18,2026-09-17,2027-01-01,Plumbing,plumbing work for house renovation,50000,15,STUART LANE,Queens,11363,P,LEMODE PLBG & HTG CORP,34-55 11TH STREET,PR,,,Permit Issued
Q01265602-I1-FD,Q01265602-I1,Initial Permit,2026-09-18,2025-12-22,2027-02-24,Full Demolition,HAND DEMOLITION OF EXISTING ONE STORY GARAGE,5000,215-43 GAR,36 AVENUE,Queens,11361,GC,STREAM ROCK CONTSRUCTION*,963 FOREST HILL ROAD,36TH AVENUE PROPERTY LLC,,,Permit Issued
Q01265602-S1-FN,Q01265602-S1,Initial Permit,2026-09-18,2026-01-14,2027-02-24,Construction Fence,INSTALL 8' TEMPORARY CONSTRUCTION FENCE AT THE ABOVE ADDRESS,5000,215-43 GAR,36 AVENUE,Queens,11361,GC,STREAM ROCK CONTSRUCTION*,963 FOREST HILL ROAD,36TH AVENUE PROPERTY LLC,,,Permit Issued
Q01280588-S1-PL,Q01280588-S1,Initial Permit,2026-09-18,2025-11-03,2027-05-01,Plumbing,"The work shall be shown and called for in the contract documents, and shall include but not be limited to the following general items of work LLW#140105 - Path of travel - new accessible drinking fountains.",108000,129-15,150 AVENUE,Queens,11420,P,VARSITY PLBG AND HTG INC,31-99 123RD STREET,NYC SCHOOL CONSTRUCTION,,,Permit Issued
Q01294536-I1-GC,Q01294536-I1,Initial Permit,2026-09-18,2026-07-30,2027-07-06,General Construction,APPLICATION FILED HEREWITH TO ERECT A NEW FOUR STORY RESIDENTIAL BUIDLING WITH SIXTEEN DWELLING UNITS,0,141-21,84 DRIVE,Queens,11435,GC,DAJ EMR LLC,77-11 164TH STREET 2ND FLOOR,Not Applicable,,,Permit Issued
Q01294536-S3-ST,Q01294536-S3,Initial Permit,2026-09-18,2026-07-31,2027-07-06,Structural,PROPOSED NEW 4 STORY BUILDING. STRUCTURAL WORK IN CONJUNCTION WITH WITH ARCHITECTURAL JOB APPLICATION Q01294536-I1.,0,141-21,84 DRIVE,Queens,11435,GC,DAJ EMR LLC,77-11 164TH STREET 2ND FLOOR,Not Applicable,,,Permit Issued
Q01304532-I1-EW-SP,Q01304532-I1,Initial Permit,2026-09-18,2026-03-27,2027-02-08,Sprinklers,Sprinkler work for capital upgrade project.,49999.98,159-30,ROCKAWAY BOULEVARD,Queens,11434,F,"ADVANCED PLBG, MECH & SPR",162 26th STREET,"EDWARD J. MINSKOFF EQUITIES, INC.",,,Permit Issued
Q01320510-S2-PL,Q01320510-S2,Initial Permit,2026-09-18,2026-08-27,2027-04-17,Plumbing,"INSTALL TWO NEW BATHROOMS, WASHER AND LAUNDRY SINK",31500,85-24,KINGSTON PLACE,Queens,11432,P,JOHN FITZGERALD PLBG &HTG,256 WEST 124TH STREET,Not Applicable,,,Permit Issued
Q01327464-I1-MS,Q01327464-I1,Initial Permit,2026-09-18,2025-12-12,2026-12-31,Mechanical Systems,Replacement of split air conditioning unit. No change in use egress and occupancy.,15000,138-46,NORTHERN BOULEVARD,Queens,11354,GC,DONNELLY MECHANICAL CORP,96-59 222ND STREET,YMCA LIC,,,Permit Issued
Q01348706-I1-FD,Q01348706-I1,Initial Permit,2026-09-18,2026-09-03,2027-08-12,Full Demolition,FULLY DEMOLISH EXISTING 1 FRAME GARAGE,45000,34-11 REAR,211 STREET,Queens,11361,GC,GOLDEN TIME CONTRACTING I,47-27 195TH STREET,211-05 34TH RD REALTY LLC,,,Permit Issued
Q01350165-S2-FN,Q01350165-S2,Initial Permit,2026-09-18,2026-08-03,2027-01-05,Construction Fence,NEW ONE STORY RENOVATION. CONSTRUCTION FENCE ON THE PROPERTY LINE.,5000,188-03,ILION AVENUE,Queens,11412,GC,MEIR GLAZER CONSTRUCTION,14725 78TH AVE,Not Applicable,,,Permit Issued
Q01353566-S1-FO-EA,Q01353566-S1,Initial Permit,2026-09-18,2026-08-28,2027-02-24,Foundation,"INSTALLATION OF SOE AND FOUNDATION AS PER THE PLANS FILED HEREWITH. NO CHANGE IN USE, OCCUPANCY OR EGRESS.",0,33-15,BELL BOULEVARD,Queens,11361,GC,STREAM ROCK CONTSRUCTION*,963 FOREST HILL ROAD,3315 BELL LLC,,,Permit Issued
Q01353566-S2-ST,Q01353566-S2,Initial Permit,2026-09-18,2026-08-19,2027-02-24,Structural,"INSTALLATION OF STRUCTURAL FRAMING AS PER THE PLANS FILED HEREWITH. NO CHANGE IN USE, OCCUPANCY OR EGRESS.",0,33-15,BELL BOULEVARD,Queens,11361,GC,STREAM ROCK CONTSRUCTION*,963 FOREST HILL ROAD,3315 BELL LLC,,,Permit Issued
Q01356763-I1-SG,Q01356763-I1,Initial Permit,2026-09-18,2026-06-16,2027-01-08,Sign,INSTALL EXTERIOR ILLUMINATED GROUND SIGN ON STRUCTURE. STRUCTURE FILED UNDER SEPARATE APPLICATION,9000,43-40,NORTHERN BOULEVARD,Queens,11101,S,A.M.A HOLDINGS INC,"268 WEST 44TH STREET, 5TH FL","ARGONAUT HOLDINGS, LLC",,,Permit Issued
Q01357338-S1-PL,Q01357338-S1,Initial Permit,2026-09-18,2026-06-30,2026-12-31,Plumbing,HEREWITH FILING FOR PLUMBING AT APT 1A AND 1B AT BASEMENT AS PER PLANS HEREWITH.,34000,87-22,PITKIN AVENUE,Queens,11417,P,B&B MECH PLBG & HTG LLC,1127 UTICA AVENUE,"JONAS EQUITIES, INC.",,,Permit Issued
Q01361022-I1-FO,Q01361022-I1,Initial Permit,2026-09-18,2026-04-23,2027-01-06,General Construction,PROPOSED 2 STORY HORIZONTAL&VERTICAL EXTENSION OFEXISTING.BUILDING @REARAND RESOLVED ECB VIOLATION#35328511ZAND INTERIOR RENOVATIONNO CHANGE IN USE OF OCCUPANCYOR EGRESS,369600,50-43,192 STREET,Queens,11365,GC,OUR TEAM CONTRACTING CORP,24-58 49TH STREET,N/A,,,Signed-off
Q01361022-I1-ST,Q01361022-I1,Initial Permit,2026-09-18,2026-04-23,2027-01-06,Foundation,PROPOSED 2 STORY HORIZONTAL&VERTICAL EXTENSION OFEXISTING.BUILDING @REARAND RESOLVED ECB VIOLATION#35328511ZAND INTERIOR RENOVATIONNO CHANGE IN USE OF OCCUPANCYOR EGRESS,369600,50-43,192 STREET,Queens,11365,GC,OUR TEAM CONTRACTING CORP,24-58 49TH STREET,N/A,,,Signed-off
Q01361106-S2-PL,Q01361106-S2,Initial Permit,2026-09-18,2026-09-15,2026-10-01,Plumbing,"INSTALL NEW/RELOCATED PLUMBING FIXTURES AND GAS EQUIPMENT IN CONJUNCTION WITH CONSTRUCTION JOB #Q01361106, AS PER PLANS",57000,135-20,DENIS STREET,Queens,11434,P,INFINITI ESC PLUMBING COR,2072 EASTCHESTER ROAD,HIGHPOINT DEVELOPERS LLC,,,Permit Issued
Q01362667-I1-CC,Q01362667-I1,Initial Permit,2026-09-18,2026-09-17,2026-10-27,Curb Cut,"INSTALL A 30'-0 CURB CUT ON THE NORTH SIDE OF NORTHERN BLVD DISTANT 31'-0 EAST OF 62ND STREET IN CONJUNCTION WITH ALT 1 APPLICATION, #410158975",10000,61-19,NORTHERN BOULEVARD,Queens,11377,GC,TUC-MEN CONTRACTING CORP,29 TIGER TRAIL E,7-ELEVEN,,,Permit Issued
Q01365912-S3-EW-SP,Q01365912-S3,Initial Permit,2026-09-18,2026-06-25,2027-05-18,Sprinklers,"Modifications to existing sprinkler system for new daycare facility. No change in use, egress or occupancy.",0,12-01,JACKSON AVENUE,Queens,11101,F,A M B MECHANICAL INC,152-32 ROCKAWAY BLVD,HD MANAGEMENT LLC,,,Permit Issued
Q01379547-S1-PL,Q01379547-S1,Initial Permit,2026-09-18,2026-09-17,2026-10-01,Plumbing,PLUMBING WORK IN CONJUNCTION WITH ALT CO APP# Q01379547-I1,180000,99-10,205 STREET,Queens,11423,P,INFINITI ESC PLUMBING COR,2072 EASTCHESTER ROAD,PR,,,Permit Issued
Q01394300-S1-PL,Q01394300-S1,Initial Permit,2026-09-18,2026-06-04,2026-12-12,Plumbing,INSTALLATION OF GAS COOKING EQUIPMENT AND PLUMBING FIXTURES,34000,122-20,LIBERTY AVENUE,Queens,11419,P,I DO PLUMBING & HTG INC,167-17 NORTHERN BOULEVARD,CRISPY CHICKEN & GYROS,,,Permit Issued
Q01396294-S1-PL,Q01396294-S1,Initial Permit,2026-09-18,2026-08-13,2027-03-07,Plumbing,"FILING HEREWITH TO LEGALIZE CELLAR CONDITIONS. CAP AND REMOVE EXISTING GAS RANGE AND SINK IN THE CELLAR. LEGALIZE 3 PC BATHROOM ( LAV, TOILET AND SHOWER ) AND LEGALIZE RELOCATION OF EX. WASHER AND DRYER. INSTALL NEW WASHTUB. NO CHANGE IN US",0,94-45,SPRINGFIELD BOULEVARD,Queens,11428,P,CYCLURA PLBG & HTG INC,215-28 HILLSIDE AVENUE,Not Applicable,,,Permit Issued
Q01399228-I1-MS,Q01399228-I1,Initial Permit,2026-09-18,2026-08-07,2027-06-30,Mechanical Systems,Install kitchen exhaust and make up air systems,56143.75,17-02,GATES AVENUE,Queens,11385,GC,DONE RIGHT HOOD & FIRE SA,317 LIBERTY AVE,FERHATI LLC,,,Permit Issued
Q01401133-I1-GC,Q01401133-I1,Initial Permit,2026-09-18,2026-05-15,2026-12-31,General Construction,"REMOVE CONCRETE PAVING AND STEPS IN REAR YARD AS PER THE PLAN FILED HEREWITH TO REMEDY ECB VIOLATION #39009989P. NO CHANGE IN USE, OCCUPANCY OR EGRESS.",16500,57-03,246 PLACE,Queens,11362,GC,L&L CONSTRUCTION DEVELOP,"169-05 NORTHERN BLVD, 1ST FLR",Not Applicable,,,Permit Issued
Q01432188-I1-GC,Q01432188-I1,Initial Permit,2026-09-18,2026-08-21,2027-09-18,General Construction,"To legalize cellar condition to be accessory to the first floor, propose internal stair connecting cellar to first floor.",60000,27-29,HUMPHREY STREET,Queens,11369,PR,NONE,27-29 HUMPHREY ST,NONE,,,Permit Issued
Q01433231-I1-MS,Q01433231-I1,Initial Permit,2026-09-18,2026-09-01,2027-01-01,Mechanical Systems,"PROPOSED MECHANICAL SYSTEM WORK FILED IN CONJUNCTION WITH JOB#Q01237863. INSTALL DUCTLESS SPLIT HEAT PUMP SYSTEM. NO CHANGE IN USE, EGRESS, OR OCCUPANCY.",42000,150-01,61 ROAD,Queens,11367,GC,LXC CONSTRUCTION INC,45-32 218TH STREET,Not Applicable,,,Permit Issued
Q01439063-I1-MS,Q01439063-I1,Initial Permit,2026-09-18,2026-08-11,2027-03-17,General Construction,"HEREWITH FILE FOR INSTALLATION OF NEW CLOSED-LOOP HYDROCARBON DRY CLEANING MACHINE WITH ASSOCIATED GENERAL CONSTRUCTION. NO CHANGE IN USE, EGRESS, OR OCCUPANCY.",70000,179-03A,UNION TURNPIKE,Queens,11366,GC,"LEE & COMPANY OF NY, INC","36-22A FRANCIS LEWIS BLVD, #201",2690 JAMAICA LLC,,,Permit Issued
Q01440743-I1-PL,Q01440743-I1,Initial Permit,2026-09-18,2026-08-18,2027-01-11,Plumbing,INSTALLATION OF NEW PLUMBING FIXTURES IN CONJUNCTION TO GC APPLICATION Q01440626.,51500,147-19,JAMAICA AVENUE,Queens,11435,P,TRI STATE PLBG & HTG INC,115-58 DUNKIRK STREET,HBP REALTY,,,Permit Issued
Q01441101-S3-FN,Q01441101-S3,Initial Permit,2026-09-18,2026-09-17,2027-08-25,Construction Fence,Installation of Construction Fence,8000,86-24,MARENGO STREET,Queens,11423,GC,FRSS GROUP CORP,218-09 HARTLAND AVE,Not Applicable,,,Permit Issued
Q01441419-I1-SC,Q01441419-I1,Initial Permit,2026-09-18,2026-09-17,2027-07-01,Suspended Scaffold,FISP INSPECTION (Facade Inspection Safety Program). INDUSTRIAL ROPE ACCESS TECHNIQUES AND METHODS. SEE ATTACHED PLANS. Designated Primary Site supervisor: Jesus Decola,0,33-44,93 STREET,Queens,11372,R,STRUCTUAL PRESV SYSTEM,35-21 VERNON BLVD,,,,Permit Issued
Q01441422-I1-SC,Q01441422-I1,Initial Permit,2026-09-18,2026-09-18,2027-07-01,Suspended Scaffold,FISP INSPECTION (Facade Inspection Safety Program). INDUSTRIAL ROPE ACCESS TECHNIQUES AND METHODS. SEE ATTACHED PLANS. Designated Primary Site supervisor: Jesus Decola,0,33-05,92 STREET,Queens,11372,R,STRUCTUAL PRESV SYSTEM,35-21 VERNON BLVD,,,,Permit Issued
Q01441581-I1-SC,Q01441581-I1,Initial Permit,2026-09-18,2026-09-18,2027-07-01,Suspended Scaffold,FISP INSPECTION (Facade Inspection Safety Program). INDUSTRIAL ROPE ACCESS TECHNIQUES AND METHODS. SEE ATTACHED PLANS. Designated Primary Site supervisor: Jesus Decola,0,33-24,93 STREET,Queens,11372,R,STRUCTUAL PRESV SYSTEM,35-21 VERNON BLVD,,,,Permit Issued
Q01441587-I1-SC,Q01441587-I1,Initial Permit,2026-09-18,2026-09-18,2027-07-01,Suspended Scaffold,FISP INSPECTION (Facade Inspection Safety Program). INDUSTRIAL ROPE ACCESS TECHNIQUES AND METHODS. SEE ATTACHED PLANS. Designated Primary Site supervisor: Jesus Decola,0,33-04,93 STREET,Queens,11372,R,STRUCTUAL PRESV SYSTEM,35-21 VERNON BLVD,,,,Permit Issued
Q01441589-I1-SC,Q01441589-I1,Initial Permit,2026-09-18,2026-09-18,2027-07-01,Suspended Scaffold,FISP INSPECTION (Facade Inspection Safety Program). INDUSTRIAL ROPE ACCESS TECHNIQUES AND METHODS. SEE ATTACHED PLANS. Designated Primary Site supervisor: Jesus Decola,0,33-25,92 STREET,Queens,11372,R,STRUCTUAL PRESV SYSTEM,35-21 VERNON BLVD,,,,Permit Issued
Q01441758-S1-PL,Q01441758-S1,Initial Permit,2026-09-18,2026-08-12,2027-02-08,Plumbing,PLUMBING WORKS,48500,61-58,SPRINGFIELD BOULEVARD,Queens,11364,P,DW PLUMBING INC,115-58 DUNKIRK STREET,METRO FRANCHISING COMMISSARY LLC,,,Permit Issued
Q01443512-I1-SL,Q01443512-I1,Initial Permit,2026-09-18,2026-09-04,2026-10-01,Solar,"FILING HEREWITH TAX ABATEMENT APPLICATION FOR INSTALLATION OF ROOF MOUNTED SOLAR PANELS. NO CHANGE IN USE, EGRESS OR OCCUPANCY.",65250,119-31,230 STREET,Queens,11411,GC,SUNRUN INSTALLATION SVC,775 FIERO LN STE 200,Not Applicable,,,Permit Issued
Q01446283-I1-SL,Q01446283-I1,Initial Permit,2026-09-18,2026-09-11,2026-11-22,Solar,INSTALLATION OF PV SYSTEM ON EXISTING ROOF TOP. NO CHANGES TO THE USE EGRESS OR OCCUPANCY.,54870,87-17,124 STREET,Queens,11418,GC,SOLAR PRO INC,68-61 147TH ST,Not Applicable,,,Permit Issued
Q01448526-I1-GC-CX,Q01448526-I1,Initial Permit,2026-09-18,2026-09-08,2027-01-12,General Construction,PROPOSED RECONSTRUCTION OF DILAPIDATED ENCLOSED PORCH LOCATED AT FRONT OF BUILDING IN COMPLIES WITH Emergency Declaration # 20440.,54000,87-64,113 STREET,Queens,11418,GC,GEREBUZZA CONSTRUCTION IN,129-38 133RD STREET,JIM'S A1 HOME REMODELLING LLC,,,Permit Issued
Q01451123-I1-GC-CX,Q01451123-I1,Initial Permit,2026-09-18,2026-09-08,2027-08-25,General Construction,HEREWITH FILE ALTERATION TO DO AN INTERIOR RENOVATION TO AN EXISTING TWO STORY ONE FAMILY DWELLING WITH CELLAR AND GARAGE AS PER COQ # 64486 TO ERECT INTERIOR PARTITIONS AND TO OBTAIN A LETTER OF COMPLETEION. NO CHANGE TO USE OCCUPANCY OR E,404950,213-06,RICHLAND AVENUE,Queens,11364,GC,FRSS GROUP CORP,218-09 HARTLAND AVE,N/A,,,Permit Issued
Q01451314-I1-SC,Q01451314-I1,Initial Permit,2026-09-18,2026-09-17,2027-02-20,Suspended Scaffold,Installation of suspended scaffold for facade work or inspection.,0,110-21,73 ROAD,Queens,11375,R,TOWER SERVICES INC,38-60 REVIEW AVENUE,PR,,,Permit Issued
Q01457802-I1-SL,Q01457802-I1,Initial Permit,2026-09-18,2026-09-17,2026-12-31,Solar,Installation of PV System on existing rooftop. No changes to Egress or use of occupancy.,98560,200-01,MURDOCK AVENUE,Queens,11412,GC,NYS ESSENTIAL POWER INC,333 SMITH ROAD,SRT LAUNDRY CORP.,,,Permit Issued
Q01458194-I1-SL,Q01458194-I1,Initial Permit,2026-09-18,2026-09-16,2026-10-01,Solar,"FILING HEREWITH TAX ABATEMENT APPLICATION FOR INSTALLATION OF ROOF-MOUNTED SOLAR PANELS. NO CHANGE IN USE, EGRESS, OR OCCUPANCY.",27000,109-15,132 STREET,Queens,11420,GC,SUNRUN INSTALLATION SVC,775 FIERO LN STE 200,Not Applicable,,,Permit Issued
Q01458207-I1-GC-CX,Q01458207-I1,Initial Permit,2026-09-18,2026-09-14,2027-03-16,General Construction,"Interior Renovation @ 1st and 2nd floor as per plan. No change in use, egress or occupancy.",152500,19-17,PUTNAM AVENUE,Queens,11385,GC,NORTHBRIDGE CONTRACTING L,"1430 BROADWAY, SUITE 1802",NORTHBRIDGE CONTRACTING,,,Permit Issued
Q01458253-I1-FN,Q01458253-I1,Initial Permit,2026-09-18,2026-09-16,2026-11-29,Construction Fence,Filed Herewith; 8-Foot-High Temporary Plywood Construction Fence in conjunction with Demolition Application #Q01456052-I1,3500,90-12,183 STREET,Queens,11423,GC,"GRANITE ENVIRONMENT, LLC",847 SHEPHERD AVENUE,Housing Preservation & Development,,,Permit Issued
Q01458719-I1-SL,Q01458719-I1,Initial Permit,2026-09-18,2026-09-14,2026-11-15,Solar,"INSTALLATION OF SOLAR PANELS ON ROOF. NO CHANGE IN USE, EGRESS, OR OCCUPANCY.",51981.6,163-35,19 AVENUE,Queens,11357,RA,"TOM PETERSEN ARCHITECT, LLC",6 COUNTRY LANE,Not Applicable,,,Permit Issued
Q01459064-I1-PL,Q01459064-I1,Initial Permit,2026-09-18,2026-09-18,2027-05-10,Plumbing,"RENOVATION OF EXISTING CELLAR, 1ST AND 2ND FLOOR WITH PLUMBING WORK:RELOCATE KITCHEN AND BATHROOM FIXTURES; NEW BATHROOM ON 1ST AND 2ND FLOOR. NEW 3-PC BATHROOM, WASHER, DRYER, BOILERS AND HOT WATER HEATERS iN CELLAR; NO CHANGE IN USE, EGRE",60000,37-22,WARREN STREET,Queens,11372,P,CATMAN PLUMBING INC,20-11 COLLEGE POINT BLVD,PR,,,Permit Issued
Q01459493-I1-SH,Q01459493-I1,Initial Permit,2026-09-18,2026-09-18,2026-12-17,Sidewalk Shed,"PROPOSED INSTALLATION OF HEAVY DUTY SIDEWALK SHED AS PER PLANS. LIVE LOAD 300 LBS PER SQUARE FEET. SIDEWALK SHED SHALL COMPLY WITH CHAPTER #33 OF THE NYC BUILDING CODE. NO CHANGE IN USE, OCCUPANCY, OR EGRESS UNDER THIS APPLICATION.",15000,47-10,LAUREL HILL BOULEVARD,Queens,11377,GC,GREAT METLA CONTRACTING I,381 QUAKER RIDGE ROAD,GREAT METLA CONTRACTING,,,Permit Issued
Q01460015-I1-GC,Q01460015-I1,Initial Permit,2026-09-18,2026-09-16,2027-01-15,General Construction,PROPOSED MINMOR INTERIOR RENVATION (COSMETIC REPAIR),78120,32-27,54 STREET,Queens,11377,GC,COMPLEX DEVELOPMENT INC,"85-66 PARSONS BLVD, 2ND FLOOR",Provenza NYC Inc,,,Permit Issued
Q01461144-I1-SF,Q01461144-I1,Initial Permit,2026-09-18,2026-09-18,2026-12-09,Sidewalk Shed,"INSTALLATION OF SIDEWALK SHED, OHP AND PIPE SCAFFOLD AS PER PLANS. SIDEWALK SHED LIVE LOAD WILL BE 300 PSF, ALL EQUIPMENT SHALL COMPLY WITH CHAPTER #33 OF THE 2014 CODE NO CHANGE TO USE, EGRESS OR OCCUPANCY.",10000,40-28,MAIN STREET,Queens,11354,GC,MC SUPERSTRUCTURE INC,135-53 NORTHERN BLVD #2B,MC SUPERSTRUCTURE INC.,,,Permit Issued
Q01461144-I1-SH,Q01461144-I1,Initial Permit,2026-09-18,2026-09-18,2026-12-09,Sidewalk Shed,"INSTALLATION OF SIDEWALK SHED, OHP AND PIPE SCAFFOLD AS PER PLANS. SIDEWALK SHED LIVE LOAD WILL BE 300 PSF, ALL EQUIPMENT SHALL COMPLY WITH CHAPTER #33 OF THE 2014 CODE NO CHANGE TO USE, EGRESS OR OCCUPANCY.",10000,40-28,MAIN STREET,Queens,11354,GC,MC SUPERSTRUCTURE INC,135-53 NORTHERN BLVD #2B,MC SUPERSTRUCTURE INC.,,,Permit Issued
Q01461633-I1-SH,Q01461633-I1,Initial Permit,2026-09-18,2026-09-18,2026-12-17,Sidewalk Shed,"PROPOSED INSTALLATION OF HEAVY DUTY SIDEWALK SHED AS PER PLANS. LIVE LOAD 300 LBS PER SQUARE FEET. SIDEWALK SHED SHALL COMPLY WITH CHAPTER #33 OF THE NYC BUILDING CODE. NO CHANGE IN USE, OCCUPANCY, OR EGRESS UNDER THIS APPLICATION.",12000,34-17,30 STREET,Queens,11106,GC,AKALA CONSTRUCTION INC,140-08 FOCH BLVD,Akala construction inc,,,Permit Issued
S00982289-S1-PL,S00982289-S1,Initial Permit,2026-09-18,2026-09-17,2026-12-31,Plumbing,INSTALLATION OF NEW PLUMBING AND GAS FIXTURES FOR A NEW ONE-FAMILY DWELLING.,0,92,GRAVES STREET,Staten Island,10314,P,DUO PLUMBING & HTG CORP.,88 KREISCHER STREET,WALLACE AVENUE CONST.LLC,,,Permit Issued
S00982407-S1-PL,S00982407-S1,Initial Permit,2026-09-18,2026-09-16,2026-12-31,Plumbing,INSTALLATION OF NEW PLUMBING AND GAS FIXTURES FOR A NEW ONE-FAMILY DWELLING.,0,94,GRAVES STREET,Staten Island,10314,P,DUO PLUMBING & HTG CORP.,88 KREISCHER STREET,WALLACE AVENUE CONST.LLC,,,Permit Issued
S00982409-S1-PL,S00982409-S1,Initial Permit,2026-09-18,2026-09-18,2026-12-31,Plumbing,INSTALLATION OF NEW PLUMBING AND GAS FIXTURES FOR A NEW ONE-FAMILY DWELLING.,0,96,GRAVES STREET,Staten Island,10314,P,DUO PLUMBING & HTG CORP.,88 KREISCHER STREET,WALLACE AVENUE CONST.LLC,,,Permit Issued
S00982410-S1-PL,S00982410-S1,Initial Permit,2026-09-18,2026-09-17,2026-12-31,Plumbing,INSTALLATION OF NEW PLUMBING AND GAS FIXTURES FOR A NEW ONE-FAMILY DWELLING.,0,98,GRAVES STREET,Staten Island,10314,P,DUO PLUMBING & HTG CORP.,88 KREISCHER STREET,WALLACE AVENUE CONST.LLC,,,Permit Issued
S00998689-I1-FO,S00998689-I1,Initial Permit,2026-09-18,2026-02-25,2026-12-11,Foundation,"FOUNDATION UNDERPINNING WORK AS PER PLANS FILED HEREWITH. NO CHANGE IN USE, EGRESS, OR OCCUPANCY.",50000,1000 D,RICHMOND TERRACE,Staten Island,10310,GC,CORBEX INC,351 DENTON AVENUE,DDC,,,Permit Issued
S01041406-I1-FN,S01041406-I1,Initial Permit,2026-09-18,2024-05-08,2027-06-17,Construction Fence,TEMPORARY FENCE,1000,65,THOMPSON STREET,Staten Island,10304,GC,UNDERTOW CONTRACTING CORP,54 FINGERBOARD RD,BLOCK 524 LOT 41 LLC,,,Permit Issued
S01269501-S3-PL,S01269501-S3,Initial Permit,2026-09-18,2026-01-12,2027-01-01,Plumbing,"ASSOCIATED PLUMBING WORK FOR APPLICATION S01269501-I1. PROPOSED NEW CELLAR 3 PIECE BATHROOM, NCLUDING ALL PLUMBING LINES. NO CHANGE IN USE, OCCUPANCY OR EGRESS.",2250,267,DECKER AVENUE,Staten Island,10302,P,CAM ENERGY HTG&MECH CORP,213 50TH STREET,Not Applicable,,,Permit Issued
S01284200-S4-MS,S01284200-S4,Initial Permit,2026-09-18,2026-03-27,2027-04-08,Mechanical Systems,1. INSTALLATION OF NEW SPLIT SYSTEM HEAT PUMPS FOR HEATING AND COOLING OF EACH RESIDENCE. 2. INSTALALTION OF NEW EXHUAST AND ERV SYSTEMS FOR VENTILATION OF EACH RESIDENCE.,0,54,MEREDITH AVENUE,Staten Island,10314,GC,SKEN SERVICES CORP,"175 ZOE STREET, APT 6P",PR,,,Permit Issued
S01367552-I1-FD,S01367552-I1,Initial Permit,2026-09-18,2026-09-14,2027-02-22,Full Demolition,FULL DEMOLITION OF AN EXISTING 2 STORY RESIDENTIAL HOUSE,30000,104,OAKDALE STREET,Staten Island,10308,GC,STOUT HOMES INC,43 WARDELL CIRCLE,STOUT HOMES INC,,,Permit Issued
S01393431-I1-PL,S01393431-I1,Initial Permit,2026-09-18,2026-04-29,2026-12-31,Plumbing,FILED HEREWITH; RESIDENTIAL SPRINKLER PLAN,19000,78,GRAVES STREET,Staten Island,10314,P,DUO PLUMBING & HTG CORP.,88 KREISCHER STREET,WALLACE AVENUE CONST.LLC,,,Permit Issued
S01393935-I1-PL,S01393935-I1,Initial Permit,2026-09-18,2026-04-29,2026-12-31,Plumbing,FILED HEREWITH; RESIDENTIAL SPRINKLER PLAN,19000,92,GRAVES STREET,Staten Island,10314,P,DUO PLUMBING & HTG CORP.,88 KREISCHER STREET,WALLACE AVENUE CONST.LLC,,,Permit Issued
S01393947-I1-PL,S01393947-I1,Initial Permit,2026-09-18,2026-04-29,2026-12-31,Plumbing,FILED HEREWITH; RESIDENTIAL SPRINKLER PLAN,19000,94,GRAVES STREET,Staten Island,10314,P,DUO PLUMBING & HTG CORP.,88 KREISCHER STREET,WALLACE AVENUE CONST.LLC,,,Permit Issued
S01393987-I1-PL,S01393987-I1,Initial Permit,2026-09-18,2026-04-29,2026-12-31,Plumbing,FILED HEREWITH; RESIDENTIAL SPRINKLER PLAN,19000,96,GRAVES STREET,Staten Island,10314,P,DUO PLUMBING & HTG CORP.,88 KREISCHER STREET,WALLACE AVENUE CONST.LLC,,,Permit Issued
S01394038-I1-PL,S01394038-I1,Initial Permit,2026-09-18,2026-04-29,2026-12-31,Plumbing,FILED HEREWITH; RESIDENTIAL SPRINKLER PLAN,19000,98,GRAVES STREET,Staten Island,10314,P,DUO PLUMBING & HTG CORP.,88 KREISCHER STREET,WALLACE AVENUE CONST.LLC,,,Permit Issued
S01401374-I1-GC-CX,S01401374-I1,Initial Permit,2026-09-18,2026-09-15,2026-11-21,General Construction,"Eating and drinking establishment interior renovation. Relocate existing bathroom and install one additional ADA bathroom. install new bar and counter. Installation of commercial kitchen equipment's, hood, duct and exhaust. install furnace.",127740,669,BAY STREET,Staten Island,10304,GC,J & R CONTRACTORS SERVICE,160 W 231 STREET,Not Applicable,,,Permit Issued
S01416179-I1-FO-EA,S01416179-I1,Initial Permit,2026-09-18,2026-09-10,2027-03-13,Structural,CONSTRUCT ONE FAMILY SEMI-DETACHED RESIDENCE WITH BUILT IN ONE CAR GARAGE.,0,150,CUBA AVENUE,Staten Island,10306,GC,"DELTAMER, INC",11 FERNDALE AVENUE,HOMES R US REALTY OF NY,,,Permit Issued
S01416179-I1-GC-CX,S01416179-I1,Initial Permit,2026-09-18,2026-09-10,2027-03-13,Structural,CONSTRUCT ONE FAMILY SEMI-DETACHED RESIDENCE WITH BUILT IN ONE CAR GARAGE.,0,150,CUBA AVENUE,Staten Island,10306,GC,"DELTAMER, INC",11 FERNDALE AVENUE,HOMES R US REALTY OF NY,,,Permit Issued
S01416198-I1-FO-EA,S01416198-I1,Initial Permit,2026-09-18,2026-09-10,2027-03-13,Earth Work,CONSTRUCT ONE FAMILY SEMI-DETACHED RESIDENCE WITH BUILT IN ONE CAR GARAGE.,0,152,CUBA AVENUE,Staten Island,10306,GC,"DELTAMER, INC",11 FERNDALE AVENUE,HOMES R US REALTY OF NY,,,Permit Issued
S01416198-I1-GC-CX,S01416198-I1,Initial Permit,2026-09-18,2026-09-10,2027-03-13,Foundation,CONSTRUCT ONE FAMILY SEMI-DETACHED RESIDENCE WITH BUILT IN ONE CAR GARAGE.,0,152,CUBA AVENUE,Staten Island,10306,GC,"DELTAMER, INC",11 FERNDALE AVENUE,HOMES R US REALTY OF NY,,,Permit Issued
S01416213-I1-FO-EA,S01416213-I1,Initial Permit,2026-09-18,2026-09-15,2027-03-13,Structural,CONSTRUCT ONE FAMILY SEMI-DETACHED RESIDENCE WITH BUILT IN ONE CAR GARAGE.,0,156,CUBA AVENUE,Staten Island,10306,GC,"DELTAMER, INC",11 FERNDALE AVENUE,HOMES R US REALTY OF NY,,,Permit Issued
S01416213-I1-GC-CX,S01416213-I1,Initial Permit,2026-09-18,2026-09-15,2027-03-13,General Construction,CONSTRUCT ONE FAMILY SEMI-DETACHED RESIDENCE WITH BUILT IN ONE CAR GARAGE.,0,156,CUBA AVENUE,Staten Island,10306,GC,"DELTAMER, INC",11 FERNDALE AVENUE,HOMES R US REALTY OF NY,,,Permit Issued
S01416219-I1-FO-EA,S01416219-I1,Initial Permit,2026-09-18,2026-09-16,2027-03-13,Foundation,CONSTRUCT ONE FAMILY SEMI-DETACHED RESIDENCE WITH BUILT IN ONE CAR GARAGE.,0,158,CUBA AVENUE,Staten Island,10306,GC,"DELTAMER, INC",11 FERNDALE AVENUE,HOMES R US REALTY OF NY,,,Permit Issued
S01416219-I1-GC-CX,S01416219-I1,Initial Permit,2026-09-18,2026-09-16,2027-03-13,Earth Work,CONSTRUCT ONE FAMILY SEMI-DETACHED RESIDENCE WITH BUILT IN ONE CAR GARAGE.,0,158,CUBA AVENUE,Staten Island,10306,GC,"DELTAMER, INC",11 FERNDALE AVENUE,HOMES R US REALTY OF NY,,,Permit Issued
S01421775-I1-CC,S01421775-I1,Initial Permit,2026-09-18,2026-09-04,2026-10-18,Curb Cut,PROPOSED 10' WIDE CURB CUT AS PART OF NEW BUILDING APPLICATION PER SUBMITTED HEREWITH.,1000,28,GARIBALDI AVENUE,Staten Island,10306,GC,LL CUSTOM HOMES LLC,370 ST MARKS PLACE,PR,,,Permit Issued
S01427202-I1-GC-CX,S01427202-I1,Initial Permit,2026-09-18,2026-09-15,2026-10-26,Structural,PROPOSED DETACHED TWO FAMILY RESIDENCE WITH ONE ACCESSORY OFF-STREET PARKING SPACE.,0,140,TWOMBLY AVENUE,Staten Island,10306,GC,MONELLO ENTERPRISES INC,3191 RICHMOND ROAD,MONELLO ENTERPRISES INC,,,Permit Issued
S01428759-I1-FN,S01428759-I1,Initial Permit,2026-09-18,2026-08-12,2027-02-02,Construction Fence,SUBSEQUENT FENCE APPLICATION IN CONJUNCTION WITH GC APPLICATION #S01428730-I1,2000,309,CLEVELAND AVENUE,Staten Island,10308,GC,KMM IMPROVEMENTS CORP,9964 3RD AVENUE APT 6A,Not Applicable,,,Permit Issued
S01447718-I1-FN,S01447718-I1,Initial Permit,2026-09-18,2026-09-15,2026-11-19,Construction Fence,8 FOOT CONSTRUCTION FENCE INSIDE PROPERTY LINE. CONSTRUCTION FENCE SHALL ENCOMPASS BOTH 191 SYCAMORE STREET AND ADJACENT PROPERTY 377 BEACH ROAD FOR DEMOLITION OF BOTH HOMES AND FUTURE CONSTRUCTION OF (6) SEMI-DETACHED NEW BUILDINGS.,2500,191,SYCAMORE STREET,Staten Island,10312,GC,MADONIA DEVELOPMENT CORP,51 WINANT PLACE,MADONIA DEVELOPMENT CORP,,,Permit Issued
S01449992-I1-GC,S01449992-I1,Initial Permit,2026-09-18,2026-08-24,2026-10-08,General Construction,"FILE CONSTRUCTION WORK AT FRONT OSP TO REPLACE EXTERIOR STOOPS, INSTALL NEW FENCE, AND NEW AWNING AS PER PLAN. NO CHANGE TO USE, EGRESS OR OCCUPANCY.",8000,124,VIRGINIA AVENUE,Staten Island,10305,GC,SAFETY PRO CONSTRUCTION,136-14 63RD AVE,Not Applicable,,,Permit Issued
S01454996-I1-SL,S01454996-I1,Initial Permit,2026-09-18,2026-09-18,2027-01-01,Solar,"Installation of Solar PV system on existing rooftop with no change to egress, use or occupancy",40000,24,SCUDDER AVENUE,Staten Island,10309,GC,INDENT BUILDERS INC,99 BRACEBRIDGE LN,Not Applicable,,,Permit Issued
S01458740-I1-SL,S01458740-I1,Initial Permit,2026-09-18,2026-09-16,2027-04-06,Solar,INSTALLATION OF PHOTOVOLTAIC SOLAR ARRAY ON EXISTING ROOF SYSTEM AS PER PLANS.,83102,4675,AMBOY ROAD,Staten Island,10312,GC,NYSS LLC,385 WEST JOHN STREET UNIT 100,Not Applicable,,,Permit Issued
S01459083-I1-FN,S01459083-I1,Initial Permit,2026-09-18,2026-09-18,2026-10-18,Construction Fence,INSTALLATION OF 8FT HIGH WOOD CONSTRUCTION FENCE,5000,20,BRISTOL AVENUE,Staten Island,10301,GC,M.S.B. DEVELOPMENT CO INC,5655 AMBOY ROAD,M.S.B. DEVELOPMENT CO INC,,,Permit Issued
S01461978-I1-SL,S01461978-I1,Initial Permit,2026-09-18,2026-09-18,2026-10-19,Solar,"ROOFTOP SOLAR INSTALLATION. NO CHANGE TO USE, OCCUPANCY OR EGRESS.",27596.8,330B,SKYLINE DRIVE,Staten Island,10304,GC,KAMTECH RESTORATION CORP,203 SHERIDAN BLVD,Not Applicable,,,Permit Issued
X00917735-I1-GC,X00917735-I1,Initial Permit,2026-09-18,2024-04-29,2027-04-17,General Construction,"Facade repair project. No change in use, egress or occupancy.",582655,340,BEEKMAN AVENUE,Bronx,10454,GC,R & S CONSTRUCTION CORP,967 EAST GUN HILL ROAD,WINNRESIDENTIAL,,,Permit Issued
X01065781-S7-ST,X01065781-S7,Initial Permit,2026-09-18,2025-09-22,2026-11-03,Structural,Structural filing in conjunction with GC filing #X01065781-I1,0,308,EAST 162 STREET,Bronx,10451,GC,NEW LINE CONSTRUCTION LLC,2444 BOUCK AVENUE,NEW LINE BUILDERS,,,Permit Issued
X01108281-S1-MS,X01108281-S1,Initial Permit,2026-09-18,2025-03-24,2027-04-08,Mechanical Systems,"remove &replace existing exhaust fans on roof and provide new curbs, extensions as shown in the drawings. remove andreplace split ac units in kind. No change in use, egress , or occupancy.",1717549,977,FOX STREET,Bronx,10459,GC,BHARAT MECHANICAL CORP,211 DENTON AVE SUITE#222,NYC SCA,,,Permit Issued
X01108281-S4-MS,X01108281-S4,Initial Permit,2026-09-18,2025-03-25,2027-04-08,Mechanical Systems,"remove &replace existing exhaust fans on roof and provide new curbs, extensions as shown in the drawings. remove and replace split ac units in kind. No change in use, egress , or occupancy.",1717549,977,FOX STREET,Bronx,10459,GC,BHARAT MECHANICAL CORP,211 DENTON AVE SUITE#222,NYC SCA,,,Permit Issued
X01123170-I1-GC,X01123170-I1,Initial Permit,2026-09-18,2026-09-17,2027-05-29,General Construction,CONSTRUCTION OF A NEW EATING AND DRINKING ESTABLISHMENT (CHIPOTLE) WITH ACCESSORY DRIVE THRU AS PER DRAWINGS FILED HEREWITH. TENANT FIT OUT APPLICATIONS FILED UNDER SEPARATE APPLICATION X01399009-i1.,0,1911,STORY AVENUE,Bronx,10473,GC,SCHIMENTI CONSTRUCTION CO,575 LEXINGTON AVENUE 18TH FL,URBAN EDGE PROPERTIES,,,Permit Issued
X01166014-I1-GC,X01166014-I1,Initial Permit,2026-09-18,2025-08-04,2027-06-29,General Construction,"INTERIOR RENOVATION OF EXISTING BUILDING, NEW FINISHES, NEW INTERIOR AND EXTERIOR LIGHTING, REPLACEMENT OF WINDOWS AND DOORS. NEW LAUNDRY FACILITY AND AMENITY SPACES.",5473238.1,674,EAST 149 STREET,Bronx,10455,GC,MEGA CONTRACTING GP LLC,"48-02 25TH AVENUE, SUITE 400",NEW YORK CITY HOUSING AUTHORITY,,,Permit Issued
X01171043-I1-GC-CX,X01171043-I1,Initial Permit,2026-09-18,2025-04-16,2027-04-01,Earth Work,"Herewith filing for general construction and earth work in connection with paver removals, backfill and site restoration (Lot 1968 & 1988) as per details on plans.",140000,6389,BROADWAY,Bronx,10471,GC,RUSSO DEVELOPMENT ENTERP,67 EAST AVENUE,NYC SCA,,,Permit Issued
X01179407-Z1-SF,X01179407-Z1,Initial Permit,2026-09-18,2026-09-18,2027-04-01,Supported Scaffold,"Installation of a temporary supported scaffold per plan submitted. Work shall comply with 2022 building codes chapter 33. No change in use, egress and/or occupancy with this application.",0,1472,BOSTON ROAD,Bronx,10460,GC,REPUBLIC SCAFFOLD&HOIST C,420 MANIDA STREET,REPUBLIC SCAFFOLD & HOIST CORP,,,Permit Issued
X01206249-S6-FN,X01206249-S6,Initial Permit,2026-09-18,2026-06-23,2027-08-17,Construction Fence,Install Constrction fence,0,2075,HONEYWELL AVENUE,Bronx,10460,GC,ZEFI & CO. LLC,2005 HONE AVE,A&F GENERAL CONSTRUCTION LLC,,,Permit Issued
X01246973-I1-ST,X01246973-I1,Initial Permit,2026-09-18,2025-12-10,2027-01-02,General Construction,"INTERIOR RENOVATION AT 4th AND 5th FLOOR APARTMENTS AS PER PLANS. NO CHANGE IN USE, OCCUPANCY OR MEANS OF EGRESS",637532,1003,SOUTHERN BOULEVARD,Bronx,10459,GC,HARROW NY INC,50-20 38TH STREET,PR,,,Permit Issued
X01252547-Z4-PMM,X01252547-Z4,Initial Permit,2026-09-18,2026-09-18,2026-12-07,Protection and Mechanical Methods,"INSTALLATION AND USE OF TEMPORARY KNUCKLEBOOM AS PER PLANS FILED HEREWITH. NO CHANGE IN USE EGRESS, OR OCCUPANCY.",0,2258,MORRIS AVENUE,Bronx,10453,GC,KMI INC,73 MARKET STREET STE#376,KMI INC,,,Permit Issued
X01266762-S1-FN,X01266762-S1,Initial Permit,2026-09-18,2025-10-31,2026-10-04,Construction Fence,NEW PLYWOOD CONSTRUCTION FENCE ON GRADE IN FRONT OF 462 E 138 ST (BX) IN CONJUNCTION WITH ALT2 X01266762-I1,1800,462,EAST 138 STREET,Bronx,10454,GC,HF PAINTING LLC,82 LAKE SHORE DR E,Not Applicable,,,Permit Issued
X01274535-S3-FO-EA,X01274535-S3,Initial Permit,2026-09-18,2026-07-30,2027-03-22,Earth Work,FOUNDATION AND EARTHWORK SPECIFICATIONS FILED IN CONJUNCTION WITH GC APPLICATION JOB #X01274535-I1,0,58,WEST 184 STREET,Bronx,10468,GC,NYC SPECIAL CONTRACTORS,1209 DEKALB AVENUE APT 207,HARD REALTY,,,Permit Issued
X01293919-S8-FO,X01293919-S8,Initial Permit,2026-09-18,2026-06-04,2026-09-26,Foundation,FOUNDATION WORK FOR 7 STORY RESIDENTIAL NEW BUILDING,0,1010,UNIVERSITY AVENUE,Bronx,10452,GC,UGB DESIGN & BUILD INC,4 MEEKER AVE,DIAMOND DEV GROUP LLC,,,Permit Issued
X01297881-I1-PL,X01297881-I1,Initial Permit,2026-09-18,2026-04-28,2026-12-09,Plumbing,removal of plumbing fixtures to restore to prior legal condition,10000,2587,SEDGWICK AVENUE,Bronx,10468,P,NATIONWIDE MECHANICAL INC,"315 JACKSON AVE,STE 2A",Not Applicable,,,Permit Issued
X01304699-Z8-PMM,X01304699-Z8,Initial Permit,2026-09-18,2026-09-18,2027-09-18,Protection and Mechanical Methods,"INSTALLATION OF TEMPORARY ROOF PROTECTION AND SITE-SPECIFIC ENGINEERED ENCLOSURE/DEBRIS NETTING SYSTEM. ALL WORK TO COMPLY WITH CHAPTER 33 OF NYCBC. NO CHANGE IN USE, EGRESS OR OCCUPANCY UNDER THIS APPLICATION.",22080,585,EAST FORDHAM ROAD,Bronx,10458,GC,KINGS GROUP NY CORP,183-02 LIBERTY AVE,KINGS GROUP NY CORP,,,Permit Issued
X01307009-I1-FD,X01307009-I1,Initial Permit,2026-09-18,2026-06-16,2026-10-18,Full Demolition,"full demolition of 6 story structure, using hand held and mechanical means to assist",1802492,989,EAST 179 STREET,Bronx,10460,GC,STATE CONTRACTING CORP NY,555 SAW MILL RIVER ROAD,Phipps Houses,,,Permit Issued
X01332469-I1-GC,X01332469-I1,Initial Permit,2026-09-18,2026-06-29,2026-12-29,General Construction,"INTERIOR ALTERATIONS AT 2ND FLOOR TO SPLIT APARTMENT 2A. SCOPE INCLUDES MINOR DEMOLITION WORK TO NON-LOADBEARING PARTITIONS AND FIRE ESCAPE EXTENSION. NO CHANGE TO USE, EGRESS OR OCCUPANCY UNDER THIS APPLICATION.",120750,50,WEST 182 STREET,Bronx,10453,GC,QUINTUNA SERVICE CORP,"30-02 93RD STREET, FLOOR 1",ORENCOGROUP,,,Permit Issued
X01335098-S2-FN,X01335098-S2,Initial Permit,2026-09-18,2026-02-03,2027-05-31,Construction Fence,PROPOSED INSTALLATION OF TEMPORARY CONSTRUCTION FENCE IN CONJUNCTION WITH NB APPLICATION # X01335098-I1,0,4506,BRONX BOULEVARD,Bronx,10470,GC,PRECISION HOME DEV INC,148-15 85 DRIVE,UNITED DEVELOPERS LLC,,,Permit Issued
X01338885-I1-MS,X01338885-I1,Initial Permit,2026-09-18,2026-04-21,2026-12-22,Mechanical Systems,"DIRECT REPLACEMENT OF (19) EXISTING ROOF TOP UNITS. NO CHANGE TO USE, EGRESS, OR OCCUPANCY.",163000,700,EXTERIOR STREET,Bronx,10451,GC,AIR EXCHANGE AND ENERGY S,169 OAKDENE AVE,Target,,,Permit Issued
X01347425-I1-FD,X01347425-I1,Initial Permit,2026-09-18,2026-08-03,2027-06-26,Full Demolition,full demolition of two story structure using full mechanical means.,400000,1132,OAK POINT AVENUE,Bronx,10474,GC,"GRAMERCY GROUP, INC",3000 BURNS AVENUE,OAK POINT AVENUE GL LLC,,,Permit Issued
X01370967-I1-GC,X01370967-I1,Initial Permit,2026-09-18,2026-03-24,2027-01-01,General Construction,"INTERIOR RENOVATION TO REMOVE VIOLATIONS 39134661Y AND 39134662X AS PER PLANS FILED HEREWITH. NO CHANGE TO USE, EGRESS OR OCCUPANCY.",10940,721,EAST 133 STREET,Bronx,10454,GC,INTER RENOVATION INC,56-32 59TH STREET,Artistic,,,Permit Issued
X01393498-I1-SG,X01393498-I1,Initial Permit,2026-09-18,2026-09-10,2026-09-21,Sign,"ERECT AN NON-ILLUMINATED SIGN ON WALL.NOT WITHIN VIEW OF ARTERIAL HIGHWAY OR PUBLIC PARK 1/2 ACRE OR MORE. NO CHANGE IN USE, EGRESS OR OCCUPANCY.",3431,1711,BOONE AVENUE,Bronx,10460,S,NEPTUNE SIGNS & AWNINGS,2260 HOLLERS AVE,DG DEVELOPMENT PARTNERS,,,Permit Issued
X01424054-I1-MS,X01424054-I1,Initial Permit,2026-09-18,2026-07-31,2026-10-01,Mechanical Systems,TENANT FIT OUT IN EXISTING SPACE WITH NEW MECHANICAL SYSTEM AND ASSOCIATED DUCTOWORK. NEW PATIENT SERVICE CENTER FOR QUEST DIAGNOSTICS WILL BE CONSTRUCTED IN EXISTING FIRST FLOOR SUITE.,43950,2260,GRAND CONCOURSE,Bronx,10457,GC,RSM MAINTENANCE LLC,461 FROM ROAD FL 2,PR,,,Permit Issued
X01424055-I1-PL,X01424055-I1,Initial Permit,2026-09-18,2026-08-13,2027-06-30,Plumbing,TENANT FIT OUT IN EXISTING SPACE. INSTALL NEW PLUMBING FIXTURES AND ASSOCIATED PIPING. NEW PATIENT SERVICE CENTER FOR QUEST DIAGNOSTICS WILL BE CONSTRUCTED IN EXISTING FIRST FLOOR SUITE.,26000,2260,GRAND CONCOURSE,Bronx,10457,P,SIGNORE & SONS PLBG CORP,2237 WEBSTER AVENUE,PR,,,Permit Issued
X01427689-I1-SG,X01427689-I1,Initial Permit,2026-09-18,2026-09-18,2026-10-22,Sign,SIGN TAG AS NON ILLUMINATED F.C.O. ADDRESS NUMBER /LOGO (SIGN 2) @ WALNUT AVENUE ELEVATION FOR 845 WITH LOGO,1020,845,EAST 136 STREET,Bronx,10454,S,SIGNS CAD CORP,1177 E. 178TH STREET,PR,,,Permit Issued
X01427694-I1-SG,X01427694-I1,Initial Permit,2026-09-18,2026-09-18,2026-10-22,Sign,SIGN TAG AS NON ILLUMINATED F.C.O. ADDRESS NUMBER /LOGO (SIGN 3) @ WALNUT AVENUE ELEVATION FOR 845 WITH LOGO,1020,845,EAST 136 STREET,Bronx,10454,S,SIGNS CAD CORP,1177 E. 178TH STREET,PR,,,Permit Issued
X01437432-S4-FN,X01437432-S4,Initial Permit,2026-09-18,2026-09-18,2026-11-20,Construction Fence,Installation of a temporary construction fence filed subsequent to the NB GC Application: X01437432-I1,0,1855,HARRISON AVENUE,Bronx,10453,GC,AB BUILDERS NY,15 PERLMAN DRIVE #103,1855 Harrison Ave NY LLC,,,Permit Issued
X01441043-I1-GC,X01441043-I1,Initial Permit,2026-09-18,2026-08-13,2026-12-01,General Construction,"MASONRY REPAIRS & REPLACEMENT. NO CHANGE IN EGRESS, USE OR OCCUPANCY.",150000,333,EAST 176 STREET,Bronx,10457,GC,PLAZA CONTRACTING COMPANY,3810 FT HAMILTON PKWY,FINKELSTEIN TIMBERGER EAST RE,,,Permit Issued
X01443932-S1-PL,X01443932-S1,Initial Permit,2026-09-18,2026-08-21,2027-05-27,Plumbing,filing to remove illegal fixtures in illegal basement apartment.. to correct ecb 34214879P,10500,2764,CRESTON AVENUE,Bronx,10468,P,BMT PLUMBING&HEATING LLC,130 WEST 230TH STREET,ARBENI MANAGEMENT,,,Permit Issued
X01448946-I1-GC,X01448946-I1,Initial Permit,2026-09-18,2026-09-10,2026-12-31,General Construction,"Filing for Emergency Facade repair work To include Brick replacement, mortar joint repointing, Stone repairs, Cracking repairs and sealant replacement.",245179,325,EXTERIOR STREET,Bronx,10451,GC,TISHMAN INTERIORS CORP,100 PARK AVENUE,Verizon,,,Permit Issued
X01449437-I1-SF,X01449437-I1,Initial Permit,2026-09-18,2026-08-24,2026-11-16,Supported Scaffold,"INSTALLATION OF TEMPORARY PIPE SCAFFOLD AS PER PLANS. NO CHANGE IN USE, EGRESS OR OCCUPANCY.",1,2970,3 AVENUE,Bronx,10455,GC,CORE SCAFFOLD SYSTEMS INC,417 MYRTLE AVE SUITE 14,OWNERS REP,,,Permit Issued
X01450256-I1-SC,X01450256-I1,Initial Permit,2026-09-18,2026-09-18,2027-02-28,Suspended Scaffold,"Application for the installation and use of suspended scaffold at 750 East 141st Street, (AKA 307 Bruckner Boulevard) as per plans filed herein. No change in egress, use, or occupancy.",0,750,EAST 141 STREET,Bronx,10454,R,SKYTRAC ACCESS GROUP LLC,50-05 47TH AVENUE,Sterling Organization,,,Permit Issued
X01452321-I1-SC,X01452321-I1,Initial Permit,2026-09-18,2026-09-17,2027-03-05,Suspended Scaffold,"SUSPENDED SCAFFOLD OUTRIGGER SYSTEM FOR EXTERIOR FACADE RESTORATION WORK AND FACADE INSPECTION AT 1875 UNIVERSITY AVENUE, BRONX, NY 10453",0,1875,UNIVERSITY AVENUE,Bronx,10453,R,P&K CONTRACTING INC,"180-07 JAMAICA AVE, STE-BSMT",P & K CONTRACTING INC,,,Permit Issued
X01453877-S1-PL,X01453877-S1,Initial Permit,2026-09-18,2026-09-03,2027-01-14,Plumbing,"APPLICATION FILED TO INSTALL PLUMBING FIXTURES FOR THE FIRST FLOOR KITCHEN,CEL ACCESSORY TO BODEGA WORK INCLUDES INSTALLATION OF 3 COMPARTMENT SINK,SMALL HAND SINK,GREASE TRAP AND FLOOR DRAIN. MECHANICAL HOOD AT KITCHEN ARE EXHAUST DUCT TO ",15000,383,EAST 138 STREET,Bronx,10454,P,HORBRIDGE PLUMBING & HEAT,79 BRIDGE STREET,383 Capellan Grocery,,,Permit Issued
X01458220-I1-PMM,X01458220-I1,Initial Permit,2026-09-18,2026-09-18,2026-12-09,Protection and Mechanical Methods,"INSTALLATION OF BETA MAX HOIST AS PER PLANS. ALL EQUIPMENT SHALL COMPLY WITH CHAPTER #33 OF THE 2022 CODE. NO CHANGE IN USE, EGRESS OR OCCUPANCY UNDER THIS APPLICATION.",4000,1225,GERARD AVENUE,Bronx,10452,GC,MC SUPERSTRUCTURE INC,135-53 NORTHERN BLVD #2B,MC SUPERSTRUCTURE INC.,,,Permit Issued
X01460730-I1-FN,X01460730-I1,Initial Permit,2026-09-18,2026-09-17,2027-05-13,Construction Fence,INSTALLATION OF CONSTRUCTION FENCE.,10000,2719,LURTING AVENUE,Bronx,10469,GC,ABC CONTRACTING AND RESTO,1101T SACKETT AVENUE,Not Applicable,,,Permit Issued
B00226551-I1-BE,B00226551-I1,Initial Permit,2026-09-17,2019-10-15,2027-04-07,Boiler Equipment,BL WORK TYPE IS HEREWITH FILED TO REPLACE EXISTING BOILER.,1000,771,4 AVENUE,Brooklyn,11232,P,M & M PIPING AND HEATING,95-26 SUTPHIN BOULEVARD,ESTATE OF SIXTO ULLOA,,,Permit Issued
B00649195-S1-MS,B00649195-S1,Initial Permit,2026-09-17,2026-09-03,2026-10-01,Mechanical Systems,HVAC SPLIT SYSTEM AND EXHAUST VENTING FILED IN CONJUNCTION WITH ALT-CO # B00580266-I1,50000,407,ADELPHI STREET,Brooklyn,11238,GC,MAMC CONSULTING REPS LLC,629 WARING AVE,PR,,,Permit Issued
B00776663-S5-FO,B00776663-S5,Initial Permit,2026-09-17,2023-05-04,2026-09-23,Foundation,FOUNDATION FOR DESIGN 2 1/2 STORY HORIZONTAL EXTENSION WOOD FRAMING BUILDING. FOUNDATION WORK IN CONJUNCTION WITH GV B00776663-I1.,1000,1534,EAST 13 STREET,Brooklyn,11230,GC,HABONEH CONSTRUCTION INC,1578 EAST 21ST STREET,BOUSKILA FAMILY TRUST LLC,,,Permit Issued
B01021712-S5-ST,B01021712-S5,Initial Permit,2026-09-17,2026-09-14,2026-12-18,Structural,Application filed in conjunction with DOB NOW application # B01021712-I1,145530,1224,AVENUE V,Brooklyn,11229,GC,ADASS INC,2919 AVENUE J,PR,,,Permit Issued
B01021712-S6-EA,B01021712-S6,Initial Permit,2026-09-17,2026-09-14,2026-12-18,Earth Work,application filed in conjunction with DOB JOB # B01021712-I1,1,1224,AVENUE V,Brooklyn,11229,GC,ADASS INC,2919 AVENUE J,PR,,,Permit Issued
B01021712-S6-FO,B01021712-S6,Initial Permit,2026-09-17,2026-09-14,2026-12-18,Earth Work,application filed in conjunction with DOB JOB # B01021712-I1,1,1224,AVENUE V,Brooklyn,11229,GC,ADASS INC,2919 AVENUE J,PR,,,Permit Issued
B01035935-I1-GC,B01035935-I1,Initial Permit,2026-09-17,2024-08-08,2026-10-19,General Construction,"NEW MINOR ENLARGEMENT AT FIRST FLOOR LEVEL, ALL AS PER THE NYC CODE AND ZONING RULES AND REGULATIONS",11900,1502,48 STREET,Brooklyn,11219,GC,CLASSIC BUILDERS CORP,540 EAST 3RD STREET,NA,,,Permit Issued
B01089545-S1-ST,B01089545-S1,Initial Permit,2026-09-17,2026-07-28,2027-03-12,Structural,"Balcony reconstruction as per plans filed herewith. no change to use, egress or occupancy.",587108,2265,GERRITSEN AVENUE,Brooklyn,11229,GC,EXCLUSIVE RESTORATION &,217 WEST 18TH ST STE 30974,KLEIN PROPERTY MGT OF NY LLC,,,Permit Issued
B01090881-S8-SF,B01090881-S8,Initial Permit,2026-09-17,2026-06-16,2026-11-19,Supported Scaffold,Install Temporary Supported Scaffolding in-conjunction with NBB01090881-I1.,6500,621,UNION AVENUE,Brooklyn,11211,GC,LBM CONSTRUCTION OF NY IN,25 DRIGGS AVENUE,BILL LIKA,,,Permit Issued
B01109361-S6-EA,B01109361-S6,Initial Permit,2026-09-17,2026-09-14,2026-12-18,Earth Work,Application filed in conjunction with DOB NOW job # B01109361-I1,1,1226,AVENUE V,Brooklyn,11229,GC,ADASS INC,2919 AVENUE J,PR,,,Permit Issued
B01109361-S6-FO,B01109361-S6,Initial Permit,2026-09-17,2026-09-14,2026-12-18,Foundation,Application filed in conjunction with DOB NOW job # B01109361-I1,1,1226,AVENUE V,Brooklyn,11229,GC,ADASS INC,2919 AVENUE J,PR,,,Permit Issued
B01157037-I1-PL,B01157037-I1,Initial Permit,2026-09-17,2026-08-12,2027-02-07,Plumbing,Propose to install plumbing fixtures and associate piping in conjunction with NB# B01128862.,17997,233,CONOVER STREET,Brooklyn,11231,P,MSB PLUMBING CONTRACTORS,365 VAN BRUNT STREET,CHARTER,,,Permit Issued
B01176928-S6-EW-SP,B01176928-S6,Initial Permit,2026-09-17,2025-10-08,2026-10-07,Sprinklers,INSTALLATION OF SPRINKLER AND STANDPIPE SYSTEMS IN CONJUNCTION WITH CONSTRUCTION OF NEW BUILDING,0,2,ARONIA WALK,Brooklyn,11239,F,BLETSAS P&H CORP,37-20 58TH STREET,APEX BUILDING GROUP,,,Permit Issued
B01215957-I1-GC-CX,B01215957-I1,Initial Permit,2026-09-17,2025-06-11,2026-09-28,General Construction,Removal of 3-story structure located within building and reinforcing of associated existing columns,400000,215,VARICK AVENUE,Brooklyn,11237,GC,LIBERTY CONTRACTORS LLC,20 RUTGERS DR,WASTE MANAGEMENT,,,Permit Issued
B01217610-S4-FN,B01217610-S4,Initial Permit,2026-09-17,2026-09-17,2026-12-12,Construction Fence,THIS APPLICATION IS FILED FOR TEMPERRORY 8' HT CONSTRUCTION FENCE,0,683,COZINE AVENUE,Brooklyn,11208,GC,J&J DESIGNS INC,18 HUNTER PLACE,ATOMIC CONTRACTING INC.,,,Permit Issued
B01220503-S6-SH,B01220503-S6,Initial Permit,2026-09-17,2026-09-17,2026-12-16,Sidewalk Shed,"Installation of a temporary heavy-duty sidewalk shed per plan submitted. Work shall comply with 2022 building codes chapter 33. No change in use, egress and/or occupancy with this application.",2500,5317,7 AVENUE,Brooklyn,11220,GC,JABBIE INDUSTRIES INCORP*,"1361 BOSTON ROAD, APT 3B",PACIFIC HOLDING ENTERPRISES LLC,,,Permit Issued
B01232767-S6-SE,B01232767-S6,Initial Permit,2026-09-17,2026-04-30,2026-09-30,Support of Excavation,SOE design for 8-story building filed in conjunction with GC # B01232767-I1.,0,660,STERLING PLACE,Brooklyn,11216,GC,SKYLINE BUILDERS NYC CORP,4403 15TH AVENUE #204,LE CAPITAL NYC,,,Permit Issued
B01232767-S7-FO,B01232767-S7,Initial Permit,2026-09-17,2026-04-29,2026-09-30,Foundation,"Propose Underpinning for 8 story building, filed in conjunction with GC # B01232767-I1.",0,660,STERLING PLACE,Brooklyn,11216,GC,SKYLINE BUILDERS NYC CORP,4403 15TH AVENUE #204,LE CAPITAL NYC,,,Permit Issued
B01241465-S6-EW-SP,B01241465-S6,Initial Permit,2026-09-17,2026-08-31,2027-03-25,Sprinklers,installation of sprinkler system for the new building.,53650,36,WOODBINE STREET,Brooklyn,11221,F,XH&RC PLBG AND HTG INC,"33-70 PRINCE STREET,SUITE 101",Not Applicable,,,Permit Issued
B01246769-I1-GC,B01246769-I1,Initial Permit,2026-09-17,2026-01-08,2026-11-19,General Construction,PROPOSED SIX (6) STORY MIXED USE BUILDING.,5735820,373,HERZL STREET,Brooklyn,11212,GC,"EXPRESS BUILDERS JB, INC",365 FLUSHING AVE #612,EXPRESS BUILDERS JB INC,,,Permit Issued
B01249710-S1-PL,B01249710-S1,Initial Permit,2026-09-17,2026-05-18,2026-11-10,Plumbing,"Plumbing work-type filed subsequent to NB GC application, job number: B01249710-I1.",0,918,ATLANTIC AVENUE,Brooklyn,11238,P,A. M. PLUMBING COMPANY,37-32 10TH STREET,PR,,,Permit Issued
B01249710-S3-MS,B01249710-S3,Initial Permit,2026-09-17,2026-09-10,2027-04-27,Mechanical Systems,"Mechanical work-type filed subsequent to NB GC application, job number: B01249710-I1.",0,918,ATLANTIC AVENUE,Brooklyn,11238,GC,ON STAR MANAGEMENT LLC,4118 14TH AVE. STE 114,PR,,,Permit Issued
B01268573-I1-GC,B01268573-I1,Initial Permit,2026-09-17,2025-12-03,2026-11-15,General Construction,"Interior alteration and addition of deck and stairs in rear yard. No change of use, egress, or occupancy.",260000,140,MONROE STREET,Brooklyn,11216,GC,EH ELITE BUILDERS LLC,22 ANNADALE ST,140 MONROE ST LLC,,,Permit Issued
B01272085-S6-PL,B01272085-S6,Initial Permit,2026-09-17,2026-06-18,2027-02-24,Plumbing,PLUMBING SPECIFICATIONS FILED IN CONJUNCTION WITH GC APPLICATION B01272085-I1,1000,173,LEXINGTON AVENUE,Brooklyn,11216,P,BRUCHE MECHANICAL NY LLC,81-15 MYRTLE AVENUE,ADOR BUILDERS LLC,,,Permit Issued
B01283545-S4-PL,B01283545-S4,Initial Permit,2026-09-17,2026-08-21,2027-02-12,Plumbing,Plumbing work as per plans filed. Filed subsequent to NB #B01283545.,0,178,MONTROSE AVENUE,Brooklyn,11206,P,METFLOW MECHANICAL LLC,6010 NEW UTRECHT AVENUE,SD BUILDERS AND CONSTRUCTION LLC,,,Permit Issued
B01304581-I1-PL,B01304581-I1,Initial Permit,2026-09-17,2026-06-15,2027-05-10,Plumbing,"Remove (2) boiler and (2) H.W.H.; Install (3) combi boiler in the Cellar. To remedy ECB violations #32070948R and #32070947P. No change in use, occupancy or egress.",18000,2330,BATH AVENUE,Brooklyn,11214,P,CATMAN PLUMBING INC,20-11 COLLEGE POINT BLVD,Not Applicable,,,Permit Issued
B01308190-S1-MS,B01308190-S1,Initial Permit,2026-09-17,2026-05-19,2027-05-22,Mechanical Systems,MECHANICAL WORK FILED IN CONJUNCTION WITH RENOVATE & VERTICALLY COMBINE ONE 1ST FLOOR AND ONE BASEMENT APARTMENT. INSTALL SPLIT HVAC SYSTEM WITH OUTDOOR CONDENSERS.,45000,113,SOUTH OXFORD STREET,Brooklyn,11217,GC,ACS MECHANICS INC,425 39TH STREET,113 SOUTH OXFORD ST LLC,,,Permit Issued
B01308190-S2-PL,B01308190-S2,Initial Permit,2026-09-17,2026-04-22,2027-06-30,Plumbing,"PLUMBING WORK FILED IN CONJUNCTION WITH APARTMENT RENOVATION. INSTALL KITCHEN PLUMBING FIXTURES AND ASSOCIATED PIPING. NO CHANGE TO USE, EGRESS OR OCCUPANCY.",28600,113,SOUTH OXFORD STREET,Brooklyn,11217,P,PIPE SOLUTIONS ADVIS INC,"1068 39TH STREET,",113 SOUTH OXFORD ST LLC,,,Permit Issued
B01308733-I1-GC,B01308733-I1,Initial Permit,2026-09-17,2026-09-14,2027-05-31,General Construction,"COMBINE UNIT 2H&2I ON 2ND FLOOR. PARTITION WORK AS PER PLAN. NO CHANGE IN USE, OCCUPANCY OR EXIT.",326250,160,COLUMBIA HEIGHTS,Brooklyn,11201,GC,MGJM CO INC,343 EAST 30TH STREET APT 8L,,,,Permit Issued
B01320823-Z5-SF,B01320823-Z5,Initial Permit,2026-09-17,2026-09-17,2027-04-01,Sidewalk Shed,"Installation of a temporarily heavy-duty sidewalk shed and supported scaffold per plan submitted. Work shall comply with 2022 building codes chapter 33. No change in use, egress and/or occupancy with this application.",0,21,CHARLES PLACE,Brooklyn,11221,GC,CS BRIDGE CORP,1470 BRUCKNER BLVD,LEFKO CAPITAL GROUP,,,Permit Issued
B01320823-Z5-SH,B01320823-Z5,Initial Permit,2026-09-17,2026-09-17,2026-12-16,Supported Scaffold,"Installation of a temporarily heavy-duty sidewalk shed and supported scaffold per plan submitted. Work shall comply with 2022 building codes chapter 33. No change in use, egress and/or occupancy with this application.",0,21,CHARLES PLACE,Brooklyn,11221,GC,CS BRIDGE CORP,1470 BRUCKNER BLVD,LEFKO CAPITAL GROUP,,,Permit Issued
B01341922-S2-SE,B01341922-S2,Initial Permit,2026-09-17,2026-05-30,2027-05-16,Support of Excavation,Support of excavation filed in conjunction w/ new two story building,0,8015,NARROWS AVENUE,Brooklyn,11209,GC,SAPOL CONSTRUCTION LLC,6804 17TH AVE 2ND FL,.,,,Permit Issued
B01348492-S2-EW-SP,B01348492-S2,Initial Permit,2026-09-17,2026-09-14,2026-12-06,Sprinklers,Sprinkler work in conjunction with B01348492-I1,133409,447,HENRY STREET,Brooklyn,11231,F,PLBG P & H INC,81-15 MYRTLE AVENUE,RNY DEVELOPMENT GROUP,,,Permit Issued
B01348568-S4-FN,B01348568-S4,Initial Permit,2026-09-17,2026-07-02,2027-03-22,Construction Fence,Installation of 8'-0 plywood construction fence inconjunction with DOB NOW Job number B01348568-I1,7500,1492,EASTERN PARKWAY,Brooklyn,11233,GC,REVAMP NYC CORP,"1455 49TH STREET, SUITE 1C",Not Applicable,,,Permit Issued
B01350494-S2-PL,B01350494-S2,Initial Permit,2026-09-17,2026-06-08,2027-06-24,Plumbing,"Plumbing work filed in conjunction with interior reonovtion with cel, bas, 001,002 and 003 floor as per plans filed. No change in use, egress or occupancy.",45000,103,GARFIELD PLACE,Brooklyn,11215,P,APPROVED PLUMBING AND FIR,6717 4TH AVENUE,Not Applicable,,,Permit Issued
B01354378-I1-GC,B01354378-I1,Initial Permit,2026-09-17,2026-09-02,2027-01-13,General Construction,"CONVERSION OF AN 8 UNIT MULTIPLE DWELLING TO A 1 FAMILY. ADDITION OF ROOF BULKHEAD. ST, MH, PL and SP filed separately.",563960,107,WILLOW STREET,Brooklyn,11201,GC,"NEW YORK FLOORMAN, LLC",90 GARDEN ROAD,C AND A PROPERTIES LLC,,,Permit Issued
B01354726-I1-PL,B01354726-I1,Initial Permit,2026-09-17,2026-04-16,2027-06-01,Plumbing,Installation of plumbing fixtures and related piping as shown on drawings. No change to occupancy use or egress.,87704,199,SAINT JOHNS PLACE,Brooklyn,11217,P,BLAZE PLUMBING & HEATING,55 N HENRY STREET,PR,,,Permit Issued
B01363662-S1-EW-SP,B01363662-S1,Initial Permit,2026-09-17,2026-04-23,2027-03-31,Sprinklers,"INSTALLATION OF PLUMBING FIXTURES, GAS COOKING EQUIPMENT AND MODIFICATION TO EXISTING SPRINKLER SYSTEM",90000,129,HAVEMEYER STREET,Brooklyn,11211,F,E.M.P. FIRE SPRINKLER LLC,"302 BUTLER STREET, 1ST FLOOR",Mythily NYC LLC,,,Permit Issued
B01368742-S2-ST,B01368742-S2,Initial Permit,2026-09-17,2026-07-30,2026-10-26,Structural,FILE STRUCTURAL WORK IN CONJUNCTION WITH JOB #: B01368742-I1.,30000,101,LUQUER STREET,Brooklyn,11231,GC,GREAT STONE GEN'L CONST*,"135-28 37 AVE, 3FL",HABITAT ON DEGRAW LLC,,,Permit Issued
B01368742-S3-FO,B01368742-S3,Initial Permit,2026-09-17,2026-08-17,2026-10-26,Foundation,FILE FOUNDATION IN CONJUNCTION WITH JOB #: B01368742-I1,30000,101,LUQUER STREET,Brooklyn,11231,GC,GREAT STONE GEN'L CONST*,"135-28 37 AVE, 3FL",HABITAT ON DEGRAW LLC,,,Permit Issued
B01369808-S1-PL,B01369808-S1,Initial Permit,2026-09-17,2026-03-20,2026-12-26,Plumbing,PLUMBING RENOVATION WORK IN CONJUNCTION TO ALTERATION JOB#B01369808-I1,15000,86,VAN SICLEN AVENUE,Brooklyn,11207,P,AUSTIN PLBG & HTG CO.INC,802 JAMAICA AVENUE,062714902,,,Permit Issued
B01371207-S3-MS,B01371207-S3,Initial Permit,2026-09-17,2026-09-15,2026-12-07,Mechanical Systems,Mechanical work filed in conjunction with the renovation of residence. New HVAC.,31500,120,DEAN STREET,Brooklyn,11201,GC,MAC MAINTENANCE & REPAIR,"401 HENRY ST, BSMNT",Not Applicable,,,Permit Issued
B01371226-I1-SL,B01371226-I1,Initial Permit,2026-09-17,2026-09-16,2027-03-31,Solar,"INSTALL SOLAR PV ON [3] EXISTING BUILDING ROOFTOPS. NO CHANGE IN USE, OCCUPANCY, OR EGRESS. FEE EXEMPT.",825063,901,4 AVENUE,Brooklyn,11232,GC,BROOKLYN SOLARWORKS LLC,200 6TH STREET SUITE 3G,THE GREEN-WOOD CEMETERY,,,Permit Issued
B01376662-I1-GC,B01376662-I1,Initial Permit,2026-09-17,2026-08-03,,General Construction,"INTERIOR RENOVATION AND COMBINATION TO UNIT #3 and #4 ON 2 and 3RD FLOOR , REMOVE AND CONSTRUCT NEW PARTITIONS, ALL AS PER PLANS SUBMITTED HEREWITH. NO CHANGE IN USE, EGRESS OR OCCUPANCY.",255000,251,PRESIDENT STREET,Brooklyn,11231,GC,TECHCREW INC,444 10TH STREET,Not Applicable,,,Permit Issued
B01395615-I1-GC,B01395615-I1,Initial Permit,2026-09-17,2026-08-31,2026-10-05,General Construction,"Interior tenant fit-out for Jersey Mike's Subs restaurant at this location. No change in use, egress, or occupancy under this application.",80000,476,86 STREET,Brooklyn,11209,GC,MICHELLE KUO CORP,149-44 DELAWARE AVENUE,Not Applicable,,,Permit Issued
B01395615-S1-PL,B01395615-S1,Initial Permit,2026-09-17,2026-08-31,2027-02-08,Plumbing,"Plumbing work for tenant fit-out of Jersey Mike's restaurant at this location. No change in use, egress, or occupancy under this application.",35000,476,86 STREET,Brooklyn,11209,P,DW PLUMBING INC,115-58 DUNKIRK STREET,Not Applicable,,,Permit Issued
B01396882-I1-GC-CX,B01396882-I1,Initial Permit,2026-09-17,2026-08-13,2027-04-01,General Construction,"WORK TO EXISTING 1-FAMILY 2 STORY BUILDING PLUS BASEMENT. INTERIOR WORK TO ADD NEW TOILET ROOM TO 1ST FLOOR. NO CHANGE TO USE, OCCUPANCY OR EGRESS UNDER THIS APPLICATION.",9000,552,16 STREET,Brooklyn,11215,GC,SUPREME RENOVATION A2Z IN,100 PARK AVENUE RM 1600,Not Applicable,,,Permit Issued
B01403901-S1-PL,B01403901-S1,Initial Permit,2026-09-17,2026-07-02,2026-10-01,Plumbing,"SUBSEQUENT FILING PLUMBING WORK, REMOVE A KITCHEN, AND RENOVATE BATHROOM. INSTALL A NEW FIREPLACE. NO CHANGE IN USE, EGRESS, OR OCCUPANCY.",32000,524,MANHATTAN AVENUE,Brooklyn,11222,P,INFINITI ESC PLUMBING COR,2072 EASTCHESTER ROAD,,,,Permit Issued
B01404258-S3-MS,B01404258-S3,Initial Permit,2026-09-17,2026-09-01,2027-09-04,Mechanical Systems,"INSTALL NEW HVAC SYSTEM FOR THE 1ST FLOOR DAY CARE ON THE BUILDING SUBSEQUENT WITH DOB JOB#B01404258, NO CHANGE IN USE, EGRESS AND OCCUPANCY.",70000,29,HURON STREET,Brooklyn,11222,GC,NOOR MECHANICAL SERVICES,2942 BRIGHTON 1ST STREET,HIGH FIVE DAYCARE,,,Permit Issued
B01404258-S4-PL,B01404258-S4,Initial Permit,2026-09-17,2026-09-01,2027-04-17,Plumbing,"JOB FILED EXISTING COMMERCIAL SPACE TO INSTALL NEW PLUMBING FIXTURES FOR A NEW DAYCARE FACILITY ON THE FIRST FLOOR AS PER PLANS.NO CHANGE OF USE, EGRESS OR OCCUPANCY UNDER THIS APPLICATION.",50000,29,HURON STREET,Brooklyn,11222,P,JOHN FITZGERALD PLBG &HTG,256 WEST 124TH STREET,HIGH FIVE DAYCARE,,,Permit Issued
B01408513-S2-PL,B01408513-S2,Initial Permit,2026-09-17,2026-07-01,2026-11-30,Plumbing,"NYULH BROOKLYN - MRI EXPANSION P1 - PLUMBING MODIFICATIONS AS PER PLANS FILED HEREWITH. NO CHANGES IN USE, EGRESS, OR OCCUPANCY.",50000,150,55 STREET,Brooklyn,11220,P,CARDOZA PLUMBING CORP,35-37 36TH STREET,NYU LANGONE MEDICAL CENTER,,,Permit Issued
B01409652-I1-PL,B01409652-I1,Initial Permit,2026-09-17,2026-07-15,2027-05-01,Plumbing,"FILE PLUMBING WORK APPLICATION FOR THE REMOVAL OF ALL BATHROOM, KITCHEN AND GAS FIXTURES AND CAP RELATED PIPING TO ADDRESS OATH/ECB VIOLATION NO. 39188824N. PROPOSED PLUMBING LAYOUT IS FILED UNDER B01307238-S4.",19800,183,SOUTH 2 STREET,Brooklyn,11211,P,AMERICAN STANDARD P&H COR,62-49 30TH AVENUE,Not Applicable,,,Permit Issued
B01412148-S1-PL,B01412148-S1,Initial Permit,2026-09-17,2026-08-03,2027-01-05,Plumbing,"INTERIOR PLUMBING AS SHOWN HEREWITH. NO CHANGES TO EGRESS, OCCCUPANCY OR USE.",44000,111,HICKS STREET,Brooklyn,11201,P,TOP PLUMBING AND HEATING,5610 NURGE AVENUE,ST. GEORGE TOWER AND GRILL OWNERS C,,,Permit Issued
B01412486-S2-MS,B01412486-S2,Initial Permit,2026-09-17,2026-06-22,2027-02-04,Mechanical Systems,Mechanical system for interior renovation of a single family house.,60000,54,HIGHLAND PLACE,Brooklyn,11208,GC,ASE HVAC INC,6513 FRESH POND RD,Not Applicable,,,Permit Issued
B01417389-I1-MS,B01417389-I1,Initial Permit,2026-09-17,2026-09-15,2026-12-31,Mechanical Systems,"Mechanical work filed in conjunction with the renovation of an existing two family dwelling. Mechanical work as per plans. No change of use, occupancy or egress.",30001.8,86,VANDERBILT AVENUE,Brooklyn,11205,GC,ACHIEVE L.Y. CONSTRUCTION,50-25 202ND STREET,"CHRISTINE CHENG, RA",,,Permit Issued
B01420197-I1-FN,B01420197-I1,Initial Permit,2026-09-17,2026-06-29,2027-04-27,Construction Fence,"Proposed 8 ft high temporary construction fence, no change to egress or occupancy.",1000,333,MAPLE STREET,Brooklyn,11225,GC,ON STAR MANAGEMENT LLC,4118 14TH AVE. STE 114,CANDOR CAPITAL ONE LLC,,,Permit Issued
B01425734-I1-FN,B01425734-I1,Initial Permit,2026-09-17,2026-09-01,2027-05-23,Construction Fence,INSTALLATION OF TEMPORARY CONSTRUCTION FENCE AS PER PLAN.,7200,109,CONSELYEA STREET,Brooklyn,11211,GC,NEW SAFEWAY CONTRACTING,175-14 HILLSIDE AVENUE,Housing Preservation & Development,,,Permit Issued
B01426477-I1-FN,B01426477-I1,Initial Permit,2026-09-17,2026-07-08,2027-04-28,Construction Fence,"PROPOSED 8FT CONSTRUCTION FENCE. NO CHANGE TO USE, EGRESS OR OCCUPANCY UNDER THIS APPLICATION.",160,403,5 AVENUE,Brooklyn,11215,GC,DM80 SOLUTIONS LLC,1334 EAST 7TH STREET,VORG DEVELOPMENT LLC,,,Permit Issued
B01426479-I1-FN,B01426479-I1,Initial Permit,2026-09-17,2026-07-06,2027-04-28,Construction Fence,"PROPOSED 8FT CONSTRUCTION FENCE. NO CHANGE TO USE, EGRESS OR OCCUPANCY UNDER THIS APPLICATION.",160,405,5 AVENUE,Brooklyn,11215,GC,DM80 SOLUTIONS LLC,1334 EAST 7TH STREET,VORG DEVELOPMENT LLC,,,Permit Issued
B01426776-I1-MS,B01426776-I1,Initial Permit,2026-09-17,2026-08-24,2027-02-01,Mechanical Systems,"Modification of the existing pool mechanical ventilation system, including replacement of the existing pool dehumidification unit & associated exposed ductwork. Install fabric supply-air ductwork and connect to the new dehumidification equi",325000,225,ATLANTIC AVENUE,Brooklyn,11201,GC,C&M DRYWALL & ACOUSTIC CO,53-75 65 PLACE,YMCA OF GREATER NY,,,Permit Issued
B01426921-I1-PL,B01426921-I1,Initial Permit,2026-09-17,2026-07-14,2027-06-06,Plumbing,"Replace the defective elbow right after the existing gas meter at basement. Existing boiler and water heater, existing cooking stoves and existing chimney remain no change. Fire stopping is not compromised under this application.",3000,739,57 STREET,Brooklyn,11220,P,CHAMP PLUMBING & HTG CORP,8019 17TH AVENUE,N/A,,,Permit Issued
B01428949-I1-FN,B01428949-I1,Initial Permit,2026-09-17,2026-07-29,2026-12-23,Construction Fence,Construction Fence Application,1000,2247,EAST 12 STREET,Brooklyn,11229,GC,NEW FINEST BUILDERS INC,1320 E 55TH STREET,PR,,,Permit Issued
B01429745-I1-GC-CX,B01429745-I1,Initial Permit,2026-09-17,2026-08-31,2026-10-01,Mechanical Systems,"The scope of work consists of interior renovation of an existing 2 story mixed use building, with ground floor commercial and 1st and 2nd floor residential. refinishing existing basement and installing new equipment.",25000,232,UNDERHILL AVENUE,Brooklyn,11238,GC,SYMMETRICAL CONSTRUC CORP,507 WEST 186TH STREET STE. A4,MK ARCHITECTURE,,,Permit Issued
B01435700-I1-SF,B01435700-I1,Initial Permit,2026-09-17,2026-09-15,2026-12-31,Supported Scaffold,"INSTALLATION OF TEMPORARY PIPE SCAFFOLD AS PER PLANS. NO CHANGE IN USE, EGRESS OR OCCUPANCY.",1,101,LAFAYETTE AVENUE,Brooklyn,11217,GC,PRESERV BLD RESTOR MGT IN,96 14TH STREET,EBMG LLC,,,Permit Issued
B01440874-I1-BE,B01440874-I1,Initial Permit,2026-09-17,2026-08-10,2026-12-31,Boiler Equipment,"FILING FOR BOILER INSTALLATION AT CELLAR AS A DIRECT REPLACEMENT OF THE EXISTING BOILER. NO CHANGE IN USE,EGRESS OR OCCUPANCY.",10000,6504,6 AVENUE,Brooklyn,11220,P,EARLY PLBG & HTG INC,608 MIDLAND AVE,PR,,,Permit Issued
B01444637-I1-FN,B01444637-I1,Initial Permit,2026-09-17,2026-08-13,2026-12-23,Construction Fence,TEMPORARY CONSTRUCTION FENCE PERTAINING TO STOREFRONT WORK ALONG 614-616 BRIGHTON BEACH AVENUE,5000,614,BRIGHTON BEACH AVENUE,Brooklyn,11235,GC,NEW YORKER CONTRACTORS,27260 GRAND CENTRAL PARKWAY,WHARTON PROPERTIES LLC,,,Permit Issued
B01444804-S1-PL,B01444804-S1,Initial Permit,2026-09-17,2026-09-15,2026-09-28,Plumbing,"FILED HEREWITH FOR PLUMBING WORKTYPE OF AN EXISTING EATING AND DRINKING ESTABLISHMENT IN CONJUNCTION TO B01444804-I1. NO CHANGE TO USE, OCCUPANCY, OR EGRESS UNDER THIS APPLICATION.",20000,752,61 STREET,Brooklyn,11220,P,"PARAMOUNT SERVICES, LLC",1001 37TH AVENUE,63RD REALTY INC,,,Permit Issued
B01446135-S1-PL,B01446135-S1,Initial Permit,2026-09-17,2026-08-20,2026-11-23,Plumbing,"EXISTING TWO FAMILY HOUSE WITH PLUMBING WORK AT CELLAR,BASEMENT,1ST,2ND AND 3RD FLOOR.JOB FILED TO RELATED TO ALT 2 APPLICATION #B01446135-I1.NO CHANGE IN USE,MEANS OF EGRESS OR OCCPANCY IN THIS APPLICATION.",32000,289,GATES AVENUE,Brooklyn,11216,P,BT'S PLUMBING AND HEATING,82-01 ROCKAWAY BLVD#412,PR,,,Permit Issued
B01447428-I1-PMM,B01447428-I1,Initial Permit,2026-09-17,2026-09-15,2026-11-16,Protection and Mechanical Methods,"INSTALLATION OF TEMPORARY NEEDLE BEAM AS PER PLANS. NO CHANGE IN USE, EGRESS OR OCCUPANCY.",6000,460,BUSHWICK AVENUE,Brooklyn,11206,GC,CORE SCAFFOLD SYSTEMS INC,417 MYRTLE AVE SUITE 14,OWNERS REP,,,Permit Issued
B01447551-I1-FN,B01447551-I1,Initial Permit,2026-09-17,2026-08-20,2026-10-26,Construction Fence,"SUBMIT TEMPORARY CONSTRUCTION FENCE AT OPEN SPACE, NO CHANGE IN USE, EGRESS OR OCCUPANCY.",10000,101,LUQUER STREET,Brooklyn,11231,GC,GREAT STONE GEN'L CONST*,"135-28 37 AVE, 3FL",HABITAT ON DEGRAW LLC,,,Permit Issued
B01448078-I1-GC,B01448078-I1,Initial Permit,2026-09-17,2026-09-01,2026-12-23,General Construction,GENERAL CONSTRUCTION TO INCLUDE INTERIOR DEMOLITION AND RELATED CONSTRUCTION WORK PERTAINING TO EXISTING RETAIL SPACE AS PER DRAWINGS FILED HEREWITH.,250000,614,BRIGHTON BEACH AVENUE,Brooklyn,11235,GC,NEW YORKER CONTRACTORS,27260 GRAND CENTRAL PARKWAY,WHARTON PROPERTIES LLC,,,Permit Issued
B01449089-S1-PL,B01449089-S1,Initial Permit,2026-09-17,2026-09-09,2027-04-17,Plumbing,"Relocate & install new plumbing fixtures. No change to use , bulk or egress",27000,447,BERGEN STREET,Brooklyn,11217,P,JOHN FITZGERALD PLBG &HTG,256 WEST 124TH STREET,TRISTAR MANAGEMENT ASSOCIATES LLC,,,Permit Issued
B01449920-I1-SL,B01449920-I1,Initial Permit,2026-09-17,2026-09-16,2026-11-22,Solar,"INSTALLATION OF SOLAR PANELS ON ROOF. NO CHANGE IN USE, OCCUPANCY, OR EGRESS.",67260,148,LEXINGTON AVENUE,Brooklyn,11216,GC,SOLAR PRO INC,68-61 147TH ST,Not Applicable,,,Permit Issued
B01450148-I1-GC-CX,B01450148-I1,Initial Permit,2026-09-17,2026-09-08,2027-07-10,Mechanical Systems,"INTERIOR RENOVATION TO THE EXISTING FIRST FLOOR COMMERCIAL SPACE AND CELLAR INCLUDING THE INSTALLATION OF NEW HOOD, DUCT AS PER PLAN. NO CHANGE IN USE, EGRESS, OR OCCUPANCY.",17400,97,CHURCH AVENUE,Brooklyn,11218,GC,IIEMAR LLC,"7203 5TH AVENUE,.APT 2F",CHURCH AVE HALAL DELI AND GRILL INC,,,Permit Issued
B01450227-I1-SC,B01450227-I1,Initial Permit,2026-09-17,2026-09-17,2026-09-30,Suspended Scaffold,Suspended Scaffolding for Facade Restoration as Shown on Plans,0,242,SEIGEL STREET,Brooklyn,11206,R,EASI CAULKING INC,555 LONGFELLOW AVENUE,PR,,,Permit Issued
B01450350-I1-SL,B01450350-I1,Initial Permit,2026-09-17,2026-09-15,2026-11-22,Solar,"INSTALLATION OF SOLAR PANELS ON ROOF. NO CHANGE IN USE, OCCUPANCY, OR EGRESS.",41650.08,350,48 STREET,Brooklyn,11220,GC,SOLAR PRO INC,68-61 147TH ST,Not Applicable,,,Permit Issued
B01450400-I1-SF,B01450400-I1,Initial Permit,2026-09-17,2026-09-17,2027-05-15,Supported Scaffold,"Installation of a temporary supported scaffold per plan submitted. Work shall comply with 2022 building codes chapter 33. No change in use, egress and/or occupancy with this application.",30000,150,55 STREET,Brooklyn,11220,GC,SKYLINE SCAFFOLDING GROUP,740 RAMSEY AVENUE,SKYLINE SCAFFOLDING GROUP,,,Permit Issued
B01450525-I1-GC-CX,B01450525-I1,Initial Permit,2026-09-17,2026-09-01,2027-05-14,Mechanical Systems,"JOB FILED INTERIOR RENOVATION OF COMMERCIAL STORE INCLUDING NEW COUNTER AND COOKING EQUIPMENT, NEW FLOOR TILE AND NEW PAINT, NEW KITCHEN HOOD AND FIRE SUPPRESSION SYSTEM AS PER PLAN. NO CHANGE OF USE, EGRESS, OROCCUPANCY UNDER THIS APPLICAT",65000,247,NEW LOTS AVENUE,Brooklyn,11207,GC,SJ CONSTR DESIGN INC,462 GARDINERS AVENUE,PR,,,Permit Issued
B01450934-I1-GC-CX,B01450934-I1,Initial Permit,2026-09-17,2026-09-02,2027-04-24,General Construction,"GENERAL LANDSCAPING WORK AS PER PLANS FILED HEREWITH. NO CHANGE TO USE, EGRESS, OR OCCUPANCY.",75000,720,EAST NEW YORK AVENUE,Brooklyn,11203,GC,"LET IT GROW, INCORPORATED",52 ACKERSON STREET,NYC PACT PRESERVATION PARTNERS,,,Permit Issued
B01451666-I1-SL,B01451666-I1,Initial Permit,2026-09-17,2026-09-09,2027-03-31,Solar,"INSTALLATION OF SOLAR PV SYSTEM. NO CHANGE TO USE, EGRESS, OR OCCUPANCY.",31682.5,336,15 STREET,Brooklyn,11215,GC,BROOKLYN SOLARWORKS LLC,200 6TH STREET SUITE 3G,Not Applicable,,,Permit Issued
B01453633-I1-PMM,B01453633-I1,Initial Permit,2026-09-17,2026-09-17,2027-05-15,Protection and Mechanical Methods,"Installation of a temporary overhead protection per plan submitted. Work shall comply with 2022 building codes chapter 33. No change in use, egress and/or occupancy with this application",15000,150,55 STREET,Brooklyn,11220,GC,SKYLINE SCAFFOLDING GROUP,740 RAMSEY AVENUE,SKYLINE SCAFFOLDING GROUP,,,Permit Issued
B01453992-I1-SL,B01453992-I1,Initial Permit,2026-09-17,2026-09-10,2027-03-31,Solar,"INSTALLATION OF SOLAR PV SYSTEM. NO CHANGE TO USE, EGRESS, OR OCCUPANCY.",27232,45,EAST 3 STREET,Brooklyn,11218,GC,BROOKLYN SOLARWORKS LLC,200 6TH STREET SUITE 3G,Not Applicable,,,Permit Issued
B01454132-I1-SL,B01454132-I1,Initial Permit,2026-09-17,2026-09-11,2027-03-31,Solar,"INSTALLATION OF SOLAR PV SYSTEM. NO CHANGE TO USE, EGRESS, OR OCCUPANCY.",37935,238,ROGERS AVENUE,Brooklyn,11225,GC,BROOKLYN SOLARWORKS LLC,200 6TH STREET SUITE 3G,Not Applicable,,,Permit Issued
B01454304-I1-SL,B01454304-I1,Initial Permit,2026-09-17,2026-09-15,2026-10-19,Solar,"ROOFTOP SOLAR INSTALLATION. NO CHANGE TO USE, OCCUPANCY OR EGRESS.",14190,22,PAERDEGAT 2 STREET,Brooklyn,11236,GC,KAMTECH RESTORATION CORP,203 SHERIDAN BLVD,Not Applicable,,,Permit Issued
B01454598-I1-SH,B01454598-I1,Initial Permit,2026-09-17,2026-09-17,2026-10-10,Sidewalk Shed,"INSTALLATION OF HEAVY DUTY SIDEWALK SHED AS PER PLANS. SHED SHALL COMPLY WITH CHAPTER #33 OF THE 2022 CODE. NO CHANGE IN USE, EGRESS OR OCCUPANCY UNDER THIS APPLICATION.",11000,2149,PACIFIC STREET,Brooklyn,11233,GC,UPTOWN CONSTRUCTION SERV,1278 SAW MILL RIVER RD,UPTOWN CONSTRUCTION SERVICE GROUP I,,,Permit Issued
B01455285-I1-GC,B01455285-I1,Initial Permit,2026-09-17,2026-09-09,2027-03-02,General Construction,INTERIOR NON-BEARING WALLS AND FLOOR FINISHES,20000,770,ARGYLE ROAD,Brooklyn,11230,GC,"DIB MANAGEMENT CO., INC",251 53RD STREET,Not Applicable,,,Permit Issued
B01456334-I1-GC,B01456334-I1,Initial Permit,2026-09-17,2026-09-16,2026-12-31,General Construction,"PROPOSED INTERIOR RENOVATION OF EXIST. 2 STORY BRICK BUILDING. GENERAL CONSTRUCTION WORK AT CEL AND 1ST FLOOR. REMOVE & INSTALL WINDOWS, PARTITIONS, AND HARDWOOD FLOOR. INSTALL A STAIR TO CELLAR IN FRONT YARD. NO CHANGE IN USE, EGRESS, OCCU",216000,742,44 STREET,Brooklyn,11220,GC,RONG MAINTENANCE INC,4656 BURLING ST,Changler LLC,,,Permit Issued
B01457816-I1-GC,B01457816-I1,Initial Permit,2026-09-17,2026-09-14,2026-10-18,General Construction,"RENOVATION OF EXISTING CELLAR, 1ST, 2ND AND 3RD FLOOR WITH GENERAL CONSTRUCTION: NEW PARTITIONS, DOORS, FLOORING AND COSMETIC WORK; NO CHANGE IN USE, EGRESS OR OCCUPANCY UNDER THIS APPLICATION.",150000,549,59 STREET,Brooklyn,11220,GC,KALE CONSTRUCTION INC,145-12 24 AVE,PR,,,Permit Issued
B01458331-I1-FN,B01458331-I1,Initial Permit,2026-09-17,2026-09-17,2027-04-18,Construction Fence,"INSTALLATION OF CONSTRUCTION FENCE AS PER PLAN, NO CHANGE IN USE, EGRESS, OR OCCUPANCY",1500,125,LINCOLN PLACE,Brooklyn,11217,GC,SMR CRAFTWORKS INC,2779 STRICKLAND AVENUE,PR,,,Permit Issued
B01458339-I1-GC,B01458339-I1,Initial Permit,2026-09-17,2026-09-16,2026-10-18,General Construction,"SUPERSEDE BIS JOB #320059495; TO REMOVE ILLEGAL KITCHEN, 3-PC BATHROOM,BEDROOM IN CELLAR AND RESTORE BACK TO LEGAL CONDITION AS PER PLAN.INSTALL NEW 12 DROP ARCH AT 1ST FLOOR KITCHEN. NO CHANGE IN USE, EGRESS OR OCCUPANCY UNDER THIS APPLICA",60000,7709,20 AVENUE,Brooklyn,11214,GC,KALE CONSTRUCTION INC,145-12 24 AVE,PR,,,Permit Issued
B01458343-I1-PL,B01458343-I1,Initial Permit,2026-09-17,2026-09-14,2027-04-17,Plumbing,"RENOVATION OF EXISTING COMMERCIAL SPACE ON FIRST FLOOR WITH PLUMBING WORK: NEW PLUMBING FIXTURES IN 1ST FLOOR AS PER PLAN. NO CHANGE IN USE,EGRESS OR OCCUPANCY UNDER THIS APPLICATION.",60000,7709,20 AVENUE,Brooklyn,11214,P,JOHN FITZGERALD PLBG &HTG,256 WEST 124TH STREET,PR,,,Permit Issued
B01459639-I1-FN,B01459639-I1,Initial Permit,2026-09-17,2026-09-16,2026-11-27,Construction Fence,"ERECT TEMPORARY PLYWOOD CONSTRUCTION FENCE. NO CHANGE IN EGRESS, USE OR OCCUPANCY.",1500,213,17 STREET,Brooklyn,11215,GC,EXPRESS RENOVATIONS INC,1342 72ND STREET,JMM 17TH STREET LLC,,,Permit Issued
B01460225-I1-SF,B01460225-I1,Initial Permit,2026-09-17,2026-09-17,2027-08-27,Supported Scaffold,"PROPOSED INSTALLATION OF TEMPORARY PIPE SCAFFOLD AS PER PLANS. WORK SHALL COMPLY WITH CHAPTER #33 OF THE NYC BUILDING CODE. NO CHANGE IN USE, OCCUPANCY, OR EGRESS UNDER THIS APPLICATION.",45000,6,HOWARD AVENUE,Brooklyn,11221,GC,A & H INSTALLATION INC,1013 CLOSE AVE,A & H INSTALLATION INC,,,Permit Issued
B01460366-I1-SF,B01460366-I1,Initial Permit,2026-09-17,2026-09-17,2026-11-16,Supported Scaffold,"INSTALLATION OF TEMPORARY PIPE SCAFFOLD AS PER PLANS. NO CHANGE IN USE, EGRESS OR OCCUPANCY.",1,155,3 STREET,Brooklyn,11231,GC,CORE SCAFFOLD SYSTEMS INC,417 MYRTLE AVE SUITE 14,OWNERS REP,,,Permit Issued
B01460372-I1-PMM,B01460372-I1,Initial Permit,2026-09-17,2026-09-17,2026-11-16,Protection and Mechanical Methods,"INSTALLATION OF TEMPORARY OVERHEAD PROTECTION AS PER PLANS. NO CHANGE IN USE, EGRESS OR OCCUPANCY.",4000,1490,MCDONALD AVENUE,Brooklyn,11230,GC,CORE SCAFFOLD SYSTEMS INC,417 MYRTLE AVE SUITE 14,OWNERS REP,,,Permit Issued
B01460378-I1-PMM,B01460378-I1,Initial Permit,2026-09-17,2026-09-17,2026-12-31,Protection and Mechanical Methods,"EQUIPMENT USE: SINGLE 7000 # CAPACITY PERSONNEL HOIST DURING BLDG ALTERATION, FILED SEP. HOIST SHALL COMPLY WITH CH #33 OF THE NYC BC. NO CHANGE IN USE, OCCUPANCY OR EGRESS UNDER THIS APPLICATION. ELEVATOR APPLICATION SUBMITTED SEPARATELY.",10000,1550,EAST 102 STREET,Brooklyn,11236,GC,S&E BRIDGE & SCAFFOLD LLC,700 COMMERCIAL AVE GROUND FL,S&E BRIDGE & SCAFFOLD LLC,,,Permit Issued
B01460378-S1-PMM,B01460378-S1,Initial Permit,2026-09-17,2026-09-17,2026-12-31,Protection and Mechanical Methods,"TEMPORARY HOIST RUN-BACK STRUCTURE DURING BLDG ALTERATION, FILED SEPARATELY. RUN-BACK STRUCTURE SHALL COMPLY WITH CH #33 OF THE NYC BLDG CODE. NO CHANGE IN USE, OCCUPANCY OR EGRESS UNDER THIS APPLICATION. HOIST & ELEVATOR APPL SUBMITTED SEP",5000,1550,EAST 102 STREET,Brooklyn,11236,GC,S&E BRIDGE & SCAFFOLD LLC,700 COMMERCIAL AVE GROUND FL,S&E BRIDGE & SCAFFOLD LLC,,,Permit Issued
B01460391-I1-PMM,B01460391-I1,Initial Permit,2026-09-17,2026-09-17,2026-11-16,Protection and Mechanical Methods,"INSTALLATION OF TEMPORARY PERSONNEL HOIST AS PER PLANS. NO CHANGE IN USE, EGRESS OR OCCUPANCY.",6000,506,EAST 94 STREET,Brooklyn,11212,GC,CORE SCAFFOLD SYSTEMS INC,417 MYRTLE AVE SUITE 14,OWNERS REP,,,Permit Issued
B01461063-I1-SF,B01461063-I1,Initial Permit,2026-09-17,2026-09-17,2027-01-18,Supported Scaffold,"PROPOSED INSTALLATION OF TEMPORARY PIPE SCAFFOLD AS PER PLANS. WORK SHALL COMPLY WITH CHAPTER #33 OF THE NYC BUILDING CODE. NO CHANGE IN USE, OCCUPANCY, OR EGRESS UNDER THIS APPLICATION.",9000,253,WASHINGTON AVENUE,Brooklyn,11205,GC,RELIABLE ENTERPRISES INC,1431 BRUCKNER BOULEVARD,RELIABLE ENTERPRISES INC,,,Permit Issued
B01461219-I1-PMM,B01461219-I1,Initial Permit,2026-09-17,2026-09-17,2027-08-27,Protection and Mechanical Methods,"INSTALLATION OF TEMPORARY ROOF PROTECTION AS PER PLANS. NO CHANGE IN USE, EGRESS OR OCCUPANCY. SHALL COMPLY WITH CHAPTER#33 OF 2022 NYC BUILDING CODE.",12500,6,HOWARD AVENUE,Brooklyn,11221,GC,A & H INSTALLATION INC,1013 CLOSE AVE,A & H INSTALLATION INC,,,Permit Issued
B01461388-I1-PMM,B01461388-I1,Initial Permit,2026-09-17,2026-09-17,2027-02-17,Protection and Mechanical Methods,"INSTALLATION OF TEMPORARY PROTECTION AS PER PLANS. NO CHANGE IN USE, EGRESS OR OCCUPANCY SHALL COMPLY WITH CHAPTER#33 OF 2022 THE NY BUILDING CODE.",1000,300,CADMAN PLAZA WEST,Brooklyn,11201,GC,ANDAMIO SCAFFOLDING LLC,20 BURLING LANE (BOX 4-1),FOREST CITY PIERREPONT ASSOCIATES,,,Permit Issued
B01461524-I1-SF,B01461524-I1,Initial Permit,2026-09-17,2026-09-17,2026-11-16,Supported Scaffold,"INSTALLATION OF TEMPORARY PIPE SCAFFOLD AS PER PLANS. NO CHANGE IN USE, EGRESS OR OCCUPANCY.",1,506,EAST 94 STREET,Brooklyn,11212,GC,CORE SCAFFOLD SYSTEMS INC,417 MYRTLE AVE SUITE 14,OWNERS REP,,,Permit Issued
M01160412-I1-GC,M01160412-I1,Initial Permit,2026-09-17,2025-01-28,2027-03-08,General Construction,"PROPOSED FACADE REPAIRS AS INDICATED ON PLANS SUBMITTED HEREWITH. THERE IS NO CHANGE IN USE, EGRESS OR OCCUPANCY.",150000,229,WEST 49 STREET,Manhattan,10019,GC,XINOS CONSTRUCTION CORP,110-32A 15TH. AVENUE,MINETTA LANE OWNERS,,,Permit Issued
M01175209-S1-ST,M01175209-S1,Initial Permit,2026-09-17,2025-03-03,2027-07-20,Structural,8936 st - Structural Modifications related to Extending the existing elevator shaft to accommodate a larger Cab. No change to Egress use group or occupancy group.Professional Cert requested.,45000,1175,3 AVENUE,Manhattan,10065,GC,GRAY GOLD CONTRACTING INC,"3555 VETERANS MEMORIAL HWY, #J",PR,,,Permit Issued
M01179215-S2-MS,M01179215-S2,Initial Permit,2026-09-17,2025-12-12,2027-04-13,Mechanical Systems,"MH WORK IN APT 10T FILED IN CONJUNCTION WITH DOB NOW GC AND MH. NO CHANGE TO USE, OCCUPANCY OR EGRESS.",60000,25,CENTRAL PARK WEST,Manhattan,10023,GC,P.T. CONSTRUCTION GROUP,150 GLENWOOD AVENUE APT B1,CENTURY CONDOMINUIM,,,Permit Issued
M01214903-S3-SF,M01214903-S3,Initial Permit,2026-09-17,2026-09-14,2027-03-24,Supported Scaffold,"INSTALLATION AND USE OF TEMPORARY SUPPORTED SCAFFOLD AS PER PLANS FILED HEREWITH. NO CHANGE TO USE, EGRESS, OR OCCUPANCY UNDER THIS APPLICATION.",30000,100,WEST 119 STREET,Manhattan,10026,GC,AVARGA CONSTRUCTION CORP,"505 8TH AVE.,13TH FL STE12A04",Avarga Construction Corp.,,,Permit Issued
M01231645-I1-GC,M01231645-I1,Initial Permit,2026-09-17,2026-08-26,2026-11-08,General Construction,NEW COMMUNITY FACILITY BUILDING.,0,473,WEST 165 STREET,Manhattan,10032,GC,TITANIUM CONSTRUCTION SER,330 7TH AVENUE SUITE 903,PR,,,Permit Issued
M01241335-I1-GC,M01241335-I1,Initial Permit,2026-09-17,2026-01-30,2027-01-01,General Construction,"Filing for combination of apt 5C at 5th flr & exist. duplex 6C/D at 6th/PH floors to create a triplex per TPPN 3/97. Work includes removal and installation of interior non load bearing partitions, doors, finishes, new convenience stair conn",596035.2,534,HUDSON STREET,Manhattan,10014,GC,LIEBHABER COMPANY INC,47-35 27TH STREET,"SOLSTICE RESIDENTIAL GROUP, LLC",,,Permit Issued
M01241335-S2-MS,M01241335-S2,Initial Permit,2026-09-17,2026-01-14,2027-01-01,Mechanical Systems,"Filing for mechanical work at the 5th and 6th floors. No change to use, egress, or occupancy.",131336.8,534,HUDSON STREET,Manhattan,10014,GC,LIEBHABER COMPANY INC,47-35 27TH STREET,"SOLSTICE RESIDENTIAL GROUP, LLC",,,Permit Issued
M01245622-I1-SF,M01245622-I1,Initial Permit,2026-09-17,2025-12-13,2027-01-17,Sidewalk Shed,"INSTALLATION OF 300 PSF SIDEWALK SHED AND SCAFFOLD AS PER PLANS. SIDEWALK SHED AND SCAFFOLD SHALL COMPLY WITH CHAPTER #33 OF THE 2022 CODE. NO CHANGE IN USE, EGRESS OR OCCUPANCY.",30000,90,JOHN STREET,Manhattan,10038,GC,BLUE JAY CONTRACTING INC,1 LIBERTY STREET,BLUE JAY CONTRACTING INC,,,Permit Issued
M01245622-I1-SH,M01245622-I1,Initial Permit,2026-09-17,2025-12-13,2026-12-16,Sidewalk Shed,"INSTALLATION OF 300 PSF SIDEWALK SHED AND SCAFFOLD AS PER PLANS. SIDEWALK SHED AND SCAFFOLD SHALL COMPLY WITH CHAPTER #33 OF THE 2022 CODE. NO CHANGE IN USE, EGRESS OR OCCUPANCY.",30000,90,JOHN STREET,Manhattan,10038,GC,BLUE JAY CONTRACTING INC,1 LIBERTY STREET,BLUE JAY CONTRACTING INC,,,Permit Issued
M01264739-S4-PL,M01264739-S4,Initial Permit,2026-09-17,2026-05-15,2026-10-31,Plumbing,"Modification of plumbing systems as per plans filed herewith. No change of use, occupancy or egress.",3647999.6,1120,AMSTERDAM AVENUE,Manhattan,10027,P,"PAR PLUMBING CO., INC",101 PARK AVENUE LOWER LOBBY,COLUMBIA UNIVERSITY - MANHATTANVILL,,,Permit Issued
M01265894-S9-ST,M01265894-S9,Initial Permit,2026-09-17,2026-08-19,2026-12-28,Structural,Partial demolition of 6 story building w cellar,163563.4,350,WEST 38 STREET,Manhattan,10018,GC,N TECH DESIGN OF AMERICA,"1648 EAST 14TH STREET, STE 1",METRO HOUSE II,,,Permit Issued
M01268265-S3-EW-SD,M01268265-S3,Initial Permit,2026-09-17,2026-09-14,2026-12-31,Standpipe,"MSM SP S Block - STANDPIPE MODIFICATIONS ACCORDING TO PLANS FILED HEREWITH. NO CHANGE TO USE, EGRESS OR OCCUPANCY.",500000,1091,AMSTERDAM AVENUE,Manhattan,10025,F,SIRINA FIRE PROT CORP,"450 7TH AVENUE, SUITE 506",PR,,,Permit Issued
M01274236-S1-GC,M01274236-S1,Initial Permit,2026-09-17,2026-09-14,2026-12-08,General Construction,"Removal of existing fencing on the roof. No change in use, egress or occupancy.",3300,154,SEVENTH AVENUE,Manhattan,10011,GC,GOTHAM COMMUNICATIONS LLC,"135 COLUMBIA TPKE, SUITE 202",MIDWOOD MANAGEMENT CORP,,,Permit Issued
M01276881-I1-MS,M01276881-I1,Initial Permit,2026-09-17,2025-10-14,2026-12-31,Mechanical Systems,"New express steam riser. No change in use, egress or occupancy.",50000,5,EAST 16 STREET,Manhattan,10003,GC,G.BASSOLINO PLUMBING LTD,390-A TIFFANY STREET,BUCHBINDER & WARREN LLC,,,Permit Issued
M01282953-S2-SE,M01282953-S2,Initial Permit,2026-09-17,2026-08-11,2026-11-15,Support of Excavation,SOE IN CONJUCTION WITH NEW BUILDING JOB NUMBER #M01282953-I1,0,248,EAST 62 STREET,Manhattan,10065,GC,RYBAK DEVELOPMENT CORP,227 SEA BREEZE AVE STE C403,RYBAK DEVELOPMENT CORP,,,Permit Issued
M01292733-S2-GC-CX,M01292733-S2,Initial Permit,2026-09-17,2026-09-01,2026-09-27,Structural,STRUCTURAL PLANS FOR NEW STAIRWAY & ELEVATOR. FOUNDATION PLAN FOR LOWERING OF CELLAR SLAB,201701,144,WEST 80 STREET,Manhattan,10024,GC,EDY RESTORATION CORP,8013 59TH STREET 1FL,Not Applicable,,,Permit Issued
M01296946-S2-MS,M01296946-S2,Initial Permit,2026-09-17,2025-12-22,2026-12-31,Mechanical Systems,"Modification to existing mechanical system in apt. #46. Work to include installation of new humidification system, bathroom, and dryer exhaust, as per plans filed herewith. No change in use, egress, or occupancy.",340000,1,WEST 72 STREET,Manhattan,10023,GC,"TRADITIONAL LINE, LTD",143 WEST 21 STREET,,,,Permit Issued
M01297458-I1-AN,M01297458-I1,Initial Permit,2026-09-17,2026-07-02,2026-12-08,Antenna,Modification to T-Mobile site. Installing 3 antennas on the roof. Replacing 2 cabinet on the roof.,14000,568,WEST 149 STREET,Manhattan,10031,GC,GOTHAM COMMUNICATIONS LLC,"135 COLUMBIA TPKE, SUITE 202",R.E.M. RESIDENTIAL,,,Signed-off
M01330802-I1-GC,M01330802-I1,Initial Permit,2026-09-17,2026-08-11,2027-07-20,General Construction,Proposed minor modifications to interior partitions to add a new shower to an existing bathroom. Plumbing work filed under subsequent application. No change to occupancy use or egress.,60000,30,WEST 61 STREET,Manhattan,10023,GC,EURO-COMFORT CORP,1007 YONKERS AVENUE 2ND FL,,,,Permit Issued
M01332690-I1-GC,M01332690-I1,Initial Permit,2026-09-17,2026-02-25,2026-10-29,Structural,"Construction of new service ramp in west service court as per drawings. No change in use, egress or occupancy is involved under this application.",188290,255,WEST 84 STREET,Manhattan,10024,GC,EXPEDITE GENERAL CONTRACT,6013 56TH STREET,Orsid Realty,,,Permit Issued
M01339153-S1-SH,M01339153-S1,Initial Permit,2026-09-17,2026-09-17,2026-12-16,Sidewalk Shed,"INSTALLATION OF TEMPORARY SIDEWALK SHED AS PER PLAN. NO CHANGE IN USE, EGRESS OR OCCUPANCY.",1000,601,LEXINGTON AVENUE,Manhattan,10022,GC,SPRING SCAFFOLDING LLC,49-30 31ST PLACE,BOSTON PROPERTIES,,,Permit Issued
M01340558-I1-FD,M01340558-I1,Initial Permit,2026-09-17,2026-03-12,2027-04-22,Full Demolition,Full demolition of existing 1-story building,200000,687,LENOX AVENUE,Manhattan,10037,GC,CROWBAR INDUSTRIES INC,5314 61ST STREET #1F,PR,,,Permit Issued
M01346961-S1-MS,M01346961-S1,Initial Permit,2026-09-17,2026-02-19,2026-12-15,Mechanical Systems,Roof Elevator Extension,50000,420,PARK AVENUE SOUTH,Manhattan,10016,GC,"L&K PARTNERS, INC","104 EAST 25TH STREET, 9TH FL",HIGHGATE HOTELS LP,,,Permit Issued
M01347075-S1-MS,M01347075-S1,Initial Permit,2026-09-17,2026-04-23,2026-12-15,Mechanical Systems,Mechanical Systems modifications related to Public spaces renovation.,300000,420,PARK AVENUE SOUTH,Manhattan,10016,GC,"L&K PARTNERS, INC","104 EAST 25TH STREET, 9TH FL",HIGHGATE HOTELS LP,,,Permit Issued
M01348008-I1-PL,M01348008-I1,Initial Permit,2026-09-17,2026-07-30,2027-05-01,Plumbing,"PLUMBING MODIFICATIONS TAKING PLACE ON THE 1STFLOOR AS PER DRAWINGS FILED HEREWITH. NO CHANGE IN USE, EGRESS OR OCCUPANCY.",17000,430,PARK AVENUE,Manhattan,10022,P,BEDROCK PLUMBING & HEATING INC,101-14 JAMAICA AVENUE,430 PARK AVENUE COMPANY,,,Permit Issued
M01348009-I1-EW-SP,M01348009-I1,Initial Permit,2026-09-17,2026-07-30,2027-02-03,Sprinklers,"SPRINKLER MODIFICATIONS TAKING PLACE ON THE 1ST FLOOR AS PER DRAWINGS FILED HEREWITH. NO CHANGE IN USE, EGRESS OR OCCUPANCY.",10000,430,PARK AVENUE,Manhattan,10022,F,BEDROCK MECHANICAL INC,101-14 JAMAICA AVENUE,430 PARK AVENUE COMPANY,,,Permit Issued
M01358152-S4-PL,M01358152-S4,Initial Permit,2026-09-17,2026-09-17,2027-01-01,Plumbing,"STORE RENOVATION (ZARA) WORK TO INCLUDE PLUMBING MODIFICATIONS AS INDICATED ON PLANS. NO CHANGE IN USE, EGRESS OR OCCUPANCY,",407414.8,31,WEST 34 STREET,Manhattan,10001,P,S & J INDUSTRIAL CORP,32-25 GREENPOINT AVENUE,LITTLE EL FASSI LLC,,,Permit Issued
M01366745-I1-ST,M01366745-I1,Initial Permit,2026-09-17,2026-08-13,2027-08-12,Structural,"STRUCTURAL WORK TO INCLUDE NEW DUNNAGE ON ROOF, REINFORCE EXISTING FLOOR FRAMING FOR LEVELING & REPAIR PURPOSES, MODIFY EXISTING REAR EXTENSION FACADE OPENING AT FIRST FLOOR, NEW REAR YARD OUTDOOR DECK STRUCTURE.",380000,447,WEST 24 STREET,Manhattan,10011,GC,NY BUILDING ASSOCIATES IN,124-15 METROPOLITAN AVE,Not Applicable,,,Permit Issued
M01368106-I1-GC-CX,M01368106-I1,Initial Permit,2026-09-17,2026-05-04,2027-05-14,Structural,"Construction of new mechanical enclosure around mechanical equipment on existing roof. Aluminum enclosure with louvered openings for ventilation with green roof. All construction to occur only on 1st floor ROF setback. No change to use, egr",45000,2001,BROADWAY,Manhattan,10023,GC,KITCHEN EXHAUST SOLUTION,"232 EAST 75TH STREET, STE 1B",PR,,,Permit Issued
M01369869-S4-EW-SD,M01369869-S4,Initial Permit,2026-09-17,2026-07-14,2026-10-31,Standpipe,Standpipe work as shown on plans filed herewith.,41229,250,VESEY STREET,Manhattan,10281,F,PAR FIRE PROTECTION LLC,101 PARK AVENUE LOWER LOBBY,Not Applicable,,,Permit Issued
M01370136-S4-EW-SD,M01370136-S4,Initial Permit,2026-09-17,2026-07-14,2026-10-31,Standpipe,Standpipe work as shown on plans filed herewith.,47813,250,VESEY STREET,Manhattan,10281,F,PAR FIRE PROTECTION LLC,101 PARK AVENUE LOWER LOBBY,Not Applicable,,,Permit Issued
M01375220-I1-GC,M01375220-I1,Initial Permit,2026-09-17,2026-09-08,2027-02-15,General Construction,"PROPOSED EXTERIOR FACADE RESTORATION AS PER PLANS FILED HEREWITH.NO CHANGE IN USE, EGRESS OR OCCUPANCY.",159900,40,ST NICHOLAS PLACE,Manhattan,10031,GC,ZORIA CONSTRUCTION NY INC,32 HILL AVENUE,PR,,,Permit Issued
M01377521-I1-SF,M01377521-I1,Initial Permit,2026-09-17,2026-09-17,2027-03-31,Supported Scaffold,"INSTALLATION OF TEMPORARY PIPE SCAFFOLD AS PER PLANS. NO CHANGE IN USE, EGRESS OR OCCUPANCY.",1,284,DYCKMAN STREET,Manhattan,10034,GC,EMPIRE NY INSTALLATIONS I,3537 36TH STREET,GUARDIAN THOMAS CORP.,,,Permit Issued
M01377994-S1-PL,M01377994-S1,Initial Permit,2026-09-17,2026-08-17,2027-01-08,Plumbing,"Plumbing work (domestic cold/hot water, sanitary waste, vent, and dental utility piping) incidental to commercial interior renovation on the 18th Floor and Mezzanine Level below. No change in use, egress, or occupancy.",49000,45,ROCKEFELLER PLAZA,Manhattan,10020,P,WASOFF PLBG & UTILITY CO,36-05C COLLEGE POINT BLVD,TISHMAN SPEYER,,,Permit Issued
M01381493-I1-ST,M01381493-I1,Initial Permit,2026-09-17,2026-07-06,2027-04-01,Structural,Repair of existing piers and beams supporting ground floor,1548729.4,178,AVENUE D,Manhattan,10009,GC,JEMCO ELECTRICAL CONT INC,92-13 180TH STREET,NYCHA,,,Permit Issued
M01381634-I1-SH,M01381634-I1,Initial Permit,2026-09-17,2026-09-14,2026-12-16,Sidewalk Shed,"PROPOSED INSTALLATION OF HEAVY DUTY SIDEWALK SHED AS PER PLANS. LIVE LOAD 300 LBS PER SQUARE FEET. SIDEWALK SHED SHALL COMPLY WITH CHAPTER #33 OF THE NYC BUILDING CODE. NO CHANGE IN USE, OCCUPANCY, OR EGRESS UNDER THIS APPLICATION.",9000,580,WEST 176 STREET,Manhattan,10033,GC,MARK CONTRACTING NY INC,94-32 209TH ST 1ST FLOOR,MARK CONTRACTING NY INC,,,Permit Issued
M01385306-I1-GC,M01385306-I1,Initial Permit,2026-09-17,2026-06-15,2026-10-03,General Construction,"Hereby filing Interior renovation of existing apartment and accessory terrace as shown on plans filed herewith. No change to use, occupancy or egress.",6667682,730,5 AVENUE,Manhattan,10019,GC,HIGHLINE CONSTRUCTION GR,"242 WEST 30TH ST, SUITE 900",,,,Permit Issued
M01385306-S1-ST,M01385306-S1,Initial Permit,2026-09-17,2026-07-28,2026-10-03,Structural,"Hereby filing to install steel and concrete for stair opening as shown on plans filed herewith. No change to use, occupancy or egress.",200000,730,5 AVENUE,Manhattan,10019,GC,HIGHLINE CONSTRUCTION GR,"242 WEST 30TH ST, SUITE 900",,,,Permit Issued
M01385306-S3-PL,M01385306-S3,Initial Permit,2026-09-17,2026-06-18,2027-04-19,Plumbing,"Hereby filing to relocate and install plumbing fixtures with related piping for apartment renovation as shown on plans filed herewith. No change to use, occupancy or egress.",274970,730,5 AVENUE,Manhattan,10019,P,"DONATO PLUMBING, INC","590 5TH AVENUE, SUITE 1402",,,,Permit Issued
M01385306-S4-EW-SP,M01385306-S4,Initial Permit,2026-09-17,2026-06-18,2027-05-18,Sprinklers,"Hereby filing to remove and install sprinkler heads with related piping for apartment renovation as shown on plans filed herewith. No change to use, occupancy or egress.",75000,730,5 AVENUE,Manhattan,10019,F,KG SPRINKLER CORP,4322 18TH AVE,,,,Permit Issued
M01386621-S2-PL,M01386621-S2,Initial Permit,2026-09-17,2026-06-03,2026-10-19,Plumbing,"INSTALLATION OF NEW PLUMBING FIXTURES, SUMP PUMP AND ELEVATOR PIT SUMP PUMP AS INDCATED ON THE PLANS. EXISTINGSERVICES TO REMAIN. EXISTING GAS FIRED WATER HEATER TO REMAIN",33600,821,MADISON AVENUE,Manhattan,10065,P,CARA PLUMBING GROUP INC,989 EAST 35TH STREET,Not Applicable,,,Permit Issued
M01387468-S1-MS,M01387468-S1,Initial Permit,2026-09-17,2026-08-11,2026-11-08,Mechanical Systems,"This Alteration application is being filed for the mechanical work at the subject premises as per plans submitted herewith. There are no change in use, egress or occupancy under this application.",188006.6,134,EAST 71 STREET,Manhattan,10021,GC,WILLIAM STANISLAWCZYK,375 BELLEVUE AVENUE,Not Applicable,,,Permit Issued
M01390942-S2-EW-SP,M01390942-S2,Initial Permit,2026-09-17,2026-08-11,2026-12-29,Sprinklers,"RELOCATION OF SPRINKLER HEADS AS PER PLANS FILED. NO CHANGE IN USE, EGRESS OR OCCUPANCY",81000,215,LEXINGTON AVENUE,Manhattan,10016,F,ACCURATE MECHANICAL INC,2060 ANTIN PLACE,205-215 LEXINGTON AVE,,,Permit Issued
M01393901-S1-PL,M01393901-S1,Initial Permit,2026-09-17,2026-08-11,2027-04-11,Plumbing,"Plumbing work proposed in existing unit #6D on the 6th floor. Initial general construction application to be filed. All per submitted plans. No changes to use, egress or occupancy under this application.",40000,160,WEST 77 STREET,Manhattan,10024,P,TVS MECHANICAL CORP,4419 THIRD AVENUE SUITE 4B,160 West 77th Owners Corp,,,Permit Issued
M01394581-S1-PL,M01394581-S1,Initial Permit,2026-09-17,2026-05-15,2027-04-11,Plumbing,"Filing for plumbing work at the 1st floor. No change to use, egress, or occupancy.",14000,416,WEST 13 STREET,Manhattan,10014,P,TVS MECHANICAL CORP,4419 THIRD AVENUE SUITE 4B,GREENWAY MEWS REALTY LLC,,,Permit Issued
M01394581-S2-PL,M01394581-S2,Initial Permit,2026-09-17,2026-09-09,2027-04-11,Plumbing,"Filing for plumbing work at the 1st floor. No change to use, egress, or occupancy.",120000,416,WEST 13 STREET,Manhattan,10014,P,TVS MECHANICAL CORP,4419 THIRD AVENUE SUITE 4B,GREENWAY MEWS REALTY LLC,,,Permit Issued
M01396697-I1-GC,M01396697-I1,Initial Permit,2026-09-17,2026-08-21,2027-02-28,General Construction,"Removal of interior partition wall and millwork as shown on drawings. No change in use, egress or occupancy.",158920,220,CENTRAL PARK SOUTH,Manhattan,10019,GC,REBOSIO CONSTRUCTION SVC,"20 WEST 36TH STREET, 10TH FL",VORNADO REALTY TRUST,,,Permit Issued
M01397856-S1-MS,M01397856-S1,Initial Permit,2026-09-17,2026-08-26,2026-11-05,Mechanical Systems,Mechanical modifications on 2nd Floor as indicated on plans filed herewith,655000,122,5 AVENUE,Manhattan,10011,GC,CORE FOUR CONSTRUCTION IN,200 MADISON AVE STE 2109,BROMLEY COMPANIES,,,Permit Issued
M01400040-I1-GC,M01400040-I1,Initial Permit,2026-09-17,2026-09-14,2027-07-01,General Construction,Interior Renovation and new demising wall on part of 1st floor,1482137,55,WATER STREET,Manhattan,10041,GC,"JOHN GALLIN & SON, INC","102 MADISON AVENUE, 9TH FLOOR",NWSC,,,Permit Issued
M01402835-S3-EW-SP,M01402835-S3,Initial Permit,2026-09-17,2026-08-09,2027-05-12,Sprinklers,FILING EXISTING SPRINKLERS IN EXISTING LAUNDRY ROOM ON 2ND FLOOR TO GET EXISTING GAS DRYERS BACK ON. NO NEW SPRINKLER LINES OR HEADS PROPOSED.,5168.67,2411,FREDERICK DOUGLASS BOULEVARD,Manhattan,10027,F,H M SPRINKLER INC,4322 18TH AVE,L+M FUND MANAGEMENT LLC,,,Permit Issued
M01402847-S3-EW-SP,M01402847-S3,Initial Permit,2026-09-17,2026-09-15,2027-05-12,Sprinklers,FILING EXISTING SPRINKLERS IN EXISTING LAUNDRY ROOM ON 1ST FLOOR TO RESOLVE DOB OBJECTIONS GIVEN TO PL LAA APPLICATION #M00849443-I1-LA. FOUR(4) EXISTING SPRINKLER HEADS TO BE REPLACED.,5168,400,ST NICHOLAS AVENUE,Manhattan,10027,F,H M SPRINKLER INC,4322 18TH AVE,L+M FUND MANAGEMENT LLC,,,Permit Issued
M01403929-I1-EW-SP,M01403929-I1,Initial Permit,2026-09-17,2026-06-24,2027-02-09,Sprinklers,Sprinkler work on the 5th floor (Infor) as indicated on drawings.,19999.98,635,AVENUE OF THE AMERICAS,Manhattan,10011,F,"PSI PARTNERS, LLC",140 ORCHARD ST. SUITE #01,CBRE INC.,,,Permit Issued
M01403960-I1-MS,M01403960-I1,Initial Permit,2026-09-17,2026-08-03,2027-04-01,Mechanical Systems,"REPLACEMENT OF EXISTING ROOFTOP UNITS AND INSTALLATION OF NEW CURB ADAPTERS ON EXISTING ROOF. NO CHANGE IN USE, EGRESS OR OCCUPANCY.",96000,101,EAST 69 STREET,Manhattan,10021,GC,"LANE REFRIGERATION CO.,IN",3916 LONG BEACH ROAD,The Union Club,,,Permit Issued
M01404014-S3-EW-SP,M01404014-S3,Initial Permit,2026-09-17,2026-09-14,2026-12-22,Sprinklers,"sprinkler works on FL 1, FL 2, and the cellar.",20500,529,BROADWAY,Manhattan,10012,F,CAPITOL FIRE SPRINKLER CO,51-51 59TH PLACE,II 529 BROADWAY MEMBER LLC,,,Permit Issued
M01405914-S1-MS,M01405914-S1,Initial Permit,2026-09-17,2026-07-07,2027-02-05,Mechanical Systems,MECHANICAL MODIFICATIONS IN CONJUNCTION WITH APARTMENT COMBINATION AS PER PLANS.,45000,177,9 AVENUE,Manhattan,10011,GC,ALCA RENOVATIONS INC,"79 WASHINGTON PLACED, #1C",THE BRODSKY ORGANIZATION,,,Permit Issued
M01408049-I1-GC,M01408049-I1,Initial Permit,2026-09-17,2026-08-10,2027-01-11,General Construction,"INTERIOR RENOVATION OF APARTMENT 12U. INCLUDING MINOR LAYOUT MODIFICATIONS, REPLACE OF PLUMBING FIXTURES, ELECTRICAL WORK, NEW LIGHTING, NEW FINISHES. NO CHANGE IN USE, EGRESS AND/OR OCCUPANCY.",221200,252,7 AVENUE,Manhattan,10001,GC,HABITERRA LLC,401 BROADWAY SUITE 500,Allied Partners Residential Mgmt.,,,Permit Issued
M01408049-S1-PL,M01408049-S1,Initial Permit,2026-09-17,2026-08-15,2026-09-28,Plumbing,"INTERIOR RENOVATION OF APARTMENT 12U. INCLUDING MINOR LAYOUT MODIFICATIONS, REPLACE OF PLUMBING FIXTURES, ELECTRICAL WORK, NEW LIGHTING, NEW FINISHES. NO CHANGE IN USE, EGRESS AND/OR OCCUPANCY.",22500,252,7 AVENUE,Manhattan,10001,P,"PARAMOUNT SERVICES, LLC",1001 37TH AVENUE,Allied Partners Residential Mgmt.,,,Permit Issued
M01409188-I1-GC,M01409188-I1,Initial Permit,2026-09-17,2026-08-28,2026-12-15,General Construction,INSTALL NEW CHIMNEY LINER.,17500,402,WEST 22 STREET,Manhattan,10011,GC,BW SERVICES LLC,6 GILA PLACE,AJ CLARKE REAL ESTATE CORP,,,Permit Issued
M01410000-I1-PL,M01410000-I1,Initial Permit,2026-09-17,2026-08-04,2027-05-16,Plumbing,"Modifications to the existing plumbing system on the 25th Floor (Geico) as per plans. No change to use, egress or occupancy.",77736.75,1350,AVENUE OF THE AMERICAS,Manhattan,10019,P,DEPENDABLE MECH CORP,"6202 17TH AVENUE, 1ST FLOOR",SL GREEN REALTY CORP,,,Permit Issued
M01410008-I1-EW-SP,M01410008-I1,Initial Permit,2026-09-17,2026-08-04,2026-12-22,Sprinklers,"Modifications to the existing sprinkler system on the 25th floor (Geico) as per plans. No change to use, egress or occupancy.",59684.2,1350,AVENUE OF THE AMERICAS,Manhattan,10019,F,CAPITOL FIRE SPRINKLER CO,51-51 59TH PLACE,SL GREEN REALTY CORP,,,Permit Issued
M01410384-I1-MS,M01410384-I1,Initial Permit,2026-09-17,2026-07-29,2026-10-01,Mechanical Systems,"JOB FILED TO REPLACE EXISTING LOBBY SPLIT SYSTEM AIR CONDITIONING UNITS WITH NEW HEAT PUMP AND CEILING MOUNTED AIR CONDITIONER. NO CHANGE TO USE, EGRESS, OR OCCUPANCY UNDER THIS APPLICATION.",15000,245,EAST 35 STREET,Manhattan,10016,GC,DYNAIRE LLC,134 HERRICKS ROAD,"ALEXANDER WOLF & COMPANY, INC.",,,Permit Issued
M01411847-I1-GC,M01411847-I1,Initial Permit,2026-09-17,2026-09-10,2027-06-29,General Construction,"Minor interior modifications to non bearing walls, floors and fixtures in existing GAP store. No change to use, egress or occupancy.",449995.4,1511,THIRD AVENUE,Manhattan,10028,GC,SCHIMENTI CONSTRUCTION CO,575 LEXINGTON AVENUE 18TH FL,CUSHMAN & WAKEFIELD,,,Permit Issued
M01412053-I1-PMM,M01412053-I1,Initial Permit,2026-09-17,2026-09-17,2026-10-19,Protection and Mechanical Methods,"Installation of a temporary overhead protection and roof protection per plan submitted. Work shall comply with 2022 building codes chapter 33. No change in use, egress and/or occupancy with this application.",6000,1075,PARK AVENUE,Manhattan,10128,GC,NEW AMSTERDAM RESTORATION,60-06 55TH DRIVE,PR,,,Permit Issued
M01413018-I1-GC-CX,M01413018-I1,Initial Permit,2026-09-17,2026-09-01,2027-03-08,Mechanical Systems,"HEREBY FILING FOR DISTRIBUTION SYSTEM UPGRADE. ALL WORK AS PER PLANS FILED HEREWITH. NO CHANGE TO USE, EGRESS, OR OCCUPANCY.",2337100,235,EAST 87 STREET,Manhattan,10128,GC,TWO-TONE CONTRACTING CORP,76-02 21ST AVENUE,BROWN HARRIS STEVENS,,,Permit Issued
M01413037-I1-MS,M01413037-I1,Initial Permit,2026-09-17,2026-09-04,2027-03-08,Mechanical Systems,"Alterations to mechanical system on suite 2100 as per plans. No change to use, egress or occupancy.",193318.01,45,ROCKEFELLER PLAZA,Manhattan,10020,GC,JMJ GENERAL CONTRACTING G,7 NATHALIE CT,TISHMAN SPEYER,,,Permit Issued
M01413210-S1-PL,M01413210-S1,Initial Permit,2026-09-17,2026-07-30,2027-05-03,Plumbing,"PERFORM PLUMBING MODIFICATION WORK INCONJUNCTION WITH UNIT#2/3E RENOVATION. INSTALL, RELOCATE, REMOVE & REPLACE PLUMBING FIXTURES. GENERAL CONSTRUCTION WORK FILED UNDER INITIAL FILING. NO CHANGE TO USE, EGRESS, OCCUPANCY AND FIRE PROTECTION",42500,295,EAST 8 STREET,Manhattan,10009,P,URBAN MECHANICAL CORP,211 EAST 120TH STREET,CALVERT VAUX CONDOMINIUM,,,Permit Issued
M01413884-I1-GC,M01413884-I1,Initial Permit,2026-09-17,2026-09-14,2026-11-18,General Construction,"IT IS PROPOSED TO RENOVATE EXISTING KITCHEN & BATHROOM IN APT-8E ON 8TH FLOOR. REPLACE PLUMBING FIXTURES & APPLIANCE. NO CHANGE IN USE, EGRESS OR OCCUPANCY.",74600,61,JANE STREET,Manhattan,10014,GC,ASA BUILDING MAINT INC,235 EAST 123RD ST,,,,Permit Issued
M01413884-S1-PL,M01413884-S1,Initial Permit,2026-09-17,2026-09-15,2027-06-13,Plumbing,"SUBSEQUENT FILING FOR PLUMBING WORK. IN CONJUNCTION WITH M0141388-I1 FOR APT-8E ON 8TH FLOOR. NO CHANGE IN USE, EGRESS OR OCCUPANCY.",25000,61,JANE STREET,Manhattan,10014,P,ZFM INC,420 EAST 111TH STREET,,,,Permit Issued
M01414285-S1-PL,M01414285-S1,Initial Permit,2026-09-17,2026-09-02,2027-06-29,Plumbing,"RENOVATION OF KITCHEN AND BATHROOM, INSTALLING A STALL SHOWER. NO CHANGE IN USE, EGRESS, OR OCCUPANCY.",21000,595,MAIN STREET,Manhattan,10044,P,A.M.N. CORPORATION,53-28 61ST STREET,WESTVIEW OWNERS CORP.,,,Permit Issued
M01414675-I1-ST,M01414675-I1,Initial Permit,2026-09-17,2026-06-16,2027-01-15,Structural,Filing DMO plans as shown.,20000,133,EAST 40 STREET,Manhattan,10016,GC,TRI-STATE DISMANTLING COR,207 DUPONT STREET,RUDIN MANAGEMENT INC,,,Permit Issued
M01415597-I1-GC,M01415597-I1,Initial Permit,2026-09-17,2026-09-03,2026-12-16,General Construction,"RENOVATION OF KITCHEN, TWO 3-PIECE BATHROOMS, POWDER ROOM, AND ADD LAUNDRY, WITH MINOR PARTITION WORK. NO CHANGE OF USE, EGRESS, OR OCCUPANCY.",145000,555,MAIN STREET,Manhattan,10044,GC,SF CONSTRUCTION EXPERTS,115-06 PARK LANE S,ISLAND HOUSE TENANTS CORP.,,,Permit Issued
M01415597-S1-PL,M01415597-S1,Initial Permit,2026-09-17,2026-09-08,2026-11-02,Plumbing,"RENOVATION OF KITCHEN, TWO 3 PIECE BATHROOMS, AND A POWDER ROOM. ADD CLOTHES WASHER. NO CHANGE OF USE, EGRESS, OR OCCUPANCY",35000,555,MAIN STREET,Manhattan,10044,P,ALL PRO PLBG & HTG INC,63-03 FOREST AVENUE,ISLAND HOUSE TENANTS CORP.,,,Permit Issued
M01416534-I1-GC,M01416534-I1,Initial Permit,2026-09-17,2026-06-25,2027-03-31,General Construction,"East Elevation Repairs. No Change to Use, Egress or Occupancy.",11350,180,CHRISTOPHER STREET,Manhattan,10014,GC,TRIBUTE RESTORATION INC,231 NORMAN STREET#206,BAILEY HOUSE,,,Permit Issued
M01417012-S3-ST,M01417012-S3,Initial Permit,2026-09-17,2026-09-11,2026-11-19,Structural,RENOVATION WORK AT THE FIRST FLOOR - APARTMENT 1AL - INCLUDING THE INSTALLATION OF NEW MECHANICAL LOUVERS AT EXTERIOR WALL FACING COURTYARD.,10000,1185,PARK AVENUE,Manhattan,10128,GC,JGR GROUP INC,9-19 38TH AVENUE,PR,,,Permit Issued
M01417505-S2-EW-SP,M01417505-S2,Initial Permit,2026-09-17,2026-08-18,2027-03-21,Sprinklers,Sprinkler Head & Temp Loop changes as indicated on plans.,35934,800,THIRD AVENUE,Manhattan,10022,F,ASHLAR MECHANICAL CORP,37-22 30TH STREET,SL Green,,,Permit Issued
M01418264-I1-GC,M01418264-I1,Initial Permit,2026-09-17,2026-09-02,2026-12-31,General Construction,"Interior renovation of 33rd floor including new fixture, furniture, and finishes. New communication stairs between 33rd and 34th floor. No change in use, egress, or occupancy Ducera",1200000,640,8 AVENUE,Manhattan,10036,GC,SJP PROPERTIES COMPANY,389 INTERPACE PARKWAY,"SJP TS, LLC",,,Permit Issued
M01418264-S1-MS,M01418264-S1,Initial Permit,2026-09-17,2026-09-15,2026-12-31,Mechanical Systems,"Modification of existing HVAC systems on 33 & 34th fls interior demolition, relocation and installation of fan-powered boxes, exhaust fan, ductwork distribution and associated piping as per plans. No change in use, egress or occupancy. Duce",650000,640,8 AVENUE,Manhattan,10036,GC,SJP PROPERTIES COMPANY,389 INTERPACE PARKWAY,"SJP TS, LLC",,,Permit Issued
M01421250-I1-ST,M01421250-I1,Initial Permit,2026-09-17,2026-08-26,2027-09-17,Structural,"Structural modifications as per plans filed herewith. No change in use, egress or occupancy.",17082,277,PARK AVENUE,Manhattan,10172,GC,JT MAGEN & COMPANY INC,"44 WEST 28TH STREET, 11TH FL","277 PARK AVENUE, LLC",,,Signed-off
M01421463-I1-PMM,M01421463-I1,Initial Permit,2026-09-17,2026-09-17,2027-04-01,Protection and Mechanical Methods,"INSTALLATION OF TEMPORARY ROOF PROTECTION AS PER PLANS. TEMPORARY PROTECTION SHALL COMPLY WITH CHAPTER #33 OF THE 2022 CODE. NO CHANGE IN USE, EGRESS OR OCCUPANCY UNDER THIS APPLICATION.",13200,159-14,HARLEM RIVER DRIVE,Manhattan,10039,GC,ARSENAL SCAFFOLD INC,95 JERSEY STREET,NEW YORK CITY HOUSING AUTHORITY,,,Permit Issued
M01421466-I1-PMM,M01421466-I1,Initial Permit,2026-09-17,2026-09-17,2027-04-01,Protection and Mechanical Methods,"INSTALLATION OF TEMPORARY ROOF PROTECTION AS PER PLANS. TEMPORARY PROTECTION SHALL COMPLY WITH CHAPTER #33 OF THE 2022 CODE. NO CHANGE IN USE, EGRESS OR OCCUPANCY UNDER THIS APPLICATION.",13200,159-44,HARLEM RIVER DRIVE,Manhattan,10039,GC,ARSENAL SCAFFOLD INC,95 JERSEY STREET,NEW YORK CITY HOUSING AUTHORITY,,,Permit Issued
M01423202-I1-GC,M01423202-I1,Initial Permit,2026-09-17,2026-08-03,2026-12-12,General Construction,"FILING HEREWITH FOR FACADE REPAIRS AS INDICATED ON DRAWINGS. THERE IS NO CHANGE TO USE, EGRESS, OR OCCUPANCY",135995,514,WEST 122 STREET,Manhattan,10027,GC,A.G.S IMPROVEMENTS INC,"100 CHURCH STREET, STE 800",Teachers College,,,Permit Issued
M01423250-I1-GC,M01423250-I1,Initial Permit,2026-09-17,2026-08-03,2026-12-12,General Construction,"FILING HEREWITH FOR FACADE REPAIRS AS INDICATED PER DRAWINGS , THERE IS NO CHANGE TO USE, EGRESS, OR OCCUPANCY",144205,512,WEST 122 STREET,Manhattan,10027,GC,A.G.S IMPROVEMENTS INC,"100 CHURCH STREET, STE 800",Teachers College,,,Permit Issued
M01423996-I1-MS,M01423996-I1,Initial Permit,2026-09-17,2026-07-08,,Mechanical Systems,"Replace existing chillers with new modular water-cooled chillers and associated piping, ductwork, and controls. No change in occupancy, use or egress.",297000,219,MADISON AVENUE,Manhattan,10016,GC,"JOHN O'HARA CO., INC",25 KEARNEY STREET,THE MORGAN LIBRARY & MUSEUM,,,Permit Issued
M01424759-I1-GC-CX,M01424759-I1,Initial Permit,2026-09-17,2026-08-05,2026-11-03,Structural,"Sidewalk Vault Repairs as per plans. No change in use, egress, or occupancy.",13500,101,WEST 81 STREET,Manhattan,10024,GC,HASSAN GENERAL CONT. CORP,633 BERGEN STREET,,,,Permit Issued
M01424856-I1-GC,M01424856-I1,Initial Permit,2026-09-17,2026-08-31,2027-06-13,General Construction,"INTERIOR RENOVATION OF EXISTING TRIPLEX APARTMENT UNIT 1E. THERE IS NO CHANGE IN USE, EGRESS, BULK OR OCCUPANCY FILED UNDER THIS ALTERATION. STRUCTURAL STABILITY WILL NOT BE AFFECTED.",330000,39,EAST 75 STREET,Manhattan,10021,GC,KASTEL RENIS INTER INC*,4 BURNS ROAD,SANDBERG MANAGEMENT,,,Permit Issued
M01425337-I1-GC,M01425337-I1,Initial Permit,2026-09-17,2026-08-05,2026-12-31,General Construction,"Remedial Facade work associated with FISP Cycle 10A as per plans filed herewith. No change in use, egress or occupancy under this application.",1266820,623,5 AVENUE,Manhattan,10017,GC,PLATINUM MAINTENANCE SRVC,120 BROADWAY 36TH FL,VORNADO REALTY TRUST,,,Permit Issued
M01425592-I1-PMM,M01425592-I1,Initial Permit,2026-09-17,2026-09-17,2027-04-01,Protection and Mechanical Methods,"INSTALLATION OF TEMPORARY ROOF PROTECTION AS PER PLANS. TEMPORARY PROTECTION SHALL COMPLY WITH CHAPTER #33 OF THE 2022 CODE. NO CHANGE IN USE, EGRESS OR OCCUPANCY UNDER THIS APPLICATION.",13200,159-64,HARLEM RIVER DRIVE,Manhattan,10039,GC,ARSENAL SCAFFOLD INC,95 JERSEY STREET,NEW YORK CITY HOUSING AUTHORITY,,,Permit Issued
M01425595-I1-PMM,M01425595-I1,Initial Permit,2026-09-17,2026-09-17,2027-04-01,Protection and Mechanical Methods,"INSTALLATION OF TEMPORARY ROOF PROTECTION AS PER PLANS. TEMPORARY PROTECTION SHALL COMPLY WITH CHAPTER #33 OF THE 2022 CODE. NO CHANGE IN USE, EGRESS OR OCCUPANCY UNDER THIS APPLICATION.",13200,159-70,HARLEM RIVER DRIVE,Manhattan,10039,GC,ARSENAL SCAFFOLD INC,95 JERSEY STREET,NEW YORK CITY HOUSING AUTHORITY,,,Permit Issued
M01427336-I1-SL,M01427336-I1,Initial Permit,2026-09-17,2026-09-03,2026-10-31,Solar,"INSTALLATION OF SOLAR PANELS ON EXISTING ROOF. NO CHANGE IN USE, OCCUPANCY, OR EGRESS. NO CHANGE IN BULK",68622,156,RIVINGTON STREET,Manhattan,10002,GC,VOLTAIC SOLAIRE LLC,254 43RD STREET,ABC No Rio,,,Permit Issued
M01428150-S2-MS,M01428150-S2,Initial Permit,2026-09-17,2026-07-28,2027-01-01,Mechanical Systems,MECHANICAL WORK HEREWITH BEING FILED IN APARTMENT 6A,75000,510,PARK AVENUE,Manhattan,10022,GC,VISR MANAGMENT LLC,33 LOWER MAIN ST SUITE 3,BROWN HARRIS STEVENS,,,Permit Issued
M01429951-I1-EW-SP,M01429951-I1,Initial Permit,2026-09-17,2026-09-15,2026-12-31,Sprinklers,Sprinkler work on the 7th and 12th floor as indicated on drawings.,35672.63,7,WEST 34 STREET,Manhattan,10001,F,SIRINA FIRE PROT CORP,"450 7TH AVENUE, SUITE 506",VORNADO REALTY TRUST,,,Permit Issued
M01429962-I1-MS,M01429962-I1,Initial Permit,2026-09-17,2026-09-17,2026-12-31,Mechanical Systems,Mechanical work on the 7th and 12th floor as indicated on drawings.,389887.45,7,WEST 34 STREET,Manhattan,10001,GC,BOUND CONSTRUCTION CORP,12 CENTER STREET,VORNADO REALTY TRUST,,,Permit Issued
M01431220-I1-GC,M01431220-I1,Initial Permit,2026-09-17,2026-09-10,2026-12-23,General Construction,"Proposed interior renovation and repairing as per plan in Apt. E52. No change in egress, use and occupancy.",60000,504,GRAND STREET,Manhattan,10002,GC,NYC BUILDING SOLUTIONS CO,1202 HALSEY STREET,,,,Permit Issued
M01431342-I1-PL,M01431342-I1,Initial Permit,2026-09-17,2026-08-19,2026-11-04,Plumbing,"FILING FOR INSTALLATION OF REPLACEMENT GAS PIPING TOEXISTING GAS-FIRED HEATING APPLIANCE AND GAS-FIRED DRYER AS PER PLANS. FILING TO RESOLVE ECB VIOLATION # 39041063L. NO CHANGE IN USE, OCCUPANCY, OR EGRESS.",15000,28,WEST 87 STREET,Manhattan,10024,P,NEW YORK HEATING CORP,354 HUMBOLDT STREET,"Eine Kleine Brownstone, Inc",,,Permit Issued
M01431342-S1-MS,M01431342-S1,Initial Permit,2026-09-17,2026-08-31,2026-09-30,Mechanical Systems,FILING FOR GAS-FIRED DRYER AND ASSOCIATED EXHAUST VENT AS PER PLANS. FILING TO RESOLVE ECB VIOLATION # 39041063L.,10000,28,WEST 87 STREET,Manhattan,10024,GC,NEW YORK HEATING CORP,354 HUMBOLDT STREET,"Eine Kleine Brownstone, Inc",,,Permit Issued
M01431924-S1-PL,M01431924-S1,Initial Permit,2026-09-17,2026-08-26,2027-02-03,Plumbing,PLUMBING FIXTURE WITH ASSOCIATED PIPES FOR THE EXISTING STORE RENOVATION.,20000,1547,2 AVENUE,Manhattan,10075,P,"WATSON'S PLBG, HTG, & BDG",855 ST. NICHOLAS AVENUE,"245 EAST 80TH ST, LLC",,,Permit Issued
M01432241-I1-GC,M01432241-I1,Initial Permit,2026-09-17,2026-09-14,2027-01-05,General Construction,"HEREWITH FILING GENERAL CONSTRUCTION APPLICATION FOR THE INTERIOR APARTMENT RENOVATION ON THE FIFTH FLOOR TO APARTMENT UNIT 5B. NO CHANGE IN USE, EGRESS, OR OCCUPANCY UNDER THIS APPLICATION.",80000,16,EAST 11 STREET,Manhattan,10003,GC,LRL CONSTRUCTION INC,252 VAN BRUNT STREET,,,,Permit Issued
M01432241-S2-MS,M01432241-S2,Initial Permit,2026-09-17,2026-09-15,2027-01-05,Mechanical Systems,"MECHANICAL WORK ASSOCIATED TO THE APARTMENT RENOVATION ON THE FIFTH FLOOR TO APARTMENT UNIT 5B. NEW DUCT INSTALLATION, AND MECHANICAL UNIT INSTALL. NO CHANGE TO USE, EGRESS OR OCCUPANCY UNDER THIS APPLICATION.",12500,16,EAST 11 STREET,Manhattan,10003,GC,LRL CONSTRUCTION INC,252 VAN BRUNT STREET,,,,Permit Issued
M01432815-I1-MS,M01432815-I1,Initial Permit,2026-09-17,2026-09-17,2026-10-31,Mechanical Systems,"REPLACEMENT OF 4 TON CAPACITY ROOFTOP UNIT. NO CHANGE TO EGRESS, USE, OR OCCUPANCY.",14000,129,SPRING STREET,Manhattan,10012,GC,AFGO MECHANICAL SVCS INC,36-14 32ND STREET,H&M,,,Permit Issued
M01433738-I1-PL,M01433738-I1,Initial Permit,2026-09-17,2026-09-08,2027-04-01,Plumbing,"Modifications to the existing plumbing system on the 1st Floor retail space (Joe & the Juice) as per plans. No change to use, egress or occupancy.",109988.4,100,CHURCH STREET,Manhattan,10007,P,"M&T PLBG AND HTG CO., INC",120 EAST 13TH STREET,SL GREEN REALTY CORP,,,Permit Issued
M01434532-I1-GC,M01434532-I1,Initial Permit,2026-09-17,2026-09-09,2026-10-31,General Construction,"INTERIOR RENOVATION OF APT 1C FILED IN CONJUNCTION WITH DOB NOW PL. NO CHANGE TO USE, OCCUPANCY OR EGRESS.",131250,161,WEST 75 STREET,Manhattan,10023,GC,ARX CONSTRUCTION CORP,72-10 112TH STREET,,,,Permit Issued
M01435074-I1-MS,M01435074-I1,Initial Permit,2026-09-17,2026-08-19,2026-11-21,General Construction,"Renovation of existing duplex apt 6B-7B on the 6th and 7th floors. No change in use, egress or occupancy.",52500,173,RIVERSIDE DRIVE,Manhattan,10024,GC,AUGUST CONSTRUCTION GROU*,311 MCLEAN AVE,PR,,,Permit Issued
M01435352-I1-SG,M01435352-I1,Initial Permit,2026-09-17,2026-09-11,2026-10-31,Sign,"HALO-LIT ILLUMINATED NON-ADVERTISING ACCESSORY SIGNS APPROVED UNDER NYC LANDMARK PRESERVATION COMMISSION DOCKET# LPC-26-11943 - IN PROPERTY LINES - BALLOON MUSEUM. NO CHANGE OF USE, EGRESS OR OCCUPANCY.",2700,96,SOUTH STREET,Manhattan,10038,S,"L.S. SIGN CO., INC",1640 CENTRE STREET,NYC ECONOMIC DEVELOPMENT CORP,,,Permit Issued
M01435995-I1-GC,M01435995-I1,Initial Permit,2026-09-17,2026-09-08,2026-10-31,General Construction,"TWO NON-ILLUMINATED NON-ADVERTISING ACCESSORY AWNINGS. NO CHANGE OF USE, EGRESS OR OCCUPANCY.",9000,770,BROADWAY,Manhattan,10003,GC,"L.S. SIGN CO., INC",16-40 CENTRE STREET,VORNADO REALTY TRUST,,,Permit Issued
M01436761-I1-SC,M01436761-I1,Initial Permit,2026-09-17,2026-09-02,2027-04-01,Suspended Scaffold,Suspended Scaffolding for Facade Restoration/Repair,0,159-04,HARLEM RIVER DRIVE,Manhattan,10039,R,PREMIER CONSTRUCTION INC,204-08 JAMAICA AVENUE,NEW YORK CITY HOUSING AUTHORITY,,,Permit Issued
M01437642-S1-PL,M01437642-S1,Initial Permit,2026-09-17,2026-08-17,2027-03-05,Plumbing,"PLUMBING WORK ON APARTMENTS 1, 4, 7, 8, 10, 11, 12A, 14, 16, 17, and 18 AS PER PLANS FILED HEREWITH. NO CHANGE TO USE, EGRESS OR OCCUPANCY",91500,230,WEST 140 STREET,Manhattan,10030,P,SAMUEL & SONS P & H INC,"137-42 GUY R BREWER BLVD, STE 7",,,,Permit Issued
M01437789-I1-GC,M01437789-I1,Initial Permit,2026-09-17,2026-09-15,2027-03-22,General Construction,"Apat. #13D renovation incl. minor interior layout modifications, conversion of one bathroom into a powder room, relocation of the laundry closet door, replacement of existing through AC units and sleeves with new PTACS, refinishing wd floor",245000,430,EAST 57 STREET,Manhattan,10022,GC,NEIMAR GROUP INC,18-66 HIMROD ST,,,,Permit Issued
M01438200-S1-PL,M01438200-S1,Initial Permit,2026-09-17,2026-08-25,2027-05-01,Plumbing,"Plumbing renovation of the 1st floor for office build out. No change in use, egress or occupancy",0,1,PARK ROW,Manhattan,10038,P,J. CAIAZZO PLBG & HTG COR,1381 UTICA AVE,1 Park Row,,,Permit Issued
M01438328-S1-MS,M01438328-S1,Initial Permit,2026-09-17,2026-09-01,2027-09-17,Mechanical Systems,"Filing herewith mechanical work on the 4th FL. as per plans filed herewith. No change to use, egress or occupancy.",75990,16,WEST 22 STREET,Manhattan,10010,GC,JT MAGEN & COMPANY INC,"44 WEST 28TH STREET, 11TH FL",GFP REAL ESTATE LLC,,,Permit Issued
M01438382-I1-GC,M01438382-I1,Initial Permit,2026-09-17,2026-09-09,2027-06-05,General Construction,"EXISTING APARTMENT 7D ON 82ND STREET WITH MINOR INTERIOR RENOVATION, RESTORING THE EXISTING LAUNDRY ROOM TO ITS ORIGINAL USE AS POWDER ROOM. NO CHANGE I USE, MEANS OF EGRESS OR OCCUPANCY IN THIS APPLICATION,",68510,41,WEST 82 STREET,Manhattan,10024,GC,MCC CONTRACTOR LLC,5 HONEYSUCKLE LANE,Not Applicable,,,Permit Issued
M01438593-I1-MS,M01438593-I1,Initial Permit,2026-09-17,2026-09-16,2027-04-20,Mechanical Systems,INSTALLATION OF MECHANICAL EQUIPMENT AND PIPING AS PER PLANS,8200000,345,HUDSON STREET,Manhattan,10014,GC,JRM CONSTRUCTION MGMT LLC,"111 WEST 33RD ST, 4TH FLR",Not Applicable,,,Permit Issued
M01438617-I1-ST,M01438617-I1,Initial Permit,2026-09-17,2026-09-10,2027-04-20,Structural,STRUCTURAL INTERIOR WORK AS PER PLANS,77000,345,HUDSON STREET,Manhattan,10014,GC,JRM CONSTRUCTION MGMT LLC,"111 WEST 33RD ST, 4TH FLR",Not Applicable,,,Permit Issued
M01438661-I1-GC-CX,M01438661-I1,Initial Permit,2026-09-17,2026-08-28,2027-03-04,General Construction,"FILING FOR STRUCTURAL INTERIOR REPAIRS TO APT# 114 AS PER PLANS FILED HEREWITH. NO CHANGE IN EGRESS, USE OR OCCUPANCY.",12500,370,CENTRAL PARK WEST,Manhattan,10025,GC,LCS RESTORATION CORP,725 EAST 135TH STREET,PR,,,Permit Issued
M01438918-I1-GC,M01438918-I1,Initial Permit,2026-09-17,2026-09-15,2026-12-23,General Construction,General Construction as shown on plans filed herewith. No Change to use egress or occupancy.,99981.42,26,BROADWAY,Manhattan,10004,GC,"I & G GROUP, INC","1384 BROADWAY, SUITE 1004",BROADWAY 26 WATERVIEW LLC,,,Permit Issued
M01439344-S1-EW-SP,M01439344-S1,Initial Permit,2026-09-17,2026-09-16,2027-04-25,Plumbing,"FILING HEREWITH PLUMBING AND SPRINKLER WORK TYPE IN CONNECTION WITH THE RENOVATION OF EXISTING GROUND FLOOR TENANT COMMERICAL SPACE. NO CHANGE IN USE, EGRESS, AND OCCUPANCY INVOLVED UNDER THIS APPLICAITON.",18500,235,WEST 46 STREET,Manhattan,10036,F,PETER PLUMBING ASSOC. INC,129-09 26TH AVENUE,"RFR REALTY, LLC",,,Permit Issued
M01439344-S1-PL,M01439344-S1,Initial Permit,2026-09-17,2026-09-16,2027-04-25,Sprinklers,"FILING HEREWITH PLUMBING AND SPRINKLER WORK TYPE IN CONNECTION WITH THE RENOVATION OF EXISTING GROUND FLOOR TENANT COMMERICAL SPACE. NO CHANGE IN USE, EGRESS, AND OCCUPANCY INVOLVED UNDER THIS APPLICAITON.",18500,235,WEST 46 STREET,Manhattan,10036,P,PETER PLUMBING ASSOC. INC,129-09 26TH AVENUE,"RFR REALTY, LLC",,,Permit Issued
M01439555-I1-GC,M01439555-I1,Initial Permit,2026-09-17,2026-09-14,2027-04-01,General Construction,"Minor interior demolition. Removal & disposal of interior partitions, doors, suspended ceilings, flooring and finishes on the 40th Floor as per plans (Hines - Demo.) No change to use, egress or occupancy.",243581,3,BRYANT PARK,Manhattan,10036,GC,THEODORE WILLIAMS CONSTR,641 LEXINGTON AVE,HINES INTERESTS LIMITED PARTNERSHIP,,,Permit Issued
M01439672-I1-SG,M01439672-I1,Initial Permit,2026-09-17,2026-09-10,2026-10-31,Sign,"Propose to install non-advertising sign. No change in use, egress, or occupancy.",1000,255,VESEY STREET,Manhattan,10282,S,SERVICE SIGN ERECTORS CO,120 EAST 131ST STREET,Not Applicable,,,Permit Issued
M01439673-I1-SG,M01439673-I1,Initial Permit,2026-09-17,2026-09-14,2026-10-31,Sign,"Propose to install non-advertising sign. No change in use, egress, or occupancy.",1000,255,VESEY STREET,Manhattan,10282,S,SERVICE SIGN ERECTORS CO,120 EAST 131ST STREET,Not Applicable,,,Permit Issued
M01440111-S1-PL,M01440111-S1,Initial Permit,2026-09-17,2026-08-19,2026-10-12,Plumbing,additions/ modifications to existing plumbing system per plans filed herewith . No change to use egress or occupancy.,35000,220,EAST 72 STREET,Manhattan,10021,P,BEK PLBG & HTG LLC,16-34 HANCOCK STREET,101 WEST END REIT LLC,,,Permit Issued
M01440597-S3-EW-SP,M01440597-S3,Initial Permit,2026-09-17,2026-09-11,2026-12-31,Sprinklers,"SPRINKLER MODIFICATIONS TAKING PLACE ON THE 12TH FLOOR AS PER DRAWINGS FILED HEREWITH. NO CHANGE IN USE, EGRESS OR OCCUPANCY.",13996.3,110,EAST 60 STREET,Manhattan,10022,F,FIVE BOROUGH NYC LLC,121-06 22ND AVENUE,Lincoln Property Company,,,Permit Issued
M01440639-S2-EW-SP,M01440639-S2,Initial Permit,2026-09-17,2026-09-15,2027-02-03,Sprinklers,RELOCATION OF (1) EXISTING SPRINKLER HEAD IN IT ROOM ON 30TH FL AS PER PLANS,2000,888,7 AVENUE,Manhattan,10106,F,BEDROCK MECHANICAL INC,101-14 JAMAICA AVENUE,,,,Permit Issued
M01440971-I1-GC,M01440971-I1,Initial Permit,2026-09-17,2026-09-16,2026-12-23,General Construction,"Interior renovations to the existing office space including removal and installation of non-load bearing partitions and related finishes. No change in use, egress or occupancy.",230000,401,5 AVENUE,Manhattan,10016,GC,"I & G GROUP, INC","1384 BROADWAY, SUITE 1004",THE CHETRIT GROUP,,,Permit Issued
M01441283-I1-MS,M01441283-I1,Initial Permit,2026-09-17,2026-09-15,2026-12-31,Mechanical Systems,New Mechanical system heat pump AC unit equipment with related piping and ductwork as shown on drawings.,26000,282,WEST 132 STREET,Manhattan,10027,GC,1 ARBOR LLC,1222 AVENUE M STE 302,PR,,,Permit Issued
M01441307-I1-PL,M01441307-I1,Initial Permit,2026-09-17,2026-08-17,2026-11-10,Plumbing,"AT 27TH FLOOR NORTH TENANT SPACE, INSTALLATION OF PLUMBING FIXTURES AND RELATED PIPING AS PER PLANS FILED HEREWITH. NO CHANGE IN USE, OCCUPANCY OR EGRESS.",20000,1250,BROADWAY,Manhattan,10001,P,A&A PLUMBING CORP,33-25 126TH PLACE,1250 BROADWAY ASSOCIATES LLC,,,Permit Issued
M01441703-S1-PL,M01441703-S1,Initial Permit,2026-09-17,2026-08-19,2027-08-12,Plumbing,"Plumbing work file in conjunction with apartment renovation. No change to use, egress or occupancy.",24000,40,EAST END AVENUE,Manhattan,10028,P,FORTE EXPRESS P & H INC,"153 WEST 27TH STREET, 10TH FL",Orsid Realty Corp,,,Permit Issued
M01442322-S1-PL,M01442322-S1,Initial Permit,2026-09-17,2026-08-12,2027-06-30,Plumbing,"Interior renovation of existing commercial space to Install two new hand sink, two double basin lavatory and water closet, etc.",8000,279,ST NICHOLAS AVENUE,Manhattan,10027,P,SIGNORE & SONS PLBG CORP,2237 WEBSTER AVENUE,"MONARCH REALTY HOLDINGS, LLC",,,Permit Issued
M01443178-I1-GC,M01443178-I1,Initial Permit,2026-09-17,2026-09-01,2027-02-24,General Construction,"INTERIOR RENOVATION OF KITCHEN AND BATHROOM IN APARTMENT 6A AS PER PLANS FILED HEREWITH. NO CHANGE IN USE , EGRESS, OR OCCUPANCY. PL TO BE FILED SEPERATELLY",80000,1060,PARK AVENUE,Manhattan,10128,GC,STRUCTURE TECH WATERPROOF,"38-11 DITMARS BLVD, SUITE 758",,,,Permit Issued
M01444052-I1-GC,M01444052-I1,Initial Permit,2026-09-17,2026-09-01,2026-12-31,General Construction,Application filed for tenant fit-out at the 6th floor.,965028.24,119,WEST 125 STREET,Manhattan,10027,GC,ARCHSTONE BUILDERS LLC,"242.WEST 30TH STREET, SUITE#1003",PR,,,Permit Issued
M01444052-S1-MS,M01444052-S1,Initial Permit,2026-09-17,2026-09-01,2026-12-31,Mechanical Systems,Mechanical work for tenant space at the 6th floor,300023.46,119,WEST 125 STREET,Manhattan,10027,GC,ARCHSTONE BUILDERS LLC,"242.WEST 30TH STREET, SUITE#1003",PR,,,Permit Issued
M01444584-S1-PL,M01444584-S1,Initial Permit,2026-09-17,2026-08-19,2027-03-13,Plumbing,"NEW DOMESTIC WATER, SANITARY WASTE, AND SANITARY VENT PIPING DISTRIBUTION AS WELL AS AN ELECTRIC INSTANTANEOUS WATER HEATER TO SUPPORT THE PROPOSED PLUMBING SINK.",25000,30,ROCKEFELLER PLAZA,Manhattan,10112,P,GEOFFREY A. LAGAS & ASSOC,630 5TH AVE AVE SB 101,Not Applicable,,,Permit Issued
M01444660-I1-GC,M01444660-I1,Initial Permit,2026-09-17,2026-09-03,2027-04-01,General Construction,"NON-ILLUMINATED NON-ADVERTISING ACCESSORY ATM CANOPY WITH DOWN LIGHTING AND NON-ILLUMINATED LETTERING - WELLS FARGO. NO CHANGE OF USE, EGRESS OR OCCUPANCY.",4800,1972,BROADWAY,Manhattan,10023,GC,ULTIMATE SIGNS & DESIGNS,13709 EASTGATE PLAZA,PR,,,Permit Issued
M01444699-S1-PL,M01444699-S1,Initial Permit,2026-09-17,2026-09-03,2026-12-29,Plumbing,"PLUMBING WORK FILED IN CONJUNCTION WITH RENOVATION OF APARTMENT #4A. REPLACE FIXTURES IN POWDER ROOM AND GUEST BATHROOM, RELOCATE FIXTURES IN MASTER BATHROOM AND KITCHEN AND INSTALL NEW LAUNDRY FIXTURES. NO CHANGE IN USE, OCCUPANCY OR EGRES",48000,40,EAST 84 STREET,Manhattan,10028,P,ACCURATE MECHANICAL INC,2060 ANTIN PLACE,,,,Permit Issued
M01444737-I1-SC,M01444737-I1,Initial Permit,2026-09-17,2026-09-17,2026-10-31,Suspended Scaffold,"INSTALLATION AND USE OF OF TEMPORARY SUSPENDED SCAFFOLD EQUIPMENT OVER CATWALK AT MOUNT SINAI MEDICAL CENTER AS PER PLANS FILED HEREWITH. NO CHANGE TO USE, EGRESS OR OCCUPANCY UNDER THIS APPLICATION.",0,1190,FIFTH AVENUE,Manhattan,10029,R,B&A RESTORATION CONTR.INC,25-21 49TH STREET,PR,,,Permit Issued
M01444849-S1-PL,M01444849-S1,Initial Permit,2026-09-17,2026-09-15,2027-07-01,Plumbing,"Filing herewith plumbing scope for the replacement of CB grate and drain body; tie-ins are filed under separate application (not under this application). The scope proposed here is replacement in kind essentially. No change in use, occupanc",75000,20,LINCOLN CENTER PLAZA,Manhattan,10023,P,ASPRO PLUMBING INC,127-08 MERRICK BLVD,DAVID H KOCH THEATER AT LINCOLN CEN,,,Permit Issued
M01445189-I1-PL,M01445189-I1,Initial Permit,2026-09-17,2026-09-15,2026-10-31,Plumbing,"Installation of kitchen pantry, 2 ADA restrooms, a wellness room sink, a bottle filler coffee machine. Existing fixtures in core restroom to be replaced in kind. Rough-in piping to remain in core restroom. New installation of sprinklers, br",367330.25,277,PARK AVENUE,Manhattan,10172,P,"PAR PLUMBING CO., INC",101 PARK AVENUE LOWER LOBBY,"277 PARK AVENUE, LLC",,,Permit Issued
M01445423-I1-GC,M01445423-I1,Initial Permit,2026-09-17,2026-09-11,2026-10-31,General Construction,"NON-ILLUMINATED NON-ADVERTISING ACCESSORY STOREFRONT AWNING - THE UPS STORE. NO CHANGE OF USE, EGRESS OR OCCUPANCY.",5400,393,CANAL STREET,Manhattan,10013,GC,"L.S. SIGN CO., INC",16-40 CENTRE STREET,Not Applicable,,,Permit Issued
M01446288-I1-SC,M01446288-I1,Initial Permit,2026-09-17,2026-09-15,2026-10-31,Suspended Scaffold,Installation of suspended scaffold for facade inspection/repair.,0,272,WEST 107 STREET,Manhattan,10025,R,STREAMLINE CONSULTANTS NY,111-11 101ST STREET FL.1,"SOLSTICE RESIDENTIAL GROUP, LLC",,,Permit Issued
M01446956-I1-GC,M01446956-I1,Initial Permit,2026-09-17,2026-09-16,2027-08-31,General Construction,"GENERAL CONSTRUCTION WORK ON THE 27TH CONSTRUCTION FLOOR (28TH MARKETING) AS PER PLANS FILED HEREWITH. NO CHANGE IN USE, EGRESS, OR OCCUPANCY.",22540,32,OLD SLIP,Manhattan,10005,GC,CLUNE CONSTRUCTION CO LP,"655 THIRD AVENUE, 10TH FLOOR",Not Applicable,,,Permit Issued
M01447018-I1-MS,M01447018-I1,Initial Permit,2026-09-17,2026-09-11,2026-12-27,Mechanical Systems,"Propose to install one (1) water cooled condensing unit, one (1) air-handling unit and three (3) ceiling cassettes. No change to use, egress or occupancy.",65000,1776,BROADWAY,Manhattan,10019,GC,REMI INTERIORS INC,16 HARNESS LANE,Resolution Real Estate,,,Permit Issued
M01447050-I1-MS,M01447050-I1,Initial Permit,2026-09-17,2026-08-28,2027-06-30,Mechanical Systems,"EXISTING COMMERCIAL KITCHEN VENTING ALTERATIONS INCLUDING REPLACEMENT GREASE EXHAUST FAN, EXTENSION OF GREASE DUCT TO ROOF, NEW MAKEUP AIR SYSTEM UNDER MECHANICAL WORK TYPE ONLY. NO CHANGE IN USE, EGRESS OR OCCUPANCY",15000,45,BEEKMAN STREET,Manhattan,10038,GC,DONE RIGHT HOOD & FIRE SA,317 LIBERTY AVE,PR,,,Permit Issued
M01447136-I1-ST,M01447136-I1,Initial Permit,2026-09-17,2026-09-09,2026-12-31,Structural,"Utilize,repair, or modify existing reusable connection points on the bldg for temp decorative holiday displays as shown on plans. Pursuant to 28-105.4.5, #6 AC,these points may be reused perpetually for such displays.No change in use, egres",5000,23,EAST 57 STREET,Manhattan,10022,GC,"DEZAIO PRODUCTIONS, INC","20-10 MAPLE AVE, BLDG 31C",PR,,,Permit Issued
M01448290-I1-SC,M01448290-I1,Initial Permit,2026-09-17,2026-09-17,2026-10-19,Suspended Scaffold,Installation of a suspended scaffold for Facade Inspection and repair as per plan submitted. No change to egress or occupancy.,0,432,PARK AVENUE,Manhattan,10022,R,NEW AMSTERDAM RESTORATION,60-06 55TH DRIVE,PR,,,Permit Issued
M01448301-I1-MS,M01448301-I1,Initial Permit,2026-09-17,2026-09-11,2027-07-01,Mechanical Systems,Mechanical changes as indicated on plans..,61720,100,PARK AVENUE,Manhattan,10017,GC,A.W. & S. CONSTRUCTION CO,211 EAST 43RD STREET 21ST FL,SL GREEN REALTY CORP,,,Permit Issued
M01448855-I1-BE,M01448855-I1,Initial Permit,2026-09-17,2026-09-14,2026-12-31,Boiler Equipment,REPLACEMENT (1) NEW LOW PRESSURE BOILER. REPLACEMENT (1) NEW COMBINATION GAS/OIL BURNER. NO CHANGE IN MEANS OF EGRESS USE GROUP OR OCCUPANCY.,300000,1200,BROADWAY,Manhattan,10001,O,APPROVED OIL CO OF BKLYN,6717 4TH AVENUE,Not Applicable,,,Permit Issued
M01448855-S2-GC,M01448855-S2,Initial Permit,2026-09-17,2026-09-16,2026-12-31,General Construction,NEW STEAM TRAPS ON RETURNS AND CONDENSATE TANKS. NO CHANGE IN MEANS OF EGRESS USE GROUP OR OCCUPANCY.,79500,1200,BROADWAY,Manhattan,10001,GC,BELL FUEL OIL LLC,6717 4 AVENUE FL 1,Not Applicable,,,Permit Issued
M01449028-I1-MS,M01449028-I1,Initial Permit,2026-09-17,2026-09-16,2027-01-03,Mechanical Systems,MECHANICAL SYSTEMS ALTERATIONS IN EXISTING BLDG - REPLACEMENT OF SPLIT SYSTEMS SERVING EXISTING OFFICE SPACES.,72000,240,MADISON AVENUE,Manhattan,10016,GC,MALEK & RAKSHAN ASS,26 OAK ROAD,Bluestar Alliance,,,Permit Issued
M01449634-I1-GC,M01449634-I1,Initial Permit,2026-09-17,2026-09-03,2027-02-15,General Construction,"PROPOSED EXTERIOR FACADE RESTORATION AS PER PLANS FILED HEREWITH.NO CHANGE IN USE, EGRESS OR OCCUPANCY.",50540,1854,7 AVENUE,Manhattan,10026,GC,ZORIA CONSTRUCTION NY INC,32 HILL AVENUE,PR,,,Permit Issued
M01449662-I1-GC,M01449662-I1,Initial Permit,2026-09-17,2026-09-03,2027-02-15,General Construction,"PROPOSED EXTERIOR FACADE RESTORATION AS PER PLANS FILED HEREWITH.NO CHANGE IN USE, EGRESS OR OCCUPANCY.",40000,1858,7 AVENUE,Manhattan,10026,GC,ZORIA CONSTRUCTION NY INC,32 HILL AVENUE,PR,,,Permit Issued
M01450198-I1-GC,M01450198-I1,Initial Permit,2026-09-17,2026-09-11,2026-12-30,General Construction,"GP3 OR20: MODIFICATION TO INTERIOR PARTITIONS AND FINISHES TO ACCOMMODATE THE OR20 ROOM UPGRADE, GREENBERG PAVILION, IN THE EXISTING HOSPITAL BUILDING. NO CHANGE TO ZONING, USE, EGRESS OR OCCUPANCY.",300000,541,EAST 68 STREET,Manhattan,10065,GC,CONSIGLI CONSTRUCTION CO,72 SUMNER STREET,NEW YORK PRESBYTERIAN HOSPITAL,,,Permit Issued
M01450299-I1-SC,M01450299-I1,Initial Permit,2026-09-17,2026-09-16,2026-12-22,Suspended Scaffold,Installation of a suspended scaffold for Facade Inspection and repair as per plan submitted. No change to egress or occupancy.,0,201,WEST 21 STREET,Manhattan,10011,R,J&S WATERPROOFING LLC,14 OLIVE STREET,PR,,,Permit Issued
M01450793-I1-SC,M01450793-I1,Initial Permit,2026-09-17,2026-09-17,2026-12-21,Suspended Scaffold,Suspended Scaffold for Facade Restoration as Shown on Plans,0,295,CONVENT AVENUE,Manhattan,10031,R,SHR3 CONSTRUCTION CORP,281 LIBERTY AVE,A1 FANTASTIC CONSTRUCTION,,,Permit Issued
M01451267-I1-MS,M01451267-I1,Initial Permit,2026-09-17,2026-09-09,2026-12-31,Mechanical Systems,"Respectfully request to install mini spilt system with associated ductwork. No change in use, egress, or occupancy.",150000,895,WEST END AVENUE,Manhattan,10025,GC,ALL MAKES HTG & A/C CORP,365 WHITE PLAINS RD,"DYNAMIC BUILDING CONSULTANTS, INC",,,Permit Issued
M01452861-I1-GC,M01452861-I1,Initial Permit,2026-09-17,2026-09-15,2026-10-31,General Construction,"Minor demolition with installation of new interior partitions, doors, suspended ceilings and finishes on 9th Floor as per plans. No change to use, egress or occupancy.",615000,810,SEVENTH AVENUE,Manhattan,10019,GC,TURNER CONSTRUCTION COMPA,66 HUDSON BLVD E,SL GREEN REALTY CORP,,,Permit Issued
M01452869-I1-MS,M01452869-I1,Initial Permit,2026-09-17,2026-09-11,2026-10-31,Mechanical Systems,"Modifications to the existing HVAC system on the 9th floor as per plans. No change to use, egress or occupancy.",150000,810,7 AVENUE,Manhattan,10019,GC,TURNER CONSTRUCTION COMPA,66 HUDSON BLVD E,SL GREEN REALTY CORP,,,Permit Issued
M01454676-I1-GC,M01454676-I1,Initial Permit,2026-09-17,2026-09-14,2027-07-01,General Construction,"INTERIOR COMMERCIAL SPACE RENOVATION AS PER PLANS FILED HEREWITH. NO CHANGE TO USE, EGRESS, OR OCCUPANCY.",68000,520,MADISON AVENUE,Manhattan,10022,GC,A.W. & S. CONSTRUCTION CO,211 EAST 43RD STREET 21ST FL,RCPI Landmarks LLC,,,Permit Issued
M01454676-S1-MS,M01454676-S1,Initial Permit,2026-09-17,2026-09-14,2027-07-01,Mechanical Systems,"NEW VAV BALANCING AND CONTROLS AS PER PLANS FILED HEREWITH. NO CHANGE TO USE, EGRESS, OR OCCUPANCY.",9000,520,MADISON AVENUE,Manhattan,10022,GC,A.W. & S. CONSTRUCTION CO,211 EAST 43RD STREET 21ST FL,RCPI Landmarks LLC,,,Permit Issued
M01454807-I1-EW-SP,M01454807-I1,Initial Permit,2026-09-17,2026-09-11,2026-12-31,Sprinklers,Installation of temporary sprinkler loop on the 8th floor as indicated on drawings,32900,1,PENN PLAZA,Manhattan,10119,F,ALLSTATE SPRINKLER LLC,1869 WHITE PLAINS ROAD,VORNADO REALTY TRUST,,,Permit Issued
M01455406-I1-MS,M01455406-I1,Initial Permit,2026-09-17,2026-09-15,2026-12-29,Mechanical Systems,FILING FOR 5 TON SPLIT AC UNIT FOR WELCOME CENTER AT 250 FIRST AVE. OBTAIN CERTIFICAGTE OF COMPLIANCE. MECHANICAL WORKTYPE FILED AND SIGNED OFF UNDER 122263460.,20000,250,FIRST AVENUE,Manhattan,10009,GC,METRO MECHANICAL LLC,8815 DITMAS AVENUE,BPP ST OWNER LLC,,,Permit Issued
M01455514-I1-GC,M01455514-I1,Initial Permit,2026-09-17,2026-09-16,2027-09-17,General Construction,"Removal of Interior non load bearing partitions partitions. No change in occupancy, use or egress.",52000,920,BROADWAY,Manhattan,10010,GC,JT MAGEN & COMPANY INC,"44 WEST 28TH STREET, 11TH FL",PR,,,Permit Issued
M01455534-I1-PL,M01455534-I1,Initial Permit,2026-09-17,2026-09-17,2027-01-01,Plumbing,"Modifications to the existing plumbing system on the 20th & 21st Floors (TD Securities) as per plans. No change to use, egress or occupancy.",6000,125,PARK AVENUE,Manhattan,10017,P,ASHLAND PLUMBING CORP,708 THIRD AVENUE,,,,Permit Issued
M01456857-I1-GC,M01456857-I1,Initial Permit,2026-09-17,2026-09-16,2026-10-01,General Construction,"Foster Display Group to install a temporary booth, Bandai (Tamashii) Booth #2417, within an existing exhibition building on LVL 3 / Exhibit Hall 3B for New York Comic Con 2026. Scheduled October 05 - 13, 2026. No change in use, egress, or o",20000,601,WEST 34 STREET,Manhattan,10001,GC,NY CONVENTION CENTER,655 WEST 34TH STREET,KENNETH J. SANCHEZ,,,Permit Issued
M01457317-I1-FN,M01457317-I1,Initial Permit,2026-09-17,2026-09-14,2027-01-26,Construction Fence,"INSTALLATION OF TEMPORARY CONSTRUCTION FENCE AS INDICATED ON PLANS. THERE WILL BE NO CHANGE IN THE USE, EGRESS, OR OCCUPANCY UNDER THIS APPLICATION.",10000,500,WEST 42 STREET,Manhattan,10036,GC,CH CO INC,14-37 30TH ROAD,CH CO INC,,,Permit Issued
M01457417-I1-GC,M01457417-I1,Initial Permit,2026-09-17,2026-09-14,2026-11-03,General Construction,"INTERIOR ALTERATIONS OF EXISTING GROUND FLOOR COMMERCIAL TENANT SPACE TO INCLUDE NON-LOAD BEARING DEMO, PARTITION AND FINISHES WORK. NO CHANGE TO USE, OCCUPANCY OR EGRESS",50000,111,JOHN STREET,Manhattan,10038,GC,L & L PROPETY ENTERPRISES,1649 WOODLAND AVENUE,"7-Eleven, Inc.",,,Permit Issued
M01458614-I1-PL,M01458614-I1,Initial Permit,2026-09-17,2026-09-15,2026-12-11,Plumbing,"INTERIOR PLUMBING WORK FOR THE INSTALLATION OF 2 NEW LAVS, 2 NEW TOILETS & UNDERGROUND PIPING FOR WASTE & VENT FOR NEW BATHROOMS IN CONJUNCTION WITH GC APPLICATION #M01404698. NO CHANGE TO USE, EGRESS OR OCCUPANCY UNDER THIS APPLICATION.",20000,140,WEST 46 STREET,Manhattan,10036,P,J&M PLUMBING OF WESTCHEST,284 E. 236TH STREET,PMACS HOSPITALITY,,,Permit Issued
M01458662-I1-SH,M01458662-I1,Initial Permit,2026-09-17,2026-09-17,2026-12-16,Sidewalk Shed,"installation of heavy duty sidewalk shed. no change in use, occupancy or egress. all work to comply with chapter 33 of nycbc",4000,422,EAST 116 STREET,Manhattan,10029,GC,KINGS GROUP NY CORP,183-02 LIBERTY AVE,KINGS GROUP NY CORP,,,Permit Issued
M01459542-S1-PMM,M01459542-S1,Initial Permit,2026-09-17,2026-09-17,2027-06-27,Protection and Mechanical Methods,"INSTALLATION OF A TEMPORARY ROOF PROTECTION AS PER PLANS DURING GENERAL CONSTRUCTION. NO CHANGE IN USE, EGRESS OR OCCUPANCY. ROOF PROTECTION TO COMPLY WITH 2022 NYC BUILDING CODE, CHAPTER 33.",5000,33,WEST 124 STREET,Manhattan,10027,GC,CONSOLIDATED SCAFFOLDING,20 PARK ROAD,CONSOLIDATED SCAFFOLDING INC.,,,Permit Issued
M01459829-I1-GC,M01459829-I1,Initial Permit,2026-09-17,2026-09-16,2026-10-12,General Construction,"Temporary and portable structures for a Red Bull Origins event at Gotham Park. Removed at the end of the programing. No changes to existing structures, use or egress.",7500,1,MANHATTAN PLAZA,Manhattan,10007,GC,NEW YORK DESIGN & CONST,110 PROSPECT STREET,The Boardr,,,Permit Issued
M01460232-I1-GC,M01460232-I1,Initial Permit,2026-09-17,2026-09-16,2027-06-30,General Construction,"Temporary platform for Return of The Buffalo adjacent to Bowling Green. Removed at the end of the programing. No changes to existing structures, use or egress.NYC Parks permit number is 947467.",2000,1,MANHATTAN PLAZA,Manhattan,10007,GC,"ST.ANN'S WAREHOUSE,INC",45 WATER STREET,St. Ann's Warehouse,,,Permit Issued
M01460728-I1-PMM,M01460728-I1,Initial Permit,2026-09-17,2026-09-17,2027-02-17,Protection and Mechanical Methods,"INSTALLATION OF TEMPORARY PLATFORM AS PER PLANS. NO CHANGE IN USE, EGRESS OR OCCUPANCY SHALL COMPLY WITH CHAPTER#33 OF 2022 THE NY BUILDING CODE.",1000,262,5 AVENUE,Manhattan,10001,GC,ANDAMIO SCAFFOLDING LLC,20 BURLING LANE (BOX 4-1),FIVE POINTS 262 PROJECT LLC,,,Permit Issued
M01460732-I1-PMM,M01460732-I1,Initial Permit,2026-09-17,2026-09-17,2027-02-17,Protection and Mechanical Methods,"INSTALLATION OF TEMPORARY PROTECTION AS PER PLANS. NO CHANGE IN USE, EGRESS OR OCCUPANCY SHALL COMPLY WITH CHAPTER#33 OF 2022 THE NY BUILDING CODE.",1000,262,5 AVENUE,Manhattan,10001,GC,ANDAMIO SCAFFOLDING LLC,20 BURLING LANE (BOX 4-1),FIVE POINTS 262 PROJECT LLC,,,Permit Issued
M01460779-I1-GC,M01460779-I1,Initial Permit,2026-09-17,2026-09-16,2026-10-01,General Construction,"Temporary tent on the sidewalk for a red carpet, adjacent to the Chelsea Hotel on W23rd Street. Removed at the end of the programing. No changes to existing structures, use or egress. MOFTB permit # 47608",5000,1,MANHATTAN PLAZA,Manhattan,10007,GC,ACE RENTAL CORP,22 HARBOR PARK DRIVE,ACE RENTAL CORP,,,Permit Issued
M01460814-I1-PMM,M01460814-I1,Initial Permit,2026-09-17,2026-09-17,2026-12-31,Protection and Mechanical Methods,"INSTALLATION OF TEMPORARY OVERHEAD PROTECTION IN ACCORDANCE WITH NYCC 2022 CHAPTER 33 BUILDING CODE. NO CHANGE IN EGRESS, USE, OR OCCUPANCY.",1000,4,WEST 40 STREET,Manhattan,10018,GC,ADVANCED SCAFFOLD SER.LLC,620 R OAKWOOD AVENUE,PR,,,Permit Issued
M01461396-I1-SF,M01461396-I1,Initial Permit,2026-09-17,2026-09-17,2027-01-19,Supported Scaffold,"INSTALLATION OF 300PSF SIDEWALK SHED AND PIPE SCAFFOLDING AS PER PLANS. SIDEWALK SHED AND PIPE SCAFFOLDING SHALL COMPLY WITH CHAPTER #33 OF THE 2022 CODE NO CHANGE IN USE, EGRESS OR OCCUPANCY UNDER THIS APPLICATION.",5000,4,EAST 74 STREET,Manhattan,10021,GC,PLATINUM SERVICES NY LLC,53-28 11TH STREET 2ND FL,PLATINUM SERVICES NY LLC,,,Permit Issued
M01461396-I1-SH,M01461396-I1,Initial Permit,2026-09-17,2026-09-17,2026-12-16,Sidewalk Shed,"INSTALLATION OF 300PSF SIDEWALK SHED AND PIPE SCAFFOLDING AS PER PLANS. SIDEWALK SHED AND PIPE SCAFFOLDING SHALL COMPLY WITH CHAPTER #33 OF THE 2022 CODE NO CHANGE IN USE, EGRESS OR OCCUPANCY UNDER THIS APPLICATION.",5000,4,EAST 74 STREET,Manhattan,10021,GC,PLATINUM SERVICES NY LLC,53-28 11TH STREET 2ND FL,PLATINUM SERVICES NY LLC,,,Permit Issued
M01461431-I1-SF,M01461431-I1,Initial Permit,2026-09-17,2026-09-17,2027-01-19,Supported Scaffold,"PROPOSED INSTALLATION OF TEMPORARY PIPE SCAFFOLD AS PER PLANS. WORK SHALL COMPLY WITH CHAPTER #33 OF 2022 THE NYC BUILDING CODE. NO CHANGE IN USE, OCCUPANCY, OR EGRESS UNDER THIS APPLICATION.",1000,79,CLINTON STREET,Manhattan,10002,GC,PLATINUM SERVICES NY LLC,53-28 11TH STREET 2ND FL,PLATINUM SERVICES NY LLC,,,Permit Issued
M08054534-I1-MS,M08054534-I1,Initial Permit,2026-09-17,2023-12-04,2027-04-01,Mechanical Systems,"MECHANICAL INSTALLATION OF THROUGH WALL UNITS AND EQUIPMENT IN CONJUNCTION WITH THE RENOVATION OF APARTMENT 9B ON THE 9TH FLOOR AS PER PLANS FILED HEREWITH. NO CHANGE TO USE, EGRESS, OR OCCUPANCY",27000,300,CENTRAL PARK WEST,Manhattan,10024,GC,MAIN STREET PROPERTIES US,38 MT. GREY ROAD,300 CPW APARTMENTS CORP.,,,Permit Issued
Q00617404-S4-FO-EA,Q00617404-S4,Initial Permit,2026-09-17,2026-09-02,2027-02-01,Earth Work,FOUNDATION & EARTHWORK FILED SUBSEQUENTLY TO NB JOB #Q00617404,1000,31-06,24 ROAD,Queens,11102,GC,CITY WIDE BUILDERS GRP IN,"31 SPENCER STREET., 11TH FL",THE VAJA GROUP,,,Permit Issued
Q01074645-S1-ST,Q01074645-S1,Initial Permit,2026-09-17,2026-01-08,2027-03-31,Structural,"Strengthen existing first-floor wood joists, as shown on drawings.",28000,18-20,FLUSHING AVENUE,Queens,11385,GC,DRL SERVICES LLC,"1 CORPORATE PLACE S, STE140",Greater Ridgewood Historical Societ,,,Permit Issued
Q01151222-I1-GC,Q01151222-I1,Initial Permit,2026-09-17,2025-01-08,2027-04-30,General Construction,Repair/repoint select areas of damaged exterior brick and stone; Remove existing coatings on brick and replace with new breathable coating; Repair copper bulkhead roofs; Repair/replace select stone window sills and parapet coping stones.,2000000,91-02,88 AVENUE,Queens,11421,GC,CREATIVE TOUCH CONSTRUCTI,817 FOSTER AVENUE,NYC SCHOOL CONSTRUCTION,,,Permit Issued
Q01232644-S2-MS,Q01232644-S2,Initial Permit,2026-09-17,2026-09-10,2027-03-04,Mechanical Systems,INSTALLATION OF AC UNITS AS PER PLANS FILED HEREWITH.,60000,122-20,LIBERTY AVENUE,Queens,11419,GC,MERCURY BUILDING ASSO INC,124-15 METROPOLITAN AVENUE,2690 JAMAICA LLC,,,Permit Issued
Q01263805-S2-FO,Q01263805-S2,Initial Permit,2026-09-17,2026-06-09,2027-01-20,Foundation,FILING FOR FOUNDATION WORK IN CONJUCTION WITH NEW BUILDING# Q01263805-I1,0,23-07,43 AVENUE,Queens,11101,GC,GRAND CONSTRUCTION & DEV*,112-15 NORTHERN BLVD,GRAND CONSTRUCTION AND DEVELOPMENT,,,Permit Issued
Q01291717-S2-SH,Q01291717-S2,Initial Permit,2026-09-17,2025-09-25,2026-12-04,Construction Fence,FILING HEREWITH TEMPORARY 8 FEET HIGH WOOD FENCE AND A TEMPORARY SIDEWALK SHED FOR A NEW THIRD STORY CONSTRUCTION. JOB FILED IN CONJUNCTION WITH # Q01259268-I1. THANK YOU,10000,245-35B,76 AVENUE,Queens,11426,GC,PERSI CONTRACTING CORP,804 JERICHO TPKE,"GLEN OAKS VILLAGE OWNERS, INC.",,,Permit Issued
Q01295017-I1-FO-EA,Q01295017-I1,Initial Permit,2026-09-17,2026-05-28,2027-02-24,Structural,PROPOSE A THREE STORY WITH TWO FAMILY DWELLING UNITS. OBTAIN NEW C OF O.,0,46-52,162 STREET,Queens,11358,GC,STREAM ROCK CONTSRUCTION*,963 FOREST HILL ROAD,4650 PROPERTY LLC,,,Permit Issued
Q01295017-I1-ST,Q01295017-I1,Initial Permit,2026-09-17,2026-05-28,2027-02-24,Mechanical Systems,PROPOSE A THREE STORY WITH TWO FAMILY DWELLING UNITS. OBTAIN NEW C OF O.,0,46-52,162 STREET,Queens,11358,GC,STREAM ROCK CONTSRUCTION*,963 FOREST HILL ROAD,4650 PROPERTY LLC,,,Permit Issued
Q01323800-I1-GC,Q01323800-I1,Initial Permit,2026-09-17,2026-01-28,2027-08-25,General Construction,ALT-2 FILING FOR PROVISION OF 3-PIECE BATHROOM IN CELLAR FLOOR WITH WASHER AND DRYER.,23100,83-36,253 STREET,Queens,11426,GC,ALL ZONE CONSTRUCTION INC,135-50 124TH ST,Not Applicable,,,Permit Issued
Q01338727-S3-EW-SP,Q01338727-S3,Initial Permit,2026-09-17,2026-07-17,2026-12-17,Sprinklers,herewith filed to modify ext'g sprinkler head layout in ext'g commercial space.,5500,81-07,KEW GARDENS ROAD,Queens,11415,F,FIREQUEST CORP,151 28TH STREET,FBL DEVELOPMENT,,,Permit Issued
Q01352223-I1-FD,Q01352223-I1,Initial Permit,2026-09-17,2026-05-12,2026-12-17,Full Demolition,HAND DEMOLITION OF 2-STORY RESIDENTIAL BUILDING.,20000,15,PELHAM WALK,Queens,11697,GC,MALBRO CONST SERVICES INC,213-12 ROCKAWAY POINT BLVD,"BREEZY POINT COOPERATIVE, INC.",,,Permit Issued
Q01353566-I1-GC,Q01353566-I1,Initial Permit,2026-09-17,2026-08-17,2027-02-24,Mechanical Systems,PROPOSED A NEW 2-STORY RESIDENCE FOR A SINGLE-FAMILY DETACHED RESIDENCE WITH AN ANCILLARY DWELLING UNIT. PROPOSED ADU LOCATED AT THE REAR OF THE 1ST FLOOR WITH THE MAIN ENTRANCE FACING THE SIDE YARD. OBTAIN A NEW CERTIFICATE OF OCCUPANCY.,0,33-15,BELL BOULEVARD,Queens,11361,GC,STREAM ROCK CONTSRUCTION*,963 FOREST HILL ROAD,3315 BELL LLC,,,Permit Issued
Q01353566-I1-MS,Q01353566-I1,Initial Permit,2026-09-17,2026-08-17,2027-02-24,General Construction,PROPOSED A NEW 2-STORY RESIDENCE FOR A SINGLE-FAMILY DETACHED RESIDENCE WITH AN ANCILLARY DWELLING UNIT. PROPOSED ADU LOCATED AT THE REAR OF THE 1ST FLOOR WITH THE MAIN ENTRANCE FACING THE SIDE YARD. OBTAIN A NEW CERTIFICATE OF OCCUPANCY.,0,33-15,BELL BOULEVARD,Queens,11361,GC,STREAM ROCK CONTSRUCTION*,963 FOREST HILL ROAD,3315 BELL LLC,,,Permit Issued
Q01358033-S1-PL,Q01358033-S1,Initial Permit,2026-09-17,2026-04-22,2026-12-26,Plumbing,ADD NEW PLUMBING FIXTURES AND GAS EQUIPMENT IN A EXIST. RESTAURANT.,90000,37-08A,73 STREET,Queens,11372,P,AUSTIN PLBG & HTG CO.INC,802 JAMAICA AVENUE,AZAM DEVELOPMENT GROUP,,,Permit Issued
Q01360484-I1-GC,Q01360484-I1,Initial Permit,2026-09-17,2026-06-04,2026-10-18,General Construction,THIS APPLICATION IS FILED TO ADDRESS VIOLATION NUMBERS OATH/ECV 39130160H & DOB VIOLATION VIO24-02946,42750,145-51 GAR,SHORE AVENUE,Queens,11435,GC,LIONHEART CONSTRUCTION CO,109-33 213TH STREET,Not Applicable,,,Permit Issued
Q01361670-I1-FD,Q01361670-I1,Initial Permit,2026-09-17,2026-06-26,2026-10-28,Full Demolition,HAND DEMOLITION OF EXISTING GARAGE,5000,43-15 GAR,164 STREET,Queens,11358,GC,FULIN CONSTRUCTION NY INC,146-40 32ND AVENUE,EHL DEVELOPMENT LLC,,,Permit Issued
Q01363431-S1-FO,Q01363431-S1,Initial Permit,2026-09-17,2026-08-11,2027-01-15,Foundation,subsequent filing foudation work,1000,76-53,268 STREET,Queens,11040,GC,PRIMROSE SERVICE INC,"4010 193RD ST, 2B",Not Applicable,,,Permit Issued
Q01363431-S2-ST,Q01363431-S2,Initial Permit,2026-09-17,2026-08-11,2027-01-15,Structural,subsequent file structural work,1000,76-53,268 STREET,Queens,11040,GC,PRIMROSE SERVICE INC,"4010 193RD ST, 2B",Not Applicable,,,Permit Issued
Q01369562-I1-FD,Q01369562-I1,Initial Permit,2026-09-17,2026-05-27,2026-12-17,Full Demolition,HAND DEMOLITION OF 1-STORY RESIDENTIAL BUILDING.,20000,13,ATLANTIC WALK,Queens,11697,GC,MALBRO CONST SERVICES INC,213-12 ROCKAWAY POINT BLVD,"BREEZY POINT COOPERATIVE, INC.",,,Permit Issued
Q01375009-S2-ST,Q01375009-S2,Initial Permit,2026-09-17,2026-06-22,2027-09-14,Structural,"INSTALLATION OF STRUCTURAL WORK INVOLVED IN PARTIAL DEMO AS PER THE PLANS FILED HEREWITH. NO CHANGE IN USE, OCCUPANCY OR EGRESS.",200000,53-21,240 STREET,Queens,11362,GC,HY DESIGN & DEVELOPMENT L,47-27 195TH STREET,HY DESIGN & DEVELOPMENT L,,,Permit Issued
Q01389833-I1-PL,Q01389833-I1,Initial Permit,2026-09-17,2026-07-22,2027-09-11,Plumbing,CAP AND REMOVE SHOWER AND KITCHEN SINK ON 1ST FLOOR,5000,115-20,ROCKAWAY BOULEVARD,Queens,11420,P,L&J PLG & HTG CO OF NY IN,54-11 NORTHERN BLVD 2ND FLOOR,N/A,,,Permit Issued
Q01391484-I1-GC,Q01391484-I1,Initial Permit,2026-09-17,2026-07-22,2027-02-24,Mechanical Systems,PROPOSED A NEW 2-STORY RESIDENCE FOR A SINGLE-FAMILY DETACHED RESIDENCE WITH AN ANCILLARY DWELLING UNIT. PROPOSED ADU LOCATED AT THE REAR OF THE 1ST FLOOR WITH THE MAIN ENTRANCE FACING THE SIDE YARD. OBTAIN A NEW CERTIFICATE OF OCCUPANCY.,0,33-11,BELL BOULEVARD,Queens,11361,GC,STREAM ROCK CONTSRUCTION*,963 FOREST HILL ROAD,3315 BELL LLC,,,Permit Issued
Q01391484-I1-MS,Q01391484-I1,Initial Permit,2026-09-17,2026-07-22,2027-02-24,General Construction,PROPOSED A NEW 2-STORY RESIDENCE FOR A SINGLE-FAMILY DETACHED RESIDENCE WITH AN ANCILLARY DWELLING UNIT. PROPOSED ADU LOCATED AT THE REAR OF THE 1ST FLOOR WITH THE MAIN ENTRANCE FACING THE SIDE YARD. OBTAIN A NEW CERTIFICATE OF OCCUPANCY.,0,33-11,BELL BOULEVARD,Queens,11361,GC,STREAM ROCK CONTSRUCTION*,963 FOREST HILL ROAD,3315 BELL LLC,,,Permit Issued
Q01391484-S1-FO-EA,Q01391484-S1,Initial Permit,2026-09-17,2026-08-28,2027-02-24,Earth Work,"INSTALLATION OF SOE AND FOUNDATION AS PER THE PLANS FILED HEREWITH. NO CHANGE IN USE, OCCUPANCY OR EGRESS.",0,33-11,BELL BOULEVARD,Queens,11361,GC,STREAM ROCK CONTSRUCTION*,963 FOREST HILL ROAD,3315 BELL LLC,,,Permit Issued
Q01406546-I1-GC,Q01406546-I1,Initial Permit,2026-09-17,2026-06-03,2027-04-10,General Construction,"INSTALL STOREFRONT AWNING WITH MAX. 12 HEIGHT & MAX. 12 SQ.FT. OF LETTERING 122-02 ON 1ST FLOOR EXTERIOR WALL. NO CHANGES IN USE, EGRESS OR OCCUPANCY",46680,122-02,LIBERTY AVENUE,Queens,11419,GC,AMERICAN BUILDING SOLUTIO,144-45 41ST AVENUE APT#2Y,120 KING LLC,,,Permit Issued
Q01406797-I1-GC-CX,Q01406797-I1,Initial Permit,2026-09-17,2026-09-15,2026-10-18,Mechanical Systems,INTERIOR RENOVATION TO CONVERT EXISTING 4-DWELLING UNIT TO 3-DWELLING UNIT. OBTAIN NEW C OF O.,124200,103-42,51 AVENUE,Queens,11368,GC,KALE CONSTRUCTION INC,145-12 24 AVE,N/A,,,Permit Issued
Q01407186-S1-PL,Q01407186-S1,Initial Permit,2026-09-17,2026-09-09,2026-11-11,Plumbing,"WATER/ SANITARY WORK ONLY. RELOCATE (2) TOILETS (2) LAVS ON 1ST FLOOR INSTALL ONE NEW GREASE INTERCEPTOR, SUMP PUMP AND NON GAS WATER HEATER IN CELLAR. INSTALL . INSTALL NEW (5) SINKS, ONE DISHWASHER ON 1ST FLOOR",48000,685,WOODWARD AVENUE,Queens,11385,P,NEW AGE PLUMBING MECHANIC,152-32 ROCKAWAY BLVD,PRIME ROK REAL ESTATE,,,Permit Issued
Q01410377-I1-GC,Q01410377-I1,Initial Permit,2026-09-17,2026-06-18,2026-12-31,General Construction,"INTERIOR RENOVATION OF THE EXISTING APARTMENT F9. NO CHANGE IN USE, EGRESS OR OCCUPANCY.",50000,3606,30 STREET,Queens,11106,GC,NEW YORK CONSTRUCTION MA*,"14425 ROOSEVELT AVE, APT# 704",PR,,,Permit Issued
Q01410382-I1-FD,Q01410382-I1,Initial Permit,2026-09-17,2026-06-17,2027-02-24,Full Demolition,HAND DEMOLITION OF GARAGE,5000,40-43 GAR,194 STREET,Queens,11358,GC,STREAM ROCK CONTSRUCTION*,963 FOREST HILL ROAD,N/A,,,Permit Issued
Q01410440-S2-PL,Q01410440-S2,Initial Permit,2026-09-17,2026-07-24,2026-09-28,Plumbing,"Filing plans herewith for the plumbing work related to interior renovations. No change to use, egress, or occupancy.",45000,88-08,JUSTICE AVENUE,Queens,11373,P,"PARAMOUNT SERVICES, LLC",1001 37TH AVENUE,GRAND CONST&DEVEL GR CORP,,,Permit Issued
Q01412617-S1-PL,Q01412617-S1,Initial Permit,2026-09-17,2026-08-26,2026-12-06,Plumbing,FILED HEREWITH PLUMBING WORK TYPE IN CONJUNCTION WITH APPLICATION #Q01412617-I1.,0,240-18,144 AVENUE,Queens,11422,P,PLBG P & H INC,81-15 MYRTLE AVENUE,135-223 STREET LLC,,,Permit Issued
Q01417946-I1-MS,Q01417946-I1,Initial Permit,2026-09-17,2026-09-01,2026-12-28,Mechanical Systems,"Respectfully request to install mini spilt system as indicated on drawings. No change in use, egress, or occupancy.",14114,6068,PALMETTO STREET,Queens,11385,GC,BOXWOOD CONSTRUCTION LLC,"5823 AVENUE J, 2ND FLOOR",,,,Permit Issued
Q01419752-I1-AN,Q01419752-I1,Initial Permit,2026-09-17,2026-09-11,2026-10-30,Antenna,Modification to AT&T site- Relocate 3 antennas on the roof. Relocate 1 cabinet on existing steel platform on the roof.,12100,257-02,UNION TURNPIKE,Queens,11004,GC,DIGITAL CONSTRUCTION TECH,120-11 89TH AVENUE,AT&T,,,Permit Issued
Q01419752-S1-MS,Q01419752-S1,Initial Permit,2026-09-17,2026-09-16,2026-10-30,Mechanical Systems,"Installation of new non-emergency gas generator on the roof. No change in use, egress or occupancy.",40000,257-02,UNION TURNPIKE,Queens,11004,GC,DIGITAL CONSTRUCTION TECH,120-11 89TH AVENUE,AT&T,,,Permit Issued
Q01421902-I1-GC,Q01421902-I1,Initial Permit,2026-09-17,2026-07-27,2027-03-07,General Construction,"Legalize the existing two-piece bathroom in the cellar and remove non-load-bearing partitions. This application fully supersedes previous BIS Job No. 401497331. No change in use, occupancy, or egress.",8000,89-26,87 STREET,Queens,11421,GC,F A M BUILDERS LLC,141-28 UNION TPKE,PR,,,Permit Issued
Q01424438-I1-GC-CX,Q01424438-I1,Initial Permit,2026-09-17,2026-08-14,2026-11-21,General Construction,"PARTIAL INTERIOR RENOVATION OF A 1,500 SQFT TOWNHOUSE. RENOVATION WORK TO COVER KITCHEN, BATHROOM, DINING, AND BEDROOMS OF APT. REMOVAL AND RELOCATION OF NON-LOAD BEARING PARTITIONS, FINISHES, FIXTURES, APPLIANCES. NO CHANGE TO USE, EGRESS ",258000,34-15,87 STREET,Queens,11372,GC,MIDCO CORP,13 INWOOD LANE W,Matt K. Lynch,,,Permit Issued
Q01428979-I1-GC,Q01428979-I1,Initial Permit,2026-09-17,2026-09-16,2026-10-18,General Construction,"RENOVATION OF EXISTING 2-FAMILY DWELLING. NO CHANGE IN USE, OCCUPANCY, OR EGRESS.",197600,68-09,60 STREET,Queens,11385,GC,CITY LINE INTERIORS INC,34 CLARENDON DR,PR,,,Permit Issued
Q01429371-I1-PL,Q01429371-I1,Initial Permit,2026-09-17,2026-09-14,2027-06-30,Plumbing,"REPLACE ALL EXISTING GAS PIPING IN BUILDING AS PER PLANS FILED. NO CHANGE IN USE, OCCUPANCY, OR EGRESS.",25000,202,BEACH 19 STREET,Queens,11691,P,PIPE SOLUTIONS ADVIS INC,"1068 39TH STREET,",,,,Permit Issued
Q01430825-S2-MS,Q01430825-S2,Initial Permit,2026-09-17,2026-09-08,2027-01-11,Mechanical Systems,"INSTALLATION OF NEW HVAC UNITS AS PER PLANS. NO CHANGE IN USE, OCCUPANCY, OR EGRESS.",70000,62-22,MYRTLE AVENUE,Queens,11385,GC,TRIDENT BUILDERS GROUP,34 W 36TH STREET 4TH FLOOR,71-18 Myrtle Avenue LLC,,,Permit Issued
Q01431706-S1-FN,Q01431706-S1,Initial Permit,2026-09-17,2026-09-08,2027-05-31,Construction Fence,INSTALLATION OF TEMPORARY CONSTRUCTION FENCE IN CONJUNCTION WITH DOB NOW APPLICATION Q01431706-I1. FENCE SHALL COMPLY WITH CHAPTER 33 OF THE NYC BUILDING CODE.,5000,167-11,116 AVENUE,Queens,11434,GC,PRECISION HOME DEV INC,148-15 85 DRIVE,135-01 226TH STREET LLC,,,Permit Issued
Q01432509-S2-PL,Q01432509-S2,Initial Permit,2026-09-17,2026-08-31,2027-01-04,Plumbing,"Remove and install plumbing fixtures. Remove 2 dry sprinkler heads and install 3 concealed sprinkler heads and piping for bakery store as per plan. No change in egress, occupancy or use is involved under this application.",41500,61-35,JUNCTION BOULEVARD,Queens,11374,P,THOMAS F. CASH & SONS INC,59-12 KISSENA BLVD,VORNADO REALTY TRUST,,,Permit Issued
Q01436024-S2-PL,Q01436024-S2,Initial Permit,2026-09-17,2026-09-17,2027-02-03,Plumbing,"INTERIOR RENOVATION OF EXISTING COMMERCIAL SPACE ON 1ST FLOOR. NO CHANGE IN USE, EGRESS, OROCCUPANCY.",3000,119-20,15 AVENUE,Queens,11356,P,"WATSON'S PLBG, HTG, & BDG",855 ST. NICHOLAS AVENUE,Not Applicable,,,Permit Issued
Q01436134-I1-SG,Q01436134-I1,Initial Permit,2026-09-17,2026-08-27,2026-12-19,Sign,SIGN REPLACEMENT INSTALLATION,47100,6980,188 STREET,Queens,11365,S,MAD SIGNS INC,165B INDUSTRIAL LOOP,Citi,,,Permit Issued
Q01438256-I1-GC,Q01438256-I1,Initial Permit,2026-09-17,2026-09-04,2027-01-22,General Construction,Filing to restore attic roof to existing legal condition to resolve violation# 39195551M,5000,101-16,118 STREET,Queens,11419,GC,ASSURED BUILDERS INC,104-40 108TH STREET,N/A,,,Permit Issued
Q01441758-S1-EW-SP,Q01441758-S1,Initial Permit,2026-09-17,2026-08-12,2026-12-29,Plumbing,PLUMBING WORKS,48500,61-58,SPRINGFIELD BOULEVARD,Queens,11364,F,FULL CAPACITY FIRE CORP,84-14 PITKIN AVENUE,METRO FRANCHISING COMMISSARY LLC,,,Permit Issued
Q01442088-I1-GC,Q01442088-I1,Initial Permit,2026-09-17,2026-09-16,2027-08-12,General Construction,"Install one new bathroom, replace existing non-load-bearing partitions, and install new ceilings as part of the interior renovation for the new owner. No change in use, egress, occupancy, or building footprint unless otherwise noted. 2 fami",312000,35-33,90 STREET,Queens,11372,GC,NY BUILDING ASSOCIATES IN,124-15 METROPOLITAN AVE,PR,,,Permit Issued
Q01442088-S1-PL,Q01442088-S1,Initial Permit,2026-09-17,2026-09-16,2027-02-03,Plumbing,"install gas boiler , hot water heaters , new 3 pcs bathroom in cellar and replace existing plumbing fixtures in 1st and 2nd fl. existing 2 family co#12783. no change in use, occupancy or egress. construction job filed under job#Q01442088-I1",141400,35-33,90 STREET,Queens,11372,P,"WATSON'S PLBG, HTG, & BDG",855 ST. NICHOLAS AVENUE,PR,,,Permit Issued
Q01442577-S1-PL,Q01442577-S1,Initial Permit,2026-09-17,2026-08-21,2027-05-18,Plumbing,"PROPOSED PLUMBING WORK AT CELLAR AND FIRST FLOOR AS PER PLAN.NO CHANGE IN USE, EGRESS OR OCCUPANCY UNDER THIS APPLICATION.",32000,72-01,QUEENS BOULEVARD,Queens,11377,P,A M B MECHANICAL INC,152-32 ROCKAWAY BLVD,Invision construction llc,,,Permit Issued
Q01442660-I1-PMM,Q01442660-I1,Initial Permit,2026-09-17,2026-09-16,2027-01-21,Protection and Mechanical Methods,"Proposed temporary installation of contractor sheds/ shanties at 1st & 2nd floor as per BC 3303.16 to be used as temporary offices during construction of New Building filed under 421405642. No change in use, egress and/or occupancy with thi",7000,131-02,40 ROAD,Queens,11354,GC,EFIN MANAGEMENT CORP,"136-33 37TH AVENUE, SUITE 8B",EFIN MANAGEMENT CORP,,,Permit Issued
Q01442814-I1-CC,Q01442814-I1,Initial Permit,2026-09-17,2026-08-31,2026-12-12,Curb Cut,PROPOSED 8 FEET WIDE CURB CUT INCLUDING SPLAYS IN CONJUNCTION WITH NB APPLICATION # 421942269,5000,145-18,106 AVENUE,Queens,11435,GC,J&J DESIGNS INC,18 HUNTER PLACE,PR,,,Permit Issued
Q01444735-I1-SL,Q01444735-I1,Initial Permit,2026-09-17,2026-09-17,2027-02-27,Solar,"Installation of 24.2 kW solar energy system on roof. No change of occupancy, use or egress.",132441,11-50,45 ROAD,Queens,11101,GC,ACCORD POWER INC,130-30 31ST AVE STE 707,CENTURY DEVELOPMENT GROUP,,,Permit Issued
Q01445464-I1-GC,Q01445464-I1,Initial Permit,2026-09-17,2026-09-04,2026-12-01,General Construction,"Renovation to existing commercial bank per plan. Replace interior floor finishes, dropped ceilings and lighting. Partition work. New conference room. Replace exterior entry door. No change to use, egress or occupancy.",319200,43-22,50 STREET,Queens,11377,GC,RUSH HOUR CONSTRUCTION CO,"1979 MARCUS AVENUE, SUITE 210",Not Applicable,,,Permit Issued
Q01445464-S1-MS,Q01445464-S1,Initial Permit,2026-09-17,2026-09-11,2026-12-01,Mechanical Systems,"NEW HVAC SYSTEM AT EXISTING 1ST FLOOR COMMERCIAL SPACE. NO CHANGE TO USE, EGRESS OR OCCUPANCY FILED HEREWITH.",50000,43-22,50 STREET,Queens,11377,GC,RUSH HOUR CONSTRUCTION CO,"1979 MARCUS AVENUE, SUITE 210",Not Applicable,,,Permit Issued
Q01448848-I1-GC,Q01448848-I1,Initial Permit,2026-09-17,2026-08-26,2027-03-13,General Construction,FACADE REPAIR WHICH INCLUDES REPLACEMENT OF APPROX. 500 S.F. @ EL: 1. NO CHANGE IN USE OCCUPANCY OR EGRESS UNDER THIS APPLICATION. SIDEWALK SHED FILED UNDER SEPARATE APPLICATION.,32500,481,FAIRVIEW AVENUE,Queens,11385,GC,NADEEM AKHTAR,"900 AVENUE H, #6C",NSACONTRACTING CO,,,Permit Issued
Q01449991-I1-SC,Q01449991-I1,Initial Permit,2026-09-17,2026-09-15,2027-03-01,Suspended Scaffold,"SUSPENDED SCAFFOLD OUTRIGGER SYSTEM AT 24-16 QUEENS PLAZA SOUTH, QUEENS, FOR FACADE RESTORATION WORK WITH INSPECTIONS.",0,24-16,QUEENS PLAZA SOUTH,Queens,11101,R,TCR RESTORATION AND CONST,"23-57 83RD STREET,FL.2,SUITE 3",TCR RESTORATION & CONSTRUCTION CORP,,,Permit Issued
Q01451529-I1-MS,Q01451529-I1,Initial Permit,2026-09-17,2026-09-16,2027-01-01,Mechanical Systems,"REPLACE ONE CONDENSER UNIT OF LIKE KIND ON 1ST STORY NORTH SIE ROOF SET BACK EXISTING PIPING AND DUCTWORK. REPLACE ONE AIR HANDKLERS UNIT OF LIKE KIND INSIDE GNC STORE. NO CHANGE IN USE, EGRESS OR OCCUPANCY.",25000,39-01,MAIN STREET,Queens,11354,GC,THERMOCHILL HVACR,"604.WEST 191ST STREET, APT 42","GERSON PROPERTIES, LLC.",,,Permit Issued
Q01453298-I1-SL,Q01453298-I1,Initial Permit,2026-09-17,2026-09-09,2026-12-31,Solar,Installation of PV System on existing rooftop. No changes to Egress or use of occupancy.,23650,127-02,HAWTREE CREEK ROAD,Queens,11420,GC,NYS ESSENTIAL POWER INC,333 SMITH ROAD,Not Applicable,,,Permit Issued
Q01453590-I1-MS,Q01453590-I1,Initial Permit,2026-09-17,2026-09-15,2026-10-31,Mechanical Systems,INSTALL NEW AC UNIT IN THE ELEVATOR MACHINE ROOM,40000,100-17,23 AVENUE,Queens,11369,GC,COUNTYWIDE BUILDERS INC,75 SEABRING ST,SKATZ REALTY CORP,,,Permit Issued
Q01453689-I1-SL,Q01453689-I1,Initial Permit,2026-09-17,2026-09-16,2026-10-19,Solar,"ROOFTOP SOLAR INSTALLATION. NO CHANGE TO USE, OCCUPANCY OR EGRESS.",22440,88-29,161 STREET,Queens,11432,GC,KAMTECH RESTORATION CORP,203 SHERIDAN BLVD,"THE ISLAMIC FOUNDATION,INC",,,Permit Issued
Q01455159-I1-GC,Q01455159-I1,Initial Permit,2026-09-17,2026-09-15,2026-12-18,General Construction,"Minor interior renovation of apt. 2B on the 2nd floor with replace door, tiles, kitchen cabinets as per the plans filed herewith. No change to the use, egress or occupancy.",26300,41-61,77 STREET,Queens,11373,GC,NEW LAND CONSTRUCTION NY,6320 14 AVE,,,,Permit Issued
Q01456805-I1-SL,Q01456805-I1,Initial Permit,2026-09-17,2026-09-10,2026-09-30,Solar,"Installation of solar panels, Roof Top, Grid Tied, railed, (33) Modules, (13.53) kW System Size",67650,13710,FRANCIS LEWIS BOULEVARD,Queens,11413,PE,MOMENTUM SOLAR,3096 B HAMILTON BLVD,Not Applicable,,,Permit Issued
Q01457724-I1-SL,Q01457724-I1,Initial Permit,2026-09-17,2026-09-14,2026-10-01,Solar,"FILING HEREWITH TAX ABATEMENT APPLICATION FOR INSTALLATION OF ROOF-MOUNTED SOLAR PANELS. NO CHANGE IN USE, EGRESS, OR OCCUPANCY.",45000,188-53,120 ROAD,Queens,11412,GC,SUNRUN INSTALLATION SVC,775 FIERO LN STE 200,Not Applicable,,,Permit Issued
Q01458095-I1-SL,Q01458095-I1,Initial Permit,2026-09-17,2026-09-14,2026-09-30,Solar,"INSTALLATION OF SOLAR PANELS, ROOFTOP, RAILED, GRID-TIED, 16 MODULES, 6.56KW",32800,93-41,201 STREET,Queens,11423,PE,MOMENTUM SOLAR,3096 B HAMILTON BLVD,Not Applicable,,,Permit Issued
Q01458283-I1-SL,Q01458283-I1,Initial Permit,2026-09-17,2026-09-11,2026-09-30,Solar,"Installation of solar panels, rooftop, grid tied, railed, 20 modules, 8.2 KW",41000,145-29,LAKEWOOD AVENUE,Queens,11435,PE,MOMENTUM SOLAR,3096 B HAMILTON BLVD,Not Applicable,,,Permit Issued
Q01458349-I1-SL,Q01458349-I1,Initial Permit,2026-09-17,2026-09-15,2026-09-30,Solar,"Installation of solar panels, rootop, grid tied, railed, 10 modules, 4.1 KW",20500,102-15,FARMERS BOULEVARD,Queens,11423,PE,MOMENTUM SOLAR,3096 B HAMILTON BLVD,Not Applicable,,,Permit Issued
Q01458537-I1-GC,Q01458537-I1,Initial Permit,2026-09-17,2026-09-15,2026-12-27,Structural,"Interior Renovation and Structural Replacement. No change in use, egress and occupancy",340335,85-06A,57 ROAD,Queens,11373,GC,ZAQ CONSTRUCTION INC,"39-15 MAIN STREET, 308",Not Applicable,,,Permit Issued
Q01458537-I1-ST,Q01458537-I1,Initial Permit,2026-09-17,2026-09-15,2026-12-27,Structural,"Interior Renovation and Structural Replacement. No change in use, egress and occupancy",340335,85-06A,57 ROAD,Queens,11373,GC,ZAQ CONSTRUCTION INC,"39-15 MAIN STREET, 308",Not Applicable,,,Permit Issued
Q01458756-I1-PL,Q01458756-I1,Initial Permit,2026-09-17,2026-09-15,2027-01-04,Plumbing,"Plumbing Work at Cellar. 1st, 2nd, and 3rd floor. No change in use, egress or occupancy.",87500,85-06A,57 ROAD,Queens,11373,P,THOMAS F. CASH & SONS INC,59-12 KISSENA BLVD,Not Applicable,,,Permit Issued
Q01458757-I1-SL,Q01458757-I1,Initial Permit,2026-09-17,2026-09-14,2026-09-30,Solar,"Installation of solar panels, rootop, grid tied, railed, 25 modules, 10.25 KW",51250,7528,170 STREET,Queens,11366,PE,MOMENTUM SOLAR,3096 B HAMILTON BLVD,PR,,,Permit Issued
Q01458789-I1-SL,Q01458789-I1,Initial Permit,2026-09-17,2026-09-14,2026-09-30,Solar,"Installation of solar panels, Roof Top, Grid Tied, railed, (10) Modules, (4.1) kW System Size",20500,126-01,11 AVENUE,Queens,11356,PE,MOMENTUM SOLAR,3096 B HAMILTON BLVD,Not Applicable,,,Permit Issued
Q01458980-I1-SL,Q01458980-I1,Initial Permit,2026-09-17,2026-09-14,2027-06-01,Solar,"Installation of solar system on the roof as per plan. No change in use, egress or occupancy",29831.6,239-16,149 AVENUE,Queens,11422,GC,TRINITY SOLAR LLC,2211 ALLENWOOD ROAD,Not Applicable,,,Permit Issued
Q01459054-I1-GC,Q01459054-I1,Initial Permit,2026-09-17,2026-09-16,2026-10-18,General Construction,"RENOVATION OF EXISTING CELLAR, 1ST AND 2ND FLOOR WITH GENERAL CONSTRUCTION:NEW PARTITIONS, DOORS, FLOORING AND COSMETIC WORK; NEW BATHROOM IN 1ST AND 2ND. NO CHANGE IN USE, EGRESS OR OCCUPANCY UNDER THIS APPLICATION.",150000,37-22,WARREN STREET,Queens,11372,GC,KALE CONSTRUCTION INC,145-12 24 AVE,PR,,,Permit Issued
Q01459067-I1-SL,Q01459067-I1,Initial Permit,2026-09-17,2026-09-15,2026-09-30,Solar,"Installation of solar panels, rootop, grid tied, railed, 6 modules, 2.46 KW",12300,158-45,75 ROAD,Queens,11366,PE,MOMENTUM SOLAR,3096 B HAMILTON BLVD,Not Applicable,,,Permit Issued
Q01459391-I1-SL,Q01459391-I1,Initial Permit,2026-09-17,2026-09-15,2026-09-30,Solar,"Installation of solar panels, rooftop, grid tied, railed, 14 modules, 5.74 KW",28700,11-03,121 STREET,Queens,11356,PE,MOMENTUM SOLAR,3096 B HAMILTON BLVD,Not Applicable,,,Permit Issued
Q01459645-I1-SL,Q01459645-I1,Initial Permit,2026-09-17,2026-09-16,2026-09-30,Solar,"INSTALLATION OF SOLAR PANELS, ROOFTOP, RAILED, GRID-TIED, 10 MODULES, 4.1KW",20500,107-29,172 STREET,Queens,11433,PE,MOMENTUM SOLAR,3096 B HAMILTON BLVD,Not Applicable,,,Permit Issued
Q01459655-I1-GC,Q01459655-I1,Initial Permit,2026-09-17,2026-09-16,2027-01-20,General Construction,General construction related to the renovation of an existing (3)-family residence.,388800,20-36,47 STREET,Queens,11105,GC,NY CONSTRUCTION&STONE INC,20 BURNHAM LN,Not Applicable,,,Permit Issued
Q01459745-I1-SL,Q01459745-I1,Initial Permit,2026-09-17,2026-09-16,2027-04-06,Solar,INSTALLATION OF PHOTOVOLTAIC SOLAR ARRAY ON EXISTING ROOF SYSTEM AS PER PLANS.,46745,66-38,SELFRIDGE STREET,Queens,11375,GC,NYSS LLC,385 WEST JOHN STREET UNIT 100,PR,,,Permit Issued
Q01460392-I1-SH,Q01460392-I1,Initial Permit,2026-09-17,2026-09-17,2026-12-16,Sidewalk Shed,"PROPOSED INSTALLATION OF HEAVY DUTY SIDEWALK SHED AS PER PLANS. LIVE LOAD 300 LBS PER SQUARE FEET. SIDEWALK SHED SHALL COMPLY WITH CHAPTER #33 OF THE NYC BUILDING CODE. NO CHANGE IN USE, OCCUPANCY, OR EGRESS UNDER THIS APPLICATION.",5000,47-04,GREENPOINT AVENUE,Queens,11104,GC,RELIABLE ENTERPRISES INC,1431 BRUCKNER BOULEVARD,RELIABLE ENTERPRISES INC,,,Permit Issued
Q01460727-I1-SF,Q01460727-I1,Initial Permit,2026-09-17,2026-09-17,2027-07-16,Supported Scaffold,"INSTALLATION OF PIPE SCAFFOLDING AS PER PLANS. ALL EQUIPMENT SHALL COMPLY WITH CH #33 OF THE NYC CODE 2022. NO CHANGE IN USE, OCCUPANCY OR EGRESS UNDER THIS APPLICATION.",9000,92-05,WHITNEY AVENUE,Queens,11373,GC,AKALA CONSTRUCTION INC,140-08 FOCH BLVD,Akala construction inc,,,Permit Issued
Q01461653-I1-SH,Q01461653-I1,Initial Permit,2026-09-17,2026-09-17,2026-12-16,Sidewalk Shed,"PROPOSED INSTALLATION OF HEAVY DUTY SIDEWALK SHED AS PER PLANS. LIVE LOAD 300 LBS PER SQUARE FEET. SIDEWALK SHED SHALL COMPLY WITH CHAPTER #33 OF THE NYC BUILDING CODE. NO CHANGE IN USE, OCCUPANCY, OR EGRESS UNDER THIS APPLICATION.",7000,30-39,33 STREET,Queens,11102,GC,AKALA CONSTRUCTION INC,140-08 FOCH BLVD,Akala construction inc,,,Permit Issued
Q01461739-I1-SF,Q01461739-I1,Initial Permit,2026-09-17,2026-09-17,2026-10-29,Supported Scaffold,PROPOSED INSTALLATION OF PIPE SCAFFOLD FOR NEW BUILDING AS PER PLANS. NO CHANGE IN USE OCCUPANCY OR EGRESS UNDER THIS APPLICATION.,5000,56-12,ROOSEVELT AVENUE,Queens,11377,GC,CLASSIC CONSULTING GROUP,211-04 39TH AVENUE,CLASSIC CONSULTING GROUP,,,Permit Issued
S00875048-S8-MS,S00875048-S8,Initial Permit,2026-09-17,2026-04-09,2027-06-14,Mechanical Systems,FILING NEW MECHANICAL SYSTEM IN CONJUNCTION WITH NB #S00875048-I1.,0,930 A,WEST FINGERBOARD ROAD,Staten Island,10304,GC,DELUXE HOME BUILDERS CORP,1625 60TH ST,950 W. FINGERBOARD LLC,,,Permit Issued
S00954291-I1-GC,S00954291-I1,Initial Permit,2026-09-17,2026-06-01,2027-02-19,General Construction,"Replace existing 8' x 20' deck with masonry porch @ 1st Fl; Landcaping to address V 110525C25-02499 and violation # 39165920L (No change to Use, Occupancy or Egress)",32000,24,ELVIRA COURT,Staten Island,10306,GC,PISILI INC,"59 HYLAN BOULEVARD, STE B",TERRA PRETA ARCHITECTS,,,Permit Issued
S01028760-S1-CC,S01028760-S1,Initial Permit,2026-09-17,2024-05-01,2026-12-31,Curb Cut,Proposed curb cut filed in conjunction with new two-family residence filed under this address.,0,388,ARDEN AVENUE,Staten Island,10312,GC,DIMOLA CONSTRUCTION CORP,243 DARLINGTON AVE,BRIDLE ESTATES INC,,,Permit Issued
S01041009-S3-MS,S01041009-S3,Initial Permit,2026-09-17,2026-08-19,2026-12-03,Mechanical Systems,MECHANICAL APPLICATION FILED IN CONJUNCTION WTIH NB APPLICATION FOR NEW BUILDING.,0,16,LATHAM PLACE,Staten Island,10309,GC,"3SC CONSTRUCTION, LLC","96 INDUSTRIAL LOOP, BAY 7","3SC CONSTRUCTION, LLC",,,Permit Issued
S01257275-I1-CC,S01257275-I1,Initial Permit,2026-09-17,2025-08-12,2026-11-30,Curb Cut,Application is filed for installation of 10'-0 curb cut along Sand Lane in conjunction with New Building S01257274-I1.,5000,156,SAND LANE,Staten Island,10305,GC,REDLINE CONSTR & MGMT LLC,516 4TH AVE,PR,,,Permit Issued
S01284204-S3-MS,S01284204-S3,Initial Permit,2026-09-17,2026-03-27,2027-04-08,Mechanical Systems,1. INSTALLATION OF NEW SPLIT SYSTEM HEAT PUMPS FOR HEATING AND COOLING OF EACH RESIDENCE. 2. INSTALLATION OF EXHAUST AND ERV SYSTEMS FOR VENTILATION OF EACH RESIDENCE.,0,56,MEREDITH AVENUE,Staten Island,10314,GC,SKEN SERVICES CORP,"175 ZOE STREET, APT 6P",PR,,,Permit Issued
S01294484-S2-PL,S01294484-S2,Initial Permit,2026-09-17,2026-04-15,2026-10-31,Plumbing,Building 1A Remove and install new plumbing fixtures to accommodate the bathroom renovation project in the college building as per plans filed herewith only.,118685.84,2800P,VICTORY BOULEVARD,Staten Island,10314,P,"PAR PLUMBING CO., INC",101 PARK AVENUE LOWER LOBBY,CUNY,,,Permit Issued
S01319069-S2-MS,S01319069-S2,Initial Permit,2026-09-17,2026-08-19,2027-02-24,Mechanical Systems,Mechanical plans for new 2 family residential house,0,546,BRITTON AVENUE,Staten Island,10304,GC,STATCON DEVELOPMENT LLC,516 SHARROTS ROAD,PR,,,Permit Issued
S01342861-I1-FD,S01342861-I1,Initial Permit,2026-09-17,2026-03-30,2027-03-26,Full Demolition,PAA FILED TO ADDRESS ECB VIOLATION#39552853. REMAINING BLOCK WALLS TO BE DEMOLISHED USING HANDHELD DEVICES. SLAB AND FOUNDATION WALLS TO BE REMOVED USING MECHANICAL EXCAVATOR,12000,203GAR,FRANKLIN AVENUE,Staten Island,10301,GC,STEADFAST CONSTRUCTION LL,450 PEPPERIDGE ROAD,steadfast construction llc,,,Permit Issued
S01400494-I1-GC,S01400494-I1,Initial Permit,2026-09-17,2026-09-15,2027-02-05,Mechanical Systems,APPLICATION IS FILED FOR THE HORIZONTAL & VERTICAL ENLARGEMENT TO EXISTING 2-STORY ONE FAMILY RESIDENCE AND INTERIOR RENOVATION. ALL WORK AS PER PLANS SUBMITTED HEREWITH. NEW C/O TO BE ISSUED.,441300,75,CROWELL AVENUE,Staten Island,10314,GC,RIGHTWAY RENOVATIONS CORP,142 KING STREET,PR,,,Permit Issued
S01400494-I1-MS,S01400494-I1,Initial Permit,2026-09-17,2026-09-15,2027-02-05,General Construction,APPLICATION IS FILED FOR THE HORIZONTAL & VERTICAL ENLARGEMENT TO EXISTING 2-STORY ONE FAMILY RESIDENCE AND INTERIOR RENOVATION. ALL WORK AS PER PLANS SUBMITTED HEREWITH. NEW C/O TO BE ISSUED.,441300,75,CROWELL AVENUE,Staten Island,10314,GC,RIGHTWAY RENOVATIONS CORP,142 KING STREET,PR,,,Permit Issued
S01400494-I1-ST,S01400494-I1,Initial Permit,2026-09-17,2026-09-15,2027-02-05,General Construction,APPLICATION IS FILED FOR THE HORIZONTAL & VERTICAL ENLARGEMENT TO EXISTING 2-STORY ONE FAMILY RESIDENCE AND INTERIOR RENOVATION. ALL WORK AS PER PLANS SUBMITTED HEREWITH. NEW C/O TO BE ISSUED.,441300,75,CROWELL AVENUE,Staten Island,10314,GC,RIGHTWAY RENOVATIONS CORP,142 KING STREET,PR,,,Permit Issued
S01402949-I1-SG,S01402949-I1,Initial Permit,2026-09-17,2026-09-16,2026-12-19,Sign,"ILLUMINATED NON-ADVERTISING ACCESSORY WALL SIGN - IN PROPERTY LINES - PHARMACY. NO CHANGE OF USE, EGRESS OR OCCUPANCY.",2050,7254,AMBOY ROAD,Staten Island,10307,S,MAD SIGNS INC,165B INDUSTRIAL LOOP,Newport Designs Corp,,,Permit Issued
S01402950-I1-SG,S01402950-I1,Initial Permit,2026-09-17,2026-09-16,2026-12-19,Sign,"NON-ILLUMINATED NON-ADVERTISING ACCESSORY WALL SIGN - IN PROPERTY LINES - SKYCARE RX. NO CHANGE OF USE, EGRESS OR OCCUPANCY.",3500,7254,AMBOY ROAD,Staten Island,10307,S,MAD SIGNS INC,165B INDUSTRIAL LOOP,Newport Designs Corp,,,Permit Issued
S01422409-I1-GC-CX,S01422409-I1,Initial Permit,2026-09-17,2026-08-18,2027-01-31,Structural,Reconstruction of a detached frame wood garage damaged by vehicle impact.,27500,167 GAR,DRIGGS STREET,Staten Island,10308,GC,CLAIRE CONSTRUCTION CORP,45 PAGE AVENUE,Home owner,,,Permit Issued
S01429499-I1-MS,S01429499-I1,Initial Permit,2026-09-17,2026-07-22,2027-01-01,Mechanical Systems,"Register (2) roof hvac units with existing power supply, supports and ductwork. Units # 2 and # 3 on plan",20000,1293,CLOVE ROAD,Staten Island,10301,GC,"A&B MECHANICAL SI, INC",2129 RICHMOND TERRACE,"1293 Clove Road Company, LLC",,,Permit Issued
S01432683-I1-GC,S01432683-I1,Initial Permit,2026-09-17,2026-09-16,2026-11-13,General Construction,"PROPOSED RENOVATION OF CELLAR. INSTALL 3PSC BATHROOM ON CELLAR. CONSTRUCTION WORK AS PER PLANS. NO CHANGE IN USE, EGRESS OR OCCUPANCY.",15000,127,JACQUES AVENUE,Staten Island,10306,GC,GOOD-WILL MECHANICAL CORP,1000 GRAND ST,Not Applicable,,,Permit Issued
S01437922-I1-GC-CX,S01437922-I1,Initial Permit,2026-09-17,2026-09-15,2027-06-30,Structural,CONSTRUCT TWO FAMILY RESIDENCE WITH ACCESSSORY OFF STREET PARKING FOR 2 CARS.,0,79,SPRAGUE AVENUE,Staten Island,10307,GC,JED 74 LLC,304 MANOR ROAD,JED74 LLC,,,Permit Issued
S01444868-I1-FN,S01444868-I1,Initial Permit,2026-09-17,2026-09-14,2027-07-02,Construction Fence,"Proposed 8' high temporary plywood construction fence with access gate. This fence is for demo for exiting house and also apply for new construction for lots 171, 172, 173 on Milford Avenue.",6000,201,MILFORD AVENUE,Staten Island,10301,GC,CHESTER BUILDERS CORP,37 JOSEPHINE STREET,ALL SHORES LLC,,,Permit Issued
S01451818-I1-SL,S01451818-I1,Initial Permit,2026-09-17,2026-09-11,2026-10-01,Solar,"FILING HEREWITH TAX ABATEMENT APPLICATION FOR INSTALLATION OF ROOF MOUNTED SOLAR PANELS. NO CHANGE IN USE, EGRESS OR OCCUPANCY.",24750,63,BUSH AVENUE,Staten Island,10303,GC,SUNRUN INSTALLATION SVC,775 FIERO LN STE 200,Not Applicable,,,Permit Issued
S01452136-I1-SG,S01452136-I1,Initial Permit,2026-09-17,2026-09-17,2026-12-19,Sign,"ILLUMINATED NON-ADVERTISING ACCESSORY DOUBLE-FACE PROJECTING ACCESSORY SIGN - STATWOOD. NO CHANGE OF USE, EGRESS OR OCCUPANCY.",2100,1475,HYLAN BOULEVARD,Staten Island,10305,S,MAD SIGNS INC,165B INDUSTRIAL LOOP,Statwood Home Improvements,,,Permit Issued
S01454588-I1-SL,S01454588-I1,Initial Permit,2026-09-17,2026-09-08,2027-04-27,Solar,"Installation of Solar panels on existing roof structure, No change in use, egress or occupancy.",21560,449,RARITAN AVENUE,Staten Island,10305,GC,AMERGY SOLAR INC,1100 CORNWALL RD.SUITE.202,Not Applicable,,,Permit Issued
S01455340-I1-SL,S01455340-I1,Initial Permit,2026-09-17,2026-09-10,2026-10-01,Solar,"FILING HEREWITH TAX ABATEMENT APPLICATION FOR INSTALLATION OF ROOF MOUNTED SOLAR PANELS. NO CHANGE IN USE, EGRESS OR OCCUPANCY.",22500,735,ANNADALE ROAD,Staten Island,10312,GC,SUNRUN INSTALLATION SVC,775 FIERO LN STE 200,Not Applicable,,,Permit Issued
S01458355-I1-SL,S01458355-I1,Initial Permit,2026-09-17,2026-09-11,2026-09-30,Solar,"Installation of solar panels, rooftop, grid tied, railed, 9 modules, 3.69 KW",18450,61,SOMMER AVENUE,Staten Island,10314,PE,MOMENTUM SOLAR,3096 B HAMILTON BLVD,Not Applicable,,,Permit Issued
X00805009-Z4-PMM,X00805009-Z4,Initial Permit,2026-09-17,2026-09-17,2026-12-18,Protection and Mechanical Methods,"INSTALLATION AND USE OF TEMPORARY KNUCKLEBOOM AS PER PLANS FILED HEREWITH. NO CHANGE IN USE EGRESS, OR OCCUPANCY.",0,1959,JEROME AVENUE,Bronx,10453,GC,JOY CONSTRUCTION CORP,"40 FULTON STREET, 22ND FLOOR",PR,,,Permit Issued
X00805009-Z5-PMM,X00805009-Z5,Initial Permit,2026-09-17,2026-09-17,2026-12-18,Protection and Mechanical Methods,"Installation and use of temporary loading platforms as per plans filed herewith. No change in use, egress, or occupancy.",0,1959,JEROME AVENUE,Bronx,10453,GC,JOY CONSTRUCTION CORP,"40 FULTON STREET, 22ND FLOOR",PR,,,Permit Issued
X00805009-Z6-PMM,X00805009-Z6,Initial Permit,2026-09-17,2026-09-17,2026-12-18,Protection and Mechanical Methods,"INSTALLATION AND USE OF TEMPORARY TELEHANDLER AS PER PLANS FILED HEREWITH. NO CHANGE IN USE EGRESS, OR OCCUPANCY.",0,1959,JEROME AVENUE,Bronx,10453,GC,JOY CONSTRUCTION CORP,"40 FULTON STREET, 22ND FLOOR",PR,,,Permit Issued
X00878009-S4-GC-CX,X00878009-S4,Initial Permit,2026-09-17,2024-09-05,2027-01-12,General Construction,"PROPOED STRUCTURAL WORK FOR THE PARTIAL RECONSTRUCTION OF THE HAFFEN PARK POOL BATHHOUSE BUILDING INCLUDES STRUCTURAL DESIGN OF FOUNDATIONS, STRUCTURAL STEEL, AND COMPOSITE FLAT ROOF FOR BUILDING EXTENSION.",570000,1840,BURKE AVENUE,Bronx,10469,GC,AAH CONTRUCTION CORP,"21-77 31 STREET, SUITE 107",NYC PARKS & RECREATION,,,Permit Issued
X00902721-S6-EW-SD,X00902721-S6,Initial Permit,2026-09-17,2024-01-04,2026-10-20,Standpipe,Propose installation of automatic wet Sprinkler and manual wet Standpipe system filed in conjunction with NB # X00902721-I1.,0,3663,WHITE PLAINS ROAD,Bronx,10467,F,DDS MECHANICAL FPS CORP,150-42 12th Ave,WHITE PLAINS ROAD HDFC,,,Permit Issued
X00917606-I1-GC,X00917606-I1,Initial Permit,2026-09-17,2023-12-11,2027-04-17,General Construction,"Facade repair project. No change in use, egress or occupancy.",31609,694,EAST 141 STREET,Bronx,10454,GC,R & S CONSTRUCTION CORP,967 EAST GUN HILL ROAD,WINNRESIDENTIAL,,,Permit Issued
X00934043-I1-GC,X00934043-I1,Initial Permit,2026-09-17,2025-09-23,2027-01-13,General Construction,Application herewith filed for conversion of (1) class A unit and (6) class B units to (4)class A units and interior renovation. No change in bulk.,489780,270,EAST 198 STREET,Bronx,10458,GC,RISHON HOMES CORP,15 WILLOW LANE,PR,,,Permit Issued
X01099978-I1-GC,X01099978-I1,Initial Permit,2026-09-17,2025-01-13,2027-03-22,General Construction,APPLICATION FILED HEREWITH TO CONVERT AN EXISTING THREE STORY 3 FAMILY RESIDENTIAL BUILDING TO A TEN FAMILY,375700,2773,UNIVERSITY AVENUE,Bronx,10468,GC,REVAMP NYC CORP,"1455 49TH STREET, SUITE 1C",65TH PLACE HOLDINGS LLC,,,Permit Issued
X01099978-S2-MS,X01099978-S2,Initial Permit,2026-09-17,2025-03-20,2027-03-22,Mechanical Systems,MECHANICAL APPLICATION FILED HEREWITH IN CONJUNCTION TO ALT-CO APPLICATION X01099978-I1,30000,2773,UNIVERSITY AVENUE,Bronx,10468,GC,REVAMP NYC CORP,"1455 49TH STREET, SUITE 1C",65TH PLACE HOLDINGS LLC,,,Permit Issued
X01123170-S1-GC-CX,X01123170-S1,Initial Permit,2026-09-17,2026-05-18,2027-06-26,General Construction,FILING HEREWITH STRUCTURAL/FOUNDATION WORK ASSOCIATED WITH ONE STORY NEW BUILDING.,0,1911,STORY AVENUE,Bronx,10473,GC,SCHIMENTI CONSTRUCTION CO,575 LEXINGTON AVENUE 18TH FL,BOHLER ENGINEERING,,,Permit Issued
X01166460-Z1-MS,X01166460-Z1,Initial Permit,2026-09-17,2026-08-14,2026-10-31,Mechanical Systems,Application filed for Sub Slab Depressurization System,0,10,VAN CORTLANDT AVENUE EAST,Bronx,10468,GC,MB MECHANICAL OF NY INC,1719 NORMAN ST,"RiseWell Community Services, Inc.",,,Permit Issued
X01207859-S7-PMM,X01207859-S7,Initial Permit,2026-09-17,2026-09-17,2026-10-21,Protection and Mechanical Methods,"INSTALLATION AND USE OF TEMPORARY KNUCKLEBOOM AS PER PLANS FILED HEREWITH. NO CHANGE IN USE, EGRESS, OR OCCUPANCY.",0,6697,BROADWAY,Bronx,10471,GC,UGS UNITED GLAZING SOL,1167 41ST STREET,UGS United Glazing Solutions Inc,,,Permit Issued
X01219259-S1-SE,X01219259-S1,Initial Permit,2026-09-17,2025-12-08,2027-01-11,Support of Excavation,SOE work for new building application.,0,350,GRAND CONCOURSE,Bronx,10451,GC,NY DEVELOPERS & MANAGEMEN,1303 53RD STREET SUITE 193,34-20 JUNCTION DM LLC,,,Permit Issued
X01232489-I1-FD,X01232489-I1,Initial Permit,2026-09-17,2025-07-15,2026-12-28,Full Demolition,Full demolition to a two story house,50000,1692,WEEKS AVENUE,Bronx,10457,GC,N TECH DESIGN OF AMERICA,"1648 EAST 14TH STREET, STE 1",WESTORCHARD MANAGEMENT,,,Permit Issued
X01289720-S3-ST,X01289720-S3,Initial Permit,2026-09-17,2026-04-29,2027-05-19,Structural,Structural work in conjunction with the NB application #X01289720-I1,0,1143,WASHINGTON AVENUE,Bronx,10456,GC,VERA CARTING CORP,22 PENGUIN LN,MV Washington Realty LLC,,,Permit Issued
X01310786-I1-ST,X01310786-I1,Initial Permit,2026-09-17,2026-06-25,2027-09-17,Structural,PROPOSED NEW RESIDENTIAL APARTMENT BUILDING,0,1140,WHEELER AVENUE,Bronx,10472,GC,KC EXPEDITING INC,2466 HARDING CT,Not Applicable,,,Permit Issued
X01310786-S5-FO,X01310786-S5,Initial Permit,2026-09-17,2026-09-11,2027-09-17,Foundation,Provide new foundation in conjunction with NB X01310786,0,1140,WHEELER AVENUE,Bronx,10472,GC,KC EXPEDITING INC,2466 HARDING CT,Not Applicable,,,Permit Issued
X01377173-I1-GC,X01377173-I1,Initial Permit,2026-09-17,2026-05-04,2027-07-01,General Construction,This application is filed to address violation #39173719J,2000,215,GUNHILL ROAD,Bronx,10467,GC,SAMSON BUILDING CONSULTAN,"255 FIELDSTON TERRACE, #3C",VED PARKASH,,,Permit Issued
X01382146-I1-SL,X01382146-I1,Initial Permit,2026-09-17,2026-08-20,2026-12-31,Solar,"INSTALLATION OF PHOTOVOLTAIC SOLAR ARRAY ON ROOF INCLUING ALLRELATED STRUCTURAL WORK AS PER PLANS FILED HEREWITH. NO CHANGETO USE, EGRESS OR OCCUPANCY.",1257600,1560,PURDY STREET,Bronx,10462,GC,SUNRISE ELECTRICAL SRV,923A MOTOR PARKWAY,NYC DEPT. OF EDUCATION,,,Permit Issued
X01382421-I1-MS,X01382421-I1,Initial Permit,2026-09-17,2026-04-06,2026-11-06,Mechanical Systems,INSTALLATION OF MECHANICAL SYSTEM AS PER PLANS SUBMITTED HEREWITH IN CONJUNCTION WITH X01284098-I1.,100000,3385,SEDGWICK AVENUE,Bronx,10463,GC,CROSS FIVE CONSTRUCTION,49 WHIPPOORWILL RD E,TEMPIRE LLC.,,,Permit Issued
X01399121-I1-GC-CX,X01399121-I1,Initial Permit,2026-09-17,2026-08-27,2026-10-31,Structural,"Garage repairs on the first floor and roof as shown on the drawings filed herewith. No change in use, egress, or occupancy.",900000,950,RIVER AVENUE,Bronx,10452,GC,LAKE CONTRACTING LLC,150 KING STREET,360 EAST 72ND STREET OWNERS INC,,,Permit Issued
X01401866-I1-GC,X01401866-I1,Initial Permit,2026-09-17,2026-08-21,2026-10-08,General Construction,"Removal and installation of non-load bearing partition and pocket door, fixtures and finishes.",42000,811,WALTON AVENUE,Bronx,10451,GC,OZEL CONSTRUCTION LLC,1020 GRAND CONCOURSE APT 21-A,811 WALTON TENANTS CORP.,,,Permit Issued
X01407683-S1-PMM,X01407683-S1,Initial Permit,2026-09-17,2026-07-08,2026-12-28,Protection and Mechanical Methods,MECHANICAL MEANS SUBMITTED FOR USE OF MECHANICAL EQUIPMENT ON GRADE AT THE TIME OF DEMOLITION,160,761,EAST TREMONT AVENUE,Bronx,10460,GC,N TECH DESIGN OF AMERICA,"1648 EAST 14TH STREET, STE 1",Lead It Builders LLC,,,Permit Issued
X01421254-I1-GC,X01421254-I1,Initial Permit,2026-09-17,2026-09-10,2027-08-01,General Construction,FILE TO REPAIR FIRE DAMAGE AND RESOLVE VACATE ORDER FOR G/H LINE. WORK AS PER PLANS.NO CHANGE IN USE EGRESS OR OCCUPANCY.,150000,1775,DAVIDSON AVENUE,Bronx,10453,GC,ST TONE MANAGEMENT INC,426 53RD STREET,PR,,,Permit Issued
X01421668-I1-PMM,X01421668-I1,Initial Permit,2026-09-17,2026-09-17,2026-11-16,Protection and Mechanical Methods,"INSTALLATION OF TEMPORARY PERSONNEL MATERIAL HOIST AS PER PLANS. NO CHANGE IN USE, EGRESS OR OCCUPANCY.",6000,2748,JEROME AVENUE,Bronx,10468,GC,CORE SCAFFOLD SYSTEMS INC,417 MYRTLE AVE SUITE 14,OWNERS REP,,,Permit Issued
X01424053-I1-GC,X01424053-I1,Initial Permit,2026-09-17,2026-08-03,2026-10-01,General Construction,TENANT FIT OUT IN EXISTING SPACE. NEW PATIENT SERVICE CENTER FOR QUEST DIAGNOSTICS WILL BE CONSTRUCTED IN EXISTING FIRST FLOOR SUITE.,250914,2260,GRAND CONCOURSE,Bronx,10457,GC,RSM MAINTENANCE LLC,461 FROM ROAD FL 2,PR,,,Permit Issued
X01429392-S2-PL,X01429392-S2,Initial Permit,2026-09-17,2026-08-14,2026-10-30,Plumbing,"INTERIOR ALTERATION WITHIN EXISTING TENANT SPACE ON 1ST FLOOR IN EXISTING BUILDING: NEW PLUMBING FIXTURES AND PIPING ROUTES PER NEW DENTAL OFFICE LAYOUT. NEW PLUMBING FIXTURE CALCULATION. NEW RESTROOM PROVIDED. NO CHANGE TO OCCUPANCY, EGRES",25500,1418,WILLIAMSBRIDGE ROAD,Bronx,10461,P,RRP PLUMBING CORP,106-07 NORTHERN BOULEVARD,MODERN SMILES DENTAL CARE,,,Permit Issued
X01441053-I1-GC,X01441053-I1,Initial Permit,2026-09-17,2026-09-04,2027-07-03,General Construction,"MASONRY REPAIRS AND REPLACEMENT. NO CHANGE IN USE,EGRESS OR OCCUPANCY.",150000,215,MOUNT HOPE PLACE,Bronx,10457,GC,MONROE CONSTRUCTION INC,4 SURREY LANE,FINKELSTEIN TIMBERGER EAST RE,,,Permit Issued
X01443158-I1-BE,X01443158-I1,Initial Permit,2026-09-17,2026-09-01,2027-05-01,Boiler Equipment,"Replace boiler and burner, in kind.",115000,108,WEST 174 STREET,Bronx,10453,O,EAST COAST PETROLEUM INC,340 JACKSON AVENUE,PR,,,Permit Issued
X01445752-I1-GC-CX,X01445752-I1,Initial Permit,2026-09-17,2026-09-16,2026-12-31,Mechanical Systems,"Install new clothes washers and gas dryers in existing storage space at cellar level. Space shall be classified as incidental use as per NYCBC 509.1 and 509.2. No change is use, occupancy or egress. PL work to be filed subsequent",25000,1511,SHERIDAN AVENUE,Bronx,10457,GC,VORDONIA CONTRACTING & SU,"31-10 37TH AVE., SUITE #500",ALMA REALTY CORP,,,Permit Issued
X01448682-I1-PMM,X01448682-I1,Initial Permit,2026-09-17,2026-09-15,2027-01-19,Protection and Mechanical Methods,"FILING TO PROTECT NEIGHBOR DURING CONSTRUCTION OF NEW BUILDING. THIS SYSTEM IS A SITE SPECIFIC ENGINEERED ENCLOSURE SYSTEM SUBJECT TO THE REQUIREMENTS OF BC 3309.17. NO CHANGE IN USE, EGRESS, OR OCCUPANCY",1000,1320,INWOOD AVENUE,Bronx,10452,GC,PLATINUM SERVICES NY LLC,53-28 11TH STREET 2ND FL,PLATINUM SERVICES NY LLC,,,Permit Issued
X01450699-I1-SC,X01450699-I1,Initial Permit,2026-09-17,2026-09-17,2027-03-08,Suspended Scaffold,FISP INSPECTION VIA INDUSTRIAL ROPE ACCESS,0,1950,EAST TREMONT AVENUE,Bronx,10462,R,TWO-TONE CONTRACTING CORP,76-02 21ST AVENUE,Parkchester North Condominium,,,Permit Issued
X01452763-I1-BE,X01452763-I1,Initial Permit,2026-09-17,2026-09-15,2027-05-01,Boiler Equipment,REPLACE BOILER #2.,221000,1250,WATERS PLACE,Bronx,10461,P,EAST COAST MECHNACIAL LLC,340 JACKSON AVENUE,PR,,,Permit Issued
X01452763-S1-PL,X01452763-S1,Initial Permit,2026-09-17,2026-09-15,2027-05-01,Plumbing,GAS CONNECTION TO REPLACEMENT GAS BOILER.,1000,1250,WATERS PLACE,Bronx,10461,P,EAST COAST MECHNACIAL LLC,340 JACKSON AVENUE,PR,,,Permit Issued
X01452856-I1-SL,X01452856-I1,Initial Permit,2026-09-17,2026-09-14,2027-05-28,Solar,SCOPE OF WORK IS SOLELY FOR THE INSTALLATION OF THE SOLAR ELECTRONIC GENERATING SYSTEM. ALL OTHER WORK IS NOT TO BE RELIED UPON AS BEING APPROVED AND/OR PERMITTED BY THE NYC DEPARTMENT OF BUILDINGS,59200,4044,BRONXWOOD AVENUE,Bronx,10466,GC,SOLAR CONTRACTING LLC,24 HILLEL PLACE,Not Applicable,,,Permit Issued
X01453081-I1-SH,X01453081-I1,Initial Permit,2026-09-17,2026-09-17,2026-12-16,Sidewalk Shed,"INSTALLATION OF TEMPORARY HEAVY DUTY SIDEWALK SHED AS PER PLANS. NO CHANGE IN USE, EGRESS OR OCCUPANCY. SIDEWALK SHED SHALL COMPLY WITH CHAPTER #33 OF 2022 THE NYC BUILDING CODE. LIVE LOAD 300PSF.",1000,488,EAST 164 STREET,Bronx,10456,GC,ANDAMIO SCAFFOLDING LLC,20 BURLING LANE (BOX 4-1),Not Applicable,,,Permit Issued
X01453438-I1-ST,X01453438-I1,Initial Permit,2026-09-17,2026-09-03,2026-12-26,Structural,Structural work being filed for modification of existing fire escape at 4th floor.,5000,1437,TELLER AVENUE,Bronx,10456,GC,BUILDERS GROUP USA INC,4118 14TH AVENUE #108,WESTORCHARD MANAGEMENT,,,Permit Issued
X01455630-I1-FN,X01455630-I1,Initial Permit,2026-09-17,2026-09-17,2027-07-02,Construction Fence,"INSTALLATION OF THE TEMPORARY FENCE AT 640 ADEE AVENUE, BRONX, NY 10467 AS INDICATED ON PLANS. THERE WILL BE NO CHANGE IN THE USE, EGRESS, OR OCCUPANCY UNDER THIS APPLICATION.",10000,640,ADEE AVENUE,Bronx,10467,GC,MNK ENTERPRISES LLC,602 BAY PINE AIRE DRIVE,NYCHA,,,Permit Issued
X01456333-I1-MS,X01456333-I1,Initial Permit,2026-09-17,2026-09-16,2027-05-17,Mechanical Systems,"1225 MORRIS PARK AVE - VAN ETTEN 1ST FLOOR MAKE READY RENO - MECHANICAL MODIFICATIONS AS PER PLANS FILED HEREWITH. NO CHANGE IN USE, EGRESS, OR OCCUPANCY.",75000,1225,MORRIS PARK AVENUE,Bronx,10461,GC,CANNON MECHANICAL INC,75-17 COOPER AVE 2ND FL,ALBERT EINSTEN COLLEGE OF MEDICINE,,,Permit Issued
X01459954-I1-SH,X01459954-I1,Initial Permit,2026-09-17,2026-09-17,2026-12-16,Sidewalk Shed,"INSTALLATION OF TEMPORARY HEAVY DUTY SIDEWALK SHED AS PER PLANS. NO CHANGE IN USE, EGRESS OR OCCUPANCY. SIDEWALK SHED SHALL COMPLY WITH CHAPTER #33 OF 2022 THE NYC BUILDING CODE. LIVE LOAD 300PSF.",1000,2374,UNIVERSITY AVENUE,Bronx,10468,GC,PARK CONTRACTING GROUP,12 HARBOR CT E,Park Contracting Group LLC.,,,Permit Issued
X01460868-I1-FN,X01460868-I1,Initial Permit,2026-09-17,2026-09-16,2026-10-01,Construction Fence,CONSTRUCTION FENCE TO PROTECT THE SITE DURING DEMOLITION AND FUTURE NEW BUILDING,5000,2105,MATTHEWS AVENUE,Bronx,10462,GC,BLANCO DRILLING. INC,103-22 101ST,BLANCO DRILLING INC,,,Permit Issued
B00456118-I1-MS,B00456118-I1,Initial Permit,2026-09-16,2021-10-29,2027-01-01,Mechanical Systems,HEREWITH FILING FOR NEW HVAC SYSTEM IN CONJUNCTION WITH NB JOB NO.: 340801519,485000,2396,ATLANTIC AVENUE,Brooklyn,11233,GC,DASR CORP,116 WOOD LANE,RATHOD,,,Permit Issued
B00476567-S1-SC,B00476567-S1,Initial Permit,2026-09-16,2026-09-15,2026-10-15,Suspended Scaffold,ROPE ACCESS INSTALLATION FOR FACADE ACCESS AND INSPECTIONS,0,2015,SHORE PARKWAY,Brooklyn,11214,R,CONSTRUCTED CORP,1161 EAST 156TH STREET,CONTELLO TOWERS II,,,Permit Issued
B00565233-S1-PL,B00565233-S1,Initial Permit,2026-09-16,2026-08-26,2027-05-04,Plumbing,"SUBSEQUENT PL TO SUPERSEDE WORK FILE UNDER B00565233-I1. REMOVE ILLEGAL FIXTURES AT CELLAR, AND TO ADDRESS VIOLATION DOB #09092020C11VL01; 09092020C11VL02 AND ECB # 35476696Z; 35476697K. NO CHANGE TO USE, EGRESS OR OCCUPANCY.",21638,1449,84 STREET,Brooklyn,11228,P,CONTROL PLBG & HTG INC,2279 65TH STREET,PR,,,Permit Issued
B00755162-I1-GC,B00755162-I1,Initial Permit,2026-09-16,2022-11-21,2026-12-10,General Construction,Proposed fifteen (15) story + cellar commercial building.,1,21,SPENCER STREET,Brooklyn,11205,GC,SUNSHINE CONSTR USA INC,670 MYRTLE AVE #236,THE TOWER,,,Permit Issued
B00757700-S8-CC,B00757700-S8,Initial Permit,2026-09-16,2026-09-11,2026-12-07,Curb Cut,Installation of a new curb cut for one car parking,0,1133,58 STREET,Brooklyn,11219,GC,BLUE DREAM BUILDERS INC,5314 16TH AVENUE SUITE 116,PR,,,Permit Issued
B00933744-S5-PL,B00933744-S5,Initial Permit,2026-09-16,2026-09-15,2027-02-12,Plumbing,SUBSEQUENT PLUMBING APPLICATION FILED HEREWITH.,0,410,40 STREET,Brooklyn,11232,P,METFLOW MECHANICAL LLC,6010 NEW UTRECHT AVENUE,LEFKOWITZ,,,Permit Issued
B01019072-S1-ST,B01019072-S1,Initial Permit,2026-09-16,2024-11-20,2027-01-06,Structural,Structural and framing work as shown on plans files herewith. Work to include exterior repointing.,19980.8,996,EAST 46 STREET,Brooklyn,11203,GC,PROJECT EYE CONSULTANTS I,2096 CLOVE ROAD,Not Applicable,,,Permit Issued
B01040399-S5-EW-SP,B01040399-S5,Initial Permit,2026-09-16,2024-11-14,2026-12-21,Sprinklers,SPRINKLER WORK FILED IN CONJUNCTION WITH CONVERSION OF EX BUILDING FROM 3 TO 1 FAMILY. FULLY SPRINKLER THE BUILDING. COMBINED SPRINKLER/DOMESTIC WATER SERVICE FILED UNDER SUBSEQUENT APPLICATION B01040399-S2.,84000,348,GRAND AVENUE,Brooklyn,11238,F,AURA PLUMBING INC,3275 STEINWAY ST SUITE #202,PR,,,Permit Issued
B01066296-I1-GC-CX,B01066296-I1,Initial Permit,2026-09-16,2024-10-24,2027-06-19,Foundation,NEW BUILDING - 2 FAMILIES,0,741,AUTUMN AVENUE,Brooklyn,11208,GC,PADMA SERVICE LLC,101-19 112TH STREET,MAR AND MOSTAK INC,,,Permit Issued
B01106663-S2-PL,B01106663-S2,Initial Permit,2026-09-16,2024-11-04,2026-12-30,Plumbing,"K059 :Remove & Replace 20 RD, remove 2 RD, relocate 1 RD. Reflash 29 VS, relocate 2 VS, remove & replace 10 Yard Drains, Power Clean 15 Yard Drains. Remove & Replace associated piping as shown on the plans filed herewith.",160000,211,THROOP AVENUE,Brooklyn,11206,P,FRANCO BELLI PLMG&HTG SON,165 SECOND AVENUE,NYC SCHOOL CONSTRUCTION AUTHORITY,,,Permit Issued
B01148898-I1-GC-CX,B01148898-I1,Initial Permit,2026-09-16,2025-01-27,2027-02-17,General Construction,"Selective face brick replacement, masonry repointing, selective lintel replacement, shelf angle waterproofing, and lintel restoration. No change to use, egress or occupancy.",90170,150,4 AVENUE,Brooklyn,11217,GC,EXCEL RESTORATION INC,97 NORTH 10TH ST #2A,CANVAS PROPERTY GROUP,,,Permit Issued
B01175036-S3-GC-CX,B01175036-S3,Initial Permit,2026-09-16,2026-04-09,2026-11-12,Structural,PROPOSE STRUCTURAL & FOUNDATION DESIGN CONJUNCT WITH B01175036-I1 .,235000,1449,70 STREET,Brooklyn,11228,GC,JOHN EVAN CONTRACTING COR,218 E PARK AVE,Not Applicable,,,Permit Issued
B01176928-S8-EA,B01176928-S8,Initial Permit,2026-09-16,2026-06-25,2027-04-08,Earth Work,Geothermal wells and equipment in conjunction with New Building.,0,2,ARONIA WALK,Brooklyn,11239,GC,APEX BUILDING COMPANY INC,51 E 125TH STREET 3RD FLOOR,APEX BUILDING GROUP,,,Permit Issued
B01180233-S3-PL,B01180233-S3,Initial Permit,2026-09-16,2025-09-17,2027-05-01,Plumbing,"FILE PLUMBING WORK TO CAP/REMOVE GAS FIXTURES AS PER PLAN. NO CHANGE IN USE, EGRESS OR OCCUPANCY.",2000,773,60 STREET,Brooklyn,11220,P,AMERICAN STANDARD P&H COR,62-49 30TH AVENUE,Not Applicable,,,Permit Issued
B01221050-S1-ST,B01221050-S1,Initial Permit,2026-09-16,2026-03-02,2026-11-19,Structural,partial demolition and structural work in conjunction with horizontal and vertical extension B01221050-I1,170500,96,ROEBLING STREET,Brooklyn,11211,GC,BELL CONTRACTING NY 1 INC,5609 7TH AVENUE FL 2,BLANK PROPERTY GROUP,,,Permit Issued
B01221050-S2-FO,B01221050-S2,Initial Permit,2026-09-16,2026-02-24,2026-11-19,Foundation,altering existing foundation in conjunction with Alt-CO job B01221050-I1,30000,96,ROEBLING STREET,Brooklyn,11211,GC,BELL CONTRACTING NY 1 INC,5609 7TH AVENUE FL 2,BLANK PROPERTY GROUP,,,Permit Issued
B01229839-I1-GC-CX,B01229839-I1,Initial Permit,2026-09-16,2026-02-27,2027-03-04,General Construction,Horizontal extension of an existing two story brick building. Conversion of residential use to non residential use. Obtain a new certificate of occupancy.,270000,7104,18 AVENUE,Brooklyn,11204,GC,MERCURY BUILDING ASSO INC,124-15 METROPOLITAN AVENUE,7104 18th Ave Estate LLC,,,Permit Issued
B01240563-I1-GC,B01240563-I1,Initial Permit,2026-09-16,2025-09-18,2027-02-04,General Construction,"Interior renovations / demo. and replacement of existing plumbing fixtures and kitchen appliances, flooring, millwork, and windows. Additional partition removal & construction to meet ADA requirements. No change in use, egress or occupancy.",7073493.6,1550,EAST 102 STREET,Brooklyn,11236,GC,MDG DESIGN & CONSTR LLC,170 FROEHLICH.FARM BLVD,NEW YORK CITY HOUSING AUTHORITY,,,Permit Issued
B01240635-I1-GC,B01240635-I1,Initial Permit,2026-09-16,2025-09-24,2027-02-04,General Construction,"Interior renovations / demo. and replacement of existing plumbing fixtures and kitchen appliances, flooring, millwork, and windows. Additional partition removal & construction to meet ADA requirements. No change in use, egress or occupancy.",7070599.2,2055,ROCKAWAY PARKWAY,Brooklyn,11236,GC,MDG DESIGN & CONSTR LLC,170 FROEHLICH.FARM BLVD,NEW YORK CITY HOUSING AUTHORITY,,,Permit Issued
B01240635-S2-PL,B01240635-S2,Initial Permit,2026-09-16,2025-10-06,2026-12-12,Plumbing,"Installation of replacement plumbing fixtures, equipment, water heaters and related piping as per plans filed herewith for new renovation of existing building as indicated on plans.",2218230,2055,ROCKAWAY PARKWAY,Brooklyn,11236,P,5 BORO'S PLUMBING INC,101-21 ROCKAWAY BLVD,NEW YORK CITY HOUSING AUTHORITY,,,Permit Issued
B01271505-I1-GC-CX,B01271505-I1,Initial Permit,2026-09-16,2026-09-08,2027-05-16,Foundation,"NEW TWO STORY WITH ATTIC& CELLAR, SEMI-DETACHED TWO FAMILY BUILDING FILED UNDER NYC 2022 BUILDING CODE.",0,135,96 STREET,Brooklyn,11209,GC,SAPOL CONSTRUCTION LLC,6804 17TH AVE 2ND FL,wojda,,,Permit Issued
B01275447-I1-GC,B01275447-I1,Initial Permit,2026-09-16,2026-04-16,2026-11-24,General Construction,"Installation of electric vehicle charging stations with related supercharger cabinets, bollards, concrete pads and light poles on grade as per plans. No change to occupancy, use, or egress.",142000,340,GATEWAY DRIVE,Brooklyn,11239,GC,CNB CONTRACTING CORP,1140 GRINNELL PLACE,PR,,,Permit Issued
B01275661-S4-ST,B01275661-S4,Initial Permit,2026-09-16,2026-08-19,2026-12-31,Structural,"Interior renovation of Arts of Africa associated with the Mechanical Scope. No change in use, egress, or occupancy under this application.",543563,200,EASTERN PARKWAY,Brooklyn,11238,GC,TISHMAN CONSTRUCTION CORP,100 PARK AVENUE,BROOKLYN MUSEUM,,,Permit Issued
B01283545-I1-GC,B01283545-I1,Initial Permit,2026-09-16,2026-05-29,2026-12-31,General Construction,Construct thirteen (13) story Mixed Use New Building with Residential and Community Facility for non-profit w/sleeping and non-profit w/o sleeping accommodations as per plans filed.,0,178,MONTROSE AVENUE,Brooklyn,11206,GC,SD BUILDERS AND CONSTRUCT,"100A BROADWAY, SUITE 139",SD BUILDERS AND CONSTRUCTION LLC,,,Permit Issued
B01305436-S5-FO,B01305436-S5,Initial Permit,2026-09-16,2026-09-08,2027-04-21,Foundation,FOUNDATION WORK FOR THE PROPOSED VERTICAL AND HORIZONTAL EXTENSION.,44250,1921,EAST 1 STREET,Brooklyn,11223,GC,SMBT LLC,1538 OCEAN PARKWAY,EBDB Holding LLC,,,Permit Issued
B01317025-S3-FO,B01317025-S3,Initial Permit,2026-09-16,2026-07-20,2027-01-01,Foundation,CONSTRUCTION OF CONCRETE GRADE BEAMS IN CONJUNCTION WITH GC FILING # B01317025-I1,25000,642,BALTIC STREET,Brooklyn,11217,GC,LXC CONSTRUCTION INC,45-32 218TH STREET,Y CONSTRUCTION INC.,,,Permit Issued
B01330545-I1-EW-SD,B01330545-I1,Initial Permit,2026-09-16,2026-03-18,2026-11-27,Standpipe,install standpipe system in conjunction with NB#320909219 as per plans filed. Sprinkler was installed under JN# 320909219-03,1000,2833,BRIGHTON 3 STREET,Brooklyn,11235,F,M&D FIRE SPRINKLER INC,1267 UTICA AVENUE,Brighton 3rd Group LLc,,,Permit Issued
B01334200-S5-ST,B01334200-S5,Initial Permit,2026-09-16,2026-09-14,2027-01-16,Structural,Temporary shoring as shown on plans,1000,185,MARCY AVENUE,Brooklyn,11211,GC,CAVAN BUILDERS CORP,"525 7TH AVENUE, SUITE 1706",RIVINGTON COMPANY,,,Permit Issued
B01340534-I1-GC,B01340534-I1,Initial Permit,2026-09-16,2026-07-14,2026-10-18,General Construction,"ALTERATION TYPE II PROJECT TO REPLACE PARTIAL ROOF ON 1ST FLOOR, REPLACE C.M.U BLOCKS UNDER SUBSEQUENT STRUCTURAL APP.# B01340534-S1.",146000,7616,17 AVENUE,Brooklyn,11214,GC,KALE CONSTRUCTION INC,145-12 24 AVE,STATUS PROJECT MGMT CORP,,,Permit Issued
B01345373-I1-MS,B01345373-I1,Initial Permit,2026-09-16,2026-08-18,2027-05-08,Mechanical Systems,FILING TO INSTALL THE MARKET KITCHEN HOOD AND DUCTWORK AS PER PLANS.,12000,21,FLATBUSH AVENUE,Brooklyn,11217,GC,SUPERIOR FIRE CONTROL INC,35-28 41ST STREET,SABOR FOOD MARKET,,,Permit Issued
B01351339-S2-EW-SP,B01351339-S2,Initial Permit,2026-09-16,2026-07-28,2027-07-22,Sprinklers,"INSTALL NEW FIRE SPRINKLER SYSTEM IN THE ENTIRE BUILDING I.A.W. NFPA 13D 2016 EDIT, AS MODIFIED BY NYC BC 2022 APPENDIX QAS PER PLAN, IN CONJUNCTION W/ NYC DOBNOW JOB#: B01351339",0,1540,52 STREET,Brooklyn,11219,F,WIZ FIRE SPRINKLERS LLC,"3611 14TH AVENUE,SUITE 400",3923 FORT HAMILTON PARKWAY LLC,,,Permit Issued
B01358380-I1-SL,B01358380-I1,Initial Permit,2026-09-16,2026-09-11,2027-04-25,Solar,"Installation of pv solar energy system on roof. No change of use, egress, or occupancy.",238117,204,SOUTH 1 STREET,Brooklyn,11211,GC,BEST ENERGY POWER 2015 LL,20 W FAIRVIEW AVENUE,PR,,,Permit Issued
B01359224-S3-SF,B01359224-S3,Initial Permit,2026-09-16,2026-09-16,2027-05-15,Supported Scaffold,"Installation of a temporarily supported scaffold per plan submitted. Work shall comply with 2022 building codes chapter 33. No change in use, egress and/or occupancy with this application.",7500,1720,SHEEPSHEAD BAY ROAD,Brooklyn,11235,GC,SKYLINE SCAFFOLDING GROUP,740 RAMSEY AVENUE,SKYLINE SCAFFOLDING GROUP,,,Permit Issued
B01359224-S4-PMM,B01359224-S4,Initial Permit,2026-09-16,2026-09-16,2027-05-15,Protection and Mechanical Methods,"Installation of a temporary overhead protection per plan submitted. Work shall comply with 2022 building codes chapter 33. No change in use, egress and/or occupancy with this application",2000,1720,SHEEPSHEAD BAY ROAD,Brooklyn,11235,GC,SKYLINE SCAFFOLDING GROUP,740 RAMSEY AVENUE,SKYLINE SCAFFOLDING GROUP,,,Permit Issued
B01359689-I1-SG,B01359689-I1,Initial Permit,2026-09-16,2026-07-28,2026-11-13,Sign,"NON-ILLUMINATED NON-ADVERTISING ACCESSORY WALL SIGN - DAVITA KIDNEY CARE. NO CHANGE OF USE, EGRESS OR OCCUPANCY.",2000,146,MESEROLE STREET,Brooklyn,11206,S,ACTIVE SIGNS INC,828 6TH AVENUE 2ND FLOOR,FULL TIME MANAGEMENT,,,Permit Issued
B01363761-I1-GC,B01363761-I1,Initial Permit,2026-09-16,2026-06-17,2026-12-31,Structural,Interior alteration only / Installation of new ATM / Installation of new interior storefront system,110000,465,KINGS HIGHWAY,Brooklyn,11223,GC,VERICON CONSTRUCTION CO,1063 ROUTE 22 EAST,VELLIOS MNGT,,,Permit Issued
B01382345-I1-GC,B01382345-I1,Initial Permit,2026-09-16,2026-08-27,2026-12-31,General Construction,"FACADE RESTORATION: SAW CUT AND POINTING, BRICK REPLACEMENT, COPING/CAP REPLACEMENT, WINDOW TRIM REPLACEMENT, REMOVE PAINT AND APPLY COATING AS PER PLANS FILED.. NO CHANGE IN USE, EGRESS OR OCCUPANCY.",381000,439,HICKS STREET,Brooklyn,11201,GC,PRESERV BLD RESTOR MGT IN,96 14TH STREET,LISA MANAGEMENT,,,Permit Issued
B01396222-S3-SG,B01396222-S3,Initial Permit,2026-09-16,2026-08-18,2026-10-15,Sign,"Filing plans for the installation of building signage. No change to use, egress, or occupancy.",20000,625,FULTON STREET,Brooklyn,11201,S,NORTH SHORE NEON SIGN LLC,46-49 54TH STREET,HSD CONSTRUCTION LLC,,,Permit Issued
B01398732-S2-PL,B01398732-S2,Initial Permit,2026-09-16,2026-07-01,2026-12-23,Plumbing,"PROPOSE INTERIOR RENOVATION ON CELLAR & 1ST THUR 2TH FLOOR. PLUMBING WORKS AS PER PLAN. NO CHANGE IN USE, BULK, EGRESS OR OCCUPANCY.",70000,410,AVENUE N,Brooklyn,11230,P,FLOW-RIGHT PLBG & HTG COR,94 DAVIDSON STREET,LATI PROPERTIES LLC,,,Permit Issued
B01399580-S1-PL,B01399580-S1,Initial Permit,2026-09-16,2026-05-15,2026-12-26,Plumbing,FILING APPLICATION TO REPLACE PLUMBING FIXTURES,0,975,LINCOLN PLACE,Brooklyn,11213,P,ARCO PLBG AND HTG INC,6717 4TH AVENUE,Not Applicable,,,Permit Issued
B01405962-S1-PL,B01405962-S1,Initial Permit,2026-09-16,2026-09-03,2027-01-27,Plumbing,INSTALLATION AND MOTIFICATION OF PLUMBING FIXTURES.,32000,285,13 STREET,Brooklyn,11215,P,CK PLUMBING & MECH INC,36-22A FRANCIS LEWIS BLVD #201,Not Applicable,,,Permit Issued
B01406867-I1-SL,B01406867-I1,Initial Permit,2026-09-16,2026-09-14,2026-12-07,Solar,"SCOPE OF WORK IS SOLELY FOR THE INSTALLATION OF THE SOLAR ELECTRONIC GENERATING SYSTEM. ALL OTHER WORK IS NOT TO BE RELIED UPON AS BEING APPROVED AND/OR PERMITTED BY THE NYC DEPARTMENT OF BUILDINGS. *NO CHANGE TO USE, EGRESS OR OCCUPANCY.*",22400,737,TROY AVENUE,Brooklyn,11203,GC,CENTURION SOLAR ENERGY,"4-74 48TH AVENUE, SUITE 36D",,,,Signed-off
B01410451-I1-SF,B01410451-I1,Initial Permit,2026-09-16,2026-09-15,2026-12-21,Supported Scaffold,"INSTALLATION OF PIPE SCAFFOLDING AS PER PLANS. PIPE SCAFFOLDING SHALL COMPLY WITH CHAPTER #33 OF THE 2022 CODE. NO CHANGE IN USE, EGRESS OR OCCUPANCY UNDER THIS APPLICATION.",26000,50,SPARROW WAY,Brooklyn,11203,GC,BUNLIN LLC,46-12 QUEENS BLVD #203,DOUGLASTON DEVELOPMENT,,,Permit Issued
B01416160-I1-GC,B01416160-I1,Initial Permit,2026-09-16,2026-08-31,2026-11-26,General Construction,"FILING FOR FACADE WORK TO INLCUDE BUT NOT LIMITED TO LINTEL REPLACEMENT, METAL SIDING. NO CHANGE OF USE, EGRESS OR OCCUPANCY.",50000,75,PROSPECT PARK SOUTHWEST,Brooklyn,11215,GC,MCFAR CONTRACTING CORP,243 WINTHROP AVE,EBMG LLC,,,Permit Issued
B01417358-I1-GC-CX,B01417358-I1,Initial Permit,2026-09-16,2026-07-21,2027-01-13,General Construction,"MINOR INTERIOR WORK TO RENOVATE EXISTING DELI & GROCERY STORE @ 1ST FL; WORK TO INCLUDE RELOCATE EXISTING HOOD, MILLWORK, AND INTERIOR FINISHES THROUGHOUT SPACE. ALL OTHER RELATED WORK WAS PREVIOUSLY DONE UNDER BIS JOB #320379149.",25000,1453,EAST NEW YORK AVENUE,Brooklyn,11212,GC,MKSSKR CONSULTING SERVICE,"41-26 73 STR, APTC43",N/A,,,Permit Issued
B01421444-S1-PL,B01421444-S1,Initial Permit,2026-09-16,2026-07-30,2027-01-11,Plumbing,"PROPOSED GAS AND PLUMBING WORK ON CEL, 1ST FLOOR APT#1F, 2ND FLOOR AS PER PLAN. NO CHANGE IN USE, EGRESS OR OCCUPANCY.",160000,2041,85 STREET,Brooklyn,11214,P,TRI STATE PLBG & HTG INC,115-58 DUNKIRK STREET,N/A,,,Permit Issued
B01421733-I1-FO,B01421733-I1,Initial Permit,2026-09-16,2026-08-12,2027-02-22,Foundation,Lowering of existing cellar elevation via concrete benching to achieve 90 ceilings. this will also include the removal of the existing masonry archway which will require the installation new framing at the first floor framing elevation,50000,177,PROSPECT PLACE,Brooklyn,11238,GC,QPR LLC,"363 PROPECT PI, APT 3I",Not Applicable,,,Permit Issued
B01423284-I1-PMM,B01423284-I1,Initial Permit,2026-09-16,2026-09-16,2027-08-14,Protection and Mechanical Methods,"INSTALLATION OF ENGINEERED ENCLOSURE SYSTEM AS PER PLANS. NO CHANGE IN USE, EGRESS OR OCCUPANCY. SHALL COMPLY WITH CHAPTER#33 OF 2022 NYC BUILDING CODE.",3388,241,CONSELYEA STREET,Brooklyn,11211,GC,NEW AMERICAN CONSTRUCTION,1599 BIRCHWOOD DRIVE,Not Applicable,,,Permit Issued
B01425249-I1-PL,B01425249-I1,Initial Permit,2026-09-16,2026-08-28,2026-10-31,Plumbing,"PLUMBING: Remove 1 sink. New Fixtures: Sink: 16 Water Closet: 5 Lavatory: 5 Water Heater: 1 (40 gal, 32 GPH). SP: INSTALLATION OF 87 NEW SPRINKLER HEADS TO THE EXISTING SYSTEM",569200.92,148,39 STREET,Brooklyn,11232,P,AWS MECHANICAL II LLC,101 PARK AVENUE BASEMENT LEVL,INDUSTRY CITY,,,Permit Issued
B01427941-I1-FN,B01427941-I1,Initial Permit,2026-09-16,2026-09-16,2026-11-09,Sidewalk Shed,"Installation of a temporary SF, heavy-duty sidewalk shed, construction fence, roof protection per plan submitted. Work shall comply with 2022 building codes chapter 33. No change in use, egress and/or occupancy with this application",13500,1024,FULTON STREET,Brooklyn,11238,GC,CARLITOS CONTRACTING CORP,104-35 205TH PLACE,NYS Office of Children & Family Svc,,,Permit Issued
B01427941-I1-SF,B01427941-I1,Initial Permit,2026-09-16,2026-09-16,2026-11-09,Sidewalk Shed,"Installation of a temporary SF, heavy-duty sidewalk shed, construction fence, roof protection per plan submitted. Work shall comply with 2022 building codes chapter 33. No change in use, egress and/or occupancy with this application",13500,1024,FULTON STREET,Brooklyn,11238,GC,CARLITOS CONTRACTING CORP,104-35 205TH PLACE,NYS Office of Children & Family Svc,,,Permit Issued
B01427941-I1-SH,B01427941-I1,Initial Permit,2026-09-16,2026-09-16,2026-11-09,Sidewalk Shed,"Installation of a temporary SF, heavy-duty sidewalk shed, construction fence, roof protection per plan submitted. Work shall comply with 2022 building codes chapter 33. No change in use, egress and/or occupancy with this application",13500,1024,FULTON STREET,Brooklyn,11238,GC,CARLITOS CONTRACTING CORP,104-35 205TH PLACE,NYS Office of Children & Family Svc,,,Permit Issued
B01428307-I1-GC,B01428307-I1,Initial Permit,2026-09-16,2026-08-06,2026-12-23,General Construction,"FILING A GC APPLICATION FOR INTERIOR RENOVATION OF A SINGLE-FAMILY HOUSE AS PER PLANS. NO CHANGE IN USE,OCCUPANCY, OR EGRESS IS PROPOSED UNDER THIS APPLICATION.",15000,2247,EAST 12 STREET,Brooklyn,11229,GC,NEW FINEST BUILDERS INC,1320 E 55TH STREET,PR,,,Permit Issued
B01436124-I1-SG,B01436124-I1,Initial Permit,2026-09-16,2026-08-31,2026-12-19,Sign,SIGN REPLACEMENT INSTALLATION,46500,1871,NOSTRAND AVENUE,Brooklyn,11226,S,MAD SIGNS INC,165B INDUSTRIAL LOOP,Citi,,,Permit Issued
B01436131-I1-SG,B01436131-I1,Initial Permit,2026-09-16,2026-08-31,2026-12-19,Sign,SIGN REPLACEMENT INSTALLATION,78000,1970,RALPH AVENUE,Brooklyn,11234,S,MAD SIGNS INC,165B INDUSTRIAL LOOP,Citi,,,Permit Issued
B01436513-I1-GC,B01436513-I1,Initial Permit,2026-09-16,2026-09-04,2027-02-14,General Construction,"Renovation of an existing building at cellar, 1st and 2nd floor. No change in use, egress or occupancy under this application.",130000,1636,DAHILL ROAD,Brooklyn,11223,GC,ARK DESIGN & BUILD INC,50 N 5TH STREET STE W4I,Not Applicable,,,Permit Issued
B01436967-S2-PL,B01436967-S2,Initial Permit,2026-09-16,2026-08-19,2026-11-23,Plumbing,"Interior renovation of the first floor and existing townhouse, work includes the replacement of plumbing fixtures. No change in use, egress or occupancy is involved.",13500,198,WINDSOR PLACE,Brooklyn,11215,P,"FIVE STAR P AND H CO, INC",211-60 45TH ROAD,Not Applicable,,,Permit Issued
B01437733-I1-SF,B01437733-I1,Initial Permit,2026-09-16,2026-09-14,2026-11-22,Supported Scaffold,Pipe Scaffolding for New Building Filed under B00972461,11800000,275,CHESTNUT STREET,Brooklyn,11208,GC,COSAN CONSTRUCTION CORP,734 S COLUMBUS AVE,COSAN CONSTRUCTION,,,Permit Issued
B01439549-I1-GC,B01439549-I1,Initial Permit,2026-09-16,2026-08-28,2026-10-31,General Construction,"INSTALL STOREFRONT AWNING WITH NON-ILLUMINATED COPY READING AFTERGLOW. COPY NOT TO EXCEED 12 SQ FT TOTAL. NO CHANGE IN USE, EGRESS OR OCCUPANCY",2800,292,BEDFORD AVENUE,Brooklyn,11249,GC,PAUL SIGNS INC,654 4TH AVE,RANCO MANAGEMENT,,,Permit Issued
B01439761-I1-PL,B01439761-I1,Initial Permit,2026-09-16,2026-09-08,2027-05-23,Plumbing,"RETEST EXISTING GAS METER VALVE TO CELLAR EXISTING BOILER AND EXISTING HOT WATER HEATER AND TO EXIST'G 2ND FL REAR APT GAS STOVE TO OBTAIN NEW GAS AUTHORIZATION AS PER REQUESTED BY UTILITY COMPANY. NO CHANGE IN USE, OCCUPANCY OR EGRESS. CO#",5000,7211,20 AVENUE,Brooklyn,11204,P,"AAA TOTAL PLUMBING, INC",123 50TH STREET,Not Applicable,,,Permit Issued
B01442970-I1-GC,B01442970-I1,Initial Permit,2026-09-16,2026-09-04,2027-01-15,General Construction,"HEREWITH FILE PLANS TO RENOVATE APARTMENT 608, GENERAL CONSTRUCTION TO INCLUDE LIMITED REMOVAL AND CONSTRUCTION OF NON-STRUCTURAL PARTITIONS, NEW LIGHTING THROUGHOUT, REPLACEMENT OF APPLIANCES AND PLUMBING. NO CHANGE TO USE, EGRESS OR OCCUP",106250,400,EAST 17 STREET,Brooklyn,11226,GC,COMPLEX DEVELOPMENT INC,"85-66 PARSONS BLVD, 2ND FLOOR",EBMG LLC,,,Permit Issued
B01444109-I1-GC,B01444109-I1,Initial Permit,2026-09-16,2026-09-14,2027-01-27,General Construction,"FACADE WORK AS PER PLANS FILED HEREWITH. NO CHANGE IN USE, EGRESS AND OCCUPANCY.",39840,656,LEONARD STREET,Brooklyn,11222,GC,DEVMED CORP,25 36 27TH ST APT 4A,,,,Permit Issued
B01445407-I1-MS,B01445407-I1,Initial Permit,2026-09-16,2026-09-15,2027-01-31,Mechanical Systems,FILING OF (17) HVAC UNITS TO OBTAIN CERTIFICATE OF COMPLIANCES. FILING TO ADDRESS FDNY VIOLATION# 014215408H.,15000,154,MORGAN AVENUE,Brooklyn,11237,GC,COMBUSTION THEORY LLC,292 KOSCIUSZKO STREET,"Jones Lang LaSalle Americas, Inc.",,,Signed-off
B01445729-I1-GC,B01445729-I1,Initial Permit,2026-09-16,2026-08-14,2027-06-18,General Construction,"APPLICATION FILED TO PROPOSE INTERIOR RENOVATION OF EXISTING RESIDENTIAL BUILDING WITH FACADE ALTERATION. NO CHANGE IN EGRESS, USE OR OCCUPANCY. NO LOAD-BEARING WALLS SHALL BE REMOVED UNDER THIS TYPE OF WORK/APPLICATION.",15000,2110,62 STREET,Brooklyn,11204,GC,BOLD BUILDERS NY INC,1921 51ST STREET,PR,,,Permit Issued
B01445876-I1-PMM,B01445876-I1,Initial Permit,2026-09-16,2026-09-16,2026-12-22,Protection and Mechanical Methods,"INSTALLATION OF TEMPORARY NEEDLE BEAM AND ROOF PROTECTION AS PER PLANS. NO CHANGE IN USE, EGRESS OR OCCUPANCY SHALL COMPLY WITH CHAPTER#33 OF 2022 THE NY BUILDING CODE.",1000,530,ST MARKS AVENUE,Brooklyn,11238,GC,J & G CONSTRUCTION SVCS,125-05 101ST AVENUE,J & G CONSTRUCTION SRVCS,,,Permit Issued
B01447200-I1-GC,B01447200-I1,Initial Permit,2026-09-16,2026-09-03,2027-01-18,General Construction,"FACADE RESTORATION TO ADDRESS DOB AND ECB VIOLATIONS, NO CHANGE IN BULK UNDER THIS APPLICATION.",9800,8618,5 AVENUE,Brooklyn,11209,GC,AZI CONSTRUCTION CORP,2470 HULL AVE,PR,,,Permit Issued
B01449359-I1-SH,B01449359-I1,Initial Permit,2026-09-16,2026-08-28,2026-12-15,Sidewalk Shed,"INSTALLATION OF TEMPORARY HEAVY DUTY SIDEWALK SHED AS PER PLANS. NO CHANGE IN USE, EGRESS OR OCCUPANCY. SIDEWALK SHED SHALL COMPLY WITH CHAPTER #33 OF THE NYC BUILDING CODE. LIVE LOAD 300PSF.",1000,8,HOWARD AVENUE,Brooklyn,11221,GC,MNK ENTERPRISES LLC,602 BAY PINE AIRE DRIVE,MNK ENTERPRISES LLC,,,Permit Issued
B01449897-I1-MS,B01449897-I1,Initial Permit,2026-09-16,2026-09-09,2027-03-01,Mechanical Systems,"INSTALL AN EXHAUST VENTILATION SYSTEM FOR THE NAIL SALON AS PER PLAN. NO CHANGE OF USE, EGRESS AND CERTIFICATE OF OCCUPANCY UNDER THIS APPLICATION.",30000,402,UTICA AVENUE,Brooklyn,11213,GC,MZM CONSTRUCTION SERVICE,3447 HYLAN BLVD,PING NAILS SALON,,,Permit Issued
B01450495-I1-GC,B01450495-I1,Initial Permit,2026-09-16,2026-09-08,2027-03-26,General Construction,"Interior demolition, construction of interior partitions and installation of doors and frames as shown. No change to use, egress, or occupancy",1750030.1,50,COLUMBIA HEIGHTS,Brooklyn,11201,GC,INTERIOR BUILDING SERVICE,247 WEST 37TH STREET,"25-30 COLUMBIA HEIGHTS (BROOKLYN),",,,Permit Issued
B01451546-I1-GC,B01451546-I1,Initial Permit,2026-09-16,2026-09-10,2026-12-30,General Construction,"THREE NON-ILLUMINATED NON-ADVERTISING ACCESSORY RETRACTABLE AWNINGS APPROVED BY NYC LANDMARK PRESERVATION COMMISSION APPROVAL MISC-27-01857 - PIES -N- THIGHS. NO CHANGE OF USE, EGRESS OR OCCUPANCY.",8700,244,FLATBUSH AVENUE,Brooklyn,11217,GC,FIVE STAR AWNINGS INC,59-23B DECATUR STREET,PR,,,Permit Issued
B01451725-I1-PL,B01451725-I1,Initial Permit,2026-09-16,2026-09-09,2027-07-20,Plumbing,"New boiler and hot water heaters, gas stove and gas stove removal, new steam table gas piping.",25000,768,WASHINGTON AVENUE,Brooklyn,11238,P,BAROLLI PLMNG AND HTG INC,9014 4TH AVENUE,PR,,,Permit Issued
B01454202-S1-FN,B01454202-S1,Initial Permit,2026-09-16,2026-09-16,2026-11-10,Construction Fence,"FILING FOR FENCE APPLICATION, INSTALLATION OF 8'-0 PLYWOOD CONSTRUCTION FENCE",1000,2102,61 STREET,Brooklyn,11204,GC,M. INT'L ENGINEERING PLLC,85-18 212TH STREET,Stonecrest,,,Permit Issued
B01455348-S1-PL,B01455348-S1,Initial Permit,2026-09-16,2026-09-14,2027-05-10,Plumbing,"SUBSEQUENT FILING FOR PLUMBING WORK. INSTALL KITCHEN, BATHROOM, & BOILER ROOM. NO CHANGE IN USE, EGRESS, OR OCCUPANCY.",106000,449,57 STREET,Brooklyn,11220,P,CATMAN PLUMBING INC,20-11 COLLEGE POINT BLVD,PR,,,Permit Issued
B01455731-I1-GC-CX,B01455731-I1,Initial Permit,2026-09-16,2026-09-09,2027-02-17,Mechanical Systems,"INTERIOR RENOVATION AND MECHANICAL VENTILATION/EXHAUST WORK AT 1ST FLOOR TENANT SPACE WITH ASSOCIATED MECHANICAL WORK AT CELLAR. NO CHANGE IN USE, EGRESS OR OCCUPANCY.",90000,464,MYRTLE AVENUE,Brooklyn,11205,GC,WELLDONE INSPECTIONS INC,10 HALLETTS POINT,Not Applicable,,,Permit Issued
B01455869-I1-PL,B01455869-I1,Initial Permit,2026-09-16,2026-09-09,2026-09-30,Plumbing,"PLUMBING WORK AT 1ST FLOOR TENANT SPACE INCLUDING NEW PLUMBING FIXTURES AND ASSOCIATED DOMESTIC WATER, SANITARY WASTE AND VENT PIPING.",25000,464,MYRTLE AVENUE,Brooklyn,11205,P,SAFEPIPE PLUMBING INC,87-54 168TH STREET.2ND FLOOR,Not Applicable,,,Permit Issued
B01456565-I1-PMM,B01456565-I1,Initial Permit,2026-09-16,2026-09-16,2027-03-01,Protection and Mechanical Methods,"INSTALLATION OF PLASTIC YODOCKS AS PER PLANS DURING CONSTRUCTION. YODOCKS SHALL COMPLY WITH THE NYC DOB CODE. NO CHANGE IN USE, EGRESS OR OCCUPANCY UNDER THIS APPLICATION.",12000,602,60 STREET,Brooklyn,11220,GC,SPRING SCAFFOLDING LLC,49-30 31ST PLACE,NYU LANGONE MEDICAL CENTER,,,Permit Issued
B01456803-I1-GC,B01456803-I1,Initial Permit,2026-09-16,2026-09-10,2027-01-16,General Construction,General construction alterations on the 1st floor for proposed new interior egress corridor discharging directly to building exterior at grade; related work as per plans. No proposed change in building use or occupancy.,73100,184,BEDFORD AVENUE,Brooklyn,11249,GC,CAVAN BUILDERS CORP,"525 7TH AVENUE, SUITE 1706",L3 CAPITAL LLC,,,Permit Issued
B01456803-S1-MS,B01456803-S1,Initial Permit,2026-09-16,2026-09-14,2027-01-16,Mechanical Systems,Minor mechanical systems alterations at the 1st floor related to proposed interior egress corridor; related work as per plans.,11000,184,BEDFORD AVENUE,Brooklyn,11249,GC,CAVAN BUILDERS CORP,"525 7TH AVENUE, SUITE 1706",L3 CAPITAL LLC,,,Permit Issued
B01457406-I1-GC,B01457406-I1,Initial Permit,2026-09-16,2026-09-14,2027-01-19,General Construction,"EXISTING 4 FAMILY BUILDING WITH INTERIOR RENOVATION WITH PARTITION WORK AT THE CELLAR,BASEMENT,1ST,2ND,3RD FLOOR AND ROOF UNDER THIS APPLICATION.NO CHANGE IN USE,MEANS OF EGRESS OR OCCUPANCY IN THIS APPLICATION.",120445,689,GREENE AVENUE,Brooklyn,11221,GC,TRISTAR DEVELOPING INC,163 BAY 34TH STREET 1ST FLOOR,PR,,,Permit Issued
B01457406-S2-MS,B01457406-S2,Initial Permit,2026-09-16,2026-09-15,2027-01-19,Mechanical Systems,"EXISTING 4 FAMILY HOUSE WITH MECHANICAL WORK AT CELLAR,BASEMENT,1ST,2ND ,3RD FLOOR AND ROOF.JOB FILED TO RELATED TO ALT 2 APPLICATION#B01457406-I1.NO CHANGE IS USE,MEANS OF EGRESS OR OCCUPANCY IN THIS APPLICATION.",30000,689,GREENE AVENUE,Brooklyn,11221,GC,TRISTAR DEVELOPING INC,163 BAY 34TH STREET 1ST FLOOR,PR,,,Permit Issued
B01457725-I1-MS,B01457725-I1,Initial Permit,2026-09-16,2026-09-11,2027-01-04,Mechanical Systems,"OBTAIN CERTIFICATE OF COMPLIANCE FOR REPLACED A.C. ROOF TOP UNIT. NO CHANGE IN USE, EGRESS OR OCCUPANCY UNDER THIS APPLICATION.",2000,830,ROCKAWAY AVENUE,Brooklyn,11212,GC,GREAT ONE CONSTRUCTION LL,37-12 PRINCE STREET 8C,1539-1547 PITKIN AVE REALTY LLC,,,Signed-off
B01457729-I1-MS,B01457729-I1,Initial Permit,2026-09-16,2026-09-10,2027-01-04,Mechanical Systems,"OBTAIN CERTIFICATE OF COMPLIANCE FOR REPLACED A.C. ROOF TOP UNIT. NO CHANGE IN USE, EGRESS OR OCCUPANCY UNDER THIS APPLICATION.",3000,842,ROCKAWAY AVENUE,Brooklyn,11212,GC,GREAT ONE CONSTRUCTION LL,37-12 PRINCE STREET 8C,1539-1547 PITKIN AVE REALTY LLC,,,Signed-off
B01457788-I1-SL,B01457788-I1,Initial Permit,2026-09-16,2026-09-14,2026-11-15,Solar,"INSTALLATION OF SOLAR PANELS ON ROOF. NO CHANGE IN USE, EGRESS, OR OCCUPANCY.",31668,543,CHRISTOPHER AVENUE,Brooklyn,11212,RA,"TOM PETERSEN ARCHITECT, LLC",6 COUNTRY LANE,Not Applicable,,,Permit Issued
B01458026-I1-PL,B01458026-I1,Initial Permit,2026-09-16,2026-09-11,2026-11-23,Plumbing,PROPOSED PLUMBING WORK AS PER PLAN,4500,540,CROWN STREET,Brooklyn,11213,P,BT'S PLUMBING AND HEATING,82-01 ROCKAWAY BLVD#412,Not Applicable,,,Permit Issued
B01458239-I1-GC-CX,B01458239-I1,Initial Permit,2026-09-16,2026-09-14,2027-05-05,General Construction,"RENOVATION TO EXISTING EATING AND DRINKING ESTABLISHMENT ON EXISTIN FIRST FLOOR AND MEZZANNIE DINING AREA. NO CHNAGE USE, EGRESS OR OCCUPANCY UNDER THIS APPLICATION .",71800,842,64 STREET,Brooklyn,11220,GC,YONGXIN INT CONTRACTOR I*,5910 136TH ST 1ST FL,PR,,,Permit Issued
B01458239-S1-FN,B01458239-S1,Initial Permit,2026-09-16,2026-09-15,2027-05-05,Construction Fence,INSTALL CONSTRUCTION FENCE AT THE ABOVE ADDRESS.,4000,842,64 STREET,Brooklyn,11220,GC,YONGXIN INT CONTRACTOR I*,5910 136TH ST 1ST FL,PR,,,Permit Issued
B01458295-S1-PL,B01458295-S1,Initial Permit,2026-09-16,2026-09-16,2027-05-01,Plumbing,"RENOVATION OF PROPOSED RESTAURANT ON 1ST FLOOR WITH, RELOCATE/REPLACE PLUMBING FIXTURES AND COOKING EQUIPMENTS AS PER PLAN. TO SUPERSEDE DOB JOB#301056513. NO CHANGE IN USE, EGRESS OR OCCUPANCY.",21500,2229,65 STREET,Brooklyn,11204,P,AMERICAN STANDARD P&H COR,62-49 30TH AVENUE,Not Applicable,,,Permit Issued
B01459178-I1-SH,B01459178-I1,Initial Permit,2026-09-16,2026-09-16,2026-12-15,Sidewalk Shed,"INSTALLATION OF TEMPORARY HEAVY DUTY SIDEWALK SHED AS PER PLANS. NO CHANGE IN USE, EGRESS OR OCCUPANCY. SIDEWALK SHED SHALL COMPLY WITH CHAPTER #33 OF 2022 THE NYC BUILDING CODE. LIVE LOAD 300PSF.",1000,960,STERLING PLACE,Brooklyn,11213,GC,ANDAMIO SCAFFOLDING LLC,20 BURLING LANE (BOX 4-1),EBMG LLC,,,Permit Issued
B01459494-I1-PMM,B01459494-I1,Initial Permit,2026-09-16,2026-09-16,2026-11-16,Protection and Mechanical Methods,"INSTALLATION OF TEMPORARY PERSONNEL HOIST AS PER PLANS. NO CHANGE IN USE, EGRESS OR OCCUPANCY.",6000,270,BERGEN STREET,Brooklyn,11217,GC,CORE SCAFFOLD SYSTEMS INC,417 MYRTLE AVE SUITE 14,OWNERS REP,,,Permit Issued
B01459495-I1-SF,B01459495-I1,Initial Permit,2026-09-16,2026-09-16,2026-10-06,Supported Scaffold,INSTALLATION OF PIPE SCAFFOLDING AS PER PLANS. PIPE SCAFFOLDING SHALL COMPLY WITH CHAPTER # 33 OF THE 2022 CODE. NO CHANGE IN USE OCCUPANCY OR EGRESS UNDER THIS APPLICATION.,5000,1274,64 STREET,Brooklyn,11219,GC,ACE GROUP NY CORP,34 BARCLAY STREET,ACE GROUP NY CORP.,,,Permit Issued
B01460058-I1-PMM,B01460058-I1,Initial Permit,2026-09-16,2026-09-16,2026-10-14,Protection and Mechanical Methods,"Installation of a temporary Material storage per plan submitted. Work shall comply with 2022 building codes chapter 33. No change in use, egress and/or occupancy with this application.",3000,62,MONTAGUE STREET,Brooklyn,11201,GC,PRAT ENTERPRISES CORP,257 KENT STREET,PRAT ENTERPRISES CORP,,,Permit Issued
B01460221-I1-SH,B01460221-I1,Initial Permit,2026-09-16,2026-09-16,2026-12-15,Sidewalk Shed,"PROPOSED INSTALLATION OF HEAVY DUTY SIDEWALK SHED AS PER PLANS. LIVE LOAD 300 LBS PER SQUARE FEET. SIDEWALK SHED SHALL COMPLY WITH CHAPTER #33 OF THE NYC BUILDING CODE. NO CHANGE IN USE, OCCUPANCY, OR EGRESS UNDER THIS APPLICATION.",25000,6,HOWARD AVENUE,Brooklyn,11221,GC,A & H INSTALLATION INC,1013 CLOSE AVE,A & H INSTALLATION INC,,,Permit Issued
B01460635-I1-SH,B01460635-I1,Initial Permit,2026-09-16,2026-09-16,2026-12-15,Sidewalk Shed,"PROPOSED INSTALLATION OF HEAVY DUTY SIDEWALK SHED AS PER PLANS. LIVE LOAD 300 LBS PER SQUARE FEET. SIDEWALK SHED SHALL COMPLY WITH CHAPTER #33 OF THE NYC BUILDING CODE. NO CHANGE IN USE, OCCUPANCY, OR EGRESS UNDER THIS APPLICATION.",7000,176,DOUGLASS STREET,Brooklyn,11217,GC,AKALA CONSTRUCTION INC,140-08 FOCH BLVD,Akala construction inc,,,Permit Issued
M00580172-I1-MS,M00580172-I1,Initial Permit,2026-09-16,2023-03-23,2026-10-30,Mechanical Systems,INSTALLATION OF NEW HVAC SYSTEM.,55000,219,CANAL STREET,Manhattan,10013,GC,STRUCTURAL LAND MGT 1 INC,32-75 STEINWAY STREET,PI CAPITAL,,,Permit Issued
M01030188-I1-GC,M01030188-I1,Initial Permit,2026-09-16,2024-06-06,2026-09-30,General Construction,"APARTMENT 809 RENOVATION AS PER PLANS FILED HEREWITH. NO CHANGE TO USE, EGRESS, OR OCCUPANCY.",1005600,225,WEST 86 STREET,Manhattan,10024,GC,PETER SIMON RESTORATION.C,36-15 CORPORAL KENNEDY STREET,"THAL PROPERTIES, LLC",,,Permit Issued
M01030310-I1-MS,M01030310-I1,Initial Permit,2026-09-16,2024-06-17,2026-09-30,Mechanical Systems,"MECHANICAL UNITS INSTALLATION AND ASSOSIATED DUCTS AND PIPING AS PER PLANS FILED HEREWITH. NO CHANGE TO USE, EGRESS, OR OCCUPANCY.",180000,225,WEST 86 STREET,Manhattan,10024,GC,PETER SIMON RESTORATION.C,36-15 CORPORAL KENNEDY STREET,"THAL PROPERTIES, LLC",,,Permit Issued
M01108459-I1-MS,M01108459-I1,Initial Permit,2026-09-16,2024-11-01,2027-02-01,Structural,"INSTALLATION OF NEW STAIR ON 3RD FL, REPLACE SKYLIGHT AND ADD BULKHEAD ON THE ROOF, HVAC UNITS INSTALLATION AND ASSOCIATED STRUCTURAL WORK FOR THE BUILDING AS PER PLANS FILED HEREWITH. NO CHANGE TO USE, EGRESS OR OCCUPANCY.",1107000,225,EAST 67 STREET,Manhattan,10065,GC,"HAMILTON AIR COMPANY, INC","545 EIGHTH AVENUE, STE 640",PR,,,Permit Issued
M01181419-S2-PL,M01181419-S2,Initial Permit,2026-09-16,2025-04-17,2026-12-31,Plumbing,M834-High School for Environmental Studies: Interior conversion of an existing classroom with two closets to a culinary arts classroom with two storage rooms.,37800,444,WEST 56 STREET,Manhattan,10019,P,FORSYTHE PLBG & HTG CORP,14-24 118TH STREET,"ENTERPRISE ASSET MANAGEMENT, INC",,,Permit Issued
M01196631-I1-GC,M01196631-I1,Initial Permit,2026-09-16,2026-08-27,2027-05-13,General Construction,"GENERAL CONSTRUCTION AND STOREFRONT WORK IN EXISTING EATING OR DRINKING EST WITH COMMERCIAL KITCHEN AS PER PLAN. NO CHANGE TO USE, EGRESS OR OCCUPANCY. M01196627 (FN), M01196632 (MS), M01196633 (PL), M01196634 (SP), & FDNY ANSUL SYSTEM FILE",127600,416,8 AVENUE,Manhattan,10001,GC,C&A SENECA CONSTRUCTION,1890 CLOVE ROAD,NATIONAL RESTAURANTS MANAGEMENT INC,,,Permit Issued
M01197450-S2-PL,M01197450-S2,Initial Permit,2026-09-16,2026-06-04,2027-05-15,Plumbing,Installation of a new plumbing system as per plans.,16133200,740,3 AVENUE,Manhattan,10017,P,DONATO PLUMBING GROUP INC,463 WILD AVENUE,SL Green Realty Corp,,,Permit Issued
M01230977-I1-MS,M01230977-I1,Initial Permit,2026-09-16,2025-07-01,2027-01-14,Mechanical Systems,"Installation of Kitchen Exhaust Fan, Kitchen Exhaust Hood and associated ductwork as required.",3000,304,EAST 49 STREET,Manhattan,10017,GC,DJA SAFETY LLC,631 WALL ST,"812-816 Broadway, LLC",,,Permit Issued
M01246048-S1-MS,M01246048-S1,Initial Permit,2026-09-16,2026-08-16,2027-01-29,Mechanical Systems,Mechanical systems alterations on the 5th floor for proposed commercial tenant fit-out; related work as per plans.,55200,415,WEST BROADWAY,Manhattan,10012,GC,G BUILDERS III LLC,45 BROADWAY 4TH FLOOR,B10 SoHo Retail JV LLC,,,Permit Issued
M01268093-I1-GC,M01268093-I1,Initial Permit,2026-09-16,2026-04-14,2027-02-12,General Construction,"Construct penthouse for 5th floor unit. No change in use, egress and occupancy. Amend CO to indicate penthouse floor.",180320,65,LUDLOW STREET,Manhattan,10002,GC,L&T CONSULTANTS LLC,202 FOSTER AVENUE #C,CASA PROPERTY MANAGEMENT LLC,,,Permit Issued
M01279236-I1-GC,M01279236-I1,Initial Permit,2026-09-16,2025-09-09,2027-01-06,General Construction,INTERIOR RENOVATION AT 1ST FLOOR AS PER PLANS FILED HEREWITH,91720,42,AVENUE A,Manhattan,10009,GC,ROGO BUILDERS INC,156 EAST 45TH ST,PR,,,Permit Issued
M01282953-I1-GC,M01282953-I1,Initial Permit,2026-09-16,2026-04-10,2026-10-31,General Construction,"PROPOSED TWENTY-ONE (21) STORY, FIFTEEN (15) UNIT RESIDENTIAL BUILDING",0,248,EAST 62 STREET,Manhattan,10065,GC,RYBAK DEVELOPMENT CORP,227 SEA BREEZE AVE STE C403,RYBAK DEVELOPMENT CORP,,,Permit Issued
M01283475-I1-GC,M01283475-I1,Initial Permit,2026-09-16,2025-11-20,2027-01-06,General Construction,"INTERIOR RENOVATION AT PARTIAL 1ST FLOOR TO CHANGE USE INTO THEATER, AS PER PLANS FILED HEREWITH",81180,42,AVENUE A,Manhattan,10009,GC,ROGO BUILDERS INC,156 EAST 45TH ST,PR,,,Permit Issued
M01295109-S8-FN,M01295109-S8,Initial Permit,2026-09-16,2026-09-11,2026-10-01,Construction Fence,Application filed for temporary construction fence. 25 linear feet,1600,313,WEST 20 STREET,Manhattan,10011,GC,SAGE BUILDERS CORP,7 WEST 36TH STREET SUITE502,Not Applicable,,,Permit Issued
M01316843-I1-GC,M01316843-I1,Initial Permit,2026-09-16,2026-07-21,2026-10-22,General Construction,"INTERIOR RENOVATION TO COMBINE UNITS #4C & #4D AS PER TPPN#3/97 INCLUDING THE REMOVAL OF NON-LOAD BEARING PARTITION AND PLUMBING FIXTURES ALONG WITH THE INSTALLATION OF NEW NON-LOAD BERING PARTITION, & FLOOR & WALL FINISHES AS INDICATED ON ",220000,111,WOOSTER STREET,Manhattan,10012,GC,COBURN CONSTRUCTION MANAG,702 PUTNAM AVENUE UNIT. 2,ZAR PROPERTY NY,,,Permit Issued
M01323176-I1-GC,M01323176-I1,Initial Permit,2026-09-16,2026-07-14,2027-04-01,General Construction,"Full reno of ex apt, including kitchen, laundry, bedrooms, bathrooms, and interior finishes. Removal and replacement of partitions, doors, cabinetry, fixtures, and finishes as part of apartment reconfiguration. No change in use, egress, or ",929532.94,563,PARK AVENUE,Manhattan,10065,GC,PROFESSIONAL INTERIOR CON,240-08 69TH AVENUE,,,,Permit Issued
M01323176-S1-MS,M01323176-S1,Initial Permit,2026-09-16,2026-07-14,2027-04-01,Mechanical Systems,"MECHANICAL MODIFICATIONS TO APT 7E ON THE 7TH FLOOR AS PER PLANS. NO CHANGE IN USE, EGRESS OR OCCUPANCY.",137500,563,PARK AVENUE,Manhattan,10065,GC,PROFESSIONAL INTERIOR CON,240-08 69TH AVENUE,,,,Permit Issued
M01325720-I1-SH,M01325720-I1,Initial Permit,2026-09-16,2026-09-16,2026-12-15,Sidewalk Shed,"INSTALLATION OF TEMPORARY HEAVY DUTY SIDEWALK SHED AS PER PLANS. NO CHANGE IN USE, EGRESS OR OCCUPANCY. SIDEWALK SHED SHALL COMPLY WITH CHAPTER #33 OF 2022 THE NYC BUILDING CODE. LIVE LOAD 300PSF.",1000,2081,ADAM CLAYTON POWELL JR BOULEVARD,Manhattan,10027,GC,ANDAMIO SCAFFOLDING LLC,20 BURLING LANE (BOX 4-1),205 East Property Manager LLC,,,Permit Issued
M01325721-I1-SF,M01325721-I1,Initial Permit,2026-09-16,2026-09-16,2027-02-17,Supported Scaffold,"PROPOSED INSTALLATION OF TEMPORARY PIPE SCAFFOLD AS PER PLANS. WORK SHALL COMPLY WITH CHAPTER #33 OF 2022 THE NYC BUILDING CODE. NO CHANGE IN USE, OCCUPANCY, OR EGRESS UNDER THIS APPLICATION.",1000,2081,ADAM CLAYTON POWELL JR BOULEVARD,Manhattan,10027,GC,ANDAMIO SCAFFOLDING LLC,20 BURLING LANE (BOX 4-1),205 East Property Manager LLC,,,Permit Issued
M01337572-I1-GC,M01337572-I1,Initial Permit,2026-09-16,2026-09-15,2027-04-20,General Construction,"Herewith filing Alt-Co to establish new place of assembly, Cafeteria Accessory to existing office at 12th floor as per plans.",2491285,1290,AVENUE OF THE AMERICAS,Manhattan,10104,GC,JRM CONSTRUCTION MGMT LLC,"111 WEST 33RD ST, 4TH FLR",VORNADO REALTY TRUST,,,Permit Issued
M01346786-S1-PL,M01346786-S1,Initial Permit,2026-09-16,2026-06-16,2026-10-30,Plumbing,"Interior plumbing work in conjunction of the existing apartment unit's renovation as per plan submitted herewith. No change in use, occupancy or egress under this application.",23800,333,CENTRAL PARK WEST,Manhattan,10025,P,PARAMOUNT PIPING INC,111-49 LEFFERTS BLVD,,,,Permit Issued
M01351054-I1-MS,M01351054-I1,Initial Permit,2026-09-16,2026-08-02,2026-10-03,Mechanical Systems,"Alteration of existing 11th & 12th floor and roof terrace area of residential unit (#PH-D) to include new HVAC equipment associated connections, per plans. There is no change of use, egress, or occupancy proposed.",70000,380,LENOX AVENUE,Manhattan,10027,GC,ARNICA HEATING & AIR COND,68 BROAD STREET,,,,Permit Issued
M01356123-I1-GC,M01356123-I1,Initial Permit,2026-09-16,2026-06-27,2026-10-23,General Construction,"Facade repairs as per plans; no change to use, egress, or occupancy.",104383,562,WEST 190 STREET,Manhattan,10040,GC,POFI CONSTRUCTION CORP,1735 WEST FARMS ROAD,"ROBERT E. HILL, INC.",,,Permit Issued
M01356123-I1-ST,M01356123-I1,Initial Permit,2026-09-16,2026-06-27,2026-10-23,General Construction,"Facade repairs as per plans; no change to use, egress, or occupancy.",104383,562,WEST 190 STREET,Manhattan,10040,GC,POFI CONSTRUCTION CORP,1735 WEST FARMS ROAD,"ROBERT E. HILL, INC.",,,Permit Issued
M01359343-I1-GC,M01359343-I1,Initial Permit,2026-09-16,2026-08-27,2027-01-28,General Construction,"APARTMENT RENOVATION TO INCLUDE: REMOVAL OF EXISTING PARTITIONS, NEW PARTITIONS, RENOVATION OF EXIST. KITCHEN.NEW WASHER AND DRYER MACHINE.",37625,264,EAST BROADWAY,Manhattan,10002,GC,EGNATIA CONSTRUCTION INC,2018 71ST STREET,,,,Permit Issued
M01366158-S1-ST,M01366158-S1,Initial Permit,2026-09-16,2026-08-31,2027-07-15,Structural,Interior structural installation,10000,79,GRAND STREET,Manhattan,10013,GC,OPC MANAGEMENT INC,82 GLENDALE AVE,GRAND LOFT CORPORATION,,,Permit Issued
M01366315-I1-GC,M01366315-I1,Initial Permit,2026-09-16,2026-08-12,2027-04-03,General Construction,"INTERIOR RENOVATION OF 3E AS INDICATED ON PLANS FILED IN CONJUNCTION WITH DOB NOW PL. NO CHANGE TO USE, OCCUPANCY OR EGRESS.",52500,25,SUTTON PLACE SOUTH,Manhattan,10022,GC,IVENKO INC,2130 NOSTRAND AVE,,,,Permit Issued
M01366726-I1-GC,M01366726-I1,Initial Permit,2026-09-16,2026-04-03,2026-11-21,General Construction,"PARTIAL INTERIOR RENOVATION OF APARTMENT 5T, MINOR LAYOUT CHANGES AS PER PLAN, NEW FINISHES, PLUMBING WORK. NO CHANGE TO USE OCCUPANCY AND EGRESS.",25000,309,EAST 87 STREET,Manhattan,10128,GC,JUAHOL CONSTRUCTION INC,"610 WEST 185TH STREET, 1ST FL",,,,Permit Issued
M01368321-I1-GC,M01368321-I1,Initial Permit,2026-09-16,2026-04-15,2026-11-05,General Construction,"MINOR ALTERATION WORK IN EXISTING CLASS-A APARTMENTS ON TWELTH FLOOR LEVEL OF 155 EAST 34TH STREET, AS PER ATTACHED PLANS. NO CHANGE IN OCCUPANCY, USE, EGRESS, FLOOR AREA, VOLUME OR FIRE SAFETY.",15000,155,EAST 34 STREET,Manhattan,10016,GC,MAR-CEL RENOVATION LLC,19 ALGONKIN STREET,,,,Permit Issued
M01369376-S1-MS,M01369376-S1,Initial Permit,2026-09-16,2026-09-15,2027-03-31,Mechanical Systems,"MECHANICAL WORK TO TENTH FLOOR AS PER PLANS FILED HEREWITH. NO CHANGE TO USE, EGRESS OR OCCUPANCY.",80000,56,WEST 22 STREET,Manhattan,10010,GC,BRIGGS SERVICES LLC,"132 WEST 36TH STREET, STE# LL","KAUFMAN MANAGEMENT COMPANY, LLC",,,Signed-off
M01369869-S3-EW-SP,M01369869-S3,Initial Permit,2026-09-16,2026-07-14,2026-10-31,Sprinklers,Sprinkler work as shown on plans filed herewith.,610806,250,VESEY STREET,Manhattan,10281,F,PAR FIRE PROTECTION LLC,101 PARK AVENUE LOWER LOBBY,Not Applicable,,,Permit Issued
M01370136-S3-EW-SP,M01370136-S3,Initial Permit,2026-09-16,2026-07-15,2026-10-31,Sprinklers,Sprinkler work as shown on plans filed herewith.,708360,250,VESEY STREET,Manhattan,10281,F,PAR FIRE PROTECTION LLC,101 PARK AVENUE LOWER LOBBY,Not Applicable,,,Permit Issued
M01370221-I1-GC,M01370221-I1,Initial Permit,2026-09-16,2026-09-10,2026-12-31,General Construction,"Interior renovation of partitions, ceilings and doors on the cellar and 1st floors of the existing commercial space. No change in use, egress or occupancy.",476710,65,GREENE STREET,Manhattan,10012,GC,MICHILLI INC,"126 5TH AVENUE, 9TH FLOOR",Greene Propco LLC,,,Permit Issued
M01370680-I1-EW-SP,M01370680-I1,Initial Permit,2026-09-16,2026-07-07,2027-03-04,Sprinklers,Removal of existing sprinkler booster pump.,2000,74,LEONARD STREET,Manhattan,10013,F,FLOW-RIGHT FIRE SUPP CORP,94 DAVIDSON STREET,Tenere Management Goup LP,,,Permit Issued
M01371709-I1-MS,M01371709-I1,Initial Permit,2026-09-16,2026-08-04,2027-08-04,Mechanical Systems,"Interior building mechanical improvement consist of the replacement of 9 existing water source heat pumps, existing ductwork & associated distribution system to remain, with only minimal modifications as required for equipment connection.No",158000,305,EAST 63 STREET,Manhattan,10065,GC,OSD BUILDERS LLC,"31 WEST 34TH ST, STE 7131",PR,,,Permit Issued
M01374067-S2-PL,M01374067-S2,Initial Permit,2026-09-16,2026-04-13,2027-02-17,Plumbing,"FILING HEREWITH PLUMBING WORK FOR APARTMENT RENOVATION AS PER PLANS. NO CHANGE IN USE, EGRESS, OR OCCUPANCY.",25000,62,BEACH STREET,Manhattan,10013,P,ARCON PLBG SOLUTIONS,"25-18 50TH STREET,SUITE 2A",,,,Permit Issued
M01376585-S2-MS,M01376585-S2,Initial Permit,2026-09-16,2026-07-20,2027-02-06,Mechanical Systems,Propose mechanical modifications at existing unit 2B all as per plans herewith filed,27000,379,WEST STREET,Manhattan,10014,GC,FORCE CONSTRUCTION LLC,231 WEST MAIN ST UNIT A,"AKAM ASSOCIATES, INC.",,,Permit Issued
M01378890-I1-GC,M01378890-I1,Initial Permit,2026-09-16,2026-09-01,2026-12-13,General Construction,"Filing to remove exterior masonry to create opening, install new lintel and louver in new opening, Install new window in existing opening. No change to occupancy, use or egress.",40000,1020,FIFTH AVENUE,Manhattan,10028,GC,GARRITY CONTRACTING LLC,40 E 94TH STREET SUITE 15C,3rd & 87 LP,,,Permit Issued
M01386228-I1-SF,M01386228-I1,Initial Permit,2026-09-16,2026-09-16,2026-12-31,Supported Scaffold,"INSTALLATION OF TEMPORARY PIPE SCAFFOLD AS PER PLANS. NO CHANGE IN USE, EGRESS OR OCCUPANCY.",1,150,NASSAU STREET,Manhattan,10038,GC,NOVA CONSTRUCTION SERVICE,129 FRANKLIN STREET,"SOLSTICE RESIDENTIAL GROUP, LLC",,,Permit Issued
M01387468-S2-PL,M01387468-S2,Initial Permit,2026-09-16,2026-08-04,2027-01-01,Plumbing,"This alteration is being filed for the plumbing work at the subject premises as per plans submitted herewith. There are no change in use, egress or occupancy.",115240.33,134,EAST 71 STREET,Manhattan,10021,P,CITY/SUBURBAN PLBG CORP,3036 EAST TREMONT AVENUE,Not Applicable,,,Permit Issued
M01393505-I1-SG,M01393505-I1,Initial Permit,2026-09-16,2026-09-15,2027-04-01,Sign,INSTALL (4) ACCESSORY BUSINESS BANNERS ON EXISTING FLAG POLES. BANNERS ACCESSORY TO WEILL CORNELL MEDICAL CENTER.,8100,1334,YORK AVENUE,Manhattan,10021,S,INTERBORO SIGN &ELECL MAI,39-16 23RD STREET,WEILL CORNELL MEDICAL COLLEGE,,,Permit Issued
M01394781-S1-PL,M01394781-S1,Initial Permit,2026-09-16,2026-06-15,2027-03-02,Plumbing,Application filed for Plumbing modifications to APT 13E and 15F as per plans.,29520,110,BLEECKER STREET,Manhattan,10012,P,"HUDSON PLMBING & MCH, LLC",1552 WILLIAMSBRIDGE ROAD,NEW YORK UNIVERSITY,,,Permit Issued
M01395847-I1-GC,M01395847-I1,Initial Permit,2026-09-16,2026-08-03,2027-04-01,General Construction,"BUILDING ELECTRIFICATION INCLUDING UPGRADE OF ELECTRICAL SERVICE AND PANELS . REPLACEMENT OF EXISTING GAS APPLIANCES WITH ELECTRIC EQUIPMENT.NO CHANGE TO USE, OCCUPANCY, OR EGRESS",150000,520,WEST 114 STREET,Manhattan,10025,GC,COSMOPOLITAN CONSTRUCTIO*,5-44 47TH AVENUE,Trustees of Columbia University,,,Permit Issued
M01396231-S1-PL,M01396231-S1,Initial Permit,2026-09-16,2026-08-03,2026-10-31,Plumbing,"PLUMBING WORK RELATED TO THE INTERIOR RENOVATION OF APARTMENT 8C ON THE 8TH FLOOR. NO CHANGE TO USE, EGRESS, OR OCCUPANCY.",50000,174,EAST 74 STREET,Manhattan,10021,P,METROTECH MECHANICAL CORP,115 WEST 30TH ST. STE 1110A,,,,Permit Issued
M01397983-I1-GC,M01397983-I1,Initial Permit,2026-09-16,2026-06-15,2027-01-16,General Construction,"INTERIOR RENOVATION OF TENANT SPACE AS PER PLANS FILED HEREWITH. NO CHANGE IN USE, EGRESS, OR OCCUPANCY.",149981.5,1261,BROADWAY,Manhattan,10001,GC,NJ MEP SOLUTIONS LLC,9 DORIS AVENUE,1255 COMPANY C/O KOEPPEL ROSEN LLC,,,Permit Issued
M01398641-I1-ST,M01398641-I1,Initial Permit,2026-09-16,2026-06-15,2027-01-16,Structural,"SUPPORT OF GREASE TRAP, UNISTRUT GRID TO SUPPORT MEP PIPES/CONDUITS AND CEILINGS, PROPOSED HOUSEKEEPING PADS FOR WATER HEATERS, SUPPORT OF HUNG MECHANICAL UNITS AS PER PLANS FILED HEREWITH. NO CHANGE IN USE, EGRESS, OR OCCUPANCY.",100000,1261,BROADWAY,Manhattan,10001,GC,NJ MEP SOLUTIONS LLC,9 DORIS AVENUE,1255 COMPANY C/O KOEPPEL ROSEN LLC,,,Permit Issued
M01401120-I1-GC,M01401120-I1,Initial Permit,2026-09-16,2026-08-14,2027-01-30,General Construction,"General construction work to include removal of interior partitions and renovation of existing retail space. No change to use, egress or occupancy.",20000,1175,MADISON AVENUE,Manhattan,10028,GC,JAMES AGRESTA CARPENTRY I,150 ENGLISH STREET,PR,,,Permit Issued
M01401517-I1-ST,M01401517-I1,Initial Permit,2026-09-16,2026-06-16,2027-01-16,Structural,"SUPPORT OF PROPOSED STAIR OPENING, SUPPORT OF DUCT OPENINGS IN FLOOR FRAMING, MODIFICATION OFEXISTING STEEL DUNNAGE AT ROOF, PARTIAL DEMOLITION OF EXISTING SLAB ON GRADE FOR TRENCHING, ANDSUPPORT OF OPENING IN EXISTING DEMISING WALL.",50000,1261,BROADWAY,Manhattan,10001,GC,NJ MEP SOLUTIONS LLC,9 DORIS AVENUE,1255 COMPANY C/O KOEPPEL ROSEN LLC,,,Permit Issued
M01402801-S1-PL,M01402801-S1,Initial Permit,2026-09-16,2026-09-02,2027-08-09,Plumbing,"HEREBY FILING FOR THE REMOVAL, REPLACEMENT, RELOCATION AND INSTALLATION OF PLUMBING FIXTURES IN APARTMENT 3C. NO CHANGE TO USE, OCCUPANCY OR EGRESS.",42000,161,WEST 15 STREET,Manhattan,10011,P,HOD PIPING & HEATING CORP,1616 MERMAID AVENUE,161 West 15th Street C/o Maxwell Kates,,,Permit Issued
M01402835-S1-PL,M01402835-S1,Initial Permit,2026-09-16,2026-09-03,2026-12-31,Plumbing,FILING EXISTING & REPLACEMENT PLUMBING IN EXISTING LAUNDRY ROOM ON 2ND FLOOR TO GET EXISTING GAS DRYERS BACK ON. PROPOSED REPLACEMENT OF EXISTING GAS LINES BEHIND EXISTING GAS DRYERS.,10003.73,2411,FREDERICK DOUGLASS BOULEVARD,Manhattan,10027,P,HENRY MYERS PLUMBING & HEATING INC,551 39TH STREET,L+M FUND MANAGEMENT LLC,,,Permit Issued
M01402847-S1-PL,M01402847-S1,Initial Permit,2026-09-16,2026-08-17,2026-12-31,Plumbing,PROPOSED NEW DEDICATED GAS LINE FROM EXISTING ELECTRICAL ROOM TO EXISTING GAS DRYERS IN EXISTING LAUNDRY ROOM.,10000,400,ST NICHOLAS AVENUE,Manhattan,10027,P,HENRY MYERS PLUMBING & HEATING INC,551 39TH STREET,L+M FUND MANAGEMENT LLC,,,Permit Issued
M01403972-S2-EW-SP,M01403972-S2,Initial Permit,2026-09-16,2026-08-08,2026-12-31,Sprinklers,removal and installation of sprinklers and associated piping,25800,217,WEST 57 STREET,Manhattan,10019,F,B&B MECH PLBG & HTG LLC,1127 UTICA AVENUE,EXTELL DEVELOPMENT COMPANY,,,Permit Issued
M01405089-S2-ST,M01405089-S2,Initial Permit,2026-09-16,2026-08-11,2027-02-01,Structural,"Structural work as shown on plans filed herewith. No change in use, egress, or occupancy",12771,841,BROADWAY,Manhattan,10003,GC,FMG GENERAL CONTRACTING *,"616 MIDLAND AVENUE, GROUND FL",BROADWALL MANAGEMENT,,,Permit Issued
M01405114-S1-PL,M01405114-S1,Initial Permit,2026-09-16,2026-09-09,2027-04-19,Plumbing,"Relocation of plumbing fixtures for kitchen and pantry from basement to 1st floor. No change to use, egress, or occupancy.",23000,135,EAST 15 STREET,Manhattan,10003,P,"DONATO PLUMBING, INC","590 5TH AVENUE, SUITE 1402",Not Applicable,,,Permit Issued
M01406858-I1-GC,M01406858-I1,Initial Permit,2026-09-16,2026-09-09,2027-03-29,General Construction,"APPLICATION FILE TO EXTERIOR BROWNSTONE STOOP REPAIR AS PER PLAN. NO CHAGE IN USE, EGRESS OR OCCUPANCY UNDER THIS APPLICATION.",8000,306,WEST 77 STREET,Manhattan,10024,GC,M.M CONSTRUCTION & BUILDE,2839 VALENTINE AVENUE,M.M CONSTRUCTION & BUILDE,,,Permit Issued
M01407356-S4-EW-SP,M01407356-S4,Initial Permit,2026-09-16,2026-07-10,2026-12-15,Sprinklers,"Sprinkler modifications taking place on the 1st floor as per plans filed herewith. No change in use, egress or occupancy",36000,114,WEST 41 STREET,Manhattan,10018,F,MIDNIGHT EXPRESS MECH CRP,84-14 PITKIN AVENUE,PR,,,Permit Issued
M01407784-I1-GC,M01407784-I1,Initial Permit,2026-09-16,2026-08-03,2026-10-25,General Construction,"Interior renovation of existing apartments 6F, 11H, &22D. No change to use, occupancy or egress.",380000,175,WEST 87 STREET,Manhattan,10024,GC,EXPERT CM NY INC,196 LAKE SHORE DR E,"UWS VENTURES IV, LLC",,,Permit Issued
M01409338-I1-GC,M01409338-I1,Initial Permit,2026-09-16,2026-07-07,2026-12-31,General Construction,"AT 27TH FLOOR, INSTALLATION OF 2-HOUR RATED DEMISING PARTITIONS FOR TENANT SPACES AND ELEVATOR CORRIDOR AS PER PLANS FILED HEREWITH. NO CHANGE IN USE, OCCUPANCY OR EGRESS.",35000,1250,BROADWAY,Manhattan,10001,GC,"STRUCTURE TONE, LLC",330 WEST 34TH STREET,1250 BROADWAY ASSOCIATES LLC,,,Permit Issued
M01412772-I1-SC,M01412772-I1,Initial Permit,2026-09-16,2026-06-15,2027-03-01,Suspended Scaffold,IRA to assist with Condition Assessment,0,317,EAST 34 STREET,Manhattan,10016,R,SKYLINE ACCESS LLC,49-28 31ST PLACE,PR,,,Permit Issued
M01412879-I1-SC,M01412879-I1,Initial Permit,2026-09-16,2026-06-15,2027-03-01,Suspended Scaffold,IRA to assist with Condition Assessment,0,121,EAST 24 STREET,Manhattan,10010,R,SKYLINE ACCESS LLC,49-28 31ST PLACE,PR,,,Permit Issued
M01412991-I1-SC,M01412991-I1,Initial Permit,2026-09-16,2026-06-16,2027-03-01,Suspended Scaffold,IRA to assist with Condition Assessment,0,48,WEST 37 STREET,Manhattan,10018,R,SKYLINE ACCESS LLC,49-28 31ST PLACE,PR,,,Permit Issued
M01413949-I1-SC,M01413949-I1,Initial Permit,2026-09-16,2026-06-18,2027-03-01,Suspended Scaffold,IRA to assist with Condition Assessment,0,42,WEST 39 STREET,Manhattan,10018,R,SKYLINE ACCESS LLC,49-28 31ST PLACE,PR,,,Permit Issued
M01414285-I1-GC,M01414285-I1,Initial Permit,2026-09-16,2026-09-02,2027-09-16,General Construction,"Renovation of kitchen and bathroom, with minor partition work. No change of use, egress, or occupancy.",90000,595,MAIN STREET,Manhattan,10044,GC,XP DECOR CONTRACTING LLC,407 WINCHESTER AVE,WESTVIEW OWNERS CORP.,,,Permit Issued
M01417889-I1-GC-CX,M01417889-I1,Initial Permit,2026-09-16,2026-07-09,2027-01-01,Structural,"Application filed for minor interior partitions work; gypsum boards, replace floor tiles, install new tiles at bathroom and flooring thru out, paint, new store front and minor structural work. to remain Use Group #VI No change to egress or ",59000,221,EAST 58 STREET,Manhattan,10022,GC,BEST CONTRACTOR 1 CORP,89-10 METROPOLITAN AVE,BESTCONTRACTOR 1 CORP,,,Permit Issued
M01419047-I1-GC,M01419047-I1,Initial Permit,2026-09-16,2026-09-10,2027-02-17,General Construction,"MINOR INTERIOR PARTITION REMOVALS AND CONSTRUCTION IN CONJUNCTION WITH RENOVATION OF APR #5. RENOVATE BATHROON + KITC HEN AS PER PLANS FILED HEREWITH. NO CHANGE IN USE, EGRESS AND OCCUPANCY.",506100,32,WEST 20 STREET,Manhattan,10011,GC,URBAN STANDARD GENERAL CO,55 PROSPECT ST #406,,,,Permit Issued
M01420844-I1-GC,M01420844-I1,Initial Permit,2026-09-16,2026-08-13,2027-03-04,General Construction,"Interior rehabilitation of apartment 2G, 3G, 4G. No change of use, egress or occupancy.",373800,101,SHERMAN AVENUE,Manhattan,10034,GC,JBV GENERAL CONSTRUCTION,2185 GRAND CONCOURSE,BLASHAN REALTY LLC,,,Permit Issued
M01421245-S3-PL,M01421245-S3,Initial Permit,2026-09-16,2026-09-15,2026-11-10,Plumbing,"OFFICE RENOVATIONS 55C/56M & 56C/57M WORK TO INCLUDE PLUMBING MODIFICATIONS AS PER PLANS. NO CHANGE IN USE, EGRESS OR OCCUPANCY.",26455,152,WEST 57 STREET,Manhattan,10019,P,A&A PLUMBING CORP,33-25 126TH PLACE,TF CORNERSTONE,,,Permit Issued
M01425092-I1-GC,M01425092-I1,Initial Permit,2026-09-16,2026-09-10,2027-06-30,General Construction,"Interior renovation as per plans filed herewith. No change in use, egress or occupancy.",2276152,320,PARK AVENUE,Manhattan,10022,GC,ICON INTERIORS INC,307 SEVENTH AVENUE,PR,,,Permit Issued
M01425107-I1-MS,M01425107-I1,Initial Permit,2026-09-16,2026-09-11,2027-06-30,Mechanical Systems,Modifications to existing mechanical system as per plans filed herewith.,245000,320,PARK AVENUE,Manhattan,10022,GC,ICON INTERIORS INC,307 SEVENTH AVENUE,PR,,,Permit Issued
M01425117-I1-PL,M01425117-I1,Initial Permit,2026-09-16,2026-09-10,2027-03-13,Plumbing,Modification to Plumbing and Sprinkler Systems as per plans filed herewith.,127000,320,PARK AVENUE,Manhattan,10022,P,GEOFFREY A. LAGAS & ASSOC,630 5TH AVE AVE SB 101,PR,,,Permit Issued
M01425125-I1-ST,M01425125-I1,Initial Permit,2026-09-16,2026-09-03,2027-06-30,Structural,Structural modifications as per plans filed herewith.,58000,320,PARK AVENUE,Manhattan,10022,GC,ICON INTERIORS INC,307 SEVENTH AVENUE,PR,,,Permit Issued
M01426343-S1-PL,M01426343-S1,Initial Permit,2026-09-16,2026-07-29,2027-01-03,Plumbing,Install plumbing fixtures in commercial space,22500,831,WEST 181 STREET,Manhattan,10033,P,EZ RUNER CONSTRUCTION COR,80 RALPH AVENUE,PR,,,Permit Issued
M01426617-S1-MS,M01426617-S1,Initial Permit,2026-09-16,2026-08-25,2027-01-01,Mechanical Systems,"Interior tenant build-out on the 6th floor including installation of new HVAC system and related ductwork/piping. No change in use, egress, or occupancy under this application.",601160,122,5 AVENUE,Manhattan,10011,GC,CROSS MANAGEMENT CORP,8 EAST 40TH STREET.STE 510,BROMLEY COMPANIES,,,Permit Issued
M01428884-I1-MS,M01428884-I1,Initial Permit,2026-09-16,2026-07-30,2026-09-25,Mechanical Systems,Installation of Energy Recovery Ventilator in Basement,25000,297,EAST 3 STREET,Manhattan,10009,GC,UNIVERSAL SERVICES CORP,2337 MCDONALD AVE,Assembly Chrisitian Churches,,,Permit Issued
M01430095-I1-PMM,M01430095-I1,Initial Permit,2026-09-16,2026-09-10,2027-04-01,Protection and Mechanical Methods,"INSTALLATION OF OUTRIGGERS, VERTICAL NETTING FOR ENGINEERED ENCLOSURE, SHORING POSTS & SHORING TOWER AS PER DRAWINGS FILED HEREWITH.",100000,235,EAST 42 STREET,Manhattan,10017,GC,ARSENAL SCAFFOLD INC,95 JERSEY STREET,235 GC LLC,,,Permit Issued
M01430462-I1-GC,M01430462-I1,Initial Permit,2026-09-16,2026-08-25,2026-12-15,General Construction,"Removal and installation of existing non-load bearing partitions and new skylight. No change to occupancy, use or egress.",320000,39,WHITE STREET,Manhattan,10013,GC,F&S CONTRACTING GROUP INC,18-21 126 STREET,39 Tapir LLC,,,Permit Issued
M01430489-I1-GC,M01430489-I1,Initial Permit,2026-09-16,2026-07-24,2026-12-31,General Construction,"AT 27TH FLOOR SOUTH TENANT SPACE AND SHARED CORRIDOR, INSTALLATION OF INTERIOR PARTITIONS AND FINISHES AS PER PLANS FILED HEREWITH. NO CHANGE IN USE, OCCUPANCY OR EGRESS.",500000,1250,BROADWAY,Manhattan,10001,GC,"STRUCTURE TONE, LLC",330 WEST 34TH STREET,1250 BROADWAY ASSOCIATES LLC,,,Permit Issued
M01430493-I1-MS,M01430493-I1,Initial Permit,2026-09-16,2026-07-30,2026-12-31,Mechanical Systems,"AT 27TH FLOOR SOUTH TENANT SPACE AND SHARED CORRIDOR, ADDITIONS/MODIFICATIONS TO EXISTING MECHANICAL SYSTEM AS PER PLANS FILED HEREWITH. NO CHANGE IN USE, OCCUPANCY OR EGRESS",30000,1250,BROADWAY,Manhattan,10001,GC,"STRUCTURE TONE, LLC",330 WEST 34TH STREET,1250 BROADWAY ASSOCIATES LLC,,,Permit Issued
M01430495-I1-PL,M01430495-I1,Initial Permit,2026-09-16,2026-07-30,2026-11-10,Plumbing,"AT 27TH FLOOR SOUTH TENANT SPACE AND SHARED CORRIDOR, INSTALLATION OF PLUMBING FIXTURES AND RELATED PIPING AS PER PLANS FILED HEREWITH. NO CHANGE IN USE, OCCUPANCY OR EGRESS.",20000,1250,BROADWAY,Manhattan,10001,P,A&A PLUMBING CORP,33-25 126TH PLACE,1250 BROADWAY ASSOCIATES LLC,,,Permit Issued
M01431436-I1-SC,M01431436-I1,Initial Permit,2026-09-16,2026-09-15,2026-09-27,Suspended Scaffold,FILE SUSPENDED SCAFFOLD OUTRIGGER SYSTEMS FOR FACADE RESTORATION AND INSPECTION.,0,680,MADISON AVENUE,Manhattan,10065,R,TRIBUTE RESTORATION INC,"231 NORMAN AVENUE, SUITE 206",CARLTON HOUSE,,,Permit Issued
M01432169-I1-ST,M01432169-I1,Initial Permit,2026-09-16,2026-08-31,2027-04-20,Structural,Structural work to include steel to support slab opening and new stair install for Intuit space on 7th floor,249998.2,51,ASTOR PLACE,Manhattan,10003,GC,JRM CONSTRUCTION MGMT LLC,"111 WEST 33RD ST, 4TH FLR","EDWARD J. MINSKOFF EQUITIES, INC.",,,Permit Issued
M01432833-I1-MS,M01432833-I1,Initial Permit,2026-09-16,2026-09-02,2026-10-31,Mechanical Systems,"REPLACMENT OF 7.5 TON ROOFTOP UNIT. NO CHANGE TO EGRESS, USE, OR OCCUPANCY.",26250,730,COLUMBUS AVENUE,Manhattan,10025,GC,AFGO MECHANICAL SVCS INC,36-14 32ND STREET,EQUITY RESIDENTIAL,,,Permit Issued
M01434905-I1-MS,M01434905-I1,Initial Permit,2026-09-16,2026-08-01,2026-11-12,Mechanical Systems,"Renovation of existing commercial space to install hood system and ductwork system, etc. No change of use, egress or occupancy.",8000,568,WEST 181 STREET,Manhattan,10033,GC,JOHN EVAN CONTRACTING COR,218 E PARK AVE,Cakao Food Corp,,,Permit Issued
M01435350-I1-SG,M01435350-I1,Initial Permit,2026-09-16,2026-09-11,2026-10-31,Sign,"HALO-LIT ILLUMINATED NON-ADVERTISING ACCESSORY SIGNS APPROVED UNDER NYC LANDMARK PRESERVATION COMMISSION DOCKET# LPC-26-11943 - IN PROPERTY LINES - BALLOON MUSEUM. NO CHANGE OF USE, EGRESS OR OCCUPANCY.",3400,96,SOUTH STREET,Manhattan,10038,S,"L.S. SIGN CO., INC",1640 CENTRE STREET,NYC ECONOMIC DEVELOPMENT CORP,,,Permit Issued
M01436077-S2-PL,M01436077-S2,Initial Permit,2026-09-16,2026-09-03,2026-12-31,Plumbing,Plumbing work as shown on plans filed herewith.,27500,500,WEST 18 STREET,Manhattan,10011,P,ACCURATE MECH INDSTRS INC,2060 ANTIN PLACE,,,,Permit Issued
M01436180-S3-PL,M01436180-S3,Initial Permit,2026-09-16,2026-08-27,2027-02-08,Plumbing,"Modification/additions to existing plumbing fixtures and related piping as per plans filed herewith. No change in use, egress or occupancy.",80750,666,3 AVENUE,Manhattan,10017,P,ADVANCED PLUMBING MECH,162 26TH STREET,TISHMAN SPEYER,,,Permit Issued
M01436308-I1-GC,M01436308-I1,Initial Permit,2026-09-16,2026-09-09,2027-07-17,General Construction,"HEREBY FILING FOR A WINDOW REPLACEMENT IN APARTMENT 4C ON THE FOURTH FLOOR. NO CHANGE TO USE, EGRESS, OR OCCUPANCY.",17000,680,WASHINGTON STREET,Manhattan,10014,GC,ESPERANZA REMODELING INC,2050 ANTHONY AVENUE SUITE 4G,"AKAM ASSOCIATES, INC.",,,Permit Issued
M01436595-S1-MS,M01436595-S1,Initial Permit,2026-09-16,2026-08-30,2027-01-20,Mechanical Systems,"RELOCATE EXISTING THRU-WALL AC UNITS, EXHAUST LOUVERS AND ASSOCIATED DUCTWORK. NO CHANGE TO USE, EGRESS OR OCCUPANCY.",30160,1185,PARK AVENUE,Manhattan,10128,GC,B & H RESTORATION INC,37-39 9TH STREET,,,,Permit Issued
M01436747-S1-PL,M01436747-S1,Initial Permit,2026-09-16,2026-08-04,2026-11-30,Plumbing,"Subsequent filing for plumbing fixtures replacement as per the plans filed herewith. No change to the use, egress or occupancy.",34000,49,CANAL STREET,Manhattan,10002,P,BELLEROSE PLBG & HTG,142-04 Bayside Ave #9U,Not Applicable,,,Permit Issued
M01437251-S1-PL,M01437251-S1,Initial Permit,2026-09-16,2026-08-24,2026-11-10,Sprinklers,PROVIDE NEW SINK AT WELLNESS ROOM; MODIFICATION TO SPRINKLER HEADS.,18000,560,LEXINGTON AVENUE,Manhattan,10022,P,A&A PLUMBING CORP,33-25 126TH PLACE,RUDIN MANAGEMENT CO INC,,,Permit Issued
M01438585-I1-GC,M01438585-I1,Initial Permit,2026-09-16,2026-09-15,2027-04-20,General Construction,INTERIOR BUILDOUT FOR OFFICE SPACE AS PER PLANS.,17688264,345,HUDSON STREET,Manhattan,10014,GC,JRM CONSTRUCTION MGMT LLC,"111 WEST 33RD ST, 4TH FLR",Not Applicable,,,Permit Issued
M01439247-I1-MS,M01439247-I1,Initial Permit,2026-09-16,2026-09-01,2027-06-30,Mechanical Systems,Mechanical work on the 6th floor (VHB office relocation) as indicated on drawings.,299914.02,1,PENN PLAZA,Manhattan,10119,GC,ICON INTERIORS INC,307 SEVENTH AVENUE,VORNADO REALTY TRUST,,,Permit Issued
M01439262-I1-SG,M01439262-I1,Initial Permit,2026-09-16,2026-09-16,2026-10-22,Sign,ERECT AN ACCESSORY BUSINESS NON-ILLUMINATED WALL SIGN FOR ZETA CHARTER SCHOOLS,1800,517,WEST 164 STREET,Manhattan,10032,S,SIGNS CAD CORP,1177 E. 178TH STREET,ED,,,Permit Issued
M01440267-I1-EW-SP,M01440267-I1,Initial Permit,2026-09-16,2026-09-11,2027-04-12,Sprinklers,"Modifications to the existing Sprinkler System: Remove (277) existing sprinkler heads, Install (43) new sprinkler heads and associated sprinkler piping on the 40th Floor as per plans (LL Work - Demo.) No change to use, egress or occupancy.",28400,3,BRYANT PARK,Manhattan,10036,F,AGGRESSIVE FIRE PROT LLC,120 BROADWAY,HINES INTERESTS LIMITED PARTNERSHIP,,,Permit Issued
M01441119-S1-PL,M01441119-S1,Initial Permit,2026-09-16,2026-09-08,2027-01-29,Plumbing,"Renovation of unit 10H at 404 East 79th Street, NY, includes reconfiguration of the existing bathroom 02 and replacement of existing toilet in-place at bathroom 01.",20000,404,EAST 79 STREET,Manhattan,10075,P,WF PLUMBING AND HEATING LLC,24-15 45th STREET,,,,Permit Issued
M01441303-I1-GC,M01441303-I1,Initial Permit,2026-09-16,2026-08-17,2026-12-31,General Construction,"AT 27TH FLOOR NORTH TENANT SPACE, INSTALLATION OF INTERIOR PARTITIONS AND FINISHES AS PER PLANS FILED HEREWITH. NO CHANGE IN USE, OCCUPANCY OR EGRESS.",500000,1250,BROADWAY,Manhattan,10001,GC,"STRUCTURE TONE, LLC",330 WEST 34TH STREET,1250 BROADWAY ASSOCIATES LLC,,,Permit Issued
M01441305-I1-MS,M01441305-I1,Initial Permit,2026-09-16,2026-08-25,2026-12-31,Mechanical Systems,"AT 27TH FLOOR NORTH TENANT SPACE, ADDITIONS/MODIFICATIONS TO EXISTING MECHANICAL SYSTEM AS PER PLANS FILED HEREWITH. NO CHANGE IN USE, OCCUPANCY OR EGRESS.",30000,1250,BROADWAY,Manhattan,10001,GC,"STRUCTURE TONE, LLC",330 WEST 34TH STREET,1250 BROADWAY ASSOCIATES LLC,,,Permit Issued
M01441385-I1-GC,M01441385-I1,Initial Permit,2026-09-16,2026-09-10,2026-12-31,General Construction,"Install of temp retail & service kiosks, no alt to exist structures for Annual Marketplace at Bryant Park. TPA not required. Producer is responsible to monitor site safety & implement HWAP. All prod equip removed upon event complete",147520,1060,AVENUE OF AMERICAS,Manhattan,10018,GC,BRYANT PARK CORPORATION,"5 BRYANT PARK, 1065 AOTA",BRYANT PARK CORPORATION,,,Permit Issued
M01441405-I1-GC,M01441405-I1,Initial Permit,2026-09-16,2026-09-10,2026-12-31,General Construction,"Install of temp tents, platforms, truss & prod equip, no alt to exist structures for Annual Winter Village at Bryant Park. TPA reqd. Producer responsible to monitor site safety & implement HWAP. All prod equip removed on event complete",75000,1060,AVENUE OF AMERICAS,Manhattan,10018,GC,BRYANT PARK CORPORATION,"5 BRYANT PARK, 1065 AOTA",BRYANT PARK CORPORATION,,,Permit Issued
M01441486-I1-GC,M01441486-I1,Initial Permit,2026-09-16,2026-08-18,2027-05-11,General Construction,HEREBY FILING GENERAL CONSTRUCTION WORK AT 19TH FLOOR UNIT 19A AS PER PLANS.,140005,60,WEST 66 STREET,Manhattan,10023,GC,"R.C.LEGNINI CO., LLC",46 PENNSYLVANIA AVENUE,AS AGENT FOR OWNER,,,Permit Issued
M01442671-I1-GC,M01442671-I1,Initial Permit,2026-09-16,2026-09-15,2027-02-27,General Construction,"MINOR INTERIOR RENOVATION FOR UNIT 1S AS PER PLANS FILED HEREWITH. NO CHANGE TO USE, EGRESS OR OCCUPANCY",22500,1225,PARK AVENUE,Manhattan,10128,GC,L & Z RESTORATION CORP,384 TROUTMAN STREET,PR,,,Permit Issued
M01442770-I1-MS,M01442770-I1,Initial Permit,2026-09-16,2026-09-14,2027-09-16,Mechanical Systems,"New VAV boxes, chilled water fan coil units, ductwork, piping, and controls per new architectural programming and ceilings",1139283.2,277,PARK AVENUE,Manhattan,10172,GC,JT MAGEN & COMPANY INC,"44 WEST 28TH STREET, 11TH FL","277 PARK AVENUE, LLC",,,Permit Issued
M01443392-I1-PL,M01443392-I1,Initial Permit,2026-09-16,2026-09-02,2026-10-31,Plumbing,"Removal of plumbing fixtures and sprinkler heads and installation of temporary heads as per plans filed herewith. No change to use, egress, occupancy",59999.9,11,WALL STREET,Manhattan,10005,P,"PAR PLUMBING CO., INC",101 PARK AVENUE LOWER LOBBY,NEW YORK STOCK EXCHANGE,,,Permit Issued
M01444699-I1-GC,M01444699-I1,Initial Permit,2026-09-16,2026-09-02,2026-10-25,General Construction,"INTERIOR RENOVATION OF 4TH FLOOR APARTMENT, INCLUDING MINOR DEMOLITION AND CONSTRUCTION OF NON LOAD-BEARING PARTITIONS, FINISHES, AND MILLWORK. RELATED PLUMBING FILED SEPARATELY. NO CHANGE IN USE, EGRESS OR OCCUPANCY.",172480,40,EAST 84 STREET,Manhattan,10028,GC,FREEDOM GS INC,3716 55TH STREET,,,,Permit Issued
M01444877-S3-EW-SP,M01444877-S3,Initial Permit,2026-09-16,2026-09-14,2026-12-31,Sprinklers,"Modification/addition to sprinkler system and related piping as shown on drawings. No change in use, egress or occupancy.",9000,767,5 AVENUE,Manhattan,10153,F,SIRINA FIRE PROT CORP,"450 7TH AVENUE, SUITE 506",BOSTON PROPERTIES,,,Permit Issued
M01445183-I1-GC,M01445183-I1,Initial Permit,2026-09-16,2026-09-14,2027-09-16,General Construction,"Interior fit-out, removal and installation of non load bearing partitions as per plans filed herewith- no change in use egress or occupancy",2321000,277,PARK AVENUE,Manhattan,10172,GC,JT MAGEN & COMPANY INC,"44 WEST 28TH STREET, 11TH FL","277 PARK AVENUE, LLC",,,Permit Issued
M01445189-I1-EW-SP,M01445189-I1,Initial Permit,2026-09-16,2026-09-15,2027-03-01,Sprinklers,"Installation of kitchen pantry, 2 ADA restrooms, a wellness room sink, a bottle filler coffee machine. Existing fixtures in core restroom to be replaced in kind. Rough-in piping to remain in core restroom. New installation of sprinklers, br",367330.25,277,PARK AVENUE,Manhattan,10172,F,ABCO-PEERLESS SPRKLR CORP,"389 BROOME STREET, BOX # 2","277 PARK AVENUE, LLC",,,Permit Issued
M01446484-I1-SF,M01446484-I1,Initial Permit,2026-09-16,2026-09-16,2026-11-12,Supported Scaffold,"INSTALLATION OF NEW SIDEWALK SHED WITH PIPE SCAFFOLD AT 112 EAST 98TH STREET, MANHATTAN, AS PER PLANS. THERE WILL BE NO CHANGE IN THE USE, EGRESS, OR OCCUPANCY UNDER THIS APPLICATION.",10000,112,EAST 98 STREET,Manhattan,10029,GC,GRG RESTORATION & SOLUTIO,80 TOWNSEND ST,GRG RESTORATION & SOLUTION CORP,,,Permit Issued
M01446484-I1-SH,M01446484-I1,Initial Permit,2026-09-16,2026-09-16,2026-11-12,Supported Scaffold,"INSTALLATION OF NEW SIDEWALK SHED WITH PIPE SCAFFOLD AT 112 EAST 98TH STREET, MANHATTAN, AS PER PLANS. THERE WILL BE NO CHANGE IN THE USE, EGRESS, OR OCCUPANCY UNDER THIS APPLICATION.",10000,112,EAST 98 STREET,Manhattan,10029,GC,GRG RESTORATION & SOLUTIO,80 TOWNSEND ST,GRG RESTORATION & SOLUTION CORP,,,Permit Issued
M01447015-S1-PL,M01447015-S1,Initial Permit,2026-09-16,2026-09-03,2026-12-06,Plumbing,"HEREWITH FILING FOR PLUMBING FIXTURES MODIFICATION IN APT. 7A/8A AS PER PLANS FILED HEREWITH. NO CHANGE IN USE, OCCUPANCY OR EGRESS.",54000,100,BARROW STREET,Manhattan,10014,P,DYNAMIC BLUE WATER MECH,59-15 GRAND AVENUE,,,,Permit Issued
M01448520-I1-MS,M01448520-I1,Initial Permit,2026-09-16,2026-09-15,2026-12-31,Mechanical Systems,"INSTALLATION OF HVAC SYSTEM ON 11TH FLOOR. NO CHANGE IN USE, EGRESS AND OCCUPANCY.",20000,115,WEST 45 STREET,Manhattan,10036,GC,L&L CONSTRUCTION DEVELOP,"169-05 NORTHERN BLVD, 1ST FLR",WINDSOR MANAGEMENT CORP.,,,Permit Issued
M01449535-I1-PL,M01449535-I1,Initial Permit,2026-09-16,2026-09-01,2027-05-01,Plumbing,"Removal of existing plumbing fixtures and associated piping on the 22nd floor (LL Demo + Whitebox) as per plans. No change to use, egress or occupancy.",4000,1325,AVENUE OF THE AMERICAS,Manhattan,10019,P,BEDROCK PLUMBING & HEATING INC,101-14 JAMAICA AVENUE,"PARAMOUNT GROUP, INC.",,,Permit Issued
M01449557-I1-EW-SP,M01449557-I1,Initial Permit,2026-09-16,2026-09-01,2027-02-03,Sprinklers,"Removal of existing sprinkler system with installation of a temporary loop on the 22nd floor (LL Demo + Whitebox) as per plans. No change to use, egress or occupancy.",13999.86,1325,AVENUE OF THE AMERICAS,Manhattan,10019,F,BEDROCK MECHANICAL INC,101-14 JAMAICA AVENUE,"PARAMOUNT GROUP, INC.",,,Permit Issued
M01450655-I1-GC,M01450655-I1,Initial Permit,2026-09-16,2026-09-02,2027-02-05,General Construction,"INTERIOR DEMOLITION OF EXISTING RETAIL SPACE. WORK INCLUDES REMOVAL OF EXISTING NON-LOAD-BEARING INTERIOR PARTITIONS ANDGYPSUM BOARD WALLS ONLY. NO CHANGE OF USE, EGRSS OR OCCUPANCY.",80000,20,PINE STREET,Manhattan,10005,GC,EUROPEAN ELEGANCE LLC,100 CHESTNUT HILL ROAD,950 SECOND AVE LLC,,,Permit Issued
M01450943-I1-GC,M01450943-I1,Initial Permit,2026-09-16,2026-09-14,2027-08-31,General Construction,"Demise one space to make it two as per plans. no change in use, egress or occupancy",108500,280,PARK AVENUE,Manhattan,10017,GC,CLUNE CONSTRUCTION CO LP,"655 THIRD AVENUE, 10TH FLOOR",Not Applicable,,,Permit Issued
M01450978-I1-MS,M01450978-I1,Initial Permit,2026-09-16,2026-09-11,2027-08-31,Mechanical Systems,"Mechanical filing as per plans. No change in use, egress, or occupancy",37000,280,PARK AVENUE,Manhattan,10017,GC,CLUNE CONSTRUCTION CO LP,"655 THIRD AVENUE, 10TH FLOOR",Not Applicable,,,Permit Issued
M01451168-I1-GC,M01451168-I1,Initial Permit,2026-09-16,2026-09-01,2026-11-03,General Construction,"Exterior masonry wall repairs. No change in use, egress or occupancy.",32000,45,WEST 35 STREET,Manhattan,10001,GC,PHOENIX SUTTON STR INC,128 SUTTON STREET,45 WEST HOTEL LP,,,Permit Issued
M01451355-I1-MS,M01451355-I1,Initial Permit,2026-09-16,2026-09-01,2026-12-03,Mechanical Systems,Replacement of existing HVAC Unit for ground floor commercial space. No change to use egress or occupancy under this application.,6000,164,WEST 80 STREET,Manhattan,10024,GC,DELPHI CONSTRUCTION CORP,43-07 23RD AVENUE,Not Applicable,,,Permit Issued
M01453490-I1-MS,M01453490-I1,Initial Permit,2026-09-16,2026-09-11,2026-10-31,Mechanical Systems,"FILING TO CORRECT UNIT MODEL/SERIALS FOR UNITS FILED AND APPROVED UNDER APPLICATION # M01420350-I1. NO CHANGE TO EGRESS, USE, OR OCCUPANCY.",500,330,FIFTH AVENUE,Manhattan,10001,GC,PERFECTAIRE CO INC,124-11 101 AVENUE,SHULSKY PROPERTIES INC.,,,Signed-off
M01454067-I1-GC,M01454067-I1,Initial Permit,2026-09-16,2026-09-14,2027-01-13,General Construction,"HEREWITH FILE MINOR INTERIOR RENOVATION OF DINING ROOM/CLUB ROOM AT CELLAR LEVEL. INCLUDING RELOCATION OF NON BEARING PARTITIONS AS PER PLANS , NO CHANGE OF USE, EGRESS OR OCCCUPANCY",70000,179,SULLIVAN STREET,Manhattan,10012,GC,MKSSKR CONSULTING SERVICE,"41-26 73 STR, APTC43",PR,,,Permit Issued
M01455172-I1-PMM,M01455172-I1,Initial Permit,2026-09-16,2026-09-16,2026-12-31,Protection and Mechanical Methods,"INSTALLATION AND USE OF TEMPORARY SHANTY AS PER PLANS FILED HEREWITH. NO CHANGE TO USE, EGRESS, OR OCCUPANCY.",1000,260,WEST END AVENUE,Manhattan,10023,GC,BREND RESTORATION SRVC,60 BAYARD STREET,ORSID NEW YORK,,,Permit Issued
M01455322-I1-SC,M01455322-I1,Initial Permit,2026-09-16,2026-09-16,2026-09-30,Suspended Scaffold,"OUTRIGGERS SYSTEM INSTALLATION FOR FACADE REPAIRS, NO CHANGE IN USE, EGRESS, OR OCCUPANCY.",0,514,WEST 122 STREET,Manhattan,10027,R,C&C DALEY'S CONST.CORP,890 CONEYISLAND AVENUE,Teachers College,,,Permit Issued
M01457372-I1-GC,M01457372-I1,Initial Permit,2026-09-16,2026-09-10,2027-09-16,General Construction,"FILING TO CORRECT NOTATION UNDER APP. #M01039019-I1, WHICH STATED ANSUL SYSTEM TO BE INSTALLED BY OTHERS. NO ANSUL SYSTEM PROPOSED OR INSTALLED. EXISTING CONDITIONS TO REMAIN. NO NEW WORK, CHANGE OF USE, OCCUPANCY, OR EGRESS UNDER THIS APPL",3000,368,9 AVENUE,Manhattan,10001,GC,KC EXPEDITING INC,2466 HARDING CT,Cushman & Wakefield,,,Signed-off
M01458071-I1-GC,M01458071-I1,Initial Permit,2026-09-16,2026-09-15,2026-12-31,General Construction,Temporary Installations to be used on a temporary event DY Basketball Event. All the Installations are to be removed upon completion of the event.,5000,1,MANHATTAN PLAZA,Manhattan,10007,GC,NYFF EVENTS LLC,"999.SOUTH OYSTER BAY ROAD, STE 307",NYC PARKS,,,Permit Issued
M01458633-S1-SH,M01458633-S1,Initial Permit,2026-09-16,2026-09-15,2026-12-15,Sidewalk Shed,PROPOSED INSTALLATION OF HEAVY DUTY SIDEWALK SHED AS PER PLANS. LIVE LOAD 300 PER SQUARE FEET. SIDEWALK SHED SHALL COMPLY WITH CHAPTER # 33 OF THE 2022 CODE. NO CHANGE IN USE OCCUPANCY OR EGRESS UNDER THIS APPLICATIONPROPOSED INSTALLATION O,10000,265,WEST 81 STREET,Manhattan,10024,GC,GEO USA CONSTRUCTION INC,2706 HERING AVENUE,GEO USA CONSTRUCTION INC,,,Permit Issued
M01458633-S2-SF,M01458633-S2,Initial Permit,2026-09-16,2026-09-14,2026-12-20,Supported Scaffold,CONSTRUCTION EQUIPMENT - SCAFFOLD PROPOSED INSTALLATION OF PIPE SCAFFOLD FOR REMEDIAL REPAIRS AS PER PLANS. PIPE SCAFFOLD SHALL COMPLY WITH CHAPTER#33 OF 2022 THE NY BUILDING CODE. NO CHANGE IN USE OCCUPANCY OR EGRESS UNDER THIS APPLICATION,10000,265,WEST 81 STREET,Manhattan,10024,GC,GEO USA CONSTRUCTION INC,2706 HERING AVENUE,GEO USA CONSTRUCTION INC,,,Permit Issued
M01458928-I1-GC,M01458928-I1,Initial Permit,2026-09-16,2026-09-15,2026-12-22,General Construction,"Install of temp Inflatables, no alt to exist structures for Scary and the Dancers at Rock Center. A TPA not req. Producer is responsible to monitor site safety & implement HWAP. All prod equip removed upon event completion",5000,30,ROCKEFELLER PLAZA,Manhattan,10112,GC,"WINICK PRODUCTIONS, LLC","250 WEST 103RD STREET, 4C",Not Applicable,,,Permit Issued
M01459012-I1-GC,M01459012-I1,Initial Permit,2026-09-16,2026-09-15,2027-09-16,General Construction,Installation of temporary Inflatable for Aritzia Puffer Jacket. no alt to exist structures. TPA not required. Producer is responsible to monitor site safety. All production equipment removed upon event completion,7500,159,LUDLOW STREET,Manhattan,10002,GC,SPECTRUM.WIDE PRODUCTIONS,487 EAST MAIN STREET,SPECTRUM WIDE PRODUCTIONS,,,Permit Issued
M01459542-I1-SF,M01459542-I1,Initial Permit,2026-09-16,2026-09-16,2027-06-27,Sidewalk Shed,"INSTALLATION OF A HEAVY DUTY SIDEWALK SHED AND MEDIUM DUTY PIPE SCAFFOLD AS PER DRAWINGS DURING GENERAL CONSTRUCTION WORK. NO CHANGE IN USE, EGRESS AND OCCUPANCY. SIDEWALK SHED AND PIPE SCAFFOLD TO COMPLY WITH CHAPTER 33 OF THE NYC BUILDING",5000,33,WEST 124 STREET,Manhattan,10027,GC,CONSOLIDATED SCAFFOLDING,20 PARK ROAD,CONSOLIDATED SCAFFOLDING INC.,,,Permit Issued
M01459542-I1-SH,M01459542-I1,Initial Permit,2026-09-16,2026-09-16,2026-12-15,Supported Scaffold,"INSTALLATION OF A HEAVY DUTY SIDEWALK SHED AND MEDIUM DUTY PIPE SCAFFOLD AS PER DRAWINGS DURING GENERAL CONSTRUCTION WORK. NO CHANGE IN USE, EGRESS AND OCCUPANCY. SIDEWALK SHED AND PIPE SCAFFOLD TO COMPLY WITH CHAPTER 33 OF THE NYC BUILDING",5000,33,WEST 124 STREET,Manhattan,10027,GC,CONSOLIDATED SCAFFOLDING,20 PARK ROAD,CONSOLIDATED SCAFFOLDING INC.,,,Permit Issued
M01459602-I1-SC,M01459602-I1,Initial Permit,2026-09-16,2026-09-16,2026-10-31,Suspended Scaffold,"INSTALLATION AND USE OF TEMPORARY SUSPENDED SCAFFOLDING EQUIPMENT AS PER PLANS FILED HEREWITH. NO CHANGE TO USE, EGRESS OR OCCUPANCY UNDER THIS APPLICATION.",0,90,MORNINGSIDE DRIVE,Manhattan,10027,R,B&A RESTORATION CONTR.INC,25-21 49TH STREET,B&A RESTORATION CONTRACTORS,,,Permit Issued
M01460133-I1-SF,M01460133-I1,Initial Permit,2026-09-16,2026-09-16,2026-11-03,Supported Scaffold,"PROPOSED INSTALLATION OF TEMPORARY PIPE SCAFFOLD AS PER PLANS. WORK SHALL COMPLY WITH CHAPTER #33 OF 2022 THE NYC BUILDING CODE. NO CHANGE IN USE, OCCUPANCY, OR EGRESS UNDER THIS APPLICATION.",1000,116,EAST 27 STREET,Manhattan,10016,GC,PHOENIX SUTTON STR INC,128 SUTTON STREET,PHOENIX SUTTON STR INC,,,Permit Issued
M01460984-I1-SH,M01460984-I1,Initial Permit,2026-09-16,2026-09-16,2026-11-05,Sidewalk Shed,"INSTALLATION OF TEMPORARY HEAVY DUTY SIDEWALK SHED AS PER PLANS. NO CHANGE IN USE, EGRESS OR OCCUPANCY. SIDEWALK SHED SHALL COMPLY WITH CHAPTER #33 OF 2022 THE NYC BUILDING CODE. LIVE LOAD 300PSF.",5000,811,RIVERSIDE DRIVE,Manhattan,10032,GC,A+ CHOICE CONSTRUCTION IN,14850 86TH AVENUE FLOOR 1,A+ CHOICE CONSTRUCTION INC.,,,Permit Issued
M08006082-I1-EW-SP,M08006082-I1,Initial Permit,2026-09-16,2022-11-17,2027-04-16,Sprinklers,"Sprinkler work as shown on plans for three specialty Hotel suites on 15th, 25th and 31st construction floors (Marketing floors 16th, 26th and 32nd floor)",49972,160,CENTRAL PARK SOUTH,Manhattan,10019,F,ARCHER CONSULTANTS GROUP,41 BOX STREET,STRATEGIC HOTELS AND RESORTS,,,Permit Issued
Q00492688-S1-SE,Q00492688-S1,Initial Permit,2026-09-16,2025-01-15,2027-01-16,Support of Excavation,"THIS APPLICATION INCLUDES ONLY SUPPORT OF EXCAVATION FOR PROPOSED NEW BUILDING. SOE WORK INVOLVES SOLDIER BEAMS WITH TIMBER LAGGING ALONG EXPOSURE 1,2,4 AND PARTIALLY ON EXPOSURE 3",0,105-31,76 STREET,Queens,11417,GC,AK PREMIER CONTR CORP,3801 23RD AVENUE SUITE 408,AL FURQAN JAME MASJID INC,,,Permit Issued
Q00827383-I1-SE,Q00827383-I1,Initial Permit,2026-09-16,2023-05-02,2027-01-21,Support of Excavation,"SOE/EXCAVATION DESIGN TO FACILITATE THE CONSTRUCTION OF FOUNDATION. THE SOE SYSTEM .UTILIZE SOLDIER PILE, TANGENT PILE, WALER, PRAKER, WOOD LAGGING TO RESIST LATERAL EARTH PRESSURE RELATED TO NB Q01072868-I1.",1000,43-23,51 STREET,Queens,11377,GC,EFIN MANAGEMENT CORP,"136-33 37TH AVENUE, SUITE 8B",PR,,,Permit Issued
Q00931641-Z2-SF,Q00931641-Z2,Initial Permit,2026-09-16,2026-09-14,2026-10-23,Supported Scaffold,Install supported scaffold,0,138-07,35 AVENUE,Queens,11354,GC,EXCELLENT METROPOLITAN,157-59 ROSE AVE,E B H HOLDING INC,,,Permit Issued
Q00952125-S3-PL,Q00952125-S3,Initial Permit,2026-09-16,2023-11-30,2026-12-30,Plumbing,Roof plumbing work to remove and replace 11 roof drains and remove and relocate 2 vent stacks.,220000,16-10,UTOPIA PARKWAY,Queens,11357,P,FRANCO BELLI PLMG&HTG SON,165 SECOND AVENUE,NYC SCHOOL CONSTRUCTION AUTHORITY,,,Permit Issued
Q00985428-I1-PL,Q00985428-I1,Initial Permit,2026-09-16,2024-07-11,2027-02-10,Sprinklers,Installation of sprinkler system in conjunction with application Q00959096.,77600,6-01,ELVIRA AVENUE,Queens,11691,P,ALL-BORO REHAB CONST CORP,69-09 164TH STREET,PR,,,Permit Issued
Q01008698-S4-PL,Q01008698-S4,Initial Permit,2026-09-16,2026-04-23,2026-11-02,Plumbing,PLUMBING WORK FOR TENANT BUILD OUT AT 4TH FLOOR IN CONJUNCTION WITH S3.,26500,167-14,HILLSIDE AVENUE,Queens,11432,P,ALL PRO PLBG & HTG INC,63-03 FOREST AVENUE,PR,,,Permit Issued
Q01016674-I1-GC,Q01016674-I1,Initial Permit,2026-09-16,2024-12-09,2026-12-22,General Construction,PROPOSED HORIZONTAL AND VERTICAL ADDITION TO AN EXISTING 1 1/2 STORY ONE FAMILY DWELLING AND TO RENOVATE INTERIOR.,899700,85-24,ETON STREET,Queens,11432,GC,HARRY'S DESIGN INC,381 MARGUERITE AVENUE,PR,,,Permit Issued
Q01175260-S1-PL,Q01175260-S1,Initial Permit,2026-09-16,2026-08-04,2026-11-11,Plumbing,FILING FOR NEW PLUMBING WORK FOR PROPOSED 2 FAMILY RESIDENCE,70000,165-19,CHAPIN COURT,Queens,11432,P,ROCK E SMALL PLBG&HTG INC,152-32 ROCKAWAY BLVD,ASKON ARCHETECTS PC,,,Permit Issued
Q01216604-S1-PL,Q01216604-S1,Initial Permit,2026-09-16,2026-09-15,2026-10-13,Plumbing,Installation of new gas fired equipment and plumbing fixtures.,56000,147-08,228 STREET,Queens,11413,P,PLUMB-IT MECHANICAL INC,749 PROSPECT PLACE,SKY HOME GROUP,,,Permit Issued
Q01254595-S8-MS,Q01254595-S8,Initial Permit,2026-09-16,2026-09-15,2027-06-30,Mechanical Systems,Application filed for sub slab depressurization system in conjunction with NB Construction.,0,35-53,41 STREET,Queens,11101,GC,THE VOREA CONSTRUCTION CO,184 N. 8TH STREET,DOMAIN 41ST STREET SITE A LLC,,,Permit Issued
Q01282854-I1-GC,Q01282854-I1,Initial Permit,2026-09-16,2025-11-30,2027-03-05,General Construction,"FILING HEREWITH PLANS & APPLICATION TO RESOLVE ECB VIOLATIONS #39154756P #39154755N. LEGALIZE NEW EXTENSION IN THE REAR OF THE HOUSE ON 001, 002 FL WITH ATTIC ABOVE. ALSO GREEN AREA AS REQUIRED BY THE ZONING CODE HAS BEEN ADDED IN THE FRONT",206045,91-15,112 STREET,Queens,11418,GC,L J & A CONSTRUCTION CORP,129-08 107TH AVE,KATARIA LLC,,,Permit Issued
Q01295014-I1-FO-EA,Q01295014-I1,Initial Permit,2026-09-16,2026-08-11,2027-02-24,Structural,PROPOSE A NEW THREE STORY WITH TWO FAMILY DWELLING UNITS. OBTAIN NEW C OF O,0,46-48,162 STREET,Queens,11358,GC,STREAM ROCK CONTSRUCTION*,963 FOREST HILL ROAD,4650 PROPERTY LLC,,,Permit Issued
Q01295014-I1-MS,Q01295014-I1,Initial Permit,2026-09-16,2026-08-11,2027-02-24,Foundation,PROPOSE A NEW THREE STORY WITH TWO FAMILY DWELLING UNITS. OBTAIN NEW C OF O,0,46-48,162 STREET,Queens,11358,GC,STREAM ROCK CONTSRUCTION*,963 FOREST HILL ROAD,4650 PROPERTY LLC,,,Permit Issued
Q01295014-I1-ST,Q01295014-I1,Initial Permit,2026-09-16,2026-08-11,2027-02-24,Mechanical Systems,PROPOSE A NEW THREE STORY WITH TWO FAMILY DWELLING UNITS. OBTAIN NEW C OF O,0,46-48,162 STREET,Queens,11358,GC,STREAM ROCK CONTSRUCTION*,963 FOREST HILL ROAD,4650 PROPERTY LLC,,,Permit Issued
Q01295016-I1-FO-EA,Q01295016-I1,Initial Permit,2026-09-16,2026-09-03,2027-02-24,Foundation,PROPOSE A NEW THREE STORY WITH TWO FAMILY DWELLING UNITS. OBTAIN NEW C OF O,0,46-50,162 STREET,Queens,11358,GC,STREAM ROCK CONTSRUCTION*,963 FOREST HILL ROAD,4650 PROPERTY LLC,,,Permit Issued
Q01295016-I1-GC,Q01295016-I1,Initial Permit,2026-09-16,2026-09-03,2027-02-24,Mechanical Systems,PROPOSE A NEW THREE STORY WITH TWO FAMILY DWELLING UNITS. OBTAIN NEW C OF O,0,46-50,162 STREET,Queens,11358,GC,STREAM ROCK CONTSRUCTION*,963 FOREST HILL ROAD,4650 PROPERTY LLC,,,Permit Issued
Q01295016-I1-MS,Q01295016-I1,Initial Permit,2026-09-16,2026-09-03,2027-02-24,General Construction,PROPOSE A NEW THREE STORY WITH TWO FAMILY DWELLING UNITS. OBTAIN NEW C OF O,0,46-50,162 STREET,Queens,11358,GC,STREAM ROCK CONTSRUCTION*,963 FOREST HILL ROAD,4650 PROPERTY LLC,,,Permit Issued
Q01295016-I1-ST,Q01295016-I1,Initial Permit,2026-09-16,2026-09-03,2027-02-24,General Construction,PROPOSE A NEW THREE STORY WITH TWO FAMILY DWELLING UNITS. OBTAIN NEW C OF O,0,46-50,162 STREET,Queens,11358,GC,STREAM ROCK CONTSRUCTION*,963 FOREST HILL ROAD,4650 PROPERTY LLC,,,Permit Issued
Q01302080-I1-GC-CX,Q01302080-I1,Initial Permit,2026-09-16,2026-04-10,2027-07-25,Structural,"Complete renovation of an existing two-car masonry garage, including structural upgrades, new doors and windows, flooring, and interior finishes. This work addresses DOB violations #39167334H, #39167333X, #39069426X, and #39069425Y",90900,103-13 GAR,32 AVENUE,Queens,11369,GC,GREEN,"55-12 102ND STREET 1,1ST FLOOR",Not Applicable,,,Permit Issued
Q01304562-S3-ST,Q01304562-S3,Initial Permit,2026-09-16,2026-07-09,2027-02-22,Structural,SUBSEQUENT FILING OF STRUCTURAL WORK IN CONJUNCTION WITH ALT1#Q01304562-I1 (GC). WORK INCLUDES STEEL & CONCRETE WORK FOR PARTIAL VERTICAL EXTENSION ON TOP OF ONE-STORY BUILDING.,70000,203-16,NORTHERN BOULEVARD,Queens,11361,GC,SIN DO CONSTRUCTION INC,44-12 189TH ST,203 Northern LLC,,,Permit Issued
Q01338727-S1-PL,Q01338727-S1,Initial Permit,2026-09-16,2026-07-27,2026-11-21,Plumbing,HEREWITH FILED FOR MINOR PLUMBING WORK TO RELOCATE EXT'G BATHROOM AND NEW FIXTURES AS PER PLAN.,25000,81-07,KEW GARDENS ROAD,Queens,11415,P,ALTAIR PLUMBING AND HEAT,151 28TH STREET,FBL DEVELOPMENT,,,Permit Issued
Q01349627-S6-ST,Q01349627-S6,Initial Permit,2026-09-16,2026-08-19,2026-10-31,Structural,A PROPOSED STRUCTURAL FILING IN CONJUNCTION WITH NB JOB #: Q01349627-I1,0,23-05,45 AVENUE,Queens,11101,GC,JRL SKYLINE INC,135-25 NORTHERN BLVD FL 2,SUNLIGHT DEVELOPMENT GROUP,,,Permit Issued
Q01356993-I1-GC,Q01356993-I1,Initial Permit,2026-09-16,2026-03-18,2027-01-01,General Construction,ALT CO TO CHANGE THE USE IN PART OF CELLAR AND FIRST FLOOR TO BUSINESS US FOR AMBULATORY HEALTH CARE FACILITY (USE GROUP IIIB AS PER THE PLANS FILED HEREWITH.,20000,91-19,QUEENS BOULEVARD,Queens,11373,GC,DEMARTINO CONSTR. CO. INC,5788 MERRICK ROAD..SUITE 100,MIDWOOD MANAGEMENT CORP,,,Permit Issued
Q01357127-I1-GC,Q01357127-I1,Initial Permit,2026-09-16,2026-04-17,2027-08-07,General Construction,"FILING TO RESOLVE ECB VIOLATION # 39167344L . EXISTING WOOD DECK TO BE MODIFIED AS PER PROPOSED PLAN SUBMITTED HEREWITH. NO CHANGE IN USE, EGRESS, OR OCCUPANCY.",42040,199-05,112 AVENUE,Queens,11412,GC,G.M. CONSTRUCTION & HOME,188 DAHILL ROAD STE 205,Not Applicable,,,Permit Issued
Q01365912-I1-GC,Q01365912-I1,Initial Permit,2026-09-16,2026-09-08,2027-06-30,General Construction,FILED HEREWITH ALT I FOR CHANGE OF USE AND INTERIOR BUILD OUT OF NEW DAYCARE FACILITY ON THE FIRST FLOOR.,273008,12-01,JACKSON AVENUE,Queens,11101,GC,TURN KEY NYC LLC,195 SULLIVAN PLACE #3E,HD MANAGEMENT LLC,,,Permit Issued
Q01367683-I1-GC,Q01367683-I1,Initial Permit,2026-09-16,2026-05-23,2027-01-29,General Construction,FILING TO REMOVE WOOD FRAMED REAR ENLARGEMENT AT FIRST FLOOR REAR AND RESTORE TO PRIOR CONDITION AND TO RESOLVE ECB VIOLATION #039172300X,26600,199-18,LINDEN BOULEVARD,Queens,11412,GC,JIT CONSTR COMPANY CORP,103-19 103RD AVENUE,CHURCH,,,Permit Issued
Q01369745-I1-BE,Q01369745-I1,Initial Permit,2026-09-16,2026-09-04,2026-12-09,Boiler Equipment,REPLACE OIL BURNER WITH GAS BURNER ON EXISTING BOILER. REMOVE TWO 275 GALLON FUEL OIL TANKS.,30000,31-01,102 STREET,Queens,11369,P,NEPTUNE MECHANICAL INC,29-10 120TH STREET,XINOS CONSTRUCTION CORP,,,Permit Issued
Q01369745-S1-PL,Q01369745-S1,Initial Permit,2026-09-16,2026-09-03,2026-12-09,Plumbing,"INSSTALL NEW GAS SERVICE, METER AND PIPIING AND NEW GAS HOT WATER HEATER.",11000,31-01,102 STREET,Queens,11369,P,NEPTUNE MECHANICAL INC,29-10 120TH STREET,XINOS CONSTRUCTION CORP,,,Permit Issued
Q01376059-I1-GC-CX,Q01376059-I1,Initial Permit,2026-09-16,2026-07-17,2027-04-16,Earth Work,ADDRESS VIOLATION 39178440P,20000,215 GAR,BEACH 126 STREET,Queens,11694,GC,NACCARATO CONTRACTING INC,2020 UTICA AVENUE,Not Applicable,,,Permit Issued
Q01379702-I1-FO-EA,Q01379702-I1,Initial Permit,2026-09-16,2026-09-11,2027-05-11,Foundation,Proposed one family house.,0,184-51,HOVENDEN ROAD,Queens,11432,GC,R.N.K. ROMEO CONST INC,87-38 123 STREET,Self,,,Permit Issued
Q01379702-I1-GC-CX,Q01379702-I1,Initial Permit,2026-09-16,2026-09-11,2027-05-11,Mechanical Systems,Proposed one family house.,0,184-51,HOVENDEN ROAD,Queens,11432,GC,R.N.K. ROMEO CONST INC,87-38 123 STREET,Self,,,Permit Issued
Q01379702-I1-ST,Q01379702-I1,Initial Permit,2026-09-16,2026-09-11,2027-05-11,Mechanical Systems,Proposed one family house.,0,184-51,HOVENDEN ROAD,Queens,11432,GC,R.N.K. ROMEO CONST INC,87-38 123 STREET,Self,,,Permit Issued
Q01379948-I1-GC-CX,Q01379948-I1,Initial Permit,2026-09-16,2026-07-13,2027-03-06,Mechanical Systems,Cellar interior alteration to add two fixtures bathroom.,16400,84-06,WOODHAVEN BOULEVARD,Queens,11421,GC,NY SKILLS CONSTRUCTION IN,87-33 118TH STREET,Not Applicable,,,Permit Issued
Q01381644-I1-FN,Q01381644-I1,Initial Permit,2026-09-16,2026-09-11,2027-02-23,Construction Fence,INSTALLATION OF CONSTRUCTION FENCE FOR PUBLIC PROTECTION DURING CONSTRUCTION WORK.,15000,58-20,UTOPIA PARKWAY,Queens,11365,GC,KG CONSTRUCTION SERVICES,55 OLD NYACK TURNPIKE #112,NYC SCHOOL CONSTRUCTION,,,Permit Issued
Q01382860-S2-SE,Q01382860-S2,Initial Permit,2026-09-16,2026-07-27,2027-04-05,Support of Excavation,HEREWITH FILING SOE PLANS FOR TWO (2) FAMILY DWELLING AS SHOWN ON PLANS. THESOE INVOLVES INSTALLATION OF SOLDIER BEAMS & TIMBER LAGGING AND 1:1 EXCAVATION. THIS DESIGN FOR NEW BUILDING FILED IN CONJUNCTION WITH DOB Job No:#Q01382860-I1,15000,75-23,196 STREET,Queens,11366,GC,SB RENOVATION & MODELING,85-21 114TH STREET,Not Applicable,,,Permit Issued
Q01391484-S2-ST,Q01391484-S2,Initial Permit,2026-09-16,2026-08-19,2027-02-24,Structural,"INSTALLATION OF STRUCTURAL FRAMING AS PER THE PLANS FILED HEREWITH. NO CHANGE IN USE, OCCUPANCY OR EGRESS.",0,33-11,BELL BOULEVARD,Queens,11361,GC,STREAM ROCK CONTSRUCTION*,963 FOREST HILL ROAD,3315 BELL LLC,,,Permit Issued
Q01401022-S3-CC,Q01401022-S3,Initial Permit,2026-09-16,2026-05-29,2027-01-07,Curb Cut,INSTALLATION OF CURB CUT -10'-0 WIDE WITH 2 1'-6 SPLAYS DISTANT 220' FROM THE INTERSECTION OF 167TH STREET AND 115TH AVE. FILED INCONJUNCTION WITH Q01402781,1000,114-34,167 STREET,Queens,11434,GC,YAFE MEOD CORP,17 BARSTOW ROAD .SUITE 401,NY DYNAMIC CONSTRUCTION,,,Permit Issued
Q01405581-I1-PMM,Q01405581-I1,Initial Permit,2026-09-16,2026-07-14,2027-06-30,Protection and Mechanical Methods,"KNUCKLEBOOM PLACEMENT. THIS APPLICATION INVOLVES NO CHANGE IN USE, OCCUPANCY OR EGRESS.",15860.4,35-42,41 STREET,Queens,11101,GC,THE VOREA CONSTRUCTION CO,184 N. 8TH STREET,DOMAIN 41ST STREET SITE B LLC,,,Permit Issued
Q01405724-I1-PMM,Q01405724-I1,Initial Permit,2026-09-16,2026-07-10,2027-06-30,Protection and Mechanical Methods,KNUCKLEBOOM PLACEMENT. THIS APPLICATION INVOLVES NO CHANGE IN USE. OCCUPANCY OR EGRESS.,25806,35-53,41 STREET,Queens,11101,GC,THE VOREA CONSTRUCTION CO,184 N. 8TH STREET,DOMAIN 41ST STREET SITE A LLC,,,Permit Issued
Q01407388-S1-PL,Q01407388-S1,Initial Permit,2026-09-16,2026-09-14,2027-05-10,Plumbing,PLUMBING WORK OF 2-FAMILY BUILDING AS PER PLAN FILED HEREWITH.,12000,43-11,220 STREET,Queens,11361,P,CATMAN PLUMBING INC,20-11 COLLEGE POINT BLVD,KINGSVILLE REALTY LLC,,,Permit Issued
Q01413279-I1-FN,Q01413279-I1,Initial Permit,2026-09-16,2026-08-17,2027-04-11,Construction Fence,"Filing for temporary construction fence. No change in use, egress or occupancy. In conjuction with Q01285295, Q01175509",30000,74-30,COMMONWEALTH BOULEVARD,Queens,11426,GC,BAGIANA CONSTRUCTION INC,118-01 ATLANTIC AVENUE,NYC SCHOOL CONSTRUCTION,,,Permit Issued
Q01432944-I1-PL,Q01432944-I1,Initial Permit,2026-09-16,2026-08-19,2026-12-03,Plumbing,"REPLACE THE EXISTING GAS PIPES FOR THE EXISTING APARTMENT BUILDING FROM CELLAR TO 3rd FLOOR DUE TO GAS LEAK AS PER PLANS. NO CHANGE IN USE, EGRESS OR OCCUPANCY UNDER THIS APPLICATION.",40000,977,SENECA AVENUE,Queens,11385,P,PINNACLE PLBG & HTG CORP,134-35 33RD AVENUE.3RD FLOOR,Not Applicable,,,Permit Issued
Q01432944-S1-GC,Q01432944-S1,Initial Permit,2026-09-16,2026-08-19,2026-12-15,General Construction,"CUTTING, PATCHING, AND RESTORATION OF EXISTING PLASTER/GYPSUM CEILINGS & PARTITION WALLS FROM CELLAR TO 3rd FLOOR FOR GAS PIPE REPLACEMENT. PROVIDED FIRESTOPPING ASSEMBLIES AT ALL EXISTING FLOOR & WALL PENETRATIONS. NO CHANGE IN USE, EGRESS",5000,977,SENECA AVENUE,Queens,11385,GC,PINNACLE ENGINEERING P.C,134-35 33RD AVE 3RD FLOOR,Not Applicable,,,Permit Issued
Q01435295-I1-GC-CX,Q01435295-I1,Initial Permit,2026-09-16,2026-08-28,2027-03-28,Structural,"Deck replacement. No change in use, occupancy or egress",34000,141-31,HOOVER AVENUE,Queens,11435,GC,BLUROCK SERVICES INC,43-02 209TH STREET,Not Applicable,,,Permit Issued
Q01444817-I1-GC-CX,Q01444817-I1,Initial Permit,2026-09-16,2026-08-21,2027-07-18,Structural,"PROPOSED EXTERIOR FACADE RESTORATION AS PER PLANS FILED HEREWITH. NO CHANGE IN USE, EGRESS OR OCCUPANCY.",110990,32-01,30 AVENUE,Queens,11102,GC,SAFETECH ENTERPRISES CORP,50 HENDRICKSON AVE,BLDG Management Co.,,,Permit Issued
Q01447501-I1-GC,Q01447501-I1,Initial Permit,2026-09-16,2026-09-04,2026-10-09,General Construction,"INTERIOR REHABILITATION TO FIRE DAMAGE SECTIONS OF BUILDING WITH SELECTIVE ALTERATION AND LEGALIZATION TO BRING CONDITIONS TO CODE COMPLIANCE. NO CHANGE IN USE, EGRESS OR OCCUPANCY.",550000,32-18,42 STREET,Queens,11103,GC,BABA CONSTRUCTION CORP,10 STORM STREET,M RE VENTURES I REO LLC,,,Permit Issued
Q01448763-I1-GC,Q01448763-I1,Initial Permit,2026-09-16,2026-09-11,2027-09-16,General Construction,"FILING TO SHOW WINDOW REPLACEMENT AS PER PLANS. NO CHANGE TO USE, EGRESS, AND/OR OCCUPANCY",85000,60-52,MADISON STREET,Queens,11385,GC,KC EXPEDITING INC,2466 HARDING CT,Benenson Real Estate,,,Permit Issued
Q01449873-I1-GC,Q01449873-I1,Initial Permit,2026-09-16,2026-09-15,2027-01-22,General Construction,FILING TO REPAIR RETAINING WALL OF CRACKS AT THE REAR TO RESOLVE VIOLATION# 39157809N,5000,183-48,CAMDEN AVENUE,Queens,11412,GC,ASSURED BUILDERS INC,104-40 108TH STREET,,,,Permit Issued
Q01451170-I1-PMM,Q01451170-I1,Initial Permit,2026-09-16,2026-09-16,2026-12-07,Protection and Mechanical Methods,"INSTALLATION AND USE OF TEMPORARY KNUCKLEBOOM AS PER PLANS FILED HEREWITH. NO CHANGE IN USE EGRESS, OR OCCUPANCY.",3000,38-11,32 STREET,Queens,11101,GC,KMI INC,73 MARKET STREET STE#376,KMI INC,,,Permit Issued
Q01451210-I1-PMM,Q01451210-I1,Initial Permit,2026-09-16,2026-09-16,2026-12-07,Protection and Mechanical Methods,"INSTALLATION AND USE OF TEMPORARY KNUCKLEBOOM AS PER PLANS FILED HEREWITH. NO CHANGE IN USE EGRESS, OR OCCUPANCY.",3000,38-12,33 STREET,Queens,11101,GC,KMI INC,73 MARKET STREET STE#376,KMI INC,,,Permit Issued
Q01452028-I1-SL,Q01452028-I1,Initial Permit,2026-09-16,2026-09-15,2027-04-27,Solar,"Installation of Solar panels on existing roof structure, No change in use, egress or occupancy.",46816,164-33,76 ROAD,Queens,11366,GC,AMERGY SOLAR INC,1100 CORNWALL RD.SUITE.202,Not Applicable,,,Permit Issued
Q01452030-I1-SL,Q01452030-I1,Initial Permit,2026-09-16,2026-09-15,2027-04-27,Solar,"Installation of Solar panels on existing roof structure, No change in use, egress or occupancy.",46816,164-35,76 ROAD,Queens,11366,GC,AMERGY SOLAR INC,1100 CORNWALL RD.SUITE.202,Not Applicable,,,Permit Issued
Q01454761-I1-SL,Q01454761-I1,Initial Permit,2026-09-16,2026-09-08,2027-05-28,Solar,SCOPE OF WORK IS SOLELY FOR THE INSTALLATION OF THE SOLAR ELECTRONIC GENERATING SYSTEM. ALL OTHER WORK IS NOT TO BE RELIED UPON AS BEING APPROVED AND/OR PERMITTED BY THE NYC DEPARTMENT OF BUILDINGS.,31200,137-33,174 STREET,Queens,11434,GC,SOLAR CONTRACTING LLC,24 HILLEL PLACE,Not Applicable,,,Permit Issued
Q01456094-I1-GC,Q01456094-I1,Initial Permit,2026-09-16,2026-09-14,2027-05-14,General Construction,"The scope of work consists of interior remodeling of an existing family house dwelling, including new floor, ceiling and wall finishes, new millwork, door & equipment replacement",9280,2120,GROVE STREET,Queens,11385,GC,RNV ENTERPRISES LLC,2221 EAST 12ST,MK ARCHITECTURE,,,Permit Issued
Q01457246-S1-SH,Q01457246-S1,Initial Permit,2026-09-16,2026-09-15,2026-12-15,Sidewalk Shed,PROPOSED INSTALLATION OF HEAVY DUTY SIDEWALK SHED AS PER PLANS. LIVE LOAD 300 PER SQUARE FEET. SIDEWALK SHED SHALL COMPLY WITH CHAPTER # 33 OF THE 2022 CODE. NO CHANGE IN USE OCCUPANCY OR EGRESS UNDER THIS APPLICATIONPROPOSED INSTALLATION O,8000,109-08,CORONA AVENUE,Queens,11368,GC,ALL EMPIRE BUILDING CON,101-38 130TH STREET,ALL EMPIRE BUILDING CONTRACTORS INC,,,Permit Issued
Q01457408-I1-GC,Q01457408-I1,Initial Permit,2026-09-16,2026-09-10,2026-11-23,General Construction,"Interior Renovations @ the cellar, 1st floor, 2nd floor, and attic. No change in use, egress or occupancy.",176080,107-22,REMINGTON STREET,Queens,11435,GC,BT'S PLUMBING AND HEATING,106-46 GUY R BREWER BLVD,Not Applicable,,,Permit Issued
Q01457645-I1-SH,Q01457645-I1,Initial Permit,2026-09-16,2026-09-16,2026-12-15,Sidewalk Shed,"INSTALLATION OF HEAVY DUTY SW SHED AS PER PLAN AND IN ACCORDANCE WITH CHAPTER 33 OF NYC BUILDING CODE. NO CHANGE IN USE, EGRESS, OR OCCUPANCY UNDER THIS APPLICATION.",10000,54-06,31 AVENUE,Queens,11377,GC,ARSENAL SCAFFOLD INC,95 JERSEY STREET,EAST GUNHILL ROAD FOOD LLC,,,Permit Issued
Q01457999-I1-SL,Q01457999-I1,Initial Permit,2026-09-16,2026-09-15,2026-12-31,Solar,INSTALLATION OF PV SYSTEM ON EXISTING ROOFTOP. NO CHANGES TO EGRESS OR USE OF OCCUPANCY.,16950,181-08,69 AVENUE,Queens,11365,GC,SOLARBLOCKS ENERGY LLC,3 GRACE AVENUE,Not Applicable,,,Permit Issued
Q01459523-I1-SL,Q01459523-I1,Initial Permit,2026-09-16,2026-09-15,2027-04-06,Solar,INSTALLATION OF PHOTOVOLTAIC SOLAR ARRAY ON EXISTING ROOF SYSTEM AS PER PLANS.,44148,117-40,125 STREET,Queens,11420,GC,NYSS LLC,385 WEST JOHN STREET UNIT 100,Not Applicable,,,Permit Issued
Q01459912-I1-SF,Q01459912-I1,Initial Permit,2026-09-16,2026-09-16,2027-03-01,Supported Scaffold,INSTALLATION OF MEDIUM DUTY PIPE SCAFFOLDING AS PER PLANS. NO CHANGE IN USE OCCUPANCY OR EGRESS UNDER THIS APPLICATION. PIPE SCAFFOLDING SHALL COMPLY WITH CHAPTER 33 OF THE 2022 NYC BUILDING CODE.,13000,37-02,QUEENS BOULEVARD,Queens,11101,GC,TRICE CONSTRUCTION INC,204 ASTORIA BLVD.SUITE 2H,TRICE CONSTRUCTION INC,,,Permit Issued
Q01460801-I1-FN,Q01460801-I1,Initial Permit,2026-09-16,2026-09-16,2027-06-30,Construction Fence,"INSTALLATION OF A TEMPORARY CONSTRUCTION FENCE AS PER PLANS DURING NB CONSTRUCTION. NO CHANGE IN USE, EGRESS OR OCCUPANCY. FENCE SHALL COMPLY WITH CHAPTER 33 OF 2022 NYC BUILDING CODE.",5000,121-09,ROOSEVELT AVENUE,Queens,11368,GC,"PLATFORM SOLUTIONS, INC",1212 AV OF THE AMERICAS 5TH FL,PLATFORM SOLUTIONS INC.,,,Permit Issued
S01294604-S2-PL,S01294604-S2,Initial Permit,2026-09-16,2026-02-19,2026-10-31,Sprinklers,Building 1P: install new plumbing fixtures and replace sprinkler heads to accommodate bathroom renovations on 1st floor in the existing in college building.,328821,2800Y,VICTORY BOULEVARD,Staten Island,10314,P,"PAR PLUMBING CO., INC",101 PARK AVENUE LOWER LOBBY,CUNY,,,Permit Issued
S01321692-S3-MS,S01321692-S3,Initial Permit,2026-09-16,2026-09-16,2027-03-13,Mechanical Systems,"INSTALLATION OF NEW HVAC AND ERV SYSTEMS FOR THE HEATING, COOLING, AND VENTILATION OF EACH DWELLING UNIT IN THE BUILDING",0,444,BEMENT AVENUE,Staten Island,10310,GC,"DELTAMER, INC",11 FERNDALE AVENUE,HOMES R US REALTY OF NY,,,Permit Issued
S01363316-S1-FN,S01363316-S1,Initial Permit,2026-09-16,2026-08-31,2026-10-31,Construction Fence,Proposed construction fence,2500,60,ST JAMES PLACE,Staten Island,10304,GC,"JACOBSON CONTRACTING,INC",5 YEOMALT AVENUE,PR,,,Permit Issued
S01378068-I1-FD,S01378068-I1,Initial Permit,2026-09-16,2026-08-11,2027-04-08,Full Demolition,"Demo of detached house. Inground pool filed on S01397314. BIS unit will not create a separate BIN for a pool. The pool will be drained, walls removed and backfilled with clean soil. On-site and off-site fill not to exceed 300 cubic yards",50000,114,EAGAN AVENUE,Staten Island,10312,GC,SKEN SERVICES CORP,"175 ZOE STREET, APT 6P",IGOR AMBRAMOV,,,Permit Issued
S01379436-I1-GC-CX,S01379436-I1,Initial Permit,2026-09-16,2026-09-01,2026-10-30,Foundation,PROPOSED DETACHED TWO-FAMILY DWELLING WITH ACCESSORY BUILT-IN TWO CAR GARAGE.,0,1364,FOREST HILL ROAD,Staten Island,10314,GC,WALLACE AVENUE CONSTR LLC,262 LEE AVENUE SUITE 1,WALLACE AVENUE CONST.LLC,,,Permit Issued
S01379572-I1-GC-CX,S01379572-I1,Initial Permit,2026-09-16,2026-09-01,2026-10-30,Earth Work,PROPOSED DETACHED TWO-FAMILY DWELLING WITH ACCESSORY BUILT-IN TWO CAR GARAGE.,0,1358,FOREST HILL ROAD,Staten Island,10314,GC,WALLACE AVENUE CONSTR LLC,262 LEE AVENUE SUITE 1,WALLACE AVENUE CONST.LLC,,,Permit Issued
S01397314-I1-FD,S01397314-I1,Initial Permit,2026-09-16,2026-09-02,2027-04-08,Full Demolition,"Inground pool to be removed under this application. BIS unit will not create a separate BIN for a pool. The pool will be drained, walls removed and backfilled with clean soil. On-site and off-site fill not to exceed 300 cubic yards",10000,114,EAGAN AVENUE,Staten Island,10312,GC,SKEN SERVICES CORP,"175 ZOE STREET, APT 6P",IGOR AMBRAMOV,,,Permit Issued
S01401156-I1-FD,S01401156-I1,Initial Permit,2026-09-16,2026-09-08,2027-04-08,Full Demolition,"HAND DEMO OF 2.5 STORY DETACHED FRAME HOUSE, 30' HIGH",5000,19,BREWSTER STREET,Staten Island,10304,GC,SKEN SERVICES CORP,"175 ZOE STREET, APT 6P",GR1 Development LLC,,,Permit Issued
S01410680-I1-GC-CX,S01410680-I1,Initial Permit,2026-09-16,2026-09-15,2026-10-26,General Construction,PROPOSED DETACHED TWO FAMILY RESIDENCE WITH ONE ACCESSORY OFF-STREET PARKING SPACE.,0,144,TWOMBLY AVENUE,Staten Island,10306,GC,MONELLO ENTERPRISES INC,3191 RICHMOND ROAD,MONELLO ENTERPRISES INC,,,Permit Issued
S01422142-I1-MS,S01422142-I1,Initial Permit,2026-09-16,2026-08-25,2027-04-01,Mechanical Systems,"R080, INSTALLATION OF A TEMPORARY EMERGENCY MOBILE CHILLER TRAILER #2 AND TEMPORARY GENERATOR #2 WITH 700 GALLON INTEGRAL DIESEL TANK CONNECTED TO EXISTING BUILDING SYSTEM IN CONJUNCTION WITH DOB # S00828027. NO CHANGE IN USE, EGRESS, OR OC",50000,715,OCEAN TERRACE,Staten Island,10301,GC,MARIC PLUMBING & HEATING,50-40 69TH PLACE,NYC SCHOOL CONSTRUCTION AUTHORITY,,,Permit Issued
S01424674-I1-GC,S01424674-I1,Initial Permit,2026-09-16,2026-07-07,2027-07-30,General Construction,"Interior tenants build out, interior demolition, new partitions, flooring, doors and new ceilings. Misc. additional work.",151200,4885,ARTHUR KILL ROAD,Staten Island,10309,GC,HAMOUD CONSTRUCTION CORP,1301 E 55TH STREET,BRIDGEVIEW,,,Permit Issued
S01424674-S2-MS,S01424674-S2,Initial Permit,2026-09-16,2026-07-14,2027-07-30,Mechanical Systems,MECHANICAL WORK IN CONJUNCTION WITH TENANT BUILD OUT OF EXISTING COMMERCIAL SPACE.,50000,4885,ARTHUR KILL ROAD,Staten Island,10309,GC,HAMOUD CONSTRUCTION CORP,1301 E 55TH STREET,BRIDGEVIEW,,,Permit Issued
S01427375-S2-PL,S01427375-S2,Initial Permit,2026-09-16,2026-09-16,2026-10-31,Plumbing,PROPOSED PLUMBING WORK FOR THE ALTERATION OF AN EXISTING ONE-FAMILY RESIDENCE.,20000,137,BACHE AVENUE,Staten Island,10306,P,CAPITAL CONTR P&H CORP,260 PULASKI AVENUE,Not Applicable,,,Permit Issued
S01433449-I1-SG,S01433449-I1,Initial Permit,2026-09-16,2026-08-19,2026-11-13,Sign,"ILLUMINATED NON-ADVERTISING ACCESSORY WALL SIGN - IN PROPERTY LINES - HAPPY FEET. NO CHANGE OF USE, EGRESS OR OCCUPANCY.",2500,2728,HYLAN BOULEVARD,Staten Island,10306,S,ACTIVE SIGNS INC,828 6TH AVENUE 2ND FLOOR,LEVIN MANAGEMENT,,,Permit Issued
S01444369-I1-GC,S01444369-I1,Initial Permit,2026-09-16,2026-08-20,2027-05-14,General Construction,"PROPOSED INTERIOR RENOVATION AT CELLAR AND FIRST FLOOR, ENLARGE THE DECK AT REAR YARD, INSTALL AWNING AT FRONT YARD AS PER PLAN. NO CHANGE IN USE, EGRESS OR OCCUPANCY UNDER THIS APPLICATION.",129200,537,LINCOLN AVENUE,Staten Island,10306,GC,SJ CONSTR DESIGN INC,462 GARDINERS AVENUE,Not Applicable,,,Permit Issued
S01444943-I1-GC,S01444943-I1,Initial Permit,2026-09-16,2026-09-14,2027-04-16,General Construction,"Proposed interior renovation at cellar & partial 1st floor of existing Eating & Drinking Establishment with minor partitions work and floor finishes as per plan. No change in use, egress, or occupancy.",130000,2397,HYLAN BOULEVARD,Staten Island,10306,GC,UNIVERSAL CONSTRUCTION,"989 56TH ST, UNIT A",PR,,,Permit Issued
S01454458-I1-SL,S01454458-I1,Initial Permit,2026-09-16,2026-09-11,2026-10-01,Solar,"FILING HEREWITH TAX ABATEMENT APPLICATION FOR INSTALLATION OF ROOF MOUNTED SOLAR PANELS. NO CHANGE IN USE, EGRESS OR OCCUPANCY.",60750,7,PERKIOMEN AVENUE,Staten Island,10312,GC,SUNRUN INSTALLATION SVC,775 FIERO LN STE 200,Not Applicable,,,Permit Issued
S01457610-I1-SL,S01457610-I1,Initial Permit,2026-09-16,2026-09-11,2027-04-06,Solar,INSTALLATION OF PHOTOVOLTAIC SOLAR ARRAY ON EXISTING ROOF SYSTEM AS PER PLANS.,46745,19,PETER AVENUE,Staten Island,10306,GC,NYSS LLC,385 WEST JOHN STREET UNIT 100,Not Applicable,,,Permit Issued
S01458110-I1-SL,S01458110-I1,Initial Permit,2026-09-16,2026-09-11,2027-04-06,Solar,INSTALLATION OF PHOTOVOLTAIC SOLAR ARRAY ON EXISTING ROOF SYSTEM AS PER PLANS.,77909,180,PORTAGE AVENUE,Staten Island,10314,GC,NYSS LLC,385 WEST JOHN STREET UNIT 100,Not Applicable,,,Permit Issued
S01458437-I1-SL,S01458437-I1,Initial Permit,2026-09-16,2026-09-15,2026-11-15,Solar,"INSTALLATION OF SOLAR PANELS ON ROOF. NO CHANGE IN USE, EGRESS, OR OCCUPANCY.",24024,414,ELVERTON AVENUE,Staten Island,10308,RA,"TOM PETERSEN ARCHITECT, LLC",6 COUNTRY LANE,Not Applicable,,,Permit Issued
S08039161-S5-MS,S08039161-S5,Initial Permit,2026-09-16,2024-07-18,2027-06-14,Mechanical Systems,FILING MECHANICAL WORK IN CONJUNCTION WITH NB #S08039161-I1,0,930 B,WEST FINGERBOARD ROAD,Staten Island,10304,GC,DELUXE HOME BUILDERS CORP,1625 60TH ST,950 W. FINGERBOARD LLC,,,Permit Issued
X00539729-S1-SC,X00539729-S1,Initial Permit,2026-09-16,2026-09-16,2027-01-01,Suspended Scaffold,"Suspended Scaffold Installation as per plans filed herewith. No change in use, egress or occupation.",0,1135,EAST 229 STREET,Bronx,10466,GC,VIK XS SERVICES INC,26-85 38TH AVE BASMENT,VIK XS SERVICES INC,,,Permit Issued
X00902102-S1-ST,X00902102-S1,Initial Permit,2026-09-16,2024-08-19,2026-12-31,Structural,New elevator shaft in building. Design of new floor shafts. Detail concrete platform for wheel chairs in auditorium. New wheelchair lifts structure in auditorium and gym. Design of lintels for new and enlarged openings.,505814.4,1449,SHAKESPEARE AVENUE,Bronx,10452,GC,ADAM'S EUROPEAN CONTRACTI,589 JOHNSON AVENUE,NYC SCA,,,Permit Issued
X01017141-I1-GC,X01017141-I1,Initial Permit,2026-09-16,2026-05-13,2026-11-14,General Construction,NEW THREE CAR GARAGE,0,651 GAR,EAST 219 STREET,Bronx,10467,GC,DEP CUSTOM DESIGNS CORP,9123 254TH STREET,PR,,,Permit Issued
X01223468-S4-ST,X01223468-S4,Initial Permit,2026-09-16,2025-07-24,2026-12-05,Structural,"MONTEFIORE - MOSES 9 LAB - STRUCTURAL MODIFICATIONS AS PER PLANS FILED HEREWITH. NO CHANGE IN USE, EGRESS, OR OCCUPANCY.",150000,111,EAST 210 STREET,Bronx,10467,GC,DIKER A & V CONTRACTING C,20 ELVIRA COURT,Montefiore Medical Center,,,Permit Issued
X01267630-I1-PL,X01267630-I1,Initial Permit,2026-09-16,2025-08-11,2026-10-13,Plumbing,plumbing work,48000,1944,GILDERSLEEVE AVENUE,Bronx,10473,P,PLUMB-IT MECHANICAL INC,749 PROSPECT PLACE,AL&I 1944 LLC,,,Permit Issued
X01297399-I1-GC,X01297399-I1,Initial Permit,2026-09-16,2026-08-26,2026-11-19,General Construction,PROPOSED NINE (9) STORY MIXED USE BUILDING.,0,2054,WALTON AVENUE,Bronx,10453,GC,"EXPRESS BUILDERS JB, INC",365 FLUSHING AVE #612,EXPRESS BUILDERS JB INC,,,Permit Issued
X01334056-S3-EW-SP,X01334056-S3,Initial Permit,2026-09-16,2026-09-15,2026-11-30,Sprinklers,SPRINKLER APPLICATION FILED HEREWITH IN CONJUNCTION TO ALT-CO APPLICATION X01334056-I1,47300,1448,BRYANT AVENUE,Bronx,10459,F,TARGET PIPING NY LLC,1127 UTICA AVENUE,PR,,,Permit Issued
X01352632-I1-GC,X01352632-I1,Initial Permit,2026-09-16,2026-03-12,2026-12-06,General Construction,RENOVATE EXISTING LIBRARY SUITE 209 - REMOVE EXISTING NON-STRUCTURAL PARTITIONS - MODIFY SUSPENDED CEILING- PROVIDE NEW NON-STRUCTURAL PARTITIONS - NO CHANGE IN USE - NO CHANGE IN OCCUPANCY - NO CHANGE IN EGRESS,1696436,1980,LAFAYETTE AVENUE,Bronx,10473,GC,S.N.K CONTRACTING LLC,49 TAPSCOTT STREET SUITE 3A,NYC SCA,,,Permit Issued
X01397534-I1-GC,X01397534-I1,Initial Permit,2026-09-16,2026-09-09,2027-03-30,General Construction,Alt-CO application filed for conversion of daycare use at existing first floor community facility space of a five (5) story mixed-use building.,302000,1100,FRANKLIN AVENUE,Bronx,10456,GC,PARK USA DESIGN & REMODEL,135 LORIMER STREET,CITY FRAMERS INC,,,Permit Issued
X01402920-S1-PL,X01402920-S1,Initial Permit,2026-09-16,2026-06-10,2026-09-30,Plumbing,"CONNECT TO EXISTING GAS PIPING FOR THE INSTALLATION OF THREE (3) REPLACEMENT ROOFTOP HVAC UNITS. NO CHANGE IN USE, EGRESS OR OCCUPANCY.",9800,650,BRUSH AVENUE,Bronx,10465,P,MCCREADY & RICE PLUMBING,115-25 15TH AVE,pepsi bottling company,,,Permit Issued
X01409812-S3-ST,X01409812-S3,Initial Permit,2026-09-16,2026-09-03,2026-10-07,Structural,"STRUCTURAL SCOPE IN CONJUNCTION ALTERATION OF A FORMER RETAIL SPACE INTO URGENT CARE AND DOCTOR'S OFFICE FOR ROOF HVAC DUNNAGE INSTALLATION AS PER PLANS FILED HEREWITH. NO CHANGE IN USE, EGRESS, OR OCCUPANCY.",24970.5,761,LYDIG AVENUE,Bronx,10462,GC,TITAN CONSTRUCTION MANAGE,159 20 ST.STE.1B UNIT478,ESSEN HEALTHCARE,,,Permit Issued
X01426236-I1-GC,X01426236-I1,Initial Permit,2026-09-16,2026-07-07,2026-10-29,General Construction,1. REPLACE THE EXIS BRICK AT EXPOSURE# 2=100PCS 2. REPAIR THE EXIS WINDOW LINTEL=5 PCS3. REPLACE THE EXIIST CRACK CONCRETE SILL= 1 PCS 4. REP THE EXIS CAMELBACK COPING=1PC 5. BRICK RE-POINTING=200 SF 6.DOOR LINTEL REPAIR=01 PC.7.ADDRESS ECB,40000,1997,HUGHES AVENUE,Bronx,10457,GC,U S STAR CONSTRUCTION NY,141 GARDINERS AVENUE,U S STAR CONSTRUCTION NY CORP,,,Permit Issued
X01429392-I1-GC,X01429392-I1,Initial Permit,2026-09-16,2026-08-14,2027-04-12,General Construction,"INTERIOR ALTERATION WITHIN EXISTING TENANT SPACE ON 1ST FLOOR IN EXISTING BUILDING: NEW NON-BEARING INTERIOR PARTITIONS, NEW INTERIOR FINISHES, NEW MILLWORK, NEW INTERIOR LIGHTING; NO CHANGE TO OCCUPANCY, GROUP AND USE.",119900,1418,WILLIAMSBRIDGE ROAD,Bronx,10461,GC,DVE CONSTRUCTION INC,135-07 63RD AVENUE,MODERN SMILES DENTAL CARE,,,Permit Issued
X01429392-S1-MS,X01429392-S1,Initial Permit,2026-09-16,2026-08-14,2027-04-12,Mechanical Systems,"INTERIOR ALTERATION WITHIN EXISTING TENANT SPACE ON 1ST FLOOR IN EXISTING BUILDING: INSTALL NEW AHUs, DUCTWORK AND DIFFUSERS PER NEW LAYOUT. INSTALL NEW FRESH AIR INTAKE SYSTEM. INSTALL NEW EXHAUST FAN AND DUCTWORK. NO CHANGE TO OCCUPANCY, ",30000,1418,WILLIAMSBRIDGE ROAD,Bronx,10461,GC,DVE CONSTRUCTION INC,135-07 63RD AVENUE,MODERN SMILES DENTAL CARE,,,Permit Issued
X01443815-I1-FN,X01443815-I1,Initial Permit,2026-09-16,2026-09-08,2026-12-14,Construction Fence,Installation of temporary fence in conjunction with X01312244,3000,681,KELLY STREET,Bronx,10455,GC,MUZI CONSTRUCTION CORP,6202 11TH AVE,NYC SCA,,,Permit Issued
X01443932-I1-GC,X01443932-I1,Initial Permit,2026-09-16,2026-08-21,2026-12-04,General Construction,remove illegal apartment from basement and restore to ordinary use. filing to correct ecb # 34214879P,16600,2764,CRESTON AVENUE,Bronx,10468,GC,ARBENI MANAGEMENT CO INC,2465 ARTHUR AVENUE,ARBENI MANAGEMENT,,,Permit Issued
X01453759-I1-SL,X01453759-I1,Initial Permit,2026-09-16,2026-09-15,2026-10-19,Solar,"ROOFOTP SOLAR INSTALLATION. NO CHANGE TO USE, OCCUPANCY OR EGRESS.",91840,2778,CLAFLIN AVENUE,Bronx,10468,GC,KAMTECH RESTORATION CORP,203 SHERIDAN BLVD,Not Applicable,,,Permit Issued
X01453784-S1-SH,X01453784-S1,Initial Permit,2026-09-16,2026-09-15,2026-12-15,Sidewalk Shed,"INSTALLATION OF TEMPORARY HEAVY DUTY SIDEWALK SHED AS PER PLANS. NO CHANGE IN USE, EGRESS OR OCCUPANCY. SIDEWALK SHED SHALL COMPLY WITH CHAPTER #33 OF THE NYC BUILDING CODE. LIVE LOAD 300PSF.",10000,2305,UNIVERSITY AVENUE,Bronx,10468,GC,ALL EMPIRE BUILDING CON,101-38 130TH STREET,ALL EMPIRE BUILDING CONTRACTORS INC,,,Permit Issued
X01455329-I1-SL,X01455329-I1,Initial Permit,2026-09-16,2026-09-09,2026-10-01,Solar,"FILING HEREWITH TAX ABATEMENT APPLICATION FOR INSTALLATION OF ROOF MOUNTED SOLAR PANELS. NO CHANGE IN USE, EGRESS OR OCCUPANCY.",56250,2129,NEWBOLD AVENUE,Bronx,10462,GC,SUNRUN INSTALLATION SVC,775 FIERO LN STE 200,Not Applicable,,,Permit Issued
X01455640-I1-FN,X01455640-I1,Initial Permit,2026-09-16,2026-09-16,2027-07-02,Construction Fence,"INSTALLATION OF THE TEMPORARY FENCE AT 635 ARNOW AVENUE, BRONX, NY 10467 AS INDICATED ON PLANS. THERE WILL BE NO CHANGE IN THE USE, EGRESS, OR OCCUPANCY UNDER THIS APPLICATION.",10000,635,ARNOW AVENUE,Bronx,10467,GC,MNK ENTERPRISES LLC,602 BAY PINE AIRE DRIVE,NYCHA,,,Permit Issued
B01024312-S4-PL,B01024312-S4,Initial Permit,2026-09-15,2026-08-25,2026-12-15,Plumbing,"Proposed Plumbing works only of an existing eating & drinking establishment/restaurant on 1st floor as per plan, in conjunction with DOB Now GC job #B01024312.",55700,3168,CONEY ISLAND AVENUE,Brooklyn,11235,P,FLUSHING PLUMBING CORP,73-04 Metropolitan avenue Floor 1,DNG LAUNDROMAT,,,Permit Issued
B01081523-S3-FO-EA,B01081523-S3,Initial Permit,2026-09-15,2026-05-04,2027-01-07,Foundation,FOUNDATION DESIGN TO FACILITATE PROPOSED ENLARGEMENT OF EXISTING BUILDING AS PER PLANS.,37000,117,STATE STREET,Brooklyn,11201,GC,YAFE MEOD CORP,17 BARSTOW ROAD .SUITE 401,MINERVA,,,Permit Issued
B01093098-S2-EW-SP,B01093098-S2,Initial Permit,2026-09-15,2026-01-29,2026-12-05,Sprinklers,SPRINKLER WORK IN CONJUCTION WITH ARCHITECTURAL JOB NUMBER #B01093098-I1,5000,177,ARDSLEY LOOP,Brooklyn,11239,F,ASC METRO FIRE INSP LLC,159-51 102ND STREET,"BSC HOUSING COMPANY, INC",,,Permit Issued
B01099717-S3-FO-EA,B01099717-S3,Initial Permit,2026-09-15,2026-05-01,2027-07-01,Earth Work,FOUNDATION AND EARTHWORK SPECIFICATIONS FILED IN CONJUNCTION WITH GC APPLICATION #B01099717-I1.,1000,476,LAFAYETTE AVENUE,Brooklyn,11205,GC,YCK DEVELOPERS LLC,670 MYRTLE AVENUE STE#403,PR,,,Permit Issued
B01133649-S3-MS,B01133649-S3,Initial Permit,2026-09-15,2026-03-03,2026-12-18,Mechanical Systems,Mechanical Plans filed herewith.,40000,563,BEDFORD AVENUE,Brooklyn,11211,GC,Y&S REMODELING INC,250 SKILLMAN ST #323,Not Applicable,,,Permit Issued
B01148898-S1-SH,B01148898-S1,Initial Permit,2026-09-15,2026-09-15,2026-12-14,Sidewalk Shed,"installation of heavy duty sidewalk shed. no change in use, occupancy or egress. all work to comply with chapter 33 of nycbc",17500,150,4 AVENUE,Brooklyn,11217,GC,KINGS GROUP NY CORP,183-02 LIBERTY AVE,KINGS GROUP NY CORP,,,Permit Issued
B01176928-S7-PL,B01176928-S7,Initial Permit,2026-09-15,2025-09-26,2026-10-07,Plumbing,Installation of water services in conjunction with NB.,0,2,ARONIA WALK,Brooklyn,11239,P,BLETSAS P&H CORP,37-20 58TH STREET,APEX BUILDING GROUP,,,Permit Issued
B01187061-S3-EW-SP,B01187061-S3,Initial Permit,2026-09-15,2026-07-01,2026-12-26,Sprinklers,"SPRINKLER WORK FILED IN CONJUCTION WITH RENOVATION OF 2-FAMILY RESIDENCE. FULLY SPRINKLER THE BUILDING. INSTALL PL-SPRINKLER WATER SERVICE. NO CHANGE TO USE, EGRESS OR OCCUPANCY.",62486,312,21 STREET,Brooklyn,11215,F,ARCO PLBG AND HTG INC,6717 4TH AVENUE,BNYDC,,,Permit Issued
B01188632-S7-PL,B01188632-S7,Initial Permit,2026-09-15,2026-09-03,2027-02-12,Plumbing,SUBSEQUENT PLUMBING WORK FILING. INSTALL STEEL SLEEVE FOR SEWER WORK IN THE FRONT OF BUILDING ONLY.,10000,837,51 STREET,Brooklyn,11220,P,METFLOW MECHANICAL LLC,6010 NEW UTRECHT AVENUE,Not Applicable,,,Permit Issued
B01203713-S1-SE,B01203713-S1,Initial Permit,2026-09-15,2026-07-27,2026-12-29,Support of Excavation,SUBSEQUENT SOE APPLICATION FILED HEREWITH.,0,153,9 STREET,Brooklyn,11215,GC,ROGERS DEVELOPERS GRP LLC,311 ROGERS AVENUE,Bravon Capital LLC,,,Permit Issued
B01204032-S8-EW-SD,B01204032-S8,Initial Permit,2026-09-15,2026-03-29,2027-02-25,Sprinklers,SPRINKLER & STANDPIPE SPECIFICATIONS FILED IN CONJUNCTION WITH GC APPLICATION XXXX-I1,0,460,BUSHWICK AVENUE,Brooklyn,11206,F,METFLOW FIRE CONTROL LLC,107 GEORGIA AVENUE,PR,,,Permit Issued
B01204032-S8-EW-SP,B01204032-S8,Initial Permit,2026-09-15,2026-03-29,2027-02-25,Standpipe,SPRINKLER & STANDPIPE SPECIFICATIONS FILED IN CONJUNCTION WITH GC APPLICATION XXXX-I1,0,460,BUSHWICK AVENUE,Brooklyn,11206,F,METFLOW FIRE CONTROL LLC,107 GEORGIA AVENUE,PR,,,Permit Issued
B01213107-S1-PL,B01213107-S1,Initial Permit,2026-09-15,2026-09-01,2027-01-11,Plumbing,INSTALL NEW PLUMBING FIXTURES AT CELLAR 1ST 2ND FLOOR. GENERAL CONSTRUCTION WORK WAS FILED UNDER DOBNOW JOB#B01213107-I1.,160000,927,57 STREET,Brooklyn,11219,P,TRI STATE PLBG & HTG INC,115-58 DUNKIRK STREET,PR,,,Permit Issued
B01225219-S1-PL,B01225219-S1,Initial Permit,2026-09-15,2026-06-26,2026-12-12,Plumbing,"INSTALL NEW ADDITIONAL BATHROOM AS PER 2ND,3RDAND 4TH FLOOR PLAN & NEW 3 HOT WATER TANK ATCELLAR. NO CHANGE IN USE, EGRESS OR OCCUPANCY.",96000,59,HUDSON AVENUE,Brooklyn,11201,P,5 BORO'S PLUMBING INC,101-21 ROCKAWAY BLVD,Meghna Construction,,,Permit Issued
B01251202-I1-GC-CX,B01251202-I1,Initial Permit,2026-09-15,2026-09-11,2027-05-16,Earth Work,"NEW TWO STORY WITH ATTIC& CELLAR, SEMI-DETACHED TWO FAMILY BUILDING FILED UNDER NYC 2022 BUILDING CODE.",0,137,96 STREET,Brooklyn,11209,GC,SAPOL CONSTRUCTION LLC,6804 17TH AVE 2ND FL,wojda,,,Permit Issued
B01260118-I1-GC,B01260118-I1,Initial Permit,2026-09-15,2026-01-12,2027-07-12,General Construction,"Replace lintels, windowsills, and brickwork, rake & point brick, provide caulking.",295750,925,UNION STREET,Brooklyn,11215,GC,BEST NY CONTRACTING INC,701 RIDGE HILL BLVD,IMPACT REAL ESTATE MANAGEMENT,,,Permit Issued
B01271200-I1-GC,B01271200-I1,Initial Permit,2026-09-15,2026-08-07,2027-01-05,General Construction,"ALT-CO FILING TO PROPOSE PARTIAL DEMOLITION WORK AND TO ESTABLISH USE & OCCUPANCY GROUP FOR ENERGY INFRASTRUCTURE EQUIPMENT ONLY. INSTALLATION OF A GRID-TIED BATTERY ENERGY STORAGE SYSTEM,EV CHARGERS AND RELATED INTERCONNECTION EQUIPMENT IN",101500,3822,AVENUE U,Brooklyn,11234,GC,FOS DEVELOPMENT CORP,"1 HALLOW LANE, STE 309",STERLING REAL ESTATE,,,Permit Issued
B01278224-S8-FO,B01278224-S8,Initial Permit,2026-09-15,2026-09-01,2026-10-31,Foundation,SUBSEQUENT UNDERPINNING APPLICATION FILED HEREWITH.,2500,726,MANHATTAN AVENUE,Brooklyn,11222,GC,COUNTYWIDE BUILDERS INC,75 SEABRING ST,PR,,,Permit Issued
B01312529-S3-EW-SP,B01312529-S3,Initial Permit,2026-09-15,2026-02-12,2027-05-01,Sprinklers,FILE SPRINKLER WORK TYPE IN CONJUNCTION WITH ALT-CO APPLICATION JOB#B01312529-I1. INSTALL SPRINKLER SYSTEM AT CELLAR AND 1ST FLOOR.,64000,5117,7 AVENUE,Brooklyn,11220,P,AMERICAN STANDARD P&H COR,62-49 30TH AVENUE,5117 MANAGEMENT LLC,,,Permit Issued
B01314334-S1-FO,B01314334-S1,Initial Permit,2026-09-15,2026-09-11,2027-01-18,Foundation,"FOUNDATION DESIN FOR NEW 3 STORY AND CELLAR, 3 FAMILY BUILDING",0,1239,57 STREET,Brooklyn,11219,GC,GS INTERIORS LLC,1647 52ND ST,GS INTERIORS LLC,,,Permit Issued
B01322138-S1-PMM,B01322138-S1,Initial Permit,2026-09-15,2026-02-03,2027-03-27,Protection and Mechanical Methods,"Subsequent filing for use of mechanical construction equipment to lift, hoist and move material, earth and personnel on site. No change in use, egress or occupancy.",5000,1154,CLARKSON AVENUE,Brooklyn,11212,GC,BOLLA CONSTRUCTION LLC,809 STEWART AVE,HIGH POINT ENGINEERING,,,Permit Issued
B01324020-S4-PL,B01324020-S4,Initial Permit,2026-09-15,2026-09-14,2026-11-14,Plumbing,PLUMBING APPLICATION FIED HEREWITH IN CONJUNTION TO ALT-CO APPLICATION JOB #B01324020-I1,10000,423,GATES AVENUE,Brooklyn,11216,P,PRIME PIPING & HEATING IN,152-32 ROCKAWAY BLVD,BT GENERAL BUILDERS INC,,,Permit Issued
B01339789-I1-GC,B01339789-I1,Initial Permit,2026-09-15,2026-08-04,2027-02-16,General Construction,Interior renovation of a 2-story building.,380200,22,SHARON STREET,Brooklyn,11211,GC,INTOWN CONSULTANTS INC,6921 8TH AVENUE,Not Applicable,,,Permit Issued
B01341521-I1-PL,B01341521-I1,Initial Permit,2026-09-15,2026-05-08,2027-03-16,Plumbing,"PLUMBING WORK AT CELLAR , FIRST, AND SECOND FLOORS OF AN EXISTING 4 STORY WITH CELLAR BUILDING",153000,713,SACKETT STREET,Brooklyn,11217,P,KISHAN PLUMBING INC,106-46 GUY R BREWER BLVD,801 REALTY LLC,,,Permit Issued
B01343988-I1-FN,B01343988-I1,Initial Permit,2026-09-15,2026-01-23,2027-06-01,Construction Fence,"PROPOSED CONSTRUCTION FENCE. NO CHANGE TO USE, EGRESS OR OCCUPANCY UNDER THIS APPLICATION.",160,106,MARCUS GARVEY BOULEVARD,Brooklyn,11206,GC,MJH CONSTRUCTION CORP,"670 MYRTLE AVE, #6366",RESIDENTS GROUP,,,Permit Issued
B01348242-S3-FO-EA,B01348242-S3,Initial Permit,2026-09-15,2026-09-11,2026-12-02,Earth Work,FOUNDATION AND EARTHWORK SPECIFICATIONS FILED IN CONJUNCTION WITH GC APPLICATION JOB # B01348242-I1,0,461,TROY AVENUE,Brooklyn,11203,GC,INNOVATIVE CONSTR NYC LLC,"130 LEE AVENUE, SUITE 431",Grun Group LLC,,,Permit Issued
B01349946-I1-GC,B01349946-I1,Initial Permit,2026-09-15,2026-05-20,2027-01-01,General Construction,HORIZONTAL ENLARGEMENT ON A 2 STORY BUILDING WITH BASEMENT AND CELLAR. NO CHANGE IN USE EGRESS OR OCCUPANCY UNDER THIS APPLICATION.,776529,347,52 STREET,Brooklyn,11220,GC,LXC CONSTRUCTION INC,45-32 218TH STREET,Not Applicable,,,Permit Issued
B01356327-I1-GC,B01356327-I1,Initial Permit,2026-09-15,2026-09-09,2027-05-20,General Construction,"HEREWITH FILING FOR THE INTERIOR RENOVATION TO FLOORS CELLAR TO 003. FILING TO REMOVE AND REPLACE NONBEARING PARTITIONS, PATCH AND REPAIR WALL AND CEILING SURFACES AS REQUIRED. NO CHANGE IN USE, EGRESS OR OCCUPANCY.",299000,461,78 STREET,Brooklyn,11209,GC,EDMUND S. JOSEPH,235 HANCOCK STREET,Not Applicable,,,Permit Issued
B01358100-I1-GC,B01358100-I1,Initial Permit,2026-09-15,2026-09-11,2027-05-05,General Construction,"HEREWITH FILING AN ALTERATION TYPE 2 APPLICATION FOR THE INTERIOR RENOVATION FO RFLOORS CEL-002. FILING TO REMOVE AND REPLACEDAMAGED NON BEARING PARTITIONS. NO CHANGE IN USE, EGRESS OR OCCUPANCY.",245152,152,HEYWARD STREET,Brooklyn,11206,GC,MORELL BUILDERS INC,91-34 195TH STREET,Not Applicable,,,Permit Issued
B01358100-S1-PL,B01358100-S1,Initial Permit,2026-09-15,2026-08-18,2027-09-11,Plumbing,"HEREWITH FILING A PLUMBING APPLICATION FOR THE REMOVAL AND DIRECT REPLACEMENT OF PLUMBING FIXTURES AT FLOORS CEL - 002. THERE IS NO GAS WORK UNDER THIS APPLICATION. NO CHANGE IN USE, EGRESS OR OCCUPANCY.",0,152,HEYWARD STREET,Brooklyn,11206,P,L&J PLG & HTG CO OF NY IN,54-11 NORTHERN BLVD 2ND FLOOR,Not Applicable,,,Permit Issued
B01359224-S5-SH,B01359224-S5,Initial Permit,2026-09-15,2026-09-15,2026-12-14,Sidewalk Shed,"Installation of a temporary heavy-duty sidewalk shed per plan submitted. Work shall comply with 2022 building codes chapter 33. No change in use, egress and/or occupancy with this application.",2500,1720,SHEEPSHEAD BAY ROAD,Brooklyn,11235,GC,SKYLINE SCAFFOLDING GROUP,740 RAMSEY AVENUE,SKYLINE SCAFFOLDING GROUP,,,Permit Issued
B01359224-S6-PMM,B01359224-S6,Initial Permit,2026-09-15,2026-09-15,2027-05-15,Protection and Mechanical Methods,"Installation of a temporary Site Specific Engineered Enclosure System per plan submitted. Work shall comply with 2022 building codes chapter 33. No change in use, egress and/or occupancy with this application.",2000,1720,SHEEPSHEAD BAY ROAD,Brooklyn,11235,GC,SKYLINE SCAFFOLDING GROUP,740 RAMSEY AVENUE,SKYLINE SCAFFOLDING GROUP,,,Permit Issued
B01368279-S5-FO,B01368279-S5,Initial Permit,2026-09-15,2026-09-02,2026-11-03,Foundation,"PROPOSE UNDERPINNING WORK TYPE FOR 2-STORY RESIDENTIAL BUILDING WITH CELLAR & ATTIC, IN CONJUNCTION WITH ALT-CO APPLICATION NUMBER B01368279-I1.",4400,264,84 STREET,Brooklyn,11209,GC,LT PRO CONSTRUCTION INC,1529 71ST STREET FL1,Not Applicable,,,Permit Issued
B01376298-I1-GC,B01376298-I1,Initial Permit,2026-09-15,2026-05-26,2026-12-13,General Construction,"THIS IS AN ADMINISTRATIVE-ONLY FILING, TO SUPERSEDE PREVIOUSLY-PERMITTED WORK UNDER APPL. #320755937 FROM 2013, WHICH WAS NEVER SIGNED OFF. WORK IN UNIT 2, 1ST AND 2ND FLOORS, NO CHANGE TO EGRESS, USE, OR OCC.",85000,258,JEFFERSON AVENUE,Brooklyn,11216,GC,TORRES & BUILDERS GROUP,7230 66TH PLACE,,,,Permit Issued
B01376780-S2-PL,B01376780-S2,Initial Permit,2026-09-15,2026-07-10,2026-11-02,Plumbing,"PROVIDE NEW PLUMBING FIXTURES AS THROUGHOUT THE BUILDING AS SHOWNON THE PLANS. PROVIDE NEW COLD AND HOT WATER LINES AS WELL AS NEWSANITARY, STORM AND VENT AS REQUIRED PER CODE. NO GAS WORK.",160000,1613,PARK PLACE,Brooklyn,11233,P,ALL PRO PLBG & HTG INC,63-03 FOREST AVENUE,GLOBAL MC INC,,,Permit Issued
B01376780-S3-EW-SP,B01376780-S3,Initial Permit,2026-09-15,2026-06-24,2026-11-02,Sprinklers,INSTALLATION OF SPRINKLER SYSTEM AS PER NFPA13R-2016(APPX.Q).,120000,1613,PARK PLACE,Brooklyn,11233,F,ALL PRO PLBG & HTG INC,63-03 FOREST AVENUE,GLOBAL MC INC,,,Permit Issued
B01376784-I1-GC,B01376784-I1,Initial Permit,2026-09-15,2026-05-05,2027-06-30,General Construction,Interior alterations: demolition of refrigerated rooms in northeast corner of building and new point of sale room to the existing entrance lobby. No proposed change to approved MEPFP scope of work under associated application.,289000,55,BAY STREET,Brooklyn,11231,GC,"BUCH CONSTRUCTION, INC",450 7TH AVENUE STE 2901,JLL,,,Permit Issued
B01377675-I1-GC,B01377675-I1,Initial Permit,2026-09-15,2026-06-26,2027-04-20,General Construction,"HEREWITH FILING COMMAND CENTER INTERIOR RENOVATIONS ON THE 4TH FLOOR PER PLANS. NO CHANGE IN USE, OCCUPANCY OR EGRESS UNDER THIS APPLICATION.",300000,140B,58 STREET,Brooklyn,11220,GC,JRM CONSTRUCTION MGMT LLC,"111 WEST 33RD ST, 4TH FLR",Not Applicable,,,Permit Issued
B01377675-S1-MS,B01377675-S1,Initial Permit,2026-09-15,2026-06-25,2027-04-20,Mechanical Systems,"HEREWITH FILING MECHANICAL MODIFICATIONS IN CONJUNCTION W/ INTERIOR 4TH FLR COMMAND CENTER RENOVATIONS PER PLANS. NO CHANGE IN USE, OCCUPANCY OR EGRESS UNDER THIS APPLICATION.",420000,140B,58 STREET,Brooklyn,11220,GC,JRM CONSTRUCTION MGMT LLC,"111 WEST 33RD ST, 4TH FLR",Not Applicable,,,Permit Issued
B01381298-I1-GC,B01381298-I1,Initial Permit,2026-09-15,2026-08-13,2027-04-02,General Construction,APPLICATION FILED TO OBTAIN SIGN-OFF FOR ALL WORK SUPERSEDES ALL WORK FILED UNDER ALT-2 PERMITTED APPLICATION 320518016,82200,1008,CRESCENT STREET,Brooklyn,11208,GC,A-MAC OF NEW YORK CONSTRU,77 BAYVIEW AVENUE,N/A,,,Permit Issued
B01384573-I1-GC,B01384573-I1,Initial Permit,2026-09-15,2026-08-17,2027-01-18,General Construction,"GENERAL CONSTRUCTION TO MERGE APT#303 & 304 ON THE 3RD FLOOR. WORK WILL INCLUDE DEMO OF NON-LOAD BEARING PARTITIONS & FINISHES, AND REMOVAL OF KITCHEN PLUMBING FIXTURES. NO CHANGE IN USE, EGRESS, OR OCCUPANCY UNDER FILING.",54002.94,229,9 STREET,Brooklyn,11215,GC,BIG APPLE DESIGNS AND ENV,3404 AVENUE N,,,,Permit Issued
B01386066-I1-FD,B01386066-I1,Initial Permit,2026-09-15,2026-06-08,2027-01-01,Full Demolition,Full Demolition to a 2 Story Structure,20000,248,MANHATTAN AVENUE,Brooklyn,11211,GC,BONAFIDE BUILDERS INC,3909 13TH AVENUE SUITE 205,101 Homes Realty LLC,,,Permit Issued
B01388848-I1-FN,B01388848-I1,Initial Permit,2026-09-15,2026-04-30,2027-05-06,Construction Fence,APPLICATION FILED HEREWITH FOR THE INSTALLATION OF A TEMPORARY CONSTRUCTION FENCE,5000,24,THROOP AVENUE,Brooklyn,11206,GC,Y&L INTERIOR LLC,18 SPENCER STREET SUITE 703,Not Applicable,,,Permit Issued
B01393419-S2-PL,B01393419-S2,Initial Permit,2026-09-15,2026-08-18,2027-03-16,Plumbing,Plumbing work in conjunction with alteration,361254,160,BRADFORD STREET,Brooklyn,11207,P,KISHAN PLUMBING INC,106-46 GUY R BREWER BLVD,PR,,,Permit Issued
B01393477-I1-ST,B01393477-I1,Initial Permit,2026-09-15,2026-05-12,2027-05-06,Structural,"LEGALIZATION OF EXISTING SHORING SUPPORTING THE ROOF AND FIRST FLOOR, AND REMOVAL OF UNSUPPORTED CHIMNEY.",15000,24,THROOP AVENUE,Brooklyn,11206,GC,Y&L INTERIOR LLC,18 SPENCER STREET SUITE 703,Not Applicable,,,Permit Issued
B01404802-I1-GC,B01404802-I1,Initial Permit,2026-09-15,2026-08-27,2026-10-31,General Construction,"REMOVAL AND/OR RELOCATION OF NON-LOAD BEARING PARTITIONS AND CONSTRUCTION OF NEW PARTITIONS TO RECONFIGURE INTERIOR LAYOUT FOR GROUND FLOOR COMMERCIAL SPACE. NO CHANGE TO USE, EGRESS, OR OCCUPANCY.",104100,664,FULTON STREET,Brooklyn,11217,GC,WMG RENOVATION CORP,49 HAUSMAN STREET,PR,,,Permit Issued
B01405582-S3-EW-SP,B01405582-S3,Initial Permit,2026-09-15,2026-09-01,2026-12-29,Sprinklers,FILING HEREWITH TEMPORARY SPRINKLER PROTECTION DURING CONSTRUCTION FOR EVERY FLOOR OF BUILDING AS PER PLANS.,420000,3,METROTECH CENTER,Brooklyn,11201,F,FULL CAPACITY FIRE CORP,84-14 PITKIN AVENUE,NEW YORK UNIVERSITY,,,Permit Issued
B01410867-S4-EW-SP,B01410867-S4,Initial Permit,2026-09-15,2026-09-03,2026-12-22,Sprinklers,"MODIFICATION TO EXISTING FIRE SPRINKLER SYSTEM TO ACCOMMODATE NEW INTERIOR ARCHITECTURAL LAYOUT FOR A (PERSPIRE) SAUNA STUDIO. INSTALLATION AND RELOCATION OF SPRINKLER HEADS AS PER PLANS. NO CHANGE TO USE, EGRESS, OR OCCUPANCY UNDER THIS AP",77500,15,HANOVER PLACE,Brooklyn,11201,F,CAPITOL FIRE SPRINKLER CO,51-51 59TH PLACE,PR,,,Permit Issued
B01410920-I1-FN,B01410920-I1,Initial Permit,2026-09-15,2026-09-14,2027-03-31,Construction Fence,temporary safety fence to keep occupants at a safe distance from buildings under renovation and stored materials. 100% fence on property,1000,2241,BATCHELDER STREET,Brooklyn,11229,GC,"SLSCO,LTD",6702 BROADWAY ST,NYCHA,,,Permit Issued
B01410945-I1-FN,B01410945-I1,Initial Permit,2026-09-15,2026-09-12,2027-03-31,Construction Fence,temporary safety fence to keep occupants at a safe distance from buildings under renovation and stored materials. 100% fence on property,1000,2231,BATCHELDER STREET,Brooklyn,11229,GC,"SLSCO,LTD",6702 BROADWAY ST,NYCHA,,,Permit Issued
B01410955-I1-FN,B01410955-I1,Initial Permit,2026-09-15,2026-09-12,2027-03-31,Construction Fence,temporary safety fence to keep occupants at a safe distance from buildings under renovation and stored materials. 100% fence on property,1000,3022,AVENUE V,Brooklyn,11229,GC,"SLSCO,LTD",6702 BROADWAY ST,NYCHA,,,Permit Issued
B01414780-S1-PL,B01414780-S1,Initial Permit,2026-09-15,2026-09-03,2026-11-23,Plumbing,Installation of new gas fired equipment and plumbing fixtures for the interior renovation of two family dwelling units. file in conjunction with ALT II application # B01414780-I1 .,60000,336,MAPLE STREET,Brooklyn,11225,P,BT'S PLUMBING AND HEATING,82-01 ROCKAWAY BLVD#412,PR,,,Permit Issued
B01417056-I1-GC,B01417056-I1,Initial Permit,2026-09-15,2026-09-14,2027-08-12,General Construction,"Interior renovation in the Cellar, 1st and 2nd floor. No change in use occupancy or egress.",232000,2338,63 STREET,Brooklyn,11204,GC,NY BUILDING ASSOCIATES IN,124-15 METROPOLITAN AVE,Not Applicable,,,Permit Issued
B01417375-I1-MS,B01417375-I1,Initial Permit,2026-09-15,2026-08-20,2027-01-14,Mechanical Systems,"FILING FOR OBTAINING CERTIFICATE OF COMPLIANCE OF EXISTING A/C. NO CHANGE OF USE, EGRESS AND OCCUPANCY.",10000,177,BEDFORD AVENUE,Brooklyn,11211,GC,DJA SAFETY LLC,631 WALL ST,175 EEG LLC,,,Signed-off
B01419357-S1-MS,B01419357-S1,Initial Permit,2026-09-15,2026-08-24,2026-12-18,Mechanical Systems,FILING HEREWITH MECHANICAL WORK FOR THE LOWER DUPLEX AT THE ADDRESS NOTED. INCLUDES NEW SPLIT SYSTEM A/C.,54000,185,6 AVENUE,Brooklyn,11217,GC,OUT OF SQUARE DESIGNS LLC,131 LINCOLN RD #3A,Not Applicable,,,Permit Issued
B01423260-I1-SF,B01423260-I1,Initial Permit,2026-09-15,2026-09-15,2027-08-14,Supported Scaffold,"PROPOSED INSTALLATION OF TEMPORARY PIPE SCAFFOLD AS PER PLANS. WORK SHALL COMPLY WITH CHAPTER #33 OF THE NYC BUILDING CODE. NO CHANGE IN USE, OCCUPANCY, OR EGRESS UNDER THIS APPLICATION.",45000,241,CONSELYEA STREET,Brooklyn,11211,GC,NEW AMERICAN CONSTRUCTION,1599 BIRCHWOOD DRIVE,Not Applicable,,,Permit Issued
B01424378-I1-GC,B01424378-I1,Initial Permit,2026-09-15,2026-07-14,2026-12-13,General Construction,"Herewith filing interior alterations to an existing two family dwelling. General Construction work as per plans submitted. Plumbing is filed separately. There is no change to use, egress or occupancy.",100225,609,LEXINGTON AVENUE,Brooklyn,11221,GC,CENTAURI DEVELOPMENT INC,1816 127TH STREET SUITE 205,Not Applicable,,,Permit Issued
B01425459-S1-PL,B01425459-S1,Initial Permit,2026-09-15,2026-09-14,2026-12-19,Plumbing,"Minor plumbing work in existing commercial space. No change to use, egress or occupancy under this application.",8800,317,COURT STREET,Brooklyn,11231,P,"T.N.T. PLBG & HTG, INC",25-18 50TH STREET,Sollevare Group,,,Permit Issued
B01426299-S2-GC,B01426299-S2,Initial Permit,2026-09-15,2026-08-28,2027-01-02,General Construction,"MINOR INTERIOR RENOVATION TO THE CELLAR. NO CHANGE IN USE, EGRESS, OR OCCUPANCY.",23125,500,5 AVENUE,Brooklyn,11215,GC,HARROW NY INC,50-20 38TH STREET,HH REALTY EQUITIES LLC,,,Permit Issued
B01430571-I1-BE,B01430571-I1,Initial Permit,2026-09-15,2026-08-24,2027-02-24,Boiler Equipment,"REPLACE 3 REG. BOILERS INSTALLED PER 321024681 BUT NOT INSPECTED WITH NONJURISDICTIONAL BOILERS FOR APARTMENTS 2L,3L & 4L THE REMAINING 5 APARTMENTS TO BE HEATED ELECTRICALLY. THIS APPL. IS TO CORRECT 7 CONSECUTIVE OATH VIO # 32055458Z THRU",6000,82,MARION STREET,Brooklyn,11233,P,BRUCHE MECHANICAL NY LLC,81-15 MYRTLE AVENUE,JACOB,,,Permit Issued
B01432294-I1-SG,B01432294-I1,Initial Permit,2026-09-15,2026-08-12,2026-11-27,Sign,"PROPOSE NEW ILLUMINATED SIGNAGES FOR EXISTING COMMERCIAL SPACE. NO CHANGE TO USE, EGRESS OR OCCUPANCY.",6000,211,SCHERMERHORN STREET,Brooklyn,11201,S,LONG SHOT CRANE LLC,1109 METROPOLITAN AVE,8203 3RD AVE PROPERTY LLC,,,Permit Issued
B01432406-S1-PL,B01432406-S1,Initial Permit,2026-09-15,2026-09-14,2026-12-03,Plumbing,"propose plumbing work at partial 3rd FL Apt. #6 of existing residential building as per plan. No change in use, egress, or occupancy.",13000,559,50 STREET,Brooklyn,11220,P,"AMC PLBG, HTG & CLNG, INC",5701 FLATLANDS AVENUE,Not Applicable,,,Permit Issued
B01433364-I1-PL,B01433364-I1,Initial Permit,2026-09-15,2026-08-24,2027-02-24,Plumbing,"FILING TO COMPLETE WORK STARTED PER PERMIT 321024681 & 321241072 BY REMOVING 5 EXG. BOILERS( NUMBERED 827120-04, 05, 06, 07, 08) INSTALLED PER APPL.# 321024681 & GAS PIPING PER PLAN, REGISTER 1 GAS HOT WATER HEATER AND 5 ELECTRIC HOT WATER ",5000,82,MARION STREET,Brooklyn,11233,P,BRUCHE MECHANICAL NY LLC,81-15 MYRTLE AVENUE,JACOB,,,Permit Issued
B01433421-I1-GC,B01433421-I1,Initial Permit,2026-09-15,2026-08-13,2026-12-10,General Construction,"INTERIOR RENOVATION ON 4TH FLOOR AS PER PLAN. NO CHANGE IN USE, EGRESS OR OCCUPANCY.",35500,122,MONTAGUE STREET,Brooklyn,11201,GC,CAVALRY GC&P LLC,462 36TH STREET FL PH,Sollevare Group,,,Permit Issued
B01434986-I1-SF,B01434986-I1,Initial Permit,2026-09-15,2026-09-15,2026-12-31,Supported Scaffold,"Installation of temporary system scaffold inside digester dome No.5406 at Coney Island WWTP per plan submitted. Work shall comply with 2022 building codes chapter 33. No change in use, egress and/or occupancy with this application.",97250,2591,KNAPP STREET,Brooklyn,11235,GC,ADVANCED SCAFFOLD SER.LLC,620 R OAKWOOD AVENUE,NYCDEP,,,Permit Issued
B01435719-I1-GC,B01435719-I1,Initial Permit,2026-09-15,2026-08-10,2026-12-01,General Construction,"Main Roof & Bulkhead roofs replacement. No change in occupancy, use or egress.",760000,218,MYRTLE AVENUE,Brooklyn,11201,GC,MARPOL CONST CORP,7 PLANE TREE LANE,Not Applicable,,,Permit Issued
B01439268-I1-PMM,B01439268-I1,Initial Permit,2026-09-15,2026-09-10,2026-11-16,Protection and Mechanical Methods,"INSTALLATION OF TEMPORARY NEEDLE BEAM AS PER PLANS. NO CHANGE IN USE, EGRESS OR OCCUPANCY.",6000,285,NORTH 8 STREET,Brooklyn,11211,GC,CORE SCAFFOLD SYSTEMS INC,417 MYRTLE AVE SUITE 14,OWNERS REP,,,Permit Issued
B01440278-S1-SG,B01440278-S1,Initial Permit,2026-09-15,2026-09-14,2026-10-31,Sign,"INSTALLATION OF A NON-ILLUMINATED SIGN FACING FOR THE 1ST FLOOR COMMERCIAL SPACE OF A MIXED BUILDING AS PER PLAN. NO CHANGE IN USE, EGRESS, OR OCCUPANCY.",7600,160,AVENUE U,Brooklyn,11223,S,CITY SIGNS INC,1940 MCDONALD AVE,TZ LASH & NAILS,,,Permit Issued
B01441368-S1-PL,B01441368-S1,Initial Permit,2026-09-15,2026-09-02,2027-02-20,Plumbing,"FILING WITH REMOVAL AND DIRECT REPLACEMENT OF PL FIXTURES AT FL 001-002. FILING PL APPLICATION TO ADDRESS PL VIOLATION: 39195057R FILING FOR REMOVAL\ REPLACEMENT OF GAS DRYER AND GAS STOVE, INSTALLATION OF NEW STOVE. REPLACE GAS PIPING TO M",50000,537,EAST 3 STREET,Brooklyn,11218,P,ZONE PLUMBING & HEATING C,101-21 ROCKAWAY BOULEVARD,Not Applicable,,,Permit Issued
B01442092-I1-GC,B01442092-I1,Initial Permit,2026-09-15,2026-09-11,2026-12-31,General Construction,Modification to the existing stair A on 1st & 2nd floor access to elevator hoistway. Adding floor area within an existing 2nd floor opening (Infill). New store front entry vestibule & entry doors. Removal of bathroom.,500000,25,NAVY STREET,Brooklyn,11201,GC,STEINER BUILDING NYC LLC,15 WASHINGTON AVENUE,BROOKLYN URBAN RETAIL PARTNERS,,,Permit Issued
B01442092-S1-ST,B01442092-S1,Initial Permit,2026-09-15,2026-08-18,2026-12-31,Structural,New shaft opening for new elevator that goes from 1st to 2nd floor. provide support for new elevator pit at 1st floor. New Slab infill at 2nd floor and new opening for stair A.,200000,25,NAVY STREET,Brooklyn,11201,GC,STEINER BUILDING NYC LLC,15 WASHINGTON AVENUE,BROOKLYN URBAN RETAIL PARTNERS,,,Permit Issued
B01442103-I1-PL,B01442103-I1,Initial Permit,2026-09-15,2026-08-18,2027-04-01,Plumbing,plumbing work in apt 6R,27000,1035,WASHINGTON AVENUE,Brooklyn,11225,P,GW MECHANICAL CORP,854 HUMBOLDT STREET,UNITED MGMT,,,Permit Issued
B01443059-I1-GC,B01443059-I1,Initial Permit,2026-09-15,2026-08-20,2026-11-15,General Construction,INTERIOR RENOVATION OF CELLAR TO USE AS ACCESSORY,12500,322,MIDWOOD STREET,Brooklyn,11225,GC,BLUE GNRL CONSTR HOME IMP,1016 BAY 32ND STREET,322 MIDWOOD,,,Permit Issued
B01444018-I1-MS,B01444018-I1,Initial Permit,2026-09-15,2026-09-01,2026-11-13,Mechanical Systems,"REPLACE EXISTING ROOFTOP HVAC UNIT IN-KIND ON EXISTING DUNNAGE AT ORIGINAL LOCATION AS PER PLANS. NO CHANGE IN EGRESS, BULK, USE OR OCCUPANCY UNDER THIS FILING.",17500,500,CONEY ISLAND AVENUE,Brooklyn,11218,GC,T.G. NEW YORK CONSTRUCTOR,15 CRESCENT CIRCLE,MALIBU REAL ESTATE HOLDING,,,Signed-off
B01445977-I1-SH,B01445977-I1,Initial Permit,2026-09-15,2026-08-17,2026-12-14,Sidewalk Shed,"INSTALLATION OF 300 PSF SIDEWALK SHED AS PER PLANS. ALL EQUIPMENT SHALL COMPLY WITH CHAPTER #33 OF THE 2022 CODE. NO CHANGE IN USE, EGRESS OR OCCUPANCY UNDER THIS APPLICATION.",10000,2707,WEST 16 STREET,Brooklyn,11224,GC,TITAN SERVICES USA INC,10958 134TH ST,TITAN SERVICES USA INC.,,,Permit Issued
B01446025-I1-GC-CX,B01446025-I1,Initial Permit,2026-09-15,2026-08-28,2027-01-01,Mechanical Systems,"PROPOSED INTERIOR RENOVATION OF NEW STOREFRONT, INTERIOR FINISHES AND NON-LOAD BEARING PARTITIONS. NO CHANGE TO USE EGRESS OR OCCUPANCY",125000,666,GRAND STREET,Brooklyn,11211,GC,YAD REALTY MANAGEMENT LLC,404 BROADWAY RM 302,Not Applicable,,,Permit Issued
B01446225-I1-GC,B01446225-I1,Initial Permit,2026-09-15,2026-09-14,2026-12-31,General Construction,PROPOSE TO MAKE INTERIOR NON-LOAD BEARING PARTITION CHANGES ON BOTH FLOORS; CONSTRUCT A REAR DECK AND REPLACE REAR WINDOWS WITH DOORS.,71250,2665,EAST 6 STREET,Brooklyn,11235,GC,HENRY MYERS PLUMBING & H,551 39TH STREET.BASEMENT,N/A,,,Permit Issued
B01446225-S1-PL,B01446225-S1,Initial Permit,2026-09-15,2026-09-15,2026-12-31,Plumbing,"PROPOSE TO REPLACE BOILER & WATER HEATER WITH TWO (2) COMBINATION BOILERS; INSTALL GAS PIPING, RELOCATE AND REPLACE FIXTURES THROUGHOUT",35000,2665,EAST 6 STREET,Brooklyn,11235,P,HENRY MYERS PLUMBING & HEATING INC,551 39TH STREET,N/A,,,Permit Issued
B01447175-I1-SG,B01447175-I1,Initial Permit,2026-09-15,2026-09-15,2026-10-22,Sign,ERECT HALO LIT ILLUMINATED ACCESSORY BUSINESS WALL SIGN READING KIEHL'S,1650,193,BEDFORD AVENUE,Brooklyn,11211,S,SIGNS CAD CORP,1177 E. 178TH STREET,Deegan Management,,,Permit Issued
B01449214-I1-SC,B01449214-I1,Initial Permit,2026-09-15,2026-09-11,2027-03-01,Suspended Scaffold,INSTALLATION OF OUTRIGGER FOR THE FACADE REPAIR WORK AS PER PLAN SUBMITTED.,0,4711,12 AVENUE,Brooklyn,11219,R,APEX GROUP NY CORP,"129-10 ATLANTIC AVENUE, SUITE #1",PR,,,Permit Issued
B01449746-I1-GC,B01449746-I1,Initial Permit,2026-09-15,2026-09-09,2027-03-04,General Construction,"INTERIOR RENOVATION ON THE BASEMENT FLOOR OF EXISTING 2 STORIES RESIDENTIAL BUILDING. REPAIR FLOORING AND PAINTING THROUGHOUT. CONSTRUCTION WORK AS PER PLAN. NO CHANGE IN EGRESS, USE, OR OCCUPANCY.",65450,311,83 STREET,Brooklyn,11209,GC,MERCURY BUILDING ASSO INC,124-15 METROPOLITAN AVENUE,Innospark Design,,,Permit Issued
B01450304-I1-SC,B01450304-I1,Initial Permit,2026-09-15,2026-09-14,2027-01-01,Suspended Scaffold,INDUSTRIAL ROPE ACCESS FOR FACADE INSPECTIONS.,0,238,ST MARKS AVENUE,Brooklyn,11238,R,CENTRAL CONSTRUCTION MGMT,25-04 40TH AVENUE,TURF COMPANY,,,Permit Issued
B01450627-I1-SL,B01450627-I1,Initial Permit,2026-09-15,2026-09-03,2026-11-22,Solar,"INSTALLATION OF SOLAR PANELS ON ROOF. NO CHANGE IN USE, OCCUPANCY, OR EGRESS.",33499.98,527,EAST 38 STREET,Brooklyn,11203,GC,SOLAR PRO INC,68-61 147TH ST,Not Applicable,,,Permit Issued
B01451010-I1-GC-CX,B01451010-I1,Initial Permit,2026-09-15,2026-08-31,2027-05-20,General Construction,"Construction of Storage Shed in the rear yard. No change in egress, use, zoning, or occupancy.",74958,470,DEGRAW STREET,Brooklyn,11217,GC,EDMUND S. JOSEPH,235 HANCOCK STREET,Not Applicable,,,Permit Issued
B01451816-I1-SL,B01451816-I1,Initial Permit,2026-09-15,2026-09-09,2027-05-28,Solar,SCOPE OF WORK IS SOLELY FOR THE INSTALLATION OF THE SOLAR ELECTRONIC GENERATING SYSTEM. ALL OTHER WORK IS NOT TO BE RELIED UPON AS BEING APPROVED AND/OR PERMITTED BY THE NYC DEPARTMENT OF BUILDINGS.,56000,1475,EAST 89 STREET,Brooklyn,11236,GC,SOLAR CONTRACTING LLC,24 HILLEL PLACE,Not Applicable,,,Permit Issued
B01452358-I1-GC,B01452358-I1,Initial Permit,2026-09-15,2026-09-10,2027-02-06,Structural,RENOVATE EXISTING PUBLIC HALL . NO CHANGE TO USE OR BULK.,55000,28,4 PLACE,Brooklyn,11231,GC,CASUR CONTRACTING INC,305 HILLSIDE AVENUE,CASUR MANAGEMENT AND MAINTENCE INC,,,Permit Issued
B01453262-I1-SF,B01453262-I1,Initial Permit,2026-09-15,2026-09-15,2027-07-02,Supported Scaffold,"PROPOSED INSTALLATION OF TEMPORARY PIPE SCAFFOLD AS PER PLANS. WORK SHALL COMPLY WITH CHAPTER #33 OF 2022 THE NYC BUILDING CODE. NO CHANGE IN USE, OCCUPANCY, OR EGRESS UNDER THIS APPLICATION.",1000,481,WYTHE AVENUE,Brooklyn,11249,GC,MNK ENTERPRISES LLC,602 BAY PINE AIRE DRIVE,MNK ENTERPRISES LLC,,,Permit Issued
B01453483-I1-SL,B01453483-I1,Initial Permit,2026-09-15,2026-09-15,2026-10-19,Solar,"ROOFTOP SOLAR INSTALLATION. NO CHANGE TO USE, OCCUPANCY OR EGRESS.",46780,493,HANCOCK STREET,Brooklyn,11233,GC,KAMTECH RESTORATION CORP,203 SHERIDAN BLVD,Not Applicable,,,Permit Issued
B01453800-I1-GC,B01453800-I1,Initial Permit,2026-09-15,2026-09-08,2027-03-11,General Construction,"INTERIOR RENOVATION OF APPROXIMATELY 1,600 SF. WORKINCLUDED, BUT IS NOT LIMITED TO, CONSTRUCTION OF INTERIOR NON-BEARING WALLS/PARTITIONS, WALL FIXTURES,FLOORING, CEILING, LIGHT FIXTURES. NO CHANGE IN USE, EGRESS, AND/OR OCCUPANCY",232000,103,NORTH 3 STREET,Brooklyn,11249,GC,TRIBECA CONSTR MANGEMENT*,118 PURDY AVE,Not Applicable,,,Permit Issued
B01453932-I1-GC-CX,B01453932-I1,Initial Permit,2026-09-15,2026-09-08,2026-12-31,Mechanical Systems,"MINOR INTERIOR WORK TO RENOVATE EXISTING COMMERCIAL SPACE TO PROPOSE A DELI & GROCERY STORE @ 1ST FL; WORK TO INCLUDE THE INSTALLATION OF A COMMERCIAL HOOD, MILLWORK, AND INTERIOR FINISHES THROUGHOUT SPACE.",22000,10402,FLATLANDS AVENUE,Brooklyn,11236,GC,HASSAN A & Z CONSTRUCTION,359 RUGBY RD,HASSAN A & Z CONSTRUCTION,,,Permit Issued
B01454863-I1-SL,B01454863-I1,Initial Permit,2026-09-15,2026-09-03,2026-10-01,Solar,"FILING HEREWITH TAX ABATEMENT APPLICATION FOR INSTALLATION OF ROOF-MOUNTED SOLAR PANELS. NO CHANGE IN USE, EGRESS, OR OCCUPANCY.",56250,2547,EAST 22 STREET,Brooklyn,11235,GC,SUNRUN INSTALLATION SVC,775 FIERO LN STE 200,Not Applicable,,,Permit Issued
B01455129-I1-GC,B01455129-I1,Initial Permit,2026-09-15,2026-09-09,2027-03-27,General Construction,interior renovation of 4-family building,507750,391,DOUGLASS STREET,Brooklyn,11217,GC,ARKENSTONE BUILDERS INC,12 TAP COURT,MINERVA,,,Permit Issued
B01455348-I1-GC,B01455348-I1,Initial Permit,2026-09-15,2026-09-14,2027-03-04,General Construction,"PROPOSED INTERIOR RENOVATION OF EXIST. 3 STORY BUILDING. GENERAL CONSTRUCTION WORK AT CEL, BAS, 01, AND 02 FLOOR; REMOVE & INSTALL WINDOWS, PARTITIONS, AND HARDWOOD FLOOR. INSTALL LIGHT AND VENT AREAWAY IN REAR YARD. NO CHANGE IN USE, EGRES",396000,449,57 STREET,Brooklyn,11220,GC,MERCURY BUILDING ASSO INC,124-15 METROPOLITAN AVENUE,PR,,,Permit Issued
B01455683-I1-SL,B01455683-I1,Initial Permit,2026-09-15,2026-09-08,2026-09-30,Solar,"Installation of solar panels, rooftop, grid tied, railed, 7 modules, 2.87 KW",14350,502,EAST 5 STREET,Brooklyn,11218,PE,MOMENTUM SOLAR,3096 B HAMILTON BLVD,PR,,,Permit Issued
B01456625-I1-SF,B01456625-I1,Initial Permit,2026-09-15,2026-09-15,2027-05-29,Supported Scaffold,"INSTALLATION OF 300PSF SIDEWALK SHED AND PIPE SCAFFOLDING AS PER PLANS. ALL EQUIPMENT SHALL COMPLY WITH CH #33 OF THE NYC CODE 2022. NO CHANGE IN USE, OCCUPANCY OR EGRESS UNDER THIS APPLICATION.",9000,2185,PACIFIC STREET,Brooklyn,11233,GC,TITAN SERVICES USA INC,10958 134TH ST,TITAN SERVICES USA INC.,,,Permit Issued
B01456625-I1-SH,B01456625-I1,Initial Permit,2026-09-15,2026-09-15,2026-12-14,Supported Scaffold,"INSTALLATION OF 300PSF SIDEWALK SHED AND PIPE SCAFFOLDING AS PER PLANS. ALL EQUIPMENT SHALL COMPLY WITH CH #33 OF THE NYC CODE 2022. NO CHANGE IN USE, OCCUPANCY OR EGRESS UNDER THIS APPLICATION.",9000,2185,PACIFIC STREET,Brooklyn,11233,GC,TITAN SERVICES USA INC,10958 134TH ST,TITAN SERVICES USA INC.,,,Permit Issued
B01456688-I1-SH,B01456688-I1,Initial Permit,2026-09-15,2026-09-15,2026-12-14,Sidewalk Shed,"INSTALLATION OF TEMPORARY HEAVY DUTY SIDEWALK SHED AS PER PLANS. NO CHANGE IN USE, EGRESS OR OCCUPANCY. SIDEWALK SHED SHALL COMPLY WITH CHAPTER #33 OF 2022 THE NYC BUILDING CODE. LIVE LOAD 300PSF.",5000,120,MONTAGUE STREET,Brooklyn,11201,GC,SRG GROUP NY CORP,19907 EPSOM CRSE,SRG GROUP NY CORP,,,Permit Issued
B01456787-I1-SL,B01456787-I1,Initial Permit,2026-09-15,2026-09-08,2026-09-30,Solar,"Installation of solar panels, rootop, grid tied, railed, 13 modules, 5.33 KW",26650,5102,AVENUE I,Brooklyn,11234,PE,MOMENTUM SOLAR,3096 B HAMILTON BLVD,Not Applicable,,,Permit Issued
B01457027-I1-SH,B01457027-I1,Initial Permit,2026-09-15,2026-09-11,2026-11-16,Sidewalk Shed,"INSTALLATION OF TEMPORARY SIDEWALK SHED AS PER PLANS. NO CHANGE IN USE, EGRESS OR OCCUPANCY.",1,506,EAST 94 STREET,Brooklyn,11212,GC,CORE SCAFFOLD SYSTEMS INC,417 MYRTLE AVE SUITE 14,OWNERS REP,,,Permit Issued
B01457177-I1-GC,B01457177-I1,Initial Permit,2026-09-15,2026-09-14,2026-12-20,General Construction,"Installation of temp partitions in conjunction with TPA filing B01451519. Walls will have no permanent connection to the existing floor of ceiling slabs. Temp. partitions will not be floor to ceiling, height of temp partition = 10'",43800,25,KENT AVENUE,Brooklyn,11249,GC,SAKAB DESIGN INC,2372 MCDONALD AVE,Not Applicable,,,Permit Issued
B01457406-S1-PL,B01457406-S1,Initial Permit,2026-09-15,2026-09-15,2026-09-28,Plumbing,"EXISTING 4 FAMILY BUILDING WITH PLUMBING WORK ON THE CELLAR,BASEMENT,1ST,2ND AND 3RD FLOOR UNDER THIS APPLICATION.THIS JOB IS RELATED TO ALT2 JOB#B01457406-I1.NO CHANGE IN USE,MEANS OF EGRESS OR OCCUPANCY IN THIS APPLICATION.",109000,689,GREENE AVENUE,Brooklyn,11221,P,TRI CITY MECHANICAL GROUP,"156-09 ROCKAWAY BLVD, 1ST FLOOR",PR,,,Permit Issued
B01458014-I1-SH,B01458014-I1,Initial Permit,2026-09-15,2026-09-15,2026-10-06,Sidewalk Shed,"INSTALLATION OF 300 PSF SIDEWALK SHED AS PER PLANS. SIDEWALK SHED SHALL COMPLY WITH CHAPTER #33 OF THE 2022 CODE. NO CHANGE IN USE, EGRESS OR OCCUPANCY UNDER THIS APPLICATION.",5000,214,AVENUE P,Brooklyn,11204,GC,ACE GROUP NY CORP,34 BARCLAY STREET,ACE GROUP NY CORP.,,,Permit Issued
B01458032-I1-GC,B01458032-I1,Initial Permit,2026-09-15,2026-09-14,2027-07-14,General Construction,REPAIRING THE FACADE. RECONSTRUCTING THE EXISTING FACADE WALL AS NEEDED. WORK AS PER PLAN.,10000,2050,58 STREET,Brooklyn,11204,GC,BG CONSTRUCTION NY INC,205 AUGUST RD,PR,,,Permit Issued
B01458088-I1-SF,B01458088-I1,Initial Permit,2026-09-15,2026-09-15,2026-11-03,Supported Scaffold,"INSTALLATION OF TEMPORARY HEAVY DUTY SIDEWALK SHED AND PIPE SCAFFOLD AS PER PLANS. NO CHANGE IN USE, EGRESS OR OCCUPANCY.SIDEWALK SHED SHALL COMPLY WITH CHAPTER #33 OF 2022 THE NYC BUILDING CODE.LIVE LOAD 300PSF.",1000,15,MARINE AVENUE,Brooklyn,11209,GC,PHOENIX SUTTON STR INC,128 SUTTON STREET,PHOENIX SUTTON STR INC,,,Permit Issued
B01458088-I1-SH,B01458088-I1,Initial Permit,2026-09-15,2026-09-15,2026-11-03,Supported Scaffold,"INSTALLATION OF TEMPORARY HEAVY DUTY SIDEWALK SHED AND PIPE SCAFFOLD AS PER PLANS. NO CHANGE IN USE, EGRESS OR OCCUPANCY.SIDEWALK SHED SHALL COMPLY WITH CHAPTER #33 OF 2022 THE NYC BUILDING CODE.LIVE LOAD 300PSF.",1000,15,MARINE AVENUE,Brooklyn,11209,GC,PHOENIX SUTTON STR INC,128 SUTTON STREET,PHOENIX SUTTON STR INC,,,Permit Issued
B01458439-I1-SG,B01458439-I1,Initial Permit,2026-09-15,2026-09-15,2026-10-04,Sign,"PROPOSED ROOFTOP ADVERTISING SIGN 20' x 20' DESIGNED FOR A CHANGEABLE COPY. NO CHANGE IN USE, OCCUPANCY, OR EGRESS.",2500,200,KENT AVENUE,Brooklyn,11249,S,FM95 NY LLC,275 52ND STREET,RED ROCK OUTDOOR,,,Permit Issued
B01458439-S1-ST,B01458439-S1,Initial Permit,2026-09-15,2026-09-14,2026-10-04,Structural,STRUCTURAL WORK APPLICATION FOR PROPOSED ADVERTISING ROOFTOP SIGN (20' x 20').,26000,200,KENT AVENUE,Brooklyn,11249,GC,FM95NY LLC,195 BUSH STREET,RED ROCK OUTDOOR,,,Permit Issued
B01458629-S1-SH,B01458629-S1,Initial Permit,2026-09-15,2026-09-14,2026-12-14,Sidewalk Shed,PROPOSED INSTALLATION OF HEAVY DUTY SIDEWALK SHED AS PER PLANS. LIVE LOAD 300 PER SQUARE FEET. SIDEWALK SHED SHALL COMPLY WITH CHAPTER # 33 OF THE 2022 CODE. NO CHANGE IN USE OCCUPANCY OR EGRESS UNDER THIS APPLICATIONPROPOSED INSTALLATION O,10000,150,BRIGHTON 15 STREET,Brooklyn,11235,GC,GEO USA CONSTRUCTION INC,2706 HERING AVENUE,GEO USA CONSTRUCTION INC,,,Permit Issued
B01458796-I1-SF,B01458796-I1,Initial Permit,2026-09-15,2026-09-15,2027-04-08,Sidewalk Shed,"INSTALLATION OF 300PSF SIDEWALK SHED AND PIPE SCAFFOLDING AS PER PLANS. ALL EQUIPMENT SHALL COMPLY WITH CHAPTER #33 OF THE 2022 CODE NO CHANGE IN USE, EGRESS OR OCCUPANCY UNDER THIS APPLICATION.",5000,699,4 AVENUE,Brooklyn,11232,GC,A & D GENERAL CONTR INC,"50 N INDUSTRY CT, SUITE # 70",A & D GENERAL CONTRACTORS INC,,,Permit Issued
B01458796-I1-SH,B01458796-I1,Initial Permit,2026-09-15,2026-09-15,2026-12-14,Sidewalk Shed,"INSTALLATION OF 300PSF SIDEWALK SHED AND PIPE SCAFFOLDING AS PER PLANS. ALL EQUIPMENT SHALL COMPLY WITH CHAPTER #33 OF THE 2022 CODE NO CHANGE IN USE, EGRESS OR OCCUPANCY UNDER THIS APPLICATION.",5000,699,4 AVENUE,Brooklyn,11232,GC,A & D GENERAL CONTR INC,"50 N INDUSTRY CT, SUITE # 70",A & D GENERAL CONTRACTORS INC,,,Permit Issued
B01459109-I1-PMM,B01459109-I1,Initial Permit,2026-09-15,2026-09-15,2027-02-19,Protection and Mechanical Methods,Installation and use of temporary knuckleboom construction equipment as per plans filed herewith.,5000,205,MONTAGUE STREET,Brooklyn,11201,GC,ECD NY INC,1827A 42ND STREET,"LANDAU DEVELOPMENT CORP, LLC",,,Permit Issued
B01459125-I1-PMM,B01459125-I1,Initial Permit,2026-09-15,2026-09-15,2027-02-19,Protection and Mechanical Methods,Installation and use of temporary telehandler construction equipment as per plans filed herewith.,5000,205,MONTAGUE STREET,Brooklyn,11201,GC,ECD NY INC,1827A 42ND STREET,"LANDAU DEVELOPMENT CORP, LLC",,,Permit Issued
B01459198-I1-SF,B01459198-I1,Initial Permit,2026-09-15,2026-09-15,2027-05-29,Supported Scaffold,"INSTALLATION OF 300PSF SIDEWALK SHED AND PIPE SCAFFOLDING AS PER PLANS. ALL EQUIPMENT SHALL COMPLY WITH CH #33 OF THE NYC CODE 2022. NO CHANGE IN USE, OCCUPANCY OR EGRESS UNDER THIS APPLICATION.",9000,239,9 STREET,Brooklyn,11215,GC,TITAN SERVICES USA INC,10958 134TH ST,TITAN SERVICES USA INC.,,,Permit Issued
B01459198-I1-SH,B01459198-I1,Initial Permit,2026-09-15,2026-09-15,2026-12-14,Sidewalk Shed,"INSTALLATION OF 300PSF SIDEWALK SHED AND PIPE SCAFFOLDING AS PER PLANS. ALL EQUIPMENT SHALL COMPLY WITH CH #33 OF THE NYC CODE 2022. NO CHANGE IN USE, OCCUPANCY OR EGRESS UNDER THIS APPLICATION.",9000,239,9 STREET,Brooklyn,11215,GC,TITAN SERVICES USA INC,10958 134TH ST,TITAN SERVICES USA INC.,,,Permit Issued
B01459250-I1-SF,B01459250-I1,Initial Permit,2026-09-15,2026-09-15,2027-04-08,Supported Scaffold,"INSTALLATION OF 300PSF SIDEWALK SHED AND PIPE SCAFFOLDING AS PER PLANS. ALL EQUIPMENT SHALL COMPLY WITH CHAPTER #33 OF THE 2022 CODE NO CHANGE IN USE, EGRESS OR OCCUPANCY UNDER THIS APPLICATION.",5000,1531,PACIFIC STREET,Brooklyn,11213,GC,A & D GENERAL CONTR INC,"50 N INDUSTRY CT, SUITE # 70",A & D GENERAL CONTRACTORS INC,,,Permit Issued
B01459250-I1-SH,B01459250-I1,Initial Permit,2026-09-15,2026-09-15,2026-12-14,Supported Scaffold,"INSTALLATION OF 300PSF SIDEWALK SHED AND PIPE SCAFFOLDING AS PER PLANS. ALL EQUIPMENT SHALL COMPLY WITH CHAPTER #33 OF THE 2022 CODE NO CHANGE IN USE, EGRESS OR OCCUPANCY UNDER THIS APPLICATION.",5000,1531,PACIFIC STREET,Brooklyn,11213,GC,A & D GENERAL CONTR INC,"50 N INDUSTRY CT, SUITE # 70",A & D GENERAL CONTRACTORS INC,,,Permit Issued
B01459353-I1-SF,B01459353-I1,Initial Permit,2026-09-15,2026-09-15,2027-05-29,Supported Scaffold,"INSTALLATION OF PIPE SCAFFOLDING AS PER PLANS. ALL EQUIPMENT SHALL COMPLY WITH CH #33 OF THE NYC CODE 2022. NO CHANGE IN USE, OCCUPANCY OR EGRESS UNDER THIS APPLICATION.",9000,1177,BUSHWICK AVENUE,Brooklyn,11221,GC,TITAN SERVICES USA INC,10958 134TH ST,TITAN SERVICES USA INC.,,,Permit Issued
B01459428-I1-SH,B01459428-I1,Initial Permit,2026-09-15,2026-09-15,2026-12-14,Sidewalk Shed,"INSTALLATION OF 120 LF HEAVY DUTY SIDEWALK SHED AS PER PLANS. NO CHANGE IN EGRESS, USE, OR OCCUPANCY.",1000,176,SOMERS STREET,Brooklyn,11233,GC,KING HOIST & SCAFFOLDING,337 KIMBALL AVENUE,KING HOIST AND SCAFFOLDING INC.,,,Permit Issued
B01459582-I1-FN,B01459582-I1,Initial Permit,2026-09-15,2026-09-15,2026-12-30,Construction Fence,"SUBMIT TEMPORARY CONSTRUCTION FENCE AT OPEN SPACE, NO CHANGE IN USE, EGRESS OR OCCUPANCY.",10000,218,BAY 43 STREET,Brooklyn,11214,GC,ACER CONSTRUCTION INC,131-44 40TH ROAD 2ND FLOOR,PR,,,Permit Issued
B01459773-I1-SH,B01459773-I1,Initial Permit,2026-09-15,2026-09-15,2026-12-14,Sidewalk Shed,"PROPOSED INSTALLATION OF HEAVY DUTY SIDEWALK SHED AS PER PLANS. LIVE LOAD 300 LBS PER SQUARE FEET. SIDEWALK SHED SHALL COMPLY WITH CHAPTER #33 OF THE NYC BUILDING CODE. NO CHANGE IN USE, OCCUPANCY, OR EGRESS UNDER THIS APPLICATION.",7000,599,WILLOUGHBY AVENUE,Brooklyn,11206,GC,NEW AMERICAN CONSTRUCTION,1599 BIRCHWOOD DRIVE,NEW AMERICAN CONSTRUCTION INC,,,Permit Issued
B01459897-I1-SH,B01459897-I1,Initial Permit,2026-09-15,2026-09-15,2026-12-14,Sidewalk Shed,HEAVYDUTY SIDEWALK SHED AS PER PLANS FOR EXTERIOR REPAIRS. NO CHANGE IN USE OCCUPANCY OR EGRESS UNDER THIS APPLICATION. SIDEWALK SHED SHALL COMPLY WITH CHAPTER 33 OF THE 2022 NYC BUILDING CODE.,21000,2112,64 STREET,Brooklyn,11204,GC,SARDAR RESTORATION CORP,2770 FISH AVE,SARDAR RESTORATION CORP,,,Permit Issued
B01459976-I1-SH,B01459976-I1,Initial Permit,2026-09-15,2026-09-15,2026-12-14,Sidewalk Shed,"INSTALLATION OF TEMPORARY HEAVY DUTY SIDEWALK SHED AS PER PLANS. NO CHANGE IN USE, EGRESS OR OCCUPANCY. SIDEWALK SHED SHALL COMPLY WITH CHAPTER #33 OF 2022 THE NYC BUILDING CODE. LIVE LOAD 300PSF.",1000,665,NEW YORK AVENUE,Brooklyn,11203,GC,PLATINUM SERVICES NY LLC,53-28 11TH STREET 2ND FL,PLATINUM SERVICES NY LLC,,,Permit Issued
B01460318-I1-GC-CX,B01460318-I1,Initial Permit,2026-09-15,2026-09-15,2027-03-20,Earth Work,test,40000,73,1 STREET,Brooklyn,11231,PE,STARLITE INC,1 BROADWAY,TESTBUSINESS1,,,Permit Issued
M00619084-I1-PL,M00619084-I1,Initial Permit,2026-09-15,2021-12-15,2026-12-31,Plumbing,"REPLACE TUB WITH SHOWER IN EXISTING APARTMENT A ON THE 17TH CONSTRUCTION FLOOR AS PER PLANS FILED. NO CHANGE IN USE, OCCUPANCY, OR EGRESS.",5000,217,WEST 57 STREET,Manhattan,10019,P,B&B MECH PLBG & HTG LLC,1127 UTICA AVENUE,EXTELL DEVELOPMENT,,,Permit Issued
M00641205-I1-EW-SP,M00641205-I1,Initial Permit,2026-09-15,2021-12-08,2026-12-31,Sprinklers,"REMOVE (1) SPRINKLER HEARD AND RELOCATE (1) SPRINKLER HEAD IN APT 17A AS PER PLANS FILED. NO CHANGE IN USE, OCCUPANCY, OR EGRESS.",1000,217,WEST 57 STREET,Manhattan,10019,F,B&B MECH PLBG & HTG LLC,1127 UTICA AVENUE,EXTELL DEVELOPMENT,,,Permit Issued
M00741513-S2-ST,M00741513-S2,Initial Permit,2026-09-15,2026-08-31,,Structural,INSTALLATION OF STRUCTURAL REINFORCING MEMBERS FOR THE EXISTING TRANSPARENT FENCE AS PERTHE DRAWINGS FILED HEREIN.,252000,30,KENMARE STREET,Manhattan,10012,GC,"K & D CONTRACTORS, INC",58-60 LAUREL PLACE,PR,,,Permit Issued
M00801892-S1-SC,M00801892-S1,Initial Permit,2026-09-15,2026-09-14,2026-09-30,Suspended Scaffold,SUSPENDED SCAFFOLDING INSTALLED IN ORDER TO PERFORM EXTERIOR FACADE REPAIRS . SIDEWALK SHED FILED UNDER APPLICATION .,0,2129,AMSTERDAM AVENUE,Manhattan,10032,R,C&C DALEY'S CONST.CORP,890 CONEYISLAND AVENUE,GENERAL PROPERTY MANAGEMENT ASSOCIA,,,Permit Issued
M00855917-I1-GC,M00855917-I1,Initial Permit,2026-09-15,2023-06-12,2027-02-21,General Construction,"Front facade restoration and repairs. No change to use, egress, or occupancy under this application.",125000,365,CANAL STREET,Manhattan,10013,GC,METHOD GENERAL CONTRACTOR,478 ALBANY AVENUE SUITE 144,HAPPIER,,,Permit Issued
M00875561-I1-GC,M00875561-I1,Initial Permit,2026-09-15,2024-03-07,2026-11-20,General Construction,"REPLACE EXISTING WINDOWS AT APARTMENT LOCATED AT 6FL, PH. IN ADDITION, REPLACE STUCCO, WATERPROOFING AND POINTING.NO CHANGE IN USE, EGRESS OR OCCUPANY. NO ALTERATION TO FACADE.",85000,419,WEST BROADWAY,Manhattan,10012,GC,BAYSIDE CONTRACTING INC,12-20 37TH AVENUE SUITE 204,419-421 WEST BROADWAY REALTY CORP/A,,,Permit Issued
M01109629-S3-GC,M01109629-S3,Initial Permit,2026-09-15,2026-09-09,2027-02-28,General Construction,"Exterior facade restoration and repair work as necessary and per plans submitted. No change in use, occupancy or egress proposed under this application.",363000,1435,LEXINGTON AVENUE,Manhattan,10128,GC,SKYLINE RESTORATION INC,49-28 31ST PLACE,PR,,,Permit Issued
M01112870-S1-MS,M01112870-S1,Initial Permit,2026-09-15,2025-06-23,2027-04-12,Mechanical Systems,PROPOSED TOILET EXHAUST SYSTEM FOR NEW BATHROOMS,34000,167,BOWERY,Manhattan,10002,GC,LEBESS MECHANICAL CORP,697 3RD AVENUE #314,MADUZA LORENZ LLC,,,Permit Issued
M01135243-S1-MS,M01135243-S1,Initial Permit,2026-09-15,2026-05-15,2027-01-01,Mechanical Systems,Mechanical work in conjunction with Alt-Co,2100000,301,COMFORT ROAD,Manhattan,10004,GC,NORTH RIVER COMPANY LLC,610 W 26TH ST 9TH FL STE 910,THE TRUST FOR GOVERNORS ISLAND,,,Permit Issued
M01207560-I1-ST,M01207560-I1,Initial Permit,2026-09-15,2025-04-30,2027-03-27,General Construction,"CYCLE 9 SWARMP FISP REPAIRS, INCLUDING BRICK REPLACEMENT, MASONRY REPOINTING, SHELF ANGLE CLEANING, SHELF ANGLE REPLACEMENT, AND CONCRETE SPALL REPAIR. NO CHANGE IN USE, EGRESS OR OCCUPANCY.",468475,301,EAST 22 STREET,Manhattan,10010,GC,A W R GROUP INC,37-15 HUNTERS POINT AVENUE,PR,,,Permit Issued
M01217953-S6-FO,M01217953-S6,Initial Permit,2026-09-15,2026-09-13,2027-01-11,Foundation,Herewith filing for underpinning work in conjunction with Alteration CO # M01217953-I1,15000,137,WEST 14 STREET,Manhattan,10011,GC,TRIDENT BUILDERS GROUP,34 W 36TH STREET 4TH FLOOR,"People's Forum, Inc.",,,Permit Issued
M01228013-I1-GC-CX,M01228013-I1,Initial Permit,2026-09-15,2025-06-04,2027-04-01,Structural,"Application to be reviewed with the Development HUB. Site yard work and new 8'-0 high aluminum fence as per plans filed herewith. No change to use, egress or occupancy.",1412565,1326,PARK AVENUE,Manhattan,10029,GC,JEMCO ELECTRICAL CONT INC,92-13 180TH STREET,NYC Housing Authority,,,Permit Issued
M01243470-I1-MS,M01243470-I1,Initial Permit,2026-09-15,2025-11-19,2026-10-31,Mechanical Systems,REPLACEMENT OF EXISTING ACs WITH NEW ACs. NEW ACs WILL TIE TO THE EXISTING LOUVERS. ELECTRIC RADIANT FLOOR HEATING WILL BE ADDED TO THE BATHROOM AND A NEW INLINE TRANSFER FAN WILL SERVE THE NEW AV CLOSET.,12000,10,WEST 86 STREET,Manhattan,10024,GC,SUNRISE RENOVATION INC,46-50 157TH STREET,SEQUOIA PROPERTY MANAGEMENT,,,Permit Issued
M01248407-S1-MS,M01248407-S1,Initial Permit,2026-09-15,2025-09-05,2027-02-27,Mechanical Systems,REPLACEMENT OF A VERTICAL WATER-COOLED UNIT WITH A HORIZONTAL WATER-COOLED UNIT CONNECTED TO EXISTING PIPING. NEW SUPPLY DUCTWORK AND NEW EXHAUST DUCTWORK.RELOCATION OF SOME EXISTING DUCTWORK.,35000,543,WEST 122 STREET,Manhattan,10027,GC,M INTERIORS CORP,7133 66 ROAD,,,,Permit Issued
M01259646-S6-PMM,M01259646-S6,Initial Permit,2026-09-15,2026-09-15,2027-03-24,Protection and Mechanical Methods,"INSTALLATION AND USE OF TEMPORARY OVERHEAD, ROOF, AND MECHANICAL PROTECTION AS PER PLANS FILED HEREWITH. NO CHANGE TO USE, EGRESS, OR OCCUPANCY UNDER THIS APPLICATION.",15624,520,8 AVENUE,Manhattan,10018,GC,AVARGA CONSTRUCTION CORP,"505 8TH AVE.,13TH FL STE12A04",Avarga Construction Corp.,,,Permit Issued
M01272711-S2-FO,M01272711-S2,Initial Permit,2026-09-15,2026-03-02,2027-02-10,Foundation,New shallow foundation,0,237,EAST 77 STREET,Manhattan,10075,GC,"TERRA DEVELOPERS, LLC",2184 MCDONALD AVE,TERRA DEVELOPERS LLC,,,Permit Issued
M01278565-I1-GC,M01278565-I1,Initial Permit,2026-09-15,2026-03-17,2027-01-02,General Construction,INSTALLATION OF EXTERIOR PERGOLA SYSTEM ON FIFTH FLOOR ROOF TO EXPAND THE EXISTING ACCESSORY ROOF TERRACE FOR THE PENTHOUSE HOTEL ROOM,113000,300,WEST 22 STREET,Manhattan,10011,GC,HARROW NY INC,50-20 38TH STREET,"Icon Realty Management, LLC",,,Permit Issued
M01278565-S1-ST,M01278565-S1,Initial Permit,2026-09-15,2026-08-20,2027-01-02,Structural,NEW STEEL BEAM FRAMING AND CONCRETE CURB SUPPORT FOR ROOF ENCLOSURE.,113000,300,WEST 22 STREET,Manhattan,10011,GC,HARROW NY INC,50-20 38TH STREET,"Icon Realty Management, LLC",,,Permit Issued
M01284945-S3-EW-SP,M01284945-S3,Initial Permit,2026-09-15,2025-12-09,2026-09-30,Sprinklers,"Installation/removal/relocation of existing sprinkle heads and associated branch piping on the 1st floor as per plans. No change in use, egress or occupancy.",141645,160,CONVENT AVENUE,Manhattan,10031,F,AMM GEN'L CONTRACTING.INC,122-17 18TH AVENUE,CITY UNIVERSITY OF NEW YORK,,,Permit Issued
M01291304-S2-GC,M01291304-S2,Initial Permit,2026-09-15,2026-08-28,2027-08-29,General Construction,"Interior demolition to remove partitions and stairs entirely filed in conjunction with CO job; provide compensatory interior bracing, keep floor structures; building to remain vacant until CO job completion.",1000,51,WEST 71 STREET,Manhattan,10023,GC,BTR INNOVATIVE BUILDERS I,140 13 STREET 2 FLOOR,Not Applicable,,,Permit Issued
M01297014-S4-ST,M01297014-S4,Initial Permit,2026-09-15,2026-07-29,2026-10-15,Structural,"INSTALLATION OF TEMPORARY STRUCTURAL SHORING & REINFORCEMENT OF EXISTING BUILDING, INSTALLATION OF NEW LINTELS, NEW FLOOR FRAMING, & REPAIR OF MASONRY WALLS AS SHOWN IN THE DRAWINGS FILED HEREIN.",100000,64,HORATIO STREET,Manhattan,10014,GC,SILVERLINING INTERIORS,"1995 BROADWAY, 3RD FLOOR",Proskauer,,,Permit Issued
M01299130-I1-MS,M01299130-I1,Initial Permit,2026-09-15,2025-11-10,2027-09-15,Mechanical Systems,"Mechanical modifications taking place on the 1, 3-5, 9-12, 13- 16 construction/14-17 marketing floors as per plans filed herewith. No change in use, egress or occupancy",3861550,360,BOWERY,Manhattan,10012,GC,JT MAGEN & COMPANY INC,"44 WEST 28TH STREET, 11TH FL",SK DEVELOPMENT,,,Permit Issued
M01299140-I1-EW-SP,M01299140-I1,Initial Permit,2026-09-15,2025-10-31,2026-10-31,Sprinklers,"Sprinkler modifications taking place on the 3-5, 9-12, 13- 16 construction/14-17 marketing floors as per plans filed herewith. No change in use, egress or occupancy",373884.36,360,BOWERY,Manhattan,10012,F,PAR FIRE PROTECTION LLC,101 PARK AVENUE LOWER LOBBY,SK DEVELOPMENT,,,Permit Issued
M01310305-I1-FD,M01310305-I1,Initial Permit,2026-09-15,2026-05-05,2026-10-18,Full Demolition,full demolition of five story structure,458000,204,WEST 97 STREET,Manhattan,10025,GC,STATE CONTRACTING CORP NY,555 SAW MILL RIVER ROAD,Not Applicable,,,Permit Issued
M01316232-S1-PL,M01316232-S1,Initial Permit,2026-09-15,2026-01-26,2026-12-19,Plumbing,PLUMBING WORK FILED IN CONJUNCTION WITH MINOR RENOVATIONS TO APT. 6A. INSTALL PLUMBING FIXTURES AND ASSOCIATED PIPING. INSTALL GAS FIREPLACES.,45500,117,EAST 29 STREET,Manhattan,10016,P,"T.N.T. PLBG & HTG, INC",25-18 50TH STREET,,,,Permit Issued
M01317350-I1-MS,M01317350-I1,Initial Permit,2026-09-15,2026-07-13,2027-03-18,Mechanical Systems,"Installation of air conditioning system at ground floor apartment B. There is no change in use, egress or occupancy under this application",25000,530,WEST END AVENUE,Manhattan,10024,GC,"NAMRON, INC",120-26 201ST STREET,,,,Permit Issued
M01318059-S2-PL,M01318059-S2,Initial Permit,2026-09-15,2026-02-13,2026-12-11,Plumbing,"Replacing condensate piping, adding new standpipe connection for condensate discarge from HVAC unit(s).",9000,235,5 AVENUE,Manhattan,10016,P,PFL MECHANICAL CORP,"530 MIDLAND AVENUE, 1ST FL",CATHAY BANK,,,Permit Issued
M01320837-S3-PL,M01320837-S3,Initial Permit,2026-09-15,2026-06-26,2027-02-17,Plumbing,Minor plumbing work for drinking fountain at the High Line. Work at Caledonia Building filed under DOBNOW Job # M01334037,29259,79,GANSEVOORT STREET,Manhattan,10014,P,ARCON PLBG SOLUTIONS,"25-18 50TH STREET,SUITE 2A",NYC Parks,,,Permit Issued
M01321289-I1-ST,M01321289-I1,Initial Permit,2026-09-15,2026-08-24,2026-12-11,Structural,Strengthening terrace prior to receive new floor finish,5000,2,WEST 90 STREET,Manhattan,10024,GC,LEMX CORP,61-32 56 DRIVE,,,,Permit Issued
M01323298-I1-GC,M01323298-I1,Initial Permit,2026-09-15,2026-07-29,2027-05-02,General Construction,"Facade and exterior repairs as per drawings. No change in use, egress or occupancy is involved under this application.",499800,1040,FIFTH AVENUE,Manhattan,10028,GC,WEST NEW YORK RESTORATION,1800 BOSTON RD,PR,,,Permit Issued
M01332022-I1-GC,M01332022-I1,Initial Permit,2026-09-15,2026-08-10,2027-05-02,General Construction,"Exterior facade restoration and repairs work as necessary and shown on plans submitted. No change in use, occupancy or egress proposed under this application.",368290,43,FIFTH AVENUE,Manhattan,10003,GC,WEST NEW YORK RESTORATION,1800 BOSTON RD,PR,,,Permit Issued
M01341531-I1-GC,M01341531-I1,Initial Permit,2026-09-15,2026-03-29,2027-07-12,General Construction,"Replace coping units, capstones, and stone sills, rake and point brickwork, cut and patch Terra Cotta, wire brush and paint metal window guards, miscellaneous repairs around the building.",177575,801,RIVERSIDE DRIVE,Manhattan,10032,GC,BEST NY CONTRACTING INC,701 RIDGE HILL BLVD,IMPACT REAL ESTATE MANAGEMENT,,,Permit Issued
M01341963-I1-GC,M01341963-I1,Initial Permit,2026-09-15,2026-09-14,2026-10-20,General Construction,FILING HEREWITH TO CHANGE USE ON 2ND FLOOR FROM (E) BUSINESS & RETAIL (C) TO PLACE OF ASSEMBLY AS SHOWN ON DRAWINGS.,160000,1212,6 AVENUE,Manhattan,10036,GC,TRI-STAR CONSTRUCTION COR,770 LEXINGTON AVENUE 13TH FL,5TH MIDTOWN LLC,,,Permit Issued
M01344105-I1-GC,M01344105-I1,Initial Permit,2026-09-15,2026-08-13,2027-07-01,General Construction,"Filing for a change of use at cellar & 1st floor from Office to an Exhibition space. Work includes a new interior non load bearing partition, finish work.",2215200,120,EAST 23 STREET,Manhattan,10010,GC,A.W. & S. CONSTRUCTION CO,211 EAST 43RD STREET 21ST FL,COLLIERS,,,Permit Issued
M01347573-I1-GC,M01347573-I1,Initial Permit,2026-09-15,2026-08-17,2027-03-27,General Construction,"Fire escape repairs. No change in use, occupancy, or egress.",8866.25,541,EAST 72 STREET,Manhattan,10021,GC,A W R GROUP INC,37-15 HUNTERS POINT AVENUE,HALSTEAD MGMT CO.,,,Permit Issued
M01351746-I1-GC,M01351746-I1,Initial Permit,2026-09-15,2026-03-04,2027-03-08,General Construction,"Facade restoration at the south elevation, including the attachment of a set of drawings.",30600,111,CENTRAL PARK NORTH,Manhattan,10026,GC,TWO-TONE CONTRACTING CORP,76-02 21ST AVENUE,ALLIED PARTNERS,,,Permit Issued
M01352659-I1-MS,M01352659-I1,Initial Permit,2026-09-15,2026-08-18,2026-10-31,Mechanical Systems,"INSTALL NEW HVAC VRF SYSTEM AS PER PLANS. NO CHANGE IN EGRESS, USE OR OCCUPANCY.",143620.65,137,5 AVENUE,Manhattan,10010,GC,BRIGHTON INSTALLATION CO,125 SOUTH MAIN STREET,"AKAM ASSOCIATES, INC.",,,Permit Issued
M01353534-S2-PL,M01353534-S2,Initial Permit,2026-09-15,2026-07-28,2027-02-08,Plumbing,Modifications to Existing Plumbing Systems Throughout Building to Accommodate Renovation of Single-Family Residence Including Installing Booster & Sewage Ejector Pumps in Cellar,128000,20,JONES STREET,Manhattan,10014,P,ADVANCED PLUMBING MECH,162 26TH STREET,Not Applicable,,,Permit Issued
M01361609-I1-AN,M01361609-I1,Initial Permit,2026-09-15,2026-08-21,2026-11-12,Antenna,Modification to existing T-Mobile site. Replace 6 antennas and remove 3 antennas and install 3 RRU'S on the roof. Remove 1 existing steel platform and 3 cabinets. Install 1 new steel platform and 2 cabinets on roof.,118100,55,PERRY STREET,Manhattan,10014,GC,CURRENT COMMUNICATIONS LL,265 WILLOW BROOK ROAD,RAPOPORT CONSTRUCTION CORP.,,,Permit Issued
M01367947-S3-PL,M01367947-S3,Initial Permit,2026-09-15,2026-08-24,2026-10-31,Plumbing,"Plumbing modifications taking place on 1st fl as per plans filed herewtih. no change in use , egress or occupancy.",125000,151,WEST 34 STREET,Manhattan,10001,P,"PAR PLUMBING CO., INC",101 PARK AVENUE LOWER LOBBY,MACY'S INC.,,,Permit Issued
M01367947-S4-EW-SP,M01367947-S4,Initial Permit,2026-09-15,2026-08-25,2026-10-31,Sprinklers,"Sprinkler modifications takign place on 1, 1mezz, 2, 10 and 10 mezz as per plans filed herewith. No change in use, egress or occupancy.",95000.5,151,WEST 34 STREET,Manhattan,10001,F,PAR FIRE PROTECTION LLC,101 PARK AVENUE LOWER LOBBY,MACY'S INC.,,,Permit Issued
M01368612-I1-GC-CX,M01368612-I1,Initial Permit,2026-09-15,2026-09-02,2027-05-01,Mechanical Systems,"PROPOSE TO ESTABLISH A FOOD & SANDWICH SHOP DELI ESTABLISHMENT ON AN EXISTING EMPTY COMMERCIAL SPACE, PREVIOUSLY OCCUPIED AS A DELI, AS PER PLANS SUBMITTED HEREWITH. THERE SHALL BE NO CHANGE IN USE, OCCUPANCY, OR MEANS OF EGRESS.",156940,29,EAST 104 STREET,Manhattan,10029,GC,CITY DIMENSIONS CONSTRUCT,220 WADSWORTH AVE STE 202,PR,,,Permit Issued
M01371247-I1-MS,M01371247-I1,Initial Permit,2026-09-15,2026-03-18,2027-03-26,Mechanical Systems,"FILING MS FOR INSTALLATION OF DUCTWORKS, DUCT INSULATIONS, AND AIR SUPPLY OUTLETS ONLY",130000,381,PARK AVENUE SOUTH,Manhattan,10016,GC,INTERIOR BUILDING SERVICE,247 WEST 37TH STREET,PAS Owner LLC,,,Permit Issued
M01371492-I1-GC-CX,M01371492-I1,Initial Permit,2026-09-15,2026-09-11,2027-04-13,General Construction,"ALT TYPE 2. ALTERATION TO 2ND FLOOR & 3RD FLOOR APARTMENTS FOR NEW KITCHEN & BATHROOMS. NO CHANGE IN USE, EGRESS AND OCCUPANCY. NEW HEAT PUMP SYSTEM. NEW ELECTRICAL WIRING AND SERVICE PANELS. NEW FINISHES.",379998.36,404,WEST 147 STREET,Manhattan,10031,GC,P.T. CONSTRUCTION GROUP,150 GLENWOOD AVENUE APT B1,Not Applicable,,,Permit Issued
M01374067-S1-MS,M01374067-S1,Initial Permit,2026-09-15,2026-04-13,2026-10-02,Mechanical Systems,"FILING HEREWITH MECHANICAL WORK FOR APARTMENT RENOVATION AS PER PLANS. NO CHANGE IN USE, EGRESS, OR OCCUPANCY.",176890,62,BEACH STREET,Manhattan,10013,GC,AIRCON HTNG & COOLING COR,59-09 BLEECKER STREET,,,,Permit Issued
M01381279-S1-PL,M01381279-S1,Initial Permit,2026-09-15,2026-06-10,2026-09-29,Plumbing,Installation of plumbing fixtures no change in use egress or occupancy,36400,315,WEST 23 STREET,Manhattan,10011,P,CROSSFIELD PLBG.&HTG,122-17 18TH AVENUE,PR,,,Permit Issued
M01381428-I1-GC,M01381428-I1,Initial Permit,2026-09-15,2026-04-21,2026-11-21,General Construction,"INTERIOR RENOVATION OF EXISTING KITCHENS PER PLANS FOR APT. THA. NO CHANGE TO USE, EGRESS, OR OCCUPANCY.",75000,418,EAST 59 STREET,Manhattan,10022,GC,KNOCKOUT RENOVATIONS SVCS,810 SECOND AVENUE,,,,Permit Issued
M01382218-S1-PL,M01382218-S1,Initial Permit,2026-09-15,2026-06-30,2026-12-31,Plumbing,Plumbing work filed in conjunction with GC application to renovate an existing commercial space,75000,55,SUFFOLK STREET,Manhattan,10002,P,N&K PLMBNG AND HTNG CORP,94-35 211TH STREET,"GOTHAM REAL ESTATE MANAGERS, LLC",,,Permit Issued
M01385614-S1-PL,M01385614-S1,Initial Permit,2026-09-15,2026-08-03,2027-04-07,Plumbing,"PLUMBING WORK ASSOCIATED WITH THE INTERIOR RENOVATION OF THE ELEVATOR LANDING, LAUNDRY ROOM, WC AND STORAGE ROOM AT CELLAR FLOOR. NO CHANGE IN USE, EGRESS OR OCCUPANCY.",3000,250,WEST 85 STREET,Manhattan,10024,P,M & M PIPING AND HEATING,95-26 SUTPHIN BOULEVARD,PR,,,Permit Issued
M01388459-I1-GC,M01388459-I1,Initial Permit,2026-09-15,2026-06-18,2026-12-31,General Construction,"INTERIOR RENOVATION OF COMMERCIAL OFFICE ON THE 14TH FLOOR. REMOVE PARTITIONS, PATCH AND REPAIR WALLS, FLOORS AND CEILING. REMOVE AND REPAIR HVAC BRANCH DUCT WORK. NO CHANGE IN USE, EGRESS OR OCCUPANCY.",46020,33,RECTOR STREET,Manhattan,10006,GC,"FRANCO BLDNG. MAINT, INC",16 EAST 79TH STREET,33 RECTOR STREET CONDOMINIUM,,,Permit Issued
M01388459-I1-MS,M01388459-I1,Initial Permit,2026-09-15,2026-06-18,2026-12-31,Mechanical Systems,"INTERIOR RENOVATION OF COMMERCIAL OFFICE ON THE 14TH FLOOR. REMOVE PARTITIONS, PATCH AND REPAIR WALLS, FLOORS AND CEILING. REMOVE AND REPAIR HVAC BRANCH DUCT WORK. NO CHANGE IN USE, EGRESS OR OCCUPANCY.",46020,33,RECTOR STREET,Manhattan,10006,GC,"FRANCO BLDNG. MAINT, INC",16 EAST 79TH STREET,33 RECTOR STREET CONDOMINIUM,,,Permit Issued
M01390631-I1-SG,M01390631-I1,Initial Permit,2026-09-15,2026-09-10,2027-04-01,Sign,ERECT ILLUMINATED ACCESSORY BUSINESS SIGN ON EXISTING MARQUEE FOR CROWNE PLAZA. MARQUEE ID# 100653,1638,790,7 AVENUE,Manhattan,10019,S,INTERBORO SIGN &ELECL MAI,39-16 23RD STREET,Not Applicable,,,Permit Issued
M01392265-I1-GC,M01392265-I1,Initial Permit,2026-09-15,2026-07-02,2026-11-07,General Construction,"Facade and roof repairs as shown on the drawings filed herewith. No change in use, egress, or occupancy.",190000,106,FORT WASHINGTON AVENUE,Manhattan,10032,GC,ENERGY BUILDING CONSTRUCT,752 EAST 137TH STREET 1ST FLR,N/A,,,Permit Issued
M01393261-I1-GC-CX,M01393261-I1,Initial Permit,2026-09-15,2026-06-16,2027-02-28,Structural,"Herewith filing for LL11/98 facade repairs and restoration on the north, south, east, west elevations and roof as indicated on plans. No change in use, occupancy, or egress.",164855,455,NORTH END AVENUE,Manhattan,10282,GC,SKYLINE RESTORATION INC,49-28 31ST PLACE,Not Applicable,,,Permit Issued
M01394781-I1-GC,M01394781-I1,Initial Permit,2026-09-15,2026-06-16,2026-10-05,General Construction,"INTERIOR RENOVATION OF EXISTING APARTMENT 3E & 15F AS PER PLAN. MODIFICATIONS TO DOORS, PARTITION, MILLWORK AND FLOOR. NO CHANGE IN OCCUPANCY, USE AND EGRESS.",413279.61,110,BLEECKER STREET,Manhattan,10012,GC,BROSNA CONSTRUCTION CORPO,624 ROUTE 303,NEW YORK UNIVERSITY,,,Permit Issued
M01395828-S1-PL,M01395828-S1,Initial Permit,2026-09-15,2026-08-14,2026-11-17,Plumbing,"PROPOSE TO RELOCATE, REMOVE,AND REPLACE PLUMBING FIXTURES AND GAS APPLIANCES THROUGHOUT APARTMENTS 3A & 3B.",52500,212,BENNETT AVENUE,Manhattan,10040,P,ARJ MECHANICAL INC,2991 WEBSTER AVENUE,,,,Permit Issued
M01398078-I1-EW-SP,M01398078-I1,Initial Permit,2026-09-15,2026-06-16,2027-05-01,Sprinklers,"PLUMBING FIXTURES AND SPRINKLER HEAD INSTALLATIONS FOR NEW TENANT BUILDOUT AS PER PLANS FILED HEREWITH. NO CHANGE IN USE, EGRESS, OR OCCUPANCY.",300000,1261,BROADWAY,Manhattan,10001,F,AMERICAN STANDARD PLUMBING,62-49 30TH AVENUE,1255 COMPANY C/O KOEPPEL ROSEN LLC,,,Permit Issued
M01398078-I1-PL,M01398078-I1,Initial Permit,2026-09-15,2026-06-16,2027-01-19,Plumbing,"PLUMBING FIXTURES AND SPRINKLER HEAD INSTALLATIONS FOR NEW TENANT BUILDOUT AS PER PLANS FILED HEREWITH. NO CHANGE IN USE, EGRESS, OR OCCUPANCY.",300000,1261,BROADWAY,Manhattan,10001,P,COBALT MECHANICAL INC,62-49 30TH AVENUE,1255 COMPANY C/O KOEPPEL ROSEN LLC,,,Permit Issued
M01398402-I1-GC,M01398402-I1,Initial Permit,2026-09-15,2026-09-09,2027-01-05,General Construction,"INTERIOR RENOVATION ON THE 6TH FLOOR IN APARTMENT 6D AS PER PLANS FILED HEREWITH. NO CHANGE TO USE, EGRESS, OR OCCUPANCY.",241000,155,EAST 72 STREET,Manhattan,10021,GC,LRL CONSTRUCTION INC,252 VAN BRUNT STREET,,,,Permit Issued
M01400968-I1-GC,M01400968-I1,Initial Permit,2026-09-15,2026-08-31,2027-02-01,General Construction,"Interior renovation of existing apt#2c on the 2nd Floor, Architectural/ construction work only.",45000,120,EAST 79 STREET,Manhattan,10075,GC,NIKA CONTRACTING GROUP CO,83 SANDS POINT ROAD.FL#1,,,,Permit Issued
M01404598-S1-PL,M01404598-S1,Initial Permit,2026-09-15,2026-07-23,2027-01-15,Plumbing,"PL WORK AT APARTMENT PHA ON THE 5TH FLOOR TO RESOLVE VIOLATION, AS PER PLANS FILED HEREWITH",15000,509,EAST 87 STREET,Manhattan,10128,P,GO GREENER PLUMBING LLC,578 SACKETT STREET,Not Applicable,,,Permit Issued
M01405089-I1-GC,M01405089-I1,Initial Permit,2026-09-15,2026-07-29,2027-02-01,General Construction,"interior renovation to include demolition of existing partitions. No change in use, egress or occupancy.",35055,841,BROADWAY,Manhattan,10003,GC,FMG GENERAL CONTRACTING *,"616 MIDLAND AVENUE, GROUND FL",BROADWALL MANAGEMENT,,,Permit Issued
M01405154-I1-GC,M01405154-I1,Initial Permit,2026-09-15,2026-07-28,2027-02-01,General Construction,"General construction work for Interior renovation to include demolition of existing and construction of new partitions for existing office space. no change in use, egress, or occupancy.",35055,853,BROADWAY,Manhattan,10003,GC,FMG GENERAL CONTRACTING *,"616 MIDLAND AVENUE, GROUND FL",BROADWALL MANAGEMENT,,,Permit Issued
M01405154-S2-ST,M01405154-S2,Initial Permit,2026-09-15,2026-08-11,2027-02-01,Structural,"Structural work as shown on plans filed herewith. No change in use, egress, or occupancy",12771,853,BROADWAY,Manhattan,10003,GC,FMG GENERAL CONTRACTING *,"616 MIDLAND AVENUE, GROUND FL",BROADWALL MANAGEMENT,,,Permit Issued
M01406249-S1-PL,M01406249-S1,Initial Permit,2026-09-15,2026-09-14,2026-12-11,Plumbing,Add cafe bar sinknand dishwasher and faucet.,3000,655,SIXTH AVENUE,Manhattan,10010,P,AMN PLUMBING CORP,5328 61 STREET,PR,,,Permit Issued
M01407369-I1-ST,M01407369-I1,Initial Permit,2026-09-15,2026-07-29,2027-03-31,Structural,"INSTALLATION OF FLAGPOLE. NO CHANGE TO USE, EGRESS, OR OCCUPANCY.",25000,79-01,WEST DRIVE,Manhattan,10000,GC,SIENIA CONSTRUCTION INC,48-14 54TH AVENUE,NYC Parks,,,Permit Issued
M01408937-I1-GC,M01408937-I1,Initial Permit,2026-09-15,2026-09-01,2026-12-04,General Construction,Renovation of existing apartment,919999.08,875,FIFTH AVENUE,Manhattan,10065,GC,J.F. HUGHES BUILDERS INC,783 MADISON AVENUE 3RD FLOOR,,,,Permit Issued
M01409214-I1-GC,M01409214-I1,Initial Permit,2026-09-15,2026-06-11,2026-10-14,General Construction,"Facade repairs as shown on the drawings filed herewith. No change in use, egress, or occupancy.",205210,410,CENTRAL PARK WEST,Manhattan,10025,GC,PRAT ENTERPRISES CORP,257 KENT STREET,ORSID REALTY,,,Permit Issued
M01409549-S2-MS,M01409549-S2,Initial Permit,2026-09-15,2026-06-26,2027-04-01,Mechanical Systems,"Mechanical work in conjunction with interior renovation of Apt 1C on the 1st floor. Modifications of partitions, new flooring, cabinets, painting, etc. No change in use, egress or occupancy.",5000,105,WEST 73 STREET,Manhattan,10023,GC,AZM HOME IMPROVEMENTS INC,3729 OCEANIC AVE,,,,Permit Issued
M01409584-I1-SH,M01409584-I1,Initial Permit,2026-09-15,2026-06-02,2026-10-21,Sidewalk Shed,"INSTALLATION OF 300PSF SIDEWALK SHED AS PER PLANS. ALL EQUIPMENT SHALL COMPLY WITH CH #33 OF THE NYC CODE 2022. NO CHANGE IN USE, OCCUPANCY OR EGRESS UNDER THIS APPLICATION.",9000,30,MAGAW PLACE,Manhattan,10033,GC,AXIS BUILDERS INC,110-15 ROCKAWAY BLVD,AXIS BUILDERS INC.,,,Permit Issued
M01409825-S2-EW-SP,M01409825-S2,Initial Permit,2026-09-15,2026-09-14,2027-03-01,Sprinklers,Sprinkler/Standpipe work as shown on plans filed herewith.,178070,200,LIBERTY STREET,Manhattan,10281,F,ABCO-PEERLESS SPRKLR CORP,"389 BROOME STREET, BOX # 2",Brookfield Properties,,,Permit Issued
M01410202-S1-PL,M01410202-S1,Initial Permit,2026-09-15,2026-07-27,2027-01-08,Plumbing,"26A INTERIOR RENOVATION. REMOVE AND INSTALL PLUMBING FIXTURES. NO CHANGE IN USE, OCCUPANCY, OR EGRESS UNDER THIS APPLICATION.",20000,175,WEST 95 STREET,Manhattan,10025,P,WASOFF PLBG & UTILITY CO,36-05C COLLEGE POINT BLVD,Orsid Realty Corp,,,Permit Issued
M01413655-S2-MS,M01413655-S2,Initial Permit,2026-09-15,2026-08-19,2026-12-23,Mechanical Systems,INSTALLATION OF NEW SPLIT HVAC SYSTEM ALONG WITH ASSOCIATED DUCTWORK & PIPING AS PER THE DRAWINGS FILED HEREIN.,24000,437,EAST 9 STREET,Manhattan,10009,GC,RITE WAY CONSTR GROUP COR,2631 EAST 19TH ST #2,Canvas,,,Permit Issued
M01414230-S2-FN,M01414230-S2,Initial Permit,2026-09-15,2026-09-11,2027-02-05,Construction Fence,"THIS JOB IS FILED FOR CONSTRUCTION FENCE FOR CONSTRUCTION WORK AT 456 9 AVE, MANHATTAN, NY 10018. DOB JOB#M01414230-I1",3000,456,9 AVENUE,Manhattan,10018,GC,H & K RENOVATION INC,"32A HENRY STREET, 1ST FLOOR",Baitong Corp,,,Permit Issued
M01414597-I1-GC,M01414597-I1,Initial Permit,2026-09-15,2026-07-23,2026-11-05,General Construction,Alt-CO: to amend floor 002 from UG8 (Billiards) to UG-6 Retail/Service Establishment.,250000,163,EAST 86 STREET,Manhattan,10028,GC,ROCK STAR RENOVATION LLC,506 HUMBOLDT STREET,PR,,,Permit Issued
M01415150-I1-GC,M01415150-I1,Initial Permit,2026-09-15,2026-06-16,2026-10-25,General Construction,REMOVE ALL LOOSE BROWNSTONE AND CEMENT PATCHES. PATCH ALL BROWNSTONE WITH JAHN CUSTOM COLOR M70 AS PER MANUFACTURERS SPECIFICATION.,25000,31,WEST 82 STREET,Manhattan,10024,GC,BLUE ICE RESTORATION INC,1808 21ST AVE APT 1F,SPIVAK ARCHITECTS P.C.,,,Permit Issued
M01415643-S1-MS,M01415643-S1,Initial Permit,2026-09-15,2026-09-02,2026-12-31,Mechanical Systems,"Filing herewith for mechanical work as per plans submitted. No change in egress, use, or occupancy.",450000,430,EAST 29 STREET,Manhattan,10016,GC,"STRUCTURE TONE, LLC",330 WEST 34TH STREET,ALEXANDRIA REAL ESTATE EQUITIES,,,Permit Issued
M01416350-I1-GC,M01416350-I1,Initial Permit,2026-09-15,2026-08-03,2026-10-05,General Construction,"DOB ALT-2 INTERIOR RENOVATION WITH SELECTIVE NON-STRUCTURAL DEMOLITION; NEW KITCHEN, BATHS, CLOSETS, LAUNDRY; NEW MILLWORK, FINISHES, LIGHTING, MEP UPGRADES; MINOR STAIR/GUARDRAIL CHANGES; SPRINKLER REMAINS; NO CHANGE IN OCCUPANCY, EGRESS, ",230006.8,93,WORTH STREET,Manhattan,10013,GC,ARTISTIC LICENSE INC,475 KENT AVENUE SUITE 311,Not Applicable,,,Permit Issued
M01417768-S2-MS,M01417768-S2,Initial Permit,2026-09-15,2026-07-27,2027-04-01,Mechanical Systems,Mechanical work file in conjunction with apartment# 12C renovation.,53000,36,SUTTON PLACE SOUTH,Manhattan,10022,GC,"TC BROWNE & CO., LLC",99 WALL STREET STE. 2860,"AKAM ASSOCIATES, INC.",,,Permit Issued
M01421245-I1-GC,M01421245-I1,Initial Permit,2026-09-15,2026-09-14,2027-03-06,General Construction,"OFFICE RENOVATIONS 55C/56M & 56C/57M WORK TO INCLUDE PARTITION, CEILING, DOOR MODIFICATIONS, NEW INTERNAL STAIR AS PER PLANS. NO CHANGE IN USE, EGRESS OR OCCUPANCY",325998,152,WEST 57 STREET,Manhattan,10019,GC,FINALY GENL CONTR CORP,130 W. 29TH STREET,TF CORNERSTONE,,,Permit Issued
M01421245-S2-MS,M01421245-S2,Initial Permit,2026-09-15,2026-09-15,2027-03-06,Mechanical Systems,"OFFICE RENOVATIONS 56C/57M WORK TO INCLUDE MECHANICAL MODIFICATIONS AS INDICATED ON PLANS. NO CHANGE IN USE, EGRESS OR OCCUPANCY.",72142,152,WEST 57 STREET,Manhattan,10019,GC,FINALY GENL CONTR CORP,130 W. 29TH STREET,TF CORNERSTONE,,,Permit Issued
M01421500-I1-PL,M01421500-I1,Initial Permit,2026-09-15,2026-07-28,2026-09-30,Plumbing,REPLACING KITCHEN EQUIPMENTS WITH NEW EQUIPMENTS AT 1ST FLOOR KITCHEN AS PER PLAN.,15000,108,WEST HOUSTON STREET,Manhattan,10012,P,DJ INTERNATIONAL PLBG INC,9211 FLATLANDS AVENUE,PR,,,Permit Issued
M01421725-S1-EW-SP,M01421725-S1,Initial Permit,2026-09-15,2026-08-26,2027-03-01,Sprinklers,Modify the existing plumbing and sprinkler system.,42725,555,BROADWAY,Manhattan,10012,F,ABCO-PEERLESS SPRKLR CORP,"389 BROOME STREET, BOX # 2",empire state realty trust,,,Permit Issued
M01422366-S1-PL,M01422366-S1,Initial Permit,2026-09-15,2026-08-07,2027-03-14,Plumbing,Replacement of a roof drain at the second floor terrace.,0,38,KING STREET,Manhattan,10014,P,WYNNE PLUMBING & HEATING CORP,3444 BAILEY AVENUE,BATON PRIVATE LLC,,,Permit Issued
M01423211-I1-GC,M01423211-I1,Initial Permit,2026-09-15,2026-08-11,2027-04-06,General Construction,"Renovation of street level office space (Centene) interior partitions, doors, glazing, finishes and associated fixtures. No change to use, egress or occupancy.",287000,1365,ST NICHOLAS AVENUE,Manhattan,10033,GC,CARLYLE CONSTRUCTION CO,28 PROSPECT AVE,THE GEORGE UNITS LLC,,,Permit Issued
M01424672-I1-GC,M01424672-I1,Initial Permit,2026-09-15,2026-07-15,2027-01-01,General Construction,"INTERIOR DEMOLITION OF EXISTING OFFICE SPACE ON 24TH FLOOR. REMOVE NON-STRUCTURAL PARTITIONS, CEILINGS, FLOOR FINISHES, MILLWORK AND ASSOCIATED MEP COMPONENTS AS PER PLANS. NO CHANGE IN USE, OCCUPANCY, EGRESS OR ENLARGEMENT.",15000,245,5 AVENUE,Manhattan,10016,GC,DIMAR SERVICES CORP,1244A CLINTONVILLE STREET,THE MOINIAN GROUP,,,Permit Issued
M01425193-I1-PL,M01425193-I1,Initial Permit,2026-09-15,2026-08-28,2026-12-31,Plumbing,"PLUMBING WORK ON THE 6TH FLOOR IN APARTMENT 6D AS PER PLANS FILED HEREWITH. NO CHANGE TO USE, EGRESS, OR OCCUPANCY.",20000,155,EAST 72 STREET,Manhattan,10021,P,ACCURATE MECH INDSTRS INC,2060 ANTIN PLACE,,,,Permit Issued
M01426343-I1-GC,M01426343-I1,Initial Permit,2026-09-15,2026-07-14,2027-01-03,General Construction,"RENOVATION TO 1ST FLOOR TENANT COMMERCIAL SPACE. PROPOSEDWORK TO INCLUDE NEW INTERIOR PARTITIONS, FINISHES, KITCHENEQUIPMENT, CEILING WORK, NEW WALK-IN FREEZER AND WALK-IN COOLER.NO CHANGE IN BULK FLOOR AREA, EGRESS OR OCCUPANCY UNDER THISA",76500,831,WEST 181 STREET,Manhattan,10033,GC,EZ RUNER CONSTRUCTION COR,80 RALPH AVENUE,PR,,,Permit Issued
M01426405-S1-PL,M01426405-S1,Initial Permit,2026-09-15,2026-07-22,2027-06-10,Plumbing,Proposed plumbing work associated with the general construction. Replace plumbing fixtures in bathroom and kitchen.,15000,205,3 AVENUE,Manhattan,10003,P,WATER DYNAMIC P & H CORP,18-45 129 STREET,,,,Permit Issued
M01426617-I1-GC,M01426617-I1,Initial Permit,2026-09-15,2026-09-14,2027-01-01,General Construction,"Interior tenant build-out on 6th floor including installation of non-load bearing partitions, doors/frames, and related finishes. No change in use, egress or occupancy under this application. Filed in conjunction with ALT. 1 # 121208870.",2939475,122,5 AVENUE,Manhattan,10011,GC,CROSS MANAGEMENT CORP,8 EAST 40TH STREET.STE 510,BROMLEY COMPANIES,,,Permit Issued
M01427162-S1-PL,M01427162-S1,Initial Permit,2026-09-15,2026-08-11,2027-06-01,Plumbing,"Propose plumbing modifications at existing 001 floor commercial space, installation of ADA bathroom all as per plans herewith filed.",50000,600,6 AVENUE,Manhattan,10011,P,COBOT PLUMBING AND HEATIN,"70-60 83RD ST, 1ST FLOOR",PR,,,Permit Issued
M01427490-S1-MS,M01427490-S1,Initial Permit,2026-09-15,2026-08-28,2026-10-30,Mechanical Systems,Mechanical work as shown on plans filed herewith.,375000,401,9 AVENUE,Manhattan,10001,GC,"SUMMIT INTERIORS, INC",230 FERRIS AVE,Not Applicable,,,Permit Issued
M01429054-S1-MS,M01429054-S1,Initial Permit,2026-09-15,2026-09-10,2027-02-23,Mechanical Systems,"Modifications to existing HVAC system and related piping. No change in use, egress or occupancy.",0,579,5 AVENUE,Manhattan,10017,GC,"ART + 1, INC","150 WEST 28TH STREET, STE.302",5TH MIDTOWN LLC,,,Permit Issued
M01429054-S3-EW-SP,M01429054-S3,Initial Permit,2026-09-15,2026-09-10,2026-09-21,Sprinklers,"Modifications to existing SP system and related piping. No change in use, egress or occupancy.",0,579,5 AVENUE,Manhattan,10017,F,DEPENDABLE MECHANICAL COR,"6202 17TH AVENUE,1ST FLOOR",5TH MIDTOWN LLC,,,Permit Issued
M01429487-S1-MS,M01429487-S1,Initial Permit,2026-09-15,2026-08-06,2027-01-23,Mechanical Systems,"APPLICATION FILED FOR MECHANICAL ADDITIONS/MODIFICATIONS ON THE 20TH FL (CALIBRE) AS PER PLANS FILED HEREWITH. NO CHANGE IN USE, EGRESS, OR OCCUPANCY.",43500,225,WEST 34 STREET,Manhattan,10122,GC,MONUMENTAL CONSTRUCTION *,1140 BROADWAY STE 206,CIRCLE REALTY GROUP LLC,,,Permit Issued
M01430001-S1-EW-SP,M01430001-S1,Initial Permit,2026-09-15,2026-08-04,2026-12-31,Sprinklers,"GP7N (PH1): PLUMBING AND SPRINKLER MODIFICATIONS TO ACCOMMODATE THE DIALYSIS UNIT RENOVATION, GREENBERG PAVILION, IN THE EXISTING HOSPITAL BUILDING. NO CHANGE TO ZONING, USE, EGRESS OR OCCUPANCY.",395999.82,541,EAST 68 STREET,Manhattan,10065,F,SIRINA FIRE PROT CORP,"450 7TH AVENUE, SUITE 506",NEW YORK PRESBYTERIAN HOSPITAL,,,Permit Issued
M01431511-S4-EW-SP,M01431511-S4,Initial Permit,2026-09-15,2026-08-19,2027-02-03,Sprinklers,"Modification/addition to sprinkler system and related piping as shown on drawings. No change in use, egress or occupancy.",330000,360,PARK AVENUE SOUTH,Manhattan,10010,F,BEDROCK MECHANICAL INC,101-14 JAMAICA AVENUE,BOSTON PROPERTIES,,,Permit Issued
M01431875-I1-SG,M01431875-I1,Initial Permit,2026-09-15,2026-09-14,2027-04-30,Sign,"ERECT A D/F NON ILLUMINATED FACE REPLACEMENT FOR EXISTING BLADE SIGN. NO CHANGE IN USE, EGRESS, OR OCCUPANCY.",264,500,BROADWAY,Manhattan,10012,S,MAUCERI SIGN SYSTEMS LLC,148-27 GUY R. BREWER BLVD,MAROB MANAGEMENT CORP,,,Permit Issued
M01433324-S1-PL,M01433324-S1,Initial Permit,2026-09-15,2026-08-28,2026-12-31,Plumbing,"NEW LOW PRESSURE GAS SERVICE, NEW LOW PRESSURE GAS LINE, NEW OUTSIDE GAS METER, NEW GAS TRAIN. RECONNECT EXISTING HOUSE SERVICE. NO CHANGE IN MEANS OF ERGRESS USE GROUP OR OCCUPANCY.",60000,229,WEST 97 STREET,Manhattan,10025,P,"BELL FUEL OIL, LLC",6717 4TH AVENUE,PR,,,Permit Issued
M01433324-S2-BE,M01433324-S2,Initial Permit,2026-09-15,2026-08-28,2026-12-31,Boiler Equipment,REPLACEMENT (1) NEW COMBINATION GAS/OIL BURNER ON (1) EXISTING LOW PRESSURE BOILER. NO CHANGE IN MEANS OF ERGRESS USE GROUP OR OCCUPANCY.,150000,2578,BROADWAY,Manhattan,10025,O,APPROVED OIL CO OF BKLYN,6717 4TH AVENUE,PR,,,Permit Issued
M01433867-I1-GC,M01433867-I1,Initial Permit,2026-09-15,2026-08-27,2026-12-23,General Construction,"MINOR INTERIOR COSMETIC RENOVATION OF EXISTING COMMERCIAL SPACE INCLUDING, PLUMBING AND ELECTRICAL. NO CHANGE IN USE, EGRESS AND/OR OCCUPANCY.",104000,1569,LEXINGTON AVENUE,Manhattan,10029,GC,OASIS PLOMO CORP,94-16 CORONA AVENUE,Colliers International,,,Permit Issued
M01435074-I1-GC,M01435074-I1,Initial Permit,2026-09-15,2026-08-19,2026-11-21,Mechanical Systems,"Renovation of existing duplex apt 6B-7B on the 6th and 7th floors. No change in use, egress or occupancy.",52500,173,RIVERSIDE DRIVE,Manhattan,10024,GC,AUGUST CONSTRUCTION GROU*,311 MCLEAN AVE,PR,,,Permit Issued
M01435351-I1-SG,M01435351-I1,Initial Permit,2026-09-15,2026-09-14,2026-10-31,Sign,"HALO-LIT ILLUMINATED NON-ADVERTISING ACCESSORY SIGNS APPROVED UNDER NYC LANDMARK PRESERVATION COMMISSION DOCKET# LPC-26-11943 - IN PROPERTY LINES - BALLOON MUSEUM. NO CHANGE OF USE, EGRESS OR OCCUPANCY.",3400,96,SOUTH STREET,Manhattan,10038,S,"L.S. SIGN CO., INC",1640 CENTRE STREET,NYC ECONOMIC DEVELOPMENT CORP,,,Permit Issued
M01435353-I1-SG,M01435353-I1,Initial Permit,2026-09-15,2026-09-11,2026-10-31,Sign,"HALO-LIT ILLUMINATED NON-ADVERTISING ACCESSORY SIGNS APPROVED UNDER NYC LANDMARK PRESERVATION COMMISSION DOCKET# LPC-26-11943 - IN PROPERTY LINES - BALLOON MUSEUM. NO CHANGE OF USE, EGRESS OR OCCUPANCY.",2700,96,SOUTH STREET,Manhattan,10038,S,"L.S. SIGN CO., INC",1640 CENTRE STREET,NYC ECONOMIC DEVELOPMENT CORP,,,Permit Issued
M01435622-I1-GC,M01435622-I1,Initial Permit,2026-09-15,2026-08-24,2027-06-03,General Construction,"Minor demolition with installation of new partitions, doors, suspended ceilings and finishes on the 17th floor (Pre-build) as per plans. No change to use, egress or occupancy.",142500,132,WEST 31 STREET,Manhattan,10001,GC,ACCORD CONTR AND MGMT COR,132 WEST 31ST ST,VBGO PENN PLAZA LLC,,,Permit Issued
M01435631-I1-MS,M01435631-I1,Initial Permit,2026-09-15,2026-08-19,2027-06-03,Mechanical Systems,"Modifications to the existing HVAC system on the 17th floor (Modifications) as per plans. No change to use, egress or occupancy",40000,132,WEST 31 STREET,Manhattan,10001,GC,ACCORD CONTR AND MGMT COR,132 WEST 31ST ST,VBGO PENN PLAZA LLC,,,Permit Issued
M01436180-S4-EW-SP,M01436180-S4,Initial Permit,2026-09-15,2026-08-27,2027-02-08,Sprinklers,"Modification/additions to existing sprinkler system and related piping as per plans filed herewith. No change in use, egress or occupancy under this application.",73150,666,3 AVENUE,Manhattan,10017,F,"ADVANCED PLBG, MECH & SPR",162 26th STREET,TISHMAN SPEYER,,,Permit Issued
M01436595-I1-GC,M01436595-I1,Initial Permit,2026-09-15,2026-08-30,2027-01-20,General Construction,"RELOCATION OF EXISTING THRU-WALL UNITS AND INSTALLATION OF NEW LOUVERS PER BUILDING STANDARDS AT APT 9C. NO CHANGE TO USE, EGRESS OR OCCUPANCY",36400,1185,PARK AVENUE,Manhattan,10128,GC,B & H RESTORATION INC,37-39 9TH STREET,,,,Permit Issued
M01436623-S1-PL,M01436623-S1,Initial Permit,2026-09-15,2026-08-13,2027-02-23,Plumbing,"Replace / relocate plumbing fixtures, sink and gas range at residential apartment unit5A. No change in use, egress or certificate of occupancy.",0,25,CENTRAL PARK WEST,Manhattan,10023,P,NEW YORK PARK PLBG&HTG CO,133B SUTTON STREET,CENTURY CONDOMINUIM,,,Permit Issued
M01436708-I1-GC,M01436708-I1,Initial Permit,2026-09-15,2026-08-31,2026-11-20,General Construction,"Apartment Renovation including partitions and other works for bathroom, bedroom, and corridor. No change to use, occupancy, or egress.",124450,90,HUDSON STREET,Manhattan,10013,GC,BAYSIDE CONTRACTING INC,12-20 37TH AVENUE SUITE 204,,,,Permit Issued
M01436852-S2-PL,M01436852-S2,Initial Permit,2026-09-15,2026-09-02,2026-12-24,Plumbing,"APPLICATION FILED FOR PLUMBING ADDITIONS/MODIFICATIONS ON THE 21ST FLOOR (M TO-PROS) AS PER PLANS FILED HEREWITH. NO CHANGE IN USE, EGRESS, OR OCCUPANCY.",10000,225,WEST 34 STREET,Manhattan,10122,P,WILLIAM C. GERAKARIS P&H,46371 37TH AVENUE,CIRCLE REALTY GROUP LLC,,,Permit Issued
M01438122-S1-ST,M01438122-S1,Initial Permit,2026-09-15,2026-09-14,2026-12-31,Structural,"Structural modifications taking place on the 23-25 Construction/ 24-26 Marketing floors as per plans filed herewith. No change in use, egress or occupancy",410010,12,EAST 49 STREET,Manhattan,10017,GC,"STRUCTURE TONE, LLC",330 WEST 34TH STREET,KATO KAGAKU CO LTC,,,Permit Issued
M01438871-I1-SC,M01438871-I1,Initial Permit,2026-09-15,2026-09-14,2027-03-08,Suspended Scaffold,FILE SUSPENDED SCAFFOLD OUTRIGGER SYSTEMS FOR FACADE RESTORATION AND INSPECTION. ALSO INSTALL MATERIAL HOIST,0,525,AUDUBON AVENUE,Manhattan,10040,R,TWO-TONE CONTRACTING CORP,76-02 21ST AVENUE,Isabella Geriatrics Inc,,,Permit Issued
M01439081-S1-MS,M01439081-S1,Initial Permit,2026-09-15,2026-09-02,2026-12-31,Mechanical Systems,Mechanical work as shown on plans filed herewith. No change in use egress or occupancy.,4670900,345,PARK AVENUE,Manhattan,10022,GC,"STRUCTURE TONE, LLC",330 WEST 34TH STREET,RUDIN MANAGEMENT CO INC,,,Permit Issued
M01439081-S2-PL,M01439081-S2,Initial Permit,2026-09-15,2026-09-02,2026-12-01,Plumbing,Plumbing work as shown on plans filed herewith for office fitout. No change in use egress or occupancy.,850000,345,PARK AVENUE,Manhattan,10022,P,TRISTATE PLBG SVCS CORP,1431 CROMWELL AVENUE,RUDIN MANAGEMENT CO INC,,,Permit Issued
M01439486-I1-GC,M01439486-I1,Initial Permit,2026-09-15,2026-08-17,2027-03-27,General Construction,"Fire escape repair. No change in use, occupancy, or egress.",20093.5,535,EAST 72 STREET,Manhattan,10021,GC,A W R GROUP INC,37-15 HUNTERS POINT AVENUE,HALSTEAD MGMT CO.,,,Permit Issued
M01439558-I1-GC,M01439558-I1,Initial Permit,2026-09-15,2026-08-17,2027-03-27,General Construction,"Fire escape repair. No change in use, occupancy, or egress.",19568.5,531,EAST 72 STREET,Manhattan,10021,GC,A W R GROUP INC,37-15 HUNTERS POINT AVENUE,HALSTEAD MGMT CO.,,,Permit Issued
M01439603-I1-GC,M01439603-I1,Initial Permit,2026-09-15,2026-08-17,2027-03-27,General Construction,"Fire escape repair. No change in use, occupancy or egress.",19568.75,527,EAST 72 STREET,Manhattan,10021,GC,A W R GROUP INC,37-15 HUNTERS POINT AVENUE,HALSTEAD MGMT CO.,,,Permit Issued
M01439987-I1-SG,M01439987-I1,Initial Permit,2026-09-15,2026-08-13,2026-11-27,Sign,"PROPOSE NEW ILLUMINATED CHANNEL LETTERS ON ALUMINUM RACEWAY FOR EXISTING COMMERCIAL SPACE. NO CHANGE IN USE, EGRESS OR OCCUPANCY.",3000,658,WEST 181 STREET,Manhattan,10033,S,LONG SHOT CRANE LLC,1109 METROPOLITAN AVE,8203 3RD AVE PROPERTY LLC,,,Permit Issued
M01440118-I1-GC,M01440118-I1,Initial Permit,2026-09-15,2026-09-10,2026-10-31,General Construction,Application filed for a Temporary Use Permit for 9 model apartments and leasing offices pursuant to Section AC 28-111 & DOB Bulletin 2010-002. Filed in conjunction with ALT-CO #M01233357-I1.,1000,36,EXCHANGE PLACE,Manhattan,10005,GC,PROMETHEAN BUILDERS LLC,"505 8TH AVE, SUITE# 1400",40 Exchange Owners LLC,,,Permit Issued
M01440259-I1-PL,M01440259-I1,Initial Permit,2026-09-15,2026-09-11,2026-10-31,Plumbing,"Removal of plumbing fixtures and associated CW/sanitary piping on the 40th Floor as per plans (LL Work - Demo.) No change to use, egress or occupancy. No change to use, egress or occupancy.",11775,3,BRYANT PARK,Manhattan,10036,P,"PAR PLUMBING CO., INC",101 PARK AVENUE LOWER LOBBY,HINES INTERESTS LIMITED PARTNERSHIP,,,Permit Issued
M01440497-I1-SG,M01440497-I1,Initial Permit,2026-09-15,2026-09-15,2026-10-22,Sign,SIGN TAG AS Non-ILLUMINTED BLADE SIGN @MADISON AVE ELEVATION FOR THE LOGO OF J PRESS,750,340,MADISON AVENUE,Manhattan,10173,S,SIGNS CAD CORP,1177 E. 178TH STREET,Not Applicable,,,Permit Issued
M01440631-I1-GC,M01440631-I1,Initial Permit,2026-09-15,2026-09-08,2026-12-31,General Construction,"BCG FLOORS 43 & 46-- GENERAL CONSTRUCTION INCLUSIVE OF INTERIOR DEMOLITION AND INSTALLATION OF NON-LOAD BEARING PARTITIONS AS PER PLANS FILED. NO CHANGE TO USE, EGRESS, OR OCCUPANCY.",1100000,10,HUDSON YARDS,Manhattan,10001,GC,"STRUCTURE TONE, LLC",330 WEST 34TH STREET,PR,,,Permit Issued
M01440947-S1-EW-SP,M01440947-S1,Initial Permit,2026-09-15,2026-09-10,2027-06-06,Sprinklers,Relocation of 9 sprinkler heads,0,276,FIFTH AVENUE,Manhattan,10001,F,NONSTOP PLUMBERS CORP,14-31 ASTORIA BOULEVARD,PR,,,Permit Issued
M01441006-I1-GC,M01441006-I1,Initial Permit,2026-09-15,2026-09-14,2026-11-18,General Construction,"GENERAL CONSTRUCTION TO INCLUDE INSTALLATION OF NEW PARTITIONS, FINISHES, DOORS , CEILING AND RELATED CONSTRUCTION AS SHOWN ON PLANS FILED. NO CHANGE IN USE, EGRESS OR OCCUPANCY UNDER THIS APPLICATION",150000,30,ROCKEFELLER PLAZA,Manhattan,10112,GC,WALKER RIDGE CONST NY LLC,31-64 21ST APT #11B,Not Applicable,,,Permit Issued
M01441871-I1-SH,M01441871-I1,Initial Permit,2026-09-15,2026-09-15,2026-12-14,Sidewalk Shed,"INSTALLATION OF TEMPORARY HEAVY DUTY SIDEWALK SHED AS PER PLANS. NO CHANGE IN USE, EGRESS OR OCCUPANCY. SIDEWALK SHED SHALL COMPLY WITH CHAPTER #33 OF 2022 THE NYC BUILDING CODE. LIVE LOAD 300PSF.",1000,200,WEST 90 STREET,Manhattan,10024,GC,PLATINUM SERVICES NY LLC,53-28 11TH STREET 2ND FL,PLATINUM SERVICES NY LLC,,,Permit Issued
M01442333-I1-SC,M01442333-I1,Initial Permit,2026-09-15,2026-09-12,2026-11-03,Suspended Scaffold,Installation of a suspended scaffold for Facade Inspection and repair as per plan submitted. No change to egress or occupancy.,0,443,WEST 113 STREET,Manhattan,10025,R,"PHOENIX SUTTON STR, INC",128 SUTTON STREET,Mount Sinai Health System,,,Permit Issued
M01444877-S2-PL,M01444877-S2,Initial Permit,2026-09-15,2026-09-14,2027-03-13,Plumbing,"Modification/addition to plumbing fixtures and related piping as shown on drawings. No change in use, egress or occupancy.",8000,767,5 AVENUE,Manhattan,10153,P,GEOFFREY A. LAGAS & ASSOC,630 5TH AVE AVE SB 101,BOSTON PROPERTIES,,,Permit Issued
M01445375-I1-FN,M01445375-I1,Initial Permit,2026-09-15,2026-08-19,2027-01-20,Construction Fence,Construction fence in conjunction to Alt filing 121204856.,1000,2367,8 AVENUE,Manhattan,10027,GC,TECHNOCRAFT INC,"1642 MADISON AVENUE, 1ST FLOOR",SPACE AND STRUCTURE REALTY INC.,,,Permit Issued
M01445676-I1-GC,M01445676-I1,Initial Permit,2026-09-15,2026-09-10,2026-10-01,General Construction,"General Construction for interior renovation of Apartment 4D on the 5th floor as shown on drawings filed herewith. No change in use, egress, or occupancy.",16810.57,647,EAST 14 STREET,Manhattan,10009,GC,SUPER G CONSTRUCTION CORP,"420-C EAST 111TH STREET,GR FL",BPP ST OWNER LLC,,,Permit Issued
M01445683-I1-GC,M01445683-I1,Initial Permit,2026-09-15,2026-08-27,2026-10-01,General Construction,"General Construction for interior renovation of Apartment 3D on the 4th floor as shown on drawings filed herewith. No change in use, egress, or occupancy.",16810.57,645,EAST 14 STREET,Manhattan,10009,GC,SUPER G CONSTRUCTION CORP,"420-C EAST 111TH STREET,GR FL",BPP ST OWNER LLC,,,Permit Issued
M01445908-S1-PL,M01445908-S1,Initial Permit,2026-09-15,2026-08-27,2026-12-06,Plumbing,"Hereby filing to remove plumbing fixtures at 1st floor. No change to use, occupancy or egress.",10000,6,WEST 18 STREET,Manhattan,10011,P,PLBG P & H INC,81-15 MYRTLE AVENUE,PR,,,Permit Issued
M01446166-I1-AN,M01446166-I1,Initial Permit,2026-09-15,2026-09-11,2026-11-12,Antenna,"MODIFICATION TO EXISTING TMO SITE. REMOVE EXISTING EQUIPMENT PLATFORM. INSTALL NEW EQUIPMENT PLATFORM. REPLACE 2 ANTENNA SECTORS ON ROOF. NO CHANGE IN USE, EGRESS OR OCCUPANCY.. ORIGINAL APP# 104592530.",127000,200,PARK AVENUE,Manhattan,10017,GC,CURRENT COMMUNICATIONS LL,265 WILLOW BROOK ROAD,Not Applicable,,,Permit Issued
M01446809-S1-MS,M01446809-S1,Initial Permit,2026-09-15,2026-09-01,2027-01-29,Mechanical Systems,"SUBSEQUENT FILING FOR MECHANICAL WORK FOR INTERIOR FIT OUT OF EXISTING OFFICE SPACE ON 4TH FLOOR AS PER PLANS FILED HEREWITH. NO CHANGE IN EGRESS, USE OR OCCUPANCY",463354,25,PARK ROW,Manhattan,10038,GC,WHARTON SMITH CONST NY *,88 PINE ST,PR,,,Permit Issued
M01446901-I1-MS,M01446901-I1,Initial Permit,2026-09-15,2026-09-10,2027-04-15,Mechanical Systems,"Propose installation of exhaust fan and associated duct work and piping. Relocation of piping and fan powered boxes. No change in use, egress or occupancy.",97000,1540,BROADWAY,Manhattan,10036,GC,BSM MAINTENANCE CORP,106 53RD STREET,SPUSV5 1540 Broadway LLC c/o MSD Pa,,,Permit Issued
M01447015-I1-GC,M01447015-I1,Initial Permit,2026-09-15,2026-09-03,2027-04-01,General Construction,"HEREWITH FILING FOR INTERIOR RENOVATION OF APT. 7A/8A AS PER PLANS FILED HEREWITH. NO CHANGE IN USE, OCCUPANCY OR EGRESS.",636400,100,BARROW STREET,Manhattan,10014,GC,PROFESSIONAL INTERIOR CON,240-08 69TH AVENUE,,,,Permit Issued
M01447220-S1-PL,M01447220-S1,Initial Permit,2026-09-15,2026-08-27,2027-08-09,Plumbing,"REMOVE, RELOCATE AND REPLACE PLUMBING FIXTURES AND ADD NEW FIXTURES.",28500,437,EAST 80 STREET,Manhattan,10075,P,HOD PIPING & HEATING CORP,1616 MERMAID AVENUE,PR,,,Permit Issued
M01447672-I1-GC,M01447672-I1,Initial Permit,2026-09-15,2026-09-09,2027-01-15,General Construction,"In Unit 16A on Floor 16, removal and installation of non-load bearing partitions as shown on plans. all plumbing work filed under separate LAA application. no change to egress, use or occupancy.",213840,12,WEST 96 STREET,Manhattan,10025,GC,CONSTRUCTION GURU CORP,9 CHRISTINE LN,,,,Permit Issued
M01447696-I1-GC,M01447696-I1,Initial Permit,2026-09-15,2026-08-27,2026-12-31,General Construction,"Filing for the removal of the existing dumbwaiter located within the supermarket & address three (3) DOB vios. We will infill the existing dumbwaiter shaft opening with concrete blocks upon removing the dumbwaiter. No change to use, egress ",18800,452,WEST 43 STREET,Manhattan,10036,GC,MID-STATE CONSTRUCTION C,74 PORETE AVE,PR,,,Permit Issued
M01447965-I1-SC,M01447965-I1,Initial Permit,2026-09-15,2026-09-14,2027-07-01,Suspended Scaffold,FISP INSPECTION (Facade Inspection Safety Program). INDUSTRIAL ROPE ACCESS TECHNIQUES AND METHODS. SEE ATTACHED PLANS. Designated Primary Site supervisor: Jesus Decola,0,231,EAST 43 STREET,Manhattan,10017,R,STRUCTUAL PRESV SYSTEM,35-21 VERNON BLVD,HAMPTON INN GRAND CENTRAL,,,Permit Issued
M01448340-I1-GC,M01448340-I1,Initial Permit,2026-09-15,2026-09-11,2026-09-30,General Construction,"Minor demolition. Installation of new partitions, floor finishes and suspended ceilings on the 4th Floor as per plans (BNP Asset Mgmt - Annex.) No change to use, egress or occupancy.",3201000,787,SEVENTH AVENUE,Manhattan,10019,GC,JAMES E FITZGERALD INC,48 WEST 38TH STREET 9TH FL,PR,,,Permit Issued
M01448418-I1-MS,M01448418-I1,Initial Permit,2026-09-15,2026-09-11,2026-09-30,Mechanical Systems,"Modifications to the existing HVAC System: demolition and disconnections of HVAC equipment and ductwork on the 4th Floor as per plans (BNP Paribas Asset Management.) No change to use, egress or occupancy.",504400,787,SEVENTH AVENUE,Manhattan,10019,GC,JAMES E FITZGERALD INC,48 WEST 38TH STREET 9TH FL,PR,,,Permit Issued
M01449257-I1-GC,M01449257-I1,Initial Permit,2026-09-15,2026-09-10,2027-07-01,General Construction,"Hereby filing to construct new interior partitions, ceilings and doors for Suite renovation as shown on plans filed herewith. No change to use, occupancy or egress.",775003.4,2,PENN PLAZA,Manhattan,10121,GC,"JOHN GALLIN & SON, INC","102 MADISON AVENUE, 9TH FLOOR",VORNADO REALTY TRUST,,,Permit Issued
M01449257-S1-MS,M01449257-S1,Initial Permit,2026-09-15,2026-09-10,2027-07-01,Mechanical Systems,"Hereby filing to install mechanical units with associated ductwork and piping for suite renovation as shown on plans filed herewith. No change to use, occupancy or egress.",140000,2,PENN PLAZA,Manhattan,10121,GC,"JOHN GALLIN & SON, INC","102 MADISON AVENUE, 9TH FLOOR",VORNADO REALTY TRUST,,,Permit Issued
M01449473-I1-SF,M01449473-I1,Initial Permit,2026-09-15,2026-09-15,2026-10-19,Supported Scaffold,"Installation of a temporarily supported scaffold per plan submitted. Work shall comply with 2022 building codes chapter 33. No change in use, egress and/or occupancy with this application.",2500,30,CROSBY STREET,Manhattan,10013,GC,NEW AMSTERDAM RESTORATION,60-06 55TH DRIVE,DAISY,,,Permit Issued
M01449801-I1-BE,M01449801-I1,Initial Permit,2026-09-15,2026-09-11,2026-12-31,Boiler Equipment,REPLACE BOILER AND OIL BURNER.,125770,316,EAST 34 STREET,Manhattan,10016,O,ALLISON A. HEANEY,119-02 23RD AVENUE,J & L HOLDING CORPORATION,,,Permit Issued
M01449850-I1-SC,M01449850-I1,Initial Permit,2026-09-15,2026-09-11,2027-02-28,Suspended Scaffold,Installation of suspended scaffold for facade work or inspection.,0,120,EAST 12 STREET,Manhattan,10003,R,DNA CONTRACTING LLC,49-47 31ST STREET,NEW YORK UNIVERSITY,,,Permit Issued
M01449953-I1-SC,M01449953-I1,Initial Permit,2026-09-15,2026-09-11,2027-08-15,Suspended Scaffold,IRA facade inspections as per the plans,0,308,EAST 38 STREET,Manhattan,10016,R,ELITE QUALITY CONS & CONT,104 HAWKINS STREET UNIT Y,ELITE QUALITY CONSTRUCTION AND CONT,,,Permit Issued
M01450318-I1-GC,M01450318-I1,Initial Permit,2026-09-15,2026-09-09,2026-10-01,General Construction,"General construction for interior renovation of Apartment 3C as shown on drawings filed herewith. No change in use, egress or occupancy.",30000,460,SECOND AVENUE,Manhattan,10016,GC,SUPER G CONSTRUCTION CORP,"420-C EAST 111TH STREET,GR FL","BPP KIPS BAY HOLDING, LLC",,,Permit Issued
M01450938-I1-PMM,M01450938-I1,Initial Permit,2026-09-15,2026-09-14,2026-12-31,Protection and Mechanical Methods,"INSTALLATION OF TEMPORARY BETA MAX HOIST AS PER PLANS. NO CHANGE IN USE, EGRESS OR OCCUPANCY.",4000,36,BLEECKER STREET,Manhattan,10012,GC,PRESERV BLD RESTOR MGT IN,96 14TH STREET,DOUGLAS ELLIMAN PROPERTY MANAGEMENT,,,Permit Issued
M01451330-I1-FN,M01451330-I1,Initial Permit,2026-09-15,2026-09-15,2026-12-31,Construction Fence,8FT HIGH CONSTRUCTION FENCE ERECTED ON SIDEWALK IN FRONT OF PREMISE UNDER CONSTRUCTION.,15000,88,9 AVENUE,Manhattan,10011,GC,STREAMLINE USA LLC,483 10TH AVENUE STE 410,THE JANE HOTEL,,,Permit Issued
M01451610-I1-MS,M01451610-I1,Initial Permit,2026-09-15,2026-09-15,2026-10-31,Mechanical Systems,"INSTALLATION OF SEVEN CONDENSING UNITS ON THE ROOF WITH A TOTAL CAPACITY OF 21 TONS. NO CHANGE TO EGRESS, USE, OR OCCUPANCY.",73500,750,EAST 16 STREET,Manhattan,10009,GC,AFGO MECHANICAL SVCS INC,36-14 32ND STREET,Consolidated Edison,,,Permit Issued
M01452054-I1-SF,M01452054-I1,Initial Permit,2026-09-15,2026-08-28,2027-05-11,Supported Scaffold,"INSTALLATION OF 300PSF SIDEWALK SHED AND PIPE SCAFFOLDING AS PER PLANS. ALL EQUIPMENT SHALL COMPLY WITH CHAPTER #33 OF THE NYC BUILDING CODE 2022. NO CHANGE IN USE, OCCUPANCY, OR EGRESS UNDER THIS APPLICATION",5000,174,EAST 107 STREET,Manhattan,10029,GC,NEW YORK CITY PRIME CORP,628 CONEY ISLAND AVE,NEW YORK CITY PRIME CORP,,,Permit Issued
M01452845-I1-GC,M01452845-I1,Initial Permit,2026-09-15,2026-09-09,2027-03-07,General Construction,INSTALL CHIMNEY LINER.,8000,330,EAST 84 STREET,Manhattan,10028,GC,ARISTON CHIMNEY LLC,200 CENTRAL AVENUE,R.E.M. RESIDENTIAL,,,Permit Issued
M01454051-I1-PMM,M01454051-I1,Initial Permit,2026-09-15,2026-09-15,2026-10-19,Protection and Mechanical Methods,"Installation of a temporary Material hoist per plan submitted. Work shall comply with 2022 building codes chapter 33. No change in use, egress and/or occupancy with this application.",3000,30,CROSBY STREET,Manhattan,10013,GC,NEW AMSTERDAM RESTORATION,60-06 55TH DRIVE,DAISY,,,Permit Issued
M01454147-I1-PL,M01454147-I1,Initial Permit,2026-09-15,2026-09-10,2027-02-23,Plumbing,"In Conjunction with Boiler Replacement filing, this project includes replacing (2) gas fired HW heaters with (2) indirect HW heaters, and miscelaneous minor gas piping required to upgrade the boilers and change the HW heaters from gas to in",15000,639 1/2,HUDSON STREET,Manhattan,10014,P,NEW YORK PARK PLBG&HTG CO,133B SUTTON STREET,PR,,,Permit Issued
M01454514-I1-PL,M01454514-I1,Initial Permit,2026-09-15,2026-09-11,2027-05-19,Plumbing,Installation of new plumbing fixtures in existing restaurant space.,9000,232,BLEECKER STREET,Manhattan,10014,P,AQUEDUCT MECHANICAL CORP,33-43 VERNON BLVD,71 CLINTON ST LLC,,,Permit Issued
M01454701-I1-SG,M01454701-I1,Initial Permit,2026-09-15,2026-09-11,2026-09-21,Sign,"ERECT AN NON-ILLUMINATED SIGN ON WALL.NOT WITHIN VIEW OF ARTERIAL HIGHWAY OR PUBLIC PARK 1/2 ACRE OR MORE. NO CHANGE IN USE, EGRESS OR OCCUPANCY.",940,250,WEST 14 STREET,Manhattan,10011,S,NEPTUNE SIGNS & AWNINGS,2260 HOLLERS AVE,THE GALWAY GIRL,,,Permit Issued
M01454718-I1-SG,M01454718-I1,Initial Permit,2026-09-15,2026-09-14,2026-09-21,Sign,"ERECT AN ILLUMINATED DOUBLE FACE SIGN ON WALL.NOT WITHIN VIEW OF ARTERIAL HIGHWAY OR PUBLIC PARK 1/2 ACRE OR MORE. NO CHANGE IN USE, EGRESS OR OCCUPANCY.",468,250,WEST 14 STREET,Manhattan,10011,S,NEPTUNE SIGNS & AWNINGS,2260 HOLLERS AVE,THE GALWAY GIRL,,,Permit Issued
M01454986-I1-GC,M01454986-I1,Initial Permit,2026-09-15,2026-09-14,2027-01-29,General Construction,"Installation of temp Tent, no alt to exist structures for CJ Hendry Flower Market. TPA as reqd. Producer is responsible to monitor site safety & implement HWAP. All production equipment removed upon event completion",6500,30,ROCKEFELLER PLAZA,Manhattan,10112,GC,"JADS PRODUCTIONS, INC",236 ARLINGTON AVENUE,Not Applicable,,,Permit Issued
M01455955-I1-GC,M01455955-I1,Initial Permit,2026-09-15,2026-09-14,2026-10-14,General Construction,APARTMENT RENOVATION OF APT 12R. EXISTING BATHROOM TO REMAIN. EXISTING HARDWOOD FLOORING TO REMAIN. RENOVATEDKITCHENETTE. NO FACADE WORK. NO WORK IN PUBLIC AREAS. NO CHANGE TO USE EGRESS NOR OCCUPANCY.,35000,235,EAST 22 STREET,Manhattan,10010,GC,Z-DAR CONTRACTING INC,42 LYONS ROAD,,,,Permit Issued
M01456221-I1-GC,M01456221-I1,Initial Permit,2026-09-15,2026-09-11,2027-08-01,General Construction,"PROPOSED REMOVAL OF EXISTING BAR ON EXISTING MIXED RESIDENTIAL & COMMERCIAL BUILDING.CONSTRUCTION WORK AS PER PLAN. NO CHANGE IN EGRESS, USE OR OCCUPANCY",60000,11,EAST 13 STREET,Manhattan,10003,GC,ST TONE MANAGEMENT INC,426 53RD STREET,13TH STREET ASSOCIATES,,,Permit Issued
M01457245-S1-SH,M01457245-S1,Initial Permit,2026-09-15,2026-09-11,2026-12-14,Sidewalk Shed,PROPOSED INSTALLATION OF HEAVY DUTY SIDEWALK SHED AS PER PLANS. LIVE LOAD 300 PER SQUARE FEET. SIDEWALK SHED SHALL COMPLY WITH CHAPTER # 33 OF THE 2022 CODE. NO CHANGE IN USE OCCUPANCY OR EGRESS UNDER THIS APPLICATIONPROPOSED INSTALLATION O,8000,93,2 AVENUE,Manhattan,10003,GC,ALL EMPIRE BUILDING CON,101-38 130TH STREET,ALL EMPIRE BUILDING CONTRACTORS INC,,,Permit Issued
M01457263-I1-SH,M01457263-I1,Initial Permit,2026-09-15,2026-09-15,2026-12-14,Sidewalk Shed,"INSTALLATION OF TEMPORARY HEAVY DUTY SIDEWALK SHED AS PER PLANS. NO CHANGE IN USE, EGRESS OR OCCUPANCY. SIDEWALK SHED SHALL COMPLY WITH CHAPTER #33 OF 2022 THE NYC BUILDING CODE. LIVE LOAD 300PSF.",1000,131,RIVERSIDE DRIVE,Manhattan,10024,GC,ANDAMIO SCAFFOLDING LLC,20 BURLING LANE (BOX 4-1),ALEXANDER WOLF & CO.,,,Permit Issued
M01458622-I1-SH,M01458622-I1,Initial Permit,2026-09-15,2026-09-15,2026-11-03,Sidewalk Shed,"INSTALLATION OF TEMPORARY HEAVY DUTY SIDEWALK SHED AS PER PLANS. NO CHANGE IN USE, EGRESS OR OCCUPANCY. SIDEWALK SHED SHALL COMPLY WITH CHAPTER #33 OF 2022 THE NYC BUILDING CODE. LIVE LOAD 300PSF.",1000,235,EAST 58 STREET,Manhattan,10022,GC,PHOENIX SUTTON STR INC,128 SUTTON STREET,PHOENIX SUTTON STR INC,,,Permit Issued
M01458655-I1-SF,M01458655-I1,Initial Permit,2026-09-15,2026-09-15,2026-11-03,Sidewalk Shed,"INSTALLATION OF TEMPORARY HEAVY DUTY SIDEWALK SHED AND PIPE SCAFFOLD AS PER PLANS. NO CHANGE IN USE, EGRESS OR OCCUPANCY.SIDEWALK SHED SHALL COMPLY WITH CHAPTER #33 OF 2022 THE NYC BUILDING CODE.LIVE LOAD 300PSF.",1000,160,WEST 85 STREET,Manhattan,10024,GC,PHOENIX SUTTON STR INC,128 SUTTON STREET,PHOENIX SUTTON STR INC,,,Permit Issued
M01458655-I1-SH,M01458655-I1,Initial Permit,2026-09-15,2026-09-15,2026-11-03,Supported Scaffold,"INSTALLATION OF TEMPORARY HEAVY DUTY SIDEWALK SHED AND PIPE SCAFFOLD AS PER PLANS. NO CHANGE IN USE, EGRESS OR OCCUPANCY.SIDEWALK SHED SHALL COMPLY WITH CHAPTER #33 OF 2022 THE NYC BUILDING CODE.LIVE LOAD 300PSF.",1000,160,WEST 85 STREET,Manhattan,10024,GC,PHOENIX SUTTON STR INC,128 SUTTON STREET,PHOENIX SUTTON STR INC,,,Permit Issued
M01458801-I1-SF,M01458801-I1,Initial Permit,2026-09-15,2026-09-15,2026-12-09,Supported Scaffold,INSTALLATION OF PIPE SCAFFOLDING AS PER PLANS. ALL EQUIPMENT SHALL COMPLY WITH CHAPTER # 33 OF THE 2022 CODE. NO CHANGE IN USE OCCUPANCY OR EGRESS UNDER THIS APPLICATION.,10000,693,5 AVENUE,Manhattan,10022,GC,MC SUPERSTRUCTURE INC,135-53 NORTHERN BLVD #2B,COLLIERS INT.,,,Permit Issued
M01459231-I1-SF,M01459231-I1,Initial Permit,2026-09-15,2026-09-15,2027-04-08,Sidewalk Shed,"INSTALLATION OF 300PSF SIDEWALK SHED AND PIPE SCAFFOLDING AS PER PLANS. ALL EQUIPMENT SHALL COMPLY WITH CHAPTER #33 OF THE 2022 CODE NO CHANGE IN USE, EGRESS OR OCCUPANCY UNDER THIS APPLICATION.",5000,446,WEST 20 STREET,Manhattan,10011,GC,A & D GENERAL CONTR INC,"50 N INDUSTRY CT, SUITE # 70",A & D GENERAL CONTRACTORS INC,,,Permit Issued
M01459231-I1-SH,M01459231-I1,Initial Permit,2026-09-15,2026-09-15,2026-12-14,Sidewalk Shed,"INSTALLATION OF 300PSF SIDEWALK SHED AND PIPE SCAFFOLDING AS PER PLANS. ALL EQUIPMENT SHALL COMPLY WITH CHAPTER #33 OF THE 2022 CODE NO CHANGE IN USE, EGRESS OR OCCUPANCY UNDER THIS APPLICATION.",5000,446,WEST 20 STREET,Manhattan,10011,GC,A & D GENERAL CONTR INC,"50 N INDUSTRY CT, SUITE # 70",A & D GENERAL CONTRACTORS INC,,,Permit Issued
M01459456-I1-SF,M01459456-I1,Initial Permit,2026-09-15,2026-09-15,2026-10-06,Supported Scaffold,"INSTALLATION OF 300PSF SIDEWALK SHED AND PIPE SCAFFOLDING AS PER PLANS. ALL EQUIPMENT SHALL COMPLY WITH CHAPTER #33 OF THE 2022 CODE NO CHANGE IN USE, EGRESS OR OCCUPANCY UNDER THIS APPLICATION.",5000,107,WEST 13 STREET,Manhattan,10011,GC,ACE GROUP NY CORP,34 BARCLAY STREET,ACE GROUP NY CORP.,,,Permit Issued
M01459456-I1-SH,M01459456-I1,Initial Permit,2026-09-15,2026-09-15,2026-10-06,Supported Scaffold,"INSTALLATION OF 300PSF SIDEWALK SHED AND PIPE SCAFFOLDING AS PER PLANS. ALL EQUIPMENT SHALL COMPLY WITH CHAPTER #33 OF THE 2022 CODE NO CHANGE IN USE, EGRESS OR OCCUPANCY UNDER THIS APPLICATION.",5000,107,WEST 13 STREET,Manhattan,10011,GC,ACE GROUP NY CORP,34 BARCLAY STREET,ACE GROUP NY CORP.,,,Permit Issued
M01459562-I1-SF,M01459562-I1,Initial Permit,2026-09-15,2026-09-15,2027-06-27,Supported Scaffold,"INSTALLATION OF A HEAVY DUTY SIDEWALK SHED AND MEDIUM DUTY PIPE SCAFFOLD AS PER DRAWINGS DURING GENERAL CONSTRUCTION WORK. NO CHANGE IN USE, EGRESS AND OCCUPANCY. SIDEWALK SHED AND PIPE SCAFFOLD TO COMPLY WITH CHAPTER 33 OF THE NYC BUILDING",5000,139,SPRING STREET,Manhattan,10012,GC,CONSOLIDATED SCAFFOLDING,20 PARK ROAD,CONSOLIDATED SCAFFOLDING INC.,,,Permit Issued
M01459562-I1-SH,M01459562-I1,Initial Permit,2026-09-15,2026-09-15,2026-12-14,Supported Scaffold,"INSTALLATION OF A HEAVY DUTY SIDEWALK SHED AND MEDIUM DUTY PIPE SCAFFOLD AS PER DRAWINGS DURING GENERAL CONSTRUCTION WORK. NO CHANGE IN USE, EGRESS AND OCCUPANCY. SIDEWALK SHED AND PIPE SCAFFOLD TO COMPLY WITH CHAPTER 33 OF THE NYC BUILDING",5000,139,SPRING STREET,Manhattan,10012,GC,CONSOLIDATED SCAFFOLDING,20 PARK ROAD,CONSOLIDATED SCAFFOLDING INC.,,,Permit Issued
M01459774-I1-FN,M01459774-I1,Initial Permit,2026-09-15,2026-09-15,2026-12-31,Construction Fence,"CONSTRUCTION FENCE ENCLOSURE AS PER DRAWINGS. FENCE ENCLOSURE SHALL COMPLY WITH CH #33 OF THE NYC BC. NO CHANGE IN USE, OCCUPANCY OR EGRESS UNDER THIS APPLICATION.",2000,133,WEST 33 STREET,Manhattan,10001,GC,S&E BRIDGE & SCAFFOLD LLC,700 COMMERCIAL AVE GROUND FL,S&E BRIDGE & SCAFFOLD LLC,,,Permit Issued
M01460209-I1-SF,M01460209-I1,Initial Permit,2026-09-15,2026-09-15,2026-12-09,Supported Scaffold,INSTALLATION OF PIPE SCAFFOLDING AS PER PLANS. ALL EQUIPMENT SHALL COMPLY WITH CHAPTER # 33 OF THE 2022 CODE. NO CHANGE IN USE OCCUPANCY OR EGRESS UNDER THIS APPLICATION.,10000,170,CENTRAL PARK WEST,Manhattan,10024,GC,MC SUPERSTRUCTURE INC,135-53 NORTHERN BLVD #2B,MC SUPERSTRUCTURE INC.,,,Permit Issued
Q00706879-I1-GC,Q00706879-I1,Initial Permit,2026-09-15,2022-04-01,2026-09-30,General Construction,PARTIAL DEMOLITION FILING FOR HAND REMOVAL OF ONE STORY METAL EXTENSION TO RESTORE TO PRIOR LEGAL CONDITION AND RESOLVE VIOLATION #S34924850H & 35560196Y& 34913191J NO CHANGE IN USE EGRESS OR OCCUPANCY,4848,130-18,ROCKAWAY BOULEVARD,Queens,11420,GC,AM EXPEDITING DRAFTING &,13521 134TH ST,PR,,,Permit Issued
Q00848740-I1-FD,Q00848740-I1,Initial Permit,2026-09-15,2023-06-07,2027-07-19,Full Demolition,NYC DDC/DOT project for full demos of 6 existing structures.,1150000,130-31,NORTHERN BOULEVARD,Queens,11368,GC,MPCC CORP,81 ROCKDALE AVENUE,NYC DEPARTMENT OF DESIGN + CONSTRUC,,,Permit Issued
Q00861151-I1-ST,Q00861151-I1,Initial Permit,2026-09-15,2023-05-25,2026-12-31,Structural,Propose Structural Work in conjunction with NB # 420667059.,35000,58-07,58 AVENUE,Queens,11378,GC,AMCON CONTRACTING CORP,57-01 59TH STREET,AMCON CONTRACTING CORP,,,Permit Issued
Q00937533-S2-FO,Q00937533-S2,Initial Permit,2026-09-15,2024-11-27,2026-11-14,Foundation,FOUNDATION UNDERPINNING WORK FILED IN CONJUNCTION WITH EXISTING BUILDING ALTERATION APPLICATION Q07996102-I1,5000,211-19,RICHLAND AVENUE,Queens,11364,GC,EJ HOMES 45 LLC,1202 HALSEY STREET,PR,,,Permit Issued
Q00985428-I1-EW-SP,Q00985428-I1,Initial Permit,2026-09-15,2024-07-11,2027-04-14,Plumbing,Installation of sprinkler system in conjunction with application Q00959096.,77600,6-01,ELVIRA AVENUE,Queens,11691,F,SAFETY FIRE SPRINKLER COR,1070 38TH STREET,PR,,,Permit Issued
Q01042352-S2-PL,Q01042352-S2,Initial Permit,2026-09-15,2026-08-31,2026-10-20,Plumbing,"Installation of new gas service for 3 gas fired unit heaters in commercial space as per plans filed herewith. No change in use, egress and occupancy.",0,56-61 REAR,59 STREET,Queens,11378,P,Z.W. PLBG & HTG CORP,6721 13TH AVENUE,KORBUILD INC,,,Permit Issued
Q01057311-I1-GC-CX,Q01057311-I1,Initial Permit,2026-09-15,2026-02-24,2027-01-12,Structural,ALT-1 FILING FOR SIDE AND REAR ENLARGEMENT OF EXISTING TWO FAMILY WITH NEW CERTIFICATE OF OCCUPENCY,688750,107-53,89 STREET,Queens,11417,GC,KAIETEUR CONSTRUCTION INC,"110-16 LIBERTY AVENUE, SUITE 201",Not Applicable,,,Permit Issued
Q01057311-S1-FN,Q01057311-S1,Initial Permit,2026-09-15,2024-06-26,2027-01-12,Construction Fence,SITE FENCE APPLICATION IN CONJUNCTIONWITH ALT-1 FILING TO CONVERSIONONE FAMILY IN TO TWO FAMILYWITH SIDE AND REAR EXTENSION,2500,107-53,89 STREET,Queens,11417,GC,KAIETEUR CONSTRUCTION INC,"110-16 LIBERTY AVENUE, SUITE 201",Not Applicable,,,Permit Issued
Q01058835-S5-PL,Q01058835-S5,Initial Permit,2026-09-15,2025-10-01,2027-01-08,Sprinklers,New installation of plumbing and sprinkler system.,0,41-29,68 STREET,Queens,11377,P,WASOFF PLBG & UTILITY CO,36-05C COLLEGE POINT BLVD,WIN WIN 68 LLC,,,Permit Issued
Q01129245-I1-GC-CX,Q01129245-I1,Initial Permit,2026-09-15,2025-10-10,2026-09-28,Mechanical Systems,Rear vertical and horizontal extension. No change to use egress or occupancy.,150000,32-44,35 STREET,Queens,11106,GC,N.Y. PREFERRED DEVELOPMEN,34-33 42ND STREET,Not Applicable,,,Permit Issued
Q01137729-S4-GC-CX,Q01137729-S4,Initial Permit,2026-09-15,2026-09-03,2026-12-23,Structural,Propose to replace rubble foundation and propose foundation for extension.,430000,97-28,99 STREET,Queens,11416,GC,NEW FINEST BUILDERS INC,1320 E 55TH STREET,Not Applicable,,,Permit Issued
Q01168130-I1-CC,Q01168130-I1,Initial Permit,2026-09-15,2026-02-26,2027-01-12,Curb Cut,RELOCATE EXISTING 8'-0CURB CUT.,2000,107-53,89 STREET,Queens,11417,GC,KAIETEUR CONSTRUCTION INC,"110-16 LIBERTY AVENUE, SUITE 201",Not Applicable,,,Permit Issued
Q01170591-I1-PL,Q01170591-I1,Initial Permit,2026-09-15,2025-04-30,2026-12-31,Sprinklers,Installation of sprinkler system in conjunction with alteration application Q01139157.,56000,739,CAFFREY AVENUE,Queens,11691,P,B&B MECH PLBG & HTG LLC,1127 UTICA AVENUE,Not Applicable,,,Permit Issued
Q01194957-S2-FN,Q01194957-S2,Initial Permit,2026-09-15,2026-04-27,2026-11-10,Construction Fence,"APPLICATION FILED FOR A 204.00 LINEAR FEET CONSTRUCTION FENCE LOCATED INSIDE THE PROPERTY LINE. ALL WORK IS AS PER PLANS FILED HEREWITH. NO CHANGE IN USE, OCCUPANCY OR EGRESS.",0,72,HILLSIDE AVENUE,Queens,11697,GC,EMERSON BROTHERS LLC,153 BEDFORD AVENUE,"BREEZY POINT COOPERATIVE, INC.",,,Permit Issued
Q01214957-S5-PL,Q01214957-S5,Initial Permit,2026-09-15,2026-09-10,2026-11-02,Plumbing,FILE PLUMBING WORK TYPE FOR THREE (3) STORY HOUSE WITH TWO (2) RESIDENTIAL DWELLING UNITS. FILED PLUMBING IN CONJUNCTION WITH NB APPLICATION JOB# Q01214957-I1,0,109-05,PINEGROVE STREET,Queens,11435,P,ALL PRO PLBG & HTG INC,63-03 FOREST AVENUE,HELMSLEY GC,,,Permit Issued
Q01234060-S7-CC,Q01234060-S7,Initial Permit,2026-09-15,2025-09-23,2026-11-03,Curb Cut,FILING NEW CURB CUT SUBSEQUENTLY UNDER NB APPLICATION #Q01234060-I1,0,143-22,84 ROAD,Queens,11435,GC,SAFE ASSURE CONSTRUCTION,143-45 HOOVER AVENUE,HIIC BUILDERS LLC,,,Permit Issued
Q01243915-I1-GC,Q01243915-I1,Initial Permit,2026-09-15,2026-01-29,2027-05-19,General Construction,Repair existing steel deck at the rear yard connecting between the house and garage.,30000,50-01,48 STREET,Queens,11377,GC,LHYF CONTRACTOR INC,14230 32ND,Carne Services Inc,,,Permit Issued
Q01256255-I1-GC,Q01256255-I1,Initial Permit,2026-09-15,2026-09-03,2026-10-09,Structural,"ALT-1 FILED FOR THE CONVERSION OF AN AUTO REPAIR SHOP TO A CONVENIENCE STORE (C-STORE) WITH INTERIOR RENOVATION AND NEW FRONT DOOR AND WINDOW, INCLUDING RENEWAL OF BSA TERMS AND ISSUANCE OF A NEW CERTIFICATE OF OCCUPANCY.",125000,137-25,JAMAICA AVENUE,Queens,11435,GC,TJS NY INC,68 WOODBINE DR NORTH,,,,Permit Issued
Q01256255-I1-ST,Q01256255-I1,Initial Permit,2026-09-15,2026-09-03,2026-10-09,Structural,"ALT-1 FILED FOR THE CONVERSION OF AN AUTO REPAIR SHOP TO A CONVENIENCE STORE (C-STORE) WITH INTERIOR RENOVATION AND NEW FRONT DOOR AND WINDOW, INCLUDING RENEWAL OF BSA TERMS AND ISSUANCE OF A NEW CERTIFICATE OF OCCUPANCY.",125000,137-25,JAMAICA AVENUE,Queens,11435,GC,TJS NY INC,68 WOODBINE DR NORTH,,,,Permit Issued
Q01258338-I1-FD,Q01258338-I1,Initial Permit,2026-09-15,2026-06-15,2027-02-24,Full Demolition,FULLY DEMOLITION OF EXISTING 2 STORY HOUSE,45000,40-43,194 STREET,Queens,11358,GC,STREAM ROCK CONTSRUCTION*,963 FOREST HILL ROAD,N/A,,,Permit Issued
Q01259175-I1-GC,Q01259175-I1,Initial Permit,2026-09-15,2025-12-16,2027-01-13,General Construction,"APPLICATION HEREWITH FILING TO LEGALIZE & MODIFY WOODEN DECK AND ROOF ATTACHED TO REAR OF HOUSE. RESOLVE VIOLATION #3930084R. NO CHANGE IN USE, EGRESS, & OCCUPANCY.",25560,89-13,88 STREET,Queens,11421,GC,THREE GLOVES CONSTRUCTION,219-11 131ST AVENUE,Not Applicable,,,Permit Issued
Q01274996-I1-GC,Q01274996-I1,Initial Permit,2026-09-15,2025-11-28,2026-12-23,General Construction,"Proposed installation of partition walls as per plans, no change in use, egress or occupancy",225000,5304,ROOSEVELT AVENUE,Queens,11377,GC,OASIS PLOMO CORP,94-16 CORONA AVENUE,Nico Management Solution,,,Permit Issued
Q01277301-I1-FO-EA,Q01277301-I1,Initial Permit,2026-09-15,2026-02-02,2027-02-24,General Construction,PROPOSE A NEW ACCESSORY GARAGE AT REAR YARD. OBTAIN NEW C OF O,0,47-27 GAR,206 STREET,Queens,11361,GC,STREAM ROCK CONTSRUCTION*,963 FOREST HILL ROAD,PR,,,Permit Issued
Q01277301-I1-GC,Q01277301-I1,Initial Permit,2026-09-15,2026-02-02,2027-02-24,Foundation,PROPOSE A NEW ACCESSORY GARAGE AT REAR YARD. OBTAIN NEW C OF O,0,47-27 GAR,206 STREET,Queens,11361,GC,STREAM ROCK CONTSRUCTION*,963 FOREST HILL ROAD,PR,,,Permit Issued
Q01278367-I1-GC,Q01278367-I1,Initial Permit,2026-09-15,2025-11-18,2026-12-23,General Construction,"REMOVE EXISTING ENCLOSURES AT 1ST FL. (FRONT) & OF EXISTING 2ND FL. INT. NON-BRG. PARTITIONS; RESTORE TO ORIGINAL LEGAL CONDITIONS AS PER SUBMITTED PLANS. APPLICATION IS FILED TO RESOLVE DOB & OATH/ECB VIOLATIONS. NO CHANGE IN OCCUPANCY, US",13750,98-17,ROOSEVELT AVENUE,Queens,11368,GC,OASIS PLOMO CORP,94-16 CORONA AVENUE,PR,,,Permit Issued
Q01292816-S4-FN,Q01292816-S4,Initial Permit,2026-09-15,2025-11-17,2026-10-28,Construction Fence,INSTALL 8' TEMPORARY CONSTRUCTION FENCE AT THE ABOVE ADDRESS,0,149-13,DELAWARE AVENUE,Queens,11355,GC,FULIN CONSTRUCTION NY INC,146-40 32ND AVENUE,N/A,,,Permit Issued
Q01296330-I1-GC,Q01296330-I1,Initial Permit,2026-09-15,2026-09-01,2026-09-29,General Construction,"REMOVAL AND INSTALLATION OF INTERIOR NON-BEARING PARTITIONS AND RELATED FINISHES AS PER DRAWINGS FILED HEREWITH. REFURBISH APARTMENT. NO CHANGE IN USE, EGRESS OR OCCUPANCY.",98000,4,DARTMOUTH STREET,Queens,11375,GC,TUSCANA RENOVATION LLC,"29-17 WILSON AVE, 2ND FL",,,,Permit Issued
Q01300266-S2-PL,Q01300266-S2,Initial Permit,2026-09-15,2026-04-14,2027-01-04,Plumbing,FILE PL WORKTYPE IN CONJUNCTION WITH JOB#Q01300266,65000,171-40,PIDGEON MEADOW ROAD,Queens,11365,P,THOMAS F. CASH & SONS INC,59-12 KISSENA BLVD,N/A,,,Permit Issued
Q01321463-I1-GC,Q01321463-I1,Initial Permit,2026-09-15,2026-06-10,2026-12-13,General Construction,APPLICATION FILED TO CONVERT 1 TO 3 FAMILY DWELLINGS MIXED USE BUILDING,568000,138-09,JAMAICA AVENUE,Queens,11435,GC,BIGGER THAN BUILDINGS LLC,142 GEORGE ST,"138-09 JAMAICA AVE, LLC",,,Permit Issued
Q01323455-S1-SE,Q01323455-S1,Initial Permit,2026-09-15,2026-02-26,2027-03-02,Support of Excavation,FILE SOE IN CONJUNCTION WITH JOB#Q01323455,0,134-36,57 AVENUE,Queens,11355,GC,NTF MANAGEMENT INC,6241 FOREST AVE APT 3P,N/A,,,Permit Issued
Q01325181-I1-GC,Q01325181-I1,Initial Permit,2026-09-15,2026-05-18,2027-06-01,General Construction,"HEREWITH FILE ALTERATION TYPE TWO IN ORDER TO DO AN HORIZONTAL EXTENSION AND INTERIOR RENOVATION ON THE FIRST FLOOR & SECOND FLOOR. TO ERECT INTERIOR PARTITIONS, TO DO PLUMBING WORK UNDER SUBSEQUENT DOB NOW BUILD APPLICATION. NO CHANGE IN U",407663.19,24-06,169 STREET,Queens,11357,GC,B SOSA ENTERPRISES CORP,35 CARROLL STREET,Not Applicable,,,Permit Issued
Q01325181-S6-ST,Q01325181-S6,Initial Permit,2026-09-15,2026-06-16,2027-06-01,Structural,HEREWITH FILE SUBSEQUENT APPLICATION TO ALTERATION TYPE TWO IN ORDER TO DO STRUCTUAL WORK ON A HORIZONTAL EXTENSION AND INTERIOR RENOVATION ON THE FIRST FLOOR & SECOND FLOOR,50004,24-06,169 STREET,Queens,11357,GC,B SOSA ENTERPRISES CORP,35 CARROLL STREET,Not Applicable,,,Permit Issued
Q01325668-I1-GC,Q01325668-I1,Initial Permit,2026-09-15,2026-04-08,2026-12-07,General Construction,"Legalize aluminum framed glass partition walls for existing office on 2nd floor per CO#420965637. This is to address ECB violations# 35720109R, 35720110Y, 35720108P, 35720111X, 35720112H. No change on use, egress or occupancy.",37275,35-12,PRINCE STREET,Queens,11354,GC,PLANET CONSTRUCTION & DE*,163-52 20TH AVENUE,PR,,,Permit Issued
Q01325668-S1-PL,Q01325668-S1,Initial Permit,2026-09-15,2026-06-05,2026-10-30,Plumbing,cap and remove illegal plumbing fixtures on 2nd floor to resolve ECB violations #35720111X.,3000,35-12,PRINCE STREET,Queens,11354,P,RRP PLUMBING CORP,106-07 NORTHERN BOULEVARD,PR,,,Permit Issued
Q01328687-S3-SE,Q01328687-S3,Initial Permit,2026-09-15,2026-05-30,2027-01-07,Support of Excavation,HEREWITH FILING SOE PLANS OF CONVERT AN EXISTING ONE DWELLING INTO TWO DWELLINGUNITS WITH MINOR HORIZONTALENLARGEMENT. THE SOE INVOLVES 1:1 EXCAVATION AND SHORING.THIS DESIGN in CONJUNCTION WITH DOB Job No: Q01328687-I1,10000,144-02,69 ROAD,Queens,11367,GC,YAFE MEOD CORP,17 BARSTOW ROAD .SUITE 401,Not Applicable,,,Permit Issued
Q01334469-I1-GC-CX,Q01334469-I1,Initial Permit,2026-09-15,2026-04-16,2027-01-12,General Construction,PROPOSED DORMERS AT FRONT AND REAR BUILDING AT ATTIC LEVEL.,70000,114-36,211 STREET,Queens,11411,GC,GEREBUZZA CONSTRUCTION IN,129-38 133RD STREET,Not Applicable,,,Permit Issued
Q01338727-I1-GC,Q01338727-I1,Initial Permit,2026-09-15,2026-09-04,2027-06-30,General Construction,"ONLY TO CONVERT EXT'G 1ST FLR. VANILLA BOX RETAIL STORE NEXT TO RES. LOBBY INTO YOUTH SOCCER TRAINING FACILITY. TO INCLUDE MINOR NON-LOAD BEARING PARTITIONS & FINISHES. PL, MS, FA, & SP MODIFICATIONS ARE FILED SUBSEQUENTLY. NO CHANGE TO EGR",120540,81-07,KEW GARDENS ROAD,Queens,11415,GC,FARTUNA CONSTRUCTION INC,3100 OCEAN PARKWAY # A8,FBL DEVELOPMENT,,,Permit Issued
Q01340055-I1-PL,Q01340055-I1,Initial Permit,2026-09-15,2026-04-22,2026-10-20,Plumbing,"FILING PLUMBING WORK TYPE. NO CHANGE IN EGRESS, USE OR OCCUPANCY.",30000,56-61 REAR,59 STREET,Queens,11378,P,Z.W. PLBG & HTG CORP,6721 13TH AVENUE,KORBUILD INC,,,Permit Issued
Q01352205-I1-GC-CX,Q01352205-I1,Initial Permit,2026-09-15,2026-08-26,2026-11-15,General Construction,Construction of single-family house.,0,15,PELHAM WALK,Queens,11697,GC,SAND-BAR CONTRACTORS INC,144 BEACH 118TH STREET,"BREEZY POINT COOPERATIVE, INC.",,,Permit Issued
Q01352927-I1-GC,Q01352927-I1,Initial Permit,2026-09-15,2026-09-09,2027-03-20,General Construction,Interior renovation & new one story extension in the rear yard,153750,90-15,70 DRIVE,Queens,11375,GC,CARLIN CONTRACTING OF NY,200 W 54TH STREET #9L,Not Applicable,,,Permit Issued
Q01353474-I1-GC,Q01353474-I1,Initial Permit,2026-09-15,2026-08-26,2026-12-31,General Construction,INTERIOR RENOVATION AT BASEMENT TO CONVERT INTO TWO DWELLING UNITS AS PER PLANS FILED HEREWITH.,186800,87-16,PITKIN AVENUE,Queens,11417,GC,RICHIE ROMA HOME IMPROVEM,87-13 75TH STREET,"JONAS EQUITIES, INC.",,,Permit Issued
Q01356659-S2-BE,Q01356659-S2,Initial Permit,2026-09-15,2026-03-18,2026-12-31,Boiler Equipment,INSTALLATION OF 2 NEW TANKLESS COIL HOT WATER HEATERS,25000,80-16,COOPER AVENUE,Queens,11385,P,KEW FOREST PLBG & HTG INC,70-02 70TH AVENUE,Shops at Atlas Park,,,Permit Issued
Q01357051-S1-SE,Q01357051-S1,Initial Permit,2026-09-15,2026-03-24,2027-02-24,Support of Excavation,FILE SOE IN CONJUNCTION WITH JOB#,0,73-26,178 STREET,Queens,11366,GC,STREAM ROCK CONTSRUCTION*,963 FOREST HILL ROAD,N/A,,,Permit Issued
Q01358087-I1-SF,Q01358087-I1,Initial Permit,2026-09-15,2026-07-08,2026-10-31,Supported Scaffold,INSTALLATION OF SUPPORTED SCAFFOLD FOR WORK LOCATION ACCESS.,20000,23-10,43 AVENUE,Queens,11101,GC,PJP INSTALLERS INC,129 OLD TURNPIKE ROAD,NYC SCHOOL CONSTRUCTION,,,Permit Issued
Q01358554-I1-SC,Q01358554-I1,Initial Permit,2026-09-15,2026-09-15,2026-12-31,Suspended Scaffold,"INSTALLATION OF TEMPORARY SUSPENDED SCAFFOLDS PER PLAN SUBMITTED. WORK SHALL COMPLY WITH 2022 BUILDING CODE CHAPTER 33. NO CHANGE IN USE, EGRESS AND/OR OCCUPANCY WITH THIS APPLICATION.",0,37-18,138 STREET,Queens,11354,GC,DORIA SCAFFOLDING LLC,205-02 JAMAICA AVENUE,Doria Scaffolding LLC,,,Permit Issued
Q01363187-I1-GC-CX,Q01363187-I1,Initial Permit,2026-09-15,2026-08-03,2027-08-21,Structural,Horizontal extension and 2nd floor addition of existing one-family house as per drawings herewith filed to obtain certificate of occupancy.,451650,80-27,257 STREET,Queens,11004,GC,UPSTRATE INC,1599 EAST 15TH ST 5 FLOOR,Not Applicable,,,Permit Issued
Q01364852-S1-PL,Q01364852-S1,Initial Permit,2026-09-15,2026-04-16,2027-03-07,Plumbing,FILING HEREWITH PLANS AND APPLICATIONS FOR NEW 1 DRYWELLL IN REAR YARD. FILED IN CONJUNCTION WITH CONSTRUCTION APPLICATION Q01364852-I1.,15000,149-46,TAHOE STREET,Queens,11417,P,CYCLURA PLBG & HTG INC,215-28 HILLSIDE AVENUE,KATARIA LLC,,,Permit Issued
Q01366167-I1-CC,Q01366167-I1,Initial Permit,2026-09-15,2026-05-22,2027-02-20,Curb Cut,INSTALL 10' DROP CURB WITH 1'-6 SPLAYS ON BOTH SIDE,5000,43-31,161 STREET,Queens,11358,GC,NY PROCONSTRUCITON INC,"131-10 40TH ROAD, 2ND FL",4331 161 ST LLC,,,Permit Issued
Q01367515-I1-GC,Q01367515-I1,Initial Permit,2026-09-15,2026-05-13,2026-11-23,General Construction,"PROPOSE MINOR HORIZONTAL EXTENSION FOR 1ST FLOOR OF THE EXISTING TWO-STORY SINGLE-FAMILY HOUSE. (NO CHANGE TO EXISTING USE, EGRESS, AND OCCUPANCY.)",26550,33-01,167 STREET,Queens,11358,GC,NORTHERN CONTRACTOR LLC,"188-06 NORTHERN BLVD, 1 FL",,,,Permit Issued
Q01368489-S1-MS,Q01368489-S1,Initial Permit,2026-09-15,2026-08-03,2026-12-03,Mechanical Systems,"PROPOSED MECHANICAL (HVAC, BATHROOM AND KITCHEN EXHAUST AND FAI)",70000,39-35,233 STREET,Queens,11363,GC,KD ONE CONSTRUCTION INC,40-39 235TH STREET,Not Applicable,,,Permit Issued
Q01368489-S2-PL,Q01368489-S2,Initial Permit,2026-09-15,2026-07-14,2026-10-03,Plumbing,"PROPOSED INSTALLATION OF PLUMBING FIXTURE, STORM DRAINAGE SYSTEM, WATER SERVICE SYSTEM.",55000,39-35,233 STREET,Queens,11363,P,BROOK PLUMBING & HTG CORP,139 BANKER STREET,Not Applicable,,,Permit Issued
Q01377265-S1-MS,Q01377265-S1,Initial Permit,2026-09-15,2026-09-01,2027-01-26,Mechanical Systems,Mechanical Work associated with conversion of an existing two (2) family house to a one (1) family as shown in plans.,50019.3,10-22,47 AVENUE,Queens,11101,GC,IQ CONTRACTING INC & ASSO,95 CROTON AVENUE,MOLINELLI ARCHITECTS,,,Permit Issued
Q01379107-I1-GC,Q01379107-I1,Initial Permit,2026-09-15,2026-09-14,2027-01-01,General Construction,"AT 1ST FLOOR -INTERIOR RENOVATION, REMOVAL OF NON-BEARING PARTITIONS &RELATED ELECTRICAL WORK. No Change in use, egress or occupancy",70000,37-11,UNION STREET,Queens,11354,GC,HAPPY HOME CONSTRUCTION C,4120 8TH AVENUE,SSY TEA LLC,,,Permit Issued
Q01384320-S2-PL,Q01384320-S2,Initial Permit,2026-09-15,2026-07-10,2026-12-06,Plumbing,FILED HEREWITH PLUMBING WORK TYPE IN CONJUNCTION WITH APPLICATION #Q01384320-I1.,0,167-36,145 DRIVE,Queens,11434,P,PLBG P & H INC,81-15 MYRTLE AVENUE,135-223 STREET LLC,,,Permit Issued
Q01391658-I1-FD,Q01391658-I1,Initial Permit,2026-09-15,2026-08-17,2027-06-07,Full Demolition,FULLY DEMOLITION OF EXISTING THREE STORY HOUSE.,45000,44-07,69 STREET,Queens,11377,GC,TJAR GROUP CORP,10-03 141ST STREET,FOREVER SUMMIT LLC,,,Permit Issued
Q01400628-I1-GC,Q01400628-I1,Initial Permit,2026-09-15,2026-09-11,2027-03-16,General Construction,"HEREWITH FILING APPLICATION FOR NEW GYP BOARD, REPLACE ALL FINISHES AS PER PLANS. EXISITING / PROPOSED 2 FAMILY DWELLING . OBTAIN NEW CERT OF OCCUPANCY",240750,59-27,69 AVENUE,Queens,11385,GC,NORTHBRIDGE CONTRACTING L,"1430 BROADWAY, SUITE 1802",PR,,,Permit Issued
Q01401022-I1-GC-CX,Q01401022-I1,Initial Permit,2026-09-15,2026-09-09,2027-01-07,Earth Work,"Application herewith filed to renovate fire damage house with Horizontal and Vertical enlargement of Existing 2-STORY 2-FAMILY building with Cellar. As per plans. File to resolve DOB violations CER01JM, CER02JM, FEU41201BP, FEU41201BP, and ",425000,114-34,167 STREET,Queens,11434,GC,YAFE MEOD CORP,17 BARSTOW ROAD .SUITE 401,NY DYNAMIC CONSTRUCTION,,,Permit Issued
Q01408350-I1-FD,Q01408350-I1,Initial Permit,2026-09-15,2026-07-27,2026-12-28,Full Demolition,Full demolition of a two (2) story building.,10000,10-11,46 AVENUE,Queens,11101,GC,N TECH DESIGN OF AMERICA,"1648 EAST 14TH STREET, STE 1",OWNERS REP,,,Permit Issued
Q01416220-I1-PL,Q01416220-I1,Initial Permit,2026-09-15,2026-08-12,2027-05-01,Plumbing,"MODIFICATION FOR STORM WATER PIPING RUNNING THRU PARKING LOT AS PER PLANS FILED HEREWITH. NO CHANGE TO USE, EGRESS OR OCCUPANCY",210000,37-24,24 STREET,Queens,11101,P,HARRIS WTR MAIN & SWR CON,2600 ATLANTIC AVENUE,PR,,,Permit Issued
Q01417473-I1-EW-SP,Q01417473-I1,Initial Permit,2026-09-15,2026-08-14,2027-01-23,Sprinklers,"GARAGE DRY-PIPE SPRINKLER SYSTEM MODIFICATIONS. NO CHANGE TO USE, EGRESS OR OCCUPANCY.",45000,47-05,CENTER BOULEVARD,Queens,11101,F,BEST PLBG HTG & COOLING,125-20 18TH AVENUE,ROCKROSE DEVELOPMENT L.L.C.,,,Permit Issued
Q01417838-S1-GC-CX,Q01417838-S1,Initial Permit,2026-09-15,2026-09-08,2027-03-31,Structural,"INSTALLATION OF SHALLOW CONCRETE FOUNDATIONS AND ALUMINUM CANOPY STRUCTURE LOCATED ON ACCESSORY OFF-SITE PARKING LOT OF EXISTING BUILDING. NO CHANGE TO USE, OCCUPANCY OR EGRESS.",60000,74-30,COMMONWEALTH BOULEVARD,Queens,11426,GC,BROOKLYN SOLARWORKS LLC,200 6TH STREET SUITE 3G,DCAS,,,Permit Issued
Q01419107-I1-FN,Q01419107-I1,Initial Permit,2026-09-15,2026-09-14,2027-05-23,Construction Fence,"INSTALLATION OF TEMPORARY CONSTRUCTION FENCE AS PER PLAN. NO CHANGE IN USE, OCCUPANCY, OR EGRESS",3880,16-14,BLAKE AVENUE,Queens,,GC,NEW SAFEWAY CONTRACTING,175-14 HILLSIDE AVENUE,Housing Preservation & Development,,,Permit Issued
Q01419872-S1-PL,Q01419872-S1,Initial Permit,2026-09-15,2026-09-08,2027-06-30,Plumbing,"PLUMBING ALTERATION TO CORRECT VIOLATIONS. PLUMBING FIXTURES REMOVAL FROM CELLAR, 1ST AMD 2ND FLOOR. NO CHANGE IN EGRESS, USE AND OCCUPANCY.",30000,104-51,118 STREET,Queens,11419,P,SIGNORE & SONS PLBG CORP,2237 WEBSTER AVENUE,PR,,,Permit Issued
Q01422170-I1-SF,Q01422170-I1,Initial Permit,2026-09-15,2026-09-01,2027-02-13,Supported Scaffold,"INSTALLATION OF PIPE SCAFFOLD FOR PS 86Q AT 87-41 PARSONS BOULEVARD, QUEENS IN CONJUNCTION WITH ALT# Q01263129, Q01422165, Q01422166 AS INDICATED ON PLANS. THERE WILL BE NO CHANGE IN THE USE, EGRESS, OR OCCUPANCY UNDER THIS APPLICATION.",10000,87-41,PARSONS BOULEVARD,Queens,11432,GC,YARKS NYC INC,135-42 129TH STREET,NYC SCHOOL CONSTRUCTION,,,Permit Issued
Q01422203-I1-GC,Q01422203-I1,Initial Permit,2026-09-15,2026-08-14,2026-12-31,General Construction,"PROPOSED INTERIOR RENOVATION ON 2ND FLOOR APT#6 AND 3RD FLOOR APT.#12. WITH REPAIRING PARTITIONS, CEILING AND FLOORING. NO CHANGE IN USE, EGRESS OR OCCUPANCY.",92700,35-15,102 STREET,Queens,11368,GC,NEW YORK CONSTRUCTION MA*,"14425 ROOSEVELT AVE, APT# 704",VIKING,,,Permit Issued
Q01423259-S1-FN,Q01423259-S1,Initial Permit,2026-09-15,2026-08-18,2027-05-14,Construction Fence,INSTALLATION OF TEMP.CONSTRUCTION FENCE FOR ALT-1FILING TO RENOVATION OF EXISTING1-FAMILY HOUSE WITH ADDING SECOND FLOOR AND REAR EXTENSION,2500,78-36,269 STREET,Queens,11040,GC,AMERICA STATE INC,94-39 LEFFERTS BLVD,N/A,,,Permit Issued
Q01424116-I1-GC,Q01424116-I1,Initial Permit,2026-09-15,2026-09-10,2026-11-07,General Construction,PROPOSED RENOVATION OF EXISTING BATHROOM AND KITCHEN. REPLACEMENT OF KITCHEN CABINETS AND FINISHES IN BATHROOM IN UNITS 2R AND 2F ON SECOND FLOOR.PLUMBING WORK TO BE FILED UNDER LAA,40000,30-42,14 STREET,Queens,11102,GC,EURO T.I. INC,1124 31 AVENUE APT 15D,EURO T.I. INC,,,Permit Issued
Q01430221-I1-GC,Q01430221-I1,Initial Permit,2026-09-15,2026-08-19,2027-05-26,General Construction,"INTERIOR RENOVATION OF PORTION OF EXISTING 1ST FL & CELLAR COMMERCIAL UNIT REMOVAL OF & INSTALLATION OF NEW PARTITION WALLS, DOORS, MILLWORK & FINISHES",48750,10-41,47 AVENUE,Queens,11101,GC,SIGNA DEVELOPMENT CORP,2690 W 36TH STREET,JENKINS PROPERTY HOLDINGS,,,Permit Issued
Q01434498-I1-GC,Q01434498-I1,Initial Permit,2026-09-15,2026-09-04,2026-11-28,General Construction,"Interior renovation of existing Lobby and Corridors to replace finishes and some light fixtures. no change in use, occupancy and egress.",150000,23-25,BELL BOULEVARD,Queens,11360,GC,JMPB DESIGN BUILD CORP,"460 PARK AVE S, FLOOR 12","AKAM ASSOCIATES, INC.",,,Permit Issued
Q01436770-S1-PL,Q01436770-S1,Initial Permit,2026-09-15,2026-08-04,2027-01-01,Plumbing,"Plumbing modifications for interior renovation of Apartment 6Y on the 2nd floor per CO 400262531 (Tenant's 6th floor) as shown on drawings filed herewith. No change in use, egress or occupancy.",20000,104-60,QUEENS BOULEVARD,Queens,11375,P,CAM ENERGY HTG&MECH CORP,213 50TH STREET,BPP PARKER TOWER PROPERTY OWNER,,,Permit Issued
Q01439774-I1-GC,Q01439774-I1,Initial Permit,2026-09-15,2026-08-12,2027-06-15,General Construction,"Interior single-family renovation as per plans filed herewith. No change to use, egress, or occupancy under this application.",102200,51-07,90 STREET,Queens,11373,GC,PHOENIKX NY INC,340 WEST 42ND STREET SUITE 2340,Not Applicable,,,Permit Issued
Q01443444-I1-BE,Q01443444-I1,Initial Permit,2026-09-15,2026-09-10,2026-11-04,Boiler Equipment,"REMOVE EXISTING FUEL OIL STORAGE TANK AS PER PLANS. NO CHANGE IN USE, EGRESS OR OCCUPANCY.",25000,4-76,47 AVENUE,Queens,11101,O,NEW YORK HEATING CORP,354 HUMBOLDT STREET,ROCKROSE DEVELOPMENT L.L.C.,,,Permit Issued
Q01443459-I1-GC,Q01443459-I1,Initial Permit,2026-09-15,2026-09-11,2026-10-01,General Construction,THIS APPLICATION IS BEING FILED FOR GENERAL CONSTRUCTION WORK ONLY FOR INTERIOR DEMOLITION OF ALLNON LOAD BEARING PARTITIONS AT FIRST FLOOR ONLY,38060,60-51,MYRTLE AVENUE,Queens,11385,GC,BROTHERS CONSTRUCTION GRO,86-20 107TH AVENUE,THE LEOPOLD GROUP,,,Permit Issued
Q01445030-S1-PL,Q01445030-S1,Initial Permit,2026-09-15,2026-09-11,2026-11-11,Plumbing,"INSTALLATION OF PLUMBING WORK AS PER PLAN FILED HEREWITH. NO CHANGE IN USE, OCCUPANCY OR EGRESS OF BUILDING.",36500,8-06,CLINTONVILLE STREET,Queens,11357,P,ROCK E SMALL PLBG&HTG INC,152-32 ROCKAWAY BLVD,Not Applicable,,,Permit Issued
Q01446123-I1-SG,Q01446123-I1,Initial Permit,2026-09-15,2026-08-24,2026-12-31,Sign,Erect illuminated non advertising sign on wall. Dunkin'- No change of use egress or occupancy,2574,29-22A,HOYT AVENUE SOUTH,Queens,11102,S,TEE BEE SIGN INST CORP,1640 CENTRE STREET,PG PROPERTIES OF QUEENS LLC,,,Permit Issued
Q01446431-I1-ST,Q01446431-I1,Initial Permit,2026-09-15,2026-08-28,2027-02-06,Structural,"Structural reinforcement of existing first floor wood joists. All work shall be completed and accessed from within the cellar. No work at first floor. No changes in use, egress or occupancy.",61249,91-19,QUEENS BOULEVARD,Queens,11373,GC,JAMES PATRICK COMPANY INC,450 FIRE ISLAND AVE,MIDWOOD MANAGEMENT CORP,,,Permit Issued
Q01447495-I1-GC,Q01447495-I1,Initial Permit,2026-09-15,2026-09-09,2027-02-15,General Construction,General renovation of 1st and 2nd floor.,50000,74-09,MYRTLE AVENUE,Queens,11385,GC,GIROLAMO RESTORATION CORP,59-48 MADISON STREET,GIROLAMO RESTORATION CORP,,,Permit Issued
Q01447775-I1-GC,Q01447775-I1,Initial Permit,2026-09-15,2026-08-31,2027-01-16,General Construction,"JOB FILED INTERIOR RENOVATION OF COMMERCIAL STORE INCLUDING NEW COUNTER, NEW FLOOR TILE AND NEW PAINT AS PER PLAN. NO CHANGE OF USE, EGRESS, OR OCCUPANCY UNDER THIS APPLICATION.",150000,31-14,30 AVENUE,Queens,11102,GC,WE R DECOR CORP,430 OCEAN TERRACE,"STORE FINDERS, INC.",,,Permit Issued
Q01449837-I1-MS,Q01449837-I1,Initial Permit,2026-09-15,2026-09-11,2027-04-18,Mechanical Systems,REPLACEMENT OF EXISTING HVAC UNIT AT ROOF,45000,117-18,QUEENS BOULEVARD,Queens,11375,GC,G.P. MECHANICAL CORP,76-22 30TH AVENUE,YORKSHIRE REALTY,,,Permit Issued
Q01451452-I1-SL,Q01451452-I1,Initial Permit,2026-09-15,2026-09-04,2026-10-01,Solar,"FILING HEREWITH TAX ABATEMENT APPLICATION FOR INSTALLATION OF ROOF-MOUNTED SOLAR PANELS. NO CHANGE IN USE, EGRESS, OR OCCUPANCY.",45000,242-12,134 AVENUE,Queens,11422,GC,SUNRUN INSTALLATION SVC,775 FIERO LN STE 200,SUNRUN,,,Permit Issued
Q01451723-I1-SL,Q01451723-I1,Initial Permit,2026-09-15,2026-09-11,2026-10-01,Solar,"FILING HEREWITH TAX ABATEMENT APPLICATION FOR INSTALLATION OF ROOF-MOUNTED SOLAR PANELS. NO CHANGE IN USE, EGRESS, OR OCCUPANCY.",20250,103-19,125 STREET,Queens,11419,GC,SUNRUN INSTALLATION SVC,775 FIERO LN STE 200,Not Applicable,,,Permit Issued
Q01452081-I1-GC,Q01452081-I1,Initial Permit,2026-09-15,2026-09-14,2027-06-23,General Construction,FILED HEREWITH TO REPAIR/REPLACE PARTIAL ROOF OF EXISTING WAREHOUSE AS PER PLANS. NO CHANGE TO USE OCCUPANCY OR EGRESS UNDER THIS APPLICATION.,400000,38-40,10 STREET,Queens,11101,GC,A&S.INTERIOR CONSTRUCTION,13201 81ST STREET,THE 38-40 LLC,,,Permit Issued
Q01453940-I1-SL,Q01453940-I1,Initial Permit,2026-09-15,2026-09-11,2027-04-27,Solar,"Installation of Solar panels on existing roof structure, No change in use, egress or occupancy.",51615,32-45,210 STREET,Queens,11361,GC,AMERGY SOLAR INC,1100 CORNWALL RD.SUITE.202,n/a,,,Permit Issued
Q01454426-I1-PMM,Q01454426-I1,Initial Permit,2026-09-15,2026-09-15,2026-12-09,Protection and Mechanical Methods,INSTALLATION OF ENGINEERED ENCLOSURE SYSTEM AS PER PLANS. ALL EQUIPMENT SHALL COMPLY WITH CHAPTER # 33 OF THE 2022 CODE. NO CHANGE IN USE OCCUPANCY OR EGRESS UNDER THIS APPLICATION.,3000,11-03,45 AVENUE,Queens,11101,GC,MC SUPERSTRUCTURE INC,135-53 NORTHERN BLVD #2B,MC SUPERSTRUCTURE INC.,,,Permit Issued
Q01454610-I1-SL,Q01454610-I1,Initial Permit,2026-09-15,2026-09-14,2027-06-01,Solar,"Installation of solar system on the roof as per plan. No change in use, egress or occupancy",95091.3,144-39,256 STREET,Queens,11422,GC,TRINITY SOLAR LLC,2211 ALLENWOOD ROAD,Not Applicable,,,Permit Issued
Q01455179-I1-SG,Q01455179-I1,Initial Permit,2026-09-15,2026-09-15,2026-10-01,Sign,"PROPOSED INSTALLATION OF 1 ILLUMINATED, NON FLASHING, ACCESSORY BUSINESS SIGN. WORDING ROMANO CLEANERS",4446,212-89,26 AVENUE,Queens,11360,S,UNITECH DESIGN INC,15-25 132ND STREET,Cord Meyer Development LLC,,,Permit Issued
Q01455315-I1-SL,Q01455315-I1,Initial Permit,2026-09-15,2026-09-10,2026-10-01,Solar,"FILING HEREWITH TAX ABATEMENT APPLICATION FOR INSTALLATION OF ROOF MOUNTED SOLAR PANELS. NO CHANGE IN USE, EGRESS OR OCCUPANCY.",20250,109-55,UNION HALL STREET,Queens,11433,GC,SUNRUN INSTALLATION SVC,775 FIERO LN STE 200,Not Applicable,,,Permit Issued
Q01455748-I1-GC,Q01455748-I1,Initial Permit,2026-09-15,2026-09-10,2027-01-19,General Construction,"EXISTING 1 FAMILY BUILDING WITH INTERIOR RENOVATION WITH PARTITION WORK AT THE CELLAR,1ST AND NO PARTITION WORK ON 2ND FLOOR,SHEETROCK PATCHING AND PAINTING ONLY UNDER THIS APPLICATION.NO CHANGE IN USE,MEANS OF EGRESS OR OCCUPANCY IN THIS A",83200,23-35,206 STREET,Queens,11360,GC,TRISTAR DEVELOPING INC,163 BAY 34TH STREET 1ST FLOOR,PR,,,Permit Issued
Q01455923-I1-SL,Q01455923-I1,Initial Permit,2026-09-15,2026-09-09,2027-04-27,Solar,"Installation of Solar panels on existing roof structure, No change in use, egress or occupancy.",25920,160-36,24 AVENUE,Queens,11357,GC,AMERGY SOLAR INC,1100 CORNWALL RD.SUITE.202,PR,,,Permit Issued
Q01455964-I1-SL,Q01455964-I1,Initial Permit,2026-09-15,2026-09-11,2026-10-01,Solar,"FILING HEREWITH TAX ABATEMENT APPLICATION FOR INSTALLATION OF ROOF MOUNTED SOLAR PANELS. NO CHANGE IN USE, EGRESS OR OCCUPANCY.",54000,258-16,147 ROAD,Queens,11422,GC,SUNRUN INSTALLATION SVC,775 FIERO LN STE 200,Not Applicable,,,Permit Issued
Q01456757-I1-SL,Q01456757-I1,Initial Permit,2026-09-15,2026-09-10,2026-09-30,Solar,"Installation of solar panels, Roof Top, Grid Tied, railed, (14) Modules, (6.16) kW System Size",30800,115- 100,228 STREET,Queens,11411,PE,MOMENTUM SOLAR,3096 B HAMILTON BLVD,Not Applicable,,,Permit Issued
Q01456816-I1-FN,Q01456816-I1,Initial Permit,2026-09-15,2026-09-15,2026-12-31,Construction Fence,"INSTALLATION OF PLYWOOD CONSTRUCTION FENCE IN ACCORDANCE WITH NYCC 2022 CHAPTER 33 BUILDING CODE. NO CHANGE IN EGRESS, USE, OR OCCUPANCY.",1000,8900,VAN WYCK EXPRESSWAY,Queens,11418,GC,ADVANCED SCAFFOLD SER.LLC,620 R OAKWOOD AVENUE,"BARR & BARR, INC",,,Permit Issued
Q01457507-I1-SL,Q01457507-I1,Initial Permit,2026-09-15,2026-09-14,2027-06-01,Solar,"Installation of solar system on the roof as per plan. No change in use, egress or occupancy",34817,8419,253 STREET,Queens,11426,GC,TRINITY SOLAR LLC,2211 ALLENWOOD ROAD,Not Applicable,,,Permit Issued
Q01457663-I1-SL,Q01457663-I1,Initial Permit,2026-09-15,2026-09-14,2027-06-01,Solar,"Installation of solar system on the roof as per plan. No change in use, egress or occupancy",17183,133-07,95 AVENUE,Queens,11419,GC,TRINITY SOLAR LLC,2211 ALLENWOOD ROAD,Not Applicable,,,Permit Issued
Q01457672-I1-SL,Q01457672-I1,Initial Permit,2026-09-15,2026-09-10,2027-04-01,Solar,"INSTALLATION OF SOLAR PANELS, ROOFTOP, RAILED GRID-TIED, 15 MODULES, 6.15KW",30750,133-08,LEFFERTS BOULEVARD,Queens,11420,PE,MOMENTUM SOLAR,3096 B HAMILTON BLVD,Not Applicable,,,Permit Issued
Q01458144-I1-SL,Q01458144-I1,Initial Permit,2026-09-15,2026-09-11,2026-10-01,Solar,"FILING HEREWITH TAX ABATEMENT APPLICATION FOR INSTALLATION OF ROOF-MOUNTED SOLAR PANELS. NO CHANGE IN USE, EGRESS, OR OCCUPANCY.",42750,114-12,95 AVENUE,Queens,11419,GC,SUNRUN INSTALLATION SVC,775 FIERO LN STE 200,Not Applicable,,,Permit Issued
Q01458341-I1-SL,Q01458341-I1,Initial Permit,2026-09-15,2026-09-11,2027-04-06,Solar,INSTALLATION OF PHOTOVOLTAIC SOLAR ARRAY ON EXISTING ROOF SYSTEM AS PER PLANS.,59730,102-04,127 STREET,Queens,11419,GC,NYSS LLC,385 WEST JOHN STREET UNIT 100,Not Applicable,,,Permit Issued
Q01458862-I1-SL,Q01458862-I1,Initial Permit,2026-09-15,2026-09-14,2026-10-19,Solar,"ROOFTOP SOLAR INSTALLATION. NO CHANGE TO USE, OCCUPANCY OR EGRESS.",31000,80-54,209 STREET,Queens,11427,GC,KAMTECH RESTORATION CORP,203 SHERIDAN BLVD,Year,,,Permit Issued
Q01459024-I1-PL,Q01459024-I1,Initial Permit,2026-09-15,2026-09-15,2027-05-01,Plumbing,"FILE TO PLUMBING WORK AS PER PLAN , WITH RELOCATE /NEW HWH., REPLACE BOILER, NEW HWH, NEW BOILER. NO CHANGE IN USE, EGRESS OR OCCUPANCY.",12000,60-21,83 PLACE,Queens,11379,P,AMERICAN STANDARD P&H COR,62-49 30TH AVENUE,N/A,,,Permit Issued
S01260007-S2-MS,S01260007-S2,Initial Permit,2026-09-15,2026-07-15,2027-02-24,Mechanical Systems,Mechanical plans for new 2 family residential house.,0,128,CROMWELL AVENUE,Staten Island,10304,GC,STATCON DEVELOPMENT LLC,516 SHARROTS ROAD,PR,,,Permit Issued
S01260022-S2-MS,S01260022-S2,Initial Permit,2026-09-15,2026-07-15,2027-02-24,Mechanical Systems,Mechanical plans for new 2 family residential house.,0,132,CROMWELL AVENUE,Staten Island,10304,GC,STATCON DEVELOPMENT LLC,516 SHARROTS ROAD,PR,,,Permit Issued
S01277709-I1-FN,S01277709-I1,Initial Permit,2026-09-15,2025-08-29,2027-03-23,Construction Fence,"SUBMIT TEMPORARY CONSTRUCTION FENCE AT OPEN SPACE, IN CONJUNCTION WITH NB APPLICATION #:S01258917-I1. NO CHANGE IN USE, EGRESS OR OCCUPANCY.",5000,106,BACHE AVENUE,Staten Island,10306,GC,RAGHUBAR CONSTRUCTION INC,256 EAST 138TH STREET,Not Applicable,,,Permit Issued
S01286455-S2-MS,S01286455-S2,Initial Permit,2026-09-15,2025-10-16,2027-03-31,Mechanical Systems,"MECHANICAL WORK AS SHOWN HEREWITH. NO CHANGES TO EGRESS, OCCUPANCY OR USE.",1880000,2800 J,VICTORY BOULEVARD,Staten Island,10314,GC,R.A.M.S. MECHANICAL INC,140 58TH ST BLDG B UNIT 4D,DASNY,,,Permit Issued
S01319070-S3-MS,S01319070-S3,Initial Permit,2026-09-15,2026-09-14,2027-02-24,Mechanical Systems,Mechanical plans for new 2 family residential house.,0,544,BRITTON AVENUE,Staten Island,10304,GC,STATCON DEVELOPMENT LLC,516 SHARROTS ROAD,PR,,,Permit Issued
S01321686-S3-MS,S01321686-S3,Initial Permit,2026-09-15,2026-09-11,2027-03-13,Mechanical Systems,"INSTALLATION OF NEW HVAC AND ERV SYSTEMS FOR THE HEATING, COOLING, AND VENTILATION OF EACH DWELLING UNIT IN THE BUILDING",0,438,BEMENT AVENUE,Staten Island,10310,GC,"DELTAMER, INC",11 FERNDALE AVENUE,HOMES R US REALTY OF NY,,,Permit Issued
S01355124-I1-FD,S01355124-I1,Initial Permit,2026-09-15,2026-07-10,2027-04-02,Full Demolition,"As per FEU & DOB, Means & Methods plan submitted as per directions sited for review & approval uploaded with this filing, immediately fully demo the building under fulltime PE supervision following DEP guidelines. ... file for permit..",15000,59,NORWALK AVENUE,Staten Island,10314,GC,ZAIM CONTRACTOR CORP,36 JOHN STREET,Not Applicable,,,Signed-off
S01358763-S1-PL,S01358763-S1,Initial Permit,2026-09-15,2026-05-15,2026-12-31,Plumbing,"PLUMBING APPLICATION FILED IN CONJUNCTION WITH ALT FOR ADDITION OF NEW BATHROOMS, ADD POINT OF USE WH, REMOVE 1/2 BATHROOM & SINKS.",20000,1659,RICHMOND AVENUE,Staten Island,10314,P,FINE MECHANICAL CORP,705 VAN DUZER STREET,1659 RICHMOND AVE LLLC,,,Permit Issued
S01363316-I1-GC-CX,S01363316-I1,Initial Permit,2026-09-15,2026-03-30,2026-10-31,Structural,PROPOSED ALTERATION TO EXISTING 1 FAMILY RESIDENCE TO INCLUDE PROPOSED STAIR TOWER.,110000,60,ST JAMES PLACE,Staten Island,10304,GC,"JACOBSON CONTRACTING,INC",5 YEOMALT AVENUE,PR,,,Permit Issued
S01367552-S1-PMM,S01367552-S1,Initial Permit,2026-09-15,2026-03-10,2027-02-22,Protection and Mechanical Methods,FILING FOR MECHANICAL EQUIPMENT FOR PROPOSED DEMOLITION,30000,104,OAKDALE STREET,Staten Island,10308,GC,STOUT HOMES INC,43 WARDELL CIRCLE,STOUT HOMES INC,,,Permit Issued
S01375266-I1-GC,S01375266-I1,Initial Permit,2026-09-15,2026-03-27,2027-03-31,General Construction,"FILING HEREWITH INTERIOR RENOVATION AS PER PLANS, NO CHANGE IN USE, EGRESS OR OCCUPANCY.",715312,382,WESTERVELT AVENUE,Staten Island,10301,GC,BUILDERS-R-US CONSTRUCTIO,"32-75 STEINWAY STREET, STE 203",SAINT JOSEPH'S MEDICAL CENTER,,,Permit Issued
S01395804-I1-MS,S01395804-I1,Initial Permit,2026-09-15,2026-06-27,2027-04-01,Mechanical Systems,"R080, INSTALLATION OF A TEMPORARY EMERGENCY MOBILE CHILLER TRAILER AND TEMPORARY GENERATOR WITH 700 GALLON INTEGRAL DIESEL TANK CONNECTED TO EXISTING BUILDING SYSTEM IN CONJUNCTION WITH DOB # S00828027. NO CHANGE IN USE, EGRESS, OR OCCUPANC",50000,715,OCEAN TERRACE,Staten Island,10301,GC,MARIC PLUMBING & HEATING,50-40 69TH PLACE,NYC SCHOOL CONSTRUCTION AUTHORITY,,,Permit Issued
S01395804-S1-BE,S01395804-S1,Initial Permit,2026-09-15,2026-06-29,2027-04-01,Boiler Equipment,"R80, INSTALLATION OF A TEMPORARY GENERATOR WITH 700 GALLON INTEGRAL DIESEL TANK CONNECTED TO A TEMPORARY MOBILE CHILLER TRAILER UNDER EMERGENCY PROJECT WITH NYC SCA IN CONJUNCTION WITH DOB # S00828027. NO CHANGE IN USE, EGRESS, OR OCCUPANCY",30000,715,OCEAN TERRACE,Staten Island,10301,O,MARIC PLBG & HTG INC,50-40 69TH PLACE,NYC SCHOOL CONSTRUCTION AUTHORITY,,,Permit Issued
S01405190-S1-PL,S01405190-S1,Initial Permit,2026-09-15,2026-09-03,2026-12-31,Plumbing,Application filed for plumbing work associated with Alteration application. All work submitted as per plans herewith.,52000,37,MOODY PLACE,Staten Island,10310,P,RELIABLE PLBG & HTG CORP,553 LINCOLN AVENUE,Not Applicable,,,Permit Issued
S01408910-S1-PL,S01408910-S1,Initial Permit,2026-09-15,2026-07-20,2026-12-31,Plumbing,PLUMBING APPLICATION FILED IN CONJUNCTION WITH NB FOR NEW BUILDING,0,43,WITTEMAN PLACE,Staten Island,10301,P,DUO PLUMBING & HTG CORP.,88 KREISCHER STREET,MADONIA DEVELOPMENT CORP,,,Permit Issued
S01422142-S2-FN,S01422142-S2,Initial Permit,2026-09-15,2026-07-24,2027-04-01,Construction Fence,"R80, INSTALLATION OF +/- 138 LINEAR FEET OF TEMPORARY POST INSTALLED CHAIN LINK FENCE TO ENCLOSE THE TEMPORARY CHILLER TRAILER AND THE TEMPORARY GENERATOR ON BEHALF OF CONTRACTOR. NO CHANGE IN USE, EGRESS, OR OCCUPANCY.",20000,715,OCEAN TERRACE,Staten Island,10301,GC,MARIC PLUMBING & HEATING,50-40 69TH PLACE,NYC SCHOOL CONSTRUCTION AUTHORITY,,,Permit Issued
S01422142-S3-SH,S01422142-S3,Initial Permit,2026-09-15,2026-07-24,2026-12-14,Sidewalk Shed,"R80, INSTALLATION OF +/- 24 LINEAR FEET OF TEMPORARY SIDEWALK SHED TO SUPPORT THE TEMPORARY CHILLER #2 PIPING SUBMITTING ON BEHALF OF THE CONTRACTOR IN CONJUNCTION. NO CHANGE IN USE, EGRESS, OR OCCUPANCY.",20000,715,OCEAN TERRACE,Staten Island,10301,GC,MARIC PLUMBING & HEATING,50-40 69TH PLACE,NYC SCHOOL CONSTRUCTION AUTHORITY,,,Permit Issued
S01424972-I1-FD,S01424972-I1,Initial Permit,2026-09-15,2026-09-01,2026-11-04,Full Demolition,demolition of one story house,18000,5199,AMBOY ROAD,Staten Island,10312,GC,NIRO INC,96 INDUSTRIAL LOOP #1,RICHMONDTOWN VILLAGE LLC,,,Permit Issued
S01430533-I1-MS,S01430533-I1,Initial Permit,2026-09-15,2026-09-15,2026-11-23,Mechanical Systems,"FILING FOR INSTALLATION OF 6 HVAC ROOFTOP UNITS AS PER PLANS. NO CHANGE IN USE, OCCUPANCY OR EGRESS.",30000,1509,FOREST AVENUE,Staten Island,10302,GC,UNLIMITED MECHANICAL COMP,37-36 10TH ST,Kimco Realty,,,Permit Issued
S01440787-S1-FN,S01440787-S1,Initial Permit,2026-09-15,2026-09-14,2026-12-31,Construction Fence,Installation of temporary 8 ft construction fence in conjunction with Alt-CO S01440787-I1.,1000,1300,CLOVE ROAD,Staten Island,10301,GC,"CPS CONTRACTING CO, INC",225 DELAWARE AVENUE,CPS CONTRACTING CO. INC.,,,Permit Issued
S01445460-I1-MS,S01445460-I1,Initial Permit,2026-09-15,2026-09-04,2026-11-15,Mechanical Systems,"DIRECT REPLACEMENT OF (2) HVAC UNITS AT ROOF ON EXISTING CURB AT FIVE BELOW RETAIL STORE. NO CHANGE TO USE,EGRESS OR OCCUPANCY UNDER THIS APPLICATION.",120000,2845,RICHMOND AVENUE,Staten Island,10314,GC,COMPLETE COOLING AND HEAT,160-38 24TH ROAD,Kimco Realty,,,Permit Issued
S01451181-I1-GC,S01451181-I1,Initial Permit,2026-09-15,2026-08-31,2026-11-17,General Construction,SEE COMMENT SECTION FOR FULL SCOPE OF WORK.,61184,185,BRICKTOWN WAY,Staten Island,10309,GC,DUNCAN ROAD DEVELOPERS,2001 GROVE STREET,Millies of Staten Island,,,Permit Issued
S01451181-S2-MS,S01451181-S2,Initial Permit,2026-09-15,2026-09-03,2026-11-17,Mechanical Systems,installation of split system heat pump for new dining area per I1 application,15000,185,BRICKTOWN WAY,Staten Island,10309,GC,DUNCAN ROAD DEVELOPERS,2001 GROVE STREET,Millies of Staten Island,,,Permit Issued
S01455104-I1-SL,S01455104-I1,Initial Permit,2026-09-15,2026-09-14,2027-06-01,Solar,"Installation of solar system on the roof as per plan. No change in use, egress or occupancy",34440,99,WINDSOR ROAD,Staten Island,10314,GC,TRINITY SOLAR LLC,2211 ALLENWOOD ROAD,Not Applicable,,,Permit Issued
S01456057-I1-FN,S01456057-I1,Initial Permit,2026-09-15,2026-09-14,2026-11-19,Construction Fence,8' HIGH PLYWOOD CONSTRUCTION FENCE,5000,104,SNEDEN AVENUE,Staten Island,10312,GC,MADONIA DEVELOPMENT CORP,51 WINANT PLACE,DONATO INC,,,Permit Issued
S01456916-I1-SL,S01456916-I1,Initial Permit,2026-09-15,2026-09-14,2027-04-06,Solar,INSTALLATION OF PHOTOVOLTAIC SOLAR ARRAY ON EXISTING ROOF SYSTEM AS PER PLANS.,44148,90,WOEHRLE AVENUE,Staten Island,10312,GC,NYSS LLC,385 WEST JOHN STREET UNIT 100,PR,,,Permit Issued
S01457029-I1-SL,S01457029-I1,Initial Permit,2026-09-15,2026-09-14,2027-04-06,Solar,INSTALLATION OF PHOTOVOLTAIC SOLAR ARRAY ON EXISTING ROOF SYSTEM AS PER PLANS.,62327,382,HANOVER AVENUE,Staten Island,10304,GC,NYSS LLC,385 WEST JOHN STREET UNIT 100,Not Applicable,,,Permit Issued
S01457236-S1-SH,S01457236-S1,Initial Permit,2026-09-15,2026-09-14,2026-12-14,Sidewalk Shed,PROPOSED INSTALLATION OF HEAVY DUTY SIDEWALK SHED AS PER PLANS. LIVE LOAD 300 PER SQUARE FEET. SIDEWALK SHED SHALL COMPLY WITH CHAPTER # 33 OF THE 2022 CODE. NO CHANGE IN USE OCCUPANCY OR EGRESS UNDER THIS APPLICATIONPROPOSED INSTALLATION O,8000,884,CASTLETON AVENUE,Staten Island,10310,GC,ALL EMPIRE BUILDING CON,101-38 130TH STREET,ALL EMPIRE BUILDING CONTRACTORS INC,,,Permit Issued
S01460197-I1-SH,S01460197-I1,Initial Permit,2026-09-15,2026-09-15,2026-12-14,Sidewalk Shed,"PROPOSED INSTALLATION OF HEAVY DUTY SIDEWALK SHED AS PER PLANS. LIVE LOAD 300 LBS PER SQUARE FEET. SIDEWALK SHED SHALL COMPLY WITH CHAPTER #33 OF THE NYC BUILDING CODE. NO CHANGE IN USE, OCCUPANCY, OR EGRESS UNDER THIS APPLICATION.",15000,101,TOMPKINS AVENUE,Staten Island,10304,GC,RELIABLE ENTERPRISES INC,1431 BRUCKNER BOULEVARD,RELIABLE ENTERPRISES INC,,,Permit Issued
S01460202-I1-SF,S01460202-I1,Initial Permit,2026-09-15,2026-09-15,2027-01-18,Supported Scaffold,"PROPOSED INSTALLATION OF TEMPORARY PIPE SCAFFOLD AS PER PLANS. WORK SHALL COMPLY WITH CHAPTER #33 OF THE NYC BUILDING CODE. NO CHANGE IN USE, OCCUPANCY, OR EGRESS UNDER THIS APPLICATION.",15000,101,TOMPKINS AVENUE,Staten Island,10304,GC,RELIABLE ENTERPRISES INC,1431 BRUCKNER BOULEVARD,RELIABLE ENTERPRISES INC,,,Permit Issued
X00844720-S1-PL,X00844720-S1,Initial Permit,2026-09-15,2023-08-02,2026-10-23,Plumbing,"INTERIOR RENOVATION OF 14-STORY NYCHA MULTIPLE DWELLING AS PART OF THE NYCHA PACT RENOVATION: REPLACEMENT OF EXISTING KITCHEN AND BATHROOM FXITURES ON EXISTING ROUGH-IN. NO CHANGE IN USE, EGRESS OR OCCUPANCY.",559900,1126,229 DRIVE NORTH,Bronx,10466,P,GM-PLUMBING CORP.,48-14 54 AVE,NEW YORK CITY HOUSING AUTHORITY,,,Permit Issued
X00844730-S1-PL,X00844730-S1,Initial Permit,2026-09-15,2023-07-11,2026-10-23,Plumbing,"INTERIOR RENOVATION OF 14-STORY NYCHA MULTIPLE DWELLING AS PART OF THE NYCHA PACT RENOVATION: REPLACEMENT OF EXISTING KITCHEN AND BATHROOM FXITURES ON EXISTING ROUGH-IN. NO CHANGE IN USE, EGRESS OR OCCUPANCY.",559900,1141,EAST 229 STREET,Bronx,10466,P,GM-PLUMBING CORP.,48-14 54 AVE,NEW YORK CITY HOUSING AUTHORITY,,,Permit Issued
X01036999-S1-PL,X01036999-S1,Initial Permit,2026-09-15,2024-09-06,2026-11-20,Plumbing,Install a new sump pump and replace a section of associated piping with new.,38000,1815,STORY AVENUE,Bronx,10473,P,KORDUN CONSTRUCTION CORP,69-43 76TH STREET,NYCHA,,,Permit Issued
X01087914-I1-SL,X01087914-I1,Initial Permit,2026-09-15,2024-09-17,2026-10-31,Solar,"INSTALLATION OF SOLAR PANELS ON EXISTING ROOF. NO CHANGE IN USE, OCCUPANCY, OR EGRESS. NO CHANGE IN BULK",93120,3305,THIRD AVENUE,Bronx,10456,GC,770 ELECTRIC CORP,375 PEARSALL AVENUE,ACMH INC.,,,Permit Issued
X01177107-S4-SC,X01177107-S4,Initial Permit,2026-09-15,2026-09-14,2027-04-01,Suspended Scaffold,INSTALL SUSPENDED SCAFFOLDING AND ROOF HOIST IN ORDER TO PERFORM FACADE EXTERIOR WORK. FACADE INSPECTIONS TO BE DONE. SIDEWALK SHED TO BE INSTALLED UNDER SEPARATE APPLICATION.,0,765,EAST 166 STREET,Bronx,10456,R,PREMIER CONSTRUCTION INC,204-08 JAMAICA AVENUE,PR,,,Permit Issued
X01215439-I1-GC-CX,X01215439-I1,Initial Permit,2026-09-15,2025-05-12,2027-04-01,General Construction,"Application to be reviewed with the Development HUB. Site Yard work and new 8'-0 high aluminum fence as per plans filed herewith. No change to use, egress, or occupancy.",1736000,1020,TRINITY AVENUE,Bronx,10456,GC,JEMCO ELECTRICAL CONT INC,92-13 180TH STREET,NYCHA,,,Permit Issued
X01253179-I1-GC,X01253179-I1,Initial Permit,2026-09-15,2026-08-05,2026-12-29,General Construction,"ALTERATIONS TO SPLIT APARTMENT #C3. SCOPE INCLUDES MINOR DEMOLITION WORK TO NON-LOAD BEARING PARTITIONS, NEW NON-LOAD BEARING PARTITIONS, NEW FINISHES, & FIRE ESCAPE EXTENSION. OBTAIN NEW CERTIFICATE OF OCCUPANCY.",100000,2415,DAVIDSON AVENUE,Bronx,10468,GC,QUINTUNA SERVICE CORP,"30-02 93RD STREET, FLOOR 1",PR,,,Permit Issued
X01254685-S4-PL,X01254685-S4,Initial Permit,2026-09-15,2026-04-27,2026-10-01,Plumbing,Plumbing work in conjunction with NB application #X01254685-I1,0,611,MEAD STREET,Bronx,10460,P,INFINITI ESC PLUMBING COR,2072 EASTCHESTER ROAD,F&A CARPENTRY CORP,,,Permit Issued
X01261881-S4-PL,X01261881-S4,Initial Permit,2026-09-15,2026-07-31,2027-03-26,Plumbing,"Installation of on-site stormwater retention system, including leaching galleys, underground piping, inlets, and associated appurtenances.",0,230,WEST 230 STREET,Bronx,10463,P,VERSUS PLBG AND HTG LLC,981 MORRIS PARK AVENUE S 202,"HUDSON RIVER CONSTRUCTION CO, LLC",,,Permit Issued
X01262029-I1-FN,X01262029-I1,Initial Permit,2026-09-15,2026-09-14,2026-11-03,Construction Fence,Temporary Construction Fence to secure property (272.00lf). Construction Fence filed in conjunction with GC #X08029467 & FD #X01341891.,5000,913,BRYANT AVENUE,Bronx,10474,GC,NEW LINE CONSTRUCTION LLC,2444 BOUCK AVENUE,nomis contracting corp,,,Permit Issued
X01286540-I1-SE,X01286540-I1,Initial Permit,2026-09-15,2025-10-14,2026-12-31,Support of Excavation,"SOE/PS199X - FOR SUPPORT OF EXCAVATION SUBMITTING ON BEHALF OF CONTRACTOR, RELATED TO DOB# X00902102, NO CHANGE IN USE, OCCUPANCY OR EGRESS",20000,1449,SHAKESPEARE AVENUE,Bronx,10452,GC,ADAM'S EUROPEAN CONTRACTI,589 JOHNSON AVENUE,NYC SCA,,,Permit Issued
X01293919-Z1-FO,X01293919-Z1,Initial Permit,2026-09-15,2026-05-02,2026-09-26,Foundation,Underpinning work for 7 story residential new building.,0,1010,UNIVERSITY AVENUE,Bronx,10452,GC,UGB DESIGN & BUILD INC,4 MEEKER AVE,DIAMOND DEV GROUP LLC,,,Permit Issued
X01295375-S5-MS,X01295375-S5,Initial Permit,2026-09-15,2026-09-14,2027-06-01,Mechanical Systems,MECHANICAL SPECIFICATIONS FILED IN CONJUNCTION WITH GC APPLICATION X01295375-I1,0,910,FAILE STREET,Bronx,10474,GC,MJH CONSTRUCTION CORP,"670 MYRTLE AVE, #6366",Nelson Capital Associates LLC,,,Permit Issued
X01314469-I1-GC,X01314469-I1,Initial Permit,2026-09-15,2026-08-06,2027-07-16,General Construction,"FRONT AND REAR 2ND FL HORIZONTAL ENLARGEMENT OF (1) FAMILY HOME, NEW INTERIOR PARTITIONS, AND INTERIOR FINISHES THROUGHOUT 1RST AND 2ND FL. THE 2ND FL ENLARGEMENT IS FOR ADDITIONAL 394 SF AS PER PLANS. CORRECTING ECB VIOLATION# 39188109Y, A",102440,1370,KEARNEY AVENUE,Bronx,10465,GC,ACS ENVIRONMENTAL & CONST,2950 BAINBRIDGE AVE STE 4A,Not Applicable,,,Permit Issued
X01314469-I1-ST,X01314469-I1,Initial Permit,2026-09-15,2026-08-06,2027-07-16,Structural,"FRONT AND REAR 2ND FL HORIZONTAL ENLARGEMENT OF (1) FAMILY HOME, NEW INTERIOR PARTITIONS, AND INTERIOR FINISHES THROUGHOUT 1RST AND 2ND FL. THE 2ND FL ENLARGEMENT IS FOR ADDITIONAL 394 SF AS PER PLANS. CORRECTING ECB VIOLATION# 39188109Y, A",102440,1370,KEARNEY AVENUE,Bronx,10465,GC,ACS ENVIRONMENTAL & CONST,2950 BAINBRIDGE AVE STE 4A,Not Applicable,,,Permit Issued
X01330927-S2-PL,X01330927-S2,Initial Permit,2026-09-15,2026-05-20,2026-10-03,Plumbing,Removal of existing gas fired unit heater and rooftop unit and cap existing gas pipe back to gas main.,25000,1610,MATTHEWS AVENUE,Bronx,10462,P,BROOK PLUMBING & HTG CORP,139 BANKER STREET,Consolidated Edison of New York,,,Permit Issued
X01391453-I1-GC,X01391453-I1,Initial Permit,2026-09-15,2026-07-09,2026-12-18,General Construction,APPLICATION FILED FOR RESTORATION OF CELLAR FLOOR TO PRIOR LEGAL CONDITION TO CURE ECB VIOLATIONS #39143027L.,7605,2809,COLLIS PLACE,Bronx,10465,GC,WIT VENTURES LLC,2961 HARDING AVENUE,Not Applicable,,,Permit Issued
X01396295-I1-SG,X01396295-I1,Initial Permit,2026-09-15,2026-09-11,2026-09-21,Sign,"ERECT AN NON-ILLUMINATED SIGN ON WALL.NOT WITHIN VIEW OF ARTERIAL HIGHWAY OR PUBLIC PARK 1/2 ACRE OR MORE. NO CHANGE IN USE, EGRESS OR OCCUPANCY.",2726,1711,BOONE AVENUE,Bronx,10460,S,NEPTUNE SIGNS & AWNINGS,2260 HOLLERS AVE,DG DEVELOPMENT PARTNERS,,,Permit Issued
X01407683-I1-FD,X01407683-I1,Initial Permit,2026-09-15,2026-07-27,2026-12-28,Full Demolition,Full demolition to a one story building,20000,761,EAST TREMONT AVENUE,Bronx,10460,GC,N TECH DESIGN OF AMERICA,"1648 EAST 14TH STREET, STE 1",Lead It Builders LLC,,,Permit Issued
X01421623-I1-GC,X01421623-I1,Initial Permit,2026-09-15,2026-08-20,2027-02-11,General Construction,Install open framed pallet racking into existing warehouse,71113.67,550,BRUSH AVENUE,Bronx,10465,GC,PLESCIA CONSTR & DEV LLC,22 SOUTH ST,LIBERTY MECHANICAL CONT,,,Permit Issued
X01429887-S1-ST,X01429887-S1,Initial Permit,2026-09-15,2026-07-31,2026-12-31,Structural,"PROPOSE INSTALLATION OF NEW SUPPORTS FOR VENTILATION EQUIPMENT AND HVAC SYSTEM AS PER PLANS. NEW FLOOR OPENINGS AND REINFORCEMENT OF EXISTING CONCRETE SLAB FOR NEW MECHANICAL EQUIPMENT (BY OTHERS). NO CHANGE IN USE, EGRESS OR OCCUPANCY.",200000,1250,MORRIS PARK AVENUE,Bronx,10461,GC,JUNO CONTRACTING CORP,271 58TH STREET,Actinium Pharma,,,Permit Issued
X01437362-I1-SG,X01437362-I1,Initial Permit,2026-09-15,2026-09-14,2026-10-01,Sign,PROPOSED INSTALLATION OF 1 ILLUMINATED NON-FLASHING ACCESSORY BUSINESS SIGN. WORDING FRUIT & VEGETABLES GROCERY Mr. Pina Logo,5850,3524,JOHNSON AVENUE,Bronx,10463,S,UNITECH DESIGN INC,15-25 132ND STREET,Not Applicable,,,Permit Issued
X01439598-I1-SG,X01439598-I1,Initial Permit,2026-09-15,2026-09-09,2026-11-27,Sign,"PROPOSE NEW ILLUMINATED CHANNEL LETTERS ON ALUMINUM RACEWAY FOR EXISTING COMMERCIAL SPACE. NO CHANGE TO USE, EGRESS OR OCCUPANCY.",3000,1276,CASTLE HILL AVENUE,Bronx,10462,S,LONG SHOT CRANE LLC,1109 METROPOLITAN AVE,8203 3RD AVE PROPERTY LLC,,,Permit Issued
X01440075-I1-GC,X01440075-I1,Initial Permit,2026-09-15,2026-08-31,2026-12-31,General Construction,INTERIOR RENOVATION OF APARTMENT 3J AS PER PLANS FILED HEREWITH.,70500,2160,TIEBOUT AVENUE,Bronx,10457,GC,PALM TREE CONSTRUCTION CO,5314 16TH AVE SUITE 250,DKCK,,,Permit Issued
X01440600-I1-GC,X01440600-I1,Initial Permit,2026-09-15,2026-08-28,2026-12-05,General Construction,NEW CHIMNEY LINER. NO CHANGE IN MEANS OF EGRESS USE GROUP OR OCCUPANCY.,35000,50,EAST 212 STREET,Bronx,10467,GC,GUARANTEED HOME IMPROVEME,500 OLDBETHPAGE ROAD,LANGSAM PROPERTY SERVICES,,,Permit Issued
X01447777-I1-GC,X01447777-I1,Initial Permit,2026-09-15,2026-09-10,2027-01-17,General Construction,PERFORM MINOR MASONRY REPAIRS ON WALLS OF OPEN TELECOMMUNICATIONS TOWER ABOVE ROOF AS SHOWN ON PLAN PROVIDED.,6000,2500,CROTONA AVENUE,Bronx,10458,GC,STARCO CONSTRUCTION CORP,2780 WILSON ACE 1ST. FLOOR,STARCO CONSTRUCTION CORP.,,,Permit Issued
X01449195-I1-SC,X01449195-I1,Initial Permit,2026-09-15,2026-09-11,2026-12-13,Suspended Scaffold,INDUSTRIAL ROPE ACCESS FOR FACADE INSPECTIONS.,0,3777,INDEPENDENCE AVENUE,Bronx,10463,R,CANIDO BASONAS CONST. COR,314 48TH STREET,Garthchester Realty Associates,,,Permit Issued
X01449469-I1-SC,X01449469-I1,Initial Permit,2026-09-15,2026-09-14,2026-12-09,Suspended Scaffold,Suspended Scaffold for Facade Restoration as Shown on Plans,0,4320,VAN CORTLANDT PARK EAST,Bronx,10470,R,JC SANTANA CONTRACTING CO,160 WEST 231ST STREET,NICHE WATERPROOFING LLC,,,Permit Issued
X01455095-I1-SF,X01455095-I1,Initial Permit,2026-09-15,2026-09-15,2027-05-29,Supported Scaffold,SCAFFOLD PROPOSED INSTALLATION OF PIPE SCAFFOLD FOR REMEDIAL REPAIRS AS PER PLANS. NO CHANGE IN USE OCCUPANCY OR EGRESS UNDER THIS APPLICATION.,4000,3616,BRONX BOULEVARD,Bronx,10467,GC,"ROSE CONTRACTOR NY, INC",2918 BOSTON ROAD,"ROSE CONTRACTOR NY, INC",,,Permit Issued
X01455657-I1-FN,X01455657-I1,Initial Permit,2026-09-15,2026-09-15,2027-07-02,Construction Fence,"INSTALLATION OF THE TEMPORARY FENCE AT 660 ARNOW AVENUE, BRONX, NY 10467 AS INDICATED ON PLANS. THERE WILL BE NO CHANGE IN THE USE, EGRESS, OR OCCUPANCY UNDER THIS APPLICATION.",10000,660,ARNOW AVENUE,Bronx,10467,GC,MNK ENTERPRISES LLC,602 BAY PINE AIRE DRIVE,NYCHA,,,Permit Issued
X01455666-I1-SH,X01455666-I1,Initial Permit,2026-09-15,2026-09-15,2026-12-14,Sidewalk Shed,"INSTALLATION OF TEMPORARY SIDEWALK SHED AT 660 ARNOW AVENUE, BRONX, NY 10467 AS INDICATED ON PLANS. THERE WILL BE NO CHANGE IN THE USE, EGRESS, OR OCCUPANCY UNDER THIS APPLICATION.",10000,660,ARNOW AVENUE,Bronx,10467,GC,MNK ENTERPRISES LLC,602 BAY PINE AIRE DRIVE,NYCHA,,,Permit Issued
X01455671-I1-SH,X01455671-I1,Initial Permit,2026-09-15,2026-09-15,2026-12-14,Sidewalk Shed,"INSTALLATION OF TEMPORARY SIDEWALK SHED AT 635 ARNOW AVENUE, BRONX, NY 10467 AS INDICATED ON PLANS. THERE WILL BE NO CHANGE IN THE USE, EGRESS, OR OCCUPANCY UNDER THIS APPLICATION.",10000,635,ARNOW AVENUE,Bronx,10467,GC,MNK ENTERPRISES LLC,602 BAY PINE AIRE DRIVE,NYCHA,,,Permit Issued
X01455677-I1-SH,X01455677-I1,Initial Permit,2026-09-15,2026-09-15,2026-12-14,Sidewalk Shed,"INSTALLATION OF TEMPORARY SIDEWALK SHED AT 640 ADEE AVENUE, BRONX, NY 10467 AS INDICATED ON PLANS. THERE WILL BE NO CHANGE IN THE USE, EGRESS, OR OCCUPANCY UNDER THIS APPLICATION.",10000,640,ADEE AVENUE,Bronx,10467,GC,MNK ENTERPRISES LLC,602 BAY PINE AIRE DRIVE,NYCHA,,,Permit Issued
X01456027-S1-SH,X01456027-S1,Initial Permit,2026-09-15,2026-09-14,2026-12-14,Sidewalk Shed,PROPOSED INSTALLATION OF HEAVY DUTY SIDEWALK SHED AS PER PLANS. LIVE LOAD 300 PER SQUARE FEET. SIDEWALK SHED SHALL COMPLY WITH CHAPTER # 33 OF THE 2022 CODE. NO CHANGE IN USE OCCUPANCY OR EGRESS UNDER THIS APPLICATIONPROPOSED INSTALLATION O,8000,2316,BRUNER AVENUE,Bronx,10469,GC,SKYVISION CONSTRUCTIONS,103-40 103RD STREET,SKYVISION CONSTRUCTIONS,,,Permit Issued
X01456027-S2-SF,X01456027-S2,Initial Permit,2026-09-15,2026-09-14,2027-01-06,Supported Scaffold,CONSTRUCTION EQUIPMENT - SCAFFOLD PROPOSED INSTALLATION OF PIPE SCAFFOLD FOR REMEDIAL REPAIRS AS PER PLANS. PIPE SCAFFOLD SHALL COMPLY WITH CHAPTER#33 OF 2022 THE NY BUILDING CODE. NO CHANGE IN USE OCCUPANCY OR EGRESS UNDER THIS APPLICATION,10000,2316,BRUNER AVENUE,Bronx,10469,GC,SKYVISION CONSTRUCTIONS,103-40 103RD STREET,SKYVISION CONSTRUCTIONS,,,Permit Issued
X01457691-I1-SH,X01457691-I1,Initial Permit,2026-09-15,2026-09-11,2026-11-16,Sidewalk Shed,"INSTALLATION OF TEMPORARY SIDEWALK SHED AS PER PLANS. SECTION OF THE SHED IS IN THE ROADWAY AND SHALL BE PERMITTED AT D.O.T. WORK SHALL COMPLY WITH 2008 BUILDING CODE CHAPTER 13. NO CHANGE IN USE, EGRESS OR OCCUPANCY.",1,1806,ANTHONY AVENUE,Bronx,10457,GC,CORE SCAFFOLD SYSTEMS INC,417 MYRTLE AVE SUITE 14,OWNERS REP,,,Permit Issued
X01457958-I1-SH,X01457958-I1,Initial Permit,2026-09-15,2026-09-15,2026-12-14,Sidewalk Shed,"INSTALLATION OF TEMPORARY HEAVY DUTY SIDEWALK SHED AS PER PLANS. NO CHANGE IN USE, EGRESS OR OCCUPANCY. SIDEWALK SHED SHALL COMPLY WITH CHAPTER #33 OF 2022 THE NYC BUILDING CODE. LIVE LOAD 300PSF.",1000,4320,VAN CORTLANDT PARK EAST,Bronx,10470,GC,ANDAMIO SCAFFOLDING LLC,20 BURLING LANE (BOX 4-1),NICHE WATERPROOFING LLC,,,Permit Issued
X01458297-I1-SH,X01458297-I1,Initial Permit,2026-09-15,2026-09-15,2026-10-03,Sidewalk Shed,"Filing is for temporary sidewalk shed. No change in use, occupancy or egress.",5000,2320,BELMONT AVENUE,Bronx,10458,GC,N.B.A CONSTRUCTION INC,283 EAST 3RD STREET,Not Applicable,,,Permit Issued
X01459950-I1-SF,X01459950-I1,Initial Permit,2026-09-15,2026-09-15,2026-12-02,Supported Scaffold,"PROPOSED INSTALLATION OF TEMPORARY PIPE SCAFFOLD AS PER PLANS. WORK SHALL COMPLY WITH CHAPTER #33 OF 2022 THE NYC BUILDING CODE. NO CHANGE IN USE, OCCUPANCY, OR EGRESS UNDER THIS APPLICATION.",1000,80,WESTCHESTER SQUARE,Bronx,10461,GC,PROFESSIONAL LINE CORP,172-22 144TH AVENUE,PROFESSIONAL LINE CORP,,,Permit Issued
X08053901-S1-PL,X08053901-S1,Initial Permit,2026-09-15,2023-04-11,2026-10-23,Plumbing,"INTERIOR RENOVATION OF 14-STORY NYCHA MULTIPLE DWELLING AS PART OF THE NYCHA PACT RENOVATION: REPLACEMENT OF EXISTING KITCHEN AND BATHROOM FXITURES ON EXISTING ROUGH-IN. NO CHANGE IN USE, EGRESS OR OCCUPANCY.",650000,1145,EAST 229 STREET,Bronx,10466,P,GM-PLUMBING CORP.,48-14 54 AVE,NEW YORK CITY HOUSING AUTHORITY,,,Permit Issued
B00512095-S5-EW-SD,B00512095-S5,Initial Permit,2026-09-14,2023-07-19,2026-10-30,Standpipe,"INSTALLATION OF PLUMBING, SPRINKLER AND STANDPIPE SYSTEMS SUBSEQUENT WITH NB APPLICATION # B00512095.",140000,3141,ATLANTIC AVENUE,Brooklyn,11208,F,RRP PLUMBING CORP,106-07 NORTHERN BOULEVARD,ROYAL EXPEDITING,,,Permit Issued
B01036370-S6-PMM,B01036370-S6,Initial Permit,2026-09-14,2026-09-14,2027-04-04,Protection and Mechanical Methods,"INSTALLATION AND USE OF TEMPORARY KNUCKLEBOOM AS PER PLANS FILED HEREWITH. NO CHANGE IN USE EGRESS, OR OCCUPANCY.",3000,249,BRIGHTON BEACH AVENUE,Brooklyn,11235,GC,CHESAKL ENTERPRISES INC,3099 CROPSEY AVE,CHESAKL ENTERPRISES INC,,,Permit Issued
B01059134-S1-SE,B01059134-S1,Initial Permit,2026-09-14,2024-07-17,2026-11-29,Support of Excavation,SOE in conjunction with FO-B01059134,21996,2921,BRIGHTON 4 STREET,Brooklyn,11235,GC,LKC GROUP,627 AVENUE W,2921 BRIGHTON 4 LLC,,,Permit Issued
B01063891-S1-ST,B01063891-S1,Initial Permit,2026-09-14,2026-07-21,2026-11-26,Structural,Replacement of existing damaged and undersized timber roof joists with new 1200BAJ 250-97 Metal Joists at 12 OC,36120,297,COLUMBIA STREET,Brooklyn,11231,GC,SCALI CONSTRUCTION INC,573 HENRY STREET,Not Applicable,,,Permit Issued
B01066290-I1-GC-CX,B01066290-I1,Initial Permit,2026-09-14,2024-11-08,2027-06-19,Earth Work,NEW BUILDING - 2 FAMILIES,0,739,AUTUMN AVENUE,Brooklyn,11208,GC,PADMA SERVICE LLC,101-19 112TH STREET,MAR AND MOSTAK INC,,,Permit Issued
B01080852-S4-FO,B01080852-S4,Initial Permit,2026-09-14,2025-02-19,2026-11-05,Foundation,"FILING FOUNDATION IN CONJUNCTION TO PRIMARY APPLICATION NB # B01080852-I1 FOR NEW 4 STORY COMMERCIAL STEEL BUILDING. FOUNDATION TO INCLUDE FOOTINGS, TIE BEAMS, MAT FOUNDATION, PIERS, FOUNDATION WALLS AND WALL FOOTING.",0,345,OCEAN PARKWAY,Brooklyn,11218,GC,PANACEA CONTRACTING CORP,41 CAMBRIDGE AVENUE,JLN CONSTRUCTION,,,Permit Issued
B01084153-S5-GC-CX,B01084153-S5,Initial Permit,2026-09-14,2026-04-24,2027-03-31,General Construction,Retaining wall reconstruction at the rear yard as per plans filed herewith.,80000,615,80 STREET,Brooklyn,11209,GC,A & E BROTHERS LTD,55-07 METROPOLITAN AVE,Not Applicable,,,Permit Issued
B01110512-S5-ST,B01110512-S5,Initial Permit,2026-09-14,2025-05-29,2027-02-11,Structural,"Reinforcement of the existing trusses, framing the new stair, raising the height of (3) openings and installing new lintels, and raising and installing (2) steel columns for a future phase",78000,43 GAR,MEADOW STREET,Brooklyn,11206,GC,WILTON CONSTRUCTION MNGRS,48 TOPFIELD ROAD,Refuge,,,Permit Issued
B01111764-I1-ST,B01111764-I1,Initial Permit,2026-09-14,2025-03-14,2026-12-31,Structural,"REMOVAL AND REPLACEMENT OF FACE BRICK MASONRY, AS INDICATED ON DRAWINGS.2. REMOVAL AND REPLACEMENT OF SELECTIVE DECORATIVE TERRA COTTA AND LIMESTONEMASONRY, AS INDICATED ON DRAWINGS.3. PARTIAL ROOFING REMOVAL AND REPLACEMENT AT ROOF NO. 1 (",20000000,4211,14 AVENUE,Brooklyn,11219,GC,MALENI GROUP INC,1863 CHESTER DR,NYC SCHOOL CONSTRUCTION AUTHORITY,,,Permit Issued
B01140445-S2-PL,B01140445-S2,Initial Permit,2026-09-14,2026-09-03,2026-11-02,Plumbing,Plumbing application filed in conjunction with DOB NOW job # B01140445-I1,60800,644,EAST NEW YORK AVENUE,Brooklyn,11203,P,AL PLUMBING & CONT. INC,9221 DITMAS AVE,PR,,,Permit Issued
B01148168-S1-PL,B01148168-S1,Initial Permit,2026-09-14,2026-02-27,2026-11-23,Plumbing,"NEW PLUMBING WORK TO INCLUDE BATHROOMS, KITCHEN, HWH, AND ROOF DRAINS.",25805,168,VERNON AVENUE,Brooklyn,11206,P,BT'S PLUMBING AND HEATING,82-01 ROCKAWAY BLVD#412,Not Applicable,,,Permit Issued
B01169304-S2-MS,B01169304-S2,Initial Permit,2026-09-14,2025-06-17,2026-12-23,Mechanical Systems,Filing herewith for the modifications to existing mechanical seems and installation of new air condensing unit .,38000,439,SACKETT STREET,Brooklyn,11231,GC,TOLLOCAN SHEET METAL INC,37-25 54TH STREET,Not Applicable,,,Permit Issued
B01176931-I1-GC,B01176931-I1,Initial Permit,2026-09-14,2026-05-06,2027-01-23,General Construction,"HEREBY FILING ALTCO APPLICATION TO OBTAIN CERTIFICATE OF OCCUPANCY FOR CHANGE OF USE EXISTING THREE FAMILY RESIDENCE TO TWO FAMILY RESIDENCE. INTERIOR WORK AT CEL, BAS, 1-4 AND ROOF. RELATED MEP APPLICATIONS TO BE FILED SEPARATELY.",37080,477,4 STREET,Brooklyn,11215,GC,MZZ RENOVATION CORP,6010 PALMETTO STREET,Not Applicable,,,Permit Issued
B01214416-S4-FN,B01214416-S4,Initial Permit,2026-09-14,2025-09-12,2026-10-27,Construction Fence,"Application filed to install 8'-0 high opaque wood temporary construction fence. No change to use, egress, nor occupancy",7000,1380,PUTNAM AVENUE,Brooklyn,11221,GC,ADAM B. CONTTRACTING INC,429 MEEKER AVENUE,1380 putnam ave LLC,,,Permit Issued
B01214854-S3-FO,B01214854-S3,Initial Permit,2026-09-14,2025-07-08,2026-12-31,Structural,STRUCTURAL: ENLARGEMENT OF OPENINGS AT THE EXISTING REAR MASONRY WALL. PROPOSED REAR STEEL DECK AND CORRESPONDING FOUNDATION SYSTEM.,23500,396,SACKETT STREET,Brooklyn,11231,GC,"THOMAS P GALLAGHER, INC",43-08 58TH STREET,n/a,,,Permit Issued
B01214854-S3-GC,B01214854-S3,Initial Permit,2026-09-14,2025-07-08,2026-12-31,Structural,STRUCTURAL: ENLARGEMENT OF OPENINGS AT THE EXISTING REAR MASONRY WALL. PROPOSED REAR STEEL DECK AND CORRESPONDING FOUNDATION SYSTEM.,23500,396,SACKETT STREET,Brooklyn,11231,GC,"THOMAS P GALLAGHER, INC",43-08 58TH STREET,n/a,,,Permit Issued
B01214854-S3-ST,B01214854-S3,Initial Permit,2026-09-14,2025-07-08,2026-12-31,General Construction,STRUCTURAL: ENLARGEMENT OF OPENINGS AT THE EXISTING REAR MASONRY WALL. PROPOSED REAR STEEL DECK AND CORRESPONDING FOUNDATION SYSTEM.,23500,396,SACKETT STREET,Brooklyn,11231,GC,"THOMAS P GALLAGHER, INC",43-08 58TH STREET,n/a,,,Permit Issued
B01227494-S1-PL,B01227494-S1,Initial Permit,2026-09-14,2026-06-18,2026-12-31,Plumbing,PROPOSE PLUMBING WORK IN CONJUNCTION WITH ARCH#B01227494-I1.,108000,146,HICKS STREET,Brooklyn,11201,P,CROWN PLUMBING INC,185 EAST 123RD STREET,Not Applicable,,,Permit Issued
B01231339-S1-GC,B01231339-S1,Initial Permit,2026-09-14,2026-03-11,2027-01-18,General Construction,"remove window, door and brick wall at original garage door area, install garage door. legalize existing bathroom enclosure in the basement. this is to resolve ECB violation# 39137951X. no change in use , egress or occupancy.",4000,2133,EAST 33 STREET,Brooklyn,11234,GC,ZITAN BILT INC,9-11 118TH STREET,,,,Permit Issued
B01238698-I1-GC,B01238698-I1,Initial Permit,2026-09-14,2026-09-02,2027-01-05,General Construction,"Minor interior work of existing second and third floors. Work as per plans filed no change in use, egress or occupancy.",100050,595,10 STREET,Brooklyn,11215,GC,DESIGN 2 BUILD NEW YORK,1923 MCDONALD AVENUE #112,Not Applicable,,,Permit Issued
B01238698-S2-MS,B01238698-S2,Initial Permit,2026-09-14,2026-04-24,2027-01-05,Mechanical Systems,"Mechanical work as per plans. No change in use, egress or occupancy.",20000,595,10 STREET,Brooklyn,11215,GC,DESIGN 2 BUILD NEW YORK,1923 MCDONALD AVENUE #112,Not Applicable,,,Permit Issued
B01247400-I1-GC,B01247400-I1,Initial Permit,2026-09-14,2026-09-09,2027-06-15,General Construction,"CONVERT EXISTING 1 FAMILY TO 2 FAMILY ,EXTENSION IN THE FRONT AND REAR.WORK INCLUDING STRUCTURAL,MECHANICAL,INTERIOR & EXTERIOR WORK.NEW C.O. REQUEST",370496,2536,EAST 22 STREET,Brooklyn,11235,GC,BRIGHTON CONTRACTORS INC,2538 E 22ND STREET,BRIGHTON CONTRACTORS INC,,,Permit Issued
B01248446-I1-FO,B01248446-I1,Initial Permit,2026-09-14,2025-10-06,2026-10-30,Foundation,"THE STRUCTURAL WORK AS PER PLANS FILED HEREWITH INCLUDES INSTALLATION OF CONCRETE SUPPORTS FOR GROUND MOUNTED 5MW (22MWh) ENERGY STORAGE SYSTEM AND STRUCTURAL STEEL FRAMING SYSTEM FOR NFPA 15, IN OUTDOOR SPACE. NO CHANGE IN USE, EGRESS OR O",660000,172,WILLIAMS AVENUE,Brooklyn,11207,GC,VERDE ELECTRIC CORP,1402 BLONDELL AVENUE,PR,,,Permit Issued
B01258848-I1-MS,B01258848-I1,Initial Permit,2026-09-14,2025-10-20,2027-01-01,Mechanical Systems,"replace existing a.c. unit at first floor roof. no change in use, egress or occupancy.",250000,238,ATLANTIC AVENUE,Brooklyn,11201,GC,THERMOCHILL HVACR,"604.WEST 191ST STREET, APT 42",NICHOLAS CAMMARATO,,,Permit Issued
B01274421-S2-PL,B01274421-S2,Initial Permit,2026-09-14,2026-07-21,2026-11-11,Plumbing,"FILING FOR PLUMBING WORK F A NEW ONE FAMILY, TWO STORY RESIDENCE",0,3116,AVENUE I,Brooklyn,11210,P,ROCK E SMALL PLBG&HTG INC,152-32 ROCKAWAY BLVD,,,,Permit Issued
B01281662-I1-GC-CX,B01281662-I1,Initial Permit,2026-09-14,2026-09-03,2026-10-21,Mechanical Systems,"NEW TENANT SPACE FITOUT FOR EXISTING RETAIL SPACE ON THE FIRST FLOOR FOR A NAIL SALON. NO CHANGE TO USE, EGRESS OR OCCUPANCY.",135000,601,THROOP AVENUE,Brooklyn,11216,GC,SAMIL CONTRACT INC,"18902 CROCHERON AVE, #1",RIVINGTON COMPANY,,,Permit Issued
B01288698-I1-SH,B01288698-I1,Initial Permit,2026-09-14,2025-09-26,2026-12-13,Sidewalk Shed,"INSTALLATION OF HEAVY DUTY SIDEWALK SHED. NO CHANGE IN USE, OCCUPANCY OR EGRESS UNDER THIS APPLICATION, ALL WORK TO COMPLY WITH CHAPTER 33 OF NYCBC.",16800,234,BAY RIDGE AVENUE,Brooklyn,11220,GC,J & G CONSTRUCTION SVCS,125-05 101ST AVENUE,J & G CONSTRUCTION SRVCS,,,Permit Issued
B01290763-S1-SE,B01290763-S1,Initial Permit,2026-09-14,2026-08-14,2027-01-11,Support of Excavation,FILE SOE WORK TYPE IN CONJUNCTION WITH ALT-1 CO APPLICATION JOB#B01290763-I1.,50000,846,58 STREET,Brooklyn,11220,GC,JABBIE INDUSTRIES INCORP*,"1361 BOSTON ROAD, APT 3B",Not Applicable,,,Permit Issued
B01290763-S2-FO,B01290763-S2,Initial Permit,2026-09-14,2026-09-09,2027-01-11,Foundation,FILE FOUNDATION WORK TYPE IN CONJUNCTION WITH ALT-1 CO APPLICATION JOB#B01290763-I1.,100000,846,58 STREET,Brooklyn,11220,GC,JABBIE INDUSTRIES INCORP*,"1361 BOSTON ROAD, APT 3B",Not Applicable,,,Permit Issued
B01290763-S3-ST,B01290763-S3,Initial Permit,2026-09-14,2026-09-09,2027-01-11,Structural,FILE STRUCTURAL WORK TYPE IN CONJUNCTION WITH ALT-1 CO APPLICATION JOB#B01290763-I1.,250000,846,58 STREET,Brooklyn,11220,GC,JABBIE INDUSTRIES INCORP*,"1361 BOSTON ROAD, APT 3B",Not Applicable,,,Permit Issued
B01309053-S2-GC-CX,B01309053-S2,Initial Permit,2026-09-14,2026-08-04,2026-12-28,Structural,"STRUCTURAL & FOUNDATION PLANS FOR INTERIOR ALTERATIONS TO BASEMENT - 3RD FLOOR; NEW BENCH FOOTING, STRUCTURAL PLANS FOR NEW 4TH FLOOR PENTHOUSE",350000,920,LORIMER STREET,Brooklyn,11222,GC,MARK BRADY CONTRACTING,16 ARLO LANE,920 Lorimer LLC,,,Permit Issued
B01318386-I1-GC,B01318386-I1,Initial Permit,2026-09-14,2026-09-08,2027-04-01,General Construction,RENOVATION OF EXISTING APARTMENT IN CELLAR,60000,210,SUNNYSIDE AVENUE,Brooklyn,11207,GC,XINLI.CONSTRUCTION LLC,148 BAY 26 STREET,PR,,,Permit Issued
B01321641-I1-GC,B01321641-I1,Initial Permit,2026-09-14,2026-08-28,2027-04-30,General Construction,APPLICATION FOR CHANGE OF USE AND OCCUPANCY TO RETAIL ON THE 2ND FLOOR AS PER PLANS FILED HEREWITH. WORK INCLUDES THE INSTALLATION OF GUARD RAILS ON THE PROPOSED ROOF TERRACE.,15000,314,LIVINGSTON STREET,Brooklyn,11217,GC,COW BAY SPRINKLER CORP,40 ROSELLE STREET,ELINORE STERN TRUST,,,Permit Issued
B01322138-I1-FN,B01322138-I1,Initial Permit,2026-09-14,2025-11-26,2027-03-27,Construction Fence,"Installation of an 8' tall temporary wood construction fence. No change in use, egress, or occupancy.",5000,1154,CLARKSON AVENUE,Brooklyn,11212,GC,BOLLA CONSTRUCTION LLC,809 STEWART AVE,HIGH POINT ENGINEERING,,,Permit Issued
B01322526-S8-FN,B01322526-S8,Initial Permit,2026-09-14,2026-06-16,2026-11-18,Construction Fence,Installation of construction fence in conjunction to the NB application B01322526-I1.,0,10,HOWARD AVENUE,Brooklyn,11221,GC,PREFERRED GC GROUP INC,17 HERKIMER PLACE,BT GENERAL BUILDERS INC,,,Permit Issued
B01326661-S2-PL,B01326661-S2,Initial Permit,2026-09-14,2026-06-25,2026-12-06,Plumbing,PLUMBING WORK IN CONJUNCTION W/RENOVATION AND CONVERSION FROM 2 TO 1 FAMILY. INSTALL PLUMBING FIXTURES AND PIPING.,56500,109,VANDERBILT STREET,Brooklyn,11218,P,PLBG P & H INC,81-15 MYRTLE AVENUE,PR,,,Permit Issued
B01339789-S4-GC-CX,B01339789-S4,Initial Permit,2026-09-14,2026-07-31,2027-02-16,Structural,Interior renovation of a 2-story building & proposed rear porch.,15000,22,SHARON STREET,Brooklyn,11211,GC,INTOWN CONSULTANTS INC,6921 8TH AVENUE,Not Applicable,,,Permit Issued
B01349019-S1-FO,B01349019-S1,Initial Permit,2026-09-14,2026-09-08,2026-11-13,Foundation,Foundation work for new building,0,1457,53 STREET,Brooklyn,11219,GC,CITYSCAPE BUILDERS LLC,5314 16TH AVE STE 166,1457 53RD STREET LLC,,,Permit Issued
B01358315-I1-SG,B01358315-I1,Initial Permit,2026-09-14,2026-04-13,2026-09-21,Sign,"INSTALLATION OF AN ILLUMINATED BUSINESS ACCESSORY SIGN . NO CHANGE IN USE, EGRESS OR OCCUPANCY.",3000,1,BOERUM PLACE,Brooklyn,11201,S,NEPTUNE SIGNS&AWNINGS INC,2260 HOLLERS AVENUE,AVERY HALL INVESTMENTS,,,Permit Issued
B01358318-I1-SG,B01358318-I1,Initial Permit,2026-09-14,2026-04-06,2026-09-21,Sign,"INSTALLATION OF AN ILLUMINATED BUSINESS ACCESSORY BLADE SIGN. DOUBLE FACE. NO CHANGE IN USE, EGRESS OR OCCUPANCY",3000,1,BOERUM PLACE,Brooklyn,11201,S,NEPTUNE SIGNS&AWNINGS INC,2260 HOLLERS AVENUE,AVERY HALL INVESTMENTS,,,Permit Issued
B01369640-S4-FO,B01369640-S4,Initial Permit,2026-09-14,2026-06-29,2027-08-09,Foundation,"This Alteration application is being filed for the foundation work at the subject premises as per plans submitted herewith. There are no change in use, egress or occupancy.",20000,277,WINDSOR PLACE,Brooklyn,11218,GC,CARICIC CONTRACTING INC,23 COLLINS PL,Not Applicable,,,Permit Issued
B01375041-S1-PL,B01375041-S1,Initial Permit,2026-09-14,2026-04-19,2027-03-20,Plumbing,"FILING TO ADDRESS S.W.O AND VIOLATION#'S 39141729R, 39141733J, AND 39141737R.WORK @ 1ST. AND 2ND. FL. INCLUDES TO REPLACE PLUMBING FIXTURES ON EXISTING ROUGH-IN AND CAP/REMOVE 1URINAL AND 3 SHOWER STALLS. GC WORKTYPE FILED UNDER JOB# B01375",66000,414,MASPETH AVENUE,Brooklyn,11211,P,GLENNS PLUMBING SVCS INC,1001 Pacific St,Dynamic Maintenance & Construction,,,Permit Issued
B01382087-S1-PL,B01382087-S1,Initial Permit,2026-09-14,2026-06-12,2026-12-12,Plumbing,The scope of work consists of installing new plumbing fixtures and adding new/relocating sprinkler heads.,10000,11,OCEAN PARKWAY,Brooklyn,11218,P,AJC PLUMBING & HTG CORP,37-28 61ST STREET,312 Coney Island Avenue LLC,,,Permit Issued
B01387227-S2-GC,B01387227-S2,Initial Permit,2026-09-14,2026-09-09,2027-03-20,General Construction,Playground equipment installation.,0,3002,FORT HAMILTON PARKWAY,Brooklyn,11218,GC,WESBUILT CONSTRUCTION MAN,1430 BROADWAY,IMMACULATE HEART OF MARY,,,Permit Issued
B01395075-S1-PL,B01395075-S1,Initial Permit,2026-09-14,2026-08-31,2027-04-01,Plumbing,"FILE PLUMBING WORK FOR MIXED-USE BUILDING AS PER PLAN FILED HEREWITH. NO CHANGE IN USE, EGRESS OR OCCUPANCY.",34500,768,FLATBUSH AVENUE,Brooklyn,11226,P,MPS PLUMBING & HEATING INC,36-05 COLLEGE POINT BLVD,Not Applicable,,,Permit Issued
B01395802-I1-GC,B01395802-I1,Initial Permit,2026-09-14,2026-08-05,2027-08-30,General Construction,"Interior renovation with conversion of the existing two-family residence to one-family dwelling, Obtaining a new Certificate of Occupancy.",372400,53,APOLLO STREET,Brooklyn,11222,GC,BUILDOPS INC,2752 OCEAN AVENUE APT 6B,Not Applicable,,,Permit Issued
B01396105-I1-FO,B01396105-I1,Initial Permit,2026-09-14,2026-09-08,2027-02-25,Foundation,HEREWITH FILING FOR FOUNDATION DESIGN FOR THE EXISTING DWELLING FILED IN REFERENCE TO THE ARCHITECT APPLICATION B01394872-I1,45000,652,HAWTHORNE STREET,Brooklyn,11203,GC,G BUILDERS MANAGEMENT INC,"1274 49TH STREET, SUITE 129",Not Applicable,,,Permit Issued
B01398345-I1-PL,B01398345-I1,Initial Permit,2026-09-14,2026-06-04,2026-11-20,Plumbing,PLUMBING SYSTEMS INSTALLATION AS PER PLANS FILED HEREIN,144800,135,PROSPECT PARK WEST,Brooklyn,11215,P,COD PLUMBING CORP,167 WEST 74TH STREET,135 PROSPECT TENANTS CORP,,,Permit Issued
B01398628-I1-GC,B01398628-I1,Initial Permit,2026-09-14,2026-09-14,2027-07-09,General Construction,"RENOVATION OF APARTMENT #2, AT FIRST FLOOR AND CELLAR. KITCHEN REPLACEMENT, NEW PARTITIONS, REMOVAL OF EXISTING PARTITIONS AND NEW TILE FINISHES, ALL WORK AS PER DRAWINGS. TO CORRECT ECB VIOLATIONS 039181751J, 039181750H,039181680L",41450,4024,SURF AVENUE,Brooklyn,11224,GC,PROFOUNDSPACE A&D LLC,6106 18TH AVENUE SUITE 2,Not Applicable,,,Permit Issued
B01402264-I1-PL,B01402264-I1,Initial Permit,2026-09-14,2026-07-21,2027-01-22,Plumbing,"FILE TO INSTALL TWO (2) NEW WATER HEATERS, A WASHER AND GAS DRYER, ADD A NEW GAS METER AND REPLACE GAS PIPING THROUGHOUT BUILDING. REMOVE 3rd FLOOR STOVE AND GAS METER.",20000,104,JACKSON STREET,Brooklyn,11211,P,DNS PLUMBING & HEATING COMPANY,30 WALL STREET FL 8,WRG Property Management,,,Permit Issued
B01405020-I1-SG,B01405020-I1,Initial Permit,2026-09-14,2026-06-04,2026-10-31,Sign,"ILLUMINATED NON-ADVERTISING ACCESSORY WALL SIGN - IN PROPERTY LINES - K9 RESORTS. NO CHANGE OF USE, EGRESS OR OCCUPANCY.",2500,295,FRONT STREET,Brooklyn,11201,S,NATIONAL SIGN & LIGHTING,148-27 GUY R BREWSTER BLVD,PLAZA MANAGEMENT,,,Permit Issued
B01405582-S2-MS,B01405582-S2,Initial Permit,2026-09-14,2026-09-09,2027-01-01,Mechanical Systems,"FILING HEREWITH REMOVAL OF MECHANICAL EQUIPMENT/DUCTWORK AS PER PLANS. NO CHANGE IN USE, EGRESS, OR OCCUPANCY.",110000,3,METROTECH CENTER,Brooklyn,11201,GC,GILBANE BUILDING COMPANY,1411 BROADWAY 28TH FLOOR,NEW YORK UNIVERSITY,,,Permit Issued
B01410017-I1-GC,B01410017-I1,Initial Permit,2026-09-14,2026-07-28,2026-10-18,General Construction,"TO RSOLVE ECB VIOLATION 39188903L BY REMOVING ILLEGAL FIRE ESCAPE ON 002 TO 003 FL LEVEL ON EXPOSURE 1 FACADE AS PER PLAN FILED HEREWITH. NO CHANGE OF USE, EGRESS OR CERTIFICATE OF OCCUPANCY.",5000,461,ST JOHNS PLACE,Brooklyn,11238,GC,KALE CONSTRUCTION INC,145-12 24 AVE,ST JOHNS REALTY GROUP LLC,,,Permit Issued
B01410715-I1-PL,B01410715-I1,Initial Permit,2026-09-14,2026-07-22,2026-12-02,Plumbing,DISCONNECT AND REMOVE EXISTING COMMERCIAL COOKING APPLIANCE AND RELATED GAS PIPING.,10000,608,SHEEPSHEAD BAY ROAD,Brooklyn,11224,P,VSP MECHANICAL INC,4720 2ND AVENUE,NET COST MARKET,,,Permit Issued
B01415987-I1-SG,B01415987-I1,Initial Permit,2026-09-14,2026-07-07,2026-09-21,Sign,"INSTALLATION OF A DIRECT ILLUMINATED BUSINESS ACCESSORY WALL SIGN.PROPOSED SIGN TO BE COMPLIED WITH BUILDING CODE CHAPTER 19-26. ALL ELECTRIC WORK TO BE INSTALLED UNDER SEPARATE ELECTRIC PERMIT.NO CHANGE IN USE, EGRESS OR OCCUPANCY UNDER TH",2989,8912,3 AVENUE,Brooklyn,11209,S,NEPTUNE SIGNS&AWNINGS INC,2260 HOLLERS AVENUE,PR,,,Permit Issued
B01419357-S3-ST,B01419357-S3,Initial Permit,2026-09-14,2026-07-31,2026-12-18,Structural,"FILING HEREWITH STRUCTURAL WORK AT THE ADDRESS NOTED, FOR THE EXPANDED MASONRY OPENING OF THE REAR WALL AT THE BASEMENT LEVEL..",40000,185,6 AVENUE,Brooklyn,11217,GC,OUT OF SQUARE DESIGNS LLC,131 LINCOLN RD #3A,Not Applicable,,,Permit Issued
B01422487-I1-GC,B01422487-I1,Initial Permit,2026-09-14,2026-08-25,2027-01-21,General Construction,"RENOVATION OF EXISTING COMMERCIAL RETAIL SPACE INCLUDING THE INSTALLATION OF NEW COUNTERTOP, FLOOR & WALL FINISHES AS PER THE DRAWINGS FILED HEREIN. NO CHANGE IN USE, OCCUPANCY OR EGRESS.",255000,144,MONTAGUE STREET,Brooklyn,11201,GC,BACKUS GROUP LLC,2362 RIVERSIDE AVENUE,JUDITH DRIVE LLC,,,Permit Issued
B01425489-I1-GC,B01425489-I1,Initial Permit,2026-09-14,2026-07-07,2026-12-10,General Construction,"INTERIOR RENOVATION OF EXISTING 2-STORY BUILDING WITH CELLARAS PER PLAN. NO CHANGE IN USE, EGRESS OR OCCUPANCY",20002.8,1416,EAST 34 STREET,Brooklyn,11210,GC,CAVALRY GC&P LLC,462 36TH STREET FL PH,GOLD STAR RESTORATION,,,Permit Issued
B01427520-I1-GC-CX,B01427520-I1,Initial Permit,2026-09-14,2026-07-09,2026-12-10,Structural,Application is being filed as per attached plans herewith.,50022.8,1416,EAST 34 STREET,Brooklyn,11210,GC,CAVALRY GC&P LLC,462 36TH STREET FL PH,GOLD STAR RESTORATION,,,Permit Issued
B01427532-I1-GC,B01427532-I1,Initial Permit,2026-09-14,2026-09-01,2026-11-19,General Construction,"RENOVATION OF AN EXISTING HOUSE TO INCLUDE HANDICAP RAMP AND FIRST FLOOR BATHROOM, DEMOLITION OF AN EXISTING CHIMNEY AND INTERIOR NON-LOAD BEARING PARTITIONS. NO CHANGE OF USE, EGRESS OR OCCUPANCY",120000,209,ALBERMARLE ROAD,Brooklyn,11218,GC,DELTA GEN CONTRACTORS INC,1364 EAST 65TH STREET,DELTA CONTRACTORS INC,,,Permit Issued
B01428031-I1-PL,B01428031-I1,Initial Permit,2026-09-14,2026-08-31,2027-02-03,Plumbing,"Replace existing gas boiler and water heater. Install one additional gas boiler, one additional water heater, and one new gas meter. Modify gas piping to provide separate gas service for Units 1 & 2. No change in use, occupancy or egress.",23625,130,BAY 40 STREET,Brooklyn,11214,P,"WATSON'S PLBG, HTG, & BDG",855 ST. NICHOLAS AVENUE,PR,,,Permit Issued
B01428489-I1-GC,B01428489-I1,Initial Permit,2026-09-14,2026-09-01,2026-10-30,General Construction,APPLICATION FILED HEREWITH FOR REMOVAL OF EXISTING NON-STRUCTURAL EXTERIOR WALL AS PER PLANS.,2700,284,4 AVENUE,Brooklyn,11215,GC,BRUKLYN BUILDERS INC,1213 ROGERS AVENUE,BRUKLYN BUILDERS INC,,,Signed-off
B01428906-I1-GC-CX,B01428906-I1,Initial Permit,2026-09-14,2026-09-09,2027-02-12,Mechanical Systems,"Renovation of existing 1 family house, At the rear replacing sunroom and existing door. At the front, replacing portico and walls withing porch area.",20000,354,SCHENCK AVENUE,Brooklyn,11207,GC,SHANE WALTERS,1437 CARROLL ST. APT #4G,,,,Permit Issued
B01429910-S1-MS,B01429910-S1,Initial Permit,2026-09-14,2026-09-02,2026-12-31,Mechanical Systems,"Kings Plaza Mall: Space #161 - Interior renovation modifying exiting ductwork, diffusers and hot water reheat coil. No change in use, occupancy or egress.",35000,5100,KINGS PLAZA,Brooklyn,11234,GC,"E. C. PROVINI CO., INC",1914 ATLANTIC AVENUE,KINGS PLAZA SHOPPING CENTER,,,Permit Issued
B01429910-S2-PL,B01429910-S2,Initial Permit,2026-09-14,2026-09-03,2026-10-31,Plumbing,Kings Plaza Space # 161 tenant fit out: relocated equipment with existing restrooms and new water heater,8000,5100,KINGS PLAZA,Brooklyn,11234,P,"PAR PLUMBING CO., INC",101 PARK AVENUE LOWER LOBBY,KINGS PLAZA SHOPPING CENTER,,,Permit Issued
B01429910-S3-EW-SP,B01429910-S3,Initial Permit,2026-09-14,2026-09-03,2026-10-31,Sprinklers,Interior Alteration of existing space removing all existing sprinkler heads and replacing with new according to new tenant space layout.,21999.6,5100,KINGS PLAZA,Brooklyn,11234,F,PAR FIRE PROTECTION LLC,101 PARK AVENUE LOWER LOBBY,KINGS PLAZA SHOPPING CENTER,,,Permit Issued
B01430717-I1-GC,B01430717-I1,Initial Permit,2026-09-14,2026-07-30,2027-06-03,General Construction,"GENERAL CONSTRUCTION RELATED TO INTERIOR RENOVATIONS OF AN EXISTING APARTMENT UNIT AS PER DRAWINGS FILED HEREWITH. NO CHANGE IN USE, EGRESS OR OCCUPANCY UNDER THIS APPLICATION.",50000,192,WATER STREET,Brooklyn,11201,GC,CONSTRUCTION BROOKLYN INC,249 SMITH STREET STE 1412,PR,,,Permit Issued
B01431095-I1-SH,B01431095-I1,Initial Permit,2026-09-14,2026-07-16,2026-12-13,Sidewalk Shed,"INSTALLATION OF 300PSF SIDEWALK SHED AS PER PLANS. ALL EQUIPMENT SHALL COMPLY WITH CH #33 OF THE NYC CODE 2022. NO CHANGE IN USE, OCCUPANCY OR EGRESS UNDER THIS APPLICATION.",9000,878,DRIGGS AVENUE,Brooklyn,11211,GC,LLT ENTERPRISES INC,3850 PARK AVENUE,LLT ENTERPRISES INC,,,Permit Issued
B01431956-I1-MS,B01431956-I1,Initial Permit,2026-09-14,2026-08-17,2026-10-27,Mechanical Systems,MECANICAL PLANS FILED IN CONJUNCTION WITH ALT 1 APPLICATION #320714223.,31500,13,FULTON STREET,Brooklyn,11201,GC,BROOKSTONE DEVELOPERS LLC,5913 20TH AVENUE,Fulton View Realty LLC,,,Signed-off
B01433524-I1-GC,B01433524-I1,Initial Permit,2026-09-14,2026-08-13,2026-12-21,General Construction,"FILNG MADE TO RESOLVE ECB VIOLATION NUMBER 39167007K, 39167009Y, 39167010L.39167008M,39167006Z,39167005R.",201150,86,NICHOLS AVENUE,Brooklyn,11208,GC,H BUILDING MANAGEMENT INC,6 STEVEN DRIVE,N/A,,,Permit Issued
B01434104-I1-GC-CX,B01434104-I1,Initial Permit,2026-09-14,2026-08-07,2026-11-18,Structural,"GARAGE REPAIRS. CRACKED STUCCO & MASONRY WALL TO BE REPAIRED. SECURING SISTER JOISTS & FASTENING OF EXIST.ING CEILING PLYWOOD SHEATING TO THE EXISTING ROOF JOISTS. EXISTING CONCRETE ON GRADE TO BE PATCHED. NO CHANGE OF USE, BULK, EGRESS, AN",4224,124 GAR,CLARA STREET,Brooklyn,11218,GC,BA GLOBAL CONSTRUCTION,524 MCDONALD AVENUE,PR,,,Permit Issued
B01434249-S1-PL,B01434249-S1,Initial Permit,2026-09-14,2026-09-01,2027-03-31,Plumbing,"Plumbing work for new bathroom on 2nd floor as per plans filed herewith. No change in Use, Egress or Occupancy.",10000,211,AINSLIE STREET,Brooklyn,11211,P,MAC FELDER INC,610 11TH AVENUE,ST. NICKS ALLIANCE,,,Permit Issued
B01435097-S1-PL,B01435097-S1,Initial Permit,2026-09-14,2026-08-05,2027-02-03,Plumbing,"Installation, relocation, replacement and removal of plumbing fixtures as shown on plans filed herewith.",64000,24,DEVOE STREET,Brooklyn,11211,P,"WATSON'S PLBG, HTG, & BDG",855 ST. NICHOLAS AVENUE,Not Applicable,,,Permit Issued
B01435138-S1-PL,B01435138-S1,Initial Permit,2026-09-14,2026-08-19,2026-10-21,Plumbing,"TO INSTALL, RELOCATE OR REMOVE PLUMBING FIXTURES IN M.D. APARTMENT. FILED IN CONJUNCTION WITH GC ALT #B01435138-I1. NO CHANGE OF USE, EGRESS OR OCCUPANCY.",10500,38,PROSPECT PARK SOUTHWEST,Brooklyn,11215,P,"AGI SEWER & DRAINS, INC",1816 MCDONALD AVENUE,GREENBROOK PARTNERS,,,Permit Issued
B01438431-I1-GC,B01438431-I1,Initial Permit,2026-09-14,2026-08-26,2027-07-29,General Construction,REPLACE EXTERIOR BUILDING SIDING TO STUCCO WITH FACE BRICK,140000,130,MILFORD STREET,Brooklyn,11208,GC,APX CONTRACTING CORP,39 REMSEN AVE,APX Contracting Corporation,,,Permit Issued
B01440624-I1-GC,B01440624-I1,Initial Permit,2026-09-14,2026-08-27,2027-09-14,General Construction,INTERIOR RENOVATION AND COMBINATION OF APARTMENT 2A AND 2B,25000,35,PIERREPONT STREET,Brooklyn,11201,GC,KC EXPEDITING INC,2466 HARDING CT,JOHN B. LOVETT & ASSOC.,,,Permit Issued
B01442775-I1-SH,B01442775-I1,Initial Permit,2026-09-14,2026-09-14,2026-11-16,Sidewalk Shed,"INSTALLATION OF TEMPORARY SIDEWALK SHED AS PER PLANS. NO CHANGE IN USE, EGRESS OR OCCUPANCY.",1,461,TROY AVENUE,Brooklyn,11203,GC,CORE SCAFFOLD SYSTEMS INC,417 MYRTLE AVE SUITE 14,OWNERS REP,,,Permit Issued
B01443004-I1-FN,B01443004-I1,Initial Permit,2026-09-14,2026-08-28,2026-09-30,Construction Fence,"INSTALLATION OF TEMPORARY CONSTRUCTION FENCE AS PER PLAN. NO CHANGE IN USE, OCCUPANCY, OR EGRESS",15000,660,STERLING PLACE,Brooklyn,11216,GC,SKYLINE BUILDERS NYC CORP,4403 15TH AVENUE #204,LE CAPITAL NYC,,,Permit Issued
B01443499-I1-PMM,B01443499-I1,Initial Permit,2026-09-14,2026-09-14,2026-11-16,Protection and Mechanical Methods,"INSTALLATION OF TEMPORARY PERSONNEL HOIST AS PER PLANS. NO CHANGE IN USE, EGRESS OR OCCUPANCY.",6000,461,TROY AVENUE,Brooklyn,11203,GC,CORE SCAFFOLD SYSTEMS INC,417 MYRTLE AVE SUITE 14,OWNERS REP,,,Permit Issued
B01443788-I1-GC,B01443788-I1,Initial Permit,2026-09-14,2026-09-08,2027-01-31,General Construction,"MINOR PARTITION WORK AT GROUND FLOOR COMMERCIAL SPACES. NO CHANGE TO USE, EGRESS OR OCCUPANCY. PRIOR DESIGNATION OF UG 6 TO REMAIN, ALTERATION-CO NOT REQUIRED PER BB 2025-002 AND AC 28-118.3 EXCEPTION.",35000,137,4 AVENUE,Brooklyn,11217,GC,BEST MATCH CORPORATION,274 DAVIS AVENUE,N/A,,,Permit Issued
B01445964-I1-SH,B01445964-I1,Initial Permit,2026-09-14,2026-09-09,2026-12-13,Sidewalk Shed,HEAVYDUTY SIDEWALK SHED AS PER PLANS FOR EXTERIOR REPAIRS. NO CHANGE IN USE OCCUPANCY OR EGRESS UNDER THIS APPLICATION. SIDEWALK SHED SHALL COMPLY WITH CHAPTER 33 OF THE 2022 NYC BUILDING CODE.,19000,19,JAY STREET,Brooklyn,11201,GC,SARDAR RESTORATION CORP,2770 FISH AVE,SARDAR RESTORATION CORP,,,Permit Issued
B01448096-I1-GC,B01448096-I1,Initial Permit,2026-09-14,2026-09-02,2026-12-22,General Construction,"Temporary structures for an outdoor concert in the parking lot, Stink & Dutty. Removed at the end of the programing. No changes to existing structures, use or egress.",15000,685,COLUMBIA STREET,Brooklyn,11231,GC,"WINICK PRODUCTIONS, LLC","250 WEST 103RD STREET, 4C",GBX Gowanus Bay Terminal,,,Permit Issued
B01449089-I1-GC,B01449089-I1,Initial Permit,2026-09-14,2026-09-09,2027-01-22,General Construction,"Minor partition work with general carpentry in apt 3R. No change to use, bulk or egress",52300,447,BERGEN STREET,Brooklyn,11217,GC,GOLDEN SAW CONSTRUCTION C,157 AVE O STE 2,TRISTAR MANAGEMENT ASSOCIATES LLC,,,Permit Issued
B01449095-I1-GC,B01449095-I1,Initial Permit,2026-09-14,2026-09-03,2027-01-13,General Construction,"Partial parapet restoration to address ECB violation, no change in use, egress or occupancy",30000,533,OVINGTON AVENUE,Brooklyn,11209,GC,MKSSKR CONSULTING SERVICE,"41-26 73 STR, APTC43",Not Applicable,,,Permit Issued
B01449111-I1-GC,B01449111-I1,Initial Permit,2026-09-14,2026-09-09,2027-03-10,General Construction,"REMOVAL AND REPLACEMENT OF INTERIOR NON LOAD BEARING PARTITIONS AT EXISTING LOCATIONS. NO CHANGE IN USE, EGRESS OR OCCUPANCY.",1517564.2,177,SOUTH 4 STREET,Brooklyn,11211,GC,MERCER GENERAL WORKS CO L,2401 PENNINGTON ROAD,The Neighborhood: An Urban Center,,,Permit Issued
B01449746-S1-PL,B01449746-S1,Initial Permit,2026-09-14,2026-09-10,2027-09-14,Plumbing,"INSTALL NEW PLUMBING FIXTURES ON THE BASEMENT FLOOR OF EXISTING 2 STORIES RESIDENTIAL BUILDING. PLUMBING WORK AS PER PLAN. NO CHANGE IN EGRESS, USE, OR OCCUPANCY.",25600,311,83 STREET,Brooklyn,11209,P,EFLOW PLUMBING & WATERMAIN INC,114-44 ROCKAWAY BLVD,Innospark Design,,,Permit Issued
B01449843-I1-GC,B01449843-I1,Initial Permit,2026-09-14,2026-08-31,2027-02-13,General Construction,"FILED HEREWITH FOR INTERIOR FIT OUT FOR EATING AND DRINKING ESTABLISHMENT IN EXISTING COMMERCIAL SPACE, INCLUDING DEMOLITION AND INSTALLATION OF INTERIOR PARTITIONS, FINISHES, AND EQUIPMENT. NO CHANGE TO USE, OCCUPANCY, OR EGRESS UNDER THIS",414000,752,61 STREET,Brooklyn,11220,GC,HT BUILDS LLC,36-09 MAIN ST. STE6D,63RD REALTY INC,,,Permit Issued
B01453826-I1-SH,B01453826-I1,Initial Permit,2026-09-14,2026-09-14,2026-12-13,Sidewalk Shed,"Installation of a temporary heavy-duty sidewalk shed per plan submitted. Work shall comply with 2022 building codes chapter 33. No change in use, egress and/or occupancy with this application.",2500,280,ASHLAND PLACE,Brooklyn,11217,GC,UPRISE SCAFFOLD GROUP LLC,1992 BURNT MILLS ROAD,Uprise Scaffold Group,,,Permit Issued
B01454689-I1-PMM,B01454689-I1,Initial Permit,2026-09-14,2026-09-14,2027-04-01,Protection and Mechanical Methods,"INSTALLATION OF TEMPORARY OVERHEAD PROTECTION AS PER PLANS. NO CHANGE IN USE, EGRESS OR OCCUPANCY.",4000,200,GRAND AVENUE,Brooklyn,11205,GC,EAGLE SCAFFOLDING SVCS IN,67 MILL STREET,PR,,,Permit Issued
B01455370-I1-PL,B01455370-I1,Initial Permit,2026-09-14,2026-09-08,2027-04-17,Plumbing,"RENOVATION OF EXISTING COMMERCIAL SPACE iN FIRST FLOOR WITH PLUMBING WORK: NEW PLUMBING FIXTURES IN 1ST FLOOR. INSTALL NEW ADA RESTROOM AS PER PLAN. NO CHANGE IN USE, EGRESS OR OCCUPANCY UNDER THIS APPLICATION.",60000,2073,86 STREET,Brooklyn,11214,P,JOHN FITZGERALD PLBG &HTG,256 WEST 124TH STREET,PR,,,Permit Issued
B01456385-I1-GC,B01456385-I1,Initial Permit,2026-09-14,2026-09-11,2027-09-04,General Construction,"MINOR RENOVATION OF EXISTING 1 UNIT IN EXISTING 4 FAMILY HOUSE, REPAIR EXISTING STAIR IN CORRIDOR",68000,2071,68 STREET,Brooklyn,11204,GC,NOOR MECHANICAL SERVICES,2942 BRIGHTON 1ST STREET,ELAINE,,,Permit Issued
B01456461-I1-MS,B01456461-I1,Initial Permit,2026-09-14,2026-09-11,2027-05-14,Mechanical Systems,"TO REGISTER THE EXISTING COMMERCIAL KITCHEN EXHAUST HOODS, EXHAUST DUCT, AND EXHAUST FAN AT THE FIRST FLOOR AS PER PLANS FILED HEREWITH. NO CHANGE IN USE, EGRESS, OR CERTIFICATE OF OCCUPANCY.",12000,123,WYCKOFF AVENUE,Brooklyn,11237,GC,SJ CONSTR DESIGN INC,462 GARDINERS AVENUE,Not Applicable,,,Permit Issued
B01456573-I1-GC,B01456573-I1,Initial Permit,2026-09-14,2026-09-11,2027-09-14,General Construction,"TEMPORARY PLATFORMS CONSTRUCTED FOR OUTDOOR FASHION SHOW EVENT ON SEPTEMBER 12, 2026. THIS EVENT WILL TAKE PLACE IN COLUMBUS PLAZA OUTSIDE OF BROOKLYN BOROUGH HALL.",10000,209,JORALEMON STREET,Brooklyn,11201,PR,Chemistry Creative Inc.,305 Ten Eyck Street,Chemistry Creative Inc.,,,Signed-off
B01456611-I1-SH,B01456611-I1,Initial Permit,2026-09-14,2026-09-14,2026-12-13,Sidewalk Shed,"INSTALLATION OF TEMPORARY HEAVY DUTY SIDEWALK SHED AS PER PLANS. NO CHANGE IN USE, EGRESS OR OCCUPANCY. SIDEWALK SHED SHALL COMPLY WITH CHAPTER #33 OF 2022 THE NYC BUILDING CODE. LIVE LOAD 300PSF.",1000,809,BERGEN STREET,Brooklyn,11238,GC,J & G CONSTRUCTION SVCS,125-05 101ST AVENUE,J & G CONSTRUCTION SRVCS,,,Permit Issued
B01457086-I1-SL,B01457086-I1,Initial Permit,2026-09-14,2026-09-11,2027-04-06,Solar,INSTALLATION OF PHOTOVOLTAIC SOLAR ARRAY ON EXISTING ROOF SYSTEM AS PER PLANS.,33760,708,ROCKAWAY PARKWAY,Brooklyn,11236,GC,NYSS LLC,385 WEST JOHN STREET UNIT 100,Not Applicable,,,Signed-off
B01457769-I1-PL,B01457769-I1,Initial Permit,2026-09-14,2026-09-11,2027-05-10,Plumbing,"RENOVATION TO EXISTING EATING AND DRINKING ESTABLISHMENT, INSTALL NEW SERVICE BAR AND TOILET ROOMS PLUMBING FIXTURES. NO CHANGE OF USE, EGRESS OR OCCUPANCY UNDER THIS APPLICATION.",39000,842,64 STREET,Brooklyn,11220,P,CATMAN PLUMBING INC,20-11 COLLEGE POINT BLVD,PR,,,Permit Issued
B01458230-I1-SH,B01458230-I1,Initial Permit,2026-09-14,2026-09-14,2026-12-13,Sidewalk Shed,"INSTALLATION OF 300PSF SIDEWALK SHED AS PER PLANS. ALL EQUIPMENT SHALL COMPLY WITH CH #33 OF THE NYC CODE 2022. NO CHANGE IN USE, OCCUPANCY OR EGRESS UNDER THIS APPLICATION.",9000,435,ALABAMA AVENUE,Brooklyn,11207,GC,TITAN SERVICES USA INC,10958 134TH ST,TITAN SERVICES USA INC.,,,Permit Issued
B01458242-I1-SH,B01458242-I1,Initial Permit,2026-09-14,2026-09-14,2026-12-13,Sidewalk Shed,"INSTALLATION OF 300 PSF SIDEWALK SHED AS PER PLANS. ALL EQUIPMENT SHALL COMPLY WITH CHAPTER #33 OF THE 2022 CODE. NO CHANGE IN USE, EGRESS OR OCCUPANCY UNDER THIS APPLICATION.",10000,3133,BRIGHTON 7 STREET,Brooklyn,11235,GC,HARTZION ENTERPRISES CORP,873 45TH STREET APT 204,Hartzion Enterprises Corp,,,Permit Issued
B01458246-I1-SH,B01458246-I1,Initial Permit,2026-09-14,2026-09-14,2026-12-13,Sidewalk Shed,"INSTALLATION OF 300PSF SIDEWALK SHED AS PER PLANS. ALL EQUIPMENT SHALL COMPLY WITH CH #33 OF THE NYC CODE 2022. NO CHANGE IN USE, OCCUPANCY OR EGRESS UNDER THIS APPLICATION.",9000,443,ALABAMA AVENUE,Brooklyn,11207,GC,TITAN SERVICES USA INC,10958 134TH ST,TITAN SERVICES USA INC.,,,Permit Issued
B01458745-I1-PMM,B01458745-I1,Initial Permit,2026-09-14,2026-09-14,2026-12-31,Protection and Mechanical Methods,INSTALLATION & USE OF HOIST AS PER DRAWINGS ATTACHED HEREWITH,1000,74,2 PLACE,Brooklyn,11231,GC,KAY WATERPROOFING CORP,211 EAST 123RD STREET,74 2ND PLACE CONDOMINIUM,,,Permit Issued
B01458885-I1-SH,B01458885-I1,Initial Permit,2026-09-14,2026-09-14,2026-12-13,Sidewalk Shed,"PROPOSED INSTALLATION OF HEAVY DUTY SIDEWALK SHED AS PER PLANS. LIVE LOAD 300 LBS PER SQUARE FEET. SIDEWALK SHED SHALL COMPLY WITH CHAPTER #33 OF THE NYC BUILDING CODE. NO CHANGE IN USE, OCCUPANCY, OR EGRESS UNDER THIS APPLICATION.",7000,102,MOORE STREET,Brooklyn,11206,GC,NEW AMERICAN CONSTRUCTION,1599 BIRCHWOOD DRIVE,NEW AMERICAN CONSTRUCTION INC,,,Permit Issued
B01459069-I1-SF,B01459069-I1,Initial Permit,2026-09-14,2026-09-14,2026-11-16,Supported Scaffold,"INSTALLATION OF TEMPORARY PIPE SCAFFOLD AS PER PLANS. NO CHANGE IN USE, EGRESS OR OCCUPANCY.",1,460,BUSHWICK AVENUE,Brooklyn,11206,GC,CORE SCAFFOLD SYSTEMS INC,417 MYRTLE AVE SUITE 14,OWNERS REP,,,Permit Issued
B01459070-I1-PMM,B01459070-I1,Initial Permit,2026-09-14,2026-09-14,2026-11-16,Protection and Mechanical Methods,"INSTALLATION OF TEMPORARY ENGINEERED ENCLOSURE SYSTEM AS PER PLANS. NO CHANGE IN USE, EGRESS OR OCCUPANCY",1,460,BUSHWICK AVENUE,Brooklyn,11206,GC,CORE SCAFFOLD SYSTEMS INC,417 MYRTLE AVE SUITE 14,OWNERS REP,,,Permit Issued
B01459096-I1-PMM,B01459096-I1,Initial Permit,2026-09-14,2026-09-14,2026-11-16,Protection and Mechanical Methods,"INSTALLATION OF TEMPORARY OVERHEAD PROTECTION AS PER PLANS. NO CHANGE IN USE, EGRESS OR OCCUPANCY.",4000,1084,PACIFIC STREET,Brooklyn,11238,GC,CORE SCAFFOLD SYSTEMS INC,417 MYRTLE AVE SUITE 14,OWNERS REP,,,Permit Issued
M00833241-I1-ST,M00833241-I1,Initial Permit,2026-09-14,2023-03-01,2027-06-03,Structural,Structural modifications to tenant space Cellar-Ground-12 and Roof as per plans.,65000,480,CANAL STREET,Manhattan,10013,GC,ACCORD CONTR AND MGMT COR,132 WEST 31ST ST,HINES INTEREST LP,,,Permit Issued
M01040445-S1-PL,M01040445-S1,Initial Permit,2026-09-14,2026-08-11,2026-12-08,Plumbing,"PLUMBING WORK APPLICATION FOR CAP/REMOVE OF 3 TOILETS, 4 SINKS, 2 URINARIES AND INSTALL 3 TOILETS, DOUBLE ISNK, 3 COMNP SINK, HAND SINK, 2 COMP SINK AND 2 FD, FILED IN CONJUCTION WITH M01040445-I1 REPLACE KITCHEN GAS EQUIPMENT IN-KIND.",70300,3805,10 AVENUE,Manhattan,10034,P,HT PLUMBING & HEATING COR,3163 BROADWAY,THE HEIGHTS REAL ESTATE COMPANY,,,Permit Issued
M01052087-I1-EW-SP,M01052087-I1,Initial Permit,2026-09-14,2026-03-31,2026-10-21,Sprinklers,"Installation of new fire sprinkler water service and new sprinkler system to protect commercial area on 1st floor, building means of egress and windows leading to fire escape as per plans.",70000,252,FRONT STREET,Manhattan,10038,F,MAGIC MECHANICAL INC,88-05 101ST AVENUE,The Little Building LLC,,,Permit Issued
M01094079-S2-PL,M01094079-S2,Initial Permit,2026-09-14,2026-07-06,2027-06-28,Plumbing,"plumbing modifications on partial 1st, 2nd and 3rd floors in the medical offices as per plans filed herewith only.",4500,21,AUDUBON AVENUE,Manhattan,10032,P,FRANKIE PLBG & HTG L.L.C,10 CROSS STREET,PR,,,Permit Issued
M01160573-S1-PL,M01160573-S1,Initial Permit,2026-09-14,2026-08-13,2027-06-26,Plumbing,"INSTALLATION OF NEW BEVERAGE SINK OVER EXISTING ROUGHING WITHIN APARTMENT #10NP. NO CHANGE TO PIPING OR ROUGHING. NO CHANGE IN USE, EGRESS OR OCCUPANCY.",5000,301,EAST 22 STREET,Manhattan,10010,P,DO RITE MECHANICAL CORP,9714 THIRD AVENUE,Not Applicable,,,Permit Issued
M01181419-I1-GC,M01181419-I1,Initial Permit,2026-09-14,2025-05-15,2027-04-01,General Construction,M834-High School for Environmental Studies: Interior conversion of an existing classroom with two closets to a culinary arts classroom with two storage rooms.,55998,444,WEST 56 STREET,Manhattan,10019,GC,NIKHI CONTRACTING CORP,253 KINGSTON. AVENUE APT 1R,"ENTERPRISE ASSET MANAGEMENT, INC",,,Permit Issued
M01197450-S3-EW-SD,M01197450-S3,Initial Permit,2026-09-14,2026-06-04,2026-12-15,Sprinklers,Installation of a new sprinkler and standpipe system as per plans.,4000000,740,3 AVENUE,Manhattan,10017,F,RAEL AUTOMATIC SPR.CO INC,89 5TH AVENUE SUITE 603,SL Green Realty Corp,,,Permit Issued
M01197450-S3-EW-SP,M01197450-S3,Initial Permit,2026-09-14,2026-06-04,2026-12-15,Standpipe,Installation of a new sprinkler and standpipe system as per plans.,4000000,740,3 AVENUE,Manhattan,10017,F,RAEL AUTOMATIC SPR.CO INC,89 5TH AVENUE SUITE 603,SL Green Realty Corp,,,Permit Issued
M01197450-S4-ST,M01197450-S4,Initial Permit,2026-09-14,2026-05-14,2027-07-01,Structural,Structural modifications for residential conversion as per plans.,13165300,740,3 AVENUE,Manhattan,10017,GC,NEW LINE STRUCTURES & DEV,"512 7TH AVENUE, 6TH FLOOR",SL Green Realty Corp,,,Permit Issued
M01204753-I1-GC,M01204753-I1,Initial Permit,2026-09-14,2025-11-24,2027-01-28,General Construction,"REPAIR OF EXISTING CHURCH.FACADE RESTORATION & REPLACEMENT OF EXISTING WINDOWS AT EXTERIOR.NEW PARTITIONS AT EXISTING CHURCH MEETING ROOM, SANCTUARY, AND APARTMENT. ALL WORK AS PER PLANS.TO COMPLY WITH VACATE ORDER. NO CHANGE TO USE, EGRESS",250000,259,WEST 126 STREET,Manhattan,10027,GC,KNOCKOUT CONSTRUCTION INC,24 WHITWELL PLACE,Not Applicable,,,Permit Issued
M01226488-S2-PL,M01226488-S2,Initial Permit,2026-09-14,2025-09-19,2026-12-06,Plumbing,HEREBY FILING FOR THE INTERIOR RENOVATION OF EXISTING COMMERCIAL SPACE (INSTALLATION OF PLUMBING FIXTURES). NO CHANGE TO USE OCCUPANCY OR EGRESS.,15000,171,WEST 4 STREET,Manhattan,10014,P,PLBG P & H INC,81-15 MYRTLE AVENUE,171 WEST FOURTH LLC,,,Permit Issued
M01229500-I1-ST,M01229500-I1,Initial Permit,2026-09-14,2025-07-01,2026-10-31,Structural,"Exterior alterations to add new occupiable roof level; reinforcing existing roof slab, install new rooftop canopy structure, new slab opening for HVAC, slab infill on the 43rd Floors and Roof as per plans (Rooftop Amenity Space.)",6816597,1411,BROADWAY,Manhattan,10018,GC,TURNER CONSTRUCTION COMPA,66 HUDSON BLVD E,1411 IC-SIC PROPERTY LLC,,,Permit Issued
M01245562-S3-SH,M01245562-S3,Initial Permit,2026-09-14,2026-09-14,2026-11-17,Sidewalk Shed,"Installation of a temporary heavy-duty sidewalk shed per plan submitted. Work shall comply with 2022 building codes chapter 33. No change in use, egress and/or occupancy with this application.",1500,40,WEST 23 STREET,Manhattan,10010,GC,INTERSYSTEM CONSTRUCTION,216 EAGLE ST,COLLIERS,,,Permit Issued
M01274149-I1-GC,M01274149-I1,Initial Permit,2026-09-14,2026-05-08,2026-12-31,General Construction,"Renovation of existing apt. #8S. Work to include non-structural demolition, general construction, related finishes and replacement of windows in existing openings, as per plans filed herewith. No change in use, egress or occupancy.",550800,88,CENTRAL PARK WEST,Manhattan,10023,GC,S. DONADIC INC,45-25 39TH STREET,,,,Permit Issued
M01274149-S1-PL,M01274149-S1,Initial Permit,2026-09-14,2026-05-21,2027-04-19,Plumbing,"Modification to existing plumbing system in Apt. 8S. Work to include installation of new relocated plumbing fixtures and associated piping. No change in use, egress or occupancy.",100000,88,CENTRAL PARK WEST,Manhattan,10023,P,"DONATO PLUMBING, INC","590 5TH AVENUE, SUITE 1402",,,,Permit Issued
M01274149-S2-MS,M01274149-S2,Initial Permit,2026-09-14,2026-05-20,2026-12-31,Mechanical Systems,"New VRF heat pump air conditioning and exhaust fan installation in apt. #8S, as per plans filed herewith. No change in use, egress or occupancy.",300000,88,CENTRAL PARK WEST,Manhattan,10023,GC,S. DONADIC INC,45-25 39TH STREET,,,,Permit Issued
M01293994-S2-PL,M01293994-S2,Initial Permit,2026-09-14,2026-08-25,2026-10-31,Plumbing,"Filing herewith plumbing installations as per plans no floors 39 through 41. No change in use, occupancy, or egress proposed under this application.",469825,375,MADISON AVENUE,Manhattan,10017,P,"PAR PLUMBING CO., INC",101 PARK AVENUE LOWER LOBBY,"JPMorgan Chase Bank, N.A.",,,Permit Issued
M01294935-S2-PL,M01294935-S2,Initial Permit,2026-09-14,2026-03-07,2026-10-31,Plumbing,"Filing herewith plumbing scope for offices fit-out at 9th thru 11th floor as per plans. No change in use, occupancy, or egress proposed under this application",526402,375,MADISON AVENUE,Manhattan,10017,P,"PAR PLUMBING CO., INC",101 PARK AVENUE LOWER LOBBY,"JPMorgan Chase Bank, N.A.",,,Permit Issued
M01306885-I1-GC,M01306885-I1,Initial Permit,2026-09-14,2026-02-25,2027-05-25,General Construction,"Alterations/modifications consisting of exterior wall penetrations to support mechanical equipment as per plans filed herewith. No change in use, egress, or occupancy",90000,2,TIMES SQUARE,Manhattan,10036,GC,DESIMONE BUILDERS LLC,10 TIMES SQUARE 20TH FLOOR,PR,,,Permit Issued
M01306885-S1-ST,M01306885-S1,Initial Permit,2026-09-14,2026-02-03,2027-05-25,Structural,Alterations/modifications of the stairwells at the Renaissance Times Square Hotel,155000,2,TIMES SQUARE,Manhattan,10036,GC,DESIMONE BUILDERS LLC,10 TIMES SQUARE 20TH FLOOR,PR,,,Permit Issued
M01307958-S1-PL,M01307958-S1,Initial Permit,2026-09-14,2026-01-16,2027-01-15,Plumbing,Relocation and removal of plumbing fixtures as shown on plans filed herewith.,11000,2248,1 AVENUE,Manhattan,10029,P,GO GREENER PLUMBING LLC,578 SACKETT STREET,GEORGE ARYEH,,,Permit Issued
M01316232-I1-GC-CX,M01316232-I1,Initial Permit,2026-09-14,2026-01-23,2027-06-02,Mechanical Systems,"SELECT RENOVATIONS TO EX APARTMENT #6A ON 6TH FLOOR & ROOF. DEMO & CONSTRUCT INTERIOR PARTITIONS, FINISHES & CABINETRY. REPLACE EXISTING RADIATORS. INSTALL 2 NEW GAS FIREPLACE FLUES. NO CHANGE TO USE EGRESS OR OCCUPANCY",150000,117,EAST 29 STREET,Manhattan,10016,GC,VEGAS RENOVATIONS CORP,48 EAST JOHN STREET,,,,Permit Issued
M01326658-I1-GC,M01326658-I1,Initial Permit,2026-09-14,2026-02-27,2026-11-20,General Construction,"Renovation of apartment #16. Removal of interior non-bearing partitions, architectural finishes, and lighting. New interior non-bearing partitions, architectural finishes, and lighting. No change to egress, use, or occupancy.",200865,26,BEAVER STREET,Manhattan,10004,GC,SCULPTECTURE LLC,165 BLEECKER STREET STE 5B,,,,Permit Issued
M01333363-I1-GC,M01333363-I1,Initial Permit,2026-09-14,2026-01-30,2026-10-04,General Construction,"A moderate rehab of an existing building. Work includes but is not limited to Roofing, Window & select Door replacements, Facade work; & MEP work: Replacing Boiler & Hot Water Heater as per plans filed herewith. No change in Use, Egress or ",5580000,2508,BROADWAY,Manhattan,10025,GC,ERIN CONSTRUCTION & DEVEL,121 LAKEVILLE ROAD,PR,,,Permit Issued
M01352728-I1-GC,M01352728-I1,Initial Permit,2026-09-14,2026-08-24,2027-07-18,General Construction,"PROPOSED EXTERIOR FACADE RESTORATION AS PER PLANS FILED HEREWITH.NO CHANGE IN USE, EGRESS OR OCCUPANCY.",51884,13,EAST 11 STREET,Manhattan,10003,GC,SAFETECH ENTERPRISES CORP,50 HENDRICKSON AVE,Tri Hill Management,,,Permit Issued
M01353249-I1-GC,M01353249-I1,Initial Permit,2026-09-14,2026-08-24,2027-07-18,General Construction,"PROPOSED EXTERIOR FACADE RESTORATION AS PER PLANSFILED HEREWITH.NO CHANGE IN USE, EGRESS OR OCCUPANCY.",57866,17,EAST 11 STREET,Manhattan,10003,GC,SAFETECH ENTERPRISES CORP,50 HENDRICKSON AVE,Tri Hill Management,,,Permit Issued
M01356119-I1-BE,M01356119-I1,Initial Permit,2026-09-14,2026-04-21,2026-10-23,Boiler Equipment,"REPLACE (2) GAS-FIRED BOILERS AS PER PLANS. NO CHANGE TO USE, OCCUPANCY OR EGRESS.",35000,938,MADISON AVENUE,Manhattan,10021,P,ARIEL SERVICES INC,425 GRAND STREET #1,KHEDOURI EZAIR CORP.,,,Permit Issued
M01356487-I1-MS,M01356487-I1,Initial Permit,2026-09-14,2026-07-14,2027-04-03,General Construction,"Interior space Rehabilitation of an existing Eating and Drinking Establishment UG6 damaged by Fire at rear area, as per plans. No change to use, occupancy or egress.",354900,17,PERRY STREET,Manhattan,10014,GC,MINAS CONSTRUCTION INC,35-18 37TH STREET 3RD FLOOR,Sogno 85th LLC,,,Permit Issued
M01356952-I1-FD,M01356952-I1,Initial Permit,2026-09-14,2026-07-24,2026-12-28,Full Demolition,"full demolition of four story structure, by hand held equipment only.",1000000,154,EAST 79 STREET,Manhattan,10075,GC,VOLK INDUSTRIAL SERVICES,599 N. MAPLE AVE,Not Applicable,,,Permit Issued
M01359942-S2-PL,M01359942-S2,Initial Permit,2026-09-14,2026-03-17,2027-03-31,Plumbing,"Hereby filing to install plumbing fixtures with related piping for lobby fit out as shown on plans filed herewith. No change to use, occupancy or egress.",39819,66,HUDSON BOULEVARD,Manhattan,10001,P,MAC FELDER INC,610 11TH AVENUE,Tishman Speyer,,,Permit Issued
M01362040-S2-EW-SP,M01362040-S2,Initial Permit,2026-09-14,2026-03-25,2026-09-21,Plumbing,Removal and installation of plumbing fixtures and related piping as per drawings herein. Renovation of existing of partial commercial floor sprinkler layout to reflect the new architectural program and RCP,15500,88,PINE STREET,Manhattan,10005,F,DEPENDABLE MECHANICAL COR,"6202 17TH AVENUE,1ST FLOOR",ORIENT OVERSEAS ASSOCIATES,,,Permit Issued
M01370091-S2-EW-SP,M01370091-S2,Initial Permit,2026-09-14,2026-04-13,2026-10-31,Sprinklers,"Filing for installation of plumbing fixtures and related piping as per plans filed herewith. Filing for modifications to existing Sprinkler system as per plans filed herewith. No change in use, egress, or occupancy.",375000,111,8 AVENUE,Manhattan,10011,F,PAR FIRE PROTECTION LLC,101 PARK AVENUE LOWER LOBBY,GOOGLE,,,Permit Issued
M01370999-S1-PL,M01370999-S1,Initial Permit,2026-09-14,2026-08-20,2027-04-17,Plumbing,"PLUMBING WORK IN CONJUNCTION WITH THE DUPLEX APARTMENT RENOVATION OF APT 3/4C TO INCLUDE NEW THRU-WALL AC UNITS. NO CHANGE IN USE, OCCUPANCY, OR EGRESS.",37999,3,EAST 69 STREET,Manhattan,10021,P,JOHN FITZGERALD PLBG &HTG,256 WEST 124TH STREET,GUMLEY HAFT,,,Permit Issued
M01374852-S3-EW-SD,M01374852-S3,Initial Permit,2026-09-14,2026-03-30,2026-10-31,Standpipe,"Modifications to plumbing fixtures and related piping as per plans filed herewith. Modifications to existing Sprinkler system and related piping as per plans filed herewith. Relocation of (1) Fire Hose Rack. No change in use, egress, or occ",350000,111,8 AVENUE,Manhattan,10011,F,PAR FIRE PROTECTION LLC,101 PARK AVENUE LOWER LOBBY,GOOGLE,,,Permit Issued
M01376256-I1-GC,M01376256-I1,Initial Permit,2026-09-14,2026-06-05,2026-11-05,General Construction,"IN UNIT 4F ON FLOOR 4, REMOVAL AND INSTALLATION OF NON-LOADBEARING PARTITIONS AS SHOWN ON PLANS. ALL PLUMBING WORK FILED UNDER SEPARATE APPLICATION. NO CHANGE TO EGRESS, USE, OR OCCUPANCY.",21000,205,THIRD AVENUE,Manhattan,10003,GC,JIMENEZCORP LLC,7017 73RD ST FL 2,,,,Permit Issued
M01379384-S3-PL,M01379384-S3,Initial Permit,2026-09-14,2026-08-03,2027-05-01,Plumbing,Plumbing work filed in conjunction with the renovation of an eating and drinking establishment,67500,138,WEST 72 STREET,Manhattan,10023,P,J. CAIAZZO PLBG & HTG COR,1381 UTICA AVE,KIZNER ASSOCIATES INC.,,,Permit Issued
M01382061-I1-GC,M01382061-I1,Initial Permit,2026-09-14,2026-06-20,2026-10-26,General Construction,"14B: Interior Renovations as per plans filed herewith. No change to use, egress or occupancy",96000,395,BROADWAY,Manhattan,10013,GC,212 RENOVATIONS GROUP LLC,284 MESEROLE STREET,,,,Permit Issued
M01384939-S1-PL,M01384939-S1,Initial Permit,2026-09-14,2026-07-13,2026-12-19,Plumbing,MODIFICATION OF PLUMBING FIXTURES FOR TENANT BUILD OUT WOAH AS PER PLANS. NO CHANGE TO USE EGRESS OR OCCUPANCY.,85000,15,WATTS STREET,Manhattan,10013,P,TRISTAR PLUMBING & HTG IN,2860 RICHMOND TERRACE,Woah Watts LLC,,,Permit Issued
M01384939-S2-EW-SP,M01384939-S2,Initial Permit,2026-09-14,2026-07-09,2027-03-31,Sprinklers,MODIFICATION TO SPRINKLER SYSTEM FOR TENANT FIT OUT WOAH AS PER PLANS.,66250,15,WATTS STREET,Manhattan,10013,F,E.M.P. FIRE SPRINKLER LLC,"302 BUTLER STREET, 1ST FLOOR",Woah Watts LLC,,,Permit Issued
M01385241-I1-EW-SP,M01385241-I1,Initial Permit,2026-09-14,2026-04-29,2027-04-12,Sprinklers,"modification to existing sprinkler system as per plans. no change in use, egress or occupancy. Clark Estates",44813,1,ROCKEFELLER PLAZA,Manhattan,10020,F,AGGRESSIVE FIRE PROT LLC,120 BROADWAY,Tishman Speyer,,,Permit Issued
M01391413-S1-EW-SP,M01391413-S1,Initial Permit,2026-09-14,2026-09-11,2027-01-01,Sprinklers,"NEW TEMPORARY SPRINKLER FDC LOCATION TO BE PAST CONSTRUCTION FENCE WITH SUBSEQUENT REMOVAL WHEN CONSTRUCTION FENCE IS REMOVED ON THE FIRST FLOOR OUTSIDE ZARA STORE. AS PER PLANS SUBMITTED HEREWITH, NO CHANGE IN USE, EGRESS OR OCCUPANCY GROU",20000,31,WEST 34 STREET,Manhattan,10001,F,S & J INDUSTRIAL CORP,32-25 GREENPOINT AVENUE,LITTLE EL FASSI LLC,,,Permit Issued
M01393901-I1-GC,M01393901-I1,Initial Permit,2026-09-14,2026-08-04,2027-01-24,General Construction,"General construction proposed in existing unit #6D on the 6th floor. Subsequent plumbing application to be filed. All per submitted plans. No changes to use, egress or occupancy under this application.",142800,160,WEST 77 STREET,Manhattan,10024,GC,GRATIA CONTRACTORS LLC,198 MIDLAND AVENUE UNIT 1,160 West 77th Owners Corp,,,Permit Issued
M01394581-S4-EW-SP,M01394581-S4,Initial Permit,2026-09-14,2026-09-04,2026-10-31,Sprinklers,"Filing for sprinkler work at the 1st floor. No change to use, egress or occupancy.",10000,416,WEST 13 STREET,Manhattan,10014,F,ARIANA CONTRACTING INC,44-03 28TH AVENUE,GREENWAY MEWS REALTY LLC,,,Permit Issued
M01395952-I1-GC,M01395952-I1,Initial Permit,2026-09-14,2026-06-08,2026-12-09,General Construction,"Interior repair and renovation due to fire and associated water damage in the following areas and units: common corridors on floor 001 & 002; Residential units 1R, 5, 6, 12. No change to use, egress, or occupancy.",191500,123,LUDLOW STREET,Manhattan,10002,GC,GGC CONSTRUCTION INC,6 RUSTIC RD,PR,,,Permit Issued
M01398716-S3-PL,M01398716-S3,Initial Permit,2026-09-14,2026-07-30,2027-03-19,Plumbing,"MODIFICATIONS TO EXISTING 19TH AND 20TH FLOOR PLUMBING AND SPRINKLER SYSTEMS. NO CHANGE TO USE, OCCUPANCY OR EGRESS",150000,230,WEST 41 STREET,Manhattan,10036,P,COMPLETE PLBG SAFETY LLC,"580 8TH AVENUE, 6TH FL",Non Profit,,,Permit Issued
M01398948-S1-PL,M01398948-S1,Initial Permit,2026-09-14,2026-08-06,2026-12-07,Plumbing,"INSTALL NEW PLUMBNG FIXTURES IN BATHROOMS, LAUNDRY AND KITCHEN IN CONJUNCTION WITH RENOVATION OF APARTMENT 16E. NO CHANGE IN USE, OCCUPANCY OR EGRESS.",52000,90,RIVERSIDE DRIVE,Manhattan,10024,P,PLUMBING WORKS CORP,63-17 METROPOLITAN AVENUE,,,,Permit Issued
M01399625-S1-PL,M01399625-S1,Initial Permit,2026-09-14,2026-06-05,2027-04-11,Plumbing,RENOVATION OF UNIT 6A. REPLACE EXISTING FIXTURES IN PLACE.,15000,470,WEST 24 STREET,Manhattan,10011,P,IMPACT PLUMBING INC,105 CITY ISLAND AVENUE,LONDON TERRACE TOWERS,,,Permit Issued
M01399664-S2-PL,M01399664-S2,Initial Permit,2026-09-14,2026-09-08,2026-10-31,Plumbing,"Fiing for plumbing work as per plans filed. No change in use, egress or occupancy.",39900,239,CENTRAL PARK WEST,Manhattan,10024,P,MACREDDIN PLBG & HTG INC,721 EAST 135TH STREET,,,,Permit Issued
M01402962-I1-GC,M01402962-I1,Initial Permit,2026-09-14,2026-08-14,2026-12-01,General Construction,"GENERAL CONSTRUCTION FROM THE 33RD TO THE 35TH FLOORS AS PLANS FILED FOR HEREWITH. NO CHANGE IN USE, EGRESS, OR OCCUPANCY.",1196755.2,350,FIFTH AVENUE,Manhattan,10118,GC,WOLF CONSTRUCTION CORP 20,56 WEST 45TH STREET STE 1505,Not Applicable,,,Permit Issued
M01403003-I1-MS,M01403003-I1,Initial Permit,2026-09-14,2026-08-11,2026-12-01,Mechanical Systems,"MECHANICAL WORK FROM THE 33RD TO THE 35TH FLOOR AS PLANS FILED HEREWITH. NO CHANGE IN USE, EGRESS, OR OCCUPANCY.",300000,350,FIFTH AVENUE,Manhattan,10118,GC,WOLF CONSTRUCTION CORP 20,56 WEST 45TH STREET STE 1505,Not Applicable,,,Permit Issued
M01403016-I1-GC,M01403016-I1,Initial Permit,2026-09-14,2026-08-14,2026-12-01,General Construction,"GENERAL CONSTRUCTION FOR LOUVERS ON THE 34TH FL AS PLANS FILED HEREWITH. NO CHANGE IN USE, EGRESS, OR OCCUPANCY.",15000,350,FIFTH AVENUE,Manhattan,10118,GC,WOLF CONSTRUCTION CORP 20,56 WEST 45TH STREET STE 1505,Not Applicable,,,Permit Issued
M01404693-I1-EW-SP,M01404693-I1,Initial Permit,2026-09-14,2026-09-08,2027-01-01,Sprinklers,"Sprinkler demolition as per plans filed herewith. No change in use, egress, or occupancy",14500,4,WEST 40 STREET,Manhattan,10018,F,STANDARD FIRE PROTECT LLC,"425 GRAND STREET, SUITE 1",PR,,,Permit Issued
M01405505-I1-GC,M01405505-I1,Initial Permit,2026-09-14,2026-06-12,2027-05-27,General Construction,"demolition of walls and finishes on interior or existing residential unit. no change to use, egress or occupancy on this application.",105120,467,CENTRAL PARK WEST,Manhattan,10025,GC,ARCHLINK DESIGN CORP,142-05 ROOSEVELT AVENUE #308,Not Applicable,,,Permit Issued
M01405893-S1-MS,M01405893-S1,Initial Permit,2026-09-14,2026-06-22,2027-03-20,Mechanical Systems,BLANK STREET - MODIFICATIONS TO EXISTING MECHANICAL SYSTEM FOR CAFE REMODEL AS PER PLANS FILED.,35000,140,WEST STREET,Manhattan,10007,GC,WESBUILT CONSTRUCTION MAN,1430 BROADWAY,MAGNUM REAL ESTATE GROUP,,,Permit Issued
M01405914-I1-GC,M01405914-I1,Initial Permit,2026-09-14,2026-06-09,2027-02-05,General Construction,COMBINATION OF APARTMENTS 2E & 2F AS PER PLANS.,212750,177,9 AVENUE,Manhattan,10011,GC,ALCA RENOVATIONS INC,"79 WASHINGTON PLACED, #1C",THE BRODSKY ORGANIZATION,,,Permit Issued
M01406450-S2-EW-SP,M01406450-S2,Initial Permit,2026-09-14,2026-06-22,2026-11-02,Sprinklers,"SPRINKLER MODIFICATIONS TAKING PLACE IN THE SUB-CELLAR AND SUB-CELLAR 2 AS PER DRAWINGS FILED HEREWITH. NO CHANGE IN USE, EGRESS OR OCCUPANCY.",8500,229,WEST 43 STREET,Manhattan,10036,F,CMP PIPING INC,128 WEST 18TH STREET,COLUMBIA PROPERTY TRUST,,,Permit Issued
M01406714-S1-SG,M01406714-S1,Initial Permit,2026-09-14,2026-06-26,2026-10-15,Sign,"INSTALLATION OF EXTERIOR SIGNAGE FOR TENANT BREAD AHEAD AS PER PLANS. NO CHANGE IN USE, EGRESS OR OCCUPANCY.",5000,1571,2 AVENUE,Manhattan,10028,S,NORTH SHORE NEON SIGN LLC,46-49 54TH STREET,PR,,,Permit Issued
M01407287-S2-EW-SP,M01407287-S2,Initial Permit,2026-09-14,2026-06-02,2026-11-02,Sprinklers,"MODIFICATIONS TO EXISTING PLUMBING AND SPRINKLER SYSTEMS IN 26TH FLOOR COMMERCIAL SPACE. NO CHANGE TO USE, OCCUPANCY OR EGRESS",80000,140,EAST 45 STREET,Manhattan,10017,F,CMP PIPING INC,128 WEST 18TH STREET,"2GC OWNERS, LLC",,,Permit Issued
M01408886-S1-MS,M01408886-S1,Initial Permit,2026-09-14,2026-07-08,2026-12-31,Mechanical Systems,new air handling unit for dome structure.,150000,24-50,FDR DRIVE,Manhattan,10010,GC,MASPETH CONTRACTING CORP,54-30 44TH STREET,UNIS,,,Permit Issued
M01409819-S2-EW-SD,M01409819-S2,Initial Permit,2026-09-14,2026-09-08,2027-03-01,Standpipe,Sprinkler/Standpipe work as shown on plans filed herewith.,97104,200,LIBERTY STREET,Manhattan,10281,F,ABCO-PEERLESS SPRKLR CORP,"389 BROOME STREET, BOX # 2",Brookfield Properties,,,Permit Issued
M01409819-S2-EW-SP,M01409819-S2,Initial Permit,2026-09-14,2026-09-08,2027-03-01,Standpipe,Sprinkler/Standpipe work as shown on plans filed herewith.,97104,200,LIBERTY STREET,Manhattan,10281,F,ABCO-PEERLESS SPRKLR CORP,"389 BROOME STREET, BOX # 2",Brookfield Properties,,,Permit Issued
M01409825-S2-EW-SD,M01409825-S2,Initial Permit,2026-09-14,2026-09-14,2027-03-01,Sprinklers,Sprinkler/Standpipe work as shown on plans filed herewith.,178070,200,LIBERTY STREET,Manhattan,10281,F,ABCO-PEERLESS SPRKLR CORP,"389 BROOME STREET, BOX # 2",Brookfield Properties,,,Permit Issued
M01409833-S2-EW-SD,M01409833-S2,Initial Permit,2026-09-14,2026-09-08,2027-03-01,Standpipe,Sprinkler/Standpipe work as shown on plans filed herewith.,457980,200,LIBERTY STREET,Manhattan,10281,F,ABCO-PEERLESS SPRKLR CORP,"389 BROOME STREET, BOX # 2",Brookfield Properties,,,Permit Issued
M01409833-S2-EW-SP,M01409833-S2,Initial Permit,2026-09-14,2026-09-08,2027-03-01,Sprinklers,Sprinkler/Standpipe work as shown on plans filed herewith.,457980,200,LIBERTY STREET,Manhattan,10281,F,ABCO-PEERLESS SPRKLR CORP,"389 BROOME STREET, BOX # 2",Brookfield Properties,,,Permit Issued
M01410202-I1-GC-CX,M01410202-I1,Initial Permit,2026-09-14,2026-07-27,2027-04-04,General Construction,"UNIT 26A INTERIOR RENOVATION. REMOVE AND INSTALL NON-BEARING PARTITIONS, INSTALL MECHANICAL SYSTEM. NO CHANGE IN USE, OCCUPANCY, OR EGRESS UNDER THIS APPLICATION.",55000,175,WEST 95 STREET,Manhattan,10025,GC,LWS CONSTRUCTION INC,200 EAST 94TH ST. APT#2217,Orsid Realty Corp,,,Permit Issued
M01411055-S1-SC,M01411055-S1,Initial Permit,2026-09-14,2026-09-14,2026-12-31,Suspended Scaffold,SUSPENDED SCAFFOLD INSTALLATION FOR FACADE REPAIRS AND INSPECTIONS,0,26,EAST 63 STREET,Manhattan,10065,R,PEDROL CONTRACTING INC,232 INDIA STREET,"PEDROL CONTRACTING, INC",,,Permit Issued
M01413258-I1-GC,M01413258-I1,Initial Permit,2026-09-14,2026-08-15,2026-11-05,General Construction,Installation of new fire rated door entry door in apartment 24C.,5000,270,BROADWAY,Manhattan,10007,GC,ARW CONSTRUCTION INC,6215 82ND PLACE,Not Applicable,,,Permit Issued
M01413820-S1-PL,M01413820-S1,Initial Permit,2026-09-14,2026-08-18,2026-11-02,Plumbing,"RENOVATION OF KITCHEN AND 2 BATHROOMS, REPLACING ONE TUB WITH A SHOWER. NO CHANGE OF USE EGRESS OR OCCUPANCY.",35000,595,MAIN STREET,Manhattan,10044,P,ALL PRO PLBG & HTG INC,63-03 FOREST AVENUE,WESTVIEW OWNERS CORP.,,,Permit Issued
M01414228-I1-GC,M01414228-I1,Initial Permit,2026-09-14,2026-09-11,2026-11-16,General Construction,"GC work related to renovation of 1family home including modification to interior non-load bearing partitions, door opening, cabinetry, new floor finishes & bathroom . Plumbing filed under M01414228-I1. No change to occupancy, use or egress.",189998.84,41,RIVERSIDE DRIVE,Manhattan,10023,GC,DISALVO CONTRACTING LLC,4214 3RD AVENUE,Not Applicable,,,Permit Issued
M01414691-S2-PL,M01414691-S2,Initial Permit,2026-09-14,2026-07-21,2027-05-01,Plumbing,"SUBSEQUENT APPLICATION FILED FOR PLUMBING MODIFICATIONS/ADDITIONS IN THE CELLAR, 1ST FL AND 1ST FL MEZZ. OF EXISTING THEATRE/OFFICE SPACE AS PER PLANS FILED HEREWITH. NO CHANGE IN USE, EGRESS, OR OCCUPANCY.",74000,543,WEST 42 STREET,Manhattan,10036,P,BEDROCK PLUMBING & HEATING INC,101-14 JAMAICA AVENUE,"All Stars Project, Inc",,,Permit Issued
M01415888-S1-PL,M01415888-S1,Initial Permit,2026-09-14,2026-08-05,2026-12-31,Plumbing,"PROPOSED PLUMBING WORK IN CONNECTION WITH THE RENOVATION OF APARTMENT 4S (4th FLOOR), AS PER PLANS FILED HEREWITH.NO CHANGE IN USE, EGRESS OR OCCUPANCY.",21000,39,BEDFORD STREET,Manhattan,10014,P,EDGECOMBE PLBG & HTG INC,2273 WESTCHESTER AVENUE,GPG Management,,,Permit Issued
M01416953-I1-GC,M01416953-I1,Initial Permit,2026-09-14,2026-07-26,2026-12-30,General Construction,"Interior renovation of store-There is no change in use, egress or occupancy under this application",45000,107,SULLIVAN STREET,Manhattan,10012,GC,ARIEL CONSULTANTS LLC,350 7TH AVE STE 400,MANHATTAN SKYLINE MANAGEMENT CORP,,,Permit Issued
M01417537-S1-EW-SP,M01417537-S1,Initial Permit,2026-09-14,2026-07-15,2026-12-22,Sprinklers,Modification of sprinkler system as shown on plans.,17998.42,395,9 AVENUE,Manhattan,10001,F,CAPITOL FIRE SPRINKLER CO,51-51 59TH PLACE,Brookfield Prop Operated by CBRE,,,Permit Issued
M01418396-S1-SF,M01418396-S1,Initial Permit,2026-09-14,2026-09-14,2026-10-14,Supported Scaffold,"TEMPORARY PIPE SCAFFOLD AS PER DRAWINGS. SCAFFOLD SHALL COMPLY WITH CH #33 OF THE NYC BC. NO CHANGE IN USE, OCCUPANCY OR EGRESS UNDER THIS APPLICATION.",3000,252,WEST 11 STREET,Manhattan,10014,GC,AKM CONSTRUCTION NY CORP,62 BRYANT ROAD,Not Applicable,,,Permit Issued
M01418762-I1-SH,M01418762-I1,Initial Permit,2026-09-14,2026-09-14,2026-12-13,Sidewalk Shed,"INSTALLATION OF TEMPORARY HEAVY DUTY SIDEWALK SHED AS PER PLANS. NO CHANGE IN USE, EGRESS OR OCCUPANCY. SIDEWALK SHED SHALL COMPLY WITH CHAPTER #33 OF 2022 THE NYC BUILDING CODE. LIVE LOAD 300PSF.",5000,222,WEST 37 STREET,Manhattan,10018,GC,PLATINUM SERVICES NY LLC,53-28 11TH STREET 2ND FL,PLATINUM SERVICES NY LLC,,,Permit Issued
M01420804-I1-MS,M01420804-I1,Initial Permit,2026-09-14,2026-07-30,2026-10-22,Mechanical Systems,Modification to existing mechanical systems as per plans filed herewith.,80000,1177,AVENUE OF THE AMERICAS,Manhattan,10036,GC,"DK CONSTRUCTION ONE, CORP",41-20 39TH STREET,CUSHMAN & WAKEFIELD,,,Permit Issued
M01420805-I1-GC,M01420805-I1,Initial Permit,2026-09-14,2026-07-29,2027-04-03,General Construction,"Demolition and general construction in partial 5th floor as per plans. No change to use, egress or occupancy.",300000,366,FIFTH AVENUE,Manhattan,10001,GC,CREATIVE TEAM INTERIORS I,"366 FIFTH AVENUE, SUITE 816",PR,,,Permit Issued
M01422542-I1-PL,M01422542-I1,Initial Permit,2026-09-14,2026-08-07,2026-11-20,Plumbing,"INSTALLATION OF TEMPORARY 8 GAS PIPING TO CONNECT TWO MOBILE BOILER TRAILERS THAT WILL PROVIDE HEAT TO THE BUILDING DURING HEATING SEASON IN CONJUNCTION WITH M01281865-I1 AND M01285644-I1. NO CHANGE IN USE, EGRESS, OR OCCUPANCY.",50000,160,CONVENT AVENUE,Manhattan,10031,P,FJP MECHANICAL INC,18-08 COLLEGE POINT BOULEVARD,DASNY,,,Permit Issued
M01423206-I1-GC,M01423206-I1,Initial Permit,2026-09-14,2026-08-21,2027-07-01,General Construction,"COMBINATION OF APTS #4A & #4B AS PER TPPN #3/97 AS SHOWN ON PLANS. GENERAL DEMOLITION, CONSTRUCTION, ELECTRICAL MODIFICATIONS IN THE MULTI-FAMILY WALK-UP BUILDING. NO CHANGE IN USE, OCCUPANCY OR MEANS OF EGRESS.",124999.5,63,EAST 9 STREET,Manhattan,10003,GC,KELMENDI INTERIORS INC,1715 70TH STREET APT 1B,,,,Permit Issued
M01424818-I1-FN,M01424818-I1,Initial Permit,2026-09-14,2026-09-14,2026-11-09,Construction Fence,"Installation of a temporary construction fence per plan submitted. Work shall comply with 2022 building codes chapter 33. No change in use, egress and/or occupancy with this application.",2500,2109,BROADWAY,Manhattan,10023,GC,CARLITOS CONTRACTING CORP,104-35 205TH PLACE,ANSONIA ASSOCIATES LP,,,Permit Issued
M01424999-S2-PL,M01424999-S2,Initial Permit,2026-09-14,2026-08-26,2027-04-01,Plumbing,"Modification to existing Plumbing system for INTERIOR RENOVATION OF EXISTING 17TH FLOOR SPACES INCLUSIVE OF BAR AND LOUNGE, COMMERCIAL KITCHEN, BACK OF HOUSE SPACES, AND TOILETS ROOMS WITHIN THE GRAMERCY PARK HOTEL. No change in occupancy, ",300080,2,LEXINGTON AVENUE,Manhattan,10010,P,F.S. SITE CORP,1488 SCHENECTADY AVENUE,MCR Hotels,,,Permit Issued
M01425008-I1-EW-SP,M01425008-I1,Initial Permit,2026-09-14,2026-08-27,2027-04-01,Sprinklers,"Modification to existing Sprinkler System for INTERIOR RENOVATION OF EXISTING 17TH FLOOR SPACES INCLUSIVE OF BAR AND LOUNGE, COMMERCIAL KITCHEN, BACK OF HOUSE SPACES, AND TOILETS ROOMS WITHIN THE GRAMERCY PARK HOTEL. No change in occupancy,",50040,2,LEXINGTON AVENUE,Manhattan,10010,F,F.S. SITE CORP,1488 SCHENECTADY AVENUE,MCR Hotels,,,Permit Issued
M01425228-I1-GC,M01425228-I1,Initial Permit,2026-09-14,2026-08-31,2026-10-31,General Construction,"Interior renovation of existing office space located on the 15th floor. Work to include minor demo, new partitions, doors and ceiling modifications as shown on plans. No change in use, egress or occupancy.",601000,511,5 AVENUE,Manhattan,10017,GC,TURNER CONSTRUCTION COMPA,66 HUDSON BLVD E,PR,,,Permit Issued
M01425228-S1-MS,M01425228-S1,Initial Permit,2026-09-14,2026-09-01,2026-10-31,Mechanical Systems,"Modifications to existing HVAC system and related piping for new office tenant space. No change in use, egress or occupancy.",0,511,5 AVENUE,Manhattan,10017,GC,TURNER CONSTRUCTION COMPA,66 HUDSON BLVD E,PR,,,Permit Issued
M01425228-S2-PL,M01425228-S2,Initial Permit,2026-09-14,2026-09-02,2026-11-10,Plumbing,"Modifications to existing plumbing system and related piping for new office tenant space. No change in use, egress or occupancy.",0,511,5 AVENUE,Manhattan,10017,P,A&A PLUMBING CORP,33-25 126TH PLACE,PR,,,Permit Issued
M01425719-I1-GC,M01425719-I1,Initial Permit,2026-09-14,2026-08-04,2026-12-31,General Construction,"Interior fit-out of Doctors Office at the existing partial 3rd floor of 133 East 58th Street. No change in use, egress, or occupancy.",550000,133,EAST 58 STREET,Manhattan,10022,GC,SYNERGY CONSTRUCTION INC,"350 7TH AVENUE, SUITE 201","133 E. 58TH STREET, LLC",,,Permit Issued
M01425747-I1-MS,M01425747-I1,Initial Permit,2026-09-14,2026-08-18,2026-12-31,Mechanical Systems,Insulation of AC units and ductwork as shown on plans.,285000,133,EAST 58 STREET,Manhattan,10022,GC,SYNERGY CONSTRUCTION INC,"350 7TH AVENUE, SUITE 201","133 E. 58TH STREET, LLC",,,Permit Issued
M01426051-I1-MS,M01426051-I1,Initial Permit,2026-09-14,2026-07-10,2027-02-02,Mechanical Systems,"Application filed for the redirection of an existing ductwork in an existing office space. There will be no change to exit, egress, or occupancy use under this application.",45000,45,WEST 45 STREET,Manhattan,10036,GC,MGI DESIGNED INTERIORS,97 E VALLEY STREAM BLVD,"Jewel Source, Inc",,,Permit Issued
M01426141-I1-GC,M01426141-I1,Initial Permit,2026-09-14,2026-07-15,2027-02-02,General Construction,"Application filed for renovation of an existing office space. There will be no change to exit, egress or occupancy use under this application.",24996,45,WEST 45 STREET,Manhattan,10036,GC,MGI DESIGNED INTERIORS,97 E VALLEY STREAM BLVD,"Jewel Source, Inc",,,Permit Issued
M01426922-I1-GC,M01426922-I1,Initial Permit,2026-09-14,2026-07-14,2027-02-21,General Construction,"HEREWITH FILING FOR GENERAL INTERIOR RENOVATION AT CELLAR THROUGH 6TH FLOOR, FINISHES TO BE REPLACED THROUGHOUT. NO CHANGE TO EXISTING LAYOUT. NO CHANGE TO BULK, OCCUPANCY, USE OR EGRESS.",75285,78,GREENE STREET,Manhattan,10012,GC,METHOD GENERAL CONTRACTOR,478 ALBANY AVENUE SUITE 144,Wharton Properties,,,Permit Issued
M01428102-S1-PL,M01428102-S1,Initial Permit,2026-09-14,2026-09-04,2026-10-13,Plumbing,HEREBY FILING FOR THE RELOCATION AND INSTALLATION OF FIXTURES IN APARTMENT 1A. NO CHANGE TO USE OCCUPANCY OR EGRESS.,25500,190,RIVERSIDE DRIVE,Manhattan,10024,P,CARRERAS HOME IMPROV INC,1347 BOSTON ROAD,RSP Companies,,,Permit Issued
M01429162-I1-GC,M01429162-I1,Initial Permit,2026-09-14,2026-08-13,2027-02-21,General Construction,"FACADE RESTORATION INCLUDING CONCRETE REPAIR, MORTAR REPOINTING, MASONRY, SEALANT, LINTEL, WINDOW SILL AND TERRA COTTA REPLACEMENT. NO CHANGE IN USE, EGRESS OR OCCUPANCY.",447583,21,EAST 104 STREET,Manhattan,10029,GC,GURNOOR CONSTRUCTION CORP,154-12 ROCKAWAY BLVD,CONCORD MANAGEMENT OF NY,,,Permit Issued
M01429487-I1-GC,M01429487-I1,Initial Permit,2026-09-14,2026-08-04,2027-01-23,General Construction,"APPLICATION FILED FOR INTERIOR RENOVATION OF NON-LOAD BEARING PARTITIONS, CEILINGS, AND FINISHES ON THE 20TH FL (CALIBRE) AS PER PLANS FILED HEREWITH. NO CHANGE IN USE, EGRESS, OR OCCUPANCY.",247910,225,WEST 34 STREET,Manhattan,10122,GC,MONUMENTAL CONSTRUCTION *,1140 BROADWAY STE 206,CIRCLE REALTY GROUP LLC,,,Permit Issued
M01430519-S2-SF,M01430519-S2,Initial Permit,2026-09-14,2026-09-14,2027-03-01,Supported Scaffold,"INSTALLATION OF TEMPORARY PIPE SCAFFOLD AS PER PLAN. NO CHANGE IN USE, EGRESS, OR OCCUPANCY.",1,427,7 AVENUE,Manhattan,10001,GC,SPRING SCAFFOLDING LLC,49-30 31ST PLACE,VORNADO REALTY TRUST,,,Permit Issued
M01430524-S2-SF,M01430524-S2,Initial Permit,2026-09-14,2026-09-14,2027-03-01,Supported Scaffold,"INSTALLATION OF TEMPORARY PIPE SCAFFOLD AS PER PLAN. THERE IS NO CHANGE IN USE, EGRESS, OR OCCUPANCY.",1,425,7 AVENUE,Manhattan,10001,GC,SPRING SCAFFOLDING LLC,49-30 31ST PLACE,VORNADO REALTY TRUST,,,Permit Issued
M01430578-I1-GC,M01430578-I1,Initial Permit,2026-09-14,2026-08-24,2026-11-29,General Construction,"Removal and installation of interior non bearing partitions and related finishes as per plans filed herewith. No change in use, egress or occupancy under this application.",240000,25,WEST 14 STREET,Manhattan,10011,GC,NATIONAL COMMERCIAL BUILD,41951 REMINGTON AVENUE #230,Not Applicable,,,Permit Issued
M01430806-S3-PMM,M01430806-S3,Initial Permit,2026-09-14,2026-09-14,2027-03-01,Protection and Mechanical Methods,"INSTALLATION OF TEMPORARY ROOF PROTECTION AS PER PLAN. NO CHANGE IN USE, EGRESS, OR OCCUPANCY.",1000,429,7 AVENUE,Manhattan,10001,GC,SPRING SCAFFOLDING LLC,49-30 31ST PLACE,VORNADO REALTY TRUST,,,Permit Issued
M01431470-S2-SF,M01431470-S2,Initial Permit,2026-09-14,2026-09-14,2027-03-01,Supported Scaffold,"INSTALLATION OF TEMPORARY PIPE SCAFFOLD AS PER PLAN. NO CHANGE IN USE, EGRESS, OR OCCUPANCY.",1,431,7 AVENUE,Manhattan,10001,GC,SPRING SCAFFOLDING LLC,49-30 31ST PLACE,VORNADO REALTY TRUST,,,Permit Issued
M01431470-S3-PMM,M01431470-S3,Initial Permit,2026-09-14,2026-09-14,2027-03-01,Protection and Mechanical Methods,"INSTALLATION OF TEMPORARY ROOF PROTECTION AS PER PLAN. THERE IS NO CHANGE IN USE, EGRESS, OR OCCUPANCY.",1000,431,7 AVENUE,Manhattan,10001,GC,SPRING SCAFFOLDING LLC,49-30 31ST PLACE,VORNADO REALTY TRUST,,,Permit Issued
M01432147-I1-GC,M01432147-I1,Initial Permit,2026-09-14,2026-09-01,2027-04-20,General Construction,General construction for Intuit space on 7th floor,1440702.7,51,ASTOR PLACE,Manhattan,10003,GC,JRM CONSTRUCTION MGMT LLC,"111 WEST 33RD ST, 4TH FLR","EDWARD J. MINSKOFF EQUITIES, INC.",,,Permit Issued
M01432153-I1-MS,M01432153-I1,Initial Permit,2026-09-14,2026-08-31,2027-04-20,Mechanical Systems,Mechanical work for Intuit space on 7th floor,1600407.2,51,ASTOR PLACE,Manhattan,10003,GC,JRM CONSTRUCTION MGMT LLC,"111 WEST 33RD ST, 4TH FLR","EDWARD J. MINSKOFF EQUITIES, INC.",,,Permit Issued
M01432271-I1-GC,M01432271-I1,Initial Permit,2026-09-14,2026-07-29,2027-06-23,General Construction,"INSTALL STOREFRONT AWNING. NO CHANGE IN OCCUPANCY, USE OR EGRESS.",4480,100,MAIDEN LANE,Manhattan,10038,GC,NY SIGN ART INC,156 THIRD AVENUE,PR,,,Signed-off
M01432776-I1-SC,M01432776-I1,Initial Permit,2026-09-14,2026-09-10,2026-12-09,Suspended Scaffold,Suspended Scaffolding for Facade Restoration & Inspection as Shown on Plans,0,400,EAST 51 STREET,Manhattan,10022,R,LAWRENCE EXTERIOR REST CO,150-44 11TH AVENUE,PR,,,Permit Issued
M01434120-S1-PL,M01434120-S1,Initial Permit,2026-09-14,2026-08-17,2027-01-13,Plumbing,"Interior renovation and modification of existing tenant space, Use Group 6, on 11th floor to include minor plumbing work as per plans. No change to use egress or occupancy.",0,254,WEST 54 STREET,Manhattan,10019,P,JADA PLUMBING & HTG LLC,"575 LEXINGTON AVENUE,14TH FL",ALLIED PARTNERS,,,Permit Issued
M01435695-S1-MS,M01435695-S1,Initial Permit,2026-09-14,2026-09-04,2026-12-31,Mechanical Systems,"159 EAST 53RD STREET - NYU - INTERIOR DEMO TO MECHANICAL DUCTWORK ON 2ND FLOOR. NO CHANGE IN USE, EGRESS, OR OCCUPANCY.",21000,159,EAST 53 STREET,Manhattan,10022,GC,TISHMAN CONSTRUCTION CORP,100 PARK AVENUE,BOSTON PROPERTIES,,,Permit Issued
M01435958-I1-PL,M01435958-I1,Initial Permit,2026-09-14,2026-08-27,2026-11-10,Plumbing,"PLUMBING WORK TAKING PLACE ON THE 52ND FLOOR AS PER PLANS FILED HEREWITH. NO CHANGE IN USE, EGRESS, OR OCCUPANCY.",21500,60,EAST 42 STREET,Manhattan,10017,P,A&A PLUMBING CORP,33-25 126TH PLACE,ESRT,,,Permit Issued
M01437598-I1-MS,M01437598-I1,Initial Permit,2026-09-14,2026-07-31,2027-04-16,Mechanical Systems,Installation of 2 Heating and cooling split systems to serve the existing 5 classrooms and one partial corridor.,50000,2672,FREDERICK DOUGLAS BOULEVARD,Manhattan,10030,GC,FOUR STREETS COOL AIR INC,385 ADAMS AVE,CHILDREN'S AID,,,Permit Issued
M01438152-I1-GC,M01438152-I1,Initial Permit,2026-09-14,2026-08-04,2027-05-11,General Construction,HEREBY FILING GENERAL CONSTRUCTION WORK AT 23RD FLOOR UNIT 23C AS PER PLANS.,140003.2,60,WEST 66 STREET,Manhattan,10023,GC,"R.C.LEGNINI CO., LLC",46 PENNSYLVANIA AVENUE,AS AGENT FOR OWNER,,,Permit Issued
M01440227-I1-MS,M01440227-I1,Initial Permit,2026-09-14,2026-09-11,2027-04-01,Mechanical Systems,"Modifications to the existing HVAC System. Install new ductwork, piping, controls and equipment on the 40th Floor as per plans (LL Work - Demo.) No change to use, egress or occupancy.",54000,3,BRYANT PARK,Manhattan,10036,GC,THEODORE WILLIAMS CONSTR,641 LEXINGTON AVE,HINES INTERESTS LIMITED PARTNERSHIP,,,Permit Issued
M01440285-I1-GC,M01440285-I1,Initial Permit,2026-09-14,2026-09-10,2026-10-20,General Construction,Interior demo and general construction for part of the 7th floor.,1300000,641,LEXINGTON AVENUE,Manhattan,10022,GC,TRI-STAR CONSTRUCTION COR,770 LEXINGTON AVENUE 13TH FL,RUDIN MANAGEMENT INC,,,Permit Issued
M01440597-S1-MS,M01440597-S1,Initial Permit,2026-09-14,2026-09-11,2026-12-31,Mechanical Systems,"MECHANICAL MODIFICATIONS TAKING PLACE ON THE 12TH FLOOR AS PER DRAWINGS FILED HEREWITH. NO CHANGE IN USE, EGRESS OR OCCUPANCY.",55985.2,110,EAST 60 STREET,Manhattan,10022,GC,SYNERGY CONSTRUCTION INC,"350 7TH AVENUE, SUITE 201",Lincoln Property Company,,,Permit Issued
M01440631-S1-MS,M01440631-S1,Initial Permit,2026-09-14,2026-09-09,2026-12-31,Mechanical Systems,BCG FLOORS 43 & 46 -- MECHANICAL MODIFICATIONS IN CONJUNCTION WITH OFFICE RENOVATIONS AS PER PLANS FILED.,475000,10,HUDSON YARDS,Manhattan,10001,GC,"STRUCTURE TONE, LLC",330 WEST 34TH STREET,PR,,,Permit Issued
M01440631-S2-EW-SP,M01440631-S2,Initial Permit,2026-09-14,2026-09-09,2027-04-16,Sprinklers,BCG FLOORS 43 &46 -- SPRINKLER MODIFICATIONS INCLUDING TCSP INSTALLATION AS PER PLANS FILED.,150000,10,HUDSON YARDS,Manhattan,10001,F,ARCHER CONSULTANTS GROUP,41 BOX STREET,PR,,,Permit Issued
M01440639-I1-GC,M01440639-I1,Initial Permit,2026-09-14,2026-09-10,2027-01-10,General Construction,"INTERIOR RENO OF EXISTING IT ROOM. WORK INCLUDES, BUT NOT LIMITED TO, DEMO/INSTALLATION OF NON-LOAD BEARING PARTITIONS, FIXTURES AND FINISHES ON 30TH FL AS PER PLANS. NO CHANGE IN USE, EGRESS OR OCCUPANCY.",180000,888,7 AVENUE,Manhattan,10106,GC,CLS PROJECT SOLUTIONS INC,630 HUDSON ST,,,,Permit Issued
M01441068-I1-GC,M01441068-I1,Initial Permit,2026-09-14,2026-08-11,2027-04-10,General Construction,"APPLICATION FILED FOR INTERIOR RENOVATION &RELATED PLUMBING WORK OF APT 2005 ON 19th FLOOR. NO CHANGE IN USE, EGRESS OROCCUPANCY UNDER THIS APPLICATION.",60000,155,WEST 68 STREET,Manhattan,10023,GC,ROBINSON INVESTMENT GROUP,473 WASHINGTON BLVD,Not Applicable,,,Permit Issued
M01441291-I1-MS,M01441291-I1,Initial Permit,2026-09-14,2026-08-27,2026-12-08,Mechanical Systems,REPLACEMENT OF EXISTING CHILLERS AND LOBBY AC AS SHOWN ON PLANS,530000,45,SUTTON PLACE SOUTH,Manhattan,10022,GC,CRYSTAL COMFORT INC,43-15 38 STREET,BOULEVARD GARDENS OWNERS CORP.,,,Permit Issued
M01441358-I1-SC,M01441358-I1,Initial Permit,2026-09-14,2026-09-10,2027-07-01,Suspended Scaffold,FISP INSPECTION (Facade Inspection Safety Program). INDUSTRIAL ROPE ACCESS TECHNIQUES AND METHODS. SEE ATTACHED PLANS. Designated Primary Site supervisor: Jesus Decola,0,830,AMSTERDAM AVENUE,Manhattan,10025,R,STRUCTUAL PRESV SYSTEM,35-21 VERNON BLVD,NYCHA,,,Permit Issued
M01441803-I1-GC,M01441803-I1,Initial Permit,2026-09-14,2026-08-17,2026-12-31,General Construction,"AT 35TH FLOOR TENANT SPACE, INSTALLATION OF INTERIOR PARTITIONS AND FINISHES AS PER PLANS FILED HEREWITH. NO CHANGE IN USE, OCCUPANCY OR EGRESS.",1000000,1250,BROADWAY,Manhattan,10001,GC,"STRUCTURE TONE, LLC",330 WEST 34TH STREET,1250 BROADWAY ASSOCIATES LLC,,,Permit Issued
M01441805-I1-PL,M01441805-I1,Initial Permit,2026-09-14,2026-08-17,2026-11-10,Plumbing,"AT 35TH FLOOR TENANT SPACE, INSTALLATION OF PLUMBING FIXTURES AND RELATED PIPING AS PER PLANS FILED HEREWITH. NO CHANGE IN USE, OCCUPANCY OR EGRESS.",40000,1250,BROADWAY,Manhattan,10001,P,A&A PLUMBING CORP,33-25 126TH PLACE,1250 BROADWAY ASSOCIATES LLC,,,Permit Issued
M01442039-I1-SC,M01442039-I1,Initial Permit,2026-09-14,2026-09-14,2027-02-20,Suspended Scaffold,Installation of suspended scaffold for facade work or inspection,0,301,EAST 69 STREET,Manhattan,10021,R,TOWER SERVICES INC,38-60 REVIEW AVENUE,RUDD REALTY MANAGEMENT CORP.,,,Permit Issued
M01442069-I1-GC,M01442069-I1,Initial Permit,2026-09-14,2026-09-11,2027-06-01,General Construction,INTERIOR RENOVATION OF 1ST FLOOR COMMERICAL SPACE AS PER PLANS. NO CHANGE IN USE EGRESS OR OCCUPANCY,2100000,22,WEST 19 STREET,Manhattan,10011,GC,INTERSTATE INTERIORS INC,20 WEST 36TH STREET,"KAUFMAN MANAGEMENT COMPANY, LLC",,,Permit Issued
M01442105-I1-GC,M01442105-I1,Initial Permit,2026-09-14,2026-08-28,2026-12-31,General Construction,"INTERIOR DEMOLITION OF AN EXISTING CELLAR-LEVEL (B1) KITCHEN/BOH SPACE. WORK INCLUDES DEMOLITION OF PARTITIONS, DOORS, CEILINGS, FINISHES, LIGHTING, MILLWORK, KITCHEN EQUIPMENT, ETC. NO CHANGE TO USE, EGRESS, OR OCCUPANCY.",164960.53,11,WALL STREET,Manhattan,10005,GC,TISHMAN INTERIORS CORP,100 PARK AVENUE,NEW YORK STOCK EXCHANGE,,,Permit Issued
M01442194-I1-MS,M01442194-I1,Initial Permit,2026-09-14,2026-09-02,2026-12-31,Mechanical Systems,Demolition of ductwork and diffusers on cellar (B1) level,19968.55,11,WALL STREET,Manhattan,10005,GC,TISHMAN INTERIORS CORP,100 PARK AVENUE,NEW YORK STOCK EXCHANGE,,,Permit Issued
M01443098-S2-MS,M01443098-S2,Initial Permit,2026-09-14,2026-09-01,2027-03-25,Mechanical Systems,Replacement of existing HVAC fan coil units in kind and in same locations,17980,340,EAST 64 STREET,Manhattan,10065,GC,JOLY'S HOME IMPROVEMENT I,1779 GILDERSLEEVE ST,The St Tropez Condominium,,,Permit Issued
M01443560-I1-GC,M01443560-I1,Initial Permit,2026-09-14,2026-09-11,2027-06-30,General Construction,REMOVAL AND INSTILLATION OF INTERIOR NON LOAD BEARING PARTITIONS AND RELATED FINISHES. FILED IN CONJUCTION WITH NEW BUILDING APPLICATION 121209192. MPP 47.,595000,520,FIFTH AVENUE,Manhattan,10036,GC,ICON INTERIORS INC,307 SEVENTH AVENUE,RABINA PROPERTIES,,,Permit Issued
M01443560-S1-MS,M01443560-S1,Initial Permit,2026-09-14,2026-09-10,2027-06-30,Mechanical Systems,"Modification to existing Mechanical System as per plans filed herewith. No change in use, egress or occupancy under this application.",175000,520,FIFTH AVENUE,Manhattan,10036,GC,ICON INTERIORS INC,307 SEVENTH AVENUE,RABINA PROPERTIES,,,Permit Issued
M01444194-I1-ST,M01444194-I1,Initial Permit,2026-09-14,2026-08-20,2026-12-12,Structural,"INTERIOR RENOVATION OF APT 2A AND 4A. PARTITION CHANGES AS PER PLANS. INSTALLATION OF NEW WINDOWS AND SKYLIGHTS. NO CHANGE IN USE, OCCUPANCY, OR EGRESS.",233900,117,EAST 11 STREET,Manhattan,10003,GC,BEE CONSTRUCTIONS LLC,184 REMSEN RD,ALLIED REALTY & DEVELOPMENT CORP.,,,Permit Issued
M01444650-I1-SF,M01444650-I1,Initial Permit,2026-09-14,2026-09-11,2026-12-09,Supported Scaffold,INSTALLATION OF PIPE SCAFFOLDING AS PER PLANS. ALL EQUIPMENT SHALL COMPLY WITH CHAPTER # 33 OF THE 2022 CODE. NO CHANGE IN USE OCCUPANCY OR EGRESS UNDER THIS APPLICATION.,10000,179,CHURCH STREET,Manhattan,10007,GC,MC SUPERSTRUCTURE INC,135-53 NORTHERN BLVD #2B,MC SUPERSTRUCTURE INC.,,,Permit Issued
M01445518-I1-SC,M01445518-I1,Initial Permit,2026-09-14,2026-08-27,2027-05-31,Suspended Scaffold,INSTALL OUTRIGGER SUSPENDED SCAFFOLDING DURING FACADE RESTORATION WORK,0,35,CENTRAL PARK NORTH,Manhattan,10026,R,BAY RESTORATION CORP,37-24 10TH STREET,BAY RESTORATION CORP.,,,Permit Issued
M01445531-I1-GC,M01445531-I1,Initial Permit,2026-09-14,2026-09-04,2027-01-01,General Construction,"LIMITED REPAIRS TO ROOF LEVEL PARAPET TO INCLUDE POINTING, BRICKWORK, CAULKING, COATING, AND CLADDING AS PER PLANS. SIDEWALK SHED TO BE FILED UNDER SEPARATE APPLICATION. NO CHANGE IN USE, EGRESS, OR OCCUPANCY.",86000,45,EAST 85 STREET,Manhattan,10028,GC,INTER RENOVATION INC,56-32 59TH STREET,WALLACK MGMT. COMPLIANCE OFFICER,,,Permit Issued
M01446162-I1-SF,M01446162-I1,Initial Permit,2026-09-14,2026-09-14,2026-11-17,Supported Scaffold,"Installation of a temporary supported scaffold per plan submitted. Work shall comply with 2022 building codes chapter 33. No change in use, egress and/or occupancy with this application.",3952,2,WEST 16 STREET,Manhattan,10011,GC,INTERSYSTEM CONSTRUCTION,216 EAGLE ST,INTERSYSTEM CONSTRUCTION CORP.,,,Permit Issued
M01446209-I1-GC,M01446209-I1,Initial Permit,2026-09-14,2026-09-03,2027-01-01,General Construction,"INTERIOR RENOVATION OF EXISTING APARTMENT UNIT 4D. NO CHANGE IN USE, EGRESS, OR OCCUPANCY.",62500,415,WEST 55 STREET,Manhattan,10019,GC,A&A PRO GENERAL CONTR,49 PEPPERMILL RD,,,,Permit Issued
M01446526-I1-SC,M01446526-I1,Initial Permit,2026-09-14,2026-08-28,2027-02-09,Suspended Scaffold,Window Inspection,0,400,WEST 63 STREET,Manhattan,10069,R,COLE NYC LLC,42 W 33RD STREET PHII D,WINDSOR COMMUNITIES,,,Permit Issued
M01446809-I1-GC,M01446809-I1,Initial Permit,2026-09-14,2026-08-31,2027-01-29,General Construction,"INTERIOR RENOVATION OF EXISTING OFFICE SPACE ON 4th FLOOR. TO BE NEW ADVERTISING AGENCY OFFICE. (APPROXIMATELY9,646 S.F.) NO CHANGE TO EGRESS, USE OR OCCUPANCY.",589971,25,PARK ROW,Manhattan,10038,GC,WHARTON SMITH CONST NY *,88 PINE ST,PR,,,Permit Issued
M01446869-I1-GC,M01446869-I1,Initial Permit,2026-09-14,2026-09-09,2027-04-15,General Construction,"Propose to perform interior renovations. No change to use, egress or occupancy.",400005,1540,BROADWAY,Manhattan,10036,GC,BSM MAINTENANCE CORP,106 53RD STREET,SPUSV5 1540 Broadway LLC c/o MSD Pa,,,Permit Issued
M01446987-I1-GC,M01446987-I1,Initial Permit,2026-09-14,2026-09-08,2026-12-31,General Construction,Demo Interior renovation as per plans filed herewith.,44252,401,WEST 14 STREET,Manhattan,10014,GC,WCDNY INC,56-10 GRAND AVENUE,PR,,,Permit Issued
M01447010-I1-GC,M01447010-I1,Initial Permit,2026-09-14,2026-09-11,2026-10-01,General Construction,"General Construction for interior renovation of Apartment 11E on the 12th floor as shown on drawings filed herewith. No change in use, egress, or occupancy.",78001.9,431,EAST 20 STREET,Manhattan,10010,GC,SUPER G CONSTRUCTION CORP,"420-C EAST 111TH STREET,GR FL",BPP PCV OWNER LLC,,,Permit Issued
M01447219-S1-PL,M01447219-S1,Initial Permit,2026-09-14,2026-08-24,2026-12-09,Plumbing,plumbing work min conjunction with apartment renovation - replace kitchen and bath appliances & fixtures,0,360,EAST 72 STREET,Manhattan,10021,P,NOBLE PLUMBING & HEATING,1281 ARTHUR KILL RD. UNIT 7,,,,Permit Issued
M01447980-I1-PL,M01447980-I1,Initial Permit,2026-09-14,2026-08-20,2026-11-02,Plumbing,"MINOR PLAN CHANGE FOR PLUMBING JOB SIGN OFF PURPOSES TO SHOW GAS METER INFORMATION. RELATED JOB #12323597. NO CHANGE IN USE, EGRESS OR OCCUPANCY.",100,264,EAST BROADWAY,Manhattan,10002,P,ALL PRO PLBG & HTG INC,63-03 FOREST AVENUE,Not Applicable,,,Permit Issued
M01449886-S1-PL,M01449886-S1,Initial Permit,2026-09-14,2026-09-03,2026-10-30,Plumbing,"TENANT FIX OUT FOR EXISTING COMMERCIAL SPACE WITH PLUMBING WORK ON 1ST FLOOR. NO CHANGE IN USE, EGRESS OR OCCUPANCY.",7500,619,9 AVENUE,Manhattan,10036,P,RRP PLUMBING CORP,106-07 NORTHERN BOULEVARD,619 9th Avenue corp,,,Permit Issued
M01449960-I1-GC,M01449960-I1,Initial Permit,2026-09-14,2026-09-11,2026-12-22,General Construction,Temporary art build out.,72750,58,BOWERY,Manhattan,10013,GC,"WINICK PRODUCTIONS, LLC","250 WEST 103RD STREET, 4C",PR,,,Permit Issued
M01450705-I1-MS,M01450705-I1,Initial Permit,2026-09-14,2026-09-04,2027-03-26,Mechanical Systems,"Replacement of existing water-source heat pump in existing space, as per plans filed herewith. No change in use, egress, or occupancy.",15000,1260,3 AVENUE,Manhattan,10021,GC,ECONO AIR HEATING/COOLING,769 WASHINGTON AVE,Not Applicable,,,Permit Issued
M01450899-I1-GC-CX,M01450899-I1,Initial Permit,2026-09-14,2026-09-03,2026-11-03,General Construction,"FILE GENERAL CONSTRUCTION WORK FOR PROPOSED SUSHI RESTAURANT WITH NEW PAINTING, FLOOR, AND PARTITION AS PER PLAN. NO CHANGE IN USE, EGRESS OR OCCUPANCY.",94570,28,WEST 36 STREET,Manhattan,10018,GC,LT PRO CONSTRUCTION INC,1529 71ST STREET FL1,Not Applicable,,,Permit Issued
M01451293-I1-GC,M01451293-I1,Initial Permit,2026-09-14,2026-09-11,2026-11-06,General Construction,Temporary Installation in Auditorium at 3RD FL to be removed after event,400000,29,11 AVENUE,Manhattan,10011,GC,GOOD SENSE & CO.PRODUCT S,77 WASHINGTON AVE SUITE 1,RXR,,,Permit Issued
M01451316-I1-GC,M01451316-I1,Initial Permit,2026-09-14,2026-09-01,2026-10-20,General Construction,Renovation of apartment #2J on 2nd floor.,151800,72,BARROW STREET,Manhattan,10014,GC,TONED PAINTING & CONSTRUC,405 EAST 82ND STREET,AJ CLARKE REAL ESTATE CORP,,,Permit Issued
M01451484-I1-PMM,M01451484-I1,Initial Permit,2026-09-14,2026-09-14,2027-03-01,Protection and Mechanical Methods,"INSTALLATION OF TEMPORARY OVERHEAD PROTECTION AS PER PLAN. NO CHANGE IN USE, EGRESS OR OCCUPANCY.",1000,837,MADISON AVENUE,Manhattan,10021,GC,SPRING SCAFFOLDING LLC,49-30 31ST PLACE,Akris Inc.,,,Permit Issued
M01451573-I1-SC,M01451573-I1,Initial Permit,2026-09-14,2026-09-14,2027-01-01,Suspended Scaffold,INSTALLATION OF TEMPORARY SUSPENDED SCAFFOLD EQUIPMENT FOR FACADE INSPECTIONS AND REPAIRS. NO CHANGES IN THE EGRESS.,0,102,WEST 80 STREET,Manhattan,10024,R,CENTRAL CONSTRUCTION MGMT,25-04 40TH AVENUE,AKME PM LLC,,,Permit Issued
M01452253-I1-GC,M01452253-I1,Initial Permit,2026-09-14,2026-09-10,2026-10-18,General Construction,"TO PROPOSE VANILLA BOX RENOVATION FOR EXISTING MEDICAL OFFICE AT PARTIAL 001 FLOOR AS PER PLAN FILED HEREWITH. NO CHANGE IN USE, EGRESS OR OCCUPANCY.",60000,48,MARKET STREET,Manhattan,10002,GC,KALE CONSTRUCTION INC,145-12 24 AVE,Not Applicable,,,Permit Issued
M01453034-I1-GC,M01453034-I1,Initial Permit,2026-09-14,2026-09-09,2026-12-22,General Construction,TEMPORARY STRUCTURES USED IN CONJUNCTION WITH TPA: SARTI ROSA TOO PINK TO CARE U.S. LAUNCH EVENT,30000,32,10 AVENUE,Manhattan,10014,GC,"WINICK PRODUCTIONS, LLC","250 WEST 103RD STREET, 4C","H&S Communications, LLC",,,Permit Issued
M01454278-I1-GC,M01454278-I1,Initial Permit,2026-09-14,2026-09-09,2026-12-10,General Construction,"flooring replacement at existing health and fitness facility, no change to bulk, use or egress under this application",20000,60,WEST 129 STREET,Manhattan,10027,GC,RENAISSANCE SPECIAL INC,"1019 AVENUE P, SUITE 501",RENAISSANCE REALTY GROUP,,,Permit Issued
M01454611-I1-SH,M01454611-I1,Initial Permit,2026-09-14,2026-09-11,2026-10-31,Sidewalk Shed,"INSTALLATION OF 300PSF SIDEWALK SHED AS PER PLANS. ALL EQUIPMENT SHALL COMPLY WITH CH #33 OF THE NYC CODE 2022. NO CHANGE IN USE, OCCUPANCY OR EGRESS UNDER THIS APPLICATION.",9000,218,WEST 17 STREET,Manhattan,10011,GC,PETER & DANNY CONTRACT LL,169-12 HILLSIDE AVENUE,PETER&DANNY CONTRACTORS LLC,,,Permit Issued
M01455184-I1-GC,M01455184-I1,Initial Permit,2026-09-14,2026-09-09,2026-10-28,General Construction,"INSTALLATION OF TEMPORARY VERSALITE PLATFORM SYSTEM. NO CHANGE TO USE, EGRESS OR OCCUPANCY.",5000,375,PARK AVENUE,Manhattan,10022,GC,"DYNAMIC EVENT GROUP, INC",300 BLAISDELL RD,RFR REALTY LLC,,,Permit Issued
M01455903-I1-SH,M01455903-I1,Initial Permit,2026-09-14,2026-09-14,2026-12-13,Sidewalk Shed,"INSTALLATION OF TEMPORARY HEAVY DUTY SIDEWALK SHED AS PER PLANS. NO CHANGE IN USE, EGRESS OR OCCUPANCY. SIDEWALK SHED SHALL COMPLY WITH CHAPTER #33 OF 2022 THE NYC BUILDING CODE. LIVE LOAD 300PSF.",1000,7,WEST 66 STREET,Manhattan,10023,GC,PLATINUM SERVICES NY LLC,53-28 11TH STREET 2ND FL,PLATINUM SERVICES NY LLC,,,Permit Issued
M01456194-I1-GC,M01456194-I1,Initial Permit,2026-09-14,2026-09-11,2026-10-18,General Construction,"REPLACE STOREFRONT DOOR, WINDOW AND NO LOAD BEARING PARTITION WALL AS PER PLAN; NO CHANGE IN USE, EGRESS OR OCCUPANCY UNDER THIS APPLICATION.",10000,59,1 AVENUE,Manhattan,10003,GC,KALE CONSTRUCTION INC,145-12 24 AVE,PR,,,Permit Issued
M01457784-I1-ST,M01457784-I1,Initial Permit,2026-09-14,2026-09-10,2026-12-11,Structural,Installation of temporary audience seating riser & tech. riser.,25603.2,643,PARK AVENUE,Manhattan,10065,GC,M STEVENS PRODUCTION,80 DALE STREET,PARK AVENUE ARMORY,,,Permit Issued
M01458361-I1-SF,M01458361-I1,Initial Permit,2026-09-14,2026-09-14,2027-02-17,Supported Scaffold,"Installation of a temporarily supported scaffold per plan submitted. Work shall comply with 2022 building codes chapter 33. No change in use, egress and/or occupancy with this application.",5000,106,WEST 116 STREET,Manhattan,10026,GC,ANDAMIO SCAFFOLDING LLC,20 BURLING LANE (BOX 4-1),PR,,,Permit Issued
M01458398-I1-SH,M01458398-I1,Initial Permit,2026-09-14,2026-09-11,2026-12-13,Sidewalk Shed,INSTALLATION OF HEAVY DUTY SIDEWALK SHED AS PER PLANS. NO CHANGE IN USE OCCUPANCY OR EGRESS UNDER THIS APPLICATION. SIDEWALK SHED SHALL COMPLY WITH CHAPTER 33 OF THE 2022 NYC BUILDING CODE.,6000,250,WEST 40 STREET,Manhattan,10018,GC,J.K.CONSTRUCTION NEW YORK,305 MINEOLA BLVD,PR,,,Permit Issued
M01458909-I1-FN,M01458909-I1,Initial Permit,2026-09-14,2026-09-14,2027-05-15,Construction Fence,"CONSTRUCTION FENCE AS PER DRAWINGS. CONSTRUCTION FENCE SHALL COMPLY WITH CH #33 OF THE NYC BC. NO CHANGE IN USE, OCCUPANCY OR EGRESS UNDER THIS APPLICATION.",2000,45,RENWICK STREET,Manhattan,10013,GC,SKYLINE SCAFFOLDING GROUP,740 RAMSEY AVENUE,SKYLINE SCAFFOLDING GROUP,,,Permit Issued
M01458909-S1-PMM,M01458909-S1,Initial Permit,2026-09-14,2026-09-14,2027-05-15,Protection and Mechanical Methods,"TEMPORARY FENCE ENCLOSURE AT ROOF LEVEL DURING ROOF REPLACEMENT. FENCE ENCLOSURE SHALL COMPLY WITH CH #33 OF THE NYC BC. NO CHANGE IN USE, OCCUPANCY OR EGRESS UNDER THIS APPLICATION.",2000,45,RENWICK STREET,Manhattan,10013,GC,SKYLINE SCAFFOLDING GROUP,740 RAMSEY AVENUE,SKYLINE SCAFFOLDING GROUP,,,Permit Issued
M01459472-I1-SC,M01459472-I1,Initial Permit,2026-09-14,2026-09-14,2026-12-31,Suspended Scaffold,SUSPENDED SCAFFOLD INSTALLATION FOR FACADE REPAIRS AND INSTALLATIONS,0,610,WEST 110 STREET,Manhattan,10025,R,STAR-CEL WATERPRO&REST CO,1685 BOONE AVENUE,STAR-CEL WATERPROOFING,,,Permit Issued
Q00933672-S9-MS,Q00933672-S9,Initial Permit,2026-09-14,2024-05-07,2027-03-31,Mechanical Systems,"Installation of a sub-slab piping and gravel, interior risers, and roof-mounted fans for a Sub-Slab Depressurization System",0,146-50,REEVES AVENUE,Queens,11367,GC,R.A.M.S. MECHANICAL INC,140 58TH ST BLDG B UNIT 4D,NYC SCHOOL CONSTRUCTION AUTHORITY,,,Permit Issued
Q00939347-S1-PL,Q00939347-S1,Initial Permit,2026-09-14,2026-06-28,2027-07-08,Plumbing,Subsequent filing for exterior plumbing work to install new sewer connection as per DEP approved documents.,13000,75-08,185 STREET,Queens,11366,P,RAYMOND'S PLBG & HTG LLC,69-45 76TH STREET,PR,,,Permit Issued
Q00961742-I1-EA,Q00961742-I1,Initial Permit,2026-09-14,2024-04-30,2027-01-02,Earth Work,"Playground redevelopment, Including removal & installation of asphalt pavement, playground equipment, and landscaping.",1000000,201-02,53 AVENUE,Queens,11364,GC,SAFECON BUILDERS CORP,3957 FLATLANDS AVE,NYC SCHOOL CONSTRUCTION AUTHORITY,,,Permit Issued
Q00977709-S1-PL,Q00977709-S1,Initial Permit,2026-09-14,2026-08-31,2026-10-01,Plumbing,"plumbing works relating to horizonal and vertical extension to the existing 1-story 1-family house, to 2-story 2-family.",42000,200-16,118 AVENUE,Queens,11412,P,INFINITI ESC PLUMBING COR,2072 EASTCHESTER ROAD,PR,,,Permit Issued
Q01058887-S6-PL,Q01058887-S6,Initial Permit,2026-09-14,2025-10-30,2027-01-08,Sprinklers,New installation of plumbing and sprinkler system.,0,41-31,68 STREET,Queens,11377,P,WASOFF PLBG & UTILITY CO,36-05C COLLEGE POINT BLVD,WIN WIN 68 LLC,,,Permit Issued
Q01058993-S5-PL,Q01058993-S5,Initial Permit,2026-09-14,2025-10-01,2027-01-08,Plumbing,New installation of plumbing and sprinkler system.,0,41-25,68 STREET,Queens,11377,P,WASOFF PLBG & UTILITY CO,36-05C COLLEGE POINT BLVD,WIN WIN 68 LLC,,,Permit Issued
Q01058996-S5-PL,Q01058996-S5,Initial Permit,2026-09-14,2025-10-01,2027-01-08,Plumbing,New installation of plumbing and sprinkler system.,0,41-27,68 STREET,Queens,11377,P,WASOFF PLBG & UTILITY CO,36-05C COLLEGE POINT BLVD,WIN WIN 68 LLC,,,Permit Issued
Q01107560-S1-SE,Q01107560-S1,Initial Permit,2026-09-14,2026-05-20,2027-01-07,Support of Excavation,HEREWITH FILING SOE PLANS OF PROP. 3 STORY ALT-1 BLDG. THE SOE INVOLVES 1:1 EXCAVATION ON EXPOSURE-3.,10000,135-06,LIBERTY AVENUE,Queens,11419,GC,YAFE MEOD CORP,17 BARSTOW ROAD .SUITE 401,NY DYNAMIC CONSTRUCTION,,,Permit Issued
Q01124098-S2-PL,Q01124098-S2,Initial Permit,2026-09-14,2026-05-26,2026-11-11,Plumbing,PROPOSED PLUMBING WORK-TYPE FILED IN-CONJUNCTION WITH ALT-CO JOB#: Q01124098,108000,107-47,115 STREET,Queens,11419,P,ROCK E SMALL PLBG&HTG INC,152-32 ROCKAWAY BLVD,Not Applicable,,,Permit Issued
Q01150596-I1-FO-EA,Q01150596-I1,Initial Permit,2026-09-14,2026-02-06,2027-09-14,Foundation,APPLICATION FILLING TO CONSTRUCT NEW ONE CAR GARAGE.,0,145-17 GAR,GLASSBORO AVENUE,Queens,11435,GC,ABG CONSTRUCTION NY INC,14515 GLASSBORO AVE 2ND FLOOR,PR,,,Permit Issued
Q01156681-S3-PL,Q01156681-S3,Initial Permit,2026-09-14,2025-11-10,2026-11-02,Sprinklers,"FILED HEREWITH PL & SP WORK TYPES IN CONJUCTION W/ALT-CO#Q01156681-I1, PL#Q01156681-S1. FILING FOR STEEL SLEEVE & 5' OF 6 DIA. XHCI PIPING IN CELL. THROUGH FOUNDATION WALL, NEW WET PIPE SPRINKLER SYSTEM THROUGHOUT BLDG & NEW SPRINKLER SIAME",145000,19-34,PALMETTO STREET,Queens,11385,P,ALL PRO PLBG & HTG INC,63-03 FOREST AVENUE,DAFNA DEVELOPMENT,,,Permit Issued
Q01166217-S7-MS,Q01166217-S7,Initial Permit,2026-09-14,2026-05-22,2027-06-07,Mechanical Systems,Installtion of HVAC system for the 4-story new builidng.,0,41-09,149 PLACE,Queens,11355,GC,KC HVAC INC,2640 E 21ST STREET,149 PLACE MANAGEMENT LLC,,,Permit Issued
Q01170591-I1-EW-SP,Q01170591-I1,Initial Permit,2026-09-14,2025-04-30,2026-12-31,Plumbing,Installation of sprinkler system in conjunction with alteration application Q01139157.,56000,739,CAFFREY AVENUE,Queens,11691,F,B&B MECH PLBG & HTG LLC,1127 UTICA AVENUE,Not Applicable,,,Permit Issued
Q01202901-I1-FO,Q01202901-I1,Initial Permit,2026-09-14,2026-05-23,2026-10-04,General Construction,TO ERECT A 2-STORY WITH ATTIC 1-FAMILY DWELLING ABOVE EXISTING CELLAR AS PER APPROVED PLANS,1526340,172-14,67 AVENUE,Queens,11365,GC,W.JAKE CONSTRUCTION CORP,99-21 204 STREET,Not Applicable,,,Permit Issued
Q01204044-I1-MS,Q01204044-I1,Initial Permit,2026-09-14,2025-06-06,2026-10-29,Mechanical Systems,"HEREWITH FILE ALT C.O TO ENLARGE EXIST 1 & HALF STORY TO 2 STORY. RENOVATION IN CELLAR & FIRST FLOOR TO ERECT INTERIOR PARTITIONS, WINDOWS ,DOORS & MS UNITS. PL WORK UNDER SUBSEQUENT DOB BUILD APPLICATION. TO OBTAIN NEW CERTIFICATE OF OCCUP",605200,158-11,98 STREET,Queens,11414,GC,LW CONTRACTING INC,158-11 98TH STREET,LW CONTRACTING,,,Permit Issued
Q01229465-I1-GC,Q01229465-I1,Initial Permit,2026-09-14,2025-12-09,2027-04-17,General Construction,"Filing interior renovation at 1st floor UPS Store #6196 as per plans. No change in use, egress, or occupancy under this application.",74500,46-28,VERNON BOULEVARD,Queens,11101,GC,VINCENT CASCONE,68 POND ST,Sala Realty LLC,,,Permit Issued
Q01234060-S3-MS,Q01234060-S3,Initial Permit,2026-09-14,2025-11-01,2026-11-03,Mechanical Systems,"INSTALLATION OF MECHANICAL SYSTEMS, EQUIPMENT AND DUCTWORK THROUGH-OUT NEW BUILDING. . FILED IN CONJUNCTION WITH NEW BUILDING, DOB NOW # Q01234060-I1.",0,143-22,84 ROAD,Queens,11435,GC,SAFE ASSURE CONSTRUCTION,143-45 HOOVER AVENUE,HIIC BUILDERS LLC,,,Permit Issued
Q01256442-I1-GC,Q01256442-I1,Initial Permit,2026-09-14,2025-08-26,2026-11-13,General Construction,"FACADE REPAIRS AS PER PLANS FILED HEREWITH. NO CHANGE TO USE, EGRESS OR OCCUPANCY",530233,105-21,66 AVENUE,Queens,11375,GC,LIBERTY CONSTRUCTION & RE,675 CONEY ISLAND AVENUE #2F,,,,Permit Issued
Q01258751-S2-FN,Q01258751-S2,Initial Permit,2026-09-14,2025-08-18,2027-01-17,Construction Fence,FENCE FILING FOR CONVERSION OF ONE FAMILY INTO TWO FAMILIES WITH FRONT AND REAR EXTENSIONS.,2500,92-14,243 STREET,Queens,11426,GC,UNITED GENERAL CONTRA COR,120 MCKEE ST,Not Applicable,,,Permit Issued
Q01283182-S4-CC,Q01283182-S4,Initial Permit,2026-09-14,2025-09-08,2026-10-28,Curb Cut,INSTALL 10' DROP CURB WITH 1'-6 SPLAYS ON BOTH SIDE.,5000,154-62,20 ROAD,Queens,11357,GC,DHC POWER MANAGEMENT CORP,1927 EAST 28TH STREET,N/A,,,Permit Issued
Q01289587-S1-PL,Q01289587-S1,Initial Permit,2026-09-14,2026-04-08,2027-04-07,Plumbing,"PLUMBING AND SPRINKLER WORK IN CONJUNCTION WITH NEW BUILDING # Q01289587-I1. PROP. NEW PL FIXTURES & ELEC SPLIT UNITS FOR HEATING & ELECTRIC HOT WATER HEATER , PER SCH B , THE BUILDING IS A 3-FAM, OCCUP R-2, UG II. NEW SPRINKLER PER PLANS.",0,85-91,67 AVENUE,Queens,11374,P,M & M PIPING AND HEATING,95-26 SUTPHIN BOULEVARD,GOLANI DEVELOPMENT GROUP,,,Permit Issued
Q01289593-S1-PL,Q01289593-S1,Initial Permit,2026-09-14,2026-03-25,2027-04-07,Sprinklers,NEW PLUMBING AND SPRINKLER INSTALLATION ON FLOORS CELLAR AND 1 THROUGH 3,0,85-93,67 AVENUE,Queens,11374,P,M & M PIPING AND HEATING,95-26 SUTPHIN BOULEVARD,GOLANI DEVELOPMENT GROUP,,,Permit Issued
Q01289728-I1-GC-CX,Q01289728-I1,Initial Permit,2026-09-14,2026-07-14,2027-08-01,Structural,"Fire damage repair damage to existing 1 family house, new windows, doors, repair of fire damaged partitions, minor change in location of partitions and new open rear deck. No Certificate of Occupancy change. No Change in Bulk or Exits",224000,89-28,70 AVENUE,Queens,11375,GC,EAST END CONSTRUCTION & R,4 DI TOMAS COURT,Not Applicable,,,Permit Issued
Q01289888-S1-PL,Q01289888-S1,Initial Permit,2026-09-14,2026-04-07,2027-04-07,Sprinklers,"PLUMBING AND SPRINKLER WORK IN CONJUNCTION WITH NEW BUILDING # Q01289888-I1. PROP. NEW PL FIXTURES & ELEC SPLIT UNITS FOR HEATING & ELECTRIC HOT WATER HEATER , PER SCH B , THE BUILDING IS A 3-FAM, OCCUP R-2, UG II. NEW SPRINKLER PER PLANS.",0,85-89,67 AVENUE,Queens,11374,P,M & M PIPING AND HEATING,95-26 SUTPHIN BOULEVARD,GOLANI DEVELOPMENT GROUP,,,Permit Issued
Q01298196-I1-FO,Q01298196-I1,Initial Permit,2026-09-14,2026-09-10,2026-12-31,Structural,NEW 1-STORY DETACHED GARAGE IN REAR YARD.,0,58-31 GAR,229 STREET,Queens,11364,GC,L&L CONSTRUCTION DEVELOP,"169-05 NORTHERN BLVD, 1ST FLR",PJ LUCKY REALTY LLC,,,Permit Issued
Q01298196-I1-GC,Q01298196-I1,Initial Permit,2026-09-14,2026-09-10,2026-12-31,Foundation,NEW 1-STORY DETACHED GARAGE IN REAR YARD.,0,58-31 GAR,229 STREET,Queens,11364,GC,L&L CONSTRUCTION DEVELOP,"169-05 NORTHERN BLVD, 1ST FLR",PJ LUCKY REALTY LLC,,,Permit Issued
Q01298196-I1-ST,Q01298196-I1,Initial Permit,2026-09-14,2026-09-10,2026-12-31,Foundation,NEW 1-STORY DETACHED GARAGE IN REAR YARD.,0,58-31 GAR,229 STREET,Queens,11364,GC,L&L CONSTRUCTION DEVELOP,"169-05 NORTHERN BLVD, 1ST FLR",PJ LUCKY REALTY LLC,,,Permit Issued
Q01299995-S1-PL,Q01299995-S1,Initial Permit,2026-09-14,2026-08-28,2026-10-22,Plumbing,PLUMBING WORK FOR 2-FAMILY HOUSE.,38000,34-23,146 STREET,Queens,11354,P,HP SERVICES INC,"470 CONVENT AVENUE, SUITE 2",Not Applicable,,,Permit Issued
Q01309595-I1-EA,Q01309595-I1,Initial Permit,2026-09-14,2026-01-30,2026-10-15,Earth Work,PROPOSED HORIZONTAL ENLARGEMENT TO EXISTING TWO STORY & CELLAR; TWO FAMILY TO REMAIN & TO OBTAIN NEW CERTIFICATE OF OCCUPANCY.,904475,91-01,116 STREET,Queens,11418,GC,KDK CONSTRUCTION CORP,127-15 102ND ROAD,Not Applicable,,,Permit Issued
Q01309595-I1-FO,Q01309595-I1,Initial Permit,2026-09-14,2026-01-30,2026-10-15,Foundation,PROPOSED HORIZONTAL ENLARGEMENT TO EXISTING TWO STORY & CELLAR; TWO FAMILY TO REMAIN & TO OBTAIN NEW CERTIFICATE OF OCCUPANCY.,904475,91-01,116 STREET,Queens,11418,GC,KDK CONSTRUCTION CORP,127-15 102ND ROAD,Not Applicable,,,Permit Issued
Q01309595-I1-GC,Q01309595-I1,Initial Permit,2026-09-14,2026-01-30,2026-10-15,Foundation,PROPOSED HORIZONTAL ENLARGEMENT TO EXISTING TWO STORY & CELLAR; TWO FAMILY TO REMAIN & TO OBTAIN NEW CERTIFICATE OF OCCUPANCY.,904475,91-01,116 STREET,Queens,11418,GC,KDK CONSTRUCTION CORP,127-15 102ND ROAD,Not Applicable,,,Permit Issued
Q01309623-I1-FN,Q01309623-I1,Initial Permit,2026-09-14,2026-01-30,2026-10-15,Construction Fence,TEMPORARY PLYWOOD CONSTRUCTION FENCE IN CONJUNCTION WITH ALT#Q01309595,5000,91-01,116 STREET,Queens,11418,GC,KDK CONSTRUCTION CORP,127-15 102ND ROAD,Not Applicable,,,Permit Issued
Q01313372-I1-FD,Q01313372-I1,Initial Permit,2026-09-14,2025-12-24,2026-11-21,Full Demolition,HAND DEMOLITION OF EXISTING ONE STORY GARAGE AT THE REAR YARD.,15000,68-08 REAR,147 STREET,Queens,11367,GC,FIRST WORLD DEVELOPMENT,142-22 CANEY LANE,Not Applicable,,,Permit Issued
Q01322053-I1-CC,Q01322053-I1,Initial Permit,2026-09-14,2025-11-20,2027-01-12,Curb Cut,PROPOSED 10 FEET CURB CUT INCLUDING SPLAY IN CONJUNCTION WITH NB# Q01236136.,5000,130-55,123 STREET,Queens,11420,GC,KAIETEUR CONSTRUCTION INC,"110-16 LIBERTY AVENUE, SUITE 201",DAM PROPERTIES HOLDING CP,,,Permit Issued
Q01323259-S5-FO-EA,Q01323259-S5,Initial Permit,2026-09-14,2026-09-11,2026-12-31,Foundation,"REPLACEMENT OF RETAINING WALL IN THE REAR YARD. NO CHANGE IN USE, OCCUPANCY OR EGRESS.",10000,166-27,16 AVENUE,Queens,11357,GC,L&L CONSTRUCTION DEVELOP,"169-05 NORTHERN BLVD, 1ST FLR",1627 WHITESTONE LLC,,,Permit Issued
Q01325989-S2-PL,Q01325989-S2,Initial Permit,2026-09-14,2026-06-12,2027-01-04,Plumbing,"INSTALLATION OF PLUMBING WORK AS PER PLAN FILED HEREWITH. NO CHANGE IN USE, OCCUPANCY OR EGRESS OF BUILDING.",36500,10-08,147 STREET,Queens,11357,P,THOMAS F. CASH & SONS INC,59-12 KISSENA BLVD,Not Applicable,,,Permit Issued
Q01339715-I1-FD,Q01339715-I1,Initial Permit,2026-09-14,2026-09-08,2027-05-31,Full Demolition,PROPOSED FULL DEMOLITION OF AN EXISTING 2 1/2 STORY FRAME BUILDING WITH CELLAR,54000,139-03,14 AVENUE,Queens,11357,GC,PRECISION HOME DEV INC,148-15 85 DRIVE,UNITED DEVELOPERS LLC,,,Permit Issued
Q01339987-I1-GC-CX,Q01339987-I1,Initial Permit,2026-09-14,2026-03-19,2026-10-17,General Construction,NEW ONE CAR GARAGE.,0,257-12 GAR,86 AVENUE,Queens,11001,GC,HUNT B CONSTRUCTION INC,1615 HILLSIDE AVE,HUNT B CONSTRUCTION,,,Permit Issued
Q01346680-I1-GC,Q01346680-I1,Initial Permit,2026-09-14,2026-02-09,2027-05-01,General Construction,"FILE CONSTRUCTION OWRK AT APT 3D TO INSTALL SHEETROCKS FOR ALL PARTITIONS WALLS, CEILING FLOOR TILES AND FIRE STOPPING AS PER PLAN AND RESTORE PREMISES TO PRIOR LEGAL CONDITION, NO CHANGE OF INGRESS, OCCUPANCY OR USE.",32500,140-11,ASH AVENUE,Queens,11355,GC,MSK CONSTRUCTION TEAM INC,35-23 FARRINGTON STREET 2ND FL,QUEENS JADE INC,,,Permit Issued
Q01349627-I1-GC,Q01349627-I1,Initial Permit,2026-09-14,2026-07-30,2026-10-31,General Construction,PROPOSED 4 STORY WITH CELLAR MIXED USE NEW BUILDING.AS PER PLAN. OBTAIN A NEW CERTIFICATE OF OCCUPANCY.,0,23-05,45 AVENUE,Queens,11101,GC,JRL SKYLINE INC,135-25 NORTHERN BLVD FL 2,SUNLIGHT DEVELOPMENT GROUP,,,Permit Issued
Q01349627-S3-MS,Q01349627-S3,Initial Permit,2026-09-14,2026-07-30,2026-10-31,Mechanical Systems,"PROPOSED MECHANICAL WORKS AS PER PLAN IN CONJUNCTION WITH NB JOB#Q01349627-I1. THERE IS NO CHANGE OF USE, EGRESS OR OCCUPANCY FILED UNDER THIS APPLICATION.",0,23-05,45 AVENUE,Queens,11101,GC,JRL SKYLINE INC,135-25 NORTHERN BLVD FL 2,SUNLIGHT DEVELOPMENT GROUP,,,Permit Issued
Q01350431-I1-GC,Q01350431-I1,Initial Permit,2026-09-14,2026-08-17,2026-10-31,General Construction,"RENOVATION OF AN EXISTING SINGLE-FAMILY BUILDING. FILE GENERAL CONSTRUCTION, PLUMBING & MECHANICAL WORK TYPES. NO CHANGE IN USE, EGRESS, OR OCCUPANCY.",139700,39-09,44 STREET,Queens,11104,GC,J. KANE CONTRACTING CORP,39-64 45TH STREET,Not Applicable,,,Permit Issued
Q01356288-I1-GC-CX,Q01356288-I1,Initial Permit,2026-09-14,2026-04-27,2027-05-19,Foundation,ALT-1 FILED TO CONVERSION ONE-FAMILY DWELLING TO TWO-FAMILY DWELLING WITH REAR EXTENSIONS,217500,83-21,159 STREET,Queens,11432,GC,BUILDTEK LLC,139-46 HILLSIDE AVE,N/A,,,Permit Issued
Q01356288-S1-FN,Q01356288-S1,Initial Permit,2026-09-14,2026-03-12,2027-05-19,Construction Fence,SITE FENCE FILINGIN CONJUNCTION WITH ALT-1FILING APPLICATION #Q01356288,2500,83-21,159 STREET,Queens,11432,GC,BUILDTEK LLC,139-46 HILLSIDE AVE,N/A,,,Permit Issued
Q01357051-I1-FO-EA,Q01357051-I1,Initial Permit,2026-09-14,2026-07-14,2027-02-24,Earth Work,VERITICAL AND HORIZONTAL EXTENSION OF EXISTING ONE FAMILY DWELLING UNIT. OBTAIN NEW C OF O.,1369696,73-26,178 STREET,Queens,11366,GC,STREAM ROCK CONTSRUCTION*,963 FOREST HILL ROAD,N/A,,,Permit Issued
Q01357051-I1-GC,Q01357051-I1,Initial Permit,2026-09-14,2026-07-14,2027-02-24,Earth Work,VERITICAL AND HORIZONTAL EXTENSION OF EXISTING ONE FAMILY DWELLING UNIT. OBTAIN NEW C OF O.,1369696,73-26,178 STREET,Queens,11366,GC,STREAM ROCK CONTSRUCTION*,963 FOREST HILL ROAD,N/A,,,Permit Issued
Q01357051-I1-MS,Q01357051-I1,Initial Permit,2026-09-14,2026-07-14,2027-02-24,Foundation,VERITICAL AND HORIZONTAL EXTENSION OF EXISTING ONE FAMILY DWELLING UNIT. OBTAIN NEW C OF O.,1369696,73-26,178 STREET,Queens,11366,GC,STREAM ROCK CONTSRUCTION*,963 FOREST HILL ROAD,N/A,,,Permit Issued
Q01357051-I1-ST,Q01357051-I1,Initial Permit,2026-09-14,2026-07-14,2027-02-24,Earth Work,VERITICAL AND HORIZONTAL EXTENSION OF EXISTING ONE FAMILY DWELLING UNIT. OBTAIN NEW C OF O.,1369696,73-26,178 STREET,Queens,11366,GC,STREAM ROCK CONTSRUCTION*,963 FOREST HILL ROAD,N/A,,,Permit Issued
Q01361022-I1-GC,Q01361022-I1,Initial Permit,2026-09-14,2026-04-23,2027-01-06,Structural,PROPOSED 2 STORY HORIZONTAL&VERTICAL EXTENSION OFEXISTING.BUILDING @REARAND RESOLVED ECB VIOLATION#35328511ZAND INTERIOR RENOVATIONNO CHANGE IN USE OF OCCUPANCYOR EGRESS,369600,50-43,192 STREET,Queens,11365,GC,OUR TEAM CONTRACTING CORP,24-58 49TH STREET,N/A,,,Signed-off
Q01363964-I1-GC,Q01363964-I1,Initial Permit,2026-09-14,2026-03-13,2027-03-04,General Construction,"Cut and point bricks, and rebuild brickwork in various locations. Replace damaged window sills. Scrape prime and paint A/C louvers.",30410,109-10,QUEENS BOULEVARD,Queens,11375,GC,RAPID MASONRY RESTORATION,79-06 37TH AVE,PR,,,Permit Issued
Q01367326-I1-SG,Q01367326-I1,Initial Permit,2026-09-14,2026-04-01,2026-09-21,Sign,"INSTALLATION OF AN ILLUMINATED BUSINESS ACCESSORY SIGN . NO CHANGE IN USE, EGRESS OR OCCUPANCY.",3000,106-01,CORONA AVENUE,Queens,11368,S,NEPTUNE SIGNS&AWNINGS INC,2260 HOLLERS AVENUE,Not Applicable,,,Permit Issued
Q01368489-I1-GC,Q01368489-I1,Initial Permit,2026-09-14,2026-07-16,2026-12-03,General Construction,"EXISTING 2 STORY INTERIOR RENOVATION FOR ONE FAMILY RESIDENTIAL. NO CHANGE IN USE, MEANS OF EGRESS OR OCCUPANCY",421575,39-35,233 STREET,Queens,11363,GC,KD ONE CONSTRUCTION INC,40-39 235TH STREET,Not Applicable,,,Permit Issued
Q01371798-I1-GC,Q01371798-I1,Initial Permit,2026-09-14,2026-06-29,2027-04-20,General Construction,HEREWITH FILING HORIZONTAL AND VERTICAL EXTENSION OF A ONE-FAMILY TWO-STORY DWELLING UNIT.,205520,80-37,259 STREET,Queens,11004,GC,JASDISH BUILDERS CORP,44 IRWIN STREET,,,,Permit Issued
Q01371798-S4-FO-EA,Q01371798-S4,Initial Permit,2026-09-14,2026-08-03,2027-04-20,Foundation,Foundation Design for New Horizontal and Vertical Extension.,29360,80-37,259 STREET,Queens,11004,GC,JASDISH BUILDERS CORP,44 IRWIN STREET,,,,Permit Issued
Q01382006-S1-MS,Q01382006-S1,Initial Permit,2026-09-14,2026-05-04,2026-11-30,Mechanical Systems,"RE-FILING OF NYC DOB# 421896167 & 402126515 TO INSTALL OIL-FIRED UNIT HEATERS AS PER PLANS. FILING TO ADDRESS FDNY SUMMONS: 014227567N.NO CHANGE IN USE, OCCUPANCY, OR EGRESS.",7500,66-35,OTTO ROAD,Queens,11385,GC,J.V.S. SPRINT ENTERPRISES,72 E. HOFFMAN AVENUE,PR,,,Permit Issued
Q01386931-S1-PL,Q01386931-S1,Initial Permit,2026-09-14,2026-09-08,2026-11-23,Plumbing,PROPOSED PLUMBING WORK IN CONJUNCTION WITH ALT # Q01386931-I1,116000,145-45,123 AVENUE,Queens,11436,P,BT'S PLUMBING AND HEATING,82-01 ROCKAWAY BLVD#412,Rahamu one corp,,,Permit Issued
Q01393773-I1-FD,Q01393773-I1,Initial Permit,2026-09-14,2026-08-05,2027-06-04,Full Demolition,Full demolition of the existing building.,15000,10-02,45 AVENUE,Queens,11101,GC,CORE TECH PARTNERS INC,18 HAMPTON RD,JCS REALTY,,,Permit Issued
Q01393875-I1-SG,Q01393875-I1,Initial Permit,2026-09-14,2026-06-01,2026-09-21,Sign,"INSTALLATION OF AN ILLUMINATED BUSINESS ACCESSORY SIGN . NO CHANGE IN USE, EGRESS OR OCCUPANCY.",2964,103-08,NORTHERN BOULEVARD,Queens,11368,S,NEPTUNE SIGNS&AWNINGS INC,2260 HOLLERS AVENUE,GKAP NORTHERN LLC,,,Permit Issued
Q01396802-I1-GC,Q01396802-I1,Initial Permit,2026-09-14,2026-06-12,2027-03-16,General Construction,"FACADE REPAIR AS PER PLANS. NO CHANGE IN USE, EGRESS OR OCCUPANCY.",97600,20-30,ELK DRIVE,Queens,11691,GC,SIALVE CONSTRUCTION INC,2137 E. 1ST STREET,MM,,,Permit Issued
Q01410878-I1-CC,Q01410878-I1,Initial Permit,2026-09-14,2026-09-10,2027-03-04,Curb Cut,FILING FOR PROPOSED NEW CURB CUT (8'-0) TO BE PAIRED WITH EXISTING 10'-0 CURB CUT FROM ADJACENT LOT. 241'-8 FROM NEAREST CORNER TOWARDS ELMHURST AVENUE. NEW ENTRANCE & PARKING LOT SPACES IN A RESIDENTIAL LOT.,15000,40-51,DENMAN STREET,Queens,11373,GC,RAPID MASONRY RESTORATION,79-06 37TH AVE,Central Queens Properties,,,Permit Issued
Q01411121-I1-GC,Q01411121-I1,Initial Permit,2026-09-14,2026-09-10,2026-12-16,General Construction,"Renovation of existing one family house, partition work per plans. No change to use, egress or occupancy. Plumbing work will be filed subsequently.",1292829,63-12,BOURTON STREET,Queens,11374,GC,SF CONSTRUCTION EXPERTS,115-06 PARK LANE S,PR,,,Permit Issued
Q01433060-I1-GC-CX,Q01433060-I1,Initial Permit,2026-09-14,2026-08-27,2027-02-22,General Construction,"APPLICATION FILED FOR REPAIR MINOR WATER DAMAGE HOLE FROM ROOF AS PER PLAN. EXISTING JOIST WILL UNCHANGE, FIRE HAPPENED IN NEIBOREING HOUSE INSIDE GC WORK DONE BY JOB#440633245.NO BULK CHANGE.",4950,88-19,FRANCIS LEWIS BOULEVARD,Queens,11427,GC,MAZ 247 CORP,1919 MCGRAW AVE STE 6C,N/A,,,Permit Issued
Q01434436-S1-FN,Q01434436-S1,Initial Permit,2026-09-14,2026-09-14,2026-11-25,Construction Fence,INSTALLATION OF TEMPORARY CONSTRUCTION FENCE IN CONJUNCTION WITH DOB NOW APPLICATION #Q01434436-I1. FENCE SHALL COMPLY WITH CHAPTER 33 OF THE NYC BUILDING CODE.,4500,255-40,147 DRIVE,Queens,11422,GC,26 BONIM LLC,124-20 METROPOLITAN AVE,ZMIROT LLC,,,Permit Issued
Q01434460-I1-GC,Q01434460-I1,Initial Permit,2026-09-14,2026-09-04,2026-11-28,General Construction,"Interior renovation of existing Lobby and Corridors to replace finishes and some light fixtures. no change in use, occupancy and egress.",150000,23-45,BELL BOULEVARD,Queens,11360,GC,JMPB DESIGN BUILD CORP,"460 PARK AVE S, FLOOR 12","AKAM ASSOCIATES, INC.",,,Permit Issued
Q01434495-I1-GC,Q01434495-I1,Initial Permit,2026-09-14,2026-09-04,2026-11-28,General Construction,"Interior renovation of existing Lobby and Corridors to replace finishes and some light fixtures. no change in use, occupancy and egress.",150000,23-55,BELL BOULEVARD,Queens,11360,GC,JMPB DESIGN BUILD CORP,"460 PARK AVE S, FLOOR 12","AKAM ASSOCIATES, INC.",,,Permit Issued
Q01434497-I1-GC,Q01434497-I1,Initial Permit,2026-09-14,2026-09-04,2026-11-28,General Construction,"Interior renovation of existing Lobby and Corridors to replace finishes and some light fixtures. no change in use, occupancy and egress.",150000,23-35,BELL BOULEVARD,Queens,11360,GC,JMPB DESIGN BUILD CORP,"460 PARK AVE S, FLOOR 12","AKAM ASSOCIATES, INC.",,,Permit Issued
Q01436024-I1-GC,Q01436024-I1,Initial Permit,2026-09-14,2026-09-03,2027-01-01,General Construction,"INTERIOR RENOVATION OF EXISTING COMMERCIAL SPACE ON 1ST FLOOR. NO CHANGE IN USE, EGRESS, OROCCUPANCY.",135000,119-20,15 AVENUE,Queens,11356,GC,A&A PRO GENERAL CONTR,49 PEPPERMILL RD,Not Applicable,,,Permit Issued
Q01437425-S2-PL,Q01437425-S2,Initial Permit,2026-09-14,2026-08-14,2026-12-04,Plumbing,"Interior renovation for tenant fit-out, including the removal and installation of plumbing fixtures. No change in use, egress, or occupancy is involved.",19000,98-36,QUEENS BOULEVARD,Queens,11374,P,RITE WAY HEATING CORP,"50 QUENTIN RD., 1ST FLOOR",RB REALTY CAPITAL LLC,,,Permit Issued
Q01437604-I1-GC,Q01437604-I1,Initial Permit,2026-09-14,2026-08-19,2027-03-31,General Construction,PROPOSED LAUNDRY ROOM AT CELLAR FLOOR FOR ACCESSORY TO DWELLING UNITS ABOVE. NO CHANGES IN EXISTING LAYOUT,34675,79-02,37 AVENUE,Queens,11372,GC,MGO CONSTRUCTION SRVCS,1853A CROPSEY AVENUE,Central Queens Properties,,,Permit Issued
Q01438227-I1-SL,Q01438227-I1,Initial Permit,2026-09-14,2026-09-10,2027-04-06,Solar,"Installation of a 181.13kW, Grid-Tied, Roof-Mounted photovoltaic system at 37-11 Vernon Blvd, Long Island City, NY 11101.",483617,37-11,VERNON BOULEVARD,Queens,11101,GC,NYSS LLC,385 WEST JOHN STREET UNIT 100,CENTRAL CONSTRUCTION MAN*,,,Permit Issued
Q01442830-I1-SG,Q01442830-I1,Initial Permit,2026-09-14,2026-08-12,2026-11-27,Sign,INSTALL NON-ILLUMINATED WALL SIGN (METTRA),725,28-07,JACKSON AVENUE,Queens,11101,S,LONG SHOT CRANE LLC,1109 METROPOLITAN AVE,Not Applicable,,,Permit Issued
Q01444372-S1-PL,Q01444372-S1,Initial Permit,2026-09-14,2026-08-27,2027-01-04,Plumbing,Plumbing work for the existing one family house.,21000,75-23,60 PLACE,Queens,11385,P,THOMAS F. CASH & SONS INC,59-12 KISSENA BLVD,JMG ELECTRICAL AND CONTRACTOR INC.,,,Permit Issued
Q01445030-I1-GC,Q01445030-I1,Initial Permit,2026-09-14,2026-09-11,2026-12-31,General Construction,"INTERIOR RENOVATION OF AN EXISTING SINGLE-FAMILY RESIDENCE AS PER THE PLANS FILED HEREWITH. NO CHANGE IN USE, OCCUPANCY OR EGRESS OF THE BUILDING.",152845,8-06,CLINTONVILLE STREET,Queens,11357,GC,L&L CONSTRUCTION DEVELOP,"169-05 NORTHERN BLVD, 1ST FLR",Not Applicable,,,Permit Issued
Q01445996-I1-FN,Q01445996-I1,Initial Permit,2026-09-14,2026-08-18,2027-08-03,Construction Fence,INSTALL TEMPORARY 8' HIGH CONSTRUCTION FENCE,8000,136-28,62 AVENUE,Queens,11367,GC,TLS CONSTRUCTION GROUP I*,5340 212TH STREET,Not Applicable,,,Permit Issued
Q01451750-I1-SL,Q01451750-I1,Initial Permit,2026-09-14,2026-09-09,2026-10-01,Solar,"FILING HEREWITH TAX ABATEMENT APPLICATION FOR INSTALLATION OF ROOF-MOUNTED SOLAR PANELS. NO CHANGE IN USE, EGRESS, OR OCCUPANCY.",47250,223-39,106 AVENUE,Queens,11429,GC,SUNRUN INSTALLATION SVC,775 FIERO LN STE 200,Not Applicable,,,Permit Issued
Q01453508-I1-SL,Q01453508-I1,Initial Permit,2026-09-14,2026-09-10,2027-06-01,Solar,"Installation of solar system on the roof as per plan. No change in use, egress or occupancy",37859.4,130-15,131 AVENUE,Queens,11420,GC,TRINITY SOLAR LLC,2211 ALLENWOOD ROAD,Not Applicable,,,Permit Issued
Q01453543-I1-FN,Q01453543-I1,Initial Permit,2026-09-14,2026-09-11,2027-06-01,Construction Fence,TEMPORARY PLYWOOD CONSTRUCTION FENCE FOR FUTURE CONSTRUCTION.,4000,142-04,111 AVENUE,Queens,11435,GC,RELIABLE CUSTOM BUILDERS*,105-20 LIBERTY AVENUE,"RELIABLE CUSTOM BUILDERS, INC.",,,Permit Issued
Q01453939-I1-SL,Q01453939-I1,Initial Permit,2026-09-14,2026-09-10,2027-04-27,Solar,"Installation of Solar panels on existing roof structure, No change in use, egress or occupancy.",39060,50-13,OCEANIA STREET,Queens,11364,GC,AMERGY SOLAR INC,1100 CORNWALL RD.SUITE.202,Not Applicable,,,Permit Issued
Q01454605-I1-SL,Q01454605-I1,Initial Permit,2026-09-14,2026-09-10,2027-06-01,Solar,"Installation of solar system on the roof as per plan. No change in use, egress or occupancy",63008.8,244- 59,89 AVENUE,Queens,11426,GC,TRINITY SOLAR LLC,2211 ALLENWOOD ROAD,Not Applicable,,,Permit Issued
Q01454730-I1-PMM,Q01454730-I1,Initial Permit,2026-09-14,2026-09-14,2027-04-01,Protection and Mechanical Methods,"Installation of temporary overhead protection per plan submitted. Work shall comply with 2022 building codes chapter 33. No change in use, egress and/or occupancy with this application.",5000,54-11,QUEENS BOULEVARD,Queens,11377,GC,CS BRIDGE CORP,1470 BRUCKNER BLVD,NOSTRAND LAND LLC,,,Permit Issued
Q01454806-I1-PMM,Q01454806-I1,Initial Permit,2026-09-14,2026-09-14,2027-04-01,Protection and Mechanical Methods,"Installation of temporary roof protection per plan submitted. Work shall comply with 2022 building codes chapter 33. No change in use, egress and/or occupancy with this application.",5000,54-11,QUEENS BOULEVARD,Queens,11377,GC,CS BRIDGE CORP,1470 BRUCKNER BLVD,NOSTRAND LAND LLC,,,Permit Issued
Q01454819-I1-SF,Q01454819-I1,Initial Permit,2026-09-14,2026-09-14,2027-04-01,Supported Scaffold,"Installation of temporary supported scaffold per plan submitted. Work shall comply with 2022 building codes chapter 33. No change in use, egress and/or occupancy with this application.",1,54-11,QUEENS BOULEVARD,Queens,11377,GC,CS BRIDGE CORP,1470 BRUCKNER BLVD,NOSTRAND LAND LLC,,,Permit Issued
Q01455163-I1-ST,Q01455163-I1,Initial Permit,2026-09-14,2026-09-11,2026-10-20,Structural,"MOUNT SINAI - ELEVATOR PIT REPAIR AS PER PLANS FILED HEREWITH. NO CHANGE IN USE, EGRESS, OR OCCUPANCY.",70000,25-10,30 AVENUE,Queens,11102,GC,OLYMPIC TORCH CONTRACTING,64-11 BROADWAY,MOUNT SINAI QUEENS,,,Permit Issued
Q01455271-I1-GC,Q01455271-I1,Initial Permit,2026-09-14,2026-09-11,2026-12-31,General Construction,"Tenant fit-out on cellar store space as per CO 195302. Installation of new partitions. No change to use, egress or occupancy.",25000,7404,METROPOLITAN AVENUE,Queens,11379,GC,K&S HOME DECO INC,36-11 BOWNE STREET 1-C,Not Applicable,,,Permit Issued
Q01455842-I1-GC-CX,Q01455842-I1,Initial Permit,2026-09-14,2026-09-08,2026-10-23,Mechanical Systems,"INTERIOR RENOVATION OF EXISTING COMMERCIAL SPACE AND INSTALL NEW KITCHEN HOOD AT 1ST FLOOR. NEW CELLAR STAIR AT REAR YARD. NO CHANGE IN USE, EGRESS OR OCCUPANCY.",100000,146-34,45 AVENUE,Queens,11355,GC,EXCELLENT METROPOLITAN,157-59 ROSE AVE,Not Applicable,,,Permit Issued
Q01455981-I1-SL,Q01455981-I1,Initial Permit,2026-09-14,2026-09-08,2026-10-01,Solar,"FILING HEREWITH TAX ABATEMENT APPLICATION FOR INSTALLATION OF ROOF-MOUNTED SOLAR PANELS. NO CHANGE IN USE, EGRESS, OR OCCUPANCY.",29250,160-18,119 AVENUE,Queens,11434,GC,SUNRUN INSTALLATION SVC,775 FIERO LN STE 200,Not Applicable,,,Permit Issued
Q01457144-I1-SL,Q01457144-I1,Initial Permit,2026-09-14,2026-09-10,2026-10-01,Solar,"FILING HEREWITH TAX ABATEMENT APPLICATION FOR INSTALLATION OF ROOF-MOUNTED SOLAR PANELS. NO CHANGE IN USE, EGRESS, OR OCCUPANCY.",27000,116-36,196 STREET,Queens,11412,GC,SUNRUN INSTALLATION SVC,775 FIERO LN STE 200,Not Applicable,,,Permit Issued
Q01457540-I1-PL,Q01457540-I1,Initial Permit,2026-09-14,2026-09-11,2026-11-23,Plumbing,"Plumbing Work @ Cellar, 1st and 2nd Floor. No change in use, egress or occupancy",49000,107-22,REMINGTON STREET,Queens,11435,P,BT'S PLUMBING AND HEATING,82-01 ROCKAWAY BLVD#412,Not Applicable,,,Permit Issued
Q01458249-I1-SL,Q01458249-I1,Initial Permit,2026-09-14,2026-09-10,2026-10-19,Solar,"ROOFTOP SOLAR INSTALLATION. NO CHANGE TO USE, OCCUPANCY OR EGRESS.",46676.92,88-41,AUBREY AVENUE,Queens,11385,GC,KAMTECH RESTORATION CORP,203 SHERIDAN BLVD,Not Applicable,,,Permit Issued
Q01458605-I1-SH,Q01458605-I1,Initial Permit,2026-09-14,2026-09-14,2026-12-13,Sidewalk Shed,"INSTALLATION OF TEMPORARY HEAVY DUTY SIDEWALK SHED AS PER PLANS. NO CHANGE IN USE, EGRESS OR OCCUPANCY. SIDEWALK SHED SHALL COMPLY WITH CHAPTER #33 OF 2022 THE NYC BUILDING CODE. LIVE LOAD 300PSF.",1000,98-10,63 ROAD,Queens,11374,GC,ANDAMIO SCAFFOLDING LLC,20 BURLING LANE (BOX 4-1),FLUSHING POINT PROPERTY LLC,,,Permit Issued
Q01458793-I1-SL,Q01458793-I1,Initial Permit,2026-09-14,2026-09-11,2026-10-19,Solar,"ROOFTOP SOLAR INSTALLATION. NO CHANGE TO USE, OCCUPANCY OR EGRESS.",39729,134-24,218 STREET,Queens,11413,GC,KAMTECH RESTORATION CORP,203 SHERIDAN BLVD,Not Applicable,,,Permit Issued
S00183446-I1-CC,S00183446-I1,Initial Permit,2026-09-14,2026-09-14,2026-11-18,Curb Cut,Installation of new 10' curb cut associated with new NB 520368414,2500,54,CEDARCLIFF ROAD,Staten Island,10301,GC,NICOLOSI BROS INC,133 PLEASANT PLAINS AVE,KSG ASSOCIATES LLC,,,Signed-off
S00865319-I1-EW-SP,S00865319-I1,Initial Permit,2026-09-14,2023-09-26,2026-10-31,Plumbing,"sprinkler system for NB application 520380392, single family dwelling",15000,28,GARIBALDI AVENUE,Staten Island,10306,P,"GREGG NY PLUMBING, INC","291 BROADWAY, SUITE 706",PR,,,Permit Issued
S00865319-I1-PL,S00865319-I1,Initial Permit,2026-09-14,2023-09-26,2026-10-31,Plumbing,"sprinkler system for NB application 520380392, single family dwelling",15000,28,GARIBALDI AVENUE,Staten Island,10306,P,"GREGG NY PLUMBING, INC","291 BROADWAY, SUITE 706",PR,,,Permit Issued
S01286455-S4-EW-SP,S01286455-S4,Initial Permit,2026-09-14,2025-11-12,2027-03-21,Sprinklers,"Removal and installation of sprinkler system as shown herewith. No changes to egress, occupancy or use.",413750,2800 J,VICTORY BOULEVARD,Staten Island,10314,F,ASHLAR MECHANICAL CORP,37-22 30TH STREET,DASNY,,,Permit Issued
S01293598-S1-PL,S01293598-S1,Initial Permit,2026-09-14,2026-09-11,2027-05-10,Plumbing,"SUBSEQUENT FILING FOR PLUMBING WORK TYPE FOR ONE-STORY GARAGE. NO CHANGE IN USE, EGRESS OR OCCUPANCY.",0,100GAR,ATLANTIC AVENUE,Staten Island,10304,P,CATMAN PLUMBING INC,20-11 COLLEGE POINT BLVD,PR,,,Permit Issued
S01308314-I1-EA,S01308314-I1,Initial Permit,2026-09-14,2026-01-21,2027-06-07,Earth Work,PROPOSE CANOPY IN PLACE OF EXISTING CANOPY,173000,2488,HYLAN BOULEVARD,Staten Island,10306,GC,AGS CONSULTING LLC,35 RIDGEWAY AVENUE,N/A,,,Permit Issued
S01308314-I1-FO,S01308314-I1,Initial Permit,2026-09-14,2026-01-21,2027-06-07,General Construction,PROPOSE CANOPY IN PLACE OF EXISTING CANOPY,173000,2488,HYLAN BOULEVARD,Staten Island,10306,GC,AGS CONSULTING LLC,35 RIDGEWAY AVENUE,N/A,,,Permit Issued
S01308314-I1-GC,S01308314-I1,Initial Permit,2026-09-14,2026-01-21,2027-06-07,Foundation,PROPOSE CANOPY IN PLACE OF EXISTING CANOPY,173000,2488,HYLAN BOULEVARD,Staten Island,10306,GC,AGS CONSULTING LLC,35 RIDGEWAY AVENUE,N/A,,,Permit Issued
S01308314-I1-ST,S01308314-I1,Initial Permit,2026-09-14,2026-01-21,2027-06-07,Earth Work,PROPOSE CANOPY IN PLACE OF EXISTING CANOPY,173000,2488,HYLAN BOULEVARD,Staten Island,10306,GC,AGS CONSULTING LLC,35 RIDGEWAY AVENUE,N/A,,,Permit Issued
S01355038-I1-GC,S01355038-I1,Initial Permit,2026-09-14,2026-08-21,2027-01-23,General Construction,"FILED HEREWITH FOR MINOR FINISHES, NEW CARPET AND TO CONVERT EXISTING ONE STORY & CELLAR LIBRARY TO A COMMUNITY FACILITY AND OBTAIN NEW CERTIFICATE OF OCCUPANCY.",30000,830,HUGUENOT AVENUE,Staten Island,10312,GC,HM BUILD AND UPLIFT CORP,67 HARRISON STREET,PR,,,Permit Issued
S01357631-I1-GC,S01357631-I1,Initial Permit,2026-09-14,2026-09-02,2026-10-22,General Construction,Proposed alteration to existing residential building to all levels and correct existing Certificate of Occupancy on all levels.,138000,4120,RICHMOND AVENUE,Staten Island,10312,GC,SEASON BUILDERS CORP,77 BOX STREET,Not Applicable,,,Permit Issued
S01361877-I1-PL,S01361877-I1,Initial Permit,2026-09-14,2026-03-11,2026-10-30,Plumbing,"FILING HEREWITH SITE PLUMBING INCLUDING STORMWATER DRAINAGE, RETENTION AND INFILTRATION SYSTEMS AND NEW WATER SERVICE AS INDICATED ON PLANS.",1500000,1131,MANOR ROAD,Staten Island,10314,P,VITELLO SEWER W.M H&P SER,129-20 GAR 20th Avenue,UJA- FEDERATION OF NEW YORL,,,Permit Issued
S01379570-I1-GC-CX,S01379570-I1,Initial Permit,2026-09-14,2026-08-31,2026-10-30,Structural,PROPOSED DETACHED TWO-FAMILY DWELLING WITH ACCESSORY BUILT-IN TWO CAR GARAGE.,0,1360,FOREST HILL ROAD,Staten Island,10314,GC,WALLACE AVENUE CONSTR LLC,262 LEE AVENUE SUITE 1,WALLACE AVENUE CONST.LLC,,,Permit Issued
S01406069-I1-ST,S01406069-I1,Initial Permit,2026-09-14,2026-09-08,2026-12-22,Structural,"Construct a 3-story, one-family detached residence with an accessory ADU,",0,32,MALONE AVENUE,Staten Island,10306,GC,MAXIMUM CONTRACTING INC,18 VANDERBILT AVENUE,JM Trinity Holdings LLC,,,Permit Issued
S01409384-S1-PL,S01409384-S1,Initial Permit,2026-09-14,2026-07-20,2026-12-31,Plumbing,PLUMBING APPLICATION FILED IN CONJUNCTION WITH NB APPLICATION FOR NEW BUILDING,0,49,WITTEMAN PLACE,Staten Island,10301,P,DUO PLUMBING & HTG CORP.,88 KREISCHER STREET,MADONIA DEVELOPMENT CORP,,,Permit Issued
S01409405-S1-PL,S01409405-S1,Initial Permit,2026-09-14,2026-07-10,2026-12-31,Plumbing,PLUMBING APPLICATION FILED IN CONJUNCTION WITH NB APPLICATION FOR CONSTRUCTION OF NEW BUILDING,0,45,WITTEMAN PLACE,Staten Island,10301,P,DUO PLUMBING & HTG CORP.,88 KREISCHER STREET,MADONIA DEVELOPMENT CORP,,,Permit Issued
S01409420-S1-PL,S01409420-S1,Initial Permit,2026-09-14,2026-07-10,2026-12-31,Plumbing,PLUMBING APPLICATION FILED IN CONJUNCTION WITH NB APPLICATION FOR NEW BUILDING,0,47,WITTEMAN PLACE,Staten Island,10301,P,DUO PLUMBING & HTG CORP.,88 KREISCHER STREET,MADONIA DEVELOPMENT CORP,,,Permit Issued
S01411563-I1-PL,S01411563-I1,Initial Permit,2026-09-14,2026-08-07,2026-12-31,Plumbing,INSTALLATION OF NEW FIRE SPRINKLER SYSTEM WITH VALVES AND METERS FOR SAME,14750,45,WITTEMAN PLACE,Staten Island,10301,P,DUO PLUMBING & HTG CORP.,88 KREISCHER STREET,MADONIA DEVELOPMENT CORP,,,Permit Issued
S01411568-I1-PL,S01411568-I1,Initial Permit,2026-09-14,2026-08-10,2026-12-31,Plumbing,INSTALLATION OF NEW FIRE SPRINKLER SYSTEM WITH VALVES AND METERS FOR SAME,14750,47,WITTEMAN PLACE,Staten Island,10301,P,DUO PLUMBING & HTG CORP.,88 KREISCHER STREET,MADONIA DEVELOPMENT CORP,,,Permit Issued
S01412287-I1-FD,S01412287-I1,Initial Permit,2026-09-14,2026-07-01,2027-04-08,Full Demolition,Demolition of detached rear structure. On-site and off-site fill not to exceed 300 cubic yards.,15000,17REAR,CAROLINA PLACE,Staten Island,10314,GC,SKEN SERVICES CORP,"175 ZOE STREET, APT 6P",PR,,,Permit Issued
S01412680-I1-FN,S01412680-I1,Initial Permit,2026-09-14,2026-06-05,2026-12-31,Construction Fence,PROPOSED 8' HIGH TEMPORARY PLYWOOD CONSTRUCTION FENCE WITH ACCESS GATE,6000,292,MORELAND STREET,Staten Island,10306,GC,D.C.F. CONTRACTING INC,150 RAMBLEWOOD AVENUE,D.C.F. CONTRACTING INC,,,Permit Issued
S01450280-I1-GC,S01450280-I1,Initial Permit,2026-09-14,2026-09-09,2027-02-27,General Construction,"RENOVATION OF AN EXISTING COMMERCIAL SPACE, SPACE, FLOORING AND PARTITION WORK PER PLAN, NO CHANGE OF USE, OCCUPANCY OR EGRESS.",115320,150,GREAVES LANE,Staten Island,10308,GC,USONIAN URBAN LLC,50 WEST 14TH STREET #48-8A,1614 Forst Rest Inc,,,Permit Issued
S01451073-I1-FN,S01451073-I1,Initial Permit,2026-09-14,2026-09-11,2027-02-24,Construction Fence,Installation of temporary plywood contrucrtion fence.,1,161,BEACH ROAD,Staten Island,10312,GC,STATCON DEVELOPMENT LLC,516 SHARROTS ROAD,PR,,,Permit Issued
S01451648-I1-SL,S01451648-I1,Initial Permit,2026-09-14,2026-08-31,2026-09-30,Solar,"Installation of solar panels, Roof Top, Grid Tied, railed, (19) Modules, (7.79) kW System Size",38950,26,ROW PLACE,Staten Island,10312,PE,MOMENTUM SOLAR,3096 B HAMILTON BLVD,Not Applicable,,,Permit Issued
S01454324-I1-FN,S01454324-I1,Initial Permit,2026-09-14,2026-09-02,2027-03-13,Construction Fence,HEREWITH FILING FOR THE ASSOCIATED CONSTRUCTION FENCE OF AN EXISTING ONE-FAMILY DWELLING. NO OTHER WORK PROPOSED UNDER THIS APPLICATION.,10000,114,EAGAN AVENUE,Staten Island,10312,GC,"DELTAMER, INC",11 FERNDALE AVENUE,IGOR AMBRAMOV,,,Permit Issued
X00616474-S6-BE,X00616474-S6,Initial Permit,2026-09-14,2023-03-21,2027-05-01,Boiler Equipment,"INSTALL 300GALLON FUEL OIL STORAGE TO SERVE THE EMERGENCY GENERATORS AS PER PLANS FILED. FILED IN CONJUNCTION WITH NB #X00616474-I1. NO CHANGE TO USE, EGRESS, OR OCCUPANCY.",1000,2060,BARTOW AVENUE,Bronx,10475,O,CHAMPION COMBUSTION CORP,8232 18TH AVENUE,DEPT. OF HEALTH & MENTAL HYGIENE,,,Permit Issued
X00817204-I1-AN,X00817204-I1,Initial Permit,2026-09-14,2026-05-04,2027-01-07,Antenna,Modification of an existing Verizon site. Remove (1) equipment cabinet and (2) antennas. Replace (6) RRHs and (4) antennas. Install (1) platform with dunnage and (5) antennas.,81500,747,MELROSE AVENUE,Bronx,10451,GC,ODYSSIA GLOBAL COMM. CORP,24-34 45TH STREET,"LEMLE & WOLFF, INC.",,,Permit Issued
X00895948-S1-PL,X00895948-S1,Initial Permit,2026-09-14,2024-01-29,2026-10-31,Plumbing,"INTERIOR RENOVATION OF 3-STORY NYCHA MULTIPLE DWELLING AS PART OF THE NYCHA PACT RENOVATION: REPLACEMENT OF EXISTING KITCHEN AND BATHROOM FXITURES ON EXISTING ROUGH-IN. NO CHANGE IN USE, EGRESS OR OCCUPANCY.",120000,4040,LACONIA AVENUE,Bronx,10466,P,MS PLUMBING CORPORATION,76-22 30TH AVE,CSA PRESERVATION PARTNERS LLC,,,Permit Issued
X00896129-S1-PL,X00896129-S1,Initial Permit,2026-09-14,2024-01-24,2026-10-31,Plumbing,"INTERIOR RENOVATION OF 3-STORY NYCHA MULTIPLE DWELLING AS PART OF THE NYCHA PACT RENOVATION: REPLACEMENT OF EXISTING KITCHEN AND BATHROOM FXITURES ON EXISTING ROUGH-IN. NO CHANGE IN USE, EGRESS OR OCCUPANCY.",120000,4020,LACONIA AVENUE,Bronx,10466,P,MS PLUMBING CORPORATION,76-22 30TH AVE,CSA PRESERVATION PARTNERS LLC,,,Permit Issued
X00896187-S1-PL,X00896187-S1,Initial Permit,2026-09-14,2023-12-27,2026-10-31,Plumbing,"INTERIOR RENOVATION OF 3-STORY NYCHA MULTIPLE DWELLING AS PART OF THE NYCHA PACT RENOVATION: REPLACEMENT OF EXISTING KITCHEN AND BATHROOM FXITURES ON EXISTING ROUGH-IN. NO CHANGE IN USE, EGRESS OR OCCUPANCY.",120000,1183,226 DRIVE,Bronx,10466,P,MS PLUMBING CORPORATION,76-22 30TH AVE,CSA PRESERVATION PARTNERS LLC,,,Permit Issued
X01112246-S6-CC,X01112246-S6,Initial Permit,2026-09-14,2026-09-13,2027-03-19,Curb Cut,Curb Cut in conjunction with application #X01112246-I1.,10000,1723,BOSTON ROAD,Bronx,10460,GC,TCHORS LLC,"185 MARCY AVE, #32A",OWNERS REP,,,Permit Issued
X01140862-I1-CC,X01140862-I1,Initial Permit,2026-09-14,2026-07-30,2026-11-08,Curb Cut,"Curb cut installation as per plans filed herewith. No change in use, egress, or occupancy.",10000,641,CASANOVA STREET,Bronx,10474,GC,TITANIUM CONSTRUCTION SER,330 7TH AVENUE SUITE 903,NINEDOT ENERGY,,,Permit Issued
X01140954-I1-CC,X01140954-I1,Initial Permit,2026-09-14,2026-07-30,2026-11-08,Curb Cut,"Curb cut installation as per plans filed herewith. No change in use, egress, or occupancy.",10000,637,CASANOVA STREET,Bronx,10474,GC,TITANIUM CONSTRUCTION SER,330 7TH AVENUE SUITE 903,NINEDOT ENERGY,,,Permit Issued
X01140991-I1-CC,X01140991-I1,Initial Permit,2026-09-14,2026-07-30,2026-11-08,Curb Cut,"Curb cut installation as per plans filed herewith. No change in use, egress, or occupancy.",10000,635,CASANOVA STREET,Bronx,10474,GC,TITANIUM CONSTRUCTION SER,330 7TH AVENUE SUITE 903,NINEDOT ENERGY,,,Permit Issued
X01141270-I1-CC,X01141270-I1,Initial Permit,2026-09-14,2026-01-28,2026-11-08,Curb Cut,"Curb cut installation as per plans filed herewith. No change in use, egress, or occupancy.",10000,633,CASANOVA STREET,Bronx,10474,GC,TITANIUM CONSTRUCTION SER,330 7TH AVENUE SUITE 903,NINEDOT ENERGY,,,Permit Issued
X01168000-I1-FD,X01168000-I1,Initial Permit,2026-09-14,2025-12-05,2027-04-01,Full Demolition,Filing for full Demolition of existing 1 story structure.,540000,6389,BROADWAY,Bronx,10471,GC,RUSSO DEVELOPMENT ENTERP,67 EAST AVENUE,NYC SCA,,,Permit Issued
X01173179-S2-ST,X01173179-S2,Initial Permit,2026-09-14,2025-07-10,2027-04-02,Structural,Structural work for a new 3-story single family dwelling. Filed in conjunction with NB#: X01173179-I1.,0,3119,HENRY HUDSON PARKWAY WEST,Bronx,10463,GC,PRECISE CONSTRUCTION CONR,"277 E 234TH STREET, 2ND FL",SEDGWICK AVENUE HOLDING LLC,,,Permit Issued
X01201502-Z1-FN,X01201502-Z1,Initial Permit,2026-09-14,2026-09-14,2027-02-13,Construction Fence,Construction Fence filed in conjunction with a new building.,0,581,EAST 161 STREET,Bronx,10456,GC,"BE BRONX BUILDERS, LLC",1763 PITMAN AVENUE,"H.O.G.A.R., INC.",,,Permit Issued
X01293919-S9-SE,X01293919-S9,Initial Permit,2026-09-14,2026-03-27,2026-09-26,Support of Excavation,Support of excavation work for 7 story residential new building.,0,1010,UNIVERSITY AVENUE,Bronx,10452,GC,UGB DESIGN & BUILD INC,4 MEEKER AVE,DIAMOND DEV GROUP LLC,,,Permit Issued
X01325698-I1-GC-CX,X01325698-I1,Initial Permit,2026-09-14,2026-07-10,2027-03-08,General Construction,"Floor slab repair, work to include bolting new angel steel and installation of new steel decking tight to underside of failing concrete floor slab as per plans filed herewith. No change in use, egress occupancy.",154110,1525,UNIONPORT ROAD,Bronx,10462,GC,TWO-TONE CONTRACTING CORP,76-02 21ST AVENUE,,,,Permit Issued
X01328350-I1-GC-CX,X01328350-I1,Initial Permit,2026-09-14,2026-06-26,2027-01-13,Mechanical Systems,"FILING TO INSTALL ELECTRONIC AIR CLEANER (F72 MANUAL CLEAN IN-LINE AIR CLEANER) FOR PROPOSED DELI COOKING VENTALTION SYSYTEM , WORK ALSO TO INCLUDE NEW FLOOR TILES, MILLWORK, AND INTERIOR FINISHES THROUGHOUT. WORK AS PER PLANS.",20000,772,LYDIG AVENUE,Bronx,10462,GC,MKSSKR CONSULTING SERVICE,"41-26 73 STR, APTC43",THE PARKOFF ORGANIZATION,,,Permit Issued
X01341317-I1-SL,X01341317-I1,Initial Permit,2026-09-14,2026-08-26,2027-05-10,Solar,"INSTALLATION OF SOLAR PANELS ON EXISTING ROOF. NO CHANGE IN USE, OCCUPANCY, OR EGRESS. NO CHANGE IN BULK",76648,592,OAK TERRACE,Bronx,10454,GC,EMES SOLAR INC,942 CAROL AVE,DIEGO BEEKMAN MUTUAL HOUSING ASSOCI,,,Permit Issued
X01341891-I1-FD,X01341891-I1,Initial Permit,2026-09-14,2026-08-28,2026-11-03,Full Demolition,"Full demolition of an existing two-story and cellar frame building. Entire building, including foundation walls, footings and slab, shall be demolished using handheld tools only. No heavy mechanical demolition equipment shall be used.",5000,913,BRYANT AVENUE,Bronx,10474,GC,NEW LINE CONSTRUCTION LLC,2444 BOUCK AVENUE,nomis contracting corp,,,Permit Issued
X01366140-S1-PL,X01366140-S1,Initial Permit,2026-09-14,2026-06-12,2026-12-07,Plumbing,PLUMBING FILED IN CONJUNCTION WITH ALT-2 FILLING FOR INTERIOR RENOVATION OF COMMERCIAL SPACE,46650,3162,EAST TREMONT AVENUE,Bronx,10461,P,WALTON PLUMBING & HTG LLC,214-01 JAMAICA AVENUE,N/A,,,Permit Issued
X01391881-I1-GC,X01391881-I1,Initial Permit,2026-09-14,2026-06-30,2026-10-13,General Construction,"Removal and installation of interior non load bearing partitions, doors, fixtures and finishes at existing Basement Medical Office.",120000,979,CROSS BRONX EXPRESSWAY,Bronx,10460,GC,BLDRS GROUP INC,44 GROVE STREET,CEREBRAL PALSY ASSN OF NYS,,,Permit Issued
X01391881-S1-MS,X01391881-S1,Initial Permit,2026-09-14,2026-06-30,2026-10-13,Mechanical Systems,"Modify existing heating and air conditioning system. Removal and installation of new ductwork, registers and diffusers.",60000,979,CROSS BRONX EXPRESSWAY,Bronx,10460,GC,BLDRS GROUP INC,44 GROVE STREET,CEREBRAL PALSY ASSN OF NYS,,,Permit Issued
X01413792-I1-GC,X01413792-I1,Initial Permit,2026-09-14,2026-07-31,2026-10-23,General Construction,"LOCALIZED PARAPET REPLACEMENT, LOCALIZED EXPANSION JOINT REPLACEMENT, LOCALIZED MASONRY REPAIR,LOCALIZED WINDOW LINTEL AND SILL REPLACEMENT, LOCALIZED STUCCO REPLACEMENT, LOCALIZED WATERPROOFING AT FIRE ESCAPES.",704101.26,1465,TOWNSEND AVENUE,Bronx,10452,GC,POFI CONSTRUCTION CORP,1735 WEST FARMS ROAD,SETTLEMENT HOUSING FUND,,,Permit Issued
X01413811-I1-GC,X01413811-I1,Initial Permit,2026-09-14,2026-07-31,2026-10-23,General Construction,"LOCALIZED PARAPET REPLACEMENT, LOCALIZED EXPANSION JOINT REPLACEMENT, LOCALIZED MASONRY REPAIR,LOCALIZED WINDOW LINTEL AND SILL REPLACEMENT, LOCALIZED STUCCO REPLACEMENT, LOCALIZED WATERPROOFING AT FIRE ESCAPES.",468952.19,1477,TOWNSEND AVENUE,Bronx,10452,GC,POFI CONSTRUCTION CORP,1735 WEST FARMS ROAD,SETTLEMENT HOUSING FUND,,,Permit Issued
X01419843-I1-SG,X01419843-I1,Initial Permit,2026-09-14,2026-07-27,2026-09-21,Sign,"INSTALLATION OF AN ILLUMINATED BUSINESS ACCESSORY SIGN . NO CHANGE IN USE, EGRESS OR OCCUPANCY.",2940,1480,METROPOLITAN AVENUE,Bronx,10462,S,NEPTUNE SIGNS&AWNINGS INC,2260 HOLLERS AVENUE,TWIN PLUS INC,,,Permit Issued
X01420394-I1-MS,X01420394-I1,Initial Permit,2026-09-14,2026-09-01,2026-10-31,Mechanical Systems,"REPLACEMENT OF TWO ROOFTOP CONDENSING UNITS WITH A TOTAL CAPACITY OF 13.5 TONS. NO CHANGE TO EGRESS, USE, OR OCCUPANCY.",47250,921,EAST 180 STREET,Bronx,10460,GC,AFGO MECHANICAL SVCS INC,36-14 32ND STREET,PHIPPS HOUSES,,,Permit Issued
X01420924-I1-PL,X01420924-I1,Initial Permit,2026-09-14,2026-07-24,2026-12-09,Plumbing,"BACK OF HOUSE WORK INCLUDES ALL DOMESTIC WATER PIPING WITHIN FIRST FLOOR AND CELLAR INCLUDING ALL RISERS UPSTREAM OF LEAK DETECTION METERS AND ALL LEAK DETECTION METERS, AS DEPICTED ON RISER DIAGRAM AND FLOOR PLANS.",5126800,674,EAST 149 STREET,Bronx,10455,P,NEPTUNE MECHANICAL INC,29-10 120TH STREET,PR,,,Permit Issued
X01430202-I1-PMM,X01430202-I1,Initial Permit,2026-09-14,2026-09-11,2026-11-16,Protection and Mechanical Methods,"INSTALLATION OF TEMPORARY ROOF PROTECTION AS PER PLANS. NO CHANGE IN USE, EGRESS OR OCCUPANCY.",4000,3013,MIDDLETOWN ROAD,Bronx,10461,GC,CORE SCAFFOLD SYSTEMS INC,417 MYRTLE AVE SUITE 14,OWNERS REP,,,Permit Issued
X01435030-I1-SF,X01435030-I1,Initial Permit,2026-09-14,2026-09-10,2026-10-06,Supported Scaffold,INSTALLATION OF PIPE SCAFFOLDING AS PER PLANS. PIPE SCAFFOLDING SHALL COMPLY WITH CHAPTER # 33 OF THE 2022 CODE. NO CHANGE IN USE OCCUPANCY OR EGRESS UNDER THIS APPLICATION.,5000,112,EAST 167 STREET,Bronx,10452,GC,ACE GROUP NY CORP,34 BARCLAY STREET,ACE GROUP NY CORP.,,,Permit Issued
X01437961-I1-FN,X01437961-I1,Initial Permit,2026-09-14,2026-09-09,2026-12-31,Construction Fence,"Propose to remove chain link fence and replace with an 8' plywood fence. No change in use, egress or occupancy.",10000,1222,BROOK AVENUE,Bronx,10456,GC,BROOKSIDE ENVIRONMETAL IN,22 OCEAN AVENUE,NINEDOT ENERGY,,,Permit Issued
X01440600-S1-PL,X01440600-S1,Initial Permit,2026-09-14,2026-08-27,2026-12-31,Plumbing,"NEW HIGH PRESSURE GAS SERVICE, METER & REDUCING STATION. RECONNECT EXISTING HOUSE SERVICE. NEW LP GAS LINE. NEW GAS TRAIN. NO CHANGE IN MEANS OF EGRESS USE GROUP OR OCCUPANCY.",45000,50,EAST 212 STREET,Bronx,10467,P,"BELL FUEL OIL, LLC","6717 4TH AVENUE, FLR 1",LANGSAM PROPERTY SERVICES,,,Permit Issued
X01440600-S2-BE,X01440600-S2,Initial Permit,2026-09-14,2026-08-31,2026-12-31,Boiler Equipment,"REPLACEMENT (1) NEW LOW PRESSURE BOILER, REPLACEMENT (1) NEW COMBINATION GAS/OIL BURNER. NO CHANGE IN MEANS OF EGRESS USE GROUP OR OCCUPANCY.",250000,50,EAST 212 STREET,Bronx,10467,O,APPROVED OIL CO OF BKLYN,6717 4TH AVENUE,LANGSAM PROPERTY SERVICES,,,Permit Issued
X01446719-I1-PMM,X01446719-I1,Initial Permit,2026-09-14,2026-09-14,2026-11-16,Protection and Mechanical Methods,"INSTALLATION OF TEMPORARY ENGINEERED ENCLOSURE SYSTEM AS PER PLANS. NO CHANGE IN USE, EGRESS OR OCCUPANCY",1,3930,CARPENTER AVENUE,Bronx,10466,GC,CORE SCAFFOLD SYSTEMS INC,417 MYRTLE AVE SUITE 14,OWNERS REP,,,Permit Issued
X01455444-I1-SH,X01455444-I1,Initial Permit,2026-09-14,2026-09-14,2026-12-13,Sidewalk Shed,"INSTALLATION OF TEMPORARY HEAVY DUTY SIDEWALK SHED AS PER PLANS. NO CHANGE IN USE, EGRESS OR OCCUPANCY. SIDEWALK SHED SHALL COMPLY WITH CHAPTER #33 OF 2022 THE NYC BUILDING CODE. LIVE LOAD 300PSF.",1000,385,EAST 167 STREET,Bronx,10456,GC,PARK CONTRACTING GROUP,12 HARBOR CT E,Park Contracting Group LLC.,,,Permit Issued
X01455492-I1-GC,X01455492-I1,Initial Permit,2026-09-14,2026-09-09,2027-05-07,General Construction,FACADE REPAIR AS PER PLAN.,92140,3050,DECATUR AVENUE,Bronx,10467,GC,CHAUDHRY PERVEZ,2440 MACLAY AVENUE # 2B,KW NY CONSTRUCTION INC,,,Permit Issued
X01456190-I1-SH,X01456190-I1,Initial Permit,2026-09-14,2026-09-14,2026-12-13,Sidewalk Shed,"INSTALLATION OF 300 PSF SIDEWALK SHED AS PER PLANS. ALL EQUIPMENT SHALL COMPLY WITH CHAPTER #33 OF THE 2022 CODE. NO CHANGE IN USE, EGRESS OR OCCUPANCY UNDER THIS APPLICATION.",10000,3660,OXFORD AVENUE,Bronx,10463,GC,HARTZION ENTERPRISES CORP,873 45TH STREET APT 204,Hartzion Enterprises Corp,,,Permit Issued
X01458668-I1-PMM,X01458668-I1,Initial Permit,2026-09-14,2026-09-14,2027-01-19,Protection and Mechanical Methods,"INSTALLATION OF TEMPORARY OVERHEAD PROTECTION AS PER PLANS. NO CHANGE IN USE, EGRESS OR OCCUPANCY SHALL COMPLY WITH CHAPTER#33 OF 2022 THE NY BUILDING CODE.",1000,441,CONCORD AVENUE,Bronx,10455,GC,PLATINUM SERVICES NY LLC,53-28 11TH STREET 2ND FL,PLATINUM SERVICES NY LLC,,,Permit Issued
