permit,job_filing,filing_reason,issued,approved,expires,work_type,job_description,estimated_cost,house,street,borough,zip,contractor_license_type,contractor_business,contractor_address,owner_business,owner_city,owner_state,status
B00512095-S5-EW-SP,B00512095-S5,Initial Permit,2026-09-10,2023-07-19,2026-10-30,Sprinklers,"INSTALLATION OF PLUMBING, SPRINKLER AND STANDPIPE SYSTEMS SUBSEQUENT WITH NB APPLICATION # B00512095.",140000,3141,ATLANTIC AVENUE,Brooklyn,11208,F,RRP PLUMBING CORP,106-07 NORTHERN BOULEVARD,ROYAL EXPEDITING,,,Permit Issued
B00512095-S5-PL,B00512095-S5,Initial Permit,2026-09-10,2023-07-19,2026-10-30,Plumbing,"INSTALLATION OF PLUMBING, SPRINKLER AND STANDPIPE SYSTEMS SUBSEQUENT WITH NB APPLICATION # B00512095.",140000,3141,ATLANTIC AVENUE,Brooklyn,11208,P,RRP PLUMBING CORP,106-07 NORTHERN BOULEVARD,ROYAL EXPEDITING,,,Permit Issued
B00863433-S2-ST,B00863433-S2,Initial Permit,2026-09-10,2025-12-17,2026-10-24,Structural,"STRUCTURAL WORK INCONJUNCTION WITH FACADE REPAIRS AS PER PLANS FILED HEREWITH. NO CHANGE TO USE, EGRESS OR OCCUPANCY.",373647.39,47,PLAZA STREET WEST,Brooklyn,11215,GC,C.C.C. RENOVATION INC,31-07 STARR AVENUE SUITE 1,,,,Permit Issued
B01012866-S2-MS,B01012866-S2,Initial Permit,2026-09-10,2025-10-20,2026-09-22,Mechanical Systems,SUBSEQUENT FILING OF MECHANICAL WORK FROM GROUND FLOOR TO ROOF AS PER PLANS IN CONJUNCTION WITH NB JOB #B01012866.,0,2703,HARWAY AVENUE,Brooklyn,11214,GC,FUNG TAI CONSTRUCTION INC,8832 26TH AVENUE 2ND FL,PR,,,Permit Issued
B01012889-S2-MS,B01012889-S2,Initial Permit,2026-09-10,2025-10-20,2026-09-22,Mechanical Systems,SUBSEQUENT FILING OF MECHANICAL WORK AT GROUND FLOOR TO ROOF AS PER PLANS IN CONJUNCTION WITH NB JOB #B01012889.,0,2705,HARWAY AVENUE,Brooklyn,11214,GC,FUNG TAI CONSTRUCTION INC,8832 26TH AVENUE 2ND FL,PR,,,Permit Issued
B01017854-S4-MS,B01017854-S4,Initial Permit,2026-09-10,2025-12-16,2026-10-31,Mechanical Systems,"PROVIDE AIR-CONDITIONING UNITS, HEAT PUMP, FAN COIL UNITS, AND FANS AT 4TH FLOOR, BULKHEAD, AND OSP. NO CHANGE TO USE, OCCUPANCY, OR EGRESS.",11700,135,PACIFIC STREET,Brooklyn,11201,GC,ONE CAPITAL RENOVATION CO,109 DIAMOND STREET,,,,Permit Issued
B01040399-S2-PL,B01040399-S2,Initial Permit,2026-09-10,2024-11-14,2026-12-21,Plumbing,PLUMBING WORK FILED IN CONJUNCTION WITH RENOVATION FOR 1 FAMILY RESIDENCE. INSTALL PLUMBING FIXTURES AND RELATED PIPING. INSTALL NEW COMBINED PLUMBING & SPRINKLER WATER SERVICE.,108750,348,GRAND AVENUE,Brooklyn,11238,P,AURA PLUMBING INC,3275 STEINWAY ST SUITE #202,PR,,,Permit Issued
B01175387-S3-PL,B01175387-S3,Initial Permit,2026-09-10,2026-02-19,2026-12-20,Plumbing,PLUMBING SPECIFICATIONS FILED IN CONJUNCTION WITH GC APPLICATION B01175387-I1,150000,201,GATES AVENUE,Brooklyn,11238,P,ADD MECHANICAL INC,589 EAST 56TH STREET,Y&Z DEVELOPERS INC.,,,Permit Issued
B01175387-S4-EW-SP,B01175387-S4,Initial Permit,2026-09-10,2025-12-24,2026-11-17,Sprinklers,SPRINKLER SPECIFICATIONS FILED IN CONJUNCTION WITH GC APPLICATION B01175387-I1,80000,201,GATES AVENUE,Brooklyn,11238,F,WNW & SONS PLUMBING & HTG,589 EAST 56TH STREET,Y&Z DEVELOPERS INC.,,,Permit Issued
B01177756-I1-EW-SP,B01177756-I1,Initial Permit,2026-09-10,2025-07-10,2027-01-01,Sprinklers,"SPRINKLER WORK AS PER PLANS. NO CHANGE OF USE, EGRESS OR OCCUPANCY UNDER THIS APPLICATION.",8111,172,PEARL STREET,Brooklyn,11201,F,I.M.P. PLUMBING & HEATING CORP.,412 8th Avenue,CITY UNIVERSITY OF NEW YORK,,,Permit Issued
B01196131-I1-GC,B01196131-I1,Initial Permit,2026-09-10,2026-08-17,2027-01-07,General Construction,"CONVERTING A 2-FAMILY TO 3 STORY AND A CELLAR TO A 8-DWELLING 4 STORY AND A CELLAR, INCLUDING PARTIAL DEMOLITION, HORIZONTAL AND VERTICAL ENLARGEMENT.",2765982,68,QUINCY STREET,Brooklyn,11238,GC,YAFE MEOD CORP,17 BARSTOW ROAD .SUITE 401,MINERVA,,,Permit Issued
B01196131-S2-SE,B01196131-S2,Initial Permit,2026-09-10,2025-05-03,2027-01-07,Support of Excavation,HEREWITH FILING SOE PLANS OF PROP. 4 STORY NEW BLDG. THE SOE INVOLVES INSTALLATION OF SOLDIER PILES WITH TIMBER LAGGING AND 1:1 EXCAVATION. THIS JOB IS FILED IN CONJUNCTION WITH DOB JOB #B01196131-S2,50000,68,QUINCY STREET,Brooklyn,11238,GC,YAFE MEOD CORP,17 BARSTOW ROAD .SUITE 401,MINERVA,,,Permit Issued
B01217320-S2-EW-SP,B01217320-S2,Initial Permit,2026-09-10,2025-06-25,2027-03-12,Sprinklers,"HEREBY FILING TO RELOCATE SPRINKLER HEADS IN APARTMENT 1402/1403. NO CHANGE IN USE, EGRESS OR OCCUPANCY.",9000,265,STATE STREET,Brooklyn,11201,F,ZAPAS CONSTRUCTION CORP,2457 49TH STREET,,,,Permit Issued
B01254856-S5-FO-EA,B01254856-S5,Initial Permit,2026-09-10,2026-09-04,2026-11-16,Foundation,Foundation plans filed in conjunction with GC application # B01254856-i1,250000,25,KOSSUTH PLACE,Brooklyn,11221,GC,IVAN ROSA LLC,142 MINEOLA AVE.SUITE 3D,UNITED 2441 LLC,,,Permit Issued
B01262411-S1-PL,B01262411-S1,Initial Permit,2026-09-10,2026-02-18,2026-10-30,Plumbing,"HEREWITH TO PROPOSE PL SYSTEMS, INCONJUNCTION WITH DOB# B01262411-I1",58000,373,3 STREET,Brooklyn,11215,P,RRP PLUMBING CORP,106-07 NORTHERN BOULEVARD,MINERVA,,,Permit Issued
B01270332-I1-GC-CX,B01270332-I1,Initial Permit,2026-09-10,2026-02-13,2026-09-24,Structural,THIS APPLICATION IS BEING FILED FOR GENERAL CONSTRUCTION & STRUCTURAL WORK TO CONVERT EXISTING 3-FAMILY RESIDENTIAL BUILDING TO A 1-FAMILY RESIDENCE AND ADDRESSING OATCH/ECB VIOLATION: 39150275X,625000,198,HAWTHORNE STREET,Brooklyn,11225,GC,KAIETEUR CONSTRUCTION INC,"110-16 LIBERTY AVENUE, SUITE 201",PR,,,Permit Issued
B01278224-S5-PL,B01278224-S5,Initial Permit,2026-09-10,2026-09-09,2026-11-30,Plumbing,SUBSEQUENT PLUMBING APPLICATION FILED HEREWITH.,2500,726,MANHATTAN AVENUE,Brooklyn,11222,P,TARGET PIPING NY LLC,1127 UTICA AVENUE,PR,,,Permit Issued
B01279882-S3-ST,B01279882-S3,Initial Permit,2026-09-10,2026-07-14,2027-01-07,Structural,FILING ST PLANS TO FACILITATE STRUCTURAL DESIGN HORIZONTAL ENLARGEMENT. CHANGE OF USE: 3 FAMILY TO 1 FAMILY.,99000,362,CLINTON STREET,Brooklyn,11231,GC,YAFE MEOD CORP,17 BARSTOW ROAD .SUITE 401,MINERVA,,,Permit Issued
B01281245-I1-GC,B01281245-I1,Initial Permit,2026-09-10,2025-09-25,2026-12-30,General Construction,"Full renovation of existing library. New floor, new bookshelves/millwork, adding soffits. Slight modification to existing ductwork. Additional electrical receptacles added throughout.",415927,3117,AVENUE W,Brooklyn,11229,GC,SKOS CONTRACTING LLC,837 POST AVE,NYC SCHOOL CONSTRUCTION AUTHORITY,,,Permit Issued
B01293173-I1-GC,B01293173-I1,Initial Permit,2026-09-10,2026-09-10,2026-10-04,General Construction,"INTERIOR RENOVATION WITH PARTITION WORKS AND INSTALL NEW TABLES AND CHAIRS FOR FIRST FLOOR EXISTING RESTAURANT. INSTALL NEW FIRE WALLS AND FIRE DOORS FOR CELLAR PROTECTION OF OPENINGS IN FIRE WALLS. NO CHANGE OF USE, EGRESS OR OCCUPANCY.",283000,6423,20 AVENUE,Brooklyn,11204,GC,JIA WEI CONSTRUCTION INC,67-01 54TH AVENUE,PR,,,Permit Issued
B01295637-I1-GC,B01295637-I1,Initial Permit,2026-09-10,2026-06-04,2027-03-26,General Construction,APPLICATION FILED HEREWITH TO VERTICALLY AND HORIZONALLY ENLARGE AN EXISTING ONE-STORY BUILDING INTO A SIX STORY + PENTHOUSE SEVEN FAMILY RESIDENTIAL BUILDING,2665260,488,LAFAYETTE AVENUE,Brooklyn,11205,GC,RNH SERVICES INC,670 MYRTLE AVE STE 6366,Not Applicable,,,Permit Issued
B01297775-S4-PL,B01297775-S4,Initial Permit,2026-09-10,2026-01-08,2026-09-29,Plumbing,"Propose removal of gas boiler, replace gas fired HWH, install detention tank and storm system, sanitary and domestic piping and replace/ relocate plumbing fixtures as per plan, filed in conj. with GC # B01297775-I1.",109000,1756,86 STREET,Brooklyn,11214,P,CROSSFIELD PLBG.&HTG,122-17 18TH AVENUE,UNIVERSAL 168 INC,,,Permit Issued
B01305717-S2-MS,B01305717-S2,Initial Permit,2026-09-10,2026-07-01,2027-02-18,Mechanical Systems,MECHANICAL APPLICATION FILED IN CONJUNCTION WITH APPLICATION 320622714.MECHANICAL WORK FOR TENANT FIT-OUT AS PER PLAN.,105000,532,NEPTUNE AVENUE,Brooklyn,11224,GC,FIRST CNSTRCTION ZONE INC,"2765 WEST 5TH STREET, APT#10G",PR,,,Permit Issued
B01307176-I1-GC,B01307176-I1,Initial Permit,2026-09-10,2026-09-03,2026-11-30,General Construction,REnovation of two-family dwelling. Partition work. Kitchen and bathroom renovation. New rear porch. New windows at rear.,170400,228,JEFFERSON AVENUE,Brooklyn,11216,GC,CHATEL CONSTRUCTION CORP,1 HARDING CT,Not Applicable,,,Permit Issued
B01315432-S8-FN,B01315432-S8,Initial Permit,2026-09-10,2026-06-04,2026-12-29,Construction Fence,SUBSEQUENT FENCE APPLICATION FILED HEREWITH.,0,246,7 STREET,Brooklyn,11215,GC,ROGERS DEVELOPERS GRP LLC,311 ROGERS AVENUE,Bravon Capital LLC,,,Permit Issued
B01327889-I1-SH,B01327889-I1,Initial Permit,2026-09-10,2026-09-10,2026-12-09,Sidewalk Shed,"INSTALLATION OF TEMPORARY HEAVY DUTY SIDEWALK SHED AS PER PLANS. NO CHANGE IN USE, EGRESS OR OCCUPANCY. SIDEWALK SHED SHALL COMPLY WITH CHAPTER #33 OF 2022 THE NYC BUILDING CODE. LIVE LOAD 300PSF.",1000,910,BEDFORD AVENUE,Brooklyn,11205,GC,J & G CONSTRUCTION SVCS,125-05 101ST AVENUE,J & G CONSTRUCTION SRVCS,,,Permit Issued
B01336244-I1-GC-CX,B01336244-I1,Initial Permit,2026-09-10,2026-04-22,2026-10-18,General Construction,"TO PROPOSE INTERIOR RENOVATION OF COMMERCIAL SPACE AT 001FL AND CELLAR WITH GENERAL CONSTRUCTION WORK TYPE; TO MODIFY KITCHEN EXHAUST HOOD AND INSTALL SPLIT UNITS WITH MECHANICAL WORK AS PER PLAN FILED HEREWITH. NO CHANGE OF USE, EGRESS OR ",100000,631,FRANKLIN AVENUE,Brooklyn,11216,GC,KALE CONSTRUCTION INC,145-12 24 AVE,Not Applicable,,,Permit Issued
B01336532-I1-FN,B01336532-I1,Initial Permit,2026-09-10,2026-02-04,2026-12-10,Construction Fence,PROPOSED CONSTRUCTION FENCE FILED HEREWITH.,1000,1839,63 STREET,Brooklyn,11204,GC,KAUFMAN GROUP INC,3 TEVERYA WAY #301,Not Applicable,,,Permit Issued
B01341650-S3-PL,B01341650-S3,Initial Permit,2026-09-10,2026-07-06,2026-12-03,Plumbing,PLUMBING APPLICATION FILED HEREWITH IN CONJUNCTION TO NB APPLICATION B01341650-I1,0,114,ADELPHI STREET,Brooklyn,11205,P,"QUALITY PIPING, INC",1027 CHURCH AVENUE,Not Applicable,,,Permit Issued
B01341650-S5-EW-SP,B01341650-S5,Initial Permit,2026-09-10,2026-03-23,2026-12-03,Sprinklers,SPRINKLER APPLICATION FILED HEREWITH IN CONJUNCTION TO NB APPLICATION B01341650-I1,0,114,ADELPHI STREET,Brooklyn,11205,F,"QUALITY PIPING, INC",1027 CHURCH AVENUE,Not Applicable,,,Permit Issued
B01347514-I1-ST,B01347514-I1,Initial Permit,2026-09-10,2026-01-26,2026-09-27,Structural,"emergency temporary shoring to cracked stone column at building portico entrance as per plans filed herewith. no change to use, egress or occupancy.",25000,70,REMSEN STREET,Brooklyn,11201,GC,TRIBUTE RESTORATION INC,231 NORMAN STREET#206,,,,Permit Issued
B01348242-I1-GC,B01348242-I1,Initial Permit,2026-09-10,2026-09-02,2026-12-02,General Construction,(PLEASE ASSIGN TO DEV HUB) PROPOSED NEW 13 STORY 94 UNIT RESIDENTIAL BUILDING,0,461,TROY AVENUE,Brooklyn,11203,GC,INNOVATIVE CONSTR NYC LLC,"130 LEE AVENUE, SUITE 431",Grun Group LLC,,,Permit Issued
B01348242-S4-SE,B01348242-S4,Initial Permit,2026-09-10,2026-03-24,2026-12-02,Support of Excavation,SOE SPECIFICATIONS FILED IN CONJUNCTION WITH GC APPLICATION JOB #B01348242-I1,0,461,TROY AVENUE,Brooklyn,11203,GC,INNOVATIVE CONSTR NYC LLC,"130 LEE AVENUE, SUITE 431",Grun Group LLC,,,Permit Issued
B01349788-S3-EW-SP,B01349788-S3,Initial Permit,2026-09-10,2026-06-28,2026-11-30,Sprinklers,SPRINKLER SPECIFICATIONS FILED IN CONJUNCTION WITH GC APPLICATION B01349788-I1,0,159,NEWPORT STREET,Brooklyn,11212,F,TARGET PIPING NY LLC,1127 UTICA AVENUE,Not Applicable,,,Permit Issued
B01356877-I1-FN,B01356877-I1,Initial Permit,2026-09-10,2026-03-05,2026-12-12,Construction Fence,herewith filing construction fence as per plans,6500,54,GREENE AVENUE,Brooklyn,11238,GC,KORK INC,2755 EAST 63RD STREET,Not Applicable,,,Permit Issued
B01358370-S2-MS,B01358370-S2,Initial Permit,2026-09-10,2026-08-05,2027-05-05,Mechanical Systems,"This subsequent filing is being filed for the mechanical work at the subject premises. There are no change in use, egress or occupancy under this filing.",96000,163,PROSPECT PLACE,Brooklyn,11238,GC,BLACK SQUARE BUILDERS COR,393 VAN DUZER STREET,Not Applicable,,,Permit Issued
B01358655-I1-GC,B01358655-I1,Initial Permit,2026-09-10,2026-03-12,2026-11-22,General Construction,FACADE REPAIRS NO CHANGE IN USE EGRESS OR OCCUPANCY,300000,15,LAFAYETTE AVENUE,Brooklyn,11217,GC,JEPOL INDUSTRIAL ROPE ACC,60-80 60TH LANE,"C/O ROSE ASSOCIATES, INC.",,,Permit Issued
B01359647-S3-FO,B01359647-S3,Initial Permit,2026-09-10,2026-08-14,2027-02-20,Foundation,Creating foundation design for 2 1/2 story horizontal extension. Foundation work in conjunction with GC B01359647-I1.,18000,1160,EAST 9 STREET,Brooklyn,11230,GC,OVADIA CONSTRUCTION GROUP,1472 EAST 5 STREET,Not Applicable,,,Permit Issued
B01365727-S1-PL,B01365727-S1,Initial Permit,2026-09-10,2026-07-02,2026-10-01,Plumbing,Remove existing pharmacy sink and install new pharmacy sink at relocated location. Relocate existing undercounter water filtration system,6000,150,COURT STREET,Brooklyn,11201,P,STALWART PLUMBING CORP,59-24 57TH STREET,ELY MGT LLC,,,Permit Issued
B01383497-S4-ST,B01383497-S4,Initial Permit,2026-09-10,2026-06-12,2026-12-04,Structural,Structural job filed in conjunction with ALTCO work to convert Warehouse UG 16 to Production Studio UG VIII. ST work to reinforce existing steel framing at 2nd floor.,80000,251,MONTROSE AVENUE,Brooklyn,11206,GC,COPPERMINE CONSTRUCTION *,275 CONOVER STREET,Not Applicable,,,Permit Issued
B01385268-S3-MS,B01385268-S3,Initial Permit,2026-09-10,2026-08-14,2027-01-02,Mechanical Systems,INSTALLATION OF NEW ROOFTOP PACKAGE UNITS & ERV UNIT ALONG WITH THE ASSOCIATED PIPING AND DUCTWORK AS PER THE DRAWINGS FILED HEREIN.,94500,54,FRANKLIN STREET,Brooklyn,11222,GC,HARROW NY INC,50-20 38TH STREET,DAX REAL ESTATE,,,Permit Issued
B01387227-I1-GC,B01387227-I1,Initial Permit,2026-09-10,2026-04-29,2027-03-20,General Construction,APPLICATION TO REDUCE NUMBER OF PARKING SPACES AND TO LEGALIZE 4TH FLOOR USE AND OCCUPANCY AS CLASSROOMS PER CHANGE OF USE/OCCUPANCY PERMITTED UNDER ABANDONED ALT-1 JOB NO. 321981922,1000,3002,FORT HAMILTON PARKWAY,Brooklyn,11218,GC,WESBUILT CONSTRUCTION MAN,1430 BROADWAY,IMMACULATE HEART OF MARY,,,Permit Issued
B01387227-S1-EA,B01387227-S1,Initial Permit,2026-09-10,2026-09-03,2027-03-20,Earth Work,EARTH WORK FOR REGRADING AND PLAYGROUND EQUIPMENT INSTALLATION .,500000,3002,FORT HAMILTON PARKWAY,Brooklyn,11218,GC,WESBUILT CONSTRUCTION MAN,1430 BROADWAY,IMMACULATE HEART OF MARY,,,Permit Issued
B01389296-I1-SF,B01389296-I1,Initial Permit,2026-09-10,2026-08-17,2027-02-04,Supported Scaffold,"INSTALLATION OF TEMPORARY CONSTRUCTION EQUIPMENT (SUPPORTED SCAFFOLD), RELATED JOB NUMBER B00952504-I1. NO CHANGE IN USE, OCCUPANCY OR EGRESS UNDER THIS APPLICATION.",1000000,400,PENNSYLVANIA AVENUE,Brooklyn,11207,GC,ROMA SCAFFOLDING INC,41-33 38TH STREET,NYC SCHOOL CONSTRUCTION AUTHORITY,,,Permit Issued
B01395726-S1-PL,B01395726-S1,Initial Permit,2026-09-10,2026-07-02,2027-04-30,Plumbing,Installation of three-piece bathroom on the second floor. Connecting to existing sanitary riser.,9250,1449,DEAN STREET,Brooklyn,11213,P,TMS & SON PLUMBING LLC,119 EAST 31 STREET,Not Applicable,,,Permit Issued
B01395893-I1-GC-CX,B01395893-I1,Initial Permit,2026-09-10,2026-08-17,2027-03-27,Foundation,RENOVATION AND MODIFICATION TO EXISTING ONE STORY ONE FAMILY BUILDING AND TO OBTAIN NEW CERTIFICATE OF OCCUPANCY FOR ONE FAMILY WITH HOME OCCUPANCY 417 SF.,140528,30,WEST END AVENUE,Brooklyn,11235,GC,ARKENSTONE BUILDERS INC,12 TAP COURT,PR,,,Permit Issued
B01402888-I1-PMM,B01402888-I1,Initial Permit,2026-09-10,2026-09-09,2027-02-04,Protection and Mechanical Methods,"INSTALLATION OF DEBRIS CHUTE AT 400 PENNSYLVANIA AVENUE - BROOKLYN, AS INDICATED ON PLANS. THERE WILL BE NO CHANGE IN THE USE, EGRESS, OR OCCUPANCY UNDER THIS APPLICATION. THIS JOB IS IN RELATION TO DOB JOB # B00952504.",10000,400,PENNSYLVANIA AVENUE,Brooklyn,11207,GC,ROMA SCAFFOLDING INC,41-33 38TH STREET,NYC SCHOOL CONSTRUCTION AUTHORITY,,,Permit Issued
B01404334-S2-EW-SP,B01404334-S2,Initial Permit,2026-09-10,2026-07-10,2026-12-31,Sprinklers,"BMH Minor Biplane: Plumbing and Sprinkler odifications to accommodate alterations for the Biplane Ultrasound suite in the existing Hospital as per plans filed herewith. No change to zoning, use, egress or occupancy.",500000,506,6 STREET,Brooklyn,11215,F,SIRINA FIRE PROT CORP,"450 7TH AVENUE, SUITE 506",NEW YORK PRESBYTERIAN,,,Permit Issued
B01405523-I1-GC,B01405523-I1,Initial Permit,2026-09-10,2026-06-16,2026-09-20,General Construction,FACADE REPAIR WHICH INCLUDES GRINDING AND POINTING AS PER PLANS @ EXPOSURE 1 AND EXPOSURE 4. SIDEWALK SHED SHALL BE FILED UNDER SEPARATE APPLICATION.,26800,803,EAST 49 STREET,Brooklyn,11203,GC,NADEEM AKHTAR,"900 AVENUE H, #6C",NSACONTRACTING CO,,,Permit Issued
B01407657-I1-FD,B01407657-I1,Initial Permit,2026-09-10,2026-08-06,2026-11-21,Full Demolition,Full demolition to a three story house,70000,1533,NEW YORK AVENUE,Brooklyn,11210,GC,MJH CONSTRUCTION CORP,"670 MYRTLE AVE, #6366",BS New York Properties LLC,,,Permit Issued
B01408009-I1-GC,B01408009-I1,Initial Permit,2026-09-10,2026-06-15,2026-10-24,General Construction,"Facade repairs as per plans. No change in use, egress, or occupancy.",86735,9511,SHORE ROAD,Brooklyn,11209,GC,C.C.C. RENOVATION INC,31-07 STARR AVENUE SUITE 1,NARROWS MANAGEMENT OF BAY RIDGE INC,,,Permit Issued
B01408170-I1-SG,B01408170-I1,Initial Permit,2026-09-10,2026-08-24,2026-10-31,Sign,Reskin existing awning with new applied vinyl graphics on existing frame. No structural modifications proposed.,1500,1103,CORTELYOU ROAD,Brooklyn,11218,S,NATIONAL SIGN & LIGHTING,148-27 GUY R BREWSTER BLVD,Not Applicable,,,Permit Issued
B01409991-S1-SH,B01409991-S1,Initial Permit,2026-09-10,2026-09-04,2026-12-09,Sidewalk Shed,INSTALLATION OF SIDEWALK SHED FOR PUBLIC PROTECTION DURING CONSTRUCTION WORK. FILED IN CONJUNCTION WITH JOB#B01409991-I1,15000,76,ENGERT AVENUE,Brooklyn,11222,GC,ABLE RESTORATION INC,2444 E TREMONT AVE,NORTHPOINT TOWERS CONDO CORP II,,,Permit Issued
B01414600-I1-GC,B01414600-I1,Initial Permit,2026-09-10,2026-06-25,2027-03-24,General Construction,This application is filed for a Temporary Use Permit for a sales office including model apartments pursuant to section AC 28-111 and Buildings Bulletin 2010-002.,6000,515,DEAN STREET,Brooklyn,11217,GC,BROOKLYN AZ INC,"289 MESEROLE ST, STE 201",1310 Myrtle LLC,,,Permit Issued
B01415104-I1-GC,B01415104-I1,Initial Permit,2026-09-10,2026-06-22,2026-12-31,General Construction,"REMOVAL OF CNG FLEET FUELING EQ & CONC. PADS. RESTORE ASPHALT AND GRAVEL AREAS PER PLANS. NO CHANGE TO USE, EGRESS OR OCCUPANCY. PER AC 28-105-4-3 NYC ADMINISTRATIVE CODE, PUBLIC UTILITY GAS WORK SHOWN IN THIS APP SHALL BE EXEMPT FROM NYC B",114236.67,287,MASPETH AVENUE,Brooklyn,11211,GC,BANCKER CONSTRUCTION CORP,171 FREEMAN AVENUE,NATIONAL GRID,,,Permit Issued
B01415245-I1-GC,B01415245-I1,Initial Permit,2026-09-10,2026-06-22,2026-12-31,General Construction,"REMOVAL OF CNG FLEET FUELING EQ & CONC. PADS. RESTORE ASPHALT AND GRAVEL AREAS PER PLANS. NO CHANGE TO USE, EGRESS OR OCCUPANCY. PER AC 28-105-4-3 NYC ADMINISTRATIVE CODE, PUBLIC UTILITY GAS WORK SHOWN IN THIS APP SHALL BE EXEMPT FROM NYC B",114236.67,8424,DITMAS AVENUE,Brooklyn,11236,GC,BANCKER CONSTRUCTION CORP,171 FREEMAN AVENUE,NATIONAL GRID,,,Permit Issued
B01423071-I1-GC,B01423071-I1,Initial Permit,2026-09-10,2026-09-01,2026-10-18,General Construction,"REMOVE DOB VIOLATIONS: VIO25-01846; REPLACE WOOD JOIST DUE TO FIRE DAMAGE.RENOVATION OF EXISTING CELLAR, 1ST AND 2ND FLOOR WITH GENERAL CONSTRUCTION: NEW PARTITIONS, DOORS, FLOORING AND COSMETIC WORK; NO CHANGE IN USE, EGRESSOR OCCUPANCY UN",150000,150,BAY 40 STREET,Brooklyn,11214,GC,KALE CONSTRUCTION INC,145-12 24 AVE,PR,,,Permit Issued
B01424801-I1-GC,B01424801-I1,Initial Permit,2026-09-10,2026-08-31,2026-11-15,General Construction,"HEREBY FILING GENERAL CONSTRUCTION AT ROOF LEVEL. REMOVAL & REPAIR OF DAMAGED MASONRY PARAPET WALL. NO CHANGE IN USE, EGRESS, OR OCCUPANCY.",8500,458,3 STREET,Brooklyn,11215,GC,MUX CONSTRUCTION INC,"2684 WEST STREET, APT 6H",Not Applicable,,,Permit Issued
B01426700-I1-GC,B01426700-I1,Initial Permit,2026-09-10,2026-07-08,2027-05-29,General Construction,"Scope of work alteration Tyoe 2 herewith filing for the replacement of sheetrock on same location and pathing and painting interior walls. No Change in Egress, Use or Occuoancy",56000,537,EAST 3 STREET,Brooklyn,11218,GC,AFFINITY ASSOCIATES 1 INC,670 MYRTLE AVENUE SUITE 109,Not Applicable,,,Permit Issued
B01427196-I1-GC,B01427196-I1,Initial Permit,2026-09-10,2026-08-12,2027-03-02,General Construction,"Proposed alteration to repair the front facade, to answer ECB Violation #39193084N and DOB Violation #VB061826C26-01614. No change in use, occupancy or egress under this application.",20000,320,DITMAS AVENUE,Brooklyn,11218,GC,SARDAR RESTORATION CORP,2770 FISH AVE,Not Applicable,,,Permit Issued
B01427579-I1-SG,B01427579-I1,Initial Permit,2026-09-10,2026-09-04,2026-10-31,Sign,"ILLUMINATED NON-ADVERTISING ACCESSORY WALL SIGN - MODERNMD. NO CHANGE OF USE, EGRESS OR OCCUPANCY.",1800,1169,LIBERTY AVENUE,Brooklyn,11208,S,"L.S. SIGN CO., INC",1640 CENTRE STREET,FABCO SHOES,,,Permit Issued
B01429614-I1-GC,B01429614-I1,Initial Permit,2026-09-10,2026-08-06,2027-01-13,General Construction,HEREWITH FILING AN APPLICATION FOR THE REMOVALAND DIRECT REPLACEMENT OF INTERIOR WOOD STAIRSTO PREFABRICATED METAL STAIRS BETWEEN CEL ANDFLOOR 001. STAIR REPLACEMENT SHALL BE IN THE SAMELOCATION. FILING APPLICATION TO ADDRESSVIOLATION 34716,10000,55,WELDON STREET,Brooklyn,11208,GC,MKSSKR CONSULTING SERVICE,"41-26 73 STR, APTC43",N/A,,,Permit Issued
B01429958-I1-GC,B01429958-I1,Initial Permit,2026-09-10,2026-09-09,2026-12-23,General Construction,"Renovation of 2-family residence including replacement of non-bearing partitions; replacement of plumbing fixtures and appliances at Kitchens and Bathrooms; Replacement of windows at rear of 2nd floor. No change to the Use, Occupancy, or Eg",150000,370,SENATOR STREET,Brooklyn,11220,GC,RAIN GUARD CONSTRUCTION C,319 82ND STREET,RAIN GUARD CONSTRUCTION CORP,,,Permit Issued
B01429958-S1-PL,B01429958-S1,Initial Permit,2026-09-10,2026-09-09,2026-10-16,Plumbing,Proposed renovation of bathrooms and kitchens at existing 2-family house.,15000,370,SENATOR STREET,Brooklyn,11220,P,A.G.M. PLUMBING & HEATING,"4295 AUTHUR KILL ROAD, ST#208",RAIN GUARD CONSTRUCTION CORP,,,Permit Issued
B01430271-I1-MS,B01430271-I1,Initial Permit,2026-09-10,2026-09-01,2026-12-31,Mechanical Systems,"REPLACE (2) HVAC ROOFTOP CONDENSERS AND (2) AIR HANDLER UNITS AS PER PLANS. NO CHANGE TO USE, OCCUPANCY OR EGRESS.",30000,216,PACIFIC STREET,Brooklyn,11201,GC,VIGILANTE CONTRACTING CO,195 DOUGLASS STREET,SHERMAN REAL ESTATE INVESTMENTS,,,Permit Issued
B01430627-I1-GC,B01430627-I1,Initial Permit,2026-09-10,2026-08-14,2026-10-12,General Construction,"INTERIOR RENOVATION OF CONDOMINIUM UNIT. WORK TO INCLUDE NEW PARTITIONS, MILLWORK AND RELATED WORK. NO CHANGE IN USE,EGRESS OR OCCUPANCY.",199800,135,BERKELEY PLACE,Brooklyn,11217,GC,GIANCOLA CONTRACTORS INC,270 21ST STREET,PR,,,Permit Issued
B01430789-S2-EW-SP,B01430789-S2,Initial Permit,2026-09-10,2026-09-09,2027-01-31,Sprinklers,"PROPOSED TO CUT, CAP AND DEMOLISH SPRINKLER SYSTEM. NO CHANGE TO USE, EGRESS OR OCCUPANCY UNDER THIS APPLICATION.",12100,1679,BEDFORD AVENUE,Brooklyn,11225,F,TRISTATE FIRE SPRINK INC,1237 39 STREET 1ST FLOOR,LEVIATHAN,,,Permit Issued
B01432025-I1-GC,B01432025-I1,Initial Permit,2026-09-10,2026-09-09,2026-12-08,General Construction,"PROPOSED INTERIOR RENOVATION ON CELLAR, 1ST AND 2ND FLOOR PLANS. STUCCO ON FACADE. NO CHANGE IN USE EGRESS OR OCCUPANCY.",382200,1596,EAST 17 STREET,Brooklyn,11230,GC,NESPO LLC,802 AVENUE U,NESPO LLC,,,Permit Issued
B01432051-I1-GC,B01432051-I1,Initial Permit,2026-09-10,2026-08-13,2027-01-24,General Construction,"Interior General Construction work at Basement level; kitchen and bath remodel, relocation of non-load bearing partitions.",50004.03,60,CHEEVER PLACE,Brooklyn,11231,GC,BL BUILDEX LLC,"10 AVENUE P, APT 1F",Not Applicable,,,Permit Issued
B01432844-I1-SL,B01432844-I1,Initial Permit,2026-09-10,2026-09-04,2027-03-31,Solar,"INSTALLATION OF SOLAR PV SYSTEM. NO CHANGE TO USE, EGRESS, OR OCCUPANCY.",52800,219,50 STREET,Brooklyn,11220,GC,BROOKLYN SOLARWORKS LLC,200 6TH STREET SUITE 3G,Fifth Avenue Committee,,,Permit Issued
B01434226-S1-PL,B01434226-S1,Initial Permit,2026-09-10,2026-09-04,2026-11-12,Plumbing,"Plumbing work in apartment # 3L in conjunction with general construction Job # B01434226-I1. No change to use, occupancy or egress.",225,135,RUSSELL STREET,Brooklyn,11222,P,ORBIT PLBG & HTG INC,2341 MCDONALD AVE,,,,Permit Issued
B01437337-I1-GC,B01437337-I1,Initial Permit,2026-09-10,2026-09-04,2027-03-28,General Construction,"INTERIOR RENOVATION OF AN EXIST. 3-FAMILY 3-STORY BUILDING. NO CHANGE TO EXIST. USE, EGRESS & OCCUPANCY.",312000,427,STOCKHOLM STREET,Brooklyn,11237,GC,HOME STYLE IMPROVEMENTS *,"3512 FARRINGTON ST, 1ST FL",Not Applicable,,,Permit Issued
B01440019-I1-GC,B01440019-I1,Initial Permit,2026-09-10,2026-08-13,2026-11-08,General Construction,"APPLICATION FILED HEREWITH FOR INTERIOR RENOVATION AT CELLAR, FIRST, SECOND AND THIRD FLOOR WITH REPLACEMENT FACADE AND ROOF OF EXISTING (3) THREE STORY WITH CELLAR, (6) SIX FAMILY BUILDING. NO CHANGE IN USE, EGRESS OR OCCUPANCY",148400,1250,44 STREET,Brooklyn,11219,GC,J&R CONSTRUCTION SERVICES,3915 QUENTIN ROAD,n/a,,,Permit Issued
B01440041-I1-SL,B01440041-I1,Initial Permit,2026-09-10,2026-09-03,2027-03-31,Solar,"INSTALLATION OF SOLAR PV SYSTEM. NO CHANGE TO USE, EGRESS, OR OCCUPANCY.",56001,217,50 STREET,Brooklyn,11220,GC,BROOKLYN SOLARWORKS LLC,200 6TH STREET SUITE 3G,Fifth Avenue Committee,,,Permit Issued
B01440584-I1-FN,B01440584-I1,Initial Permit,2026-09-10,2026-08-20,2027-01-01,Construction Fence,Installation of construction fence for public protection during construction work. Filed in conjunction with JOB#B00780673-I1 & B00780673-S1.,15000,532,ALBANY AVENUE,Brooklyn,11203,GC,PERFETTO ENTERPRISES CO I,2074 RICHMOND TERRACE,NYC SCHOOL CONSTRUCTION AUTHORITY,,,Permit Issued
B01440903-I1-GC,B01440903-I1,Initial Permit,2026-09-10,2026-08-19,2026-12-19,General Construction,"ALTERATION APPLICATION TO THE EXISTING 2 STORY + CELLAR MINOR FACADE REPAIR AS PER PLAN. NO CHANGE TO USE, OCCUPANCY AND EGRESS",20000,1854,47 STREET,Brooklyn,11204,GC,EMPIRE MANAGEMENT & CON*,49 MONTROSE AVE SUITE A,125 KINGS LLC,,,Permit Issued
B01443365-I1-FN,B01443365-I1,Initial Permit,2026-09-10,2026-09-09,2026-11-18,Construction Fence,"INSTALLATION OF TEMPORARY PLYWOOD FENCE AS PER PLANS. NO CHANGE IN USE, EGRESS OR OCCUPANCY.",1,739,EAST 89 STREET,Brooklyn,11236,GC,BA GLOBAL CONSTRUCTION,524 MCDONALD AVENUE,Not Applicable,,,Permit Issued
B01444063-I1-FN,B01444063-I1,Initial Permit,2026-09-10,2026-08-14,2026-09-18,Construction Fence,8' construction fence,5000,2110,62 STREET,Brooklyn,11204,GC,BOLD BUILDERS NY INC,1921 51ST STREET,PR,,,Permit Issued
B01444574-I1-BE,B01444574-I1,Initial Permit,2026-09-10,2026-08-19,2026-10-04,Boiler Equipment,HEREWITH FILING TO REPLACE EXISTING GAS BOILER AS PER PLANS. NO CHANGE TO USE EGRESS OR OCCUPANCY.,15000,140,WYCKOFF AVENUE,Brooklyn,11237,P,DW PLUMBING INC,115-58 DUNKIRK STREET,GMC PROPERTY MANAGEMENT,,,Permit Issued
B01445283-I1-SG,B01445283-I1,Initial Permit,2026-09-10,2026-08-25,2026-11-13,Sign,"NON-ILLUMINATED NON-ADVERTISING ACCESSORY WALL SIGN - GREEN ROOM CANNABIS DISPENSARY. NO CHANGE OF USE, EGRESS OR OCCUPANCY.",2400,2253,EMMONS AVENUE,Brooklyn,11235,S,ACTIVE SIGNS INC,828 6TH AVENUE 2ND FLOOR,"PILHOF REALTY ASSOCIATES, LP",,,Permit Issued
B01447198-I1-SL,B01447198-I1,Initial Permit,2026-09-10,2026-09-09,2026-10-19,Solar,"ROOFTOP SOLAR INSTALLATION. NO CHANGE TO USE, OCCUPANCY OR EGRESS.",184117.08,947,EAST 27 STREET,Brooklyn,11210,GC,KAMTECH RESTORATION CORP,203 SHERIDAN BLVD,,,,Permit Issued
B01447853-I1-BE,B01447853-I1,Initial Permit,2026-09-10,2026-09-08,2026-12-31,Boiler Equipment,REPLACE BOILER AND GAS/OIL BURNER. FILED IN CONJUNCTION WITH LAA NO. B01447404-I1.,200000,445,EAST 5 STREET,Brooklyn,11218,O,APPROVED OIL CO OF BKLYN,6717 4TH AVENUE,SIDAHAR CORP,,,Permit Issued
B01447853-S1-PL,B01447853-S1,Initial Permit,2026-09-10,2026-09-08,2026-12-31,Plumbing,NEW GAS LINE FROM EXISTING GAS METER. NEW GAS CONNECTION TO REPLACEMENT BURNER FROM EXISTING GAS METER,12000,445,EAST 5 STREET,Brooklyn,11218,P,"BELL FUEL OIL, LLC",6717 4TH AVENUE,SIDAHAR CORP,,,Permit Issued
B01447853-S2-GC,B01447853-S2,Initial Permit,2026-09-10,2026-09-08,2026-12-05,General Construction,INSTALL CHIMNEY LINER.,25000,445,EAST 5 STREET,Brooklyn,11218,GC,GUARANTEED HOME IMPROVEME,500 OLDBETHPAGE ROAD,SIDAHAR CORP,,,Permit Issued
B01448339-S1-SF,B01448339-S1,Initial Permit,2026-09-10,2026-09-10,2027-02-16,Supported Scaffold,"PROPOSED INSTALLATION OF SUPPORTED SCAFFOLD AS PER PLANS. SCAFFOLD SHALL COMPLY WITH CHAPTER #33 OF THE NYC BUILDING CODE. NO CHANGE IN USE, OCCUPANCY, OR EGRESS UNDER THIS APPLICATION",5000,1455,55 STREET,Brooklyn,11219,GC,TRIBECA CONSTRUCTION GROU,137-38 78 STREET,TRIBECA CONSTRUCTION GROUP INC,,,Permit Issued
B01448548-I1-GC,B01448548-I1,Initial Permit,2026-09-10,2026-09-02,2026-10-17,General Construction,"INTERIOR WORK TO (2) APARTMENTS. NO CHANGE TO USE, EGRESS, OR OCCUPANCY. NO WORK TO THE WINDOWS OR FACDE",95300,709,FULTON STREET,Brooklyn,11217,GC,DAILY MAINTENANCE LLC,29 W 36TH STREET,Not Applicable,,,Permit Issued
B01449317-I1-GC,B01449317-I1,Initial Permit,2026-09-10,2026-09-02,2027-01-20,General Construction,General construction related to the renovation of an existing two-family residence.,345150,697,HANCOCK STREET,Brooklyn,11233,GC,NY CONSTRUCTION&STONE INC,20 BURNHAM LN,Not Applicable,,,Permit Issued
B01449750-I1-GC,B01449750-I1,Initial Permit,2026-09-10,2026-08-25,2026-10-15,General Construction,Interior renovation of existing tenant suite,260000,161,COURT STREET,Brooklyn,11201,GC,ALCHEMY DEVELOPMENT,87 LAFAYETTE AVE,prospect management,,,Permit Issued
B01450841-I1-GC,B01450841-I1,Initial Permit,2026-09-10,2026-09-03,2026-12-11,General Construction,"Remove existing parking lot perimeter wall including copings, railings & gates. Construct new 3 wythe wall w/precast copings & metal fabricated railings. Provide & install 1 double & 1 single metal gate. No change in use, egress or occupanc",83078,1901,86 STREET,Brooklyn,11214,GC,3 L. BROS. CORP,130 BAYARD STREET,"JP Morgan Chase Bank, N.A",,,Permit Issued
B01451230-I1-PMM,B01451230-I1,Initial Permit,2026-09-10,2026-09-10,2026-11-16,Protection and Mechanical Methods,"INSTALLATION OF TEMPORARY PERSONNEL HOIST AS PER PLANS. NO CHANGE IN USE, EGRESS OR OCCUPANCY.",6000,1104,PACIFIC STREET,Brooklyn,11238,GC,CORE SCAFFOLD SYSTEMS INC,417 MYRTLE AVE SUITE 14,OWNERS REP,,,Permit Issued
B01452135-I1-SL,B01452135-I1,Initial Permit,2026-09-10,2026-09-01,2027-04-06,Solar,"Installation of a 23.37kW, Grid-Tied, Roof-Mounted photovoltaic system at 38 Varick St, Brooklyn, NY 11222",110270,38,VARICK STREET,Brooklyn,11222,GC,NYSS LLC,385 WEST JOHN STREET UNIT 100,ROUX ENVIRONMENTAL ENG,,,Permit Issued
B01452338-I1-GC,B01452338-I1,Initial Permit,2026-09-10,2026-09-09,2026-12-12,General Construction,"PROPOSE INTERIOR NON STRUCTURAL DEMOLITION. NO CHANGE IN USE, OCCUPANCY , EGRESS OR BULK TO EXISTING 3 STORY, W/ BSMT + CELLAR",116825,54,GREENE AVENUE,Brooklyn,11238,GC,KORK INC,2755 EAST 63RD STREET,Not Applicable,,,Permit Issued
B01452773-I1-GC,B01452773-I1,Initial Permit,2026-09-10,2026-09-08,2027-03-04,General Construction,"INTERIOR RENOVATION OF EXISTING 1-FAMILY HOUSE WITH REPAIRING PARTITIONS , FLOOR, CEILING, PAINTING WORK, NEW PARTITIONS, DOORS, FLOOR TILES AS PER PLAN. NO CHANGE IN USE, EGRESS OR OCCUPANCY.",136000,1075,77 STREET,Brooklyn,11228,GC,MERCURY BUILDING ASSO INC,124-15 METROPOLITAN AVENUE,Not Applicable,,,Permit Issued
B01452836-I1-SF,B01452836-I1,Initial Permit,2026-09-10,2026-09-10,2027-05-29,Supported Scaffold,INSTALLATION OF PIPE SCAFFOLDING AS PER PLANS. ALL EQUIPMENT SHALL COMPLY WITH CHAPTER # 33 OF THE 2022 CODE. NO CHANGE IN USE OCCUPANCY OR EGRESS UNDER THIS APPLICATION.,10000,39,SIDNEY PLACE,Brooklyn,11201,GC,TITAN SERVICES USA INC,10958 134TH ST,TITAN SERVICES USA INC.,,,Permit Issued
B01452879-S1-MS,B01452879-S1,Initial Permit,2026-09-10,2026-09-02,2026-12-01,Mechanical Systems,"Filing plans herewith for Mechanical work related to the build out of a McDonalds restaurant. No change to use, egress, or occupancy.",363397,625,FULTON STREET,Brooklyn,11201,GC,TOM RECTENWALD CONSTRUCTI,110 NORTH JEFFERSON STREET,HSD CONSTRUCTION LLC,,,Permit Issued
B01452934-I1-SL,B01452934-I1,Initial Permit,2026-09-10,2026-08-31,2027-04-07,Solar,"INSTALLATION OF SOLAR PANELS ON EXISTING ROOF. NO CHANGE IN USE, OCCUPANCY, OR EGRESS. NO CHANGE IN BULK",60530,1137,EAST 17 STREET,Brooklyn,11230,GC,SUNDAY ENERGY LLC,137 LYNCH ST APT 2,Not Applicable,,,Permit Issued
B01452948-I1-GC,B01452948-I1,Initial Permit,2026-09-10,2026-09-08,2026-10-18,General Construction,"RENOVATION OF EXISTING COMMERCIAL STORE iN 1st FLOOR WITH GENERAL CONSTRUCTION AND MECHANICAL WORK: INSTALL NEW PARTITIONS, FLOOR/WALL FINISHES. MECHANICAL WORK FOR NEW EXHAUST HOOD IN EXISTING COMMERCIAL SPACE IN THE 1ST FLOOR AS PER PLAN.",100000,6818,FT HAMILTON PARKWAY,Brooklyn,11219,GC,KALE CONSTRUCTION INC,145-12 24 AVE,PR,,,Permit Issued
B01452948-I1-MS,B01452948-I1,Initial Permit,2026-09-10,2026-09-08,2026-10-18,Mechanical Systems,"RENOVATION OF EXISTING COMMERCIAL STORE iN 1st FLOOR WITH GENERAL CONSTRUCTION AND MECHANICAL WORK: INSTALL NEW PARTITIONS, FLOOR/WALL FINISHES. MECHANICAL WORK FOR NEW EXHAUST HOOD IN EXISTING COMMERCIAL SPACE IN THE 1ST FLOOR AS PER PLAN.",100000,6818,FT HAMILTON PARKWAY,Brooklyn,11219,GC,KALE CONSTRUCTION INC,145-12 24 AVE,PR,,,Permit Issued
B01453386-I1-GC,B01453386-I1,Initial Permit,2026-09-10,2026-09-03,2027-02-02,General Construction,INTERIOR RENOVATION AT EATING AND DRINKING ESTABLISHMENT AS PER PLANS FILED HEREWITH. THERE IS NO CHANGE IN EGRESS AND OCCUPANCY.,101200,14,BUSHWICK AVENUE,Brooklyn,11211,GC,LION JOINT VENTURES LLC,597 EAST BOSTON POST ROAD,Thousand Sunny Inc.,,,Permit Issued
B01453604-I1-ST,B01453604-I1,Initial Permit,2026-09-10,2026-09-08,2027-01-02,Structural,REPAIR OF MASONRY WALLS AND COLUMNS. REMOVAL AND REPLACEMENT OF 1ST FLOOR CONCRETE SLAB,50000,363 GAR,5 STREET,Brooklyn,11215,GC,HARROW NY INC,50-20 38TH STREET,Sollevare Group,,,Permit Issued
B01454015-I1-SL,B01454015-I1,Initial Permit,2026-09-10,2026-09-08,2026-09-30,Solar,"INSTALLATION OF SOLAR PANELS, ROOFTOP, RAILED, GRID-TIED, 20 MODULES, 8.2K W",41000,295,PENNSYLVANIA AVENUE,Brooklyn,11207,PE,MOMENTUM SOLAR,3096 B HAMILTON BLVD,Not Applicable,,,Permit Issued
B01454202-I1-GC,B01454202-I1,Initial Permit,2026-09-10,2026-09-02,2026-11-10,General Construction,"Application filed herewith for interior renovations at cellar, first floor, and second floor with facade restoration of existing 2 family dwelling units in 2 story building.",68000,2102,61 STREET,Brooklyn,11204,GC,M. INT'L ENGINEERING PLLC,85-18 212TH STREET,Stonecrest,,,Permit Issued
B01454669-I1-SL,B01454669-I1,Initial Permit,2026-09-10,2026-09-03,2026-09-30,Solar,"Installation of solar panels, rootop, grid tied, railed, 20 modules, 8.2 KW",41000,10575,FLATLANDS 3 STREET,Brooklyn,11236,PE,MOMENTUM SOLAR,3096 B HAMILTON BLVD,Not Applicable,,,Permit Issued
B01454754-S1-MS,B01454754-S1,Initial Permit,2026-09-10,2026-09-04,2027-03-02,Mechanical Systems,"Mechanical work associated with renovations to existing three family building. No change in occupancy, use or egress.",18000,11,GOODWIN PLACE,Brooklyn,11221,GC,NTF MANAGEMENT INC,6241 FOREST AVE APT 3P,GREENBROOK PARTNERS,,,Permit Issued
B01455046-I1-SL,B01455046-I1,Initial Permit,2026-09-10,2026-09-03,2026-09-30,Solar,"Installation of solar panels, rooftop, grid tied, railed, 8 modules, 3.28 KW",16400,552,SCHROEDERS AVENUE,Brooklyn,11239,PE,MOMENTUM SOLAR,3096 B HAMILTON BLVD,Not Applicable,,,Permit Issued
B01455137-I1-PL,B01455137-I1,Initial Permit,2026-09-10,2026-09-08,2027-05-10,Plumbing,"RENOVATION OF EXISTING CELLAR AND 1ST FLOOR WITH PLUMBING WORK: REPLACE KITCHEN AND BATHROOM FIXTURES ON 1ST FLOOR; REPLACE 2-PC RESTROOM, WASHER,DRYER AND NEW BOILER AND HOT WATER HEATER ON CELLAR; NO CHANGE IN USE,EGRESS OR OCCUPANCY UNDE",50000,2202,BURNETT STREET,Brooklyn,11229,P,CATMAN PLUMBING INC,20-11 COLLEGE POINT BLVD,PR,,,Permit Issued
B01455368-I1-GC,B01455368-I1,Initial Permit,2026-09-10,2026-09-09,2026-10-18,General Construction,"RENOVATION OF EXISTING COMMERCIAL SPACE ON FIRST FLOOR WITH GENERAL CONSTRUCTION: INSTALL NEW PARTITIONS, FLOOR/WALL FINISHES. INSTALL NEW ADA RESTROOM AS PER PLAN. NO CHANGE IN USE, EGRESS OR OCCUPANCY UNDER THIS APPLICATION.",100000,2073,86 STREET,Brooklyn,11214,GC,KALE CONSTRUCTION INC,145-12 24 AVE,PR,,,Permit Issued
B01455626-I1-SH,B01455626-I1,Initial Permit,2026-09-10,2026-09-10,2026-12-09,Sidewalk Shed,"INSTALLATION OF TEMPORARY HEAVY DUTY SIDEWALK SHED AS PER PLANS. NO CHANGE IN USE, EGRESS OR OCCUPANCY. SIDEWALK SHED SHALL COMPLY WITH CHAPTER #33 OF 2022 THE NYC BUILDING CODE. LIVE LOAD 300PSF.",1000,105,UNDERHILL AVENUE,Brooklyn,11238,GC,ANDAMIO SCAFFOLDING LLC,20 BURLING LANE (BOX 4-1),PRO-H DEVELOPMENT INC,,,Permit Issued
B01455761-I1-GC,B01455761-I1,Initial Permit,2026-09-10,2026-09-08,2027-03-04,General Construction,"PROPOSE MINOR ALTERATION AT CELLAR AS PER PLAN. NO CHANGE IN USE, EGRESS OR BULK.",16300,152,AVENUE T,Brooklyn,11223,GC,MERCURY BUILDING ASSO INC,124-15 METROPOLITAN AVENUE,Innospark Design,,,Permit Issued
B01456244-I1-GC,B01456244-I1,Initial Permit,2026-09-10,2026-09-09,2026-10-18,General Construction,"RENOVATION OF EXISTING CELLAR, 1ST AND 2ND FLOOR WITH GENERALCONSTRUCTION: NEW PARTITIONS, DOORS, FLOORING AND COSMETIC WORK; REPLACECONCRETE STAIR AT REAR YARD. NO CHANGE IN USE, EGRESS OR OCCUPANCY UNDERTHIS APPLICATION.",150000,418,82 STREET,Brooklyn,11209,GC,KALE CONSTRUCTION INC,145-12 24 AVE,PR,,,Permit Issued
B01456248-I1-PL,B01456248-I1,Initial Permit,2026-09-10,2026-09-09,2027-05-10,Plumbing,"RENOVATION OF EXISTING CELLAR, 1ST AND 2ND FLOOR WITH PLUMBING WORK:RELOCATE KITCHEN AND BATHROOM FIXTURES; NEW YARD DRAIN AT REAR YARD. NEW 2-PC RESTROOM, WASHER, DRYER, BOILERS AND HOT WATER HEATERS IN CELLAR; NO CHANGE IN USE, EGRESS OR ",60000,418,82 STREET,Brooklyn,11209,P,CATMAN PLUMBING INC,20-11 COLLEGE POINT BLVD,PR,,,Permit Issued
B01456635-I1-FN,B01456635-I1,Initial Permit,2026-09-10,2026-09-10,2026-12-09,Construction Fence,"INSTALLATION OF 300 PSF SIDEWALK SHED, PIPE SCAFFOLD, SYSTEM SCAFFOLD AND CONSTRUCTION FENCE AS PER PLANS. ALL EQUIPMENT SHALL COMPLY WITH CHAPTER #33 OF THE 2022 CODE. NO CHANGE IN USE, EGRESS OR OCCUPANCY UNDER THIS APPLICATION.",50000,95,AMITY STREET,Brooklyn,11201,GC,MC SUPERSTRUCTURE INC,135-53 NORTHERN BLVD #2B,PR,,,Permit Issued
B01456635-I1-SF,B01456635-I1,Initial Permit,2026-09-10,2026-09-10,2026-12-09,Construction Fence,"INSTALLATION OF 300 PSF SIDEWALK SHED, PIPE SCAFFOLD, SYSTEM SCAFFOLD AND CONSTRUCTION FENCE AS PER PLANS. ALL EQUIPMENT SHALL COMPLY WITH CHAPTER #33 OF THE 2022 CODE. NO CHANGE IN USE, EGRESS OR OCCUPANCY UNDER THIS APPLICATION.",50000,95,AMITY STREET,Brooklyn,11201,GC,MC SUPERSTRUCTURE INC,135-53 NORTHERN BLVD #2B,PR,,,Permit Issued
B01456851-I1-PMM,B01456851-I1,Initial Permit,2026-09-10,2026-09-10,2026-11-16,Protection and Mechanical Methods,"INSTALLATION OF TEMPORARY ENGINEERED ENCLOSURE SYSTEM AS PER PLANS. NO CHANGE IN USE, EGRESS OR OCCUPANCY",1,877,GRAND STREET,Brooklyn,11211,GC,CORE SCAFFOLD SYSTEMS INC,417 MYRTLE AVE SUITE 14,OWNERS REP,,,Permit Issued
B01456893-I1-SH,B01456893-I1,Initial Permit,2026-09-10,2026-09-09,2026-11-16,Sidewalk Shed,"INSTALLATION OF TEMPORARY SIDEWALK SHED AS PER PLANS. NO CHANGE IN USE, EGRESS OR OCCUPANCY.",1,234,CLARKSON AVENUE,Brooklyn,11226,GC,CORE SCAFFOLD SYSTEMS INC,417 MYRTLE AVE SUITE 14,OWNERS REP,,,Permit Issued
B01457022-I1-SC,B01457022-I1,Initial Permit,2026-09-10,2026-09-09,2027-03-05,Suspended Scaffold,"SUSPENDED SCAFFOLD OUTRIGGER SYSTEM FOR EXTERIOR FACADE RESTORATION WORK AND FACADE INSPECTION AT 483 CARLTON AVENUE, BROOKLYN, NY 11238",0,483,CARLTON AVENUE,Brooklyn,11238,R,P&K CONTRACTING INC,"180-07 JAMAICA AVE, STE-BSMT",P & K CONTRACTING INC,,,Permit Issued
B01457488-I1-SF,B01457488-I1,Initial Permit,2026-09-10,2026-09-10,2026-10-06,Supported Scaffold,"INSTALLATION OF PIPE SCAFFOLDING AS PER PLANS. PIPE SCAFFOLDING SHALL COMPLY WITH CHAPTER #33 OF THE NYC BUILDING CODE 2022. NO CHANGE IN USE, OCCUPANCY, OR EGRESS UNDER THIS APPLICATION.",5000,656,LEONARD STREET,Brooklyn,11222,GC,ACE GROUP NY CORP,34 BARCLAY STREET,ACE GROUP NY CORP.,,,Permit Issued
B01457520-I1-SH,B01457520-I1,Initial Permit,2026-09-10,2026-09-10,2026-12-09,Sidewalk Shed,"INSTALLATION OF 300PSF SIDEWALK SHED AS PER PLANS. ALL EQUIPMENT SHALL COMPLY WITH CH #33 OF THE NYC CODE 2022. NO CHANGE IN USE, OCCUPANCY OR EGRESS UNDER THIS APPLICATION.",9000,314,LIVINGSTON STREET,Brooklyn,11217,GC,SAFETECH ENTERPRISES CORP,50 HENDRICKSON AVE,SAFETECH ENTERPRISES CORP,,,Permit Issued
B01457523-I1-BE,B01457523-I1,Initial Permit,2026-09-10,2026-09-09,2027-01-04,Boiler Equipment,"INSTALLATION OF BOILER , OIL BURNER AND OIL TANK ON MOBILE TRAILER # 20 .",100000,9221,DITMAS AVENUE,Brooklyn,11236,O,ENVIRONMENTAL PRO MECH,9221 DITMAS AVENUE,PR,,,Permit Issued
B08019702-I1-PL,B08019702-I1,Initial Permit,2026-09-10,2022-12-07,2027-05-01,Plumbing,"PLUMBING MODIFICATION ON CELLAR, 1ST & 2ND FLOOR (BASE BUILDING) AS PER PLANS FILED HEREWITH.",10000,300,CADMAN PLAZA WEST,Brooklyn,11201,P,PREFERRED MECHANICAL INC,"155 WEST 231ST STREET, FL 1",PR,,,Permit Issued
M00341158-I1-PL,M00341158-I1,Initial Permit,2026-09-10,2026-03-18,2027-01-12,Plumbing,REMOVE AND REPLACE ALL GAS PIPING THROUGHOUT BUILDING INCLUDING RISER AND METERS. EXISTING GAS SERVICE TO REMAIN.,799249,219,EAST 97 STREET,Manhattan,10029,P,D.D.S. MECH PBG&HTG CORP,"150-42 12 AVENUE, 2ND FL",NYCHA,,,Permit Issued
M00346057-I1-PL,M00346057-I1,Initial Permit,2026-09-10,2021-10-29,2027-01-12,Plumbing,"REMOVE AND REPLACE ALL GAS PIPING THROUGHOUT BUILDING INCLUDING RISERS, METERS & GAS SERVICE. COMPLETE REPLACEMENT OF GAS SERVICE FROM STREET MAIN UP TO AND INCLUDING HOUSE SERVICE VALVE.",795550,230,EAST 102 STREET,Manhattan,10029,P,D.D.S. MECH PBG&HTG CORP,"150-42 12 AVENUE, 2ND FL",NYCHA,,,Permit Issued
M00777494-I1-ST,M00777494-I1,Initial Permit,2026-09-10,2022-10-13,2027-04-22,Structural,"Application filed for repair to sidewalk window wells as per drawings filed herewith. no change to use, egress or occupancy as a part of this application.",32792,585,WEST END AVENUE,Manhattan,10024,GC,NEW PACE CONTRACTING CORP,1067 ASTOR.AVE,PR,,,Permit Issued
M00897703-S1-ST,M00897703-S1,Initial Permit,2026-09-10,2026-06-23,2026-12-13,Structural,"Chimney Steel Repair & Replacement. No change to Use, Ooccupancy or Egress.",29490,304,EAST 41 STREET,Manhattan,10017,GC,CANIDO BASONAS CONST SVC,314 48TH STREET,R.E.M. RESIDENTIAL,,,Permit Issued
M00940750-S4-PL,M00940750-S4,Initial Permit,2026-09-10,2025-04-14,2027-05-01,Plumbing,Install new drinking fountain a regular height next to existing ADA drinking fountain at gymnasium.,5400,500,WEST 138 STREET,Manhattan,10031,P,VARSITY PLBG AND HTG INC,31-99 123RD STREET,NYCSCA,,,Permit Issued
M01033437-S6-EW-SP,M01033437-S6,Initial Permit,2026-09-10,2026-05-15,2027-01-01,Sprinklers,"INSTALLATION OF A NEW SPRINKLER SYSTEM THROUGHOUT THE BUILDING AND PROVISION OF THE SPRINKLER COVERAGE TO THE EXISTING LAYOUT. NO CHANGE TO USE, EGRESS OR OCCUPANCY.",1199700,95,WEST 119 STREET,Manhattan,10026,F,STANDARD FIRE PROTECT LLC,"425 GRAND STREET, SUITE 1",NEW YORK CITY HOUSING AUTHORITY,,,Permit Issued
M01081107-S2-FO,M01081107-S2,Initial Permit,2026-09-10,2024-08-05,2026-10-28,Foundation,FOUNDAIOTN WORK FOR THE RENOVATION OF SIDEWALK VAULTS AS PER PLANS.,250000,509,MADISON AVENUE,Manhattan,10022,GC,MJM CONSTR ASSOCIATES LLC,125 BEACH 128TH STREET,509 MADISON AVENUE ASSOCIATES,,,Permit Issued
M01140703-S1-SF,M01140703-S1,Initial Permit,2026-09-10,2026-09-10,2027-02-16,Supported Scaffold,"PROPOSED INSTALLATION OF SUPPORTED SCAFFOLD AS PER PLANS. SCAFFOLD SHALL COMPLY WITH CHAPTER #33 OF THE NYC BUILDING CODE. NO CHANGE IN USE, OCCUPANCY, OR EGRESS UNDER THIS APPLICATION",5000,424,EAST 77 STREET,Manhattan,10075,GC,TRIBECA CONSTRUCTION GROU,137-38 78 STREET,TRIBECA CONSTRUCTION GROUP INC,,,Permit Issued
M01165028-S3-EW-SP,M01165028-S3,Initial Permit,2026-09-10,2026-08-20,2026-11-06,Sprinklers,Filing subsequent sprinkler application for the removal and installation of sprinkler heads in existing system in apartment 3E,121500,84,MERCER STREET,Manhattan,10012,F,VIP FIRE SPRINKLER INC,700 COLUMBIA STREET BLDG 301A,145 EAST 15TH STREET TENANTS CORP.,,,Permit Issued
M01168805-S5-SF,M01168805-S5,Initial Permit,2026-09-10,2026-08-31,2027-03-24,Supported Scaffold,"INSTALLATION AND USE OF TEMPORARY SUPPORTED SCAFFOLD AS PER PLANS FILED HEREWITH. NO CHANGE TO USE, EGRESS, OR OCCUPANCY UNDER THIS APPLICATION.",50000,347,5 AVENUE,Manhattan,10016,GC,AVARGA CONSTRUCTION CORP,"505 8TH AVE.,13TH FL STE12A04",Avarga Construction Corp.,,,Permit Issued
M01197450-S1-MS,M01197450-S1,Initial Permit,2026-09-10,2026-06-04,2027-07-01,Mechanical Systems,Installation of a new HVAC system as per plans.,27449270,740,3 AVENUE,Manhattan,10017,GC,NEW LINE STRUCTURES & DEV,"512 7TH AVENUE, 6TH FLOOR",SL Green Realty Corp,,,Permit Issued
M01223386-I1-GC,M01223386-I1,Initial Permit,2026-09-10,2025-07-14,2026-12-01,General Construction,General Construction Work as shown on plans filed herewith.,240000,3000,BROADWAY,Manhattan,10027,GC,SPK/LEWIS CONSTRUCTION LL,"35 WEST 36TH STREET, 5E",COLUMBIA UNIVERSITY,,,Permit Issued
M01253563-I1-ST,M01253563-I1,Initial Permit,2026-09-10,2025-08-22,2026-12-31,Structural,"Filing for parking garage rehabilitation as per plans filed herewith. No change in use, occupancy or egress.",1903480,225,CENTRAL PARK WEST,Manhattan,10024,GC,"C.A.C. INDUSTRIES, INC",54-08 VERNON BLVD,"AKAM ASSOCIATES, INC.",,,Permit Issued
M01274698-S2-EW-SP,M01274698-S2,Initial Permit,2026-09-10,2026-08-27,2026-11-25,Plumbing,Modification to existing plumbing and sprinkler system at existing tenant space,54000,1,PARK AVENUE,Manhattan,10016,F,FULTON PLBG & HTG CORP,"38-01 23RD AVENUE, SUITE 312",VORNADO REALTY TRUST,,,Permit Issued
M01291838-I1-GC,M01291838-I1,Initial Permit,2026-09-10,2026-06-24,2027-02-28,General Construction,"Facade Repair Project as per plans. No change to use, egress, or occupancy.",4068022.5,330,EAST 38 STREET,Manhattan,10016,GC,SKYLINE RESTORATION INC,49-28 31ST PLACE,PARK TERRACE GARDENS INC.,,,Permit Issued
M01293886-S1-MS,M01293886-S1,Initial Permit,2026-09-10,2026-08-21,2026-12-31,Mechanical Systems,"Mechanical modifications on Floors 03 through 06. No change in use, egress, or occupancy in this application.",3375000,375,MADISON AVENUE,Manhattan,10017,GC,"STRUCTURE TONE, LLC",330 WEST 34TH STREET,"JPMorgan Chase Bank, N.A.",,,Permit Issued
M01293952-S2-PL,M01293952-S2,Initial Permit,2026-09-10,2026-08-14,2026-10-31,Plumbing,"Filing herewith plumbing installations/modifications on floors 30 through 33. No change in use, egress, or occupancy in this application.",524958.45,375,MADISON AVENUE,Manhattan,10017,P,"PAR PLUMBING CO., INC",101 PARK AVENUE LOWER LOBBY,"JPMorgan Chase Bank, N.A.",,,Permit Issued
M01293987-S2-PL,M01293987-S2,Initial Permit,2026-09-10,2026-05-01,2026-10-31,Plumbing,Plumbing work Floors 34-38.,389493.14,375,MADISON AVENUE,Manhattan,10017,P,"PAR PLUMBING CO., INC",101 PARK AVENUE LOWER LOBBY,"JPMorgan Chase Bank, N.A.",,,Permit Issued
M01303500-S3-EW-SP,M01303500-S3,Initial Permit,2026-09-10,2026-03-04,2026-11-17,Sprinklers,Sprinkler work file in conjunction with apartment combination and renovation .,25000,470,BROOME STREET,Manhattan,10013,F,WNW & SONS PLUMBING & HTG,589 EAST 56TH STREET,,,,Permit Issued
M01305445-S1-PL,M01305445-S1,Initial Permit,2026-09-10,2026-07-23,2027-05-01,Plumbing,"NEW HIGH PRESSURE GAS SERVICE, METER & REDUCING STATION, NEW LOW PRESSURE GAS LINE, NEW GAS TRAIN. NEW GAS FIRED HOT WATER HEATER. NO CHANGE IN MEANS OF EGRESS USE GROUP OR OCCUPANCY.",150000,210,EAST 73 STREET,Manhattan,10021,P,EAST COAST MECHNACIAL LLC,340 JACKSON AVENUE,PR,,,Permit Issued
M01305445-S2-BE,M01305445-S2,Initial Permit,2026-09-10,2026-07-22,2027-05-01,Boiler Equipment,RETROFIT (1) EXISTING COMBINATION GAS/OIL BURNER ON (1) EXISTING LOW PRESSURE BOILER. NEW GAS CAN/HEAD. NO CHANGE IN MEANS OF EGRESS USE GROUP OR OCCUPANCY.,150000,210,EAST 73 STREET,Manhattan,10021,O,EAST COAST PETROLEUM INC,340 JACKSON AVENUE,PR,,,Permit Issued
M01306723-I1-SC,M01306723-I1,Initial Permit,2026-09-10,2026-09-08,2027-03-01,Suspended Scaffold,INSTALLATION OF OUTRIGGERS FOR FACADE REPAIR AND INSPECTION.,0,465,PARK AVENUE,Manhattan,10022,R,CERCONE EXTERIOR REST COR,18-63 43RD STREET,THE RITZ TOWER,,,Permit Issued
M01309972-I1-EW-SD,M01309972-I1,Initial Permit,2026-09-10,2025-11-05,2027-01-01,Standpipe,"RELOCATION OF EXISTING SIAMESE FIRE DEPARTMENT CONNECTION. NO CHANGE OF USE, EGRESS, OROCCUPANCY.",20000,18,1 PLACE,Manhattan,10280,F,I.M.P. PLUMBING & HEATING CORP.,412 8th Avenue,BATTERY PARK CITY AUTHORITY,,,Permit Issued
M01309972-I1-EW-SP,M01309972-I1,Initial Permit,2026-09-10,2025-11-05,2027-01-01,Sprinklers,"RELOCATION OF EXISTING SIAMESE FIRE DEPARTMENT CONNECTION. NO CHANGE OF USE, EGRESS, OROCCUPANCY.",20000,18,1 PLACE,Manhattan,10280,F,I.M.P. PLUMBING & HEATING CORP.,412 8th Avenue,BATTERY PARK CITY AUTHORITY,,,Permit Issued
M01310296-S3-PMM,M01310296-S3,Initial Permit,2026-09-10,2026-09-08,2026-10-18,Protection and Mechanical Methods,"mechanical means to assist with demolition on grade, and chute will be used to lower debris from floor to floor",20000,200,WEST 97 STREET,Manhattan,10025,GC,STATE CONTRACTING CORP NY,555 SAW MILL RIVER ROAD,Not Applicable,,,Permit Issued
M01310305-S3-PMM,M01310305-S3,Initial Permit,2026-09-10,2026-09-08,2026-10-18,Protection and Mechanical Methods,"Mechanical means to assist with demolition, and chute will be used to lower debris from floor to floor.",20000,204,WEST 97 STREET,Manhattan,10025,GC,STATE CONTRACTING CORP NY,555 SAW MILL RIVER ROAD,Not Applicable,,,Permit Issued
M01310336-S2-PMM,M01310336-S2,Initial Permit,2026-09-10,2026-09-08,2026-10-18,Protection and Mechanical Methods,"Mechanical means to assist with demolition, and chute will be used to lower debris from floor to floor.",20000,214,WEST 97 STREET,Manhattan,10025,GC,STATE CONTRACTING CORP NY,555 SAW MILL RIVER ROAD,Not Applicable,,,Permit Issued
M01318809-S1-ST,M01318809-S1,Initial Permit,2026-09-10,2026-01-26,2026-10-31,Structural,SSCP South Side Chiller Plant. Structural work as per plans filed herewith.,9663007,1000,5 AVENUE,Manhattan,10028,GC,TURNER CONSTRUCTION COMPA,66 HUDSON BLVD E,THE METROPOLITAN MUSEUM OF ART,,,Permit Issued
M01318809-S2-MS,M01318809-S2,Initial Permit,2026-09-10,2026-01-26,2026-10-31,Mechanical Systems,SSCP. South Side Chiller Plant. DEMO AND REPLACE EXIST. COOLING TOWER ON P-WING ROOF. DECOMISSIONING OF EXIST. SATELITE CHILLER PLANTS IN K-WING AND U-WING. ADDITION OF 2 NEW CHILLERS IN THE T-WING FOOTPRINT. CENTRALIZATION OF THE CHILLED W,26172097,1000,5 AVENUE,Manhattan,10028,GC,TURNER CONSTRUCTION COMPA,66 HUDSON BLVD E,THE METROPOLITAN MUSEUM OF ART,,,Permit Issued
M01331605-I1-GC,M01331605-I1,Initial Permit,2026-09-10,2026-03-03,2026-09-30,General Construction,"INTERIOR RENOVATION OF AN EXISTING DUPLEX APARTMENT, INCLUDING PARTITION CHANGES. NO CHANGE OF USE, EGRESS OR OCCUPANCY UNDER THIS APPLICATION,",1400800,101,CENTRAL PARK WEST,Manhattan,10023,GC,"RUSK RENOVATIONS, INC","39 WEST 37TH STREET, 15TH FL",,,,Permit Issued
M01331605-S1-PL,M01331605-S1,Initial Permit,2026-09-10,2026-03-03,2027-04-19,Plumbing,"PLUMBING WORK AS PER PLANS. NO CHANGE OF USE, EGRESS OR OCCUPANCY UNDER THIS APPLICATION.",95000,101,CENTRAL PARK WEST,Manhattan,10023,P,"DONATO PLUMBING, INC","590 5TH AVENUE, SUITE 1402",,,,Permit Issued
M01331605-S2-MS,M01331605-S2,Initial Permit,2026-09-10,2026-03-03,2026-09-30,Mechanical Systems,"MECHANICAL WORK AS PER PLANS. NO CHANGE OF USE, EGRESS OR OCCUPANCY UNDER THIS APPLICATION.",101500,101,CENTRAL PARK WEST,Manhattan,10023,GC,"RUSK RENOVATIONS, INC","39 WEST 37TH STREET, 15TH FL",,,,Permit Issued
M01332506-S3-EW-SP,M01332506-S3,Initial Permit,2026-09-10,2026-09-01,2026-12-05,Sprinklers,REPLACEMENT OF EXISTING SPRINKLER SYSTEM WITH NEW AS PER PLAN IN CELLAR AND 1ST FLOOR.,15000,112,EAST 4 STREET,Manhattan,10003,F,PREMIER FLOW PLBG AND HTG,40-11 36TH AVENUE,Not Applicable,,,Permit Issued
M01336167-I1-GC,M01336167-I1,Initial Permit,2026-09-10,2026-05-25,2026-09-22,General Construction,"INTERIOR ARCHITECTURAL OFFICE RENOVATION ON 4TH AND 5TH FLOORS AS PER PLANS FILED HEREWITH. NO CHANGE TO USE, EGRESS, OR OCCUPANCY.",1000000,545,MADISON AVENUE,Manhattan,10022,GC,AFA CONSTRUCTION LLC,356 CENTRAL AVE,PR,,,Permit Issued
M01336167-S1-MS,M01336167-S1,Initial Permit,2026-09-10,2026-07-14,2026-09-22,Mechanical Systems,"MECHANICAL EQUIPMENT INSTALLATION AND MODIFICATION AS PER PANS FILED HEREWITH. NO CHANGE TO USE, EGRESS, OR OCCUPANCY.",145000,545,MADISON AVENUE,Manhattan,10022,GC,AFA CONSTRUCTION LLC,356 CENTRAL AVE,PR,,,Permit Issued
M01339939-S2-EW-SD,M01339939-S2,Initial Permit,2026-09-10,2026-02-26,2026-11-14,Standpipe,Standpipe system removal/cap in conjunction with demolition,5000,108,WEST 145 STREET,Manhattan,10039,F,PRIME PIPING & HEATING IN,152-32 ROCKAWAY BLVD,PR,,,Permit Issued
M01350376-S3-ST,M01350376-S3,Initial Permit,2026-09-10,2026-09-03,2027-01-01,Structural,Structural work file in conjunction with building renovation as per plans filed herewith.,750000,9,WEST 54 STREET,Manhattan,10019,GC,NICHOLSON CONSTR SOL COR,64-68 82ND STREET,William R. Berkley Foundation,,,Permit Issued
M01358367-I1-EW-SP,M01358367-I1,Initial Permit,2026-09-10,2026-06-11,2027-05-01,Sprinklers,"Removal and installation of perimeter sprinkler heads on Floors 3 -24 (BNY), as per plans. No change to use, egress, or occupancy.",1498928.4,97,BARCLAY STREET,Manhattan,10007,F,PREFERRED SPKLR AND MECH,155 WEST 231ST STREET,The Bank of New York,,,Permit Issued
M01358781-S2-PL,M01358781-S2,Initial Permit,2026-09-10,2026-03-17,2026-09-30,Plumbing,"Hereby filing to remove and install plumbing fixtures with related piping for office fit out as shown on plans filed herewith. No change to use, occupancy or egress.",807443,66,HUDSON BOULEVARD,Manhattan,10001,P,MAC FELDER INC,610 11TH AVENUE,Tishman Speyer,,,Permit Issued
M01360844-I1-EW-SP,M01360844-I1,Initial Permit,2026-09-10,2026-04-03,2027-04-12,Sprinklers,"SPRINKLER MODIFICATIONS TAKING PLACE ON CELLAR & 1ST FL AS PER PLANS FILED HEREWITH. NO CHANGE IN USE, EGRESS, OR OCCUPANCY.",78481,1372,BROADWAY,Manhattan,10018,F,AGGRESSIVE FIRE PROT LLC,120 BROADWAY,ROSS DRESS FOR LESS,,,Permit Issued
M01361147-S1-PL,M01361147-S1,Initial Permit,2026-09-10,2026-03-24,2027-01-25,Plumbing,plumbing work in conjunction with apartments 16fg and 16j combination at 16th floor,16000,230,RIVERSIDE DRIVE,Manhattan,10025,P,SUPERB PLUMBING & HEATING,"147 WEST 35TH STREET, SUITE 211",,,,Permit Issued
M01361149-S2-PL,M01361149-S2,Initial Permit,2026-09-10,2026-03-16,2026-09-30,Plumbing,"Hereby filing to remove plumbing fixtures with related piping as shown on plans filed herewith. No change to use, occupancy or egress.",18249.88,66,HUDSON BOULEVARD,Manhattan,10001,P,MAC FELDER INC,610 11TH AVENUE,Tishman Speyer,,,Permit Issued
M01363021-I1-FD,M01363021-I1,Initial Permit,2026-09-10,2026-08-12,2026-12-28,Full Demolition,full demolition of two story structure using hand held and mechanical means to assist with first floor removal.,1000000,1131,LEXINGTON AVENUE,Manhattan,10075,GC,VOLK INDUSTRIAL SERVICES,599 N. MAPLE AVE,Not Applicable,,,Permit Issued
M01364910-I1-GC,M01364910-I1,Initial Permit,2026-09-10,2026-09-08,2027-05-01,General Construction,FIT-OUT TO EXISTING SHELL SPACE FOR A NEW IMAGING CENTER.,875013.8,92,FULTON STREET,Manhattan,10038,GC,SAWH VOLTCOMM CONSTRUCTI*,156-15 146 AVENUE,130 William Street Associates LLC,,,Permit Issued
M01366148-I1-GC,M01366148-I1,Initial Permit,2026-09-10,2026-06-30,2027-05-14,General Construction,"Install 3 telescoping partial-height sliding glass panels w/ floor track, metal post & header in existing living room alcove. Panels do not create separate room: permanent opening above, shared HVAC/light/ventilation. No structural modifica",7822.43,601,WEST 57 STREET,Manhattan,10019,GC,PRIMEBUILD SOLUTIONS LLC,1930 HERING AVE,THE DURST ORGANIZATION,,,Permit Issued
M01366540-I1-GC-CX,M01366540-I1,Initial Permit,2026-09-10,2026-07-29,2027-01-01,Mechanical Systems,INTERIOR RENOVATION AS INDICATED ON DRAWINGS.,41000,253,BROADWAY,Manhattan,10007,GC,LXC CONSTRUCTION INC,45-32 218TH STREET,MALACHITE GROUP LTD,,,Permit Issued
M01366863-S2-PL,M01366863-S2,Initial Permit,2026-09-10,2026-03-24,2026-09-30,Plumbing,"Hereby filing to install plumbing fixtures with related piping for office fit out as shown on plans filed herewith. No change to use, occupancy or egress.",311381,66,HUDSON BOULEVARD,Manhattan,10001,P,MAC FELDER INC,610 11TH AVENUE,Tishman Speyer,,,Permit Issued
M01368246-S5-PMM,M01368246-S5,Initial Permit,2026-09-10,2026-09-10,2027-03-01,Protection and Mechanical Methods,"INSTALLATION OF TEMPORARY OVERHEAD PROTECTION AS PER PLAN. THERE IS NO CHANGE IN USE, EGRESS, OR OCCUPANCY.",1000,11,EAST 26 STREET,Manhattan,10010,GC,SPRING SCAFFOLDING LLC,49-30 31ST PLACE,Rockrose Development Corp,,,Permit Issued
M01368246-S6-PMM,M01368246-S6,Initial Permit,2026-09-10,2026-09-10,2027-03-01,Protection and Mechanical Methods,"INSTALLATION OF TEMPORARY ROOF PROTECTION AS PER PLAN. THERE IS NO CHANGE IN USE, EGRESS, OR OCCUPANCY.",1000,11,EAST 26 STREET,Manhattan,10010,GC,SPRING SCAFFOLDING LLC,49-30 31ST PLACE,Rockrose Development Corp,,,Permit Issued
M01370928-I1-PL,M01370928-I1,Initial Permit,2026-09-10,2026-08-14,2026-10-31,Plumbing,"FILING HEREWITH PLUMBING PLANS. WORK TO INCLUDE PLUMBING WORK AS SHOWN ON PLANS. THERE WILL BE NO CHANGE OF USE, OCCUANCY OR EGRESS UNDER THIS APPLICATION.",36881.25,368,9 AVENUE,Manhattan,10001,P,"PAR PLUMBING CO., INC",101 PARK AVENUE LOWER LOBBY,Cushman & Wakefield,,,Permit Issued
M01375346-S3-MS,M01375346-S3,Initial Permit,2026-09-10,2026-07-06,2026-10-22,Mechanical Systems,FILED HEREWITH FOR MECHANICAL WORK AS PER PLANS,30000,180,WATER STREET,Manhattan,10038,GC,"DK CONSTRUCTION ONE, CORP",41-20 39TH STREET,"20 W 33RD ST. PROPERTY OWNER, LLC",,,Permit Issued
M01375919-S1-MS,M01375919-S1,Initial Permit,2026-09-10,2026-09-02,2026-12-15,Mechanical Systems,Filing herewith for the installation of mechanical/hvac for amenities floors.,4150000,522,5 AVENUE,Manhattan,10036,GC,"L&K PARTNERS, INC","104 EAST 25TH STREET, 9TH FL",Seneca Group,,,Permit Issued
M01375960-I1-GC,M01375960-I1,Initial Permit,2026-09-10,2026-08-27,2026-12-15,General Construction,"Filing herewith for the installation of interior partitions and related finishes for offices and accessory support rooms/spaces/areas as per plans. No change in use, occupancy, or egress proposed under this application.",13100000,522,5 AVENUE,Manhattan,10036,GC,"L&K PARTNERS, INC","104 EAST 25TH STREET, 9TH FL",Seneca Group,,,Permit Issued
M01375974-I1-GC,M01375974-I1,Initial Permit,2026-09-10,2026-08-31,2026-12-15,General Construction,"Filing herewith for the installation of interior partitions and related finishes for offices and accessory support rooms/spaces/areas as per plans. No change in use, occupancy, or egress proposed under this application.",14650000,522,5 AVENUE,Manhattan,10036,GC,"L&K PARTNERS, INC","104 EAST 25TH STREET, 9TH FL",Seneca Group,,,Permit Issued
M01376169-I1-GC,M01376169-I1,Initial Permit,2026-09-10,2026-03-26,2026-09-23,General Construction,"FILING FOR FACADE REPAIR WORK FOR FLOORS 001-020 AS PER PLANS FILED HEREWITH. NO CHANGE IN EGRESS, USE OR OCCUPANCY.",70000,501,EAST 74 STREET,Manhattan,10021,GC,PHARAOHS RESTORATION,701 WEST 177 APT 35,FETNER PROPERTIES,,,Permit Issued
M01377543-S1-FN,M01377543-S1,Initial Permit,2026-09-10,2026-09-10,2027-03-31,Construction Fence,"CONSTRUCTION FENCE AS PER DRAWINGS. CONSTRUCTION FENCE SHALL COMPLY WITH CH #33 OF THE NYC BC. NO CHANGE IN USE, OCCUPANCY OR EGRESS UNDER THIS APPLICATION.",7000,300,EAST 42 STREET,Manhattan,10017,GC,ROCKLEDGE SCAFFOLD CORP,808 NEPPERHAN AVENUE,PR,,,Permit Issued
M01379346-S1-PL,M01379346-S1,Initial Permit,2026-09-10,2026-08-13,2026-09-19,Sprinklers,PLUMBING AND SPRINKLER WORK SUBSEQUENT TO ALT CO APPLICATION #M01379346-I1,258694.2,34,WEST 139 STREET,Manhattan,10037,P,PIPE SOLUTIONS ADVIS INC,"1068 39TH STREET,",Bronx Gardens Rehabilitation LLC,,,Permit Issued
M01380813-S3-EW-SP,M01380813-S3,Initial Permit,2026-09-10,2026-07-29,2026-11-29,Sprinklers,"Sprinkler modifications taking place on the 2nd floor as per plans filed herewith. No change in use, egress or occupancy",41000,5,BRYANT PARK,Manhattan,10018,F,FIVE BORO ASSOCIATES INC,26 WEST 17TH ST SUITE 803,5 BRYANT PARK PROPERTY INVESTORS IV,,,Permit Issued
M01380858-I1-MS,M01380858-I1,Initial Permit,2026-09-10,2026-05-19,2027-01-18,Mechanical Systems,"Propose to perform mechanical work. No change in use, egress or occupancy.",525000,270,MADISON AVENUE,Manhattan,10016,GC,PALONE BROTHERS AIR,100-24 AVENUE D,PR,,,Permit Issued
M01382263-I1-GC,M01382263-I1,Initial Permit,2026-09-10,2026-05-22,2026-10-23,General Construction,"Limited exterior Repairs, north, south, east and west facades",43775,9,WEST 20 STREET,Manhattan,10011,GC,POFI CONSTRUCTION CORP,1735 WEST FARMS ROAD,9 WEST 20TH CONDOMINIUM,,,Permit Issued
M01383385-I1-GC,M01383385-I1,Initial Permit,2026-09-10,2026-04-24,2026-12-31,General Construction,"General construction to floor 10 as per plans field herewith. No change in use, egress, or occupancy.",75001.08,501,7 AVENUE,Manhattan,10018,GC,FOLOR INC,"307 WEST 38TH STREET, #1405",empire state realty trust,,,Permit Issued
M01384831-I1-SC,M01384831-I1,Initial Permit,2026-09-10,2026-09-10,2026-10-18,Suspended Scaffold,SUSPENDED SCAFFOLDING AND MATERIAL HOISTING FOR FACADE RESTORATION AS SHOWN ON PLANS,0,537,EAST 71 STREET,Manhattan,10021,R,CUSTOM METALCRAFTERS INC,535 8TH AVE STE. 2001,HOSPITAL FOR SPECIAL SURGERY,,,Permit Issued
M01387899-I1-GC,M01387899-I1,Initial Permit,2026-09-10,2026-06-02,2027-03-29,General Construction,"REMOVAL AND INSTALLATION OF INTERIOR NON-LOAD BEARING PARTITIONS, DOORS AND ASSOCIATED FINISHES. NO CHANGE IN USE, OCCUPANCY OR EGRESS.",40000,200,EAST 28 STREET,Manhattan,10016,GC,C DREKOVIC INC,25 JONES STREET APT 4B,BUCHBINDER & WARREN LLC,,,Permit Issued
M01392159-I1-MS,M01392159-I1,Initial Permit,2026-09-10,2026-08-18,2027-01-01,Mechanical Systems,installation of a 2 ton HVAC split system,15000,400,BROADWAY,Manhattan,10013,GC,RIGHT TEMP MECHANICAL INC,39-02 29TH STREET,PR,,,Permit Issued
M01392599-S4-ST,M01392599-S4,Initial Permit,2026-09-10,2026-09-02,2026-12-31,Structural,MADEWELL (SPACE#202/3rd Construction/2nd floor marketing) - STRUCTURAL MODIFICATIONS IN CONJUNCTION WITH RETAIL RENOVATION AS PER PLANS FILED.,348000,10,COLUMBUS CIRCLE,Manhattan,10019,GC,"A. BONADUCE, INC",1060 HIGHWAY 36,THE SHOPS AT COLUMBUS CIRCLE,,,Permit Issued
M01394014-I1-GC-CX,M01394014-I1,Initial Permit,2026-09-10,2026-08-08,2027-05-27,Structural,"INTERIOR RENOVATION OF APARTMENT 7. PARTITION CHANGES AS PER PLANS. NEW ENLARGED WINDOW AND LINTEL. NO CHANGE IN USE, OCCUPANCY OR EGRESS.",47600,529,WEST 48 STREET,Manhattan,10036,GC,SCS UNION REALTY CO LLC,"143 EAST 30TH ST., SUITE#B-1",PR,,,Permit Issued
M01394014-S1-PL,M01394014-S1,Initial Permit,2026-09-10,2026-08-31,2026-12-12,Plumbing,"PLUMBING WORK IN APT 7 AS PER PLANS. NO CHANGE IN USE,OCCUPANCY OR EGRESS.",8900,529,WEST 48 STREET,Manhattan,10036,P,5 BORO'S PLUMBING INC,101-21 ROCKAWAY BLVD,PR,,,Permit Issued
M01394581-S3-MS,M01394581-S3,Initial Permit,2026-09-10,2026-09-08,2027-05-25,Mechanical Systems,"Filing for mechanical work at the 1st floor. No change to use, egress, or occupancy.",39984,416,WEST 13 STREET,Manhattan,10014,GC,DESIMONE BUILDERS LLC,10 TIMES SQUARE 20TH FLOOR,GREENWAY MEWS REALTY LLC,,,Permit Issued
M01396911-I1-GC,M01396911-I1,Initial Permit,2026-09-10,2026-08-04,2026-10-22,General Construction,"Interior partition and finish removal, new restroom finishes as per plans.",479500,1177,AVENUE OF THE AMERICAS,Manhattan,10036,GC,"DK CONSTRUCTION ONE, CORP",41-20 39TH STREET,CUSHMAN & WAKEFIELD,,,Permit Issued
M01397720-I1-FN,M01397720-I1,Initial Permit,2026-09-10,2026-05-12,2027-04-01,Construction Fence,Application is filed for the erection of a temporary construction fence for the change to the exterior finish.,5000,83,WEST 125 STREET,Manhattan,10027,GC,PIECE MANAGEMENT INC,117 SOUTH SECOND ST,FATA ORGANIZATION,,,Permit Issued
M01398716-S3-EW-SP,M01398716-S3,Initial Permit,2026-09-10,2026-07-30,2026-10-04,Sprinklers,"MODIFICATIONS TO EXISTING 19TH AND 20TH FLOOR PLUMBING AND SPRINKLER SYSTEMS. NO CHANGE TO USE, OCCUPANCY OR EGRESS",150000,230,WEST 41 STREET,Manhattan,10036,F,GO PRO FIRE PROTECTION C,20-35 STEINWAY STREET,Non Profit,,,Permit Issued
M01399150-I1-SG,M01399150-I1,Initial Permit,2026-09-10,2026-06-16,2026-11-13,Sign,"Herewith filing for installation of 3 signs (Boulud) as indicated on plans. No change in use, occupancy or egress.",30000,1900,BROADWAY,Manhattan,10023,S,ACTIVE SIGNS INC,828 6TH AVENUE 2ND FLOOR,PR,,,Permit Issued
M01399288-S1-PL,M01399288-S1,Initial Permit,2026-09-10,2026-07-09,2026-11-10,Plumbing,"APARTMENT RENOVATION. REMOVE AND REPLACE NONLOAD BEARINGPARTITIONS. REMOVE AND REPLACE KITCHEN AND BATHROOMS. NEWFINISHES THROUGHOUT WITH NEW FLOORING. NO CHANGES TO USE,EXTERIOR, ENERGY, EGRESS OR OCCUPANCY. 1968 CODE.",0,311,GREENWICH STREET,Manhattan,10013,P,ADRIANO PLMBG & HTG CORP,"214-41 42ND AVENUE, STE. 4B",,,,Permit Issued
M01399331-I1-GC,M01399331-I1,Initial Permit,2026-09-10,2026-08-27,2027-05-04,General Construction,"REPAIR AND RESTORATION OF EXISTING EXTERIOR WOOD CORNICE, INCLUDING LOCALIZED IN-KIND REPLACEMENT, SURFACE PREPARATION, PRIMING AND PAINTING TO MATCH EXISTING CONDITIONS. NO CHANGE TO USE, OCCUPANCY, BULK OR EGRESS.",15000,30,JONES STREET,Manhattan,10014,GC,ARDSON CONSTRUCTION CORP,135-17 78TH AVENUE APT 12B,"Greenwich House Coop. Apts., Inc.",,,Permit Issued
M01405103-S2-PL,M01405103-S2,Initial Permit,2026-09-10,2026-09-04,2027-05-01,Plumbing,Plumbing work as shown on plans filed herewith.,1050000,200,LIBERTY STREET,Manhattan,10281,P,PREFERRED MECHANICAL INC,"155 WEST 231ST STREET, FL 1",Brookfield Properties,,,Permit Issued
M01405103-S3-EW-SD,M01405103-S3,Initial Permit,2026-09-10,2026-09-08,2027-05-01,Sprinklers,Sprinkler/Standpipe work as shown on plans filed herewith.,844500,200,LIBERTY STREET,Manhattan,10281,F,PREFERRED SPKLR AND MECH,155 WEST 231ST STREET,Brookfield Properties,,,Permit Issued
M01405114-S2-MS,M01405114-S2,Initial Permit,2026-09-10,2026-08-25,2026-09-30,Mechanical Systems,"New kitchen exhaust vent to existing stack. extend HVAC ductwork as needed. No change to use, egress, or occupancy.",40000,135,EAST 15 STREET,Manhattan,10003,GC,"RUSK RENOVATIONS, INC","39 WEST 37TH STREET, 15TH FL",Not Applicable,,,Permit Issued
M01405999-I1-GC,M01405999-I1,Initial Permit,2026-09-10,2026-06-16,2026-09-30,General Construction,"Interior renovation of existing office space as per plan submitted herewith. No change in use, egress or occupancy under this application.",540000,5,WEST 19 STREET,Manhattan,10011,GC,VISION BUILD RENOVATION I,240 MESEROLE STREET,142 FIFTH AVENUE OWNERS CORP.,,,Permit Issued
M01405999-S3-MS,M01405999-S3,Initial Permit,2026-09-10,2026-08-17,2026-09-30,Mechanical Systems,"Mechanical modification of existing office space as per plan. No change in use, egress, or occupancy under this application",46000,5,WEST 19 STREET,Manhattan,10011,GC,VISION BUILD RENOVATION I,240 MESEROLE STREET,142 FIFTH AVENUE OWNERS CORP.,,,Permit Issued
M01406120-S2-EW-SP,M01406120-S2,Initial Permit,2026-09-10,2026-08-25,2026-10-30,Sprinklers,3RD FL DEMO WHITE BOX - DEMOLITION OF SPRINKLER DISTRIBUTION AND INSTALLATION OF TCSP AS PER PLANS FILED HEREWITH.,82000,28,LIBERTY STREET,Manhattan,10005,F,RRP PLUMBING CORP,106-07 NORTHERN BOULEVARD,PR,,,Permit Issued
M01406120-S3-PL,M01406120-S3,Initial Permit,2026-09-10,2026-08-25,2026-10-30,Plumbing,3RD DEMO WHITE BOX--FIXTURES REMOVAL AND PLUMBING MODIFICATIONS.,250000,28,LIBERTY STREET,Manhattan,10005,P,RRP PLUMBING CORP,106-07 NORTHERN BOULEVARD,PR,,,Permit Issued
M01406714-S3-MS,M01406714-S3,Initial Permit,2026-09-10,2026-06-24,2026-09-30,Mechanical Systems,"FILING MECHANICAL MODIFICATIONS FOR BREAD AHEAD RESTAURANT AS PER PLANS. NO CHANGE TO USE, EGRESS OR OCCUPANCY.",100000,1571,2 AVENUE,Manhattan,10028,GC,DRILL CONSTRUCTION CO INC,80 MAIN ST,PR,,,Permit Issued
M01409819-S1-PL,M01409819-S1,Initial Permit,2026-09-10,2026-09-08,2026-10-31,Plumbing,Plumbing work as shown on plans filed herewith.,60485,200,LIBERTY STREET,Manhattan,10281,P,"PAR PLUMBING CO., INC",101 PARK AVENUE LOWER LOBBY,Brookfield Properties,,,Permit Issued
M01409843-S1-PL,M01409843-S1,Initial Permit,2026-09-10,2026-09-04,2027-05-01,Plumbing,Plumbing work as shown on plans filed herewith.,447000,200,LIBERTY STREET,Manhattan,10281,P,PREFERRED MECHANICAL INC,"155 WEST 231ST STREET, FL 1",Brookfield Properties,,,Permit Issued
M01409843-S2-EW-SD,M01409843-S2,Initial Permit,2026-09-10,2026-09-08,2027-05-01,Sprinklers,Sprinkler/Standpipe work as shown on plans filed herewith.,215112,200,LIBERTY STREET,Manhattan,10281,F,PREFERRED SPKLR AND MECH,155 WEST 231ST STREET,Brookfield Properties,,,Permit Issued
M01409843-S2-EW-SP,M01409843-S2,Initial Permit,2026-09-10,2026-09-08,2027-05-01,Standpipe,Sprinkler/Standpipe work as shown on plans filed herewith.,215112,200,LIBERTY STREET,Manhattan,10281,F,PREFERRED SPKLR AND MECH,155 WEST 231ST STREET,Brookfield Properties,,,Permit Issued
M01410013-S1-PL,M01410013-S1,Initial Permit,2026-09-10,2026-06-16,2026-10-25,Plumbing,HEREBY FILING PLUMBING WORK AT 36TH FLOOR UNIT 36A AS PER PLANS,0,60,WEST 66 STREET,Manhattan,10023,P,FERKO PLUMBING & HEATING,"13-30 131ST STREET,SUITE 2B",AS AGENT FOR OWNER,,,Permit Issued
M01413040-I1-EW-SP,M01413040-I1,Initial Permit,2026-09-10,2026-07-13,2027-02-09,Sprinklers,"Alterations to sprinkler and standpipe system in suite 2100 as per plans. No change to use, egress or occupancy.",49576.66,45,ROCKEFELLER PLAZA,Manhattan,10020,F,"PSI PARTNERS, LLC",140 ORCHARD ST. SUITE #01,TISHMAN SPEYER,,,Permit Issued
M01413820-I1-GC,M01413820-I1,Initial Permit,2026-09-10,2026-08-18,2026-12-16,General Construction,"Renovation of kitchen and two bathrooms, with minor partition work. No change of use, egress, or occupancy.",110000,595,MAIN STREET,Manhattan,10044,GC,SF CONSTRUCTION EXPERTS,115-06 PARK LANE S,WESTVIEW OWNERS CORP.,,,Permit Issued
M01413870-I1-GC,M01413870-I1,Initial Permit,2026-09-10,2026-08-07,2027-01-20,General Construction,"Apartment renovation including modification of interior non-load bearing partitions and lighting work. Related plumbing work filed under M01413870-S1. No change to occupancy, use or egress.",125000,150,WEST 56 STREET,Manhattan,10019,GC,AVID NYC CORP,20 CRESCENT ST,,,,Permit Issued
M01413960-S1-FN,M01413960-S1,Initial Permit,2026-09-10,2026-08-04,2026-10-31,Construction Fence,installation of temporary wood construction fence,20000,1535,2 AVENUE,Manhattan,10075,GC,LEGACY BUILDERS/DEVELOPER,519 8TH AVENUE -7TH FLOOR,ORSID REALTY CORP,,,Permit Issued
M01414115-I1-GC,M01414115-I1,Initial Permit,2026-09-10,2026-09-09,2027-07-01,General Construction,Construction work on the 13th floor (Edie Parker) as indicated on drawings.,209537.28,595,MADISON AVENUE,Manhattan,10022,GC,"JOHN GALLIN & SON, INC","102 MADISON AVENUE, 9TH FLOOR",VORNADO REALTY TRUST,,,Permit Issued
M01414158-I1-PL,M01414158-I1,Initial Permit,2026-09-10,2026-09-09,2027-02-19,Plumbing,Plumbing work on the 13th floor (Edie Parker) as indicated on drawings.,19000,595,MADISON AVENUE,Manhattan,10022,P,S.B.A. PLUMBING CORP,23-30 50TH AVENUE,VORNADO REALTY TRUST,,,Permit Issued
M01414181-I1-EW-SP,M01414181-I1,Initial Permit,2026-09-10,2026-09-09,2027-02-19,Sprinklers,Sprinkler work on the 13th floor (Edie Parker) as indicated on drawings.,14999.55,595,MADISON AVENUE,Manhattan,10022,F,S.B.A. PLUMBING CORP,23-30 50TH AVENUE,VORNADO REALTY TRUST,,,Permit Issued
M01414388-I1-PL,M01414388-I1,Initial Permit,2026-09-10,2026-06-29,2027-05-01,Plumbing,Plumbing modifications as filed here with.,7500,133,EAST 58 STREET,Manhattan,10022,P,BEDROCK PLUMBING & HEATING INC,101-14 JAMAICA AVENUE,"133 E. 58TH STREET, LLC",,,Permit Issued
M01414405-I1-EW-SP,M01414405-I1,Initial Permit,2026-09-10,2026-06-29,2027-02-03,Sprinklers,SPRINKLER MODIFICATIONS FILED HEREWITH.,12495,133,EAST 58 STREET,Manhattan,10022,F,BEDROCK MECHANICAL INC,101-14 JAMAICA AVENUE,"133 E. 58TH STREET, LLC",,,Permit Issued
M01414554-I1-GC,M01414554-I1,Initial Permit,2026-09-10,2026-08-31,2027-01-01,General Construction,"PROPOSED INTERIOR MODIFICATION FOR NEW OFFICE SPACE AT THE SECOND FLOOR. NO CHANGE IN USE, EGRESS, OR OCCUPANCY IS PROPOSED IN THIS APPLICATION.",49200,336,LEXINGTON AVENUE,Manhattan,10016,GC,YAD REALTY MANAGEMENT LLC,404 BROADWAY RM 302,DERMER MANAGEMENT,,,Permit Issued
M01415643-I1-GC,M01415643-I1,Initial Permit,2026-09-10,2026-08-31,2026-12-31,General Construction,SCOPE OF WORK CONSTISTS OFMODIFICATIONS TO AN EXISTING RENANT SUITE ON THE 15TH FLOOR (16TH TENANT) AS PER PLANS FILED HEREWITH. NO CHANGE IN USE OR OCCUPANCY UNDER THIS APPLICATION.,220000,430,EAST 29 STREET,Manhattan,10016,GC,"STRUCTURE TONE, LLC",330 WEST 34TH STREET,ALEXANDRIA REAL ESTATE EQUITIES,,,Permit Issued
M01415679-S1-PL,M01415679-S1,Initial Permit,2026-09-10,2026-07-13,2026-10-05,Plumbing,"Interior renovation of unit 14C on the 14th floor, including plumbing work. No change to use, egress, occupancy or bulk.",25000,201,EAST 25 STREET,Manhattan,10010,P,INNOVATIVE HEATING SOLUTI,40-18 BERRIAN BLVD,,,,Permit Issued
M01415739-S1-MS,M01415739-S1,Initial Permit,2026-09-10,2026-09-01,2026-12-31,Mechanical Systems,"Filing herewith for mechanical duct work as per plans submitted. No change in occupancy, use, or egress.",60000,430,EAST 29 STREET,Manhattan,10016,GC,"STRUCTURE TONE, LLC",330 WEST 34TH STREET,ALEXANDRIA REAL ESTATE EQUITIES,,,Permit Issued
M01416478-I1-PL,M01416478-I1,Initial Permit,2026-09-10,2026-08-06,2026-11-10,Sprinklers,"Removal and installation of plumbing fixtures and new sprinkler heads as per plans filed herewith. No change to use, egress, or occupancy.",249980,322,WEST 57 STREET,Manhattan,10019,P,A&A PLUMBING CORP,33-25 126TH PLACE,HEARST,,,Permit Issued
M01418927-I1-MS,M01418927-I1,Initial Permit,2026-09-10,2026-07-17,2026-12-01,Mechanical Systems,"REMOVAL OF AN EXISTING AIR HANDLING UNIT (AHU-124) AND PARTIAL DUCTWORK & PIPING . PROVIDE AN EXHAUST FLOW CONTROL BOX , A CONSTANT VOLUME BOX (CV), TWO (2) NEW UTILITY EXHAUST FAN AND ALL ASSOCIATED DUCTWORK DISTRIBUTION AND AIR TERMINALS ",280000,3000,BROADWAY,Manhattan,10027,GC,SPK/LEWIS CONSTRUCTION LL,"35 WEST 36TH STREET, 5E",COLUMBIA UNIVERSITY,,,Permit Issued
M01418954-I1-PL,M01418954-I1,Initial Permit,2026-09-10,2026-08-20,2026-11-30,Plumbing,Plumbing work as shown on the plans submitted herewith. No change to use egress or occupancy.,59046,3000,BROADWAY,Manhattan,10027,P,CARDOZA PLUMBING CORP,35-37 36TH STREET,COLUMBIA UNIVERSITY,,,Permit Issued
M01419067-S1-PL,M01419067-S1,Initial Permit,2026-09-10,2026-08-03,2026-11-13,Plumbing,HEREWITH TO PROPOSE PLUMBING WORK REMOVAL AND INSTALLATION OF NEW PLUMBING FIXTURES.,65000,652,BROADWAY,Manhattan,10012,P,LG ELITE PLUMBING INC,103-02 ROCKAWAY BLVD,Not Applicable,,,Permit Issued
M01419802-S6-PL,M01419802-S6,Initial Permit,2026-09-10,2026-07-17,2026-12-24,Plumbing,"Plumbing work for commercial space. No change of use, egress or occupancy.",30000,530,PARK AVENUE,Manhattan,10065,P,WILLIAM C. GERAKARIS P&H,46371 37TH AVENUE,Chromatic,,,Permit Issued
M01420562-I1-ST,M01420562-I1,Initial Permit,2026-09-10,2026-08-13,2026-10-12,Structural,"Filing herewith for temporary shoring of sidewalk vaults structure. No change to egress, use, or occupancy.",202400,215,WEST 57 STREET,Manhattan,10019,GC,"MALATESTA PALADINO, INC",139-19 109TH AVENUE,THE ART STUDENTS LEAGUE OF N.Y.,,,Permit Issued
M01420769-S2-PL,M01420769-S2,Initial Permit,2026-09-10,2026-08-24,2027-04-19,Plumbing,"Modification to existing powder room, bathroom and laundry room. No change to use , egress or occupancy.",33000,1,MORTON SQUARE,Manhattan,10014,P,"DONATO PLUMBING, INC","590 5TH AVENUE, SUITE 1402",Morton Square,,,Permit Issued
M01425082-S1-MS,M01425082-S1,Initial Permit,2026-09-10,2026-09-01,2027-04-20,Mechanical Systems,New Branches and ductwork throughout the space,974409,125,WEST 57 STREET,Manhattan,10019,GC,JRM CONSTRUCTION MGMT LLC,"111 WEST 33RD ST, 4TH FLR",PR,,,Permit Issued
M01426679-I1-GC,M01426679-I1,Initial Permit,2026-09-10,2026-07-17,2027-03-29,General Construction,INTERIOR RENOVATION OF 6TH FLOOR COMMERCIAL SPACE AS PER PLANS FILED HEREWITH.,19000,469,7 AVENUE,Manhattan,10018,GC,PHASE 3 INTERIORS LLC,1201 BROADWAY SUITE 708,MEYER EQUITIES LLC,,,Permit Issued
M01426788-I1-SF,M01426788-I1,Initial Permit,2026-09-10,2026-08-25,2027-03-31,Supported Scaffold,"INSTALLATION OF TEMPORARY PIPE SCAFFOLD AS PER PLANS. NO CHANGE IN USE, EGRESS OR OCCUPANCY.",1,332,WEST 44 STREET,Manhattan,10036,GC,EMPIRE NY INSTALLATIONS I,3537 36TH STREET,GUARDIAN THOMAS CORP.,,,Permit Issued
M01427494-I1-MS,M01427494-I1,Initial Permit,2026-09-10,2026-07-16,2026-10-24,Mechanical Systems,Mechanical work on the cellar level to replace condensate tank as indicated on drawings.,115000,7,WEST 34 STREET,Manhattan,10001,GC,"WAGER CONTRACTING CO, INC",30 PLEASANT STREET,VORNADO REALTY TRUST,,,Permit Issued
M01428483-I1-GC,M01428483-I1,Initial Permit,2026-09-10,2026-09-04,2026-12-31,General Construction,"Interior demolition/Renovations as per plans filed herewith. No change to use, egress or occupancy.",20000,44,WALL STREET,Manhattan,10005,GC,SCIAME CONSTRUCTION LLC,14 WALL STREET 2ND FLOOR,"GEORGE COMFORT & SONS, INC.",,,Permit Issued
M01428483-S1-MS,M01428483-S1,Initial Permit,2026-09-10,2026-09-08,2026-12-31,Mechanical Systems,"Mechanical modifications for Interior Demolition as per plans filed herewith. No change to use, egress or occupancy.",2000,44,WALL STREET,Manhattan,10005,GC,SCIAME CONSTRUCTION LLC,14 WALL STREET 2ND FLOOR,"GEORGE COMFORT & SONS, INC.",,,Permit Issued
M01428571-I1-PL,M01428571-I1,Initial Permit,2026-09-10,2026-07-15,2027-02-03,Plumbing,"PLUMBING WORK IN APT 811 IN CONJUNCTION WITH APARTMENT RENOVATION FILED IN DOB NOW UNDER JOB# M01428546. NO CHANGE IN USE, EGRESS OR OCCUPANCY.",14000,64,EAST 111 STREET,Manhattan,10029,P,"WATSON'S PLBG, HTG, & BDG",855 ST. NICHOLAS AVENUE,PR,,,Permit Issued
M01429065-S1-PL,M01429065-S1,Initial Permit,2026-09-10,2026-08-04,2026-11-02,Plumbing,"JOB FILED EXIST. COMMERCIAL STORE INSTALL NEW EQUIPMENT AND PLUMBING FIXTURE PER PLAN. NOCHANGE OF USE, EGRESS OR OCCUPANCY UNDER THIS APPLICATION.",18000,84,WEST 125 STREET,Manhattan,10027,P,ALL PRO PLBG & HTG INC,63-03 FOREST AVENUE,FATA ORGANIZATION,,,Permit Issued
M01429399-I1-GC,M01429399-I1,Initial Permit,2026-09-10,2026-09-08,2027-07-14,General Construction,FILING FOR INTERIOR RENOVATION OF 6TH FLOOR WOODS BAGOT OFFICE SPACE AS PER PLANS SUBMITTED HEREWITH.,521778,1,BATTERY PARK PLAZA,Manhattan,10004,GC,ON-TRAC CONSTRUCTION ASSO,"86-40 122ND STREET, 2ND FLOOR",RUDIN MANAGEMENT INC,,,Permit Issued
M01430722-I1-AN,M01430722-I1,Initial Permit,2026-09-10,2026-09-03,2027-01-28,Antenna,"T-Mobile - Installation and replacement of antennas and RRU units on facade and roof. Removal and installation of cabinets on existing equipment platform on roof. All work in compliance with TPPN 5/98. No change to occupancy, use, or egress",39600,522,FIRST AVENUE,Manhattan,10016,GC,BULLS EYE CONTRACTOR INC,8907 118 STREET,NYU LANGONE MEDICAL CENTER,,,Permit Issued
M01431742-S4-ST,M01431742-S4,Initial Permit,2026-09-10,2026-08-20,2027-01-14,Structural,FILED HEREWITH TO INSTALL STEEL DUNNAGE FOR HVAC UNITS AS PER PLANS.,10000,149,GRAND STREET,Manhattan,10013,GC,DJA SAFETY LLC,631 WALL ST,Levanto LLC,,,Permit Issued
M01431854-I1-GC,M01431854-I1,Initial Permit,2026-09-10,2026-09-04,2026-12-13,General Construction,CONSTRUCT A NEW BOILER ROOM ENCLOSURE IN CELLAR.,7500,157,CHRISTOPHER STREET,Manhattan,10014,GC,ETNOP CONTRACTING LLC,60 VESTRY STREET,PR,,,Permit Issued
M01431854-S1-PL,M01431854-S1,Initial Permit,2026-09-10,2026-09-04,2027-01-31,Plumbing,GAS PIPING TO NEW TWO (2) BOILERS AND TWO (2) WATER HEATER. INSTALL TWO (2) WATER HEATERS AND TWO (2) BOILERS IN CELLAR.REMOVE BOILERS + GAS PIPES ON 2nd AND 3rd FLOORS AND REMOVE DELI GAS METER FOR 1st FLOOR.,12500,157,CHRISTOPHER STREET,Manhattan,10014,P,M&G PLUMBING AND HEATING,4749 31st Place,PR,,,Permit Issued
M01431924-I1-GC,M01431924-I1,Initial Permit,2026-09-10,2026-08-28,2026-10-18,General Construction,"INTERIOR RENOVATION OF EXISTING COMMERCIAL SPACE FOR YOGURT STORE. NO CHANGE IN USE, EGRESS OR OCCUPANCY.",59964,1547,2 AVENUE,Manhattan,10075,GC,KALE CONSTRUCTION INC,145-12 24 AVE,"245 EAST 80TH ST, LLC",,,Permit Issued
M01432401-I1-GC,M01432401-I1,Initial Permit,2026-09-10,2026-09-10,2026-09-30,General Construction,"General construction work associated with new PA space on the 3rd floor, as shown on plans filed herewith, and to obtain an amended Certificate of Occupancy.",500000,1,LIBERTY PLAZA,Manhattan,10006,GC,BENCHMARK BUILDERS LLC,469 SEVENTH AVENUE SUITE 501,Brookfield operated by CBRE,,,Permit Issued
M01432743-I1-GC,M01432743-I1,Initial Permit,2026-09-10,2026-08-10,2027-04-01,General Construction,"Interior renovation including installation of partitions on 15th & 16th floors as per plans. No change in use, egress or occupancy.",800030,432,PARK AVENUE SOUTH,Manhattan,10016,GC,ARISTA ELECTRIC CORP,116 EAST 27TH STREET 3RD FL,SAMCO PROPERTIES,,,Permit Issued
M01432871-I1-GC,M01432871-I1,Initial Permit,2026-09-10,2026-08-28,2026-11-03,General Construction,"REMOVAL AND INSTALLATION OF INTERIOR NON BEARING PARTITIONS AND RELATED FINISHES ON FLOOR 3 AS PER DRAWINGS FILED HEREWITH. NO CHANGE IN USE, EGRESS CAPACITY, OR OCCUPANCY",1199997.5,300,WEST 57 STREET,Manhattan,10019,GC,CROSS CONSULTING INC,1271 AVE OF AMERICAS,HEARST,,,Permit Issued
M01433530-I1-SE,M01433530-I1,Initial Permit,2026-09-10,2026-08-13,2026-12-02,Support of Excavation,SOE SPECIFICIATIONS FILED IN CONJUNCTION WITH NB APPLICATION #121205098,1000,202,EAST 120 STREET,Manhattan,10035,GC,INNOVATIVE CONSTR NYC LLC,"130 LEE AVENUE, SUITE 431",Glowstone Group,,,Permit Issued
M01433907-S1-MS,M01433907-S1,Initial Permit,2026-09-10,2026-09-01,2026-12-26,Mechanical Systems,Mechanical work as shown on plans filed herewith.,0,1,LIBERTY PLAZA,Manhattan,10006,GC,MARLIN MECHANICAL INC,"363 7TH AVENUE, 8TH FLOOR",Brookfield operated by CBRE,,,Permit Issued
M01433921-S1-MS,M01433921-S1,Initial Permit,2026-09-10,2026-09-02,2026-12-26,Mechanical Systems,Mechanical work as shown on plans filed herewith.,0,1,LIBERTY PLAZA,Manhattan,10006,GC,MARLIN MECHANICAL INC,"363 7TH AVENUE, 8TH FLOOR",Brookfield operated by CBRE,,,Permit Issued
M01434597-I1-GC,M01434597-I1,Initial Permit,2026-09-10,2026-08-21,2027-01-02,General Construction,"MINOR RENOVATION OF UNIT #3S, INCLUDING COSMETIC FINISH WORK. NO CHANGE TO USE, EGRESS OR OCCUPANC",70000,410,AMSTERDAM AVENUE,Manhattan,10024,GC,HARROW NY INC,50-20 38TH STREET,Apex Management Group,,,Permit Issued
M01434633-S2-PL,M01434633-S2,Initial Permit,2026-09-10,2026-09-03,2026-12-31,Plumbing,MJFF -- PLUMBING MODIFICATIONS AND INSTALLATIONS FOR OFFICE BUILDOUT AS PER PLANS FILED.,317600,530,5 AVENUE,Manhattan,10036,P,ACCURATE MECH INDSTRS INC,2060 ANTIN PLACE,Not Applicable,,,Permit Issued
M01435671-S2-PL,M01435671-S2,Initial Permit,2026-09-10,2026-08-17,2027-03-05,Plumbing,Plumbing work as shown on plans submitted herewith.,0,450,WEST 33 STREET,Manhattan,10001,P,HYDROKINETIC PLBG & HTG I,11-12 MAIN AVENUE,BROOKFIELD PROPERTIES,,,Permit Issued
M01436052-I1-GC,M01436052-I1,Initial Permit,2026-09-10,2026-08-25,2026-09-30,General Construction,Removal and installation of interior non-load bearing partition and related finishes as per drawings filed herewith.,8409000,45,ROCKEFELLER PLAZA,Manhattan,10020,GC,JT MAGEN & COMPANY INC,"44 WEST 28TH STREET, 11TH FL",TISHMAN SPEYER,,,Permit Issued
M01436052-S3-ST,M01436052-S3,Initial Permit,2026-09-10,2026-08-25,2026-09-30,Structural,"Moveable partition supports; Partition Wall Support. General Construction. No change in egress, use, or occupancy.",57000,45,ROCKEFELLER PLAZA,Manhattan,10020,GC,JT MAGEN & COMPANY INC,"44 WEST 28TH STREET, 11TH FL",TISHMAN SPEYER,,,Permit Issued
M01436058-I1-GC,M01436058-I1,Initial Permit,2026-09-10,2026-08-28,2026-09-30,General Construction,Removal and installation of interior non-load bearing partition and related finishes as per drawings.,5276000,45,ROCKEFELLER PLAZA,Manhattan,10020,GC,JT MAGEN & COMPANY INC,"44 WEST 28TH STREET, 11TH FL",TISHMAN SPEYER,,,Permit Issued
M01436058-S1-MS,M01436058-S1,Initial Permit,2026-09-10,2026-08-27,2026-09-30,Mechanical Systems,"Modification to existing HVAC system as per plans filed herewith. No change in use, egress or occupancy under this application.",991000,45,ROCKEFELLER PLAZA,Manhattan,10020,GC,JT MAGEN & COMPANY INC,"44 WEST 28TH STREET, 11TH FL",TISHMAN SPEYER,,,Permit Issued
M01436852-I1-GC,M01436852-I1,Initial Permit,2026-09-10,2026-08-26,2027-07-01,General Construction,"APPLICATION FILED FOR INTERIOR RENOVATION OF NON-LOAD BEARING PARTITIONS, CEILINGS, AND FINISHES ON THE 21ST FLOOR (M TO-PROS) AS PER PLANS FILED HEREWITH. NO CHANGE IN USE, EGRESS, OR OCCUPANCY.",144600,225,WEST 34 STREET,Manhattan,10122,GC,A.W. & S. CONSTRUCTION CO,211 EAST 43RD STREET 21ST FL,CIRCLE REALTY GROUP LLC,,,Permit Issued
M01436852-S1-MS,M01436852-S1,Initial Permit,2026-09-10,2026-09-02,2027-07-01,Mechanical Systems,"APPLICATION FILED FOR MECHANICAL ADDITIONS/MODIFICATIONS ON THE 21ST FLOOR (M TO-PROS) AS PER PLANS FILED HEREWITH. NO CHANGE IN USE, EGRESS, OR OCCUPANCY.",52000,225,WEST 34 STREET,Manhattan,10122,GC,A.W. & S. CONSTRUCTION CO,211 EAST 43RD STREET 21ST FL,CIRCLE REALTY GROUP LLC,,,Permit Issued
M01437251-S1-EW-SP,M01437251-S1,Initial Permit,2026-09-10,2026-08-24,2026-12-22,Sprinklers,PROVIDE NEW SINK AT WELLNESS ROOM; MODIFICATION TO SPRINKLER HEADS.,18000,560,LEXINGTON AVENUE,Manhattan,10022,F,CAPITOL FIRE SPRINKLER CO,51-51 59TH PLACE,RUDIN MANAGEMENT CO INC,,,Permit Issued
M01438124-S2-PL,M01438124-S2,Initial Permit,2026-09-10,2026-08-25,2026-10-30,Plumbing,"PLUMBING MODIFICATIONS TAKING PLACE ON THE 18TH FLOOR (19TH FLOOR MARKETING) AS PER DRAWINGS FILED HEREWITH. NO CHANGE IN USE, EGRESS OR OCCUPANCY.",21892,1180,AVENUE OF THE AMERICAS,Manhattan,10036,P,RRP PLUMBING CORP,106-07 NORTHERN BOULEVARD,CANNON HILL CAPITAL PARTNERS,,,Permit Issued
M01438124-S3-EW-SP,M01438124-S3,Initial Permit,2026-09-10,2026-08-26,2026-10-30,Sprinklers,"SPRINKLER MODIFICATIONS TAKING PLACE ON THE 18TH FLOOR (19TH FLOOR MARKETING) AS PER DRAWINGS FILED HEREWITH. NO CHANGE IN USE, EGRESS OR OCCUPANCY.",7488,1180,AVENUE OF THE AMERICAS,Manhattan,10036,F,RRP PLUMBING CORP,106-07 NORTHERN BOULEVARD,CANNON HILL CAPITAL PARTNERS,,,Permit Issued
M01438149-I1-PMM,M01438149-I1,Initial Permit,2026-09-10,2026-09-10,2026-12-09,Protection and Mechanical Methods,INSTALLATION OF BETA MAX MATERIAL HOIST AS PER PLANS. ALL EQUIPMENT SHALL COMPLY WITH CHAPTER # 33 OF THE 2022 CODE. NO CHANGE IN USE OCCUPANCY OR EGRESS UNDER THIS APPLICATION.,3000,1209,PARK AVENUE,Manhattan,10128,GC,MC SUPERSTRUCTURE INC,135-53 NORTHERN BLVD #2B,MC SUPERSTRUCTURE INC.,,,Permit Issued
M01438174-I1-PMM,M01438174-I1,Initial Permit,2026-09-10,2026-09-10,2027-03-08,Protection and Mechanical Methods,INSTALLATION OF OVERHEAD PROTECTION AND ROOF PROTECTION AT ADJACENT BUILDING AS SHOW HEREIN IN CONJUNCTION WITH FACADE JOB# M01355711. NO CHANGE IN USE EGRESS OR OCCUPACNY. WE SHALL COMPLY WITH CHOATER 33 OF 2022 B.C,5000,315,WEST 57 STREET,Manhattan,10019,GC,COLGATE RESTORATION CORP,147 28 ST,PELICAN MANAGEMENT INC.,,,Permit Issued
M01438368-I1-GC,M01438368-I1,Initial Permit,2026-09-10,2026-08-21,2026-09-26,General Construction,"NTERIOR WORK AT APARTMENT # 28A ON THE 28TH FLOOR. WORK TO INCLUDE NON-STRUCTURAL DEMOLITION, MINOR INTERIOR PARTITION WORK AND ASSOCIATED FINISHES. ALL AS PER PLANS SUBMITTED, NO CHANGE IN USE, EGRESS OR OCCUPANCY.",48510,641,5 AVENUE,Manhattan,10022,GC,RENOVATION PARTNERS INC,905 ATLANTIC AVENUE 2ND FL,,,,Permit Issued
M01438584-I1-GC,M01438584-I1,Initial Permit,2026-09-10,2026-08-25,2027-08-12,General Construction,"INTERIOR RENOVATION OF STORE AT 1ST FLOOR. WORK INCLUDES REPLACEMENT OF ALL FINISH MATERIALS, LIGHTING, EXHAUSE DUCT HOOD, AND ELECTRIC COOKIGN EQUIPENTS AS PER THE PLANS HEREWITH. NO CHANGE IN USE, EGRESS, AND OCCUPANCY UNDER THIS APPLICAT",20000,204,SPRING STREET,Manhattan,10012,GC,NY BUILDING ASSOCIATES IN,124-15 METROPOLITAN AVE,PR,,,Permit Issued
M01438584-I1-MS,M01438584-I1,Initial Permit,2026-09-10,2026-08-25,2027-08-12,General Construction,"INTERIOR RENOVATION OF STORE AT 1ST FLOOR. WORK INCLUDES REPLACEMENT OF ALL FINISH MATERIALS, LIGHTING, EXHAUSE DUCT HOOD, AND ELECTRIC COOKIGN EQUIPENTS AS PER THE PLANS HEREWITH. NO CHANGE IN USE, EGRESS, AND OCCUPANCY UNDER THIS APPLICAT",20000,204,SPRING STREET,Manhattan,10012,GC,NY BUILDING ASSOCIATES IN,124-15 METROPOLITAN AVE,PR,,,Permit Issued
M01438584-S1-PL,M01438584-S1,Initial Permit,2026-09-10,2026-08-27,2027-05-01,Plumbing,"SUBSEQUENT FILING OF INTERIOR PLUMBING WORK IN CONJUNCTION WITH DOB#M01438584-I1 (GC/MS: Interior renovation of store). WORK INCLUDES INSTALLATION INTERIOR PLUMBING FIXTURES AS PER THE PLANS HEREWITH. NO CHANGE IN USE, EGRESS, AND OCCUPANCY",15000,204,SPRING STREET,Manhattan,10012,P,AMERICAN STANDARD P&H COR,62-49 30TH AVENUE,PR,,,Permit Issued
M01438587-I1-EW-SP,M01438587-I1,Initial Permit,2026-09-10,2026-08-26,2027-02-03,Sprinklers,"Filing herewith modification to the existing Sprinkler System as per plans filed herewith. No change to use, egress or occupancy.",15000,16,WEST 22 STREET,Manhattan,10010,F,BEDROCK MECHANICAL INC,101-14 JAMAICA AVENUE,GFP REAL ESTATE LLC,,,Permit Issued
M01440130-I1-SG,M01440130-I1,Initial Permit,2026-09-10,2026-09-10,2027-06-06,Sign,"NON-ILLUMINATED NON-ADVERTISING ACCESSORY WALL SIGN - PRIME STORAGE. NO CHANGE OF USE, EGRESS OR OCCUPANCY.",2125,12,WEST 142 STREET,Manhattan,10037,S,Z-CAR-D CORP,5275 ARTHUR KILL ROAD,Prime Storage Empire Capital 550 We,,,Permit Issued
M01440593-I1-GC,M01440593-I1,Initial Permit,2026-09-10,2026-08-18,2027-03-06,General Construction,"INTERIOR RENOVATION AND COMBINATION OF EXISTING DWELLING UNIT 2B + 2C. WORK INCLUDES REMOVAL AND INSTALLATION AND ALTERATION OF NON-BEARING INTERIOR PARTITIONS, PLUMBING, AND GENERAL WORK AS SHOWN ON DRAWINGS.",50000,140,EAST 28 STREET,Manhattan,10016,GC,NO LIMIT CONTRACTING INC,29 RUPERT AVENUE,140 EAST 28 OWNERS CORP.,,,Permit Issued
M01440794-I1-SC,M01440794-I1,Initial Permit,2026-09-10,2026-09-08,2027-07-01,Suspended Scaffold,FISP INSPECTION (Facade Inspection Safety Program). INDUSTRIAL ROPE ACCESS TECHNIQUES AND METHODS. SEE ATTACHED PLANS. Designated Primary Site supervisor: Jesus Decola,0,350,HUDSON STREET,Manhattan,10014,R,STRUCTUAL PRESV SYSTEM,35-21 VERNON BLVD,Not Applicable,,,Permit Issued
M01440853-S1-PL,M01440853-S1,Initial Permit,2026-09-10,2026-09-03,2027-05-16,Plumbing,Plumbing work in conjunction with the ot # M01440853-I1,38000,415,EAST 54 STREET,Manhattan,10022,P,DEPENDABLE MECH CORP,"6202 17TH AVENUE, 1ST FLOOR",Not Applicable,,,Permit Issued
M01440947-I1-MS,M01440947-I1,Initial Permit,2026-09-10,2026-08-27,2027-01-01,General Construction,Renovation of existing office-showroom,145000,276,FIFTH AVENUE,Manhattan,10001,GC,"DAVID TURNER ARCHITECT,PC","366 WEST 30TH STREET, 1ST FL",PR,,,Permit Issued
M01444470-S2-PL,M01444470-S2,Initial Permit,2026-09-10,2026-08-18,2026-10-31,Plumbing,"APPLICATION FILED FOR PLUMBING ADDITIONS/MODIFICATIONS ON THE 9TH FLOOR AS PER PLANS FILED HEREWITH. NO CHANGE IN USE, EGRESS, OR OCCUPANCY.",63000,302,5 AVENUE,Manhattan,10001,P,MS PLUMBING CORPORATION,76-22 30TH AVE,302 FIFTH LLC,,,Permit Issued
M01444784-S1-PL,M01444784-S1,Initial Permit,2026-09-10,2026-08-31,2027-04-01,Plumbing,"DIRECT REPLACEMENT OF BATHROOM FIXTURES AND INSTALLATION OF NEW WASHER IN CONJUNCTION WITH INTERIOR RENOVATION OF EXISTING DWELLING UNIT '8A'. NO CHANGE OF USE, EGRESS OR OCCUPANCY",0,30,EAST 62 STREET,Manhattan,10065,P,GW MECHANICAL CORP,854 HUMBOLDT STREET,Not Applicable,,,Permit Issued
M01444786-S2-EW-SP,M01444786-S2,Initial Permit,2026-09-10,2026-09-03,2026-10-31,Sprinklers,"Modification/addition to sprinkler system and related piping as shown on drawings. No change in use, egress or occupancy.",14000,767,5 AVENUE,Manhattan,10153,F,PAR FIRE PROTECTION LLC,101 PARK AVENUE LOWER LOBBY,BOSTON PROPERTIES,,,Permit Issued
M01445753-I1-GC,M01445753-I1,Initial Permit,2026-09-10,2026-09-03,2026-12-31,General Construction,"Ground floor commercial space to be divided into two retail spaces by adding 2-hour fire rated partition wall. ADA ramp is provided in entrance. No change in occupancy, use or egress.",80017.65,282,WEST 132 STREET,Manhattan,10027,GC,1 ARBOR LLC,1222 AVENUE M STE 302,PR,,,Permit Issued
M01445908-I1-GC,M01445908-I1,Initial Permit,2026-09-10,2026-08-27,2026-12-17,General Construction,"Hereby filing for minor renovation at 1st floor. Remove non-bearing partitions and doors. No change in use, occupancy or egress.",15000,6,WEST 18 STREET,Manhattan,10011,GC,F & N SOLUTIONS INC,6 WEST 18 STREET #B1,PR,,,Permit Issued
M01446477-I1-GC,M01446477-I1,Initial Permit,2026-09-10,2026-08-28,2026-12-04,General Construction,Alteration filed to supersede DOB jobs 110420660 and 103125495. and provide final As-Built conditions plans.,32000,875,FIFTH AVENUE,Manhattan,10065,GC,J.F. HUGHES BUILDERS INC,783 MADISON AVENUE 3RD FLOOR,,,,Permit Issued
M01446490-I1-SC,M01446490-I1,Initial Permit,2026-09-10,2026-09-04,2027-04-01,Suspended Scaffold,SUSPENDED SCAFFOLDING AND ROOF HOIST IN ORDER TO PERFORM FACADE EXTERIOR WORK. FACADE INSPECTIONS TO BE DONE. SIDEWALK SHED TO BE INSTALLED UNDER SEPARATE APPLICATION..,0,46,DOWNING STREET,Manhattan,10014,R,PREMIER CONSTRUCTION INC,204-08 JAMAICA AVENUE,William Gottlieb Management Co. LLC,,,Permit Issued
M01447219-I1-GC,M01447219-I1,Initial Permit,2026-09-10,2026-08-24,2026-11-19,General Construction,"Interior renovation of apartment - minor partition work, new doors, appliances, fixtures and finishes, lighting and electrical. No change to use, egress, or occupancy.",108000,360,EAST 72 STREET,Manhattan,10021,GC,HK REMODELING INC,1736 RICHMOND AVE,,,,Permit Issued
M01447709-I1-SC,M01447709-I1,Initial Permit,2026-09-10,2026-09-09,2027-03-31,Suspended Scaffold,Suspended Scaffold for Facade Restoration as Shown on Plans,0,88,WALKER STREET,Manhattan,10013,R,RIGGING CONSULTANTS INC,555 LONGFELLOW AVENUE,PR,,,Permit Issued
M01447941-I1-SF,M01447941-I1,Initial Permit,2026-09-10,2026-09-10,2026-11-03,Supported Scaffold,"PROPOSED INSTALLATION OF TEMPORARY PIPE SCAFFOLD AS PER PLANS. WORK SHALL COMPLY WITH CHAPTER #33 OF 2022 THE NYC BUILDING CODE. NO CHANGE IN USE, OCCUPANCY, OR EGRESS UNDER THIS APPLICATION.",1000,665,5 AVENUE,Manhattan,10022,GC,PHOENIX SUTTON STR INC,128 SUTTON STREET,PHOENIX SUTTON STR INC,,,Permit Issued
M01448434-S3-EW-SP,M01448434-S3,Initial Permit,2026-09-10,2026-09-02,2027-04-12,Sprinklers,"Mount Sinai - Atran-Berg MSH Dubin Breast Center Expansion - Sprinkler modifications as per plans filed herewith. No change in use, egress, or occupancy.",81000,1428,MADISON AVENUE,Manhattan,10029,F,AGGRESSIVE FIRE PROT LLC,120 BROADWAY,PR,,,Permit Issued
M01449828-I1-MS,M01449828-I1,Initial Permit,2026-09-10,2026-08-31,2026-12-31,Mechanical Systems,"Installation of new air conditioning systems and refrigerant piping on the 3rd Floor and Install new condensing units and piping on the roof as per plans (Shake Shack HVAC HQ Office Updates.) No change to use, egress or occupancy.",480000,225,VARICK STREET,Manhattan,10014,GC,FIREPROFING CORP OF AMERI,"347 W 36TH STREET, STE 102",TRINITY HUDSON HOLDINGS,,,Permit Issued
M01449943-I1-GC,M01449943-I1,Initial Permit,2026-09-10,2026-09-01,2026-10-26,General Construction,"APPLICATION FILE TO INTERIOR MINOR RENOVATION EXIST. EATING & DRINKING ESTABLISHMENT AT PARTIAL 1st FLOOR. PLUMBING WORK UNDER SEPARATE APPLICATION. NO CHANGE IN USE, EGRESS OR OCCUPANCY UNDER THIS APPLICATION.",10000,97,RIVINGTON STREET,Manhattan,10002,GC,GREAT AMERICAN CONSTR SER,288 EAST 8TH STREET,RIVINGTON99 CORP.,,,Permit Issued
M01450576-I1-FN,M01450576-I1,Initial Permit,2026-09-10,2026-09-10,2026-12-31,Construction Fence,"CONSTRUCTION FENCE AS PER DRAWINGS. CONSTRUCTION FENCE SHALL COMPLY WITH CH #33 OF THE NYC BC. NO CHANGE IN USE, OCCUPANCY OR EGRESS UNDER THIS APPLICATION.",2000,1,LIBERTY PLAZA,Manhattan,10006,GC,"SAFWAY ATLANTIC, LLC",700 COMMERCIAL AVENUE,"SAFWAY ATLANTIC, LLC",,,Permit Issued
M01450581-I1-MS,M01450581-I1,Initial Permit,2026-09-10,2026-08-31,2026-10-31,Mechanical Systems,INSTLLATION OF DUCTWORK AND MECHANICAL UNITS.,350000,77,PARK AVENUE,Manhattan,10016,GC,COYLE CONTRACTING CORP,11 WEST 42ND STREET,127 WEST 79TH STREET,,,Permit Issued
M01450585-S2-PL,M01450585-S2,Initial Permit,2026-09-10,2026-08-31,2027-04-01,Plumbing,"Hereby filing to remove and install plumbing fixtures with related piping for bathroom renovation as shown on plans filed herewith. No change to use, occupancy or egress.",212000.32,200,PARK AVENUE,Manhattan,10017,P,"M&T PLBG AND HTG CO., INC",120 EAST 13TH STREET,Not Applicable,,,Permit Issued
M01450923-S1-PL,M01450923-S1,Initial Permit,2026-09-10,2026-09-10,2026-12-27,Plumbing,Plumbing work is filed.,17500,121,EAST 61 STREET,Manhattan,10065,P,PEGASUS P&H CORP,33-43 VERNON BLVD,Jewish Graduate Student Initiative,,,Permit Issued
M01451000-I1-PMM,M01451000-I1,Initial Permit,2026-09-10,2026-09-10,2026-12-31,Protection and Mechanical Methods,INSTALLATION OF OVERHEAD PROTECTION AS PER PLANS. ALL EQUIPMENT SHALL COMPLY WITH CHAPTER # 33 OF THE 2022 CODE. NO CHANGE IN USE OCCUPANCY OR EGRESS UNDER THIS APPLICATION.,2000,245,EAST 35 STREET,Manhattan,10016,GC,"URBAN INTELLIGENCE, INC","135 W 41ST STREET, 5TH FL","ALEXANDER WOLF & COMPANY, INC.",,,Permit Issued
M01451054-I1-ST,M01451054-I1,Initial Permit,2026-09-10,2026-08-31,2026-10-31,Structural,1ST FLOOR SLAB REINFORCEMENT AT THE CELLAR CEILING.,17500,77,PARK AVENUE,Manhattan,10016,GC,COYLE CONTRACTING CORP,11 WEST 42ND STREET,127 WEST 79TH STREET,,,Permit Issued
M01451161-I1-GC,M01451161-I1,Initial Permit,2026-09-10,2026-09-09,2026-12-22,General Construction,"Temporary inflatable sculpture on the elevated High Line Park at the 13th street section. Removed at the end of the programing. No changes to existing structures, use or egress.",15000,79,GANSEVOORT STREET,Manhattan,10014,GC,"WINICK PRODUCTIONS, LLC","250 WEST 103RD STREET, 4C",NYC Parks,,,Permit Issued
M01451344-S1-PL,M01451344-S1,Initial Permit,2026-09-10,2026-09-02,2027-01-01,Plumbing,"Replace and Install plumbing fixtures on the 9th floor Unit 901. No change of use, egress or occupancy under this application.",42499.98,30,EAST 60 STREET,Manhattan,10022,P,P.S.I. MECHANICAL,"122-17 18 AVE,1ST FL UNIT STORE",NY PARK N SALEM INC,,,Permit Issued
M01452133-I1-GC,M01452133-I1,Initial Permit,2026-09-10,2026-09-08,2026-10-01,General Construction,"General construction for interior renovation of Apartment 15B as shown on drawings filed herewith. No change in use, egress or occupancy.",35000,520,SECOND AVENUE,Manhattan,10016,GC,SUPER G CONSTRUCTION CORP,"420-C EAST 111TH STREET,GR FL","BPP KIPS BAY HOLDING, LLC",,,Permit Issued
M01452425-I1-GC,M01452425-I1,Initial Permit,2026-09-10,2026-08-31,2026-12-01,General Construction,"DIRECT REPLACEMENT OF EXISTING STOREFRONT WITH NEW IN THE SAME LOCATION. NO CHANGE TO USE,OCCUPANCY OR EGRESS.",36000,699,MADISON AVENUE,Manhattan,10065,GC,SAJO INC,1320 GRAHAM BLVD,PLANET - GREEN BUILDING SERVICES,,,Permit Issued
M01452852-I1-SH,M01452852-I1,Initial Permit,2026-09-10,2026-09-10,2026-12-09,Sidewalk Shed,"HEAVY DUTY SIDEWALK SHED DURING FACADE REPAIRS FILED UNDER APPLICATION # M01424778. SIDEWALK SHED SHALL COMPLY WITH CH #33 OF THE NYC BC. NO CHANGE IN USE, OCCUPANCY OR EGRESS UNDER THIS APPLICATION.",240000,270,WEST 11 STREET,Manhattan,10014,GC,ANDAMIO SCAFFOLDING LLC,20 BURLING LANE (BOX 4-1),"GUMLEY HAFT, LLC",,,Permit Issued
M01453383-I1-GC,M01453383-I1,Initial Permit,2026-09-10,2026-09-09,2026-10-01,General Construction,"General construction for interior renovation of Apartment 20B as shown on drawings filed herewith. No change in use, egress or occupancy.",15000,520,SECOND AVENUE,Manhattan,10016,GC,SUPER G CONSTRUCTION CORP,"420-C EAST 111TH STREET,GR FL","BPP KIPS BAY HOLDING, LLC",,,Permit Issued
M01454086-I1-SC,M01454086-I1,Initial Permit,2026-09-10,2026-09-10,2026-12-11,Suspended Scaffold,"TEMPORARY SUSPENDED SCAFFOLD AS PER DRAWINGS. SUSPENDED SCAFFOLD SHALL COMPLY WITH CH 33 OF THE NYC BC. NO CHANGE IN USE, OCCUPANCY OR EGRESS UNDER THIS APPLICATION.",0,511,EAST 86 STREET,Manhattan,10028,R,MC SUPERSTRUCTURE INC,"35-06 FARRINGTON STREET, 1ST FL",SKY MANAGEMENT CORP,,,Permit Issued
M01454372-I1-GC,M01454372-I1,Initial Permit,2026-09-10,2026-09-08,2026-12-22,General Construction,"TEMPORARY PLATFORM FOR EVENT. MATERIALS INCLUDE FIRE-RESISTANT WOOD/METAL AND PAINT SURFACES THROUGHOUT. FIRE CERTIFICATE PROVIDED AS REQUIRED. NO CHANGE TO USE, EGRESS OR OCCUPANCY.",5000,415,5 AVENUE,Manhattan,10016,GC,"WINICK PRODUCTIONS, LLC","250 WEST 103RD STREET, 4C",Not Applicable,,,Permit Issued
M01454697-I1-MS,M01454697-I1,Initial Permit,2026-09-10,2026-09-08,2027-01-16,Mechanical Systems,"Mechanical work for electrical split air-conditioning units on 1st wall. No change in use, occupancy or exit.",27000,117,WEST 142 STREET,Manhattan,10030,GC,CLIMATE WIZARDS CORP,2541 EAST 26 STREET 2FL,RENAISSANCE REALTY GROUP,,,Permit Issued
M01454773-I1-EW-SP,M01454773-I1,Initial Permit,2026-09-10,2026-09-10,2027-01-01,Sprinklers,"REPLACE EXISTING PENDANT SPRINKLER HEADS WITH UPRIGHT SPRINKLER HEADS AS PER PLANS. NO CHANGE TO USE, OCCUPANCY OR EGRESS.",35000,1429,1 AVENUE,Manhattan,10021,F,STANDARD FIRE PROTECT LLC,"425 GRAND STREET, SUITE 1",The Pottery Studio,,,Permit Issued
M01454971-I1-GC,M01454971-I1,Initial Permit,2026-09-10,2026-09-09,2026-12-22,General Construction,Installation of temporary structures for Lola at the Highline. All structures to be removed upon event completion.,5000,79,GANSEVOORT STREET,Manhattan,10014,GC,"WINICK PRODUCTIONS, LLC","250 WEST 103RD STREET, 4C",NYC Parks,,,Permit Issued
M01455314-I1-SC,M01455314-I1,Initial Permit,2026-09-10,2026-09-10,2026-09-30,Suspended Scaffold,"OUTRIGGERS SYSTEM INSTALLATION FOR FACADE REPAIRS, NO CHANGE IN USE, EGRESS, OR OCCUPANCY.",0,512,WEST 122 STREET,Manhattan,10027,R,C&C DALEY'S CONST.CORP,890 CONEYISLAND AVENUE,Teachers College,,,Permit Issued
M01455611-I1-GC,M01455611-I1,Initial Permit,2026-09-10,2026-09-09,2027-03-26,General Construction,"INTERIOR RENOVATION WITH DEMOLITION OF EXISTING PARTITION. NO CHANGE IN USE, OCCUPANCY, OR EGRESS",375000,875,SIXTH AVENUE,Manhattan,10001,GC,INTERIOR BUILDING SERVICE,247 WEST 37TH STREET,PR,,,Permit Issued
M01456016-I1-GC,M01456016-I1,Initial Permit,2026-09-10,2026-09-09,2026-12-22,General Construction,"Temporary structures for a MK fashion show at MoMA garden. Removed at the end of the programing. No changes to existing structures, use or egress.",15000,11,WEST 53 STREET,Manhattan,10019,GC,"WINICK PRODUCTIONS, LLC","250 WEST 103RD STREET, 4C",MOMA,,,Permit Issued
M01456899-I1-GC,M01456899-I1,Initial Permit,2026-09-10,2026-09-09,2026-12-22,General Construction,"Temporary sculpture for Olaplex at Flatiron Plaza. Removed at the end of the programing. No changes to existing structures, use or egress. SAPO ID # 955014",5000,1,MANHATTAN PLAZA,Manhattan,10007,GC,"WINICK PRODUCTIONS, LLC","250 WEST 103RD STREET, 4C",WINICK PRODUCTIONS LLC,,,Permit Issued
M01457262-I1-SC,M01457262-I1,Initial Permit,2026-09-10,2026-09-10,2026-12-06,Suspended Scaffold,"INSTALLATION OF MULTIPOINT SUSPENDED SCAFFOLD AT 145 BROOME STREET, MANHATTAN, NY 10002. THERE WILL BE NO CHANGE IN THE USE, EGRESS, OR OCCUPANCY UNDER THIS APPLICATION.",0,145,BROOME STREET,Manhattan,10002,GC,NORTHEAST MASONRY & RESTO,117 SANDPIPER LANE UNIT 3A,GRAND STREET GUILD EAST HDFC,,,Permit Issued
Q00683000-S5-FN,Q00683000-S5,Initial Permit,2026-09-10,2024-08-12,2027-01-21,Construction Fence,CONSTRUCTION FENCE IN CONJUNCTION WITH NB APPLICATION # Q00683000-I1,0,39-08,JANET PLACE,Queens,11354,GC,EFIN MANAGEMENT CORP,"136-33 37TH AVENUE, SUITE 8B",HENGXING LLC,,,Permit Issued
Q00933672-S1-MS,Q00933672-S1,Initial Permit,2026-09-10,2024-05-07,2027-03-31,Mechanical Systems,Herewith filing subsequent Mechanical application for New School Building - Filed in conjunction with Q00941176-I1,0,146-50,REEVES AVENUE,Queens,11367,GC,R.A.M.S. MECHANICAL INC,140 58TH ST BLDG B UNIT 4D,NYC SCHOOL CONSTRUCTION AUTHORITY,,,Permit Issued
Q00937533-S1-SE,Q00937533-S1,Initial Permit,2026-09-10,2024-12-02,2026-11-14,Support of Excavation,SUPPORT OF EXCAVATION WORK FILED IN CONJUNCTION WITH EXISTING BUILDING ALTERATION APPLICATION Q07996102-I1.,10000,211-19,RICHLAND AVENUE,Queens,11364,GC,EJ HOMES 45 LLC,1202 HALSEY STREET,PR,,,Permit Issued
Q01072868-S8-ST,Q01072868-S8,Initial Permit,2026-09-10,2026-05-28,2027-01-21,Structural,"STRUCTURAL DESIGN IN CONJUNCTION WITH NB APPLICATION DOBNOW #Q01072868-I1,",0,43-23,51 STREET,Queens,11377,GC,EFIN MANAGEMENT CORP,"136-33 37TH AVENUE, SUITE 8B",PR,,,Permit Issued
Q01107560-S2-ST,Q01107560-S2,Initial Permit,2026-09-10,2026-06-26,2027-01-07,Structural,Herewith filing structural stabilization plans for under construction 3-story ALT-1 building,15000,135-06,LIBERTY AVENUE,Queens,11419,GC,YAFE MEOD CORP,17 BARSTOW ROAD .SUITE 401,NY DYNAMIC CONSTRUCTION,,,Permit Issued
Q01128923-I1-GC,Q01128923-I1,Initial Permit,2026-09-10,2024-12-13,2026-10-31,General Construction,Filing for Structural/Foundation work for PS-304 - Reconstruction at Glendale Pumping Station which includes complete rehabilitation and upgrade of the existing pumping station as per plans filed herewith.,347803.6,1,DEP PLAZA,Queens,11415,GC,R.J. INDUSTRIES INC,75 EAST BETHPAGE ROAD,NYCDEP,,,Permit Issued
Q01172137-I1-CC,Q01172137-I1,Initial Permit,2026-09-10,2025-10-03,2026-11-10,Curb Cut,PROPOSE 14'-0CURB CUT,5000,255-47,JERICHO TURNPIKE,Queens,11001,GC,AJIT ONE MECHANICAL & GEN,117-02 ATLANTIC AVENUE,Not Applicable,,,Permit Issued
Q01172144-I1-CC,Q01172144-I1,Initial Permit,2026-09-10,2026-01-05,2026-11-10,Curb Cut,PROPOSE 20'-0CURB CUT,5000,255-47,JERICHO TURNPIKE,Queens,11001,GC,AJIT ONE MECHANICAL & GEN,117-02 ATLANTIC AVENUE,Not Applicable,,,Permit Issued
Q01191278-S1-FN,Q01191278-S1,Initial Permit,2026-09-10,2026-01-13,2026-11-04,Construction Fence,INSTALL 8' TEMPORARY CONSTRUCTION FENCE AT THE ABOVE ADDRESS,5000,42-25 REA,157 STREET,Queens,11355,GC,CS RENOVATION INC,"6745 169TH STREET, 1ST FL",N/A,,,Permit Issued
Q01202901-I1-GC-CX,Q01202901-I1,Initial Permit,2026-09-10,2026-05-23,2027-08-03,Structural,TO ERECT A 2-STORY WITH ATTIC 1-FAMILY DWELLING ABOVE EXISTING CELLAR AS PER APPROVED PLANS,1526340,172-14,67 AVENUE,Queens,11365,GC,TLS CONSTRUCTION GROUP I*,5340 212TH STREET,Not Applicable,,,Permit Issued
Q01224342-I1-GC,Q01224342-I1,Initial Permit,2026-09-10,2026-09-09,2026-12-02,General Construction,NEW C OF O FOR FIRST FLOOR CONVERSION ON THE EXISTING 3 STORY OFFICE BUILDING.,227500,150-15,41 AVENUE,Queens,11354,GC,LIC CONTRACTING INC,43-01 37TH STRET,HARMAN MANAGEMENT,,,Permit Issued
Q01231263-S1-SE,Q01231263-S1,Initial Permit,2026-09-10,2026-06-26,2026-10-14,Support of Excavation,INSTALL EXCAVATION IN CONJUNCTION WITH JOB#Q01231263,0,53-55,63 STREET,Queens,11378,GC,JJK BUILDING CONSULTING,43-46 UTOPIA PARKWAY,4511 193 ST LLC,,,Permit Issued
Q01231264-S1-SE,Q01231264-S1,Initial Permit,2026-09-10,2026-05-13,2026-10-14,Support of Excavation,INSTALL EXVACATION IN CONJUNCTION WITH JOB#Q01231264,0,53-57,63 STREET,Queens,11378,GC,JJK BUILDING CONSULTING,43-46 UTOPIA PARKWAY,4511 193 ST LLC,,,Permit Issued
Q01231266-S1-SE,Q01231266-S1,Initial Permit,2026-09-10,2026-05-13,2026-10-14,Support of Excavation,INSTALL EXCAVATION IN CONJUNCTION WITH JOB#Q01231266,0,53-59,63 STREET,Queens,11378,GC,JJK BUILDING CONSULTING,43-46 UTOPIA PARKWAY,4511 193 ST LLC,,,Permit Issued
Q01231266-S2-FO-EA,Q01231266-S2,Initial Permit,2026-09-10,2026-08-19,2026-10-14,Foundation,FILE FOUNDATION AND EARTH WORK IN CONJUNCTION WITH JOB#Q01231266,0,53-59,63 STREET,Queens,11378,GC,JJK BUILDING CONSULTING,43-46 UTOPIA PARKWAY,4511 193 ST LLC,,,Permit Issued
Q01263024-S2-FN,Q01263024-S2,Initial Permit,2026-09-10,2026-05-07,2026-11-12,Construction Fence,"Install temporary construction/demolition safety fence along street frontage in accordance with NYC Building Code 3306.5. No excavation, demolition, or structural work proposed. Fence to be removed upon completion of work.",3000,31-14,31 AVENUE,Queens,11106,GC,JOHN EVAN CONTRACTING COR,218 E PARK AVE,YE'S NATIONAL CONSTRUCTION,,,Permit Issued
Q01292164-S3-SH,Q01292164-S3,Initial Permit,2026-09-10,2026-09-10,2026-12-09,Sidewalk Shed,"Installation of a temporarily heavy-duty sidewalk shed per plan submitted. Work shall comply with 2022 building codes chapter 33. No change in use, egress and/or occupancy with this application",2500,23-10,44 DRIVE,Queens,11101,GC,JABBIE INDUSTRIES INCORP*,"1361 BOSTON ROAD, APT 3B",EXCELLENT METROPOLITAN CONSTRUCTION,,,Permit Issued
Q01296360-S1-PL,Q01296360-S1,Initial Permit,2026-09-10,2025-12-17,2026-09-30,Plumbing,"PLUMBING WORK AT CELLAR OF EXISTING 2 FAMILY, 2 STORY W/ CELLAR RESIDENTIAL BUILDING. NO CHANGE IN USE, EGRESS, OR OCCUPANCY.",4000,182-02,69 AVENUE,Queens,11365,P,SAFEPIPE PLUMBING INC,87-54 168TH STREET.2ND FLOOR,Not Applicable,,,Permit Issued
Q01298164-I1-GC,Q01298164-I1,Initial Permit,2026-09-10,2026-03-30,2026-12-31,General Construction,PROPOSE HORIZONTAL AND VERTICAL ENLARGEMENT FOR A 2-FAMILY DETACHED RESIDENCE. OBTAIN A NEW CERTIFICATE OF OCCUPANCY.,1473760,58-31,229 STREET,Queens,11364,GC,L&L CONSTRUCTION DEVELOP,"169-05 NORTHERN BLVD, 1ST FLR",PJ LUCKY REALTY LLC,,,Permit Issued
Q01298164-I1-MS,Q01298164-I1,Initial Permit,2026-09-10,2026-03-30,2026-12-31,Mechanical Systems,PROPOSE HORIZONTAL AND VERTICAL ENLARGEMENT FOR A 2-FAMILY DETACHED RESIDENCE. OBTAIN A NEW CERTIFICATE OF OCCUPANCY.,1473760,58-31,229 STREET,Queens,11364,GC,L&L CONSTRUCTION DEVELOP,"169-05 NORTHERN BLVD, 1ST FLR",PJ LUCKY REALTY LLC,,,Permit Issued
Q01298164-S1-FO-EA,Q01298164-S1,Initial Permit,2026-09-10,2026-04-27,2026-12-31,Earth Work,"INSTALLATION OF SOE AND FOUNDATION INVOLVED IN PARTIAL DEMO AS PER THE PLANS FILED HEREWITH. NO CHANGE IN USE, OCCUPANCY OR EGRESS.",100000,58-31,229 STREET,Queens,11364,GC,L&L CONSTRUCTION DEVELOP,"169-05 NORTHERN BLVD, 1ST FLR",PJ LUCKY REALTY LLC,,,Permit Issued
Q01298164-S2-ST,Q01298164-S2,Initial Permit,2026-09-10,2026-04-27,2026-12-31,Structural,"INSTALLATION OF STRUCTURAL WORK INVOLVED IN PARTIAL DEMO AS PER THE PLANS FILED HEREWITH. NO CHANGE IN USE, OCCUPANCY OR EGRESS.",200000,58-31,229 STREET,Queens,11364,GC,L&L CONSTRUCTION DEVELOP,"169-05 NORTHERN BLVD, 1ST FLR",PJ LUCKY REALTY LLC,,,Permit Issued
Q01301925-S7-EW-SP,Q01301925-S7,Initial Permit,2026-09-10,2026-08-31,2026-12-29,Sprinklers,RELATED SPRINKLER WORK IN CONJUNCTION WITH CONVERSION OF EXISTING 3-STORY & CELLAR MIXED-USE BUILDING(COMMUNITY FACILITY AND RESIDENTIAL)INTO A SINGLE-TENANT COMMUNITY FACILITY USE. PERFORM INTERIOR RENOVATIONS AS PER PLAN. OBTAINNEW CERTIF,65000,37-21,75 STREET,Queens,11372,F,ACCURATE MECHANICAL INC,2060 ANTIN PLACE,Chhaya Community Development Corpor,,,Permit Issued
Q01310277-S1-FN,Q01310277-S1,Initial Permit,2026-09-10,2026-08-24,2026-11-21,Construction Fence,Install 8' temporary construction fence at address above,5000,68-08,147 STREET,Queens,11367,GC,FIRST WORLD DEVELOPMENT,142-22 CANEY LANE,Not Applicable,,,Permit Issued
Q01324400-S7-FO-EA,Q01324400-S7,Initial Permit,2026-09-10,2026-08-18,2026-12-31,Foundation,FOUNDATION DESIGN ON ALTERATION CO IN ORDER TO DO A HORIZONTAL AND VERTICAL EXTENSION TO AN EXISTING TWO STORY ONE FAMILY DWELLING,50000,73-15,190 STREET,Queens,11366,GC,IMG MANAGEMENT INC,80-35 210 ST,73-15 190 ST LLC,,,Permit Issued
Q01325751-I1-GC-CX,Q01325751-I1,Initial Permit,2026-09-10,2026-05-19,2027-08-12,Mechanical Systems,PROPOSED A NEW 2 1/2 STORY WITH TWO FAMILY HOUSE. OBTAIN NEW C OF O,0,43-18,218 STREET,Queens,11361,GC,GOLDEN TIME CONTRACTING I,47-27 195TH STREET,N/A,,,Permit Issued
Q01325751-S1-SE,Q01325751-S1,Initial Permit,2026-09-10,2026-01-03,2027-08-12,Support of Excavation,FILE SOE IN CONJUNCTION WITH JOB#Q01325751,0,43-18,218 STREET,Queens,11361,GC,GOLDEN TIME CONTRACTING I,47-27 195TH STREET,N/A,,,Permit Issued
Q01345139-S2-CC,Q01345139-S2,Initial Permit,2026-09-10,2026-05-14,2027-05-31,Curb Cut,Application filed for proposed 9.0' curb cut in conjunction with New Building application # Q01345139-I1,0,13-27,139 STREET,Queens,11357,GC,PRECISION HOME DEV INC,148-15 85 DRIVE,UNITED DEVELOPERS LLC,,,Permit Issued
Q01345139-S3-FN,Q01345139-S3,Initial Permit,2026-09-10,2026-02-27,2027-05-31,Construction Fence,Application filed for temporary construction fence in conjunction with New Building application # Q01345139-I1,0,13-27,139 STREET,Queens,11357,GC,PRECISION HOME DEV INC,148-15 85 DRIVE,UNITED DEVELOPERS LLC,,,Permit Issued
Q01345174-S2-CC,Q01345174-S2,Initial Permit,2026-09-10,2026-08-28,2027-05-31,Curb Cut,Application filed for proposed 10.0' curb cut in conjunction with New Building application # Q01345174-I1,0,13-33,139 STREET,Queens,11357,GC,PRECISION HOME DEV INC,148-15 85 DRIVE,UNITED DEVELOPERS LLC,,,Permit Issued
Q01345174-S3-FN,Q01345174-S3,Initial Permit,2026-09-10,2026-03-02,2027-05-31,Construction Fence,Application filed for temporary construction fence in conjunction with New Building application # Q01345174-I1,0,13-33,139 STREET,Queens,11357,GC,PRECISION HOME DEV INC,148-15 85 DRIVE,UNITED DEVELOPERS LLC,,,Permit Issued
Q01345176-S5-CC,Q01345176-S5,Initial Permit,2026-09-10,2026-08-17,2027-05-31,Curb Cut,Application filed for proposed 10.0' curb cut in conjunction with New Building application # Q01345176-I1,0,139-05,14 AVENUE,Queens,11357,GC,PRECISION HOME DEV INC,148-15 85 DRIVE,UNITED DEVELOPERS LLC,,,Permit Issued
Q01345176-S6-FN,Q01345176-S6,Initial Permit,2026-09-10,2026-02-24,2027-05-31,Construction Fence,Application filed for proposed temporary construction fence in conjunction with New Building application # Q01345176-I1,0,139-05,14 AVENUE,Queens,11357,GC,PRECISION HOME DEV INC,148-15 85 DRIVE,UNITED DEVELOPERS LLC,,,Permit Issued
Q01345180-S2-CC,Q01345180-S2,Initial Permit,2026-09-10,2026-06-15,2027-05-31,Curb Cut,Application filed for proposed 9.0' curb cut in conjunction with New Building application # Q01345180-I1,0,13-23,139 STREET,Queens,11357,GC,PRECISION HOME DEV INC,148-15 85 DRIVE,UNITED DEVELOPERS LLC,,,Permit Issued
Q01345180-S3-FN,Q01345180-S3,Initial Permit,2026-09-10,2026-02-24,2027-05-31,Construction Fence,Application filed for temporary construction fence in conjunction with New Building application # Q01345180-I1,0,13-23,139 STREET,Queens,11357,GC,PRECISION HOME DEV INC,148-15 85 DRIVE,UNITED DEVELOPERS LLC,,,Permit Issued
Q01368083-I1-GC-CX,Q01368083-I1,Initial Permit,2026-09-10,2026-08-28,2027-01-12,Earth Work,"NEW TWO STORY AND CELLAR, TWO FAMILY BUILDING.",0,135-44,124 STREET,Queens,11420,GC,KAIETEUR CONSTRUCTION INC,"110-16 LIBERTY AVENUE, SUITE 201",SATGUR CONSTRUCTION INC.,,,Permit Issued
Q01377051-I1-GC-CX,Q01377051-I1,Initial Permit,2026-09-10,2026-09-08,2027-06-01,Foundation,"PROPOSED HORIZONTAL ENLARGEMENT, FULL INTERIOR & EXTERIOR RENOVATION, AND CONVERSION TO TWO FAMILY.",797680,161-12,129 AVENUE,Queens,11434,GC,RELIABLE CUSTOM BUILDERS*,105-20 LIBERTY AVENUE,"RELIABLE CUSTOM BUILDERS, INC.",,,Permit Issued
Q01378502-S5-FN,Q01378502-S5,Initial Permit,2026-09-10,2026-09-10,2026-11-14,Construction Fence,HEREWITH FILING CONSTRUCTION FENCE AS PER PLANS IN CONJUCTION WITH DOB JOB #Q01378502-I1,6500,141-36,71 ROAD,Queens,11367,GC,EJ HOMES 45 LLC,1202 HALSEY STREET,Not Applicable,,,Permit Issued
Q01392781-I1-GC-CX,Q01392781-I1,Initial Permit,2026-09-10,2026-08-25,2027-01-12,Structural,"NEW TWO STORY AND CELLAR, TWO FAMILY BUILDING.",0,135-42,124 STREET,Queens,11420,GC,KAIETEUR CONSTRUCTION INC,"110-16 LIBERTY AVENUE, SUITE 201",SATGUR CONSTRUCTION INC.,,,Permit Issued
Q01394229-I1-FD,Q01394229-I1,Initial Permit,2026-09-10,2026-05-04,2027-03-20,Full Demolition,PROPOSED NON-MECHANICAL FULL DEMOLITION OF EXISTING GARAGE.,4500,78-37 GAR,267 STREET,Queens,11004,GC,CARLIN CONTRACTING OF NY,200 W 54TH STREET #9L,Arismy LLC,,,Permit Issued
Q01398752-I1-SG,Q01398752-I1,Initial Permit,2026-09-10,2026-09-09,2027-05-23,Sign,"ERECT ACCESSORY BUSINESS WALL SIGN FOR WONDER. NO CHANGE OF USE, EGRESS, OR OCCUPANCY.",2600,215-16,NORTHERN BOULEVARD,Queens,11361,S,UNIVERSAL SIGNS & SVC INC,346 BROADWAY,WEST EGG DEVELOPMENT,,,Permit Issued
Q01400628-S1-PL,Q01400628-S1,Initial Permit,2026-09-10,2026-09-03,2027-01-04,Plumbing,HEREWITH TO PROPOSE PLUMBING SYSTEM AS PERPLANS. IN CONJUNCTION WITH DOB Q01400628-I1,70000,59-27,69 AVENUE,Queens,11385,P,THOMAS F. CASH & SONS INC,59-12 KISSENA BLVD,PR,,,Permit Issued
Q01404963-I1-ST,Q01404963-I1,Initial Permit,2026-09-10,2026-09-08,2026-09-16,Structural,"Northwell Health: BH Clinic: minor structural work in conjunction with suite renovations @ 7th floor, as per plans filed herewith.",25000,95-25,QUEENS BOULEVARD,Queens,11374,GC,ADI CONTRACTING LLC,32 MARY LANE,PR,,,Permit Issued
Q01406474-S2-PL,Q01406474-S2,Initial Permit,2026-09-10,2026-08-05,2027-04-01,Plumbing,Installation of new exterior canopy with storm drain piping,42000,40-28,MAIN STREET,Queens,11354,P,"M&T PLBG AND HTG CO., INC",120 EAST 13TH STREET,WELLS FARGO,,,Permit Issued
Q01406786-I1-GC-CX,Q01406786-I1,Initial Permit,2026-09-10,2026-09-04,2026-11-25,General Construction,"EXIST 2.5 STORIES (1) ONE FAMILY DWELLING UNIT TO BE HORIZONTALLY AND ENLARGE, FULLY RENOVATED AND CONVERTED INTO A (2) TWO FAMILY DWELLING UNITS. NEW DRYWALL PARTITIONS AND PLUMBING FIXTURES AS PER PLANS.",530130,205-32,104 AVENUE,Queens,11412,GC,26 BONIM LLC,124-20 METROPOLITAN AVE,ZMIROT LLC,,,Permit Issued
Q01415518-S1-PL,Q01415518-S1,Initial Permit,2026-09-10,2026-07-24,2027-05-10,Plumbing,"rearrange existing bathroom in 1st floor master bed room and install 1wc, 1 lav, 1 tub in the cellar. no change in use, occupancy or egress.",50000,1-04,GROSVENOR STREET,Queens,11363,P,CATMAN PLUMBING INC,20-11 COLLEGE POINT BLVD,PR,,,Permit Issued
Q01415860-I1-GC-CX,Q01415860-I1,Initial Permit,2026-09-10,2026-06-26,2027-05-05,General Construction,UNDERPINNING OF THE REAR WALL AND FOUNDATION WORK FOR COLUMNS IN THE CELLAR.,50000,150-63,77 AVENUE,Queens,11367,GC,J&P METRO DEV GROUP INC,140-33 34TH AVE APT 3G,PR,,,Permit Issued
Q01417142-I1-GC,Q01417142-I1,Initial Permit,2026-09-10,2026-07-14,2026-12-15,General Construction,"NEW EXTERIOR FACADE MODIFICATIONS ON 69 ST AS NOTED ON DRAWINGS. WINDOW REPLACEMENT ON 69 ST FACADE. NEW CANOPY AT FRONT ENTRY. FACADE REPAIRS TO EAST & SOUTH ELEVATIONS. PARTIAL INTERIOR ALTERATION IN ENTRY VESTIBULE. NO CHANGE IN USE,OCCU",177000,56-05,69 STREET,Queens,11378,GC,H.M. HUGHES CO. INC,323 EAST 65TH STREET,MASPETH FEDERAL SAVINGS,,,Permit Issued
Q01417838-I1-SL,Q01417838-I1,Initial Permit,2026-09-10,2026-09-09,2027-03-31,Solar,"INSTALL SOLAR PV ON CARPORT CANOPY (FILED UNDER SUBSEQUENT FILING). NO CHANGE IN USE, OCCUPANCY, OR EGRESS. FEE EXEMPT.",29173,74-30,COMMONWEALTH BOULEVARD,Queens,11426,GC,BROOKLYN SOLARWORKS LLC,200 6TH STREET SUITE 3G,DCAS,,,Permit Issued
Q01421118-S2-PL,Q01421118-S2,Initial Permit,2026-09-10,2026-08-05,2027-04-01,Plumbing,"INTERIOR RENOVATION OF ALL THREE FLOORS. PROVIDE NEW PLUMBING FIXTURES,RELOCATED EXISTING WATER METER, INSTALLATION OF NEW SANITARY SEWERSYSTEMS, DOMESTIC WATER SYSTEMS SYSTEMS. NO CHANGE TO USE, EGRESS OR OCCUPANCY.",104000,40-28,MAIN STREET,Queens,11354,P,"M&T PLBG AND HTG CO., INC",120 EAST 13TH STREET,WELLS FARGO,,,Permit Issued
Q01423494-I1-GC,Q01423494-I1,Initial Permit,2026-09-10,2026-08-25,2026-12-27,General Construction,"Facade repairs as per plans; no change to use, egress, or occupancy.",60000,78-06,46 AVENUE,Queens,11373,GC,"M. SHADATH CONTRACTING, L",623 EAST 5TH STREET,,,,Permit Issued
Q01425992-I1-SL,Q01425992-I1,Initial Permit,2026-09-10,2026-09-03,2026-10-01,Solar,"FILING HEREWITH TAX ABATEMENT APPLICATION FOR INSTALLATION OF ROOF-MOUNTED SOLAR PANELS. NO CHANGE IN USE, EGRESS, OR OCCUPANCY.",24600,121-22,6 AVENUE,Queens,11356,GC,SUNRUN INSTALLATION SVC,775 FIERO LN STE 200,Not Applicable,,,Permit Issued
Q01430946-I1-GC,Q01430946-I1,Initial Permit,2026-09-10,2026-08-05,2026-11-22,General Construction,Facade repair as indicated on drawings.,300000,56-01,61 STREET,Queens,11378,GC,JEPOL CONSTRUCTION INC,60-80 60 LANE,ROCKLYN ASSET CORP,,,Permit Issued
Q01437706-S1-PL,Q01437706-S1,Initial Permit,2026-09-10,2026-08-04,2027-01-01,Plumbing,"Plumbing modifications for interior renovation of Apartment 18H on the 12th floor per CO 401066421 (Tenant's 18th floor) as shown on drawings filed herewith. No change in use, egress or occupancy.",20000,104-40,QUEENS BOULEVARD,Queens,11375,P,CAM ENERGY HTG&MECH CORP,213 50TH STREET,BPP PARKER TOWER PROPERTY OWNER,,,Permit Issued
Q01438614-I1-SH,Q01438614-I1,Initial Permit,2026-09-10,2026-09-09,2026-12-09,Sidewalk Shed,"PROPOSED INSTALLATION OF HEAVY DUTY SIDEWALK SHED AS PER PLANS. LIVE LOAD 300 LBS PER SQUARE FEET. SIDEWALK SHED SHALL COMPLY WITH CHAPTER #33 OF THE NYC BUILDING CODE. NO CHANGE IN USE, OCCUPANCY, OR EGRESS UNDER THIS APPLICATION.",45000,144-07,SANFORD AVENUE,Queens,11355,GC,RELIABLE ENTERPRISES INC,1431 BRUCKNER BOULEVARD,RELIABLE ENTERPRISES INC,,,Permit Issued
Q01438625-I1-MS,Q01438625-I1,Initial Permit,2026-09-10,2026-08-31,2027-01-06,Mechanical Systems,HEREWITH FILING FOR THE INSTALLATION OF A NEW ROOFTOP DUCTLESS HVAC UNIT ON AN EXISTING COMMERCIAL BUILDING. NO OTHER WORK PROPOSED UNDER THIS APPLICATION.,7000,217-10,JAMAICA AVENUE,Queens,11428,GC,PROJECT EYE CONSULTANTS I,2096 CLOVE ROAD,THE DANIEL GROUP,,,Permit Issued
Q01439016-S2-PL,Q01439016-S2,Initial Permit,2026-09-10,2026-09-04,2026-12-01,Plumbing,"plumbing work as shown on plans filed herewith. No change in use, egress or occupancy.",259874.52,257-07,UNION TURNPIKE,Queens,11004,P,REEM PLUMBING & HEATING C,63 FLUSHING AVENUE,JEFFREY MGMT CORP,,,Permit Issued
Q01439297-I1-GC,Q01439297-I1,Initial Permit,2026-09-10,2026-09-03,2027-01-04,General Construction,"IN UNITS 4A AND 4B ON FLOOR 4, REMOVAL AND INSTALLATION OF NON-LOADBEARING PARTITIONS AND COMBINE UNITS PER TPPN 3/1997, AS SHOWN ON PLANS. ALL PLUMBING WORK FILED UNDER SEPARATE APPLICATION. NO CHANGE TO EGRESS, USE, OR OCCUPANCY.",112000,72-11,110 STREET,Queens,11375,GC,D&A HOME IMPROVEMENT NYC,105-25 64TH AVENUE #3H,,,,Permit Issued
Q01441558-I1-GC,Q01441558-I1,Initial Permit,2026-09-10,2026-09-08,2026-12-31,General Construction,"Alterations to interior retail space (Journeys) with no change to use, egress or occupancy.",272034.1,90-15,QUEENS BOULEVARD,Queens,11373,GC,HORIZON RETAIL CONSTRUCTI,9999 E EXPLORATION CT,MACERICH,,,Permit Issued
Q01442726-S1-PL,Q01442726-S1,Initial Permit,2026-09-10,2026-09-01,2026-12-31,Plumbing,"FILE PLUMBING WORK FOR LEGALIZATION OF PLUMBING FIXTURES AND EQUIPMENT AS PER PLAN. THIS APPLICATION IS IN CONJUNCTION WITH GC FILING #Q01442726-I1. NO CHANGE TO USE, EGRESS, OR OCCUPANCY.",10000,6557,MAURICE AVENUE,Queens,11377,P,HYDRO MECHANICAL INC,50-25 65TH PLACE,Not Applicable,,,Permit Issued
Q01445041-I1-SH,Q01445041-I1,Initial Permit,2026-09-10,2026-08-13,2026-12-09,Sidewalk Shed,PROPOSED INSTALLATION OF HEAVY DUTY SIDEWALK SHED FOR REMEDIAL REPAIRS AS PER PLANS. NO CHANGE IN USE OCCUPANCY OR EGRESS UNDER THIS APPLICATION. LIVE LOAD 300 PER SQUARE FEET. SIDEWALK SHED SHALL COMPLY WITH CHAPTER # 33 OF THE 2022 CODE.,8000,98-20,ASTORIA BOULEVARD,Queens,11369,GC,PREET & M CONSTRUCTION,13047 121ST STREET,PREET & M CONSTRUCTION,,,Permit Issued
Q01445858-S1-PL,Q01445858-S1,Initial Permit,2026-09-10,2026-09-04,2026-10-02,Plumbing,"Install gas to proposed kitchen equipment, from existing services.",28000,109-10,SUTPHIN BOULEVARD,Queens,11435,P,IPS PLUMBING CORP,65-06 GRAND AVENUE,,,,Permit Issued
Q01445862-I1-PL,Q01445862-I1,Initial Permit,2026-09-10,2026-09-08,2027-03-15,Plumbing,"Install new sinks in he adult day care center on the 2nd floor. No change to use, egress or occupancy.",5000,78-14,ROOSEVELT AVENUE,Queens,11373,P,"ECONOMY P & H CO.,INC",54-15 46TH STREET,COMJEM ASSOCIATES LTD,,,Permit Issued
Q01447708-I1-SC,Q01447708-I1,Initial Permit,2026-09-10,2026-09-10,2026-10-24,Suspended Scaffold,IRA FISP INSPECTION,0,4117,CRESCENT STREET,Queens,11101,R,SUPERSTARS CONTRACTING IN,40-27 24TH STREET,prospect management,,,Permit Issued
Q01448947-I1-SL,Q01448947-I1,Initial Permit,2026-09-10,2026-09-10,2026-10-19,Solar,"ROOFTOP SOLAR INSTALLATION. NO CHANGE TO USE, OCCUPANCY OR EGRESS.",40500,144-44,69 AVENUE,Queens,11367,GC,KAMTECH RESTORATION CORP,203 SHERIDAN BLVD,Not Applicable,,,Permit Issued
Q01449160-I1-SL,Q01449160-I1,Initial Permit,2026-09-10,2026-09-01,2026-10-01,Solar,"FILING HEREWITH TAX ABATEMENT APPLICATION FOR INSTALLATION OF ROOF-MOUNTED SOLAR PANELS. NO CHANGE IN USE, EGRESS, OR OCCUPANCY.",36000,109-40,167 STREET,Queens,11433,GC,SUNRUN INSTALLATION SVC,775 FIERO LN STE 200,Not Applicable,,,Permit Issued
Q01450471-I1-SF,Q01450471-I1,Initial Permit,2026-09-10,2026-08-28,2027-04-01,Supported Scaffold,"Installation of a temporarily supported scaffold per plan submitted. Work shall comply with 2022 building codes chapter 33. No change in use, egress and/or occupancy with this application.",2500,68-20,MYRTLE AVENUE,Queens,11385,GC,UPRISE SCAFFOLD GROUP LLC,1992 BURNT MILLS ROAD,Uprise Scaffold Group,,,Permit Issued
Q01450803-I1-GC,Q01450803-I1,Initial Permit,2026-09-10,2026-09-04,2026-12-05,General Construction,"PARTIAL STUCCO WORK IN PARTIAL FRONT ELEVATION FOR EXISTING 1st STORY COMMERCIAL BUILDING. NO CHANGE IN USE, OCCUPANCY AND STRUCTURE UNDER THIS APPLICATION.",15000,271-08,UNION TURNPIKE,Queens,11040,GC,COLGATE MAINTENANCE CORP,"278 COLONY AVE, SUITE 3","271 UNION TURNPIKE, LLC",,,Permit Issued
Q01450865-I1-GC,Q01450865-I1,Initial Permit,2026-09-10,2026-09-03,2027-01-30,General Construction,"Application file to comply ECB violation 0391587443M use as a same use group office & storage (Non-combustable) just repackage paultry in differnt size (pacakage ) no change use,egress and occupancy.",17100,36-27,32 STREET,Queens,11106,GC,ARC HI TECT ASSOCIATE INC,1427 BROADWAY,Mecca Halal Poultry,,,Permit Issued
Q01451078-I1-GC,Q01451078-I1,Initial Permit,2026-09-10,2026-09-04,2027-01-30,General Construction,"REPLACE FRONT-FACED BRICK MATCHING WITH EXISTING ONE; ALSO REPAIR COPPING STONE AS NECESSARY. NO CHANGE IN USE, EGRESS, OR OCCUPANCY.",16800,109-08,CORONA AVENUE,Queens,11368,GC,ARC HI TECT ASSOCIATE INC,1427 BROADWAY,PR,,,Permit Issued
Q01453306-I1-SL,Q01453306-I1,Initial Permit,2026-09-10,2026-09-03,2026-09-30,Solar,"Installation of solar panels, Roof Top, Grid Tied, railed, (14) Modules, (5.74) kW System Size",28700,62-33,DRY HARBOR ROAD,Queens,11379,PE,MOMENTUM SOLAR,3096 B HAMILTON BLVD,Not Applicable,,,Permit Issued
Q01453496-I1-PL,Q01453496-I1,Initial Permit,2026-09-10,2026-09-09,2027-06-30,Plumbing,To file PL plumbing work in conjunction with DOB Now Build application job#Q01403116.,15000,107-18,101 AVENUE,Queens,11416,P,SIGNORE & SONS PLBG CORP,2237 WEBSTER AVENUE,PR,,,Permit Issued
Q01453805-I1-SL,Q01453805-I1,Initial Permit,2026-09-10,2026-09-08,2027-06-01,Solar,"Installation of solar system on the roof as per plan. No change in use, egress or occupancy",15867,72-24,136 STREET,Queens,11367,GC,TRINITY SOLAR LLC,2211 ALLENWOOD ROAD,Not Applicable,,,Permit Issued
Q01453891-I1-GC,Q01453891-I1,Initial Permit,2026-09-10,2026-09-08,2027-04-01,General Construction,"INTERIOR RENOVATION OF EXISTING TWO STORY HOUSE. NO CHANGE IN USE, OCCUPANCY OR EGRESS.",93500,33-27,154 STREET,Queens,11354,GC,XINLI.CONSTRUCTION LLC,148 BAY 26 STREET,C&X PROPERTY HOLDING LLC,,,Permit Issued
Q01453891-S1-PL,Q01453891-S1,Initial Permit,2026-09-10,2026-09-08,2027-02-03,Plumbing,FILE PL WORKTYPE IN CONJUNCTION WITH JOB#Q01453891,25500,33-27,154 STREET,Queens,11354,P,"WATSON'S PLBG, HTG, & BDG",855 ST. NICHOLAS AVENUE,C&X PROPERTY HOLDING LLC,,,Permit Issued
Q01453995-I1-SL,Q01453995-I1,Initial Permit,2026-09-10,2026-09-03,2026-09-30,Solar,"INSTALLATION OF SOLAR PANELS, ROOFTOP, RAILED, GRID-TIED, 6 MODULES, 2.46KW",12300,158-47,75 ROAD,Queens,11366,PE,MOMENTUM SOLAR,3096 B HAMILTON BLVD,Not Applicable,,,Permit Issued
Q01454181-I1-SL,Q01454181-I1,Initial Permit,2026-09-10,2026-09-03,2026-10-01,Solar,"FILING HEREWITH TAX ABATEMENT APPLICATION FOR INSTALLATION OF ROOF-MOUNTED SOLAR PANELS. NO CHANGE IN USE, EGRESS, OR OCCUPANCY.",33750,88-50,SABRE STREET,Queens,11427,GC,SUNRUN INSTALLATION SVC,775 FIERO LN STE 200,Not Applicable,,,Permit Issued
Q01454614-I1-SL,Q01454614-I1,Initial Permit,2026-09-10,2026-09-09,2027-06-01,Solar,"Installation of solar system on the roof as per plan. No change in use, egress or occupancy",38228.4,115-88,233 STREET,Queens,11411,GC,TRINITY SOLAR LLC,2211 ALLENWOOD ROAD,Not Applicable,,,Permit Issued
Q01454616-I1-SL,Q01454616-I1,Initial Permit,2026-09-10,2026-09-08,2027-06-01,Solar,"Installation of solar system on the roof as per plan. No change in use, egress or occupancy",27638.1,220-11,94 DRIVE,Queens,11428,GC,TRINITY SOLAR LLC,2211 ALLENWOOD ROAD,Not Applicable,,,Permit Issued
Q01454621-I1-SL,Q01454621-I1,Initial Permit,2026-09-10,2026-09-04,2026-12-31,Solar,INSTALLATION OF PV SYSTEM ON EXISTING ROOFTOP. NO CHANGES TO EGRESS OR USE OF OCCUPANCY.,24996,34-53,62 STREET,Queens,11377,GC,THE GREEN PLUG LLC,1 OLD COUNTRY RD SUITE 250,Not Applicable,,,Permit Issued
Q01454930-S1-PL,Q01454930-S1,Initial Permit,2026-09-10,2026-09-08,2027-01-01,Plumbing,"PLUMBING WORK OF EXISTING 3-FAMILY BUILDING AS PER PLAN FILED HEREWITH. NO CHANGE IN USE, EGRESS OR OCCUPANCY.",48000,14-24,ASTORIA BOULEVARD,Queens,11102,P,P.S.I. MECHANICAL,"122-17 18 AVE,1ST FL UNIT STORE",1424 Astoria Blvd LLC,,,Permit Issued
Q01455068-S1-PL,Q01455068-S1,Initial Permit,2026-09-10,2026-09-03,2027-04-25,Plumbing,"PLUMBING WORK FOR EXISTING STORE ON CELLAR, 1ST FLOOR. NO CHANGE IN USE, OCCUPANCY AND EGRESS UNDER THIS APPLICATION.",29500,164-01,NORTHERN BOULEVARD,Queens,11358,P,PETER PLUMBING ASSOC. INC,129-09 26TH AVENUE,PR,,,Permit Issued
Q01455661-I1-GC,Q01455661-I1,Initial Permit,2026-09-10,2026-09-08,2027-05-19,General Construction,Laminate existing walls and ceilings with gypsum boards and refinish wood flooring,50000,32-26,204 STREET,Queens,11361,GC,BUILDTEK LLC,139-46 HILLSIDE AVE,n/a,,,Permit Issued
Q01455724-I1-SL,Q01455724-I1,Initial Permit,2026-09-10,2026-09-08,2026-09-30,Solar,"Installation of solar panels, rooftop, grid tied, railed, 6 modules, 2.46 KW",12300,97-52,104 STREET,Queens,11416,PE,MOMENTUM SOLAR,3096 B HAMILTON BLVD,Not Applicable,,,Permit Issued
Q01455756-I1-FN,Q01455756-I1,Initial Permit,2026-09-10,2026-09-08,2026-12-27,Construction Fence,"Install 8' height temporary construction fence @ OSP. No change in use, egress and occupancy",2750,108-35,171 PLACE,Queens,11433,GC,ZAQ CONSTRUCTION INC,"39-15 MAIN STREET, 308",Not Applicable,,,Permit Issued
Q01455847-I1-GC,Q01455847-I1,Initial Permit,2026-09-10,2026-09-09,2027-03-04,Mechanical Systems,"INTERIOR & EXTERIOR RENOVATION OF AN EXISTING 2 FAMILY HOUSE WITH , REPAIRING FLOOR, CEILING, STAIR, NEW PARTITION, PAINTING , REPLACE WINDOWS, DOORS , REPLACE FRONT STAIR, INSTALL NEW AC UNITS. NO CHANGE IN USE, EGRESS OR OCCUPANCY.",159000,31-22,36 STREET,Queens,11106,GC,MERCURY BUILDING ASSO INC,124-15 METROPOLITAN AVENUE,Not Applicable,,,Permit Issued
Q01455847-I1-MS,Q01455847-I1,Initial Permit,2026-09-10,2026-09-09,2027-03-04,Mechanical Systems,"INTERIOR & EXTERIOR RENOVATION OF AN EXISTING 2 FAMILY HOUSE WITH , REPAIRING FLOOR, CEILING, STAIR, NEW PARTITION, PAINTING , REPLACE WINDOWS, DOORS , REPLACE FRONT STAIR, INSTALL NEW AC UNITS. NO CHANGE IN USE, EGRESS OR OCCUPANCY.",159000,31-22,36 STREET,Queens,11106,GC,MERCURY BUILDING ASSO INC,124-15 METROPOLITAN AVENUE,Not Applicable,,,Permit Issued
Q01456891-I1-EW-SP,Q01456891-I1,Initial Permit,2026-09-10,2026-09-10,2026-12-31,Sprinklers,"MODIFICATION OF AN EXISTING SPRINKLER SYSTEM ON THE 3RD FLOOR AT JD SPORTS STORE AS PER PLANS SUBMITTED HEREWITH, NO CHANGE IN USE, EGRESS OR OCCUPANCY GROUP.",18000,90-15,QUEENS BOULEVARD,Queens,11373,F,SIRINA FIRE PROT CORP,"450 7TH AVENUE, SUITE 506",MACERICH,,,Permit Issued
Q01457008-I1-PMM,Q01457008-I1,Initial Permit,2026-09-10,2026-09-10,2027-04-01,Protection and Mechanical Methods,"Installation Of Temporary Single Personnel Hoist As per Plans Submitted. Work shall comply with 2022 building codes chapter 33. No change in use, egress and/or occupancy with this application.",10000,54-11,QUEENS BOULEVARD,Queens,11377,GC,CS BRIDGE CORP,1470 BRUCKNER BLVD,NOSTRAND LAND LLC,,,Permit Issued
Q01457746-I1-SF,Q01457746-I1,Initial Permit,2026-09-10,2026-09-10,2027-01-18,Supported Scaffold,"PROPOSED INSTALLATION OF TEMPORARY PIPE SCAFFOLD AS PER PLANS. WORK SHALL COMPLY WITH CHAPTER #33 OF THE NYC BUILDING CODE. NO CHANGE IN USE, OCCUPANCY, OR EGRESS UNDER THIS APPLICATION.",9000,88-29,51 AVENUE,Queens,11373,GC,RELIABLE ENTERPRISES INC,1431 BRUCKNER BOULEVARD,RELIABLE ENTERPRISES INC,,,Permit Issued
S00844614-S8-MS,S00844614-S8,Initial Permit,2026-09-10,2025-02-24,2027-05-01,Mechanical Systems,"Mechanical system for a three story, one-family detached residence with accessory built-in two-car garage.",0,34,CARLTON PLACE,Staten Island,10301,GC,"NELLO HOMES, INC",21 PRALL AVE,NELLO DEVELOPMENT CORP,,,Permit Issued
S01112084-I1-GC,S01112084-I1,Initial Permit,2026-09-10,2024-10-08,2026-11-17,General Construction,Alt/Co to change tenant spaces from two to three and change of occupant loads. New 2-hr. rated demising partitions and toilet partitions to be installed. Existing ductwork distribution in spaces 2 & 3 to be removed. Rooftop units and trunks,42908,185,BRICKTOWN WAY,Staten Island,10309,GC,DUNCAN ROAD DEVELOPERS,2001 GROVE STREET,BRIDLE ESTATES INC,,,Permit Issued
S01209433-S1-PL,S01209433-S1,Initial Permit,2026-09-10,2025-11-17,2026-12-01,Plumbing,PL SOW FILED IN CONJUNCTION w S01209433-I1 (GC) and S01209433-S2 (MS) WORK TYPES AS RELATED TO ACCESSORY EMERGENCY GENERATOR (GAS) AND MECHANICAL EQUIPMENT AS SPECIFIED HEREIN .,30000,694,NEW DORP LANE,Staten Island,10306,P,TRISTATE PLBG SVCS CORP,1431 CROMWELL AVENUE,A VERY SPECIAL PLACE,,,Permit Issued
S01286455-I1-GC,S01286455-I1,Initial Permit,2026-09-10,2025-10-16,2027-01-01,General Construction,"Herewith, Filing Modifications to Servery /Kitchen. Work includes the Removal and/or Replacement of Interior partitions, ceiling systems, finishes, and Millwork as per the plans. No changes to egress, occupancy, or use.",618352,2800 J,VICTORY BOULEVARD,Staten Island,10314,GC,GRYPHON CONSTRUCTION INC,28 HILLTOP BLVD,DASNY,,,Permit Issued
S01286455-S3-PL,S01286455-S3,Initial Permit,2026-09-10,2025-10-30,2026-10-31,Plumbing,"PLUMBING WORK ON CEL, 001 FLOORS AS SHOWN HEREWITH. NO CHANGES TO EGRESS, OCCUPANCY OR USE",340000,2800 J,VICTORY BOULEVARD,Staten Island,10314,P,"PAR PLUMBING CO., INC",101 PARK AVENUE LOWER LOBBY,DASNY,,,Permit Issued
S01289834-I1-FO-EA,S01289834-I1,Initial Permit,2026-09-10,2025-11-14,2026-10-04,Foundation,CONSTRUCT DETACHED TWO FAMILY RESIDENCE WITH BUILT IN ONE CAR GARAGE AND ACCESSORY OFF STREET PARKING FOR TWO CARS.,0,148,WOODVALE AVENUE,Staten Island,10309,GC,AMERICAN HOME BUILDING AN,59 PURCELL STREET,AMERICAN HOME BUILDING AND MASONRY,,,Permit Issued
S01289834-I1-ST,S01289834-I1,Initial Permit,2026-09-10,2025-11-14,2026-10-04,Earth Work,CONSTRUCT DETACHED TWO FAMILY RESIDENCE WITH BUILT IN ONE CAR GARAGE AND ACCESSORY OFF STREET PARKING FOR TWO CARS.,0,148,WOODVALE AVENUE,Staten Island,10309,GC,AMERICAN HOME BUILDING AN,59 PURCELL STREET,AMERICAN HOME BUILDING AND MASONRY,,,Permit Issued
S01289838-I1-FO-EA,S01289838-I1,Initial Permit,2026-09-10,2025-11-17,2026-10-04,Foundation,CONSTRUCT DETACHED TWO FAMILY RESIDENCE WITH BUILT IN ONE CAR GARAGE AND ACCESSORY OFF STREET PARKING FOR TWO CARS.,0,154,WOODVALE AVENUE,Staten Island,10309,GC,AMERICAN HOME BUILDING AN,59 PURCELL STREET,AMERICAN HOME BUILDING AND MASONRY,,,Permit Issued
S01289838-I1-ST,S01289838-I1,Initial Permit,2026-09-10,2025-11-17,2026-10-04,General Construction,CONSTRUCT DETACHED TWO FAMILY RESIDENCE WITH BUILT IN ONE CAR GARAGE AND ACCESSORY OFF STREET PARKING FOR TWO CARS.,0,154,WOODVALE AVENUE,Staten Island,10309,GC,AMERICAN HOME BUILDING AN,59 PURCELL STREET,AMERICAN HOME BUILDING AND MASONRY,,,Permit Issued
S01289840-I1-FO-EA,S01289840-I1,Initial Permit,2026-09-10,2025-11-17,2026-10-04,General Construction,CONSTRUCT TWO FAMILY RESIDENT WITH BUILT IN ONE CAR GARAGE AND ACCESORY OFF STREET PARKING FOR TWO CARS,0,156,WOODVALE AVENUE,Staten Island,10309,GC,AMERICAN HOME BUILDING AN,59 PURCELL STREET,AMERICAN HOME BUILDING AND MASONRY,,,Permit Issued
S01289840-I1-ST,S01289840-I1,Initial Permit,2026-09-10,2025-11-17,2026-10-04,Structural,CONSTRUCT TWO FAMILY RESIDENT WITH BUILT IN ONE CAR GARAGE AND ACCESORY OFF STREET PARKING FOR TWO CARS,0,156,WOODVALE AVENUE,Staten Island,10309,GC,AMERICAN HOME BUILDING AN,59 PURCELL STREET,AMERICAN HOME BUILDING AND MASONRY,,,Permit Issued
S01294484-I1-GC,S01294484-I1,Initial Permit,2026-09-10,2026-03-03,2027-01-01,General Construction,"Renovate restrooms on the 1st floor including addition of fixtures, new partitions and finishes ; related work on cellar and roof; all work as per plans filed herewith.",175541,2800P,VICTORY BOULEVARD,Staten Island,10314,GC,GRYPHON CONSTRUCTION INC,28 HILLTOP BLVD,CUNY,,,Permit Issued
S01294604-I1-GC,S01294604-I1,Initial Permit,2026-09-10,2025-12-17,2027-01-01,General Construction,Building 1P: remove and install new partitions and finishes to accommodate renovation of the bathrooms in the existing college building.,427294,2800Y,VICTORY BOULEVARD,Staten Island,10314,GC,GRYPHON CONSTRUCTION INC,28 HILLTOP BLVD,CUNY,,,Permit Issued
S01320049-S1-MS,S01320049-S1,Initial Permit,2026-09-10,2026-08-21,2027-01-07,Mechanical Systems,"Verizon site. Replacement of existing generator with new non-emergency gas generator on the roof. No change in use, egress or occupancy.",40000,373,VETERANS ROAD WEST,Staten Island,10309,GC,ODYSSIA GLOBAL COMM. CORP,24-34 45TH STREET,GTB HYLAN LLC,,,Permit Issued
S01358029-I1-GC,S01358029-I1,Initial Permit,2026-09-10,2026-06-18,2027-04-01,General Construction,"NYU PHYSICIAN PRACTICE - 1534 VICTORY BLVD - INTERIOR RENOVATIONS TO EXISTING FIRST FLOOR AMBULATORY CARE FACILITY AND FINISHES AT LOBBY ENTRANCE. NO CHANGE IN USE, EGRESS, OR OCCUPANCY.",1332987,1534,VICTORY BOULEVARD,Staten Island,10314,GC,TALISEN CONSTRUCTION CORP,"213 WEST 35TH STREET,STE#1302",1360 HYLAN BLVD LLC,,,Permit Issued
S01398838-S1-PL,S01398838-S1,Initial Permit,2026-09-10,2026-08-12,2026-09-26,Plumbing,PLUMBING APPLICATION FILED IN CONJUNCTION WITH NB APPLICATION FOR NEW BUILDING & DETACHED GARAGE ON LOT.,0,26,JANSEN STREET,Staten Island,10312,P,"QUALITY PLUMBING, INC",40 LASALLE STREET,SAGONA LANDSCAPING.LTD,,,Permit Issued
S01398887-S1-PL,S01398887-S1,Initial Permit,2026-09-10,2026-08-12,2026-09-26,Plumbing,PLUMBING APPLICATION FILED IN CONJUNCTION WITH NB APPLICATION FOR HOUSE & GARAGE ON LOT,0,32,JANSEN STREET,Staten Island,10312,P,"QUALITY PLUMBING, INC",40 LASALLE STREET,SAGONA LANDSCAPING.LTD,,,Permit Issued
S01402528-I1-GC,S01402528-I1,Initial Permit,2026-09-10,2026-06-18,2027-01-01,General Construction,"Non-structural replacement of existing canopy fascia. No change in use, egress or occupancy.",20000,630,ARTHUR KILL ROAD,Staten Island,10308,GC,WOODSIDE ASSOCIATES INC,19 MT PLEASANT AVENUE,STACEY MANAGEMENT,,,Permit Issued
S01402528-S1-GC,S01402528-S1,Initial Permit,2026-09-10,2026-06-22,2027-01-01,General Construction,"Removal of existing building fascia panels/ sign. No change in use, egress or occupancy.",5000,630,ARTHUR KILL ROAD,Staten Island,10308,GC,WOODSIDE ASSOCIATES INC,19 MT PLEASANT AVENUE,STACEY MANAGEMENT,,,Permit Issued
S01406069-I1-FO,S01406069-I1,Initial Permit,2026-09-10,2026-09-08,2026-12-22,General Construction,"Construct a 3-story, one-family detached residence with an accessory ADU,",0,32,MALONE AVENUE,Staten Island,10306,GC,MAXIMUM CONTRACTING INC,18 VANDERBILT AVENUE,JM Trinity Holdings LLC,,,Permit Issued
S01406069-I1-GC,S01406069-I1,Initial Permit,2026-09-10,2026-09-08,2026-12-22,Structural,"Construct a 3-story, one-family detached residence with an accessory ADU,",0,32,MALONE AVENUE,Staten Island,10306,GC,MAXIMUM CONTRACTING INC,18 VANDERBILT AVENUE,JM Trinity Holdings LLC,,,Permit Issued
S01406097-I1-FO,S01406097-I1,Initial Permit,2026-09-10,2026-09-08,2026-12-22,General Construction,"Construct a 3-story, one-family detached residence with an accessory ADU,",0,40,MALONE AVENUE,Staten Island,10306,GC,MAXIMUM CONTRACTING INC,18 VANDERBILT AVENUE,JM Trinity Holdings LLC,,,Permit Issued
S01406097-I1-GC,S01406097-I1,Initial Permit,2026-09-10,2026-09-08,2026-12-22,Foundation,"Construct a 3-story, one-family detached residence with an accessory ADU,",0,40,MALONE AVENUE,Staten Island,10306,GC,MAXIMUM CONTRACTING INC,18 VANDERBILT AVENUE,JM Trinity Holdings LLC,,,Permit Issued
S01406097-I1-ST,S01406097-I1,Initial Permit,2026-09-10,2026-09-08,2026-12-22,Foundation,"Construct a 3-story, one-family detached residence with an accessory ADU,",0,40,MALONE AVENUE,Staten Island,10306,GC,MAXIMUM CONTRACTING INC,18 VANDERBILT AVENUE,JM Trinity Holdings LLC,,,Permit Issued
S01406100-I1-FO,S01406100-I1,Initial Permit,2026-09-10,2026-09-08,2026-12-22,Foundation,"Construct a 3-story, one-family detached residence with an accessory ADU,",0,42,MALONE AVENUE,Staten Island,10306,GC,MAXIMUM CONTRACTING INC,18 VANDERBILT AVENUE,JM Trinity Holdings LLC,,,Permit Issued
S01406100-I1-GC,S01406100-I1,Initial Permit,2026-09-10,2026-09-08,2026-12-22,Foundation,"Construct a 3-story, one-family detached residence with an accessory ADU,",0,42,MALONE AVENUE,Staten Island,10306,GC,MAXIMUM CONTRACTING INC,18 VANDERBILT AVENUE,JM Trinity Holdings LLC,,,Permit Issued
S01406100-I1-ST,S01406100-I1,Initial Permit,2026-09-10,2026-09-08,2026-12-22,General Construction,"Construct a 3-story, one-family detached residence with an accessory ADU,",0,42,MALONE AVENUE,Staten Island,10306,GC,MAXIMUM CONTRACTING INC,18 VANDERBILT AVENUE,JM Trinity Holdings LLC,,,Permit Issued
S01412858-I1-GC-CX,S01412858-I1,Initial Permit,2026-09-10,2026-07-08,2026-09-18,Earth Work,"new wood deck at rear of residence, no change to exist use/egress/occupancy/yards/bulk proposed under this action",20500,111,GLENWOOD AVENUE,Staten Island,10301,GC,M&R IMPROVEMENTS CORP,143 VINELAND AVE,Not Applicable,,,Permit Issued
S01417300-S2-GC,S01417300-S2,Initial Permit,2026-09-10,2026-09-01,2026-11-08,General Construction,"REBUILD THE EXISTING FIRE, SMOKE & WATER DAMAGED WALLS, CEILING, AND FLOOR FINISHES AT FIRST THROUGH SIXTH FLOORS, APARTMENTS INCLUDE 106-606 & 107-607 AND SELECTED HALLWAYS. NO CHANGE TO LAYOUTS, STRUCTURAL INTEGRITY, USE EGRESS OR OCCUPAN",1145100,55,BOWEN STREET,Staten Island,10304,GC,CHATEAU GC LLC,"1044 NORTHERN BLVD, 2ND FL",PROGRESSIVE MANAGMENT,,,Permit Issued
S01420305-I1-GC,S01420305-I1,Initial Permit,2026-09-10,2026-07-28,2026-12-10,General Construction,"Interior renovation to remove illegal partition wall, to remedy violation # 39190803R and 39190804Z. Plumbing work was filed by LAA #S01385105. No change in use, egress or occupancy",20000,216,ARLENE STREET,Staten Island,10314,GC,GENESIS NYC CONSTRUCTION,136-18 39TH AVENUE. SUITE 601,Not Applicable,,,Permit Issued
S01441005-I1-FN,S01441005-I1,Initial Permit,2026-09-10,2026-09-09,2026-12-11,Construction Fence,"SHCC /Noble Maritime Collection - INSTALLATION OF CONSTRUCTION FENCE TO SEPARATE PUBLICA AREA FROM WORK AREAS, RELATED DOB# S00988880",4000,1000 D,RICHMOND TERRACE,Staten Island,10310,GC,CORBEX INC,351 DENTON AVENUE,DDC,,,Permit Issued
S01443107-I1-PL,S01443107-I1,Initial Permit,2026-09-10,2026-09-08,2027-02-16,Plumbing,"PLUMBING WORK TO REPLACE (1) EXIST BOILER & (1) EXIST HWH, & INSTALL (1) ADDITIONAL NEW BOILER & (1) ADDITIONAL NEW HWH AT CELLAR. NO CHANGE TO USE, EGRESS OR OCCUPANCY.",26000,27,EDGEGROVE AVENUE,Staten Island,10312,P,FLOWRITE SYSTEMS CORP,46353 44TH ROAD,VKW DESIGN INC,,,Permit Issued
S01447170-I1-SL,S01447170-I1,Initial Permit,2026-09-10,2026-08-18,2026-11-15,Solar,"INSTALLATION OF SOLAR PANELS ON ROOF. NO CHANGE IN USE, EGRESS, OR OCCUPANCY.",31489.65,59,RIVERSIDE LANE,Staten Island,10302,RA,"TOM PETERSEN ARCHITECT, LLC",6 COUNTRY LANE,Not Applicable,,,Permit Issued
S01450772-I1-SG,S01450772-I1,Initial Permit,2026-09-10,2026-09-10,2026-12-19,Sign,"ILLUMINATED NON-ADVERTISING ACCESSORY WALL SIGN - IN PROPERTY LINES - SHASHLIK HOUSE. NO CHANGE OF USE, EGRESS OR OCCUPANCY.",2500,3161,AMBOY ROAD,Staten Island,10306,S,MAD SIGNS INC,165B INDUSTRIAL LOOP,OAKWOOD CENTER LLC,,,Permit Issued
S01451942-I1-SL,S01451942-I1,Initial Permit,2026-09-10,2026-09-10,2027-06-01,Solar,"Installation of solar system on the roof as per plan. No change in use, egress or occupancy",32226,493,WILLOWBROOK ROAD,Staten Island,10314,GC,TRINITY SOLAR LLC,2211 ALLENWOOD ROAD,Not Applicable,,,Permit Issued
S01455000-I1-FN,S01455000-I1,Initial Permit,2026-09-10,2026-09-09,2026-12-22,Construction Fence,"TEMP. CONST. FENCE (PLYWOOD) APPLCATION FILED IN CONJUCTION WITH RECENTLY FILED ALT. TYPE I PER ALT. NO. S01433892, TO 1INSTALL TEMP PLYWOOD CONSTRUCTION FENCE FOR SITE PROTECTION DURING THE CONSTRUCTION OPERATION.",5000,432,SHEFFIELD STREET,Staten Island,10310,GC,MAXIMUM CONTRACTING INC,18 VANDERBILT AVENUE,Not Applicable,,,Permit Issued
S01456167-I1-FN,S01456167-I1,Initial Permit,2026-09-10,2026-09-09,2027-04-08,Construction Fence,TEMPORARY CONSTRUCTION FENCE,5000,4126,HYLAN BOULEVARD,Staten Island,10308,GC,SKEN SERVICES CORP,"175 ZOE STREET, APT 6P",Not Applicable,,,Permit Issued
X00917750-S2-SE,X00917750-S2,Initial Permit,2026-09-10,2024-10-28,2027-01-31,Support of Excavation,INSTALL SUPPORT OF EXCAVATION AS PER PLANS FILED.,0,550,EAST TREMONT AVENUE,Bronx,10457,GC,ANDRON CONSTRUCTION CORP,21 ANDERSON LANE,NYC PARKS & RECREATION,,,Permit Issued
X00953537-S6-EW-SD,X00953537-S6,Initial Permit,2026-09-10,2025-03-04,2027-01-31,Standpipe,HUB REVIEW HPD PROJECT - IT IS PROPOSED TO FILE FOR SPRINKLER AND STANDPIPE WORK FOR A NEW NINE (9) STORY RESIDENTIAL BUILDING AS SHOWN ON PLANS.,0,1806,ANTHONY AVENUE,Bronx,10457,F,TRISTATE FIRE SPRINK INC,1237 39 STREET 1ST FLOOR,"UNIQUE PEOPLE SERVICES, INC.",,,Permit Issued
X00953537-S6-EW-SP,X00953537-S6,Initial Permit,2026-09-10,2025-03-04,2027-01-31,Standpipe,HUB REVIEW HPD PROJECT - IT IS PROPOSED TO FILE FOR SPRINKLER AND STANDPIPE WORK FOR A NEW NINE (9) STORY RESIDENTIAL BUILDING AS SHOWN ON PLANS.,0,1806,ANTHONY AVENUE,Bronx,10457,F,TRISTATE FIRE SPRINK INC,1237 39 STREET 1ST FLOOR,"UNIQUE PEOPLE SERVICES, INC.",,,Permit Issued
X00953537-S7-EW-SD,X00953537-S7,Initial Permit,2026-09-10,2024-10-31,2027-01-31,Standpipe,IT IS PROPOSED TO FILE FOR A TEMP STANDPIPE SYSTEM FOR PROPOSED NEW BUILDING AS SHOWN ON PLANS.,0,1806,ANTHONY AVENUE,Bronx,10457,F,TRISTATE FIRE SPRINK INC,1237 39 STREET 1ST FLOOR,"UNIQUE PEOPLE SERVICES, INC.",,,Permit Issued
X00989288-S5-SE,X00989288-S5,Initial Permit,2026-09-10,2026-02-17,2026-12-31,Support of Excavation,PROPOSED SUPPORT OF EXCVATION PLANS FILED HEREWITH.,0,3065,PERRY AVENUE,Bronx,10467,GC,NAVAC BUILDERS INC,25 SOUTH GREENBUSH RD STE100,PR,,,Permit Issued
X00999716-S1-PL,X00999716-S1,Initial Permit,2026-09-10,2024-03-23,2026-10-12,Plumbing,"X118: Remove existing yard drains and sediment pits. Provide new yard drains, catch basins, outlet control structure, and trench drains.",548294,577,EAST 179 STREET,Bronx,10457,P,PANILI PLUMBING & HTG LLC,3720 58 STREET,NYC SCA,,,Permit Issued
X01019875-S1-PL,X01019875-S1,Initial Permit,2026-09-10,2026-06-22,2027-01-01,Plumbing,providing new gas shutoff valves & piping for boiler burner replacements,100000,3424,KOSSUTH AVENUE,Bronx,10467,P,I.M.P. PLUMBING & HEATING CORP.,412 8th Avenue,PR,,,Permit Issued
X01168000-S1-EW-SP,X01168000-S1,Initial Permit,2026-09-10,2025-05-29,2026-12-29,Sprinklers,"Herewith filing application propose to remove the existing sprinkler heads, piping and components throughout the building for full demo.",35000,6389,BROADWAY,Bronx,10471,P,"WELKIN ENTERPRISES,LLC",79-51 COOPER AVENUE,NYC SCA,,,Permit Issued
X01202536-I1-GC,X01202536-I1,Initial Permit,2026-09-10,2026-02-19,2026-12-01,General Construction,APPLICATION FILED HEREWITH TO ERECT A NEW ELEVEN (11) STORY RESIDENTIAL BUILDING WITH SIXTY-FIVE (65) DWELLING UNITS,0,220,KIMBERLY PLACE,Bronx,10463,GC,L & A DEVELOPERS GROUP*,1738 HONE AVENUE,WESTORCHARD MANAGEMENT,,,Permit Issued
X01215143-S2-PL,X01215143-S2,Initial Permit,2026-09-10,2025-07-16,2027-02-01,Plumbing,"PLUMBING MODIFICATIONS (OFFICE RENOVATION) AS PER PLANS. NO CHANGE IN USE, EGRESS OR OCCUPANCY.",168000,67,METROPOLITAN OVAL,Bronx,10462,P,DV PLUMBING INC,94 Davidson Street,OLSHAN PROPERTIES,,,Permit Issued
X01280071-S3-EW-SP,X01280071-S3,Initial Permit,2026-09-10,2025-11-10,2026-11-14,Sprinklers,Sprinkler application filed subsequent to Alt-CO NB application: X01280071-I1.,1000,477,WILLIS AVENUE,Bronx,10455,F,PRIME PIPING & HEATING IN,152-32 ROCKAWAY BLVD,SRT NOSTRAND LLC,,,Permit Issued
X01297399-S8-SE,X01297399-S8,Initial Permit,2026-09-10,2026-08-03,2026-11-19,Support of Excavation,SUPPORT OF EXCAVATION FILED IN CONJUNCTION WITH NB JOB NUMBER X01297399-I1.,0,2054,WALTON AVENUE,Bronx,10453,GC,"EXPRESS BUILDERS JB, INC",365 FLUSHING AVE #612,EXPRESS BUILDERS JB INC,,,Permit Issued
X01306831-I1-FD,X01306831-I1,Initial Permit,2026-09-10,2026-06-16,2026-10-18,Full Demolition,full demolition of 5 story structure using hand held and mechanical means.,2203046,2077,BOSTON ROAD,Bronx,10460,GC,STATE CONTRACTING CORP NY,555 SAW MILL RIVER ROAD,Phipps Houses,,,Permit Issued
X01324218-I1-GC-CX,X01324218-I1,Initial Permit,2026-09-10,2026-07-27,2027-05-02,General Construction,facade restoration,98000,333,EAST 209 STREET,Bronx,10467,GC,WINSTAR RESTORATION INC,132 WILDCAT ROAD,"VERITAS PROPERTY MANAGEMENT, LLC",,,Permit Issued
X01349818-S1-PL,X01349818-S1,Initial Permit,2026-09-10,2026-09-10,2026-12-03,Plumbing,PLUMBING APPLICATION FILED HEREWITH IN CONJUNCTION TO ALT-CO APPLICATION X01349818-I1,101400,1046,MORRIS AVENUE,Bronx,10456,P,"QUALITY PIPING, INC",1027 CHURCH AVENUE,PR,,,Permit Issued
X01349818-S2-MS,X01349818-S2,Initial Permit,2026-09-10,2026-09-10,2026-12-26,Mechanical Systems,MECHANICAL SYSTEMS APPLICATION FILED HEREWITH IN CONJUNCTION TO ALT-CO APPLICATION X01349818-I1,39000,1046,MORRIS AVENUE,Bronx,10456,GC,BUILDERS GROUP USA INC,4118 14TH AVENUE #108,PR,,,Permit Issued
X01349818-S3-EW-SP,X01349818-S3,Initial Permit,2026-09-10,2026-07-02,2026-12-03,Sprinklers,SPRINKLER APPLICATION FILED HEREWITH IN CONJUNCTION TO ALT-CO APPLICATION X01349818-I1 TO INSTALL WET SPRINKLER SYSTEM IN THE ENTIRE BUILDING AND IN ACCORDANCE WITH NFPA 13R 2016 EDITION AS MODIFIED BY NYC BC 2022 APPENDIX Q AS PER PLAN,44000,1046,MORRIS AVENUE,Bronx,10456,F,"QUALITY PIPING, INC",1027 CHURCH AVENUE,PR,,,Permit Issued
X01350653-S1-MS,X01350653-S1,Initial Permit,2026-09-10,2026-09-09,2027-06-04,Mechanical Systems,"INSTALL NEW EXHAUST VENTS AND AIR INTAKE VENTS FOR THE FOUR (4) REPLACEMENT DIRECT-VENT GAS-FIRED HOT WATER HEATERS AS PER PLANS. NO CHANGE IN USE, EGRESS OR OCCUPANCY.",1500,3518,BAINBRIDGE AVENUE,Bronx,10467,GC,HI CREST NY INC,1862 55TH STREET,MEDCO,,,Permit Issued
X01354527-I1-PL,X01354527-I1,Initial Permit,2026-09-10,2026-04-20,2026-11-02,Plumbing,"REMOVAL OF SRO UNITS IN CELLAR TO ADDRESS ECB VIOLATIONS: 39171989K & 39171986P. SCOPE OF WORK INCLUDES CAPPING & REMOVAL OF PLUMBING FIXTURES CELLAR. NO CHANGE TO USE, EGRESS OR OCCUPANCY.",12500,938,INTERVALE AVENUE,Bronx,10459,P,ALL PRO PLBG & HTG INC,63-03 FOREST AVENUE,PR,,,Permit Issued
X01408399-S1-GC,X01408399-S1,Initial Permit,2026-09-10,2026-08-19,2027-04-28,General Construction,"REMOVAL OF PARTITIONS TO PROVIDE MORE SPACE AT EXISTING PIZZERIA. NO OTHER WORK PROPOSED. NO CHANGE IN JSE, EGRESS OR OCCUPANCY.",11500,761,MORRIS PARK AVENUE,Bronx,10462,GC,BBPD CORPORATION,1 WHETSTONE AVE APT 114,PRIMAVERA PIZZERIA,,,Permit Issued
X01414725-I1-SH,X01414725-I1,Initial Permit,2026-09-10,2026-06-19,2026-12-09,Sidewalk Shed,"INSTALLATION OF 300PSF SIDEWALK SHED AS PER PLANS. ALL EQUIPMENT SHALL COMPLY WITH CH #33 OF THE NYC CODE 2022. NO CHANGE IN USE, OCCUPANCY OR EGRESS UNDER THIS APPLICATION.",9000,337,EAST 146 STREET,Bronx,10451,GC,MANIANI BUILDERS CORP,104-14 93RD AVENUE,MANIANI BUILDERS CORP,,,Permit Issued
X01419773-I1-SC,X01419773-I1,Initial Permit,2026-09-10,2026-06-30,2026-09-20,Suspended Scaffold,"SUSPENDED SCAFFOLD OUTRIGGER SYSTEM AT 788 ARNOW AVENUE, BRONX, FOR FACADE RESTORATION WORK. THERE WILL BE NO CHANGE IN THE USE, EGRESS, OR OCCUPANCY UNDER THIS APPLICATION.",0,788,ARNOW AVENUE,Bronx,10467,R,DNS FINE BUILDERS INC,83-28 PARSONS BLVD,DNS FINE BUILDERS INC,,,Permit Issued
X01430479-S2-PL,X01430479-S2,Initial Permit,2026-09-10,2026-08-12,2027-05-16,Plumbing,PLUMBING WORK RELATED TO TENANT FIT OUT AT 1ST AND 3RD FLOOR AS PER PLANS FILED HEREWITH.,211600,2511,MARION AVENUE,Bronx,10458,P,DEPENDABLE MECH CORP,"6202 17TH AVENUE, 1ST FLOOR",GINDI CAPITAL,,,Permit Issued
X01434313-I1-GC,X01434313-I1,Initial Permit,2026-09-10,2026-09-01,2026-11-18,General Construction,Reconfiguration of the existing egress gate at the rear of the existing multiple-dwelling building as per plans filed herewith.,12500,945,ALDUS STREET,Bronx,10459,GC,CHEEMA CONSTRUCTION INC,2534 CRUGER AVE APT 2F,ZALE MANAGEMENT CORP.,,,Permit Issued
X01434313-S1-FN,X01434313-S1,Initial Permit,2026-09-10,2026-09-02,2026-11-18,Construction Fence,Installation of temporary construction fence in connection with General Construction Application.,4000,945,ALDUS STREET,Bronx,10459,GC,CHEEMA CONSTRUCTION INC,2534 CRUGER AVE APT 2F,ZALE MANAGEMENT CORP.,,,Permit Issued
X01443177-I1-MS,X01443177-I1,Initial Permit,2026-09-10,2026-08-28,2026-11-03,Mechanical Systems,"Install mechanical systems in conjunction with NB#210178920. There is no change in use, occupancy, or egress.",1000,2111,WHITE PLAINS ROAD,Bronx,10462,GC,NEW LINE CONSTRUCTION LLC,2444 BOUCK AVENUE,ATLANTIS DEVELOPMENT INC,,,Permit Issued
X01444327-I1-SC,X01444327-I1,Initial Permit,2026-09-10,2026-09-08,2027-07-01,Suspended Scaffold,FISP INSPECTION (Facade Inspection Safety Program). INDUSTRIAL ROPE ACCESS TECHNIQUES AND METHODS. SEE ATTACHED PLANS. Designated Primary Site supervisor: Jesus Decola,0,2251,SEDGWICK AVENUE,Bronx,10468,R,STRUCTUAL PRESV SYSTEM,35-21 VERNON BLVD,RUSH MANAGEMENT CO,,,Permit Issued
X01445302-I1-SL,X01445302-I1,Initial Permit,2026-09-10,2026-08-13,2026-11-15,Solar,"INSTALLATION OF SOLAR PANELS ON ROOF. NO CHANGE IN USE, EGRESS, OR OCCUPANCY.",22387.2,1415,BURKE AVENUE,Bronx,10469,RA,"TOM PETERSEN ARCHITECT, LLC",6 COUNTRY LANE,Not Applicable,,,Permit Issued
X01445726-I1-SL,X01445726-I1,Initial Permit,2026-09-10,2026-08-17,2026-11-15,Solar,"INSTALLATION OF SOLAR PANELS ON ROOF. NO CHANGE IN USE, EGRESS, OR OCCUPANCY.",17008.5,3177,WISSMAN AVENUE,Bronx,10465,RA,"TOM PETERSEN ARCHITECT, LLC",6 COUNTRY LANE,Not Applicable,,,Permit Issued
X01446345-I1-SH,X01446345-I1,Initial Permit,2026-09-10,2026-09-10,2026-12-09,Sidewalk Shed,"INSTALLATION OF TEMPORARY SIDEWALK SHED AS PER PLANS. NO CHANGE IN USE, EGRESS OR OCCUPANCY.",1,1106,BOYNTON AVENUE,Bronx,10472,GC,POWERS BRIDGING & SCAFFOL,211 COOK STREET,UNIVERSAL CONTRACTING,,,Permit Issued
X01447734-I1-SC,X01447734-I1,Initial Permit,2026-09-10,2026-09-04,2026-10-24,Suspended Scaffold,IRA FISP INSPECTION,0,1910,SEMINOLE AVENUE,Bronx,10461,R,SUPERSTARS CONTRACTING IN,40-27 24TH STREET,VERSAI LLC,,,Permit Issued
X01447750-I1-SC,X01447750-I1,Initial Permit,2026-09-10,2026-09-04,2026-10-24,Suspended Scaffold,IRA FISP Inspection,0,1225,MORRIS PARK AVENUE,Bronx,10461,R,SUPERSTARS CONTRACTING IN,40-27 24TH STREET,VERSAI LLC,,,Permit Issued
X01448591-I1-SH,X01448591-I1,Initial Permit,2026-09-10,2026-09-10,2026-12-09,Sidewalk Shed,"INSTALLATION OF TEMPORARY SIDEWALK SHED AS PER PLANS. SIDEWALK SHED SHALL COMPLY WITH CHAPTER 33 OF THE 2022 NYC BUILDING CODE. NO CHANGE IN USE, EGRESS OR OCCUPANCY UNDER THIS APPLICATION.",166000,2420,BRONXWOOD AVENUE,Bronx,10469,GC,J.K.CONSTRUCTION NEW YORK,305 MINEOLA BLVD,NYCHA,,,Permit Issued
X01449158-I1-GC,X01449158-I1,Initial Permit,2026-09-10,2026-09-02,2027-05-15,General Construction,"PARAPET WALL REPLACEMENT AS PER PLAN. NO CHANGE IN USE, EGRESS OR OCCUPANCY WITH THIS APPLICATION",8000,1970,WALTON AVENUE,Bronx,10453,GC,ASN CONST & RENOV INC,429 TORRY AVE,Hope Management,,,Permit Issued
X01450992-I1-GC,X01450992-I1,Initial Permit,2026-09-10,2026-08-31,2027-05-09,General Construction,"FACADE REPAIRS AT EXPOSURE 2 (WEST ELEVATION). REPAIR DETERIORATED STUCCO, MASONRY AT EXISTING CHIMNEY, PARAPET/ROOF-EDGE AND WATERPROOFING AS PER PLANS. NO CHANGE IN USE, EGRESS OR OCCUPANCY.",65000,1665,NELSON AVENUE,Bronx,10453,GC,A&H EMPIRE CONSTRUCTION,135-07 LINDEN BLVD,SAG 233 LLC.,,,Permit Issued
X01452350-I1-GC,X01452350-I1,Initial Permit,2026-09-10,2026-09-08,2027-05-24,General Construction,"Minor Renovation of attic floor as per plan. No change in use, occupancy or egress",61875,372,EAST 235 STREET,Bronx,10470,GC,WEBB DEVELOPMENT SVC CORP,34 EAST 1ST STREET 2ND FL,Not Applicable,,,Permit Issued
X01452630-I1-GC,X01452630-I1,Initial Permit,2026-09-10,2026-09-02,2026-10-21,General Construction,"PROPOSED OF INTERIOR RENOVATION OF APARTMENT 4A AS PER PLANS. NO CHANGE IN USE, OCCUPANCY, OR EGRESS UNDER THIS APPLICATION",30000,2337,GRAND CONCOURSE,Bronx,10468,GC,AXIS BUILDERS INC,110-15 ROCKAWAY BLVD,AXIS BUILDERS INC.,,,Permit Issued
X01454418-I1-SL,X01454418-I1,Initial Permit,2026-09-10,2026-09-08,2026-09-30,Solar,"Installation of solar panels, Roof Top, Grid Tied, railed, (19) Modules, (7.79) kW System Size",38950,1312,GIVAN AVENUE,Bronx,10469,PE,MOMENTUM SOLAR,3096 B HAMILTON BLVD,Not Applicable,,,Permit Issued
X01455363-I1-PMM,X01455363-I1,Initial Permit,2026-09-10,2026-09-09,2027-01-19,Protection and Mechanical Methods,"INSTALLATION OF 6000 LB SINGLE PERSONNEL HOIST CAR AS PER PLANS DURING CONSTRUCTION. HOIST SHALL COMPLY WITH CHAPTER #33 OF THE 2022 CODE. NO CHANGE IN USE, EGRESS, OR OCCUPANCY UNDER THIS APPLICATION.",9540,120,EAST 167 STREET,Bronx,10452,GC,PLATINUM SERVICES NY LLC,53-28 11TH STREET 2ND FL,PLATINUM SERVICES NY LLC,,,Permit Issued
X01457173-I1-SF,X01457173-I1,Initial Permit,2026-09-10,2026-09-10,2026-10-06,Supported Scaffold,"INSTALLATION OF PIPE SCAFFOLDING AS PER PLANS. PIPE SCAFFOLDING SHALL COMPLY WITH CHAPTER #33 OF THE NYC BUILDING CODE 2022. NO CHANGE IN USE, OCCUPANCY, OR EGRESS UNDER THIS APPLICATION.",5000,2115,MATTHEWS AVENUE,Bronx,10462,GC,ACE GROUP NY CORP,34 BARCLAY STREET,ACE GROUP NY CORP.,,,Permit Issued
X01457696-I1-FN,X01457696-I1,Initial Permit,2026-09-10,2026-09-10,2027-07-10,Construction Fence,"INSTALLATION OF THE TEMPORARY FENCE AT 1930 LORING PLACE, BRONX, NY 10453 AS INDICATED ON PLANS. THERE WILL BE NO CHANGE IN THE USE, EGRESS, OR OCCUPANCY UNDER THIS APPLICATION.",9872,1930,LORING PLACE,Bronx,10453,GC,INNOVATIVE CONSTRUCTION &,86-16 QUEENS BLVD,Housing Preservation & Development,,,Permit Issued
B00786117-S4-EW-SP,B00786117-S4,Initial Permit,2026-09-09,2023-03-30,2027-02-28,Sprinklers,Removal of 5 Sprinkler head and related piping to preparation for new Electric Service room in cellar,50000,1970,HOMECREST AVENUE,Brooklyn,11229,F,"EAGLE 1 MECHANICAL, INC",62-43 30TH AVENUE,NYC SCHOOL CONSTRUCTION AUTHORITY,,,Permit Issued
B01002768-S2-MS,B01002768-S2,Initial Permit,2026-09-09,2025-06-11,2026-12-01,Mechanical Systems,new mechanical duct work and piping for a residential building,12000,163,HERKIMER STREET,Brooklyn,11216,GC,THE PHILIP GROUP CORP,355 HERZI ST #1,PR,,,Permit Issued
B01036883-S3-FO,B01036883-S3,Initial Permit,2026-09-09,2026-08-04,2026-11-14,Foundation,SUBSEQUENT FILING FOR UNDERPINNING WORK IN CONJUNCTION TO ALT-CO NB FILING # B01036883-I1,10000,196,LEE AVENUE,Brooklyn,11211,GC,GOLDEN BUILDERS NY INC,130 LEE AVENUE #379,PR,,,Permit Issued
B01061790-S7-EW-SP,B01061790-S7,Initial Permit,2026-09-09,2025-05-09,2026-12-31,Sprinklers,Sprinkler work type hereby filed subsequent to the NB GC application: B01061790-I1,0,466,LAFAYETTE AVENUE,Brooklyn,11205,F,B&B MECH PLBG & HTG LLC,1127 UTICA AVENUE,LAFAYETTE GARDENS HOLDINGS LLC,,,Permit Issued
B01069870-I1-EA,B01069870-I1,Initial Permit,2026-09-09,2024-07-10,2026-12-31,Earth Work,"Removal and Installation of concrete pavement, landscaping and other site features related to the installation of Con Edison transformer vaults and new drainage. Installation of waterproofing along building faade. No change to use, egress, ",175000,500,19 STREET,Brooklyn,11215,GC,NAVILLUS TILE INC,633 3RD AVENUE...17TH FL,DIOCESE OF BROOKLYN,,,Permit Issued
B01077835-I1-PL,B01077835-I1,Initial Permit,2026-09-09,2024-08-01,2026-09-28,Sprinklers,"INSTALLATION OF SPRINKLER SYSTEM FOR THE ENTIRE BUILDING IN CONJUNCTION WITH APPLICATION # B01056829. NO CHANGE IN USE, EGRESS OR OCCUPANCY.",86900,1702,OCEAN PARKWAY,Brooklyn,11223,P,TRI CITY MECHANICAL GROUP,"156-09 ROCKAWAY BLVD, 1ST FLOOR",PR,,,Permit Issued
B01083935-S8-PMM,B01083935-S8,Initial Permit,2026-09-09,2026-09-09,2026-12-31,Protection and Mechanical Methods,"INSTALLATION AND USE OF TEMPORARY KNUCKLEBOOM AS PER PLANS FILED HEREWITH. NO CHANGE IN USE EGRESS, OR OCCUPANCY.",0,801,OCEAN PARKWAY,Brooklyn,11230,GC,CANDID CONNECTION INC,3099 CROPSEY AVENUE,"G-NADO, INC",,,Permit Issued
B01100484-S1-SE,B01100484-S1,Initial Permit,2026-09-09,2026-07-21,2027-05-01,Support of Excavation,SUBSEQUENT FILING FOR THE SUPPORT OF EXCAVATION FILED IN CONJUNCTION WITH THE ENLARGEMENT ALTERATION CO APPLICATION #B01100484-I1. THE ALTERATION CO APPLICATION WAS APPROVED ON 11/22/2024 AND PERMITTED ON 01/07/2025.,5000,3379,SHORE PARKWAY,Brooklyn,11235,GC,BUILD R US CORP,2769A EAST 15 ST,Not Applicable,,,Permit Issued
B01100484-S3-ST,B01100484-S3,Initial Permit,2026-09-09,2026-07-22,2027-05-01,Structural,SUBSEQUENT FILING FOR STRUCTURAL WORK FILED IN CONJUNCTION WITH THE ENLARGEMENT ALTERATION CO APPLICATION #B01100484-I1.,922940,3379,SHORE PARKWAY,Brooklyn,11235,GC,BUILD R US CORP,2769A EAST 15 ST,Not Applicable,,,Permit Issued
B01155671-S8-PL,B01155671-S8,Initial Permit,2026-09-09,2026-04-22,2026-12-04,Plumbing,installation of a new plumbing system in conjunction with application #B01155671,25000,51 A,STOCKHOLM STREET,Brooklyn,11221,P,RITE WAY HEATING CORP,"50 QUENTIN RD., 1ST FLOOR",PR,,,Permit Issued
B01186531-S2-PL,B01186531-S2,Initial Permit,2026-09-09,2025-10-21,2026-12-03,Plumbing,INSTALLATION OF NEW PIPING AND PLUMBING FIXTURES IN CONJUNCTION WITH APPLICATION # B01186531-I1,80000,1189,44 STREET,Brooklyn,11219,P,PIPING & PLUMBING SOLUTIO,4601C 1ST AVENUE,Not Applicable,,,Permit Issued
B01203912-S2-ST,B01203912-S2,Initial Permit,2026-09-09,2026-09-01,2027-01-25,Structural,STRUCTURAL FRAMING WORK FOR THE REAR 1ST FLOOR EXTENSION TO EXISTING 3 STORY MIXED-USE BUILDING.,45000,220,COURT STREET,Brooklyn,11201,GC,LKM CONTRACTING & CONSTRU,1035 SENECA AVE 3L,"CERYNEIAN MGT, LLC",,,Permit Issued
B01203912-S4-FN,B01203912-S4,Initial Permit,2026-09-09,2026-09-04,2027-01-25,Construction Fence,TEMPORARY CONSTRUCTION FENCE IN CONJUNCTION WITH REAR 1ST FLOOR EXTENSION FILED UNDER B01203912-I1.,5000,220,COURT STREET,Brooklyn,11201,GC,LKM CONTRACTING & CONSTRU,1035 SENECA AVE 3L,"CERYNEIAN MGT, LLC",,,Permit Issued
B01233197-S1-FO-EA,B01233197-S1,Initial Permit,2026-09-09,2026-06-09,2026-12-30,Foundation,Foundation and Excavation required for the Proposed vertical and horizontal enlargement of an existing two (2) story building; converting to a three (3) story + cellar one family building,90000,2030,EAST 14 STREET,Brooklyn,11229,GC,ACER CONSTRUCTION INC,131-44 40TH ROAD 2ND FLOOR,NEXTGEN PHARMACEUTICALS,,,Permit Issued
B01263817-S3-SE,B01263817-S3,Initial Permit,2026-09-09,2026-06-03,2027-02-05,Support of Excavation,SOE plans filed in conjunction with NB B01263817-I1,0,1905,ATLANTIC AVENUE,Brooklyn,11233,GC,HIL GROUP LLC,569 MARCY AVENUE APT 8C,Not Applicable,,,Permit Issued
B01270507-I1-GC-CX,B01270507-I1,Initial Permit,2026-09-09,2025-09-08,2026-12-31,Structural,FACADE REPAIRS (FISP CYCLE 9),1528356,21,CLARK STREET,Brooklyn,11201,GC,STONEHENGE BUILDING SERV,270 BOHLEN RD,"21 Clark Street Property Owner, LLC",,,Permit Issued
B01312719-I1-CC,B01312719-I1,Initial Permit,2026-09-09,2026-08-26,2027-03-21,Curb Cut,CURB CUT APPLICATION FILED IN CONJUNCTION TO NB APPLICATION # B01246023-I1,100,1305,ROCKAWAY PARKWAY,Brooklyn,11236,GC,"LEAD IT BUILDERS, LLC",670 MYRTLE AVE #6-404,ROCKAWAWY EQUITIES NY LLC,,,Permit Issued
B01321033-S1-PL,B01321033-S1,Initial Permit,2026-09-09,2026-09-08,2026-10-02,Plumbing,"PLUMBING SCOPE IN CONJUNCTION WITH INTERIOR RENOVATION AS PER PLANS FILED HEREWITH. NO CHANGE IN USE, EGRESS, OR OCCUPANCY.",91500,5,TEMPLE COURT,Brooklyn,11218,P,IPS PLUMBING CORP,65-06 GRAND AVENUE,Not Applicable,,,Permit Issued
B01327363-S2-PL,B01327363-S2,Initial Permit,2026-09-09,2026-05-22,2026-11-14,Plumbing,PLUMBING SPECIFICATIONS FILED IN CONJUNCTION WITH NB APPLICATION #B01327363-I1,0,159,BROADWAY,Brooklyn,11211,P,PRIME PIPING & HEATING IN,152-32 ROCKAWAY BLVD,B CONTRACTORS GROUP LLC,,,Permit Issued
B01327363-S3-EW-SD,B01327363-S3,Initial Permit,2026-09-09,2025-12-23,2026-11-14,Standpipe,SPRINKLER & STANDPIPE SPECIFICATIONS FILED IN CONJUNCTION WITH GC APPLICATION B01327363-I1,0,159,BROADWAY,Brooklyn,11211,F,PRIME PIPING & HEATING IN,152-32 ROCKAWAY BLVD,B CONTRACTORS GROUP LLC,,,Permit Issued
B01327363-S4-EW-SD,B01327363-S4,Initial Permit,2026-09-09,2025-12-19,2026-11-14,Standpipe,TEMPORARY STANDPIPE SPECIFICATIONS FILED IN CONJUNCTION WITH GC APPLICATION B01327363-I1,0,159,BROADWAY,Brooklyn,11211,F,PRIME PIPING & HEATING IN,152-32 ROCKAWAY BLVD,B CONTRACTORS GROUP LLC,,,Permit Issued
B01330433-S3-FO-EA,B01330433-S3,Initial Permit,2026-09-09,2026-06-04,2027-01-05,Earth Work,FOUNDATION PLANS FILED HEREWITH.,0,2625,BEDFORD AVENUE,Brooklyn,11226,GC,TOWNHOUSE BUILDERS INC,3611 14TH AVENUE #606,W6 FACILITY X. LLC,,,Permit Issued
B01330433-S4-SE,B01330433-S4,Initial Permit,2026-09-09,2026-03-23,2027-01-05,Support of Excavation,SOE FILED HEREWITH IN CONJUNCTION WITH B01330433-I1,0,2625,BEDFORD AVENUE,Brooklyn,11226,GC,TOWNHOUSE BUILDERS INC,3611 14TH AVENUE #606,W6 FACILITY X. LLC,,,Permit Issued
B01339950-S1-PL,B01339950-S1,Initial Permit,2026-09-09,2026-08-26,2027-03-16,Plumbing,PLUMBING WORK ONLY IN CONJUNCTION WITH APPLICATION #B01339950-I1,25000,345,ELDERT STREET,Brooklyn,11237,P,KISHAN PLUMBING INC,106-46 GUY R BREWER BLVD,Not Applicable,,,Permit Issued
B01341040-I1-FN,B01341040-I1,Initial Permit,2026-09-09,2026-01-16,2027-01-31,Construction Fence,Installation of the construction fence,2000,9302,3 AVENUE,Brooklyn,11209,GC,NADKOS INC,2906 SHELL ROAD,Tiny Titans Day Care 2,,,Permit Issued
B01348359-S3-CC,B01348359-S3,Initial Permit,2026-09-09,2026-07-17,2027-05-29,Curb Cut,Proposed new curb cut filed in conjunction with GC #B01348359-I1,5000,1558,38 STREET,Brooklyn,11218,GC,AFFINITY ASSOCIATES 1 INC,670 MYRTLE AVENUE SUITE 109,Not Applicable,,,Permit Issued
B01350852-I1-GC,B01350852-I1,Initial Permit,2026-09-09,2026-07-22,2027-01-01,General Construction,"Hereby filing to replace windows for apt renovation as shown on plans filed herewith. No change to use, occupancy or egress.",18120,498,11 STREET,Brooklyn,11215,GC,V & ROGER CNSTRCTN CORP,104-54 41ST AVENUE 2ND FL,,,,Permit Issued
B01363195-I1-PMM,B01363195-I1,Initial Permit,2026-09-09,2026-09-09,2026-12-31,Protection and Mechanical Methods,"Filing for chute. No change in use, egress or occupancy. Filing in conjuction with B01111764.",20000,4211,14 AVENUE,Brooklyn,11219,GC,MALENI GROUP INC,1863 CHESTER DR,NYC SCHOOL CONSTRUCTION AUTHORITY,,,Permit Issued
B01363613-S1-MS,B01363613-S1,Initial Permit,2026-09-09,2026-09-08,2027-05-13,Mechanical Systems,"Mechanical application filed in conjunction with Alt-co #B01363613-I1. Installation of all new building-wide HVAC, ventilation, exhaust, and dehumidification systems with associated mechanical components.",141800.21,1358,57 STREET,Brooklyn,11219,GC,OVERHEAD MANAGEMENT LLC,58 WALTON ST APT 5D,PR,,,Permit Issued
B01364782-S1-PL,B01364782-S1,Initial Permit,2026-09-09,2026-06-26,2026-11-02,Plumbing,Plumbing application filing in conjunction with DOB NOW # B01364782-S1,30400,1559,EAST 9 STREET,Brooklyn,11230,P,ALL PRO PLBG & HTG INC,63-03 FOREST AVENUE,Not Applicable,,,Permit Issued
B01367160-I1-SH,B01367160-I1,Initial Permit,2026-09-09,2026-09-09,2026-11-16,Sidewalk Shed,"INSTALLATION OF TEMPORARY SIDEWALK SHED AS PER PLANS. NO CHANGE IN USE, EGRESS OR OCCUPANCY.",1,410,40 STREET,Brooklyn,11232,GC,CORE SCAFFOLD SYSTEMS INC,417 MYRTLE AVE SUITE 14,OWNERS REP,,,Permit Issued
B01372558-I1-GC,B01372558-I1,Initial Permit,2026-09-09,2026-07-14,2027-04-27,General Construction,"Partial demolition and reconstruction of the rear portion of the building, replacing in-kind within the existing footprint. No change in use, egress, or occupancy.",657200,532,LAFAYETTE AVENUE,Brooklyn,11205,GC,YNR CONSTRUCTION LLC,42 S 10TH STREET APT 3A,YNR Construction LLC,,,Permit Issued
B01372558-S1-ST,B01372558-S1,Initial Permit,2026-09-09,2026-06-01,2027-04-27,Structural,Structural specifications filed in conjunction with GC application B01372558,30000,532,LAFAYETTE AVENUE,Brooklyn,11205,GC,YNR CONSTRUCTION LLC,42 S 10TH STREET APT 3A,YNR Construction LLC,,,Permit Issued
B01373570-S1-PL,B01373570-S1,Initial Permit,2026-09-09,2026-03-31,2026-10-21,Plumbing,Plumbing work as shown on plans filed herewith.,49941.06,175,REMSEN STREET,Brooklyn,11201,P,SAMUEL & SONS P & H INC,"137-42 GUY R BREWER BLVD, STE 7",PR,,,Permit Issued
B01381009-I1-GC,B01381009-I1,Initial Permit,2026-09-09,2026-06-25,2026-09-29,General Construction,"REMOVAL OF EXISTING CONCRETE SIDEWALK AND ASPHALT DRIVEWAY, INSTALLATION OF NEW CURB, REINSTALLEXISTING LIGHTING ON NEW CONCRETE FOOTING, INSTALL GUARDRAIL, PERMEABLE PAVERS, BOLLARDS.",74220,1280,CROTON LOOP,Brooklyn,11239,GC,KAMA CONSTRUCTION CORP,15 REGENT PL,"BSC HOUSING COMPANY, INC",,,Permit Issued
B01381046-I1-GC,B01381046-I1,Initial Permit,2026-09-09,2026-06-25,2026-09-29,General Construction,"REMOVAL OF EXISTING CONCRETE SIDEWALK AND ASPHALT DRIVEWAY, INSTALLATION OF NEW CURB, REINSTALLEXISTING LIGHTING ON NEW CONCRETE FOOTING, INSTALL GUARDRAIL, PERMEABLE PAVERS, BOLLARDS.",74220,45,TWIN PINES DRIVE,Brooklyn,11239,GC,KAMA CONSTRUCTION CORP,15 REGENT PL,"BSC HOUSING COMPANY, INC",,,Permit Issued
B01398578-S3-PMM,B01398578-S3,Initial Permit,2026-09-09,2026-07-29,2026-12-28,Protection and Mechanical Methods,MECHANICAL MEANS SUBMITTED FOR USE OF MECHANICAL EQUIPMENT AT THE TIME OF DEMOLITION IN CONJUNCTION WITH THE INTERIOR DEMO APPLICATION,160,98,MONTAGUE STREET,Brooklyn,11201,GC,VOLK INDUSTRIAL SERVICES,599 N. MAPLE AVE,Not Applicable,,,Permit Issued
B01402264-S1-BE,B01402264-S1,Initial Permit,2026-09-09,2026-07-23,2027-01-22,Boiler Equipment,INSTALL THREE (3) NEW GAS FIRED HOT WATER BOILERS IN THE CELLAR OF THE FRONT BUILDING.,4500,104,JACKSON STREET,Brooklyn,11211,P,DNS PLUMBING & HEATING COMPANY,30 WALL STREET FL 8,WRG Property Management,,,Permit Issued
B01408513-I1-GC,B01408513-I1,Initial Permit,2026-09-09,2026-06-29,2026-12-01,General Construction,"NYULH BROOKLYN - MRI EXPANSION P1 - GENERAL CONSTRUCTION INCLUDING MODIFICATIONS TO EXISTING FLOORS, PARTITIONS, CEILINGS AND DOORS AS PER PLANS FILED HEREWITH. NO CHANGE IN USE, EGRESS, OR OCCUPANCY.",600000,150,55 STREET,Brooklyn,11220,GC,EMPIRE GENERAL CONTRACTIN,115 MAIN STREET,NYU LANGONE MEDICAL CENTER,,,Permit Issued
B01412323-I1-SG,B01412323-I1,Initial Permit,2026-09-09,2026-07-14,2027-01-08,Sign,INSTALL EXTERIOR NON-ILLUMINATED WALL SIGN (REGAL),1200,2824,PLUMB 3 STREET,Brooklyn,11235,S,A.M.A HOLDINGS INC,"268 WEST 44TH STREET, 5TH FL",Shore Parkway Owner LLC,,,Permit Issued
B01412486-S1-ST,B01412486-S1,Initial Permit,2026-09-09,2026-06-30,2026-09-30,Structural,Structural work for Interior renovation,30000,54,HIGHLAND PLACE,Brooklyn,11208,GC,RIGHT CHOICE CONSTRUCTION,60-90 67TH AVE,Not Applicable,,,Permit Issued
B01415014-S2-SF,B01415014-S2,Initial Permit,2026-09-09,2026-09-09,2027-03-01,Supported Scaffold,"INSTALLATION OF TEMPORARY PIPE SCAFFOLD AS PER PLAN. NO CHANGE IN USE, EGRESS OR OCCUPANCY.",1000,97,CLINTON AVENUE,Brooklyn,11205,GC,SPRING SCAFFOLDING LLC,49-30 31ST PLACE,"BEDFORD VILLAGE, LLC",,,Permit Issued
B01418964-I1-SG,B01418964-I1,Initial Permit,2026-09-09,2026-07-21,2026-12-31,Sign,"Erect illuminated non advertising sign on wall. IDCC- No change of use, egress or occupancy",3510,1450,ROCKAWAY PARKWAY,Brooklyn,11236,S,SGI VISUALS LLC,346 BROADWAY,REVIT GROUP LLC,,,Permit Issued
B01418989-I1-SG,B01418989-I1,Initial Permit,2026-09-09,2026-07-21,2026-12-31,Sign,"Erect non illuminated non advertising sign on wall. Certified Community Behavioral Health Clinic Most Insurance Accepted 718-272-1600. No change of use, egress or occupancy",4680,1450,ROCKAWAY PARKWAY,Brooklyn,11236,S,SGI VISUALS LLC,346 BROADWAY,REVIT GROUP LLC,,,Permit Issued
B01419008-I1-GC,B01419008-I1,Initial Permit,2026-09-09,2026-07-20,2026-12-31,General Construction,"Erect non illuminated awning on wall. No change of use, egress or occupancy",3000,1450,ROCKAWAY PARKWAY,Brooklyn,11236,GC,SIGN GROUP INC,5215 NEW UTRECHT AVENUE,REVIT GROUP LLC,,,Permit Issued
B01419964-I1-GC,B01419964-I1,Initial Permit,2026-09-09,2026-06-24,2026-11-13,General Construction,"INTERIOR RENOVATION OF THE EXISTING 4th FLOOR AT APT. 4A, EX. NON-BEARING PARTITION RELOCATE AS PER PLAN. NO CHANGE IN USE, OCCUPANCY, OR EGRESS.",20000,198,21 STREET,Brooklyn,11232,GC,LIBERTY CONSTRUCTION & RE,675 CONEY ISLAND AVENUE #2F,Not Applicable,,,Permit Issued
B01423495-S2-GC-CX,B01423495-S2,Initial Permit,2026-09-09,2026-09-01,2027-05-14,General Construction,"REMOVE DAMAGED ROOF JOISTS AND SHEATHING ON 1-STORY PART OF BUILDING, REMOVE AND REPLACE ROOFING.",19750,194,BEDFORD AVENUE,Brooklyn,11249,GC,BIG APPLE REMODELING CORP,952 MANHATTAN AVENUE SUITE 3R,Bedford Management Company,,,Permit Issued
B01430276-I1-GC,B01430276-I1,Initial Permit,2026-09-09,2026-08-28,2027-05-04,General Construction,"Interior renovation of an existing condo unit. Construct new GWB soffit. No change to use, occupancy, or egress.",1000,190,SOUTH 1 STREET,Brooklyn,11211,GC,NB CONTRACTING INC,443 ADAMS AVENUE,,,,Permit Issued
B01430627-S1-PL,B01430627-S1,Initial Permit,2026-09-09,2026-08-25,2027-02-23,Plumbing,"Plumbing work in conjunction with interior renovation. No change in occupancy, use or egress.",21000,135,BERKELEY PLACE,Brooklyn,11217,P,NEW YORK PARK PLBG&HTG CO,133B SUTTON STREET,PR,,,Permit Issued
B01433707-I1-GC,B01433707-I1,Initial Permit,2026-09-09,2026-08-26,2027-08-12,General Construction,"FILE INTERIOR RENOVATION AT CELLAR OF EXISTING RESIDENTIAL BUILDING TO REMOVE PARTITIONS, INSTALL NEW PARTITIONS AND PAINTING WORK AS PER PLAN. FILE TO REMOVE ECB VIOLATION 39193081H. NO CHANGE IN USE, EGRESS OR OCCUPANCY.",25000,1515,EAST 15 STREET,Brooklyn,11230,GC,NY BUILDING ASSOCIATES IN,124-15 METROPOLITAN AVE,Not Applicable,,,Permit Issued
B01434617-I1-GC-CX,B01434617-I1,Initial Permit,2026-09-09,2026-08-26,2026-12-07,Structural,WATERPROOFING AND STRUCTURAL REPAIRS AS PER PLANS. NO CHANGE IN OCCUPANCY USE OR EGRESS.,150000,9917,SHORE ROAD,Brooklyn,11209,GC,PLANET CONSTRUCTION & DE*,163-52 20TH AVENUE,WATERFORD CONDOMINIUM ASSOCIATION A,,,Permit Issued
B01435728-I1-GC-CX,B01435728-I1,Initial Permit,2026-09-09,2026-08-28,2027-08-01,General Construction,"INTERIOR RENOVATIONS TO EXISTING, NON-LOAD BEARING PARTITIONS & MECHANICAL WORK AS PER PLANS FILED HEREWITH. No change in use, egress or occupancy.",191998.4,28,PROSPECT PARK SOUTHWEST,Brooklyn,11215,GC,ST TONE MANAGEMENT INC,426 53RD STREET,DHG-2 Holdings LLC,,,Permit Issued
B01435728-S1-PL,B01435728-S1,Initial Permit,2026-09-09,2026-08-27,2026-11-21,Plumbing,Plumbing work as shown on plans filed herewith.,20000,28,PROSPECT PARK SOUTHWEST,Brooklyn,11215,P,"AMC PLBG, HTG & CLNG, INC",5701 FLATLANDS AVENUE,DHG-2 Holdings LLC,,,Permit Issued
B01437337-S1-PL,B01437337-S1,Initial Permit,2026-09-09,2026-09-08,2027-04-01,Plumbing,"FILED PLUMBING WORK FOR AN EXIST. 3-FAMILY 3-STORY BUILDING. NO CHANGE TO EXIST. USE, EGRESS & OCCUPANCY.",102000,427,STOCKHOLM STREET,Brooklyn,11237,P,MPS PLUMBING & HEATING INC,36-05 COLLEGE POINT BLVD,Not Applicable,,,Permit Issued
B01437840-I1-GC,B01437840-I1,Initial Permit,2026-09-09,2026-09-01,2026-10-31,General Construction,"PROPOSED REPLACEMENT OF EXISTING EXTERIOR CELLAR ACCESS STAIR AND ASSOCIATED MINOR GENERAL CONSTRUCTION WORK AS PER PLANS. NO CHANGE IN USE, EGRESS OR OCCUPANCY.",20000,4581,BEDFORD AVENUE,Brooklyn,11235,GC,BUILDER BROTHER GROUP INC,2128 OCEAN AVENUE #5G,BUILDER BROTHER GROUP,,,Permit Issued
B01439042-I1-MS,B01439042-I1,Initial Permit,2026-09-09,2026-08-21,2027-07-20,Mechanical Systems,"REPLACE MINI-SPLIT A.C. SYSTEM AT APT#BG OF EXISTING 4-STORY BUILDING WITH MECHANICAL WORK AS PER PLANS FILED HEREWITH. NO CHANGE IN USE, EGRESS OR CERTIFICATE OF OCCUPANCY.",11000,759,PRESIDENT STREET,Brooklyn,11215,GC,MR. AIR NYC CORP,78 14TH STREET,"AKAM ASSOCIATES, INC.",,,Permit Issued
B01440919-I1-GC-CX,B01440919-I1,Initial Permit,2026-09-09,2026-09-01,2027-05-01,Structural,"Herewith filing for garage repairs to existing garage. No change to use, egress, or occupancy.",181800,651,VANDERBILT STREET,Brooklyn,11218,GC,AM&G WATERPROOFING LLC,2120 ATLANTIC AVENUE,SOLSTICE RESIDENTIAL GROUP LLC,,,Permit Issued
B01441576-I1-GC,B01441576-I1,Initial Permit,2026-09-09,2026-08-19,2027-03-06,General Construction,General construction related to the renovation of an existing (3) family residence.,620405,186,KENT STREET,Brooklyn,11222,GC,NO LIMIT CONTRACTING INC,29 RUPERT AVENUE,Not Applicable,,,Permit Issued
B01442991-I1-GC,B01442991-I1,Initial Permit,2026-09-09,2026-08-19,2026-09-15,General Construction,"PROPOSED INTERIOR RENOVATION TO EXISTING THREE (3) STORY FOUR (4) FAMILY DWELLING WITH NEW PLUMBING FIXTURES. NO CHANGE IN USE, OCCUPANCY, FLOOR AREA.",333000,1423,NOSTRAND AVENUE,Brooklyn,11226,GC,M BUILD BUILDERS INC,106-10 OTIS AVENUE - 3RD FLOOR,3G PROPERTY MANAGEMENT,,,Permit Issued
B01443958-I1-SL,B01443958-I1,Initial Permit,2026-09-09,2026-08-21,2026-10-31,Solar,"INSTALLATION OF SOLAR PANELS ON EXISTING ROOF. NO CHANGE IN USE, OCCUPANCY, OR EGRESS. NO CHANGE IN BULK",119988,160,BLEECKER STREET,Brooklyn,11221,GC,VOLTAIC SOLAIRE LLC,254 43RD STREET,RiseBoro Community Partnership,,,Permit Issued
B01444035-I1-SL,B01444035-I1,Initial Permit,2026-09-09,2026-08-26,2026-10-31,Solar,"INSTALLATION OF SOLAR PANELS ON EXISTING ROOF. NO CHANGE IN USE, OCCUPANCY, OR EGRESS. NO CHANGE IN BULK",314375,104,GROVE STREET,Brooklyn,11221,GC,VOLTAIC SOLAIRE LLC,254 43RD STREET,RiseBoro Community Partnership,,,Permit Issued
B01445297-S1-PL,B01445297-S1,Initial Permit,2026-09-09,2026-08-24,2026-12-06,Plumbing,Plumbing work is filed.,43500,385,EAST 8 STREET,Brooklyn,11218,P,PLBG P & H INC,81-15 MYRTLE AVENUE,BSD 4422 AVENUE M LLC,,,Permit Issued
B01445382-I1-SG,B01445382-I1,Initial Permit,2026-09-09,2026-09-02,2026-10-31,Sign,"NON-ILLUMINATED NON-ADVERTISING ACCESSORY WALL SIGN - THE NORTHSTAR. NO CHANGE OF USE, EGRESS OR OCCUPANCY.",2000,339,MACON STREET,Brooklyn,11216,S,"L.S. SIGN CO., INC",1640 CENTRE STREET,IOLA'S LYCEUM,,,Permit Issued
B01445383-I1-SG,B01445383-I1,Initial Permit,2026-09-09,2026-09-08,2026-10-31,Sign,"NON-ILLUMINATED NON-ADVERTISING ACCESSORY WALL SIGN - THE NORTHSTAR. NO CHANGE OF USE, EGRESS OR OCCUPANCY.",2000,339,MACON STREET,Brooklyn,11216,S,"L.S. SIGN CO., INC",1640 CENTRE STREET,IOLA'S LYCEUM,,,Permit Issued
B01446081-I1-SL,B01446081-I1,Initial Permit,2026-09-09,2026-08-27,2026-10-31,Solar,"INSTALLATION OF SOLAR PANELS ON EXISTING ROOF. NO CHANGE IN USE, OCCUPANCY, OR EGRESS. NO CHANGE IN BULK",314375,114,GROVE STREET,Brooklyn,11221,GC,VOLTAIC SOLAIRE LLC,254 43RD STREET,RiseBoro Community Partnership,,,Permit Issued
B01446127-I1-SL,B01446127-I1,Initial Permit,2026-09-09,2026-08-25,2026-10-31,Solar,"INSTALLATION OF SOLAR PANELS ON EXISTING ROOF. NO CHANGE IN USE, OCCUPANCY, OR EGRESS. NO CHANGE IN BULK",156680,173,HARMAN STREET,Brooklyn,11221,GC,VOLTAIC SOLAIRE LLC,254 43RD STREET,RiseBoro Community Partnership,,,Permit Issued
B01446161-I1-SL,B01446161-I1,Initial Permit,2026-09-09,2026-08-25,2026-10-31,Solar,"INSTALLATION OF SOLAR PANELS ON EXISTING ROOF. NO CHANGE IN USE, OCCUPANCY, OR EGRESS. NO CHANGE IN BULK",149600,181,HARMAN STREET,Brooklyn,11221,GC,VOLTAIC SOLAIRE LLC,254 43RD STREET,RiseBoro Community Partnership,,,Permit Issued
B01447457-I1-GC,B01447457-I1,Initial Permit,2026-09-09,2026-08-19,2026-11-09,General Construction,"INTERIOR REMOVAL OF NON-STRUCTURAL PARTITIONS AS PER PLAN AT 1ST FLOOR COMMERCIAL UNIT AND CELLAR IN EXISTING 3-STORY WITH CELLAR BUILDING. NO CHANGE IN USE, MEANS OF EGRESS OR OCCUPANCY OCCUPANCY IN THIS APPLICATION.",211800,212,BEDFORD AVENUE,Brooklyn,11249,GC,TIMING CONSTRUCTION TEAM*,25 89TH STREET,PR,,,Permit Issued
B01447863-I1-SL,B01447863-I1,Initial Permit,2026-09-09,2026-08-19,2026-11-15,Solar,"INSTALLATION OF SOLAR PANELS ON ROOF. NO CHANGE IN USE, EGRESS, OR OCCUPANCY.",18159,8739,25 AVENUE,Brooklyn,11214,RA,"TOM PETERSEN ARCHITECT, LLC",6 COUNTRY LANE,Not Applicable,,,Permit Issued
B01447928-I1-MS,B01447928-I1,Initial Permit,2026-09-09,2026-08-28,2026-10-02,Mechanical Systems,"filing for kitchen exhaust system which include hood and exhaust fan in exiting commercial space . no change in use, egress or occupancy in this application.",20000,372,CENTRAL AVENUE,Brooklyn,11221,GC,DONE RIGHT KITCHEN EXHAUS,107 GEORGIA AVENUE,Not Applicable,,,Permit Issued
B01449165-I1-FN,B01449165-I1,Initial Permit,2026-09-09,2026-09-09,2026-12-28,Construction Fence,"PROPOSED CONSTRUCTION FENCE. NO CHANGE TO USE, EGRESS OR OCCUPANCY UNDER THIS APPLICATION.",160,1720,SHEEPSHEAD BAY ROAD,Brooklyn,11235,GC,VOLK INDUSTRIAL SERVICES,599 N. MAPLE AVE,Rybak Development Corp,,,Permit Issued
B01449194-I1-SG,B01449194-I1,Initial Permit,2026-09-09,2026-08-26,2026-09-21,Sign,"ERECT AN ILLUMINATED SIGN ON WALL.NOT WITHIN VIEW OF ARTERIAL HIGHWAY OR PUBLIC PARK 1/2 ACRE OR MORE. NO CHANGE IN USE, EGRESS OR OCCUPANCY.",5148,762,NOSTRAND AVENUE,Brooklyn,11216,S,NEPTUNE SIGNS & AWNINGS,2260 HOLLERS AVE,BCM NOSTRAND AVE LLC,,,Permit Issued
B01450881-I1-SH,B01450881-I1,Initial Permit,2026-09-09,2026-09-09,2026-12-08,Sidewalk Shed,"INSTALLATION OF TEMPORARY HEAVY DUTY SIDEWALK SHED AS PER PLANS. NO CHANGE IN USE, EGRESS OR OCCUPANCY. SIDEWALK SHED SHALL COMPLY WITH CHAPTER #33 OF 2022 THE NYC BUILDING CODE. LIVE LOAD 300PSF.",1000,212,HEGEMAN AVENUE,Brooklyn,11212,GC,ANDAMIO SCAFFOLDING LLC,20 BURLING LANE (BOX 4-1),SHINDA MANAGEMENT CORPORATION,,,Permit Issued
B01452110-I1-SL,B01452110-I1,Initial Permit,2026-09-09,2026-09-01,2026-09-30,Solar,"Installation of solar panels, Roof Top, Grid Tied, railed, (8) Modules, (3.28) kW System Size",16400,814,MOTHER GASTON BOULEVARD,Brooklyn,11212,PE,MOMENTUM SOLAR,3096 B HAMILTON BLVD,Not Applicable,,,Permit Issued
B01452691-I1-PMM,B01452691-I1,Initial Permit,2026-09-09,2026-09-09,2027-01-07,Protection and Mechanical Methods,"Application for the installation use of Mini-Crane as per plans filed herein. No change, in egress, use, or occupancy.",1000,475,STATE STREET,Brooklyn,11217,GC,BARONE STEEL INC,128 44TH STREET,BARONE STEEL INC,,,Permit Issued
B01452841-I1-PMM,B01452841-I1,Initial Permit,2026-09-09,2026-09-09,2027-05-29,Protection and Mechanical Methods,INSTALLATION OF ENGINEERED ENCLOSURE SYSTEM AS PER PLANS. ALL EQUIPMENT SHALL COMPLY WITH CHAPTER # 33 OF THE 2022 CODE. NO CHANGE IN USE OCCUPANCY OR EGRESS UNDER THIS APPLICATION.,6000,39,SIDNEY PLACE,Brooklyn,11201,GC,TITAN SERVICES USA INC,10958 134TH ST,TITAN SERVICES USA INC.,,,Permit Issued
B01452879-S2-PL,B01452879-S2,Initial Permit,2026-09-09,2026-09-02,2027-05-01,Plumbing,"Filing plans herewith for the plumbing work related to a McDonalds restaurant fit out. No change to use, egress, or occupancy.",175500,625,FULTON STREET,Brooklyn,11201,P,J. CAIAZZO PLBG & HTG COR,1381 UTICA AVE,HSD CONSTRUCTION LLC,,,Permit Issued
B01453398-I1-GC,B01453398-I1,Initial Permit,2026-09-09,2026-09-04,2026-11-27,General Construction,"RENOVATE EXISTING BASEMENT APARTMENT AND VESTIBULE AS PER PLANS ATTACHED. NO CHANGE IN EGRESS, USE OR OCCUPANCY.",77400,213,17 STREET,Brooklyn,11215,GC,EXPRESS RENOVATIONS INC,1342 72ND STREET,JMM 17TH STREET LLC,,,Permit Issued
B01453427-I1-GC,B01453427-I1,Initial Permit,2026-09-09,2026-09-08,2027-03-04,General Construction,"EXTERIOR RENOVATION OF EXISTING MIXED-USE BUILDING WITH THE INSTALLATION OF A NEW COMMERCIAL AWNING IN THE FRONT YARD. NO CHANGE IN USE, EGRESS, OR OCCUPANCY OF THE SPACE.",15050,2205,86 STREET,Brooklyn,11214,GC,MERCURY BUILDING ASSO INC,124-15 METROPOLITAN AVENUE,PR,,,Permit Issued
B01453682-I1-FN,B01453682-I1,Initial Permit,2026-09-09,2026-09-08,2026-09-26,Construction Fence,INSTALLATION OF CONSTRUCTION FENCE.,7000,947,PRESIDENT STREET,Brooklyn,11215,GC,UGB CONSTRUCTION INC,6510 7TH AVENUE,UGB CONSTRUCTION,,,Permit Issued
B01454274-S1-PL,B01454274-S1,Initial Permit,2026-09-09,2026-09-03,2027-05-10,Plumbing,PLUMBING FIXTURE WITH ASSOCIATED PIPES FOR THE EXISTING ONE FAMILY RENOVATION.,58000,37,JEFFERSON STREET,Brooklyn,11206,P,CATMAN PLUMBING INC,20-11 COLLEGE POINT BLVD,PR,,,Permit Issued
B01454575-I1-PMM,B01454575-I1,Initial Permit,2026-09-09,2026-09-09,2027-02-17,Protection and Mechanical Methods,"INSTALLATION OF TEMPORARY PROTECTION AS PER PLANS. NO CHANGE IN USE, EGRESS OR OCCUPANCY SHALL COMPLY WITH CHAPTER#33 OF 2022 THE NY BUILDING CODE.",1000,26,VERANDAH PLACE,Brooklyn,11201,GC,ANDAMIO SCAFFOLDING LLC,20 BURLING LANE (BOX 4-1),REIDBUILD CONSULTANCY LLC,,,Permit Issued
B01454754-I1-GC,B01454754-I1,Initial Permit,2026-09-09,2026-09-03,2027-03-02,General Construction,"General construction associated with renovations to existing three family building. No change in occupancy, use or egress.",350000,11,GOODWIN PLACE,Brooklyn,11221,GC,NTF MANAGEMENT INC,6241 FOREST AVE APT 3P,GREENBROOK PARTNERS,,,Permit Issued
B01454754-S2-PL,B01454754-S2,Initial Permit,2026-09-09,2026-09-09,2027-01-01,Plumbing,"Plumbing work associated with renovations to existing three family building. No change in occupancy, use or egress.",58000,11,GOODWIN PLACE,Brooklyn,11221,P,P.S.I. MECHANICAL,"122-17 18 AVE,1ST FL UNIT STORE",GREENBROOK PARTNERS,,,Permit Issued
B01454764-I1-GC,B01454764-I1,Initial Permit,2026-09-09,2026-09-08,2027-03-04,General Construction,"GENERAL RENOVATION OF 2-FAMILY HOUSE WITH REPAIR/REMOVE/NEW PARTITION, DOOR, CEILING, FLOOR, PAINTING WORK AS PER PLAN. NO CHANGE IN USE, EGRESS OR OCCUPANCY.",50000,8657,25 AVENUE,Brooklyn,11214,GC,MERCURY BUILDING ASSO INC,124-15 METROPOLITAN AVENUE,Not Applicable,,,Permit Issued
B01454799-S1-MS,B01454799-S1,Initial Permit,2026-09-09,2026-09-04,2027-01-02,Mechanical Systems,"Mechanical work associated with renovations t o existing three family building. No change in occupancy, use or gress.",18000,1327,BUSHWICK AVENUE,Brooklyn,11207,GC,HARROW NY INC,50-20 38TH STREET,GREENBROOK PARTNERS,,,Permit Issued
B01454845-I1-GC,B01454845-I1,Initial Permit,2026-09-09,2026-09-04,2027-01-15,General Construction,"EXISTING 2 FAMILY BUILDING WITH INTERIOR RENOVATION WITH PARTITION WORK AT THE CELLAR,BASEMENT,1ST 2ND FLOOR AND OPEN SPACE UNDER THIS APPILICATION.NO CHANGE IN USE,MEANS OF EGRESS OR OCCUPANCY IN THIS APPLICATION.",115440,681,PARK PLACE,Brooklyn,11216,GC,PRIMROSE SERVICE INC,"4010 193RD ST, 2B",MTEK LLC,,,Permit Issued
B01454845-S2-MS,B01454845-S2,Initial Permit,2026-09-09,2026-09-08,2027-01-15,Mechanical Systems,"EXISTING 2 FAMILY HOUSE WITH MECHANICAL WORK AT CELLAR,BASEMETN,1ST, 2ND FLOOR AND REAR YARD. .JOB FILED TO RELATED TO ALT 2 APPLICATION #B01454845-I1.NO CHANGE IN USE,MEANS OF EGRESS OR OCCUPANCY IN THIS APPLICATION.",24000,681,PARK PLACE,Brooklyn,11216,GC,PRIMROSE SERVICE INC,"4010 193RD ST, 2B",MTEK LLC,,,Permit Issued
B01455467-I1-SH,B01455467-I1,Initial Permit,2026-09-09,2026-09-09,2026-12-08,Sidewalk Shed,"INSTALLATION OF 300PSF SIDEWALK SHED AS PER PLANS. ALL EQUIPMENT SHALL COMPLY WITH CHAPTER #33 OF THE 2022 CODE NO CHANGE IN USE, EGRESS OR OCCUPANCY UNDER THIS APPLICATION.",5000,5423,15 AVENUE,Brooklyn,11219,GC,A & D GENERAL CONTR INC,"50 N INDUSTRY CT, SUITE # 70",A & D GENERAL CONTRACTORS INC,,,Permit Issued
B01456639-I1-SH,B01456639-I1,Initial Permit,2026-09-09,2026-09-09,2026-12-08,Sidewalk Shed,"INSTALLATION OF 300 PSF SIDEWALK SHED AND OVERHEAD PROTECTION AS PER PLANS. ALL EQUIPMENT SHALL COMPLY WITH CHAPTER #33 OF THE 2022 CODE. NO CHANGE IN USE, EGRESS OR OCCUPANCY UNDER THIS APPLICATION.",10000,1118,42 STREET,Brooklyn,11219,GC,HARTZION ENTERPRISES CORP,873 45TH STREET APT 204,Hartzion Enterprises Corp,,,Permit Issued
B01456936-I1-SL,B01456936-I1,Initial Permit,2026-09-09,2026-09-09,2026-11-07,Solar,"Installation of solar electric generation system for utility interconnection. No changes being made to use, occupancy, egress, or anything not marked on the planset and supporting documents.",10000,3523,AVENUE D,Brooklyn,11203,GC,SOLANTA CORP,199 TOMPKINS AVENUE,Not Applicable,,,Permit Issued
B01457015-I1-PMM,B01457015-I1,Initial Permit,2026-09-09,2026-09-09,2026-11-16,Protection and Mechanical Methods,"INSTALLATION OF TEMPORARY OVERHEAD PROTECTION AS PER PLANS. NO CHANGE IN USE, EGRESS OR OCCUPANCY.",4000,506,EAST 94 STREET,Brooklyn,11212,GC,CORE SCAFFOLD SYSTEMS INC,417 MYRTLE AVE SUITE 14,OWNERS REP,,,Permit Issued
B01457021-I1-PMM,B01457021-I1,Initial Permit,2026-09-09,2026-09-09,2026-11-16,Protection and Mechanical Methods,"INSTALLATION OF TEMPORARY ROOF PROTECTION AS PER PLANS. NO CHANGE IN USE, EGRESS OR OCCUPANCY.",4000,506,EAST 94 STREET,Brooklyn,11212,GC,CORE SCAFFOLD SYSTEMS INC,417 MYRTLE AVE SUITE 14,OWNERS REP,,,Permit Issued
B01457089-I1-SF,B01457089-I1,Initial Permit,2026-09-09,2026-09-09,2026-11-09,Supported Scaffold,"PROPOSED INSTALLATION OF TEMPORARY PIPE SCAFFOLD AS PER PLANS. WORK SHALL COMPLY WITH CHAPTER #33 OF THE NYC BUILDING CODE. NO CHANGE IN USE, OCCUPANCY, OR EGRESS UNDER THIS APPLICATION.",7000,637,PROSPECT PLACE,Brooklyn,11216,GC,STEEL CONSTRUCTION LLC,160-04 CROSSBAY BLVD #139,STEEL CONSTRUCTION LLC,,,Permit Issued
M00979759-S7-PMM,M00979759-S7,Initial Permit,2026-09-09,2026-09-09,2026-12-31,Protection and Mechanical Methods,"INSTALLATION AND USE OF TEMPORARY KNUCKLEBOOM AS PER PLANS FILED HEREWITH. NO CHANGE IN USE EGRESS, OR OCCUPANCY.",0,83,MADISON STREET,Manhattan,10002,GC,CANDID CONNECTION INC,3099 CROPSEY AVENUE,"G-NADO, INC",,,Permit Issued
M01033546-S6-PL,M01033546-S6,Initial Permit,2026-09-09,2026-03-16,2027-06-29,Plumbing,"PROVIDE ALL APPLIANCES, TRANSPORTATION, MATERIALS, SERVICES AND EQUIPMENT NECESSARY TO FURNISH AND INSTALL ALL PLUMBING WORK AS INDICATED ON THE DRAWINGS. NO CHANGE TO USE, EGRESS OR OCCUPANCY.",135000,110,EAST 129 STREET,Manhattan,10035,P,DUAL FUEL PLUBING & HTING,"435 AUSTIN PLACE, SUITE D",NEW YORK CITY HOUSING AUTHORITY,,,Permit Issued
M01081107-S1-ST,M01081107-S1,Initial Permit,2026-09-09,2024-08-07,2026-10-28,Structural,STRUCUTRAL RENOVATION OF SIDEWALK VAULTS AS PER PLANS.,200000,509,MADISON AVENUE,Manhattan,10022,GC,MJM CONSTR ASSOCIATES LLC,125 BEACH 128TH STREET,509 MADISON AVENUE ASSOCIATES,,,Permit Issued
M01156244-I1-GC,M01156244-I1,Initial Permit,2026-09-09,2025-10-03,2026-12-01,General Construction,Existing multiple dwelling residence to be converted to single family residence. Proposed renovation and bulkhead addition to converted single family residence. New certificate of occupancy to be obtained.,649947.13,121,WEST 11 STREET,Manhattan,10011,GC,DEWALT CONTRACTING LLC,1 ADAMS RUSH RD,PR,,,Permit Issued
M01165660-I1-GC,M01165660-I1,Initial Permit,2026-09-09,2025-04-14,2027-01-21,General Construction,"INTERIOR RENOVATION OF EXISTING APARTMENT 7A ON 007 FLOOR. REMOVAL OF EXISTING BULKHEAD AND INSTALLATION OF HIGH-PERFORMANCE BULKHEAD. REPLACEMENT OF SPIRAL STAIR WITH STRAIGHT RUN STAIR. NO CHANGE IN USE, OCCUPANCY, OR EGRESS, UNDER THIS A",48124,41,EAST 28 STREET,Manhattan,10016,GC,LMD PARTNERS INC,"449 TROUTMAN ST, LL SUITE C-1",SANDBERG MANAGEMENT,,,Permit Issued
M01196229-I1-GC-CX,M01196229-I1,Initial Permit,2026-09-09,2025-08-08,2026-12-31,General Construction,Reinforcement of existing steel spandrel beam at second floor framing elevation,200000,54,BLEECKER STREET,Manhattan,10012,GC,PRESERV BLD RESTOR MGT IN,96 14TH STREET,THE NOHO STAR BUILDING CONDOMINIUM,,,Permit Issued
M01197633-I1-GC,M01197633-I1,Initial Permit,2026-09-09,2026-01-02,2027-02-23,General Construction,FILING FOR APPROVED PLAN WITH MINOR INTERIOR RENOVATION IN COMMERCIAL SPACE @ 1ST FLOOR IN ORDER TO REMEDIATE VIOLATION #35646733H,39742.9,340,WEST 49 STREET,Manhattan,10019,GC,BLUE WATER BUILDERS LLC,1928 ROUTE 302,PR,,,Permit Issued
M01216227-I1-MS,M01216227-I1,Initial Permit,2026-09-09,2026-09-01,2026-12-31,Mechanical Systems,REPLACE HVAC SYSTEM FOR TD BANK ON FLOOR 001. EXISTING DUCTWORK AND PIPING TO REMAIN UNLESS OTHERWISE NOTED.,200000.01,2521,BROADWAY,Manhattan,10025,GC,"KABACK SERVICE, INC","318 W 39TH STREET, FL 2",RELATED MANAGEMENT COMPANY,,,Permit Issued
M01227820-I1-GC,M01227820-I1,Initial Permit,2026-09-09,2026-08-19,2027-03-27,General Construction,INTERIOR RENOVATION OF CELLAR FLOOR GALLERY. CONSTRUCT ONE NEW PARTITION WITHIN EXISTING CELLAR GALLERY SPACE. MODIFY/EXTEND ONE DUCT AND DIFFUSER.,65000,455,WEST 19 STREET,Manhattan,10011,GC,PM MECHANICAL GROUP CORP,91-12 189TH STREET,PR,,,Permit Issued
M01238686-S2-MS,M01238686-S2,Initial Permit,2026-09-09,2026-02-26,2026-10-02,Mechanical Systems,"Mechanical work in conjunction with general construction, DOB#M01238686-I1. Remove and replace nine existing PTAC Units, kitchen exhaust with new make up and exhaust system. replace radiators. No change in use, egress, or occupancy under th",54000,911,PARK AVENUE,Manhattan,10075,GC,AIRCON HTNG & COOLING COR,59-09 BLEECKER STREET,PR,,,Permit Issued
M01247541-S1-PL,M01247541-S1,Initial Permit,2026-09-09,2026-03-17,2027-04-30,Plumbing,"HEREBY FILING FOR THE RELOCATION, REMOVAL AND INSTALLATION OF PLUMING FIXTURES. NO CHANGE TO USE OCCUPANCY OR EGRESS.",42500,305,WEST 106 STREET,Manhattan,10025,P,TMS & SON PLUMBING LLC,119 EAST 31 STREET,,,,Permit Issued
M01292775-I1-MS,M01292775-I1,Initial Permit,2026-09-09,2025-11-26,2026-11-05,Mechanical Systems,"HEREWITH FILING MECHANICAL WORK AS PER PLANS. NO CHANGE IN USE, EGRESS OR OCCUPANCY.",1540000,899,10 AVENUE,Manhattan,10019,GC,SIERRA MECHANICAL CONTRAC,1070 HIGHWAY 34.SUITE 213,DASNY,,,Permit Issued
M01293805-I1-GC,M01293805-I1,Initial Permit,2026-09-09,2025-10-28,2026-11-05,General Construction,"HEREWITH FILING ARCHITECTURAL WORK AS PER PLANS. NO CHANGE IN USE, EGRESS OR OCCUPANCY",39820,899,10 AVENUE,Manhattan,10019,GC,SIERRA MECHANICAL CONTRAC,1070 HIGHWAY 34.SUITE 213,DASNY,,,Permit Issued
M01301973-I1-GC-CX,M01301973-I1,Initial Permit,2026-09-09,2026-08-24,2026-12-31,General Construction,SECOND AVENUE SUBWAY PHASE 2 PROGRAM - Filing to undergo building strengthening including installation of steal post between the cellar slab and first floor wood joists and replacement of loose facade bricks.,4723,2149,SECOND AVENUE,Manhattan,10029,GC,"C.A.C. INDUSTRIES, INC",54-08 VERNON BLVD,REALTY GROUP,,,Permit Issued
M01320660-S1-PMM,M01320660-S1,Initial Permit,2026-09-09,2026-09-09,2027-03-01,Protection and Mechanical Methods,"INSTALLATION OF TEMPORARY WORKING PLATFORM AS PER PLAN. NO CHANGE IN USE, EGRESS OR OCCUPANCY.",1000,425,PARK AVENUE,Manhattan,10022,GC,SPRING SCAFFOLDING LLC,49-30 31ST PLACE,L&L HOLDING COMPANY LLC,,,Permit Issued
M01326876-S1-PL,M01326876-S1,Initial Permit,2026-09-09,2026-07-20,2027-04-19,Plumbing,"Herewith file plumbing plans to installm replace and relocate plumbing fixtures filed in conjunction with general construction, total SF for areas of plumbing work is 708 SF includes 5 full bathrooms, powder room&bar, laundry room and kitch",77000,30,EAST 71 STREET,Manhattan,10021,P,"DONATO PLUMBING, INC","590 5TH AVENUE, SUITE 1402",PR,,,Permit Issued
M01343965-I1-SL,M01343965-I1,Initial Permit,2026-09-09,2026-05-28,2026-09-13,Solar,"Installation of Solar Panels at the DSNY Garage, North Building (650 WEST 57). The associated Electrical permit is M01330585-I1-EL. No change of use, egress or occupancy.",1750000,650,WEST 57 STREET,Manhattan,10019,GC,"DYNAMIC US, INC",2900 WESTCHESTER AVE SUITE 207,DSNY,,,Permit Issued
M01343976-I1-SL,M01343976-I1,Initial Permit,2026-09-09,2026-06-09,2026-09-13,Solar,"Installation of Solar Panels at the DSNY Garage, South Building ( 786 12 Ave). The associated Electrical permit is M01347205-I1-EL. No change of use, egress or occupancy.",1750000,786,12 AVENUE,Manhattan,10019,GC,"DYNAMIC US, INC",2900 WESTCHESTER AVE SUITE 207,DSNY,,,Permit Issued
M01347271-I1-GC-CX,M01347271-I1,Initial Permit,2026-09-09,2026-08-03,2026-10-01,General Construction,"APPLICATION FOR REPAIR AND REPLACEMENT WORK THROUGHOUT THE ENTIRE BUILDING INCLUDING REPAIR/REPLACEMENT OF THE EXISTING DETERIORATED ROOF, DAMAGED INTERIOR PARTITIONS, AND OTHERSTRUCTURAL AND NON-STRUCTURAL WORK AS PER PLAN NO CHANGE,USE EG",190000,280,WEST 127 STREET,Manhattan,10027,GC,BROTHERS CONSTRUCTION GRO,86-20 107TH AVENUE,Skyview GC Corp,,,Permit Issued
M01349624-S2-MS,M01349624-S2,Initial Permit,2026-09-09,2026-06-13,2026-10-05,Mechanical Systems,"INSTALLATION OF NEW WATER SOURCE HEAT PUMP AIR CONDITIONING UNITS. NO CHANGE IN USE, EGRESS OR OCCUPANCY.",76500,19,DUTCH STREET,Manhattan,10038,GC,CLIMATE TECH SOLUTIONS,95-60 QUEENS BOULEVARD STE 104,19 Dutch,,,Permit Issued
M01367586-I1-GC,M01367586-I1,Initial Permit,2026-09-09,2026-04-20,2027-01-13,General Construction,Renovation of apartment 3f to address violations,20000,153,NORFOLK STREET,Manhattan,10002,GC,MKSSKR CONSULTING SERVICE,"41-26 73 STR, APTC43",PR,,,Permit Issued
M01369424-I1-PL,M01369424-I1,Initial Permit,2026-09-09,2026-08-12,2026-10-03,Plumbing,NEW PLUMBING WORK FOR PHAMACY.,28000,410,WEST 207 STREET,Manhattan,10034,P,COURTESY PLUMBING INC,2273 WESTCHESTER AVENUE,"ACSRX Pharma, Inc.",,,Permit Issued
M01370999-I1-GC-CX,M01370999-I1,Initial Permit,2026-09-09,2026-07-31,2027-05-20,General Construction,"DUPLEX APARTMENT RENOVATION OF APT 3/4C TO INCLUDE NEW THRU-WALL AC UNITS. NO CHANGE IN USE, OCCUPANCY, OR EGRESS.",200025,3,EAST 69 STREET,Manhattan,10021,GC,H & R RENOVATIONS CORP,"2045 HONE AVE, 2ND FLOOR",GUMLEY HAFT,,,Permit Issued
M01372620-I1-GC,M01372620-I1,Initial Permit,2026-09-09,2026-04-17,2026-12-18,General Construction,"Herewith filing for repairs to the exterior facade of this existing building. No change to use, egress, or occupancy.",232819.5,23,WEST 55 STREET,Manhattan,10019,GC,GS CONSTRUCTION GROUP INC,103 544TH DRIVE,PR,,,Permit Issued
M01384093-I1-MS,M01384093-I1,Initial Permit,2026-09-09,2026-08-31,2027-02-28,Mechanical Systems,"INSTALL NEW CHIMNEY OFFSET AND DRAFT INDUCER AS PER PLANS. NO CHANGE IN USE, OCCUPANCY OR EGRESS.",45000,403,EAST 77 STREET,Manhattan,10075,GC,UNITED CHIMNEY CORP,840 LINCOLN AVE SUITE 10,PR,,,Permit Issued
M01386932-I1-GC,M01386932-I1,Initial Permit,2026-09-09,2026-05-06,2026-12-10,General Construction,Safe With A Repair and Maintenance Program Facade Repairs,258167.1,498,SEVENTH AVENUE,Manhattan,10018,GC,A.B.C.D. CONSTRUCTION COR,5702 3RD AVENUE,"GEORGE COMFORT & SONS, INC.",,,Permit Issued
M01389555-I1-GC,M01389555-I1,Initial Permit,2026-09-09,2026-08-26,2026-10-05,General Construction,"INTERIOR RENOVATION OF PHB (PENTHOUSE) APT, REMOVAL OF NON-LOAD BEARING PARTITIONS, ERECTION OF NEW NON-LOAD BEARING WALLS, FINISHES, MILLWORK, PAINTING, FLOORING AND SANDING WORK. ALL AS PER PLANS AND APPLICATIONS. NO CHANGE IN USE, EGRESS",363834,166,WEST 18 STREET,Manhattan,10011,GC,DE LUX CONSTRUCTION INC,196 VAN DYKE STREET UNIT M,Douglas Elliman Property Management,,,Permit Issued
M01389555-S2-MS,M01389555-S2,Initial Permit,2026-09-09,2026-08-21,2026-10-05,Mechanical Systems,"Mechanical work associated with renovation in penthouse apartment. No change in use, egress or occupancy. All as per plans and applications.",177480,166,WEST 18 STREET,Manhattan,10011,GC,DE LUX CONSTRUCTION INC,196 VAN DYKE STREET UNIT M,Douglas Elliman Property Management,,,Permit Issued
M01392098-I1-MS,M01392098-I1,Initial Permit,2026-09-09,2026-07-16,2026-11-25,Mechanical Systems,"Application filed for the replacement of an existing chiller. There will be no change to egress, exit, or occupacy use under this application.",250000,124,EAST 55 STREET,Manhattan,10022,GC,PRIMARY BUILT LLC,7 BOND STREET,124 E 55TH ST. LLC,,,Permit Issued
M01394130-S1-MS,M01394130-S1,Initial Permit,2026-09-09,2026-09-03,2026-12-28,Mechanical Systems,Mechanical work as shown on the plans.,20000,5,HANOVER SQUARE,Manhattan,10004,GC,VOLK INDUSTRIAL SERVICES,599 N. MAPLE AVE,Blue Fin Equities,,,Permit Issued
M01394130-S2-PL,M01394130-S2,Initial Permit,2026-09-09,2026-09-02,2026-12-31,Plumbing,Plumbing work as shown.,20000,5,HANOVER SQUARE,Manhattan,10004,P,COPPER PLUMBING INC,184 OXFORD STREET,Blue Fin Equities,,,Permit Issued
M01396629-I1-GC,M01396629-I1,Initial Permit,2026-09-09,2026-06-11,2026-11-29,General Construction,"SEV STUDIO - GENERAL CONSTRUCTIOIN INCLUSIVE OF MODIFICATIONS TO INTERIOR PARTITIONS AS PER PLANS FILED HEREWITH. NO CHANGE TO USE, EGRESS, OR OCCUPANCY.",361619,100,MAIDEN LANE,Manhattan,10038,GC,NATIONAL COMMERCIAL BUILD,41951 REMINGTON AVENUE #230,PR,,,Permit Issued
M01398041-S1-PL,M01398041-S1,Initial Permit,2026-09-09,2026-08-07,2026-11-17,Plumbing,"Proposed renovation of the existing apartment #5F , includes reconfiguration and replacement of plumbing fixtures in the kitchen and bathrooms. Addition of new bathroom and a washer dryer. No change in use, egress or occupancy.",35000,1809,ADAM CLAYTON POWELL BOULEVARD,Manhattan,10026,P,ARJ MECHANICAL INC,2991 WEBSTER AVENUE,,,,Permit Issued
M01400417-I1-ST,M01400417-I1,Initial Permit,2026-09-09,2026-05-13,2026-10-28,Structural,PROVIDE A NEW CONVIENANCE STAIR FROM 5TH FLOOR TO PENTHOUSE LEVEL,20000,55,CHRYSTIE STREET,Manhattan,10002,GC,EMPIRE PROP PARTNERS LLC*,9 LAKE ROAD WEST,Not Applicable,,,Signed-off
M01402023-I1-GC,M01402023-I1,Initial Permit,2026-09-09,2026-08-14,2027-08-19,General Construction,Interior non structural demolition of non load bearing partitions and finishes,84420,231,EAST 62 STREET,Manhattan,10065,GC,SPRING AIR NEWTWORK SOLU*,33 GREAT NECK RD STE 7,231E62 LLC,,,Permit Issued
M01403651-I1-GC,M01403651-I1,Initial Permit,2026-09-09,2026-06-24,2027-08-24,General Construction,"INTERIOR RENOVATION AT APARTMENT 62 ON THE 6HT FLOOR, AS PER PLANS FILED HEREWITH. NO CHANGE TO APARTMENT LAYOUT.",52000,565,WEST 175 STREET,Manhattan,10033,GC,GANSEVOORT MANAGEMENT COR,6062 SAINT FELIX AVE,WEXCOR W 175TH ST RR LLC,,,Permit Issued
M01404678-I1-GC,M01404678-I1,Initial Permit,2026-09-09,2026-09-02,2026-12-15,General Construction,"Interior demolition as per plans filed herewith. No change to use, egress, or occupancy.",150000,4,WEST 40 STREET,Manhattan,10018,GC,"L&K PARTNERS, INC","104 EAST 25TH STREET, 9TH FL",PR,,,Permit Issued
M01405103-S1-MS,M01405103-S1,Initial Permit,2026-09-09,2026-09-08,2026-09-30,Mechanical Systems,Mechanical work as shown on plans filed herewith.,6603600,200,LIBERTY STREET,Manhattan,10281,GC,JT MAGEN & COMPANY INC,"44 WEST 28TH STREET, 11TH FL",Brookfield Properties,,,Permit Issued
M01405103-S3-EW-SP,M01405103-S3,Initial Permit,2026-09-09,2026-09-08,2027-05-01,Standpipe,Sprinkler/Standpipe work as shown on plans filed herewith.,844500,200,LIBERTY STREET,Manhattan,10281,F,PREFERRED SPKLR AND MECH,155 WEST 231ST STREET,Brookfield Properties,,,Permit Issued
M01406219-S1-MS,M01406219-S1,Initial Permit,2026-09-09,2026-09-08,2026-09-30,Mechanical Systems,Mechanical work as shown on plans filed herewith.,4402400,200,LIBERTY STREET,Manhattan,10281,GC,JT MAGEN & COMPANY INC,"44 WEST 28TH STREET, 11TH FL",Brookfield Properties,,,Permit Issued
M01406219-S2-PL,M01406219-S2,Initial Permit,2026-09-09,2026-09-08,2027-05-01,Plumbing,Plumbing work as shown on plans filed herewith.,667000,200,LIBERTY STREET,Manhattan,10281,P,PREFERRED MECHANICAL INC,"155 WEST 231ST STREET, FL 1",Brookfield Properties,,,Permit Issued
M01406219-S3-EW-SD,M01406219-S3,Initial Permit,2026-09-09,2026-09-08,2027-05-01,Sprinklers,Sprinkler/Standpipe work as shown on plans filed herewith.,560712,200,LIBERTY STREET,Manhattan,10281,F,PREFERRED SPKLR AND MECH,155 WEST 231ST STREET,Brookfield Properties,,,Permit Issued
M01406219-S3-EW-SP,M01406219-S3,Initial Permit,2026-09-09,2026-09-08,2027-05-01,Sprinklers,Sprinkler/Standpipe work as shown on plans filed herewith.,560712,200,LIBERTY STREET,Manhattan,10281,F,PREFERRED SPKLR AND MECH,155 WEST 231ST STREET,Brookfield Properties,,,Permit Issued
M01406285-S1-MS,M01406285-S1,Initial Permit,2026-09-09,2026-09-08,2026-09-30,Mechanical Systems,Mechanical work as shown on plans filed herewith.,6217315,200,LIBERTY STREET,Manhattan,10281,GC,JT MAGEN & COMPANY INC,"44 WEST 28TH STREET, 11TH FL",Brookfield Properties,,,Permit Issued
M01406285-S2-PL,M01406285-S2,Initial Permit,2026-09-09,2026-09-08,2027-05-01,Plumbing,Plumbing work as shown on plans filed herewith.,948920,200,LIBERTY STREET,Manhattan,10281,P,PREFERRED MECHANICAL INC,"155 WEST 231ST STREET, FL 1",Brookfield Properties,,,Permit Issued
M01406285-S3-EW-SD,M01406285-S3,Initial Permit,2026-09-09,2026-09-08,2027-05-01,Standpipe,Sprinkler/Standpipe work as shown on plans filed herewith.,778580,200,LIBERTY STREET,Manhattan,10281,F,PREFERRED SPKLR AND MECH,155 WEST 231ST STREET,Brookfield Properties,,,Permit Issued
M01406285-S3-EW-SP,M01406285-S3,Initial Permit,2026-09-09,2026-09-08,2027-05-01,Sprinklers,Sprinkler/Standpipe work as shown on plans filed herewith.,778580,200,LIBERTY STREET,Manhattan,10281,F,PREFERRED SPKLR AND MECH,155 WEST 231ST STREET,Brookfield Properties,,,Permit Issued
M01406819-I1-GC,M01406819-I1,Initial Permit,2026-09-09,2026-07-06,2027-01-02,General Construction,Masonry repairs at Street-Facing Facade,50000,34,PELL STREET,Manhattan,10013,GC,"WKR CONSTRUCTION, INC",194 GORDON STREET,Bing Sun Realty Corp.,,,Permit Issued
M01407538-I1-GC,M01407538-I1,Initial Permit,2026-09-09,2026-08-14,2027-05-21,General Construction,"HEREWITH FILING INTERIOR RENOVATIONS IN APT 2D PER PLANS. NO CHANGE IN USE, OCCUPANCY OR EGRESS UNDER THIS APPLICATION.",38448,157,WEST 79 STREET,Manhattan,10024,GC,PARADISE CONSTRUCTION NYC,5614 3RD AVE,Not Applicable,,,Permit Issued
M01407943-S1-PL,M01407943-S1,Initial Permit,2026-09-09,2026-06-13,2026-12-31,Plumbing,"PROPOSED PLUMBING WORK IN CONNECTION WITH THE INTERIOR RENOVATION OF THE EXISTING DUPLEX APARTMENT 1C (1ST FLOOR AND CELLAR), PERPLANS FILED HEREWITH. NO CHANGE IN USE, EGRESS OR OCCUPANCY.",53500,332,EAST 93 STREET,Manhattan,10128,P,EDGECOMBE PLBG & HTG INC,2273 WESTCHESTER AVENUE,GPG Management,,,Permit Issued
M01408029-I1-GC,M01408029-I1,Initial Permit,2026-09-09,2026-08-10,2026-12-19,General Construction,Interior renovation to include combining Apt 14 & Apt 15 to form new apt 15 as shown on plans filed herewith.,56475,74,FORSYTH STREET,Manhattan,10002,GC,VAI CONSTRUCTION INC,1229 AVE U,FINKELSTEIN-TIMBERGER LLC,,,Permit Issued
M01408804-S3-MS,M01408804-S3,Initial Permit,2026-09-09,2026-09-09,2026-12-31,Mechanical Systems,Provide new duct layout for existing HVAC system in conjunction with renovation of existing office space as per plans filed. No change in use occupancy or egress.,85000,32,BROADWAY,Manhattan,10004,GC,CAMMEBY'S MNGMT COMPANY,45 BROADWAY,CAMMEBY'S MANAGEMENT COMPANY LLC,,,Permit Issued
M01408971-I1-GC,M01408971-I1,Initial Permit,2026-09-09,2026-08-10,2027-02-14,General Construction,"Demolition permit for the interior of the building cellar, basement and floors 1,2,3,4. removal of all non-load-bearing partition walls, cap and remove all plumbing and gas lines, no change to use or egress",138412,127,WEST 12 STREET,Manhattan,10011,GC,ANDREW CONSTRUCTION SERVI,35 MAPLEWOOD RD,ANBAU ENTERPRISES,,,Permit Issued
M01409819-I1-MS,M01409819-I1,Initial Permit,2026-09-09,2026-09-08,2026-09-30,Mechanical Systems,"Mechanical work as shown on plans filed herewith. No change in use, egress, or occupancy.",1210250,200,LIBERTY STREET,Manhattan,10281,GC,JT MAGEN & COMPANY INC,"44 WEST 28TH STREET, 11TH FL",Brookfield Properties,,,Permit Issued
M01409825-I1-MS,M01409825-I1,Initial Permit,2026-09-09,2026-09-08,2026-09-30,Mechanical Systems,"Mechanical work as shown on plans filed herewith. No change in use, egress, or occupancy.",1971251.4,200,LIBERTY STREET,Manhattan,10281,GC,JT MAGEN & COMPANY INC,"44 WEST 28TH STREET, 11TH FL",Brookfield Properties,,,Permit Issued
M01409833-I1-MS,M01409833-I1,Initial Permit,2026-09-09,2026-09-08,2026-09-30,Mechanical Systems,"Mechanical work as shown on plans filed herewith. No change in use, egress, or occupancy.",5362987,200,LIBERTY STREET,Manhattan,10281,GC,JT MAGEN & COMPANY INC,"44 WEST 28TH STREET, 11TH FL",Brookfield Properties,,,Permit Issued
M01409843-I1-MS,M01409843-I1,Initial Permit,2026-09-09,2026-09-04,2026-09-30,Mechanical Systems,"Mechanical work as shown on plans filed herewith. No change in use, egress, or occupancy.",1879510,200,LIBERTY STREET,Manhattan,10281,GC,JT MAGEN & COMPANY INC,"44 WEST 28TH STREET, 11TH FL",Brookfield Properties,,,Permit Issued
M01411321-I1-GC,M01411321-I1,Initial Permit,2026-09-09,2026-06-24,2026-12-22,General Construction,"FACADE AND ROOF REPAIRS AS PER PLANS FILED HEREWITH. NO CHANGE TO USE, EGRESS OR OCCUPANCY",244285,425,EAST 51 STREET,Manhattan,10022,GC,J&S WATERPROOFING LLC,14 OLIVE STREET,"AKAM ASSOCIATES, INC.",,,Permit Issued
M01412438-S2-PL,M01412438-S2,Initial Permit,2026-09-09,2026-07-14,2026-10-31,Plumbing,"Minor plumbing work related to CVS renovation. No change to use, egress or occupancy.",2500,158,BLEECKER STREET,Manhattan,10012,P,"PAR PLUMBING CO., INC",101 PARK AVENUE LOWER LOBBY,156 BLEECKER OWNER LLC,,,Permit Issued
M01414121-I1-MS,M01414121-I1,Initial Permit,2026-09-09,2026-09-09,2027-07-01,Mechanical Systems,Mechanical work on the 13th floor (Edie Parker) as indicated on drawings.,85909.34,595,MADISON AVENUE,Manhattan,10022,GC,"JOHN GALLIN & SON, INC","102 MADISON AVENUE, 9TH FLOOR",VORNADO REALTY TRUST,,,Permit Issued
M01415310-I1-GC,M01415310-I1,Initial Permit,2026-09-09,2026-07-08,2026-10-31,General Construction,"Interior alterations, including modification of interior non-loadbearing partitions, bathrooms, and kitchens. No change in use, egress, or occupancy.",1858590.7,106,FORT WASHINGTON AVENUE,Manhattan,10032,GC,TOWER ROAD CONSTRUCTION,158 WEST 27TH STREET 12 FL,N/A,,,Permit Issued
M01415584-I1-GC,M01415584-I1,Initial Permit,2026-09-09,2026-09-04,2026-12-15,General Construction,"HEREWITH FILING GENERAL CONSTRUCTION WORK FOR INTERIOR RENOVATION, NON BEARING PARTITION, FLOORING, CEILING, & MILLWORK. NO CHANGE TO USE OCCUPANCY OR EGRESS",1945000,345,PARK AVENUE SOUTH,Manhattan,10010,GC,NEWGRANGE CONSTRUCTION CO,104 EAST 25TH STREET 9TH FL,345 PAS HOLDINGS LLC,,,Permit Issued
M01415584-S1-MS,M01415584-S1,Initial Permit,2026-09-09,2026-09-08,2026-12-15,Mechanical Systems,"HEREWITH FILING FOR MODIFICATIONS TO THE EXISTING MECHANICAL SYSTEM ON THE 5TH FLR IN CONJUNCTION WITH OFFICE RENOVATIONS PER PLANS. NO CHANGE IN USE, OCCUPANCY OR EGRESS UNDER THIS APPLICATION.",760000,345,PARK AVENUE SOUTH,Manhattan,10010,GC,NEWGRANGE CONSTRUCTION CO,104 EAST 25TH STREET 9TH FL,345 PAS HOLDINGS LLC,,,Permit Issued
M01417262-I1-GC,M01417262-I1,Initial Permit,2026-09-09,2026-07-15,2026-12-31,General Construction,Interior reno of 42 units consisting of existing 1 bedroom apt units 2 bedroom apt units and studio apt units to meet or exceed UFAS compliance as indicated on drawings. Minor reconfiguration of walls as noted on plan. No change to use egre,2059050,400,WEST 43 STREET,Manhattan,10036,GC,QUEST BUILDERS GROUP INC,"49 WEST 45TH STREET, 3RD FLR",PR,,,Permit Issued
M01417498-S1-PL,M01417498-S1,Initial Permit,2026-09-09,2026-07-16,2027-07-01,Plumbing,"PLUMBING MODIFICATIONS FOR APT 6A AS PER PLANS FILED HEREWITH. NO CHANGE TO USE, EGRESS OR OCCUPANCY",44600,41,WEST 82 STREET,Manhattan,10024,P,AMOK INC,2906 SHELL ROAD,,,,Permit Issued
M01417603-S1-PL,M01417603-S1,Initial Permit,2026-09-09,2026-08-07,2026-10-03,Plumbing,"Plumbing modifications for interior renovation of Apartment 5H on the 6th floor as shown on drawings filed herewith. No change in use, egress or occupancy.",21557.3,4,PETER COOPER ROAD,Manhattan,10010,P,NORTHEAST PLBG & HTG CORP,249-17 NORTHERN BLVD 2ND FL,BPP PCV OWNER LLC,,,Permit Issued
M01417914-I1-GC,M01417914-I1,Initial Permit,2026-09-09,2026-06-23,2026-11-20,General Construction,REPLACE EXIST. MTL. FENCE & BROWNSTONE CURB @FRONT YARD. REPLACE EXIST. BRICK VENEER UNDER WINDOWS @ FRONT FACADE. REPLACE EXIST. MTL. FENCE ON THIRD FLOOR REAR TERRACE. REPLACE EXIST. SKYLIGHTIN EXIST. OPENING. NO CHANGE in occupancy use o,212000,110,WEST 13 STREET,Manhattan,10011,GC,AXIA BUILD CO INC,18-71 42ND STREET,Scenic Sharon LLC,,,Permit Issued
M01419573-I1-GC-CX,M01419573-I1,Initial Permit,2026-09-09,2026-08-05,2027-03-22,Mechanical Systems,Partial interior renovation of apartment unit including windows and PTAC units' replacement.,262674,40,FIFTH AVENUE,Manhattan,10011,GC,NEW YORK REMODELING INC,433 TAPPAN RD,PR,,,Permit Issued
M01419879-S1-PL,M01419879-S1,Initial Permit,2026-09-09,2026-07-23,2026-10-31,Plumbing,"Plumbing work filed in conjunction with the apartment renovation as per plan. no change in use, egress, or occupancy under this application.",24000,180,THOMPSON STREET,Manhattan,10012,P,METROTECH MECHANICAL CORP,115 WEST 30TH ST. STE 1110A,,,,Permit Issued
M01420269-I1-GC,M01420269-I1,Initial Permit,2026-09-09,2026-08-24,2027-08-30,General Construction,"NYU Washington Sq Village, PIPS 1A Repairs - Parking Garage repairs as per the plans filed including: Repair of spalled concrete, cracked concrete, and deteriorated reinforcement of parking structure ceiling. Removal & replacement of cracke",574000,95,BLEECKER STREET,Manhattan,10012,GC,EDIFICE DESIGN INC,"101-42 99TH STREET, SUITE 112",NEW YORK UNIVERSITY,,,Permit Issued
M01423211-S1-MS,M01423211-S1,Initial Permit,2026-09-09,2026-08-17,2027-04-06,Mechanical Systems,"Modifications to existing ductwork / mechanical system in the Centene space, new condensing unit on roof.",36000,1365,ST NICHOLAS AVENUE,Manhattan,10033,GC,CARLYLE CONSTRUCTION CO,28 PROSPECT AVE,THE GEORGE UNITS LLC,,,Permit Issued
M01423211-S2-PL,M01423211-S2,Initial Permit,2026-09-09,2026-08-10,2026-11-25,Plumbing,Install new sink and water cooler and related plumbing piping,8000,1365,ST NICHOLAS AVENUE,Manhattan,10033,P,FULTON PLBG & HTG CORP,38-01 23RD AVENUE SUITE 312,THE GEORGE UNITS LLC,,,Permit Issued
M01424005-I1-GC,M01424005-I1,Initial Permit,2026-09-09,2026-07-29,2026-11-14,General Construction,"Minor partition work with general carpentry work in apt 18. No change to use , bulk or egress",68375,161,PRINCE STREET,Manhattan,10012,GC,NYC BEST REMODELING INC,94-19 ROOSEVELT AVE 2ND FLOOR,TRISTAR MANAGEMENT ASSOCIATES LLC,,,Permit Issued
M01424999-I1-GC,M01424999-I1,Initial Permit,2026-09-09,2026-08-24,2026-10-28,General Construction,"INTERIOR RENOVATION OF EXISTING 17TH FLOOR PENTHOUSE, INCLUDING RECEPTION, LOUNGES, TOILET ROOMS, BARS, FINISHES, AND LIGHTING THROUGHOUT, PARTITION MODIFICATIONS,NEW WINDOWS AND DOORS THROUGHOUT THE PENTHOUSE, INCLUDING NEW OPENINGS, PENET",1500070,2,LEXINGTON AVENUE,Manhattan,10010,GC,MJM CONSTR ASSOCIATES LLC,125 BEACH 128TH STREET,MCR Hotels,,,Permit Issued
M01425082-I1-GC,M01425082-I1,Initial Permit,2026-09-09,2026-09-03,2027-04-20,General Construction,OFFICE INTERIOR FIT-OUT FOR BOTH THE 25TH AND 26TH FLOORS (29TH & 30TH FLOOR MARKETING),5580309,125,WEST 57 STREET,Manhattan,10019,GC,JRM CONSTRUCTION MGMT LLC,"111 WEST 33RD ST, 4TH FLR",PR,,,Permit Issued
M01425308-I1-GC,M01425308-I1,Initial Permit,2026-09-09,2026-07-13,2026-11-14,General Construction,"Minor partition work with general carpentry work in apt 19. No change to use , bulk or egress",33125,161,PRINCE STREET,Manhattan,10012,GC,NYC BEST REMODELING INC,94-19 ROOSEVELT AVE 2ND FLOOR,TRISTAR MANAGEMENT ASSOCIATES LLC,,,Permit Issued
M01425311-I1-EW-SP,M01425311-I1,Initial Permit,2026-09-09,2026-07-24,2026-10-31,Sprinklers,SPRINKLER MODIFICATIONS FILED HEREWITH.,4999.98,110,EAST 59 STREET,Manhattan,10022,F,PAR FIRE PROTECTION LLC,101 PARK AVENUE LOWER LOBBY,"TENBER ASSOCIATES, L.P.",,,Permit Issued
M01426343-S2-MS,M01426343-S2,Initial Permit,2026-09-09,2026-07-29,2026-09-26,Mechanical Systems,filing for installing type 1 and type 2 hood and kitchen exhaust system in commercial space,26300,831,WEST 181 STREET,Manhattan,10033,GC,FIRE ZONE VENTILATION & S,50-20 70TH STREET,PR,,,Permit Issued
M01426527-I1-MS,M01426527-I1,Initial Permit,2026-09-09,2026-07-29,2026-12-14,Mechanical Systems,"Modifications to existing HVAC and ductwork as per plans filed herewith. No change to use, egress, or occupancy.",979480,1211,AVENUE OF THE AMERICAS,Manhattan,10036,GC,LACOR MECHANICAL SYSTEMS,7 WEST 36TH STREET STE 501,1211 6th Avenue Property Owner LLC,,,Permit Issued
M01426684-I1-GC,M01426684-I1,Initial Permit,2026-09-09,2026-07-21,2026-11-14,General Construction,"Minor partition work with general carpentry work in apt 12. No change to use , bulk or egress",56125,161,PRINCE STREET,Manhattan,10012,GC,NYC BEST REMODELING INC,94-19 ROOSEVELT AVE 2ND FLOOR,TRISTAR MANAGEMENT ASSOCIATES LLC,,,Permit Issued
M01427200-I1-BE,M01427200-I1,Initial Permit,2026-09-09,2026-07-09,2026-09-30,Boiler Equipment,"REPLACE GAS BURNER ON EXISTING BOILER AS PER PLANS FILED IN CONJUNCTION WITH LAA# M01342319. NO CHANGE TO USE, OCCUPANCY OR EGRESS.",35000,207,WEST 94 STREET,Manhattan,10025,O,NEW YORK HEATING CORP,354 HUMBOLDT STREET,BROOKRIVER HOTELS & RESORTS LLC LLC,,,Permit Issued
M01431491-S2-PL,M01431491-S2,Initial Permit,2026-09-09,2026-09-03,2026-11-10,Plumbing,"plumbing modifications taking place on the 11th floor as per plans filed herewith. No change in use, egress or occupancy",16321,1330,AVENUE OF THE AMERICAS,Manhattan,10019,P,A&A PLUMBING CORP,33-25 126TH PLACE,1330 AOA Management LLC,,,Permit Issued
M01431724-S3-EW-SP,M01431724-S3,Initial Permit,2026-09-09,2026-07-27,2027-02-01,Sprinklers,"Sprinkler work as shown on plans filed herewith. No change in use, egress, or occupancy",14934.34,104,EAST 25 STREET,Manhattan,10010,F,K.M.D MECHANICAL 1443 LLC,105 STUYVESANT PL,COLLIERS,,,Permit Issued
M01433122-S1-PL,M01433122-S1,Initial Permit,2026-09-09,2026-08-11,2027-04-07,Plumbing,"APARTMENT 10D PLUMBING RENOVATE BATHROOMS- REPLACE, RELOCATE AND NEW FIXTURES AS PER PLANS FILED. NO CHANGE IN USE, EGRESS OR OCCUPANCY.",22000,790,RIVERSIDE DRIVE,Manhattan,10032,P,PLATINUM PLBG & HTG INC,4024 AVENUE U,,,,Permit Issued
M01433162-I1-MS,M01433162-I1,Initial Permit,2026-09-09,2026-09-04,2026-12-31,Mechanical Systems,"DIRECT REPLACEMENT REMOVE AND REPLACE EXISTING ELEC CONDENSER AND NGAS/ELEC AIR HANDLER WITH NEW 15-TON ELEC DX SPLIT SYSTEM CONDENSING UNIT AS PER PLANS HEREWITH SUBMITTED. NO CHANGE IN USE, EGRESS OR OCCUPANCY.",252950,1166,2 AVENUE,Manhattan,10065,GC,JDP MECHANICAL INC,24-39 44TH STREET,DAY & MEYER,,,Permit Issued
M01433293-I1-PL,M01433293-I1,Initial Permit,2026-09-09,2026-07-21,2027-05-16,Plumbing,"ADDITION OF NATURAL GAS FOR EXISTING DUAL-FUEL BOILER WITH NEW GAS METER & GAS PIPING DISTRIBUTION, EXISTING #2 FUEL OIL TANK TO REMAIN. NO CHANGE IN OCCUPANCY, USE OR EGRESS OF THE SPACE.",10000,1324,LEXINGTON AVENUE,Manhattan,10128,P,DEPENDABLE MECH CORP,"6202 17TH AVENUE, 1ST FLOOR",LC LEMLE REAL ESTATE GROUP LLC,,,Permit Issued
M01434110-S1-MS,M01434110-S1,Initial Permit,2026-09-09,2026-09-08,2027-01-01,Mechanical Systems,"Kurt Geiger-- Existing mechanical system to remain. Minor modification to existing ductwork are proposed, including removal and addition/relocation of linear supply diffusers. No new HVAC equipment is proposed.",14500,107,SPRING STREET,Manhattan,10012,GC,PRINCIPAL BUILDERS SOLUTI,338 JERICHO TURNPIKE # 327,PR,,,Permit Issued
M01436311-S1-PL,M01436311-S1,Initial Permit,2026-09-09,2026-08-05,2026-10-04,Plumbing,"PROPOSED PLUMBING WORK ON CELLAR AND 1ST FLOOR AS PER PLAN. NO CHANGE IN USE, EGRESS OR OCCUPANCY.",49000,256,WEST 38 STREET,Manhattan,10018,P,DW PLUMBING INC,115-58 DUNKIRK STREET,HAKIMIAN,,,Permit Issued
M01437266-I1-GC,M01437266-I1,Initial Permit,2026-09-09,2026-08-06,2026-12-31,General Construction,"REMOVAL AND INSTALLATION OF NON-LOAD BEARING PARTITIONS, DOORS AND CARPENTRY AS PER PLANS FILED HEREWITH. DEMO PORTION OF EXISTING WALL TO PROVIDE (2) 5 PENETRATIONS FOR INSTALLATION OF (2) NEW ELECTRICAL CONDUITS. FILED IN CONJUNCTION WITH",25000,76,11 AVENUE,Manhattan,10011,GC,SUFFOLK CONSTRUCTION COMP,50 ROCKEFELLER PLAZA STE 203,PR,,,Permit Issued
M01437742-I1-SF,M01437742-I1,Initial Permit,2026-09-09,2026-09-09,2026-09-27,Supported Scaffold,"FILE-SUPPORTED PIPE SCAFFOLD AS SHOWN ON THE PLAN. NO CHANGE IN USE, EGRESS, OR OCCUPANCY UNDER THIS APPLICATION.",8000,160,EAST 84 STREET,Manhattan,10028,GC,TRIBUTE RESTORATION INC,231 NORMAN STREET#206,4 PARK AVE. ASSOCIATES LLC,,,Permit Issued
M01437970-I1-SH,M01437970-I1,Initial Permit,2026-09-09,2026-09-09,2026-10-14,Sidewalk Shed,"Installation of a temporary heavy-duty sidewalk shed per plan submitted. Work shall comply with 2022 building codes chapter 33. No change in use, egress and/or occupancy with this application.",2000,505,WEST 47 STREET,Manhattan,10036,GC,PRAT ENTERPRISES CORP,257 KENT STREET,PRAT ENTERPRISES CORP,,,Permit Issued
M01439383-I1-GC,M01439383-I1,Initial Permit,2026-09-09,2026-08-26,2027-02-11,General Construction,"INTERIOR RENOVATIONS OF APT 9D INCLUDING PARTITIONS AND FINISHES AS PER PLANS FILED HEREWITH. NO CHANGE TO USE, EGRESS OR OCCUPANCY",95000,134,WEST 93 STREET,Manhattan,10025,GC,"G-STAR ENTERPRISES, INC","140 58TH ST,BUILDING-B STE6C",TIME EQUITIES INC,,,Permit Issued
M01440046-I1-SG,M01440046-I1,Initial Permit,2026-09-09,2026-09-04,2026-11-27,Sign,"PROPOSE NEW ILLUMINATED SIGNAGES FOR EXISTING COMMERCIAL SPACE. NO CHANGE TO USE, EGRESS OR OCCUPANCY.",6000,180,VARICK STREET,Manhattan,10014,S,LONG SHOT CRANE LLC,1109 METROPOLITAN AVE,180 VARICK LLC,,,Permit Issued
M01440064-I1-SG,M01440064-I1,Initial Permit,2026-09-09,2026-08-27,2027-06-06,Sign,"NON-ILLUMINATED NON-ADVERTISING ACCESSORY WALL SIGN - PRIME STORAGE. NO CHANGE OF USE, EGRESS OR OCCUPANCY.",7425,2350,5 AVENUE,Manhattan,10037,S,Z-CAR-D CORP,5275 ARTHUR KILL ROAD,Prime Storage Empire Capital 550 We,,,Permit Issued
M01440065-I1-SG,M01440065-I1,Initial Permit,2026-09-09,2026-08-31,2027-06-06,Sign,"NON-ILLUMINATED NON-ADVERTISING ACCESSORY WALL SIGN - (LOGO KEY). NO CHANGE OF USE, EGRESS OR OCCUPANCY.",2450,2350,5 AVENUE,Manhattan,10037,S,Z-CAR-D CORP,5275 ARTHUR KILL ROAD,Prime Storage Empire Capital 550 We,,,Permit Issued
M01440067-I1-SG,M01440067-I1,Initial Permit,2026-09-09,2026-08-28,2027-06-06,Sign,"NON-ILLUMINATED NON-ADVERTISING ACCESSORY WALL SIGN - (LOGO KEY). NO CHANGE OF USE, EGRESS OR OCCUPANCY.",2125,2350,5 AVENUE,Manhattan,10037,S,Z-CAR-D CORP,5275 ARTHUR KILL ROAD,Prime Storage Empire Capital 550 We,,,Permit Issued
M01440128-I1-SG,M01440128-I1,Initial Permit,2026-09-09,2026-08-31,2027-06-06,Sign,"NON-ILLUMINATED NON-ADVERTISING ACCESSORY WALL SIGN - PRIME STORAGE. NO CHANGE OF USE, EGRESS OR OCCUPANCY.",2125,12,WEST 142 STREET,Manhattan,10037,S,Z-CAR-D CORP,5275 ARTHUR KILL ROAD,Prime Storage Empire Capital 550 We,,,Permit Issued
M01440129-I1-SG,M01440129-I1,Initial Permit,2026-09-09,2026-08-27,2027-06-06,Sign,"NON-ILLUMINATED NON-ADVERTISING ACCESSORY WALL SIGN - PRIME STORAGE. NO CHANGE OF USE, EGRESS OR OCCUPANCY.",2125,12,WEST 142 STREET,Manhattan,10037,S,Z-CAR-D CORP,5275 ARTHUR KILL ROAD,Prime Storage Empire Capital 550 We,,,Permit Issued
M01440131-I1-SG,M01440131-I1,Initial Permit,2026-09-09,2026-08-27,2027-06-06,Sign,"NON-ILLUMINATED NON-ADVERTISING ACCESSORY WALL SIGN - (LOGO KEY). NO CHANGE OF USE, EGRESS OR OCCUPANCY.",900,12,WEST 142 STREET,Manhattan,10037,S,Z-CAR-D CORP,5275 ARTHUR KILL ROAD,Prime Storage Empire Capital 550 We,,,Permit Issued
M01440132-I1-SG,M01440132-I1,Initial Permit,2026-09-09,2026-08-27,2027-06-06,Sign,"NON-ILLUMINATED NON-ADVERTISING ACCESSORY WALL SIGN - ENTRANCE. NO CHANGE OF USE, EGRESS OR OCCUPANCY.",800,12,WEST 142 STREET,Manhattan,10037,S,Z-CAR-D CORP,5275 ARTHUR KILL ROAD,Prime Storage Empire Capital 550 We,,,Permit Issued
M01440133-I1-SG,M01440133-I1,Initial Permit,2026-09-09,2026-09-01,2027-06-06,Sign,"NON-ILLUMINATED NON-ADVERTISING ACCESSORY WALL SIGN - OFFICE. NO CHANGE OF USE, EGRESS OR OCCUPANCY.",675,12,WEST 142 STREET,Manhattan,10037,S,Z-CAR-D CORP,5275 ARTHUR KILL ROAD,Prime Storage Empire Capital 550 We,,,Permit Issued
M01440178-I1-SG,M01440178-I1,Initial Permit,2026-09-09,2026-09-03,2026-11-27,Sign,"PROPOSE NEW ILLUMINATED SIGNAGES FOR EXISTING COMMERCIAL SPACE. NO CHANGE TO USE, EGRESS OR OCCUPANCY.",6000,180,VARICK STREET,Manhattan,10014,S,LONG SHOT CRANE LLC,1109 METROPOLITAN AVE,180 VARICK LLC,,,Permit Issued
M01440498-I1-GC,M01440498-I1,Initial Permit,2026-09-09,2026-08-28,2026-10-12,General Construction,"Partition, finish and fixture work at existing dwelling unit 11D. Stain floors and paint apartment. No change to use, egress or occupancy.",82800,179,EAST 79 STREET,Manhattan,10075,GC,GIANCOLA CONTRACTORS INC,270 21ST STREET,,,,Permit Issued
M01440853-I1-GC,M01440853-I1,Initial Permit,2026-09-09,2026-09-02,2026-12-31,General Construction,"interior renovations on the 19h floor in unit#19 G as per plans submitted-plumbing work in conjunction under application # M01440853-S1 no change to use, egress or occupancy.",247760,415,EAST 54 STREET,Manhattan,10022,GC,B N J CONSTRUCTION CORP,16 WINTHROP DRIVE,Not Applicable,,,Permit Issued
M01442848-I1-GC,M01442848-I1,Initial Permit,2026-09-09,2026-09-03,2027-04-14,General Construction,Herein filing modifications to non-load bearing partitions.,15000,244,5 AVENUE,Manhattan,10001,GC,FILIP HOME IMPR CONTR INC,138-55 78TH DRIVE,Not Applicable,,,Permit Issued
M01442871-S1-MS,M01442871-S1,Initial Permit,2026-09-09,2026-08-14,2027-02-01,Mechanical Systems,"FILING HEREWITH DRAWINGS TO INSTALL NEW EXHAUST DUCTS FOR PROPOSED GAS DRYERS. THIS APPLICATION DOES NOT REQUIRE A NEW OR AMENDED CERTIFICATE OF OCCUPANCY AS THERE IS NO CHANGE IN USE, EGRESS OR OCCUPANCY.",4000,490,WEST 187 STREET,Manhattan,10033,GC,LXS AIR INC,153 CORBIN PL,PR,,,Permit Issued
M01443247-I1-SF,M01443247-I1,Initial Permit,2026-09-09,2026-09-09,2026-10-14,Supported Scaffold,"Installation of a temporarily supported scaffold per plan submitted. Work shall comply with 2022 building codes chapter 33. No change in use, egress and/or occupancy with this application.",40625,520,WEST 41 STREET,Manhattan,10036,GC,PRAT ENTERPRISES CORP,257 KENT STREET,PRAT ENTERPRISES CORP,,,Permit Issued
M01443471-I1-SH,M01443471-I1,Initial Permit,2026-09-09,2026-09-09,2026-12-08,Sidewalk Shed,"Installation of temporary heavy duty sidewalk shed per plan submitted. Work shall comply with 2022 building codes chapter 33. No change in use, egress and/or occupancy with this application.",1,21,MAIDEN LANE,Manhattan,10038,GC,CONSTRUCTORS TRADES & SKI,64-00 METROPOLITAN AVENUE,Not Applicable,,,Permit Issued
M01444004-S1-PL,M01444004-S1,Initial Permit,2026-09-09,2026-08-24,2027-02-16,Plumbing,"SUBSEQUENT FILING FOR PLUMBING WORK IN CONJUNCTION WITH OT JOB#M01444004-I1. NO CHANGE IN USE, EGRESS, OR OCCUPANCY.",0,192,6 AVENUE,Manhattan,10013,P,FLOWRITE SYSTEMS CORP,46353 44TH ROAD,PR,,,Permit Issued
M01444194-I1-GC,M01444194-I1,Initial Permit,2026-09-09,2026-08-20,2026-09-30,Structural,"INTERIOR RENOVATION OF APT 2A AND 4A. PARTITION CHANGES AS PER PLANS. INSTALLATION OF NEW WINDOWS AND SKYLIGHTS. NO CHANGE IN USE, OCCUPANCY, OR EGRESS.",233900,117,EAST 11 STREET,Manhattan,10003,GC,BEE CONSTRUCTIONS LLC,184 REMSEN RD,ALLIED REALTY & DEVELOPMENT CORP.,,,Permit Issued
M01444286-I1-PMM,M01444286-I1,Initial Permit,2026-09-09,2026-09-09,2026-12-31,Protection and Mechanical Methods,Installation and use of temporary knuckle boom construction equipment as per plans filed herewith.,5000,240,GREENWICH STREET,Manhattan,10007,GC,"SAFWAY ATLANTIC, LLC",700 COMMERCIAL AVENUE,The Bank of New York,,,Permit Issued
M01444849-I1-GC,M01444849-I1,Initial Permit,2026-09-09,2026-09-08,2026-10-31,General Construction,"Filing herewith general construction scope for the replacement (in-kind) of the waterproofing membrane along the area known as the South Transverse. No change in use, occupancy, or egress proposed under this application.",443000,20,LINCOLN CENTER PLAZA,Manhattan,10023,GC,TURNER CONSTRUCTION COMPA,66 HUDSON BLVD E,DAVID H KOCH THEATER AT LINCOLN CEN,,,Permit Issued
M01445573-I1-SC,M01445573-I1,Initial Permit,2026-09-09,2026-08-25,2026-10-14,Suspended Scaffold,INSTALLATION AND USE OF SUSPENDED SCAFFOLD FOR FACADE RESTORATION/INSPECTION AS PER PLANS SUBMITTED,0,207,EAST 74 STREET,Manhattan,10021,R,PRAT ENTERPRISES CORP,310 NASSAU AVENUE,PR,,,Permit Issued
M01445956-I1-GC,M01445956-I1,Initial Permit,2026-09-09,2026-09-03,2026-10-01,General Construction,"General construction for interior renovation of Apartment 3H on the 4th floor as shown on drawings filed herewith. No change in use, egress or occupancy.",78001.9,370,FIRST AVENUE,Manhattan,10010,GC,SUPER G CONSTRUCTION CORP,"420-C EAST 111TH STREET,GR FL",BPP PCV OWNER LLC,,,Permit Issued
M01446031-I1-SC,M01446031-I1,Initial Permit,2026-09-09,2026-09-08,2027-01-22,Suspended Scaffold,INDUSTRIAL ROPE ACCESS FOR FACADE INSPECTIONS.,0,360,EAST 55 STREET,Manhattan,10022,R,"CAN USA, INC",90 BROAD STREET SUITE 247,THE STAHL ORGANIZATION,,,Permit Issued
M01446076-I1-GC,M01446076-I1,Initial Permit,2026-09-09,2026-09-04,2027-03-11,General Construction,"Removal of interior non-bearing partitions, millwork, and lighting. Installation of new interior non-bearing partitions, millwork, ceilings, and lighting. No change to use, egress, or occupancy.",50000,127,WEST 79 STREET,Manhattan,10024,GC,R & R HOME REPAIRS INC,2820 TIEMANN AVENUE,Not Applicable,,,Permit Issued
M01446213-I1-GC,M01446213-I1,Initial Permit,2026-09-09,2026-09-08,2027-04-09,General Construction,Interior demolition of non load bearing partitions on the basement level and 1st floor as indicated on drawings.,35000,11,PENN PLAZA,Manhattan,10001,GC,W5 GROUP LLC,50 E. PALISADE AVE. STE. 111,VORNADO REALTY TRUST,,,Permit Issued
M01447041-I1-GC,M01447041-I1,Initial Permit,2026-09-09,2026-09-04,2027-02-19,General Construction,"GENERAL CONSTRUCTION MODIFICATIONS TAKING PLACE ON FLOORS 1, 3 & 5 AS PER PLANS FILED HEREWITH. NO CHANGE IN USE, EGRESS, OR OCCUPANCY.",150040,706,MADISON AVENUE,Manhattan,10065,GC,JKT CONSTRUCTION INC,839 STEWART AVE,Not Applicable,,,Permit Issued
M01447041-S3-ST,M01447041-S3,Initial Permit,2026-09-09,2026-09-08,2027-02-19,Structural,"Structural modifications taking place on the 3 floor as per plans filed herewith. No change in use, egress or occupancy",15000,706,MADISON AVENUE,Manhattan,10065,GC,JKT CONSTRUCTION INC,839 STEWART AVE,Not Applicable,,,Permit Issued
M01448434-S2-PL,M01448434-S2,Initial Permit,2026-09-09,2026-09-02,2027-01-13,Plumbing,"Mount Sinai - Atran-Berg MSH Dubin Breast Center Expansion - Plumbing modifications as per plans filed herewith. No change in use, egress, or occupancy.",156000,1428,MADISON AVENUE,Manhattan,10029,P,PSI PLUMBING INC,307 WEST 38TH STREET #1656,PR,,,Permit Issued
M01448517-I1-SC,M01448517-I1,Initial Permit,2026-09-09,2026-09-08,2027-03-08,Suspended Scaffold,WINDOW INSPECTION AND MAINTENANCE VIA INDUSTRIAL ROPE ACCESS,0,249,EAST 62 STREET,Manhattan,10065,R,TWO-TONE CONTRACTING CORP,76-02 21ST AVENUE,PR,,,Permit Issued
M01450241-I1-PL,M01450241-I1,Initial Permit,2026-09-09,2026-09-03,2026-12-07,Plumbing,"HEREWITH FILING FOR PLUMBING MODIFICATIONS IN UNIT 16C AS PER PLANS.NO CHANGE TO USE, EGRESS OR OCCUPANCY.",20000,235,WEST 48 STREET,Manhattan,10036,P,AUTHENTIC PLBG CORP,32-13 ASTORIA BOULEVARD,STONEHENGE MANAGEMENT LLC,,,Permit Issued
M01450517-I1-MS,M01450517-I1,Initial Permit,2026-09-09,2026-09-09,2027-02-28,Mechanical Systems,"INSTALL NEW CHIMNEY EXTENSION AND FRESH AIR FAN AS PER PLANS. NO CHANGE IN USE, OCCUPANCY OR EGRESS.",19870,352,EAST 69 STREET,Manhattan,10021,GC,UNITED CHIMNEY CORP,840 LINCOLN AVE SUITE 10,RAGA CONSTRUCTION LLC,,,Permit Issued
M01450642-S1-SF,M01450642-S1,Initial Permit,2026-09-09,2026-09-09,2026-11-07,Supported Scaffold,"TEMPORARY PIPE SCAFFOLD AS PER DRAWINGS. SCAFFOLD SHALL COMPLY WITH CH #33 OF THE NYC BC. NO CHANGE IN USE, OCCUPANCY OR EGRESS UNDER THIS APPLICATION",5500,625,8 AVENUE,Manhattan,10018,GC,HEXAGON GROUP INC,369 JELLIFF AVE,Not Applicable,,,Permit Issued
M01450807-S1-SC,M01450807-S1,Initial Permit,2026-09-09,2026-08-28,2027-06-07,Suspended Scaffold,"Suspended scaffold in order to perform close-up inspections and facade repairs. No change in use, occupancy or egress under this application.",0,1825,RIVERSIDE DRIVE,Manhattan,10034,R,SHA HOME IMPROVEMENT INC,114-04 LIBERTY AVENUE,GURNOOR CONSTRUCTION CORP,,,Permit Issued
M01452269-I1-GC,M01452269-I1,Initial Permit,2026-09-09,2026-09-01,2027-05-26,General Construction,"INTERIOR RENOVATION OF EXISTING STORE. CHANGE OF TENANT. NO CHANGE IN USE, EGRESS, OR OCCUPANCY.",20000,19,ST MARKS PLACE,Manhattan,10003,GC,XUXU CONSTRUCTION INC,4208 BOWNE ST NUM S1,Not Applicable,,,Permit Issued
M01453360-I1-GC,M01453360-I1,Initial Permit,2026-09-09,2026-09-08,2026-12-31,General Construction,Temporary Installations to be used on a temporary event Pinterest Presents. All the Installations are to be removed upon completion of the event.,5000,547,WEST 26 STREET,Manhattan,10001,GC,NYFF EVENTS LLC,"999.SOUTH OYSTER BAY ROAD, STE 307",VORNADO REALTY TRUST,,,Permit Issued
M01453367-I1-PMM,M01453367-I1,Initial Permit,2026-09-09,2026-09-09,2027-02-17,Protection and Mechanical Methods,"INSTALLATION OF TEMPORARY OVER HEAD PROTECTION AS PER PLANS. NO CHANGE IN USE, EGRESS OR OCCUPANCY SHALL COMPLY WITH CHAPTER#33 OF 2022 THE NY BUILDING CODE.",1000,505,EAST 79 STREET,Manhattan,10075,GC,ANDAMIO SCAFFOLDING LLC,20 BURLING LANE (BOX 4-1),GERARD J. PICASO DIVISION OF HALSTE,,,Permit Issued
M01453677-I1-GC,M01453677-I1,Initial Permit,2026-09-09,2026-09-03,2026-12-22,General Construction,"TWO TEMPORARY PLATFORMS IN CONJUNCTION WITH TPA APPLICATION #M01453669-I1. MATERIALS INCLUDE FIRE-RESISTANT WOOD/METAL AND PAINT SURFACES THROUGHOUT. FIRE CERTIFICATE PROVIDED AS REQUIRED. NO CHANGE TO USE, EGRESS, OR OCCUPANCY.",5000,415,5 AVENUE,Manhattan,10016,GC,"WINICK PRODUCTIONS, LLC","250 WEST 103RD STREET, 4C",Not Applicable,,,Permit Issued
M01454223-I1-GC,M01454223-I1,Initial Permit,2026-09-09,2026-09-08,2026-12-22,General Construction,"Temporary sculpture Uniite at the Wollman Rink Overlook. Removed at the end of the programing. No changes to existing structures, use or egress.",5000,830,FIFTH AVENUE,Manhattan,10065,GC,"WINICK PRODUCTIONS, LLC","250 WEST 103RD STREET, 4C",NYC PARKS,,,Permit Issued
M01454476-I1-GC,M01454476-I1,Initial Permit,2026-09-09,2026-09-04,2027-03-07,General Construction,"CHIP OUT DETERIORATED EXISTING BROWNSTONE, SCRAPE OUT AND CLEAN SUBSTRATE, AND REINSTALL NEW BROWNSTONE FINISH AT FRONT FACADE AND STOOPS. NO CHANGE IN USE, EGRESS, OR OCCUPANCY",22300,167,EAST 80 STREET,Manhattan,10075,GC,LIYANA CONSTRUCTION INC,330 OCEAN PARKWAY B7,LIYANA CONSTRUCTION INC,,,Permit Issued
M01454483-I1-SF,M01454483-I1,Initial Permit,2026-09-09,2026-09-09,2027-08-28,Supported Scaffold,INSTALLATION OF MEDIUM DUTY PIPE SCAFFOLD FOR INSULATING AN EXTERIOR PIPE AT REAR OF BUILDING. AS PER PLANS. NO CHANGE IN USE OCCUPANCY OR EGRESS UNDER THIS APPLICATION. AREA WILL BE CLOSED OFF FROM THE PUBLIC.,17000,530,BROADWAY,Manhattan,10012,GC,ALLTECH CONSTRUCTION GR,130-23 101ST AVE,ALLTECH CONSTRUCTION GROUP INC,,,Permit Issued
M01455718-I1-SF,M01455718-I1,Initial Permit,2026-09-09,2026-09-09,2026-10-06,Supported Scaffold,"INSTALLATION OF 300PSF SIDEWALK SHED AND PIPE SCAFFOLDING AS PER PLANS. ALL EQUIPMENT SHALL COMPLY WITH CHAPTER #33 OF THE 2022 CODE NO CHANGE IN USE, EGRESS OR OCCUPANCY UNDER THIS APPLICATION.",5000,57,WEST 82 STREET,Manhattan,10024,GC,ACE GROUP NY CORP,34 BARCLAY STREET,ACE GROUP NY CORP.,,,Permit Issued
M01455718-I1-SH,M01455718-I1,Initial Permit,2026-09-09,2026-09-09,2026-10-06,Supported Scaffold,"INSTALLATION OF 300PSF SIDEWALK SHED AND PIPE SCAFFOLDING AS PER PLANS. ALL EQUIPMENT SHALL COMPLY WITH CHAPTER #33 OF THE 2022 CODE NO CHANGE IN USE, EGRESS OR OCCUPANCY UNDER THIS APPLICATION.",5000,57,WEST 82 STREET,Manhattan,10024,GC,ACE GROUP NY CORP,34 BARCLAY STREET,ACE GROUP NY CORP.,,,Permit Issued
M01455722-I1-SF,M01455722-I1,Initial Permit,2026-09-09,2026-09-09,2026-10-06,Sidewalk Shed,"INSTALLATION OF 300PSF SIDEWALK SHED AND PIPE SCAFFOLDING AS PER PLANS. ALL EQUIPMENT SHALL COMPLY WITH CHAPTER #33 OF THE 2022 CODE NO CHANGE IN USE, EGRESS OR OCCUPANCY UNDER THIS APPLICATION.",5000,59,WEST 82 STREET,Manhattan,10024,GC,ACE GROUP NY CORP,34 BARCLAY STREET,ACE GROUP NY CORP.,,,Permit Issued
M01455722-I1-SH,M01455722-I1,Initial Permit,2026-09-09,2026-09-09,2026-10-06,Sidewalk Shed,"INSTALLATION OF 300PSF SIDEWALK SHED AND PIPE SCAFFOLDING AS PER PLANS. ALL EQUIPMENT SHALL COMPLY WITH CHAPTER #33 OF THE 2022 CODE NO CHANGE IN USE, EGRESS OR OCCUPANCY UNDER THIS APPLICATION.",5000,59,WEST 82 STREET,Manhattan,10024,GC,ACE GROUP NY CORP,34 BARCLAY STREET,ACE GROUP NY CORP.,,,Permit Issued
M01455890-I1-SF,M01455890-I1,Initial Permit,2026-09-09,2026-09-09,2027-03-02,Supported Scaffold,"PROPOSED INSTALLATION OF TEMPORARY PIPE SCAFFOLD AS PER PLANS. WORK SHALL COMPLY WITH CHAPTER #33 OF 2022 THE NYC BUILDING CODE. NO CHANGE IN USE, OCCUPANCY, OR EGRESS UNDER THIS APPLICATION.",1000,273,WEST 38 STREET,Manhattan,10018,GC,PARK CONTRACTING GROUP,12 HARBOR CT E,Park Contracting Group LLC.,,,Permit Issued
M01456426-I1-SF,M01456426-I1,Initial Permit,2026-09-09,2026-09-09,2027-07-16,Sidewalk Shed,"INSTALLATION OF 300PSF SIDEWALK SHED AND PIPE SCAFFOLDING AS PER PLANS. ALL EQUIPMENT SHALL COMPLY WITH CH #33 OF THE NYC CODE 2022. NO CHANGE IN USE, OCCUPANCY OR EGRESS UNDER THIS APPLICATION.",9000,42,WEST 65 STREET,Manhattan,10023,GC,AKALA CONSTRUCTION INC,140-08 FOCH BLVD,Akala construction inc,,,Permit Issued
M01456426-I1-SH,M01456426-I1,Initial Permit,2026-09-09,2026-09-09,2026-12-08,Sidewalk Shed,"INSTALLATION OF 300PSF SIDEWALK SHED AND PIPE SCAFFOLDING AS PER PLANS. ALL EQUIPMENT SHALL COMPLY WITH CH #33 OF THE NYC CODE 2022. NO CHANGE IN USE, OCCUPANCY OR EGRESS UNDER THIS APPLICATION.",9000,42,WEST 65 STREET,Manhattan,10023,GC,AKALA CONSTRUCTION INC,140-08 FOCH BLVD,Akala construction inc,,,Permit Issued
M01456436-I1-SH,M01456436-I1,Initial Permit,2026-09-09,2026-09-09,2026-12-08,Sidewalk Shed,"INSTALLATION OF 300PSF SIDEWALK SHED AS PER PLANS. ALL EQUIPMENT SHALL COMPLY WITH CH #33 OF THE NYC CODE 2022. NO CHANGE IN USE, OCCUPANCY OR EGRESS UNDER THIS APPLICATION.",9000,545,EAST 13 STREET,Manhattan,10009,GC,GSR CONTRACTOR INC,584 TERRY PLACE,GSR CONTRACTOR INC.,,,Permit Issued
M01456642-I1-SH,M01456642-I1,Initial Permit,2026-09-09,2026-09-09,2026-12-08,Supported Scaffold,"INSTALLATION OF 300 PSF SIDEWALK SHED, PIPE SCAFFOLD, ENGINEERED ENCLSOURE, OVERHEAD PROTECTION AND WINDOW PROTECTION AS PER PLANS. ALL EQUIPMENT SHALL COMPLY WITH CHAPTER #33 OF THE 2022 CODE. NO CHANGE IN USE, EGRESS OR OCCUPANCY UNDER TH",25000,123,EDGECOMBE AVENUE,Manhattan,10030,GC,MC SUPERSTRUCTURE INC,135-53 NORTHERN BLVD #2B,MC SUPERSTRUCTURE INC.,,,Permit Issued
M01457138-I1-SH,M01457138-I1,Initial Permit,2026-09-09,2026-09-09,2026-12-08,Sidewalk Shed,"PROPOSED INSTALLATION OF HEAVY DUTY SIDEWALK SHED AS PER PLANS. LIVE LOAD 300 LBS PER SQUARE FEET. SIDEWALK SHED SHALL COMPLY WITH CHAPTER #33 OF THE NYC BUILDING CODE. NO CHANGE IN USE, OCCUPANCY, OR EGRESS UNDER THIS APPLICATION.",12000,300,WEST 20 STREET,Manhattan,10011,GC,RELIABLE ENTERPRISES INC,1431 BRUCKNER BOULEVARD,RELIABLE ENTERPRISES INC,,,Permit Issued
Q00956071-S6-MS,Q00956071-S6,Initial Permit,2026-09-09,2026-09-03,2026-12-01,Mechanical Systems,MECHANICAL WORK IN CONJUNCTION WITH ALT-CO APPLICATION Q00956071-I1,15000,193-11,MC LAUGHLIN AVENUE,Queens,11423,GC,ALMA DEVELOPERS LLC,66-64 THORNTON PLACE,N/A,,,Permit Issued
Q00964775-I1-PL,Q00964775-I1,Initial Permit,2026-09-09,2024-01-04,2026-09-16,Plumbing,APPLICATION FILED FOR PLUMBING WORK FOR NEW BUILDING GARAGE IN CONJUNCTION WITH NB APPLICATION # Q00921891,5000,115-72AGAR,NEWBURG STREET,Queens,11412,P,SUPERIOR PLUMBING & HEATI,150 CLOVE RD UNIT D,PR,,,Permit Issued
Q01177691-S8-CC,Q01177691-S8,Initial Permit,2026-09-09,2026-02-12,2027-04-27,Curb Cut,INSTALLATION OF NEW CURB CUTS AS PER PLANS,0,137,BEACH 30 STREET,Queens,11691,GC,ON STAR MANAGEMENT LLC,4118 14TH AVE. STE 114,Not Applicable,,,Permit Issued
Q01205728-S3-PL,Q01205728-S3,Initial Permit,2026-09-09,2026-07-30,2027-04-25,Plumbing,HEREWITH FILING TO CORRECT VIOLATION # 34641901Z. CAP & REMOVE ALL ILLEGAL PLUMBING FIXTURES AS PER PLANS. NO ADDITIONAL WORK OR COST BEING SUBMITTED OTHER THAN WHAT HAS ALREADY BEEN SUBMITTED IN THE I1. PLANS CHANGED TO SHOW EXITING CONDIT,2000,90-30,139 STREET,Queens,11435,P,PETER PLUMBING ASSOC. INC,129-09 26TH AVENUE,PR,,,Permit Issued
Q01222315-S3-CC,Q01222315-S3,Initial Permit,2026-09-09,2025-07-22,2027-04-27,Curb Cut,INSTALLATION OF NEW CURB CUTS AS PER PLANS.,0,147,BEACH 30 STREET,Queens,11691,GC,ON STAR MANAGEMENT LLC,4118 14TH AVE. STE 114,Not Applicable,,,Permit Issued
Q01231263-S2-FO-EA,Q01231263-S2,Initial Permit,2026-09-09,2026-08-14,2026-10-14,Earth Work,FILE FOUNDATION AND EARTH WORK IN CONJUNCTION WITH JOB#Q01231263,0,53-55,63 STREET,Queens,11378,GC,JJK BUILDING CONSULTING,43-46 UTOPIA PARKWAY,4511 193 ST LLC,,,Permit Issued
Q01231263-S3-ST,Q01231263-S3,Initial Permit,2026-09-09,2026-08-14,2026-10-28,Structural,FILE STRUCTURE IN CONJUNCTION WITH JOB#Q01231263,0,53-55,63 STREET,Queens,11378,GC,FULIN CONSTRUCTION NY INC,146-40 32ND AVENUE,4511 193 ST LLC,,,Permit Issued
Q01231264-S2-FO-EA,Q01231264-S2,Initial Permit,2026-09-09,2026-05-18,2026-10-14,Earth Work,FILE FOUNDATION AND EARTH WORK IN CONJUNCTION WITH JOB#Q01231264,0,53-57,63 STREET,Queens,11378,GC,JJK BUILDING CONSULTING,43-46 UTOPIA PARKWAY,4511 193 ST LLC,,,Permit Issued
Q01231264-S3-ST,Q01231264-S3,Initial Permit,2026-09-09,2026-05-18,2026-10-28,Structural,FILE STRUCTURE FOR A NEW 3-STORY BUILDING IN CONJUNCTION WITH JOB#Q01231264,0,53-57,63 STREET,Queens,11378,GC,FULIN CONSTRUCTION NY INC,146-40 32ND AVENUE,4511 193 ST LLC,,,Permit Issued
Q01231266-S3-ST,Q01231266-S3,Initial Permit,2026-09-09,2026-08-20,2026-10-28,Structural,FILE STRUCTURE IN CONJUNCTION WITH JOB#,0,53-59,63 STREET,Queens,11378,GC,FULIN CONSTRUCTION NY INC,146-40 32ND AVENUE,4511 193 ST LLC,,,Permit Issued
Q01246317-I1-GC,Q01246317-I1,Initial Permit,2026-09-09,2026-08-19,2027-09-09,General Construction,PROPOSED NEW 6 STORY RESIDENTIAL BUILDING,0,306,BEACH 70 STREET,Queens,11692,GC,ABOVE BUILDER GROUP LLC,1314 59TH STRET,Not Applicable,,,Permit Issued
Q01246317-S5-SE,Q01246317-S5,Initial Permit,2026-09-09,2026-06-19,2027-09-09,Support of Excavation,SOE SPECIFICATIONS FILED IN CONJUNCTION WITH NB APPLICATION #Q01246317-I1.,0,306,BEACH 70 STREET,Queens,11692,GC,ABOVE BUILDER GROUP LLC,1314 59TH STRET,Not Applicable,,,Permit Issued
Q01246317-S6-MS,Q01246317-S6,Initial Permit,2026-09-09,2026-03-22,2027-09-09,Mechanical Systems,MECHANICAL SPECIFICATIONS FILED IN CONJUNCTION WITH GC APPLICATION Q01246317-I1,0,306,BEACH 70 STREET,Queens,11692,GC,ABOVE BUILDER GROUP LLC,1314 59TH STRET,Not Applicable,,,Permit Issued
Q01254580-S3-PL,Q01254580-S3,Initial Permit,2026-09-09,2025-11-21,2026-09-15,Plumbing,NYC DEV HUB: Plumbing work in conjunction with new building construction,0,35-42,41 STREET,Queens,11101,P,PROTO P & H SERVICES CORP,20-57 STEINWAY STREET,DOMAIN 41ST STREET SITE B LLC,,,Permit Issued
Q01258077-S2-EW-SP,Q01258077-S2,Initial Permit,2026-09-09,2025-09-04,2027-02-15,Sprinklers,"Filing herewith for plumbing and sprinkler work as per plans submitted. No change in egress, use, or occupancy.",98400,162-21,JAMAICA AVENUE,Queens,11432,F,A & F FIRE PROTECTION CO,1156 AVENUE OF AMERICAS,PR,,,Permit Issued
Q01266340-I1-FO,Q01266340-I1,Initial Permit,2026-09-09,2026-06-23,2026-09-29,Structural,PROPOSED ONE STORY NEW BUILDING GARAGE.,0,112-45 GAR,219 STREET,Queens,11429,GC,ASJ CONSTRUCTION INC,11440 122ND STREET,METROPOLITAN ELECTRIC OF NEW YORK I,,,Permit Issued
Q01266340-I1-GC-CX,Q01266340-I1,Initial Permit,2026-09-09,2026-06-23,2026-09-29,Structural,PROPOSED ONE STORY NEW BUILDING GARAGE.,0,112-45 GAR,219 STREET,Queens,11429,GC,ASJ CONSTRUCTION INC,11440 122ND STREET,METROPOLITAN ELECTRIC OF NEW YORK I,,,Permit Issued
Q01267095-S1-PMM,Q01267095-S1,Initial Permit,2026-09-09,2026-01-30,2027-01-01,Protection and Mechanical Methods,MECHANICAL EQUIPMENT USE TO ASSIST WITH DEMO,7000,45-35,DAVIS STREET,Queens,11101,GC,DTO ALTERATIONS LLC,838 MCLEAN AVE 2ND FL,ZD JASPER REALTY,,,Permit Issued
Q01267398-Z5-EW-SD,Q01267398-Z5,Initial Permit,2026-09-09,2026-09-09,2026-12-15,Standpipe,Temp Standpipe for parking garage (Hardrock),0,40-02,126 STREET,Queens,11368,F,RAEL AUTOMATIC SPR.CO INC,89 5TH AVENUE SUITE 603,NYC Parks,,,Permit Issued
Q01275341-Z5-EW-SD,Q01275341-Z5,Initial Permit,2026-09-09,2026-08-28,2027-06-29,Standpipe,Temp Standpipe for parking garage (Hardrock),0,35-16,126 STREET,Queens,11368,P,PARKVIEW P&H INC,2210 REEDS MILL LANE,NYC Parks,,,Permit Issued
Q01279622-S2-PL,Q01279622-S2,Initial Permit,2026-09-09,2026-09-01,2026-12-12,Plumbing,"HEREWITH FILING SUBSEQUENT PLUMBING APPLICATION IN CONJUNCTION WITH ALT-CO GC Q01279622-I1 FOR PLUMBING WORK IN CELLAR, FIRST, AND SECOND AS PER PLANS FILED HEREIN.",250000,82-36,189 STREET,Queens,11423,P,5 BORO'S PLUMBING INC,101-21 ROCKAWAY BLVD,n/a,,,Permit Issued
Q01283915-S2-ST,Q01283915-S2,Initial Permit,2026-09-09,2026-08-03,2027-04-27,Structural,STRUCTURE FILED IN CONJUNCTION WITH NB JOB NUMBER Q01283915-I1.,0,54-03,QUEENS BOULEVARD,Queens,11377,GC,ON STAR MANAGEMENT LLC,4118 14TH AVE. STE 114,NOSTRAND LAND LLC,,,Permit Issued
Q01283915-S7-EW-SD,Q01283915-S7,Initial Permit,2026-09-09,2026-03-04,2027-04-14,Standpipe,SPRINKLER AND STANDPIPE SYSTEM FILED IN CONJUCTION WITH NB JOB NUMBER Q01283915-I1.,0,54-03,QUEENS BOULEVARD,Queens,11377,F,SAFETY FIRE SPRINKLER COR,1070 38TH STREET,NOSTRAND LAND LLC,,,Permit Issued
Q01283915-S7-EW-SP,Q01283915-S7,Initial Permit,2026-09-09,2026-03-04,2027-04-14,Standpipe,SPRINKLER AND STANDPIPE SYSTEM FILED IN CONJUCTION WITH NB JOB NUMBER Q01283915-I1.,0,54-03,QUEENS BOULEVARD,Queens,11377,F,SAFETY FIRE SPRINKLER COR,1070 38TH STREET,NOSTRAND LAND LLC,,,Permit Issued
Q01283915-S8-EW-SD,Q01283915-S8,Initial Permit,2026-09-09,2026-03-23,2027-04-14,Standpipe,TEMPORARY STANDPIPE SYSTEM FILED IN CONJUNCTION WITH NB JOB NUMBER Q01283915-I1.,0,54-03,QUEENS BOULEVARD,Queens,11377,F,SAFETY FIRE SPRINKLER COR,1070 38TH STREET,NOSTRAND LAND LLC,,,Permit Issued
Q01312297-S1-SE,Q01312297-S1,Initial Permit,2026-09-09,2026-01-07,2027-08-12,Support of Excavation,FILE SOE IN CONJUNCTION WITH JOB#,0,41-25,249 STREET,Queens,11363,GC,GOLDEN TIME CONTRACTING I,47-27 195TH STREET,N/A,,,Permit Issued
Q01348204-I1-SC,Q01348204-I1,Initial Permit,2026-09-09,2026-09-09,2027-04-01,Suspended Scaffold,Facade Inspection via Industrial Rope Access as shown on plans,0,26-32,JACKSON AVENUE,Queens,11101,R,"M & L SIGNS, INC",203 INGRAHAM STREET,"LIONS GROUP II, LLC.",,,Permit Issued
Q01353487-S1-PL,Q01353487-S1,Initial Permit,2026-09-09,2026-03-02,2027-04-17,Plumbing,"NO CHANGE IN USE, EGRESS, & OCCUPANCY. APPLICATION HEREWITH FILING FOR PROPOSED PLUMBING WORK IN CELLAR TO BE LEGALIZED IN ORDER TO RECTIFY VIOLATIONS #39169009N, #39169007J, & #39169008L",25000,109-21,132 STREET,Queens,11420,P,SERVE-WELL PLUMBING & HEATING INC,116-04 ATLANTIC AVE,Not Applicable,,,Permit Issued
Q01359725-S1-PL,Q01359725-S1,Initial Permit,2026-09-09,2026-07-29,2027-06-30,Plumbing,"Plumbing application to remove all existing plumbing fixtures, cut and cap all existing sanitary and gas lines. Install new sanitary and gas lines as shown in proposed plumbing plans. No change in use, occupancy or egress.",45000,75-11,MYRTLE AVENUE,Queens,11385,P,SIGNORE & SONS PLBG CORP,2237 WEBSTER AVENUE,PRO CA-SA CONTRACTOR CORP,,,Permit Issued
Q01373334-I1-SL,Q01373334-I1,Initial Permit,2026-09-09,2026-05-12,2026-10-31,Solar,"INSTALLATION OF SOLAR PANELS ON EXISTING ROOF. NO CHANGE IN USE, OCCUPANCY, OR EGRESS. NO CHANGE IN BULK",364620,33-24,93 STREET,Queens,11372,GC,VOLTAIC SOLAIRE LLC,254 43RD STREET,SOUTHRIDGE COOPERATIVE SECTION 1,,,Permit Issued
Q01373385-I1-SL,Q01373385-I1,Initial Permit,2026-09-09,2026-04-20,2026-10-31,Solar,"INSTALLATION OF SOLAR PANELS ON EXISTING ROOF. NO CHANGE IN USE, OCCUPANCY, OR EGRESS. NO CHANGE IN BULK",364620,33-44,93 STREET,Queens,11372,GC,VOLTAIC SOLAIRE LLC,254 43RD STREET,SOUTHRIDGE COOPERATIVE SECTION 1,,,Permit Issued
Q01373420-I1-SL,Q01373420-I1,Initial Permit,2026-09-09,2026-04-27,2026-10-31,Solar,"INSTALLATION OF SOLAR PANELS ON EXISTING ROOF. NO CHANGE IN USE, OCCUPANCY, OR EGRESS. NO CHANGE IN BULK",391170,33-04,93 STREET,Queens,11372,GC,VOLTAIC SOLAIRE LLC,254 43RD STREET,SOUTHRIDGE COOPERATIVE SECTION 1,,,Permit Issued
Q01398758-I1-SG,Q01398758-I1,Initial Permit,2026-09-09,2026-09-09,2027-05-23,Sign,"ERECT ACCESSORY BUSINESS WALL SIGN FOR WONDER. NO CHANGE IN USE, EGRESS, OR OCCUPANCY.",2600,215-16,NORTHERN BOULEVARD,Queens,11361,S,UNIVERSAL SIGNS & SVC INC,346 BROADWAY,WEST EGG DEVELOPMENT,,,Permit Issued
Q01400268-I1-GC,Q01400268-I1,Initial Permit,2026-09-09,2026-05-18,2027-02-04,General Construction,"Installing a 6 feet wide doorway doorway in the back cellar wall with a ramp to the back yard. removal of chimney in the back wall of the house. No change in use, bulk, occupancy and egress. Filing to clear violation # 39041383K.",21800,54-61,80 STREET,Queens,11373,GC,AG STONE,47 REYNOLDS ST,Not Applicable,,,Permit Issued
Q01403318-S2-FN,Q01403318-S2,Initial Permit,2026-09-09,2026-07-22,2027-08-12,Construction Fence,INSTALL 8' TEMPORARY CONSTRUCTION FENCE AT THE ABOVE ADDRESS,0,211-03,34 ROAD,Queens,11361,GC,GOLDEN TIME CONTRACTING I,47-27 195TH STREET,211-05 34TH RD REALTY LLC,,,Permit Issued
Q01403320-S2-FN,Q01403320-S2,Initial Permit,2026-09-09,2026-07-24,2027-08-12,Construction Fence,INSTALL 8' TEMPORARY CONSTRUCTION FENCE AT THE ABOVE ADDRESS,0,211-07,34 ROAD,Queens,11361,GC,GOLDEN TIME CONTRACTING I,47-27 195TH STREET,211-05 34TH RD REALTY LLC,,,Permit Issued
Q01404749-S1-PL,Q01404749-S1,Initial Permit,2026-09-09,2026-09-03,2027-04-01,Plumbing,"Application filed to cap/remove illegal plumbing fixtures, replace gas piping and perform gas test for the three family house due to fire damage and to correction DOB violation #042526CCER01JM. No change in use, egress or occupancy.",11000,34-29,110 STREET,Queens,11368,P,MPS PLUMBING & HEATING INC,36-05 COLLEGE POINT BLVD,Not Applicable,,,Permit Issued
Q01406521-I1-GC,Q01406521-I1,Initial Permit,2026-09-09,2026-07-23,2027-02-01,General Construction,"Scope of work includes scraping, priming, and painting the fire escape; replacement of masonry mortar joints, brick masonry, steel lintel, sealant, and precast sill; sounding and replacing unsound stucco; and concrete patch repair.",291855,140-33,34 AVENUE,Queens,11354,GC,TRICE CONTRACTING INC,43-01 21ST STREET,ALL AREA REALTY SERVICES INC.,,,Permit Issued
Q01409510-I1-GC-CX,Q01409510-I1,Initial Permit,2026-09-09,2026-07-01,2026-09-09,Structural,"HEREWITH FILE ALTERATION IN ORDER TO DO AN INTERIOR RENOVATION TO AN EXISTING TWO STORY ONE FAMILY DWELLING WITH CELLAR AS PER C OF O # 94322 TO ERECT INTERIOR PARTITIONS, TO DO PLUMBING WORK AND TO OBTAIN A LOC, NO CHANGE TO USE OCCUPANCY ",225240,80-14,BELL BOULEVARD,Queens,11427,GC,JH CREW INC,"2546 100TH STREET,SUITE 1",N/A,,,Permit Issued
Q01413868-S1-MS,Q01413868-S1,Initial Permit,2026-09-09,2026-09-02,2026-12-17,Mechanical Systems,PROVIDE NEW MECHANICAL HVAC SYSTEMS FOR THE PROPOSED 1ST FLOOR RENOVATIONS OF THE ADVISING AND WRITING CENTER OF THE ST. AUGUSTINE HALL BUILDING AT ST. JOHN'S UNIVERSITY.,650000,81-26,UTOPIA PARKWAY,Queens,11432,GC,MED-TEK CONTRACTING INC,601 N. MACQUESTEN PARKWAY,ST JOHNS UNIVERSITY,,,Permit Issued
Q01426801-I1-GC,Q01426801-I1,Initial Permit,2026-09-09,2026-08-24,2027-04-14,General Construction,"Interior renovation / modifications as per plans filed herewith. No change to use, egress, or occupancy.",75000,27-01,JACKSON AVENUE,Queens,11101,GC,LIONS GROUP II LLC,"11 GRACE AVENUE, SUITE 401","LIONS GROUP II, LLC.",,,Permit Issued
Q01427701-I1-GC,Q01427701-I1,Initial Permit,2026-09-09,2026-08-24,2027-01-04,General Construction,CONVERT EXISTING 2-DWELLING 3 STORY RESIDENTIAL BUILDING TO 3-DWELLING WITH MINOR INTERIOR RENOVATION. OBTAIN NEW C OF O.,200000,59-09,KISSENA BOULEVARD,Queens,11355,GC,GREAT ONE CONSTRUCTION LL,37-12 PRINCE STREET 8C,Not Applicable,,,Permit Issued
Q01438640-I1-SL,Q01438640-I1,Initial Permit,2026-09-09,2026-09-04,2027-06-01,Solar,"Installation of solar system on the roof as per plan. No change in use, egress or occupancy",45132.8,112-10,95 AVENUE,Queens,11419,GC,TRINITY SOLAR LLC,2211 ALLENWOOD ROAD,Not Applicable,,,Permit Issued
Q01440865-I1-SG,Q01440865-I1,Initial Permit,2026-09-09,2026-08-26,2026-11-27,Sign,"PROPOSE NEW ILLUMINATED CHANNEL LETTER SON ALUMINUM RACEWAY FOR EXITING COMMERCIAL SPACE. NO CHANGE TO USE, EGRESS OR OCCUPANCY.",3000,11-49,44 ROAD,Queens,11101,S,LONG SHOT CRANE LLC,1109 METROPOLITAN AVE,8203 3RD AVE PROPERTY LLC,,,Permit Issued
Q01443828-I1-SH,Q01443828-I1,Initial Permit,2026-09-09,2026-09-09,2026-12-08,Sidewalk Shed,"INSTALLATION OF TEMPORARY HEAVY DUTY SIDEWALK SHED AS PER PLANS. NO CHANGE IN USE, EGRESS OR OCCUPANCY. SIDEWALK SHED SHALL COMPLY WITH CHAPTER #33 OF 2022 THE NYC BUILDING CODE. LIVE LOAD 300PSF.",1000,108-38,CORONA AVENUE,Queens,11368,GC,PARK CONTRACTING GROUP,12 HARBOR CT E,Park Contracting Group LLC.,,,Permit Issued
Q01443998-S1-PL,Q01443998-S1,Initial Permit,2026-09-09,2026-08-24,2026-12-04,Plumbing,"PLUMBING WORK IN CONJUNCTION WITH INTERIOR FIT-OUT OF DENTAL OFFICE IN EXISTING COMMERCIAL SPACE. NO CHANGE IN USE GROUP, EGRESS OR OCCUPANCY",41250,45-57,BELL BOULEVARD,Queens,11361,P,RITE WAY HEATING CORP,"50 QUENTIN RD., 1ST FLOOR",Not Applicable,,,Permit Issued
Q01445164-I1-MS,Q01445164-I1,Initial Permit,2026-09-09,2026-08-14,2026-10-02,Mechanical Systems,"APPLICATION FILED TO INSTALL KITCHEN EXHAUST SYSTEM (HOOD,DUCTWORK, MAKE-UP AIR AND EXHAUST FAN) FOR KITCHEN SPACE IN THEFIRST FLOOR AS PER PLANS. FIRE SUPPRESSION SYSTEM FILED SEPARATELYWITH THE FDNY. NO CHANGE TO USE, EGRESS, OR OCCUPANCY",20000,224-11,UNION TURNPIKE,Queens,11364,GC,DONE RIGHT KITCHEN EXHAUS,107 GEORGIA AVENUE,ALLIED REALTY & DEVELOPMENT CORP.,,,Permit Issued
Q01445201-I1-GC,Q01445201-I1,Initial Permit,2026-09-09,2026-08-25,2026-10-18,General Construction,"to construct a open porch, repair fence, replace building front steps in front yard.",14820,148-48,61 ROAD,Queens,11367,GC,KALE CONSTRUCTION INC,145-12 24 AVE,AMERICAN BUDDHIST CENTER INC.,,,Permit Issued
Q01445594-I1-SG,Q01445594-I1,Initial Permit,2026-09-09,2026-09-03,2027-05-23,Sign,"ERECT ACCESSORY BUSINESS WALL SIGN FOR ADVANTAGE CARE PHYSICIANS. NO CHANGE IN USE, EGRESS, OR OCCUPANCY.",3680,180-05,HILLSIDE AVENUE,Queens,11432,S,UNIVERSAL SIGNS & SVC INC,346 BROADWAY,Healthcare Realty,,,Permit Issued
Q01446694-I1-SL,Q01446694-I1,Initial Permit,2026-09-09,2026-08-20,2026-11-15,Solar,"INSTALLATION OF SOLAR PANELS ON ROOF. NO CHANGE IN USE, EGRESS, OR OCCUPANCY.",50965.2,161-12,84 STREET,Queens,11414,RA,"TOM PETERSEN ARCHITECT, LLC",6 COUNTRY LANE,Not Applicable,,,Permit Issued
Q01448928-I1-GC,Q01448928-I1,Initial Permit,2026-09-09,2026-09-08,2026-12-31,General Construction,"Filing for Emergency Facade repair work To include Brick replacement, mortar joint repointing, Stone repairs, Cracking repairs and sealant replacement.",58457,680,FAIRVIEW AVENUE,Queens,11385,GC,TISHMAN INTERIORS CORP,100 PARK AVENUE,Verizon,,,Permit Issued
Q01449589-I1-GC,Q01449589-I1,Initial Permit,2026-09-09,2026-09-01,2027-03-18,Mechanical Systems,ALT-II FILING FOR INTERIOR RENOVATION OF PROPOSED RESTAURANT,77000,36-17,30 AVENUE,Queens,11103,GC,ANVIEN CONSTRUCTION LLC,115-45 131ST STREET,Not Applicable,,,Permit Issued
Q01449589-S1-PL,Q01449589-S1,Initial Permit,2026-09-09,2026-08-31,2027-02-09,Plumbing,PLUMBING FILING IN CONJUNCTION WITH ALT-II FILING FOR INTERIOR RENOVATION OF PROPOSED RESTAURANT ON FIRST FLOOR,27000,36-17,30 AVENUE,Queens,11103,P,WATERMARK PLUMBING CORP,97-06 101 AVENUE,Not Applicable,,,Permit Issued
Q01451188-I1-SL,Q01451188-I1,Initial Permit,2026-09-09,2026-09-03,2026-10-01,Solar,"FILING HEREWITH TAX ABATEMENT APPLICATION FOR INSTALLATION OF ROOF-MOUNTED SOLAR PANELS. NO CHANGE IN USE, EGRESS, OR OCCUPANCY.",36000,82-37,260 STREET,Queens,11004,GC,SUNRUN INSTALLATION SVC,775 FIERO LN STE 200,Not Applicable,,,Permit Issued
Q01451674-I1-PL,Q01451674-I1,Initial Permit,2026-09-09,2026-09-04,2026-11-23,Plumbing,Propose to provide PLUMBING plans for cellar floor of 2 family 2 story house NO CHANGE IN USE EGRESS OR OR OCCUPANCY,10000,109-23,141 STREET,Queens,11435,P,BT'S PLUMBING AND HEATING,82-01 ROCKAWAY BLVD#412,n/a,,,Permit Issued
Q01452430-I1-SL,Q01452430-I1,Initial Permit,2026-09-09,2026-09-02,2026-09-30,Solar,"Installation of solar panels, rooftop, grid tied, railed, 8 modules, 3.28 KW",16400,716,COLLEGE POINT BOULEVARD,Queens,11356,PE,MOMENTUM SOLAR,3096 B HAMILTON BLVD,PR,,,Permit Issued
Q01452618-I1-SL,Q01452618-I1,Initial Permit,2026-09-09,2026-09-02,2026-09-30,Solar,"Installation of solar panels, Roof Top, Grid Tied, railed, (17) Modules, (6.97) kW System Size",34850,11619,141 STREET,Queens,11436,PE,MOMENTUM SOLAR,3096 B HAMILTON BLVD,Not Applicable,,,Permit Issued
Q01452758-I1-SF,Q01452758-I1,Initial Permit,2026-09-09,2026-09-09,2027-03-11,Supported Scaffold,"INSTALLATION OF TEMPORARY PIPE SCAFFOLD AS INDICATED ON PLANS. THERE WILL BE NO CHANGE IN THE USE, EGRESS, OR OCCUPANCY UNDER THIS APPLICATION.",300000,16-17,CENTRAL AVENUE,Queens,11691,GC,LB AND J CONSTRUCTION INC,110 JERICHO TURNPIKE #206,PR,,,Permit Issued
Q01453537-I1-GC-CX,Q01453537-I1,Initial Permit,2026-09-09,2026-09-04,2027-05-05,Mechanical Systems,INTERIOR RENOVATION FOR TWO FAMILY DWELLING HOUSE. NO CHANGE IN USE OF EGRESS & OCCUPANCY.,266120,449,BEACH 123 STREET,Queens,11694,GC,MORELL BUILDERS INC,91-34 195TH STREET,Blackstone Real Group LLC,,,Permit Issued
Q01453837-I1-SL,Q01453837-I1,Initial Permit,2026-09-09,2026-09-08,2027-06-01,Solar,"Installation of solar system on the roof as per plan. No change in use, egress or occupancy",31684.8,89-35,187 PLACE,Queens,11423,GC,TRINITY SOLAR LLC,2211 ALLENWOOD ROAD,Not Applicable,,,Permit Issued
Q01454173-I1-SL,Q01454173-I1,Initial Permit,2026-09-09,2026-09-03,2027-04-06,Solar,INSTALLATION OF PHOTOVOLTAIC SOLAR ARRAY ON EXISTING ROOF SYSTEM AS PER PLANS.,54536,107-19,96 STREET,Queens,11417,GC,NYSS LLC,385 WEST JOHN STREET UNIT 100,Not Applicable,,,Permit Issued
Q01454401-I1-SH,Q01454401-I1,Initial Permit,2026-09-09,2026-09-09,2026-11-17,Sidewalk Shed,"Installation of a temporary heavy-duty sidewalk shed per plan submitted. Work shall comply with 2022 building codes chapter 33. No change in use, egress and/or occupancy with this application.",14870,26-38,21 STREET,Queens,11102,GC,INTERSYSTEM CONSTRUCTION,216 EAGLE ST,INTERSYSTEM CONSTRUCTION CORP.,,,Permit Issued
Q01454461-I1-PL,Q01454461-I1,Initial Permit,2026-09-09,2026-09-08,2026-11-23,Plumbing,INTERIOR RENOVATION FOR TWO FAMILY DWELLING HOUSE. NO CHANGE IN USE OF EGRESS & OCCUPANCY.,56000,449,BEACH 123 STREET,Queens,11694,P,BT'S PLUMBING AND HEATING,82-01 ROCKAWAY BLVD#412,Blackstone Real Group LLC,,,Permit Issued
Q01454613-I1-SL,Q01454613-I1,Initial Permit,2026-09-09,2026-09-08,2027-06-01,Solar,"Installation of solar system on the roof as per plan. No change in use, egress or occupancy",38314.5,155-98,BAYVIEW AVENUE,Queens,11422,GC,TRINITY SOLAR LLC,2211 ALLENWOOD ROAD,Not Applicable,,,Permit Issued
Q01454755-I1-SL,Q01454755-I1,Initial Permit,2026-09-09,2026-09-04,2027-04-06,Solar,INSTALLATION OF PHOTOVOLTAIC SOLAR ARRAY ON EXISTING ROOF SYSTEM AS PER PLANS.,64924,89-18,217 STREET,Queens,11427,GC,NYSS LLC,385 WEST JOHN STREET UNIT 100,Not Applicable,,,Permit Issued
Q01454930-I1-GC,Q01454930-I1,Initial Permit,2026-09-09,2026-09-08,2027-03-02,General Construction,"INTERIOR RENOVATION OF EXISTING 3-FAMILY BUILDING AS PER PLAN FILED HEREWITH. NO CHANGE IN USE, EGRESS OR OCCUPANCY.",213400,14-24,ASTORIA BOULEVARD,Queens,11102,GC,NTF MANAGEMENT INC,6241 FOREST AVE APT 3P,1424 Astoria Blvd LLC,,,Permit Issued
Q01455052-I1-SL,Q01455052-I1,Initial Permit,2026-09-09,2026-09-08,2027-04-06,Solar,INSTALLATION OF PHOTOVOLTAIC SOLAR ARRAY ON EXISTING ROOF SYSTEM AS PER PLANS.,75312,134-35,160 STREET,Queens,11434,GC,NYSS LLC,385 WEST JOHN STREET UNIT 100,Not Applicable,,,Permit Issued
Q01455403-I1-SL,Q01455403-I1,Initial Permit,2026-09-09,2026-09-08,2027-04-06,Solar,INSTALLATION OF PHOTOVOLTAIC SOLAR ARRAY ON EXISTING ROOF SYSTEM AS PER PLANS.,60416,109-30,139 STREET,Queens,11435,GC,NYSS LLC,385 WEST JOHN STREET UNIT 100,Not Applicable,,,Permit Issued
Q01455426-I1-SL,Q01455426-I1,Initial Permit,2026-09-09,2026-09-08,2027-04-06,Solar,INSTALLATION OF PHOTOVOLTAIC SOLAR ARRAY ON EXISTING ROOF SYSTEM AS PER PLANS.,46745,176-42,132 AVENUE,Queens,11434,GC,NYSS LLC,385 WEST JOHN STREET UNIT 100,N/A,,,Permit Issued
Q01456904-I1-SH,Q01456904-I1,Initial Permit,2026-09-09,2026-09-09,2026-12-08,Sidewalk Shed,PROPOSED INSTALLATION OF HEAVY DUTY SIDEWALK SHED FOR REMEDIAL REPAIRS AS PER PLANS. NO CHANGE IN USE OCCUPANCY OR EGRESS UNDER THIS APPLICATION. LIVE LOAD 300 PER SQUARE FEET. SIDEWALK SHED SHALL COMPLY WITH CHAPTER # 33 OF THE 2022 CODE.,12000,56-07,METROPOLITAN AVENUE,Queens,11385,GC,LB AND J CONSTRUCTION INC,110 JERICHO TURNPIKE #206,PR,,,Permit Issued
Q01457607-I1-SH,Q01457607-I1,Initial Permit,2026-09-09,2026-09-09,2026-12-08,Sidewalk Shed,"PROPOSED INSTALLATION OF HEAVY DUTY SIDEWALK SHED AS PER PLANS. LIVE LOAD 300 LBS PER SQUARE FEET. SIDEWALK SHED SHALL COMPLY WITH CHAPTER #33 OF THE NYC BUILDING CODE. NO CHANGE IN USE, OCCUPANCY, OR EGRESS UNDER THIS APPLICATION.",5000,88-29,51 AVENUE,Queens,11373,GC,RELIABLE ENTERPRISES INC,1431 BRUCKNER BOULEVARD,RELIABLE ENTERPRISES INC,,,Permit Issued
Q07995373-S4-ST,Q07995373-S4,Initial Permit,2026-09-09,2023-03-31,2026-11-18,Structural,Proposed vertical and horizontal enlargement for existing one family house. Get new certificate of occupancy.,462500,87-06,BEACH CHANNEL DRIVE,Queens,11693,GC,TITAN CONSTRUCTION CORP,1937 HORATIO AVENUE,BLUESHORE ENGINEERING LLC,,,Permit Issued
Q08054172-S8-PMM,Q08054172-S8,Initial Permit,2026-09-09,2026-09-09,2026-10-17,Protection and Mechanical Methods,"INSTALLATION AND USE OF TEMPORARY KNUCKLEBOOM AS PER PLANS FILED HEREWITH. NO CHANGE IN USE EGRESS, OR OCCUPANCY.",0,23-70,WATERS EDGE DRIVE,Queens,11360,GC,NEW YORK BOOM TRUCKS INC,661 BURNSIDE AVENUE,NYC SCHOOL CONSTRUCTION,,,Permit Issued
S00496266-S1-GC-CX,S00496266-S1,Initial Permit,2026-09-09,2025-03-05,2026-11-05,Foundation,"New horizontal enlargement on first floor and cellar; excavation and new foundation walls, Interior Renovation of exist house, first, attic and cellar. No change on use, occupancy and egress.",69500,342,GANESVOORT BOULEVARD,Staten Island,10314,GC,MOD CONSULTANTS LLC,14421 72ND AVENUE APT.38A,PR,,,Permit Issued
S00700214-I1-PL,S00700214-I1,Initial Permit,2026-09-09,2022-06-27,2026-12-31,Plumbing,"Removal of existing and construction of: new domestic water service and drainage installation, new gas and gas piping installation throughout an existing 2 story and cellar building.",613280,460A,BRIELLE AVENUE,Staten Island,10314,P,DUO PLUMBING & HTG CORP.,88 KREISCHER STREET,NYC HEALTH + BERMAN,,,Permit Issued
S01241088-I1-AN,S01241088-I1,Initial Permit,2026-09-09,2025-08-11,2026-12-31,Antenna,"MODIFICATION OF EXISTING VERIZON WIRELESS TELECOMMUNICATIONS ANTENNAS ON THE ROOF. WORK IS IN COMPLIANCE WITH USE GROUP 6 & ZONING BULK REGULATIONS. NO CHANGE IN USE, EGRESS OR OCCUPANCY. INSTALL 3 ANTENNAS ANND 2 RRH UNITS.",14100,900,SOUTH AVENUE,Staten Island,10314,GC,CEL TECH ELECTRIC INC,344 HENDRICKSON AVE,SHOPS AT THE GARDEN LLC,,,Permit Issued
S01245610-S1-CC,S01245610-S1,Initial Permit,2026-09-09,2026-09-09,2027-02-24,Curb Cut,Install new 9' wide concrete curb cut,0,279,ALTER AVENUE,Staten Island,10305,GC,STATCON DEVELOPMENT LLC,516 SHARROTS ROAD,PR,,,Permit Issued
S01327868-S1-PL,S01327868-S1,Initial Permit,2026-09-09,2026-04-30,2026-12-31,Plumbing,INSTALLATION OF NEW FIRE SPRINKLER SYSTEM WITH VALVES AND METERS FOR SAME,0,97,ORMSBY AVENUE,Staten Island,10309,P,DUO PLUMBING & HTG CORP.,88 KREISCHER STREET,STOUT HOMES INC,,,Permit Issued
S01342938-I1-FN,S01342938-I1,Initial Permit,2026-09-09,2026-01-07,2027-03-08,Construction Fence,INSTALLATION OF 8' HIGH WOOD CONSTRUCTION FENCE,5000,453,WILD AVENUE,Staten Island,10314,GC,PAUL TOTH EXCAVATION INC,715 SHARROTS RD,Wild Real Property LLC,,,Permit Issued
S01343131-S1-PL,S01343131-S1,Initial Permit,2026-09-09,2026-05-04,2026-12-31,Plumbing,INSTALLATION OF NEW FIRE SPRINKLER SYSTEM WITH VALVES AND METERS FOR SAME,0,99,ORMSBY AVENUE,Staten Island,10309,P,DUO PLUMBING & HTG CORP.,88 KREISCHER STREET,STOUT HOMES INC,,,Permit Issued
S01343139-S1-PL,S01343139-S1,Initial Permit,2026-09-09,2026-05-07,2026-12-31,Plumbing,INSTALLATION OF NEW FIRE SPRINKLER SYSTEM WITH VALVES AND METERS FOR SAME,0,101,ORMSBY AVENUE,Staten Island,10309,P,DUO PLUMBING & HTG CORP.,88 KREISCHER STREET,STOUT HOMES INC,,,Permit Issued
S01343146-S1-PL,S01343146-S1,Initial Permit,2026-09-09,2026-05-01,2026-12-31,Plumbing,INSTALLATION OF NEW FIRE SPRINKLER SYSTEM WITH VALVES AND METERS FOR SAME,0,103,ORMSBY AVENUE,Staten Island,10309,P,DUO PLUMBING & HTG CORP.,88 KREISCHER STREET,STOUT HOMES INC,,,Permit Issued
S01358029-S1-MS,S01358029-S1,Initial Permit,2026-09-09,2026-07-08,2027-04-01,Mechanical Systems,"NYU LANGONE - PHYSICIAN PRACTICE - 1534 VICTORY BLVD - MECHANICAL MODIFICATIONS AS PER PLANS FILED HEREWITH. NO CHANGE IN USE, EGRESS, OR OCCUPANCY.",798853,1534,VICTORY BOULEVARD,Staten Island,10314,GC,TALISEN CONSTRUCTION CORP,"213 WEST 35TH STREET,STE#1302",1360 HYLAN BLVD LLC,,,Permit Issued
S01363144-I1-GC-CX,S01363144-I1,Initial Permit,2026-09-09,2026-04-23,2026-10-03,Structural,Construct a two-family attached residence with built-in one car garage,0,1020,ANNADALE ROAD,Staten Island,10312,GC,FAS BUILDING CORP,7 COLITA COURT,ANNADALE ROAD DEVELOPMENT LLC,,,Permit Issued
S01363146-I1-GC-CX,S01363146-I1,Initial Permit,2026-09-09,2026-04-24,2026-10-03,General Construction,Construct a two-family attached residence with built-in one car garage,0,1018,ANNADALE ROAD,Staten Island,10312,GC,FAS BUILDING CORP,7 COLITA COURT,ANNADALE ROAD DEVELOPMENT LLC,,,Permit Issued
S01387027-I1-PL,S01387027-I1,Initial Permit,2026-09-09,2026-05-27,2026-12-31,Plumbing,"INSTALLATION OF NEW FIRE SPRINKLER SYSTEM WITH VALVES AND METERS FOR SAME,",13250,2206,SOUTH RAILROAD AVENUE,Staten Island,10306,P,DUO PLUMBING & HTG CORP.,88 KREISCHER STREET,STOUT HOMES INC,,,Permit Issued
S01387033-I1-PL,S01387033-I1,Initial Permit,2026-09-09,2026-05-27,2026-12-31,Plumbing,INSTALLATION OF NEW FIRE SPRINKLER SYSTEM WITH VALVES AND METERS FOR SAME,13250,2204,SOUTH RAILROAD AVENUE,Staten Island,10306,P,DUO PLUMBING & HTG CORP.,88 KREISCHER STREET,STOUT HOMES INC,,,Permit Issued
S01387037-I1-PL,S01387037-I1,Initial Permit,2026-09-09,2026-05-27,2026-12-31,Plumbing,INSTALLATION OF NEW FIRE SPRINKLER SYSTEM WITH VALVES AND METERS FOR SAME,13250,2208,SOUTH RAILROAD AVENUE,Staten Island,10306,P,DUO PLUMBING & HTG CORP.,88 KREISCHER STREET,STOUT HOMES INC,,,Permit Issued
S01387040-I1-PL,S01387040-I1,Initial Permit,2026-09-09,2026-05-27,2026-12-31,Plumbing,"INSTALLATION OF NEW FIRE SPRINKLER SYSTEM WITH VALVES AND METERS FOR SAME,",13250,2210,SOUTH RAILROAD AVENUE,Staten Island,10306,P,DUO PLUMBING & HTG CORP.,88 KREISCHER STREET,STOUT HOMES INC,,,Permit Issued
S01387043-I1-PL,S01387043-I1,Initial Permit,2026-09-09,2026-05-27,2026-12-31,Plumbing,INSTALLATION OF NEW FIRE SPRINKLER SYSTEM WITH VALVES AND METERS FOR SAME,13250,2212,SOUTH RAILROAD AVENUE,Staten Island,10306,P,DUO PLUMBING & HTG CORP.,88 KREISCHER STREET,STOUT HOMES INC,,,Permit Issued
S01387046-I1-PL,S01387046-I1,Initial Permit,2026-09-09,2026-05-28,2026-12-31,Plumbing,INSTALLATION OF NEW FIRE SPRINKLER SYSTEM WITH VALVES AND METERS FOR SAME,13250,2214,SOUTH RAILROAD AVENUE,Staten Island,10306,P,DUO PLUMBING & HTG CORP.,88 KREISCHER STREET,STOUT HOMES INC,,,Permit Issued
S01387048-I1-PL,S01387048-I1,Initial Permit,2026-09-09,2026-05-28,2026-12-31,Plumbing,INSTALLATION OF NEW FIRE SPRINKLER SYSTEM WITH VALVES AND METERS FOR SAME,13250,2216,SOUTH RAILROAD AVENUE,Staten Island,10306,P,DUO PLUMBING & HTG CORP.,88 KREISCHER STREET,STOUT HOMES INC,,,Permit Issued
S01387050-I1-PL,S01387050-I1,Initial Permit,2026-09-09,2026-05-28,2026-12-31,Plumbing,INSTALLATION OF NEW FIRE SPRINKLER SYSTEM WITH VALVES AND METERS FOR SAME,13250,2218,SOUTH RAILROAD AVENUE,Staten Island,10306,P,DUO PLUMBING & HTG CORP.,88 KREISCHER STREET,STOUT HOMES INC,,,Permit Issued
S01429428-I1-MS,S01429428-I1,Initial Permit,2026-09-09,2026-08-27,2026-12-31,Mechanical Systems,DIRECT REPLACEMENT OF ROOFTOP HVAC UNITS,65000,501,SEAVIEW AVENUE,Staten Island,10305,GC,MVS HEATING & AIR CONDIT,600 RICHMOND TERRACE,"Northwell Health, Inc.",,,Permit Issued
S01431834-I1-GC,S01431834-I1,Initial Permit,2026-09-09,2026-07-28,2026-12-12,General Construction,"PLANS AND DOCUMENTS FILED HEREWITH FOR MINOR INTERIOR RENOVATIONS OF A 1-STORY COMMERCIAL BUILDING. NO CHANGE IN USE, OCCUPANCY, CONSTRUCTION CLASS OR MEANS OF EGRESS.",70590,2252,FOREST AVENUE,Staten Island,10303,GC,OUR ISLAND PROPERTY MANAG,934 HYLAN BLVD,CITY VIEW HOMES CORP,,,Permit Issued
S01432840-I1-GC,S01432840-I1,Initial Permit,2026-09-09,2026-09-04,2027-08-01,General Construction,"PROPOSED RENOVATION OF 1ST FLOOR ON 2 STORY BUILDING. CONSTRUCTION WORK AS PER PLANS. NO CHANGE IN USE, EGRESS OR OCCUPANCY.",18000,54,EAST AUGUSTA AVENUE,Staten Island,10308,GC,ST TONE MANAGEMENT INC,426 53RD STREET,Not Applicable,,,Permit Issued
S01432840-S1-PL,S01432840-S1,Initial Permit,2026-09-09,2026-08-18,2026-11-21,Plumbing,"SUBSEQUENT FILING FOR PLUMBING WORK IN CONJUNCTION WITH OT JOB#S01432840-I1. NO CHANGE IN USE, EGRESS, OR OCCUPANCY.",0,54,EAST AUGUSTA AVENUE,Staten Island,10308,P,"AMC PLBG, HTG & CLNG, INC",5701 FLATLANDS AVENUE,Not Applicable,,,Permit Issued
S01434070-I1-SC,S01434070-I1,Initial Permit,2026-09-09,2026-09-08,2027-07-01,Suspended Scaffold,FISP INSPECTION (Facade Inspection Safety Program). INDUSTRIAL ROPE ACCESS TECHNIQUES AND METHODS. SEE ATTACHED PLANS. Designated Primary Site supervisor: Jesus Decola,0,850,HOWARD AVENUE,Staten Island,10301,R,STRUCTUAL PRESV SYSTEM,35-21 VERNON BLVD,CRM MANAGEMENT SERVICES,,,Permit Issued
S01442439-S3-PL,S01442439-S3,Initial Permit,2026-09-09,2026-08-25,2026-10-30,Plumbing,"HEREWITH FILING PLUMBING WORK AS PER PLANS. NO CHANGE IN USE, EGRESS OR OCCUPANCY",20000,4366,AMBOY ROAD,Staten Island,10312,P,RRP PLUMBING CORP,106-07 NORTHERN BOULEVARD,MUSS DEVELOPMENT LLC,,,Permit Issued
S01442745-I1-SG,S01442745-I1,Initial Permit,2026-09-09,2026-08-26,2026-10-04,Sign,INSTALL INDIRECTLY ILLUMINATED NON-ADVERTISING SIGN ON WALL STRUCTURE FILED UNDER SEPARATE APPLICATION # S01442784. (FAZTEC INDUSTRIES),15000,2828,GULF AVENUE,Staten Island,10314,S,FM95 NY LLC,275 52ND STREET,Faztec industries,,,Permit Issued
S01445936-I1-SL,S01445936-I1,Initial Permit,2026-09-09,2026-08-19,2026-11-15,Solar,"INSTALLATION OF SOLAR PANELS ON ROOF. NO CHANGE IN USE, EGRESS, OR OCCUPANCY.",61630.8,99,BUFFALO STREET,Staten Island,10306,RA,"TOM PETERSEN ARCHITECT, LLC",6 COUNTRY LANE,Not Applicable,,,Permit Issued
S01447617-I1-GC,S01447617-I1,Initial Permit,2026-09-09,2026-08-27,2027-06-30,General Construction,LEGALIZATION OF THE REMOVAL OF EXISTING CONTAINERS AND STRUCTURES BUILT WITHOUT A PERMIT ON LOT TO REMEDY VIOLATIONS # 34624020Y & 34624021X.,50000,235,INDUSTRIAL LOOP,Staten Island,10309,GC,CARMINE'S MECHANICAL INC,545 PORT RICHMOND AVE,VMR BUILDERS CORP,,,Permit Issued
S01448553-I1-SL,S01448553-I1,Initial Permit,2026-09-09,2026-08-26,2026-11-15,Solar,"INSTALLATION OF SOLAR PANELS ON ROOF. NO CHANGE IN USE, EGRESS, OR OCCUPANCY.",63676.8,744,SINCLAIR AVENUE,Staten Island,10312,RA,"TOM PETERSEN ARCHITECT, LLC",6 COUNTRY LANE,Not Applicable,,,Permit Issued
S01456172-I1-GC-CX,S01456172-I1,Initial Permit,2026-09-09,2026-09-08,2026-09-30,General Construction,Immediate Emergency Declaration: Install temporary shoring and weatherproofing as required to stabilize the hole in the CMU due to the car crash. Install temporary partition to protect the damaged area from unauthorized access.,22000,1460,FOREST AVENUE,Staten Island,10302,GC,CLEARVIEW BLDG SVCS. INC,50 VANDERBILT MOTOR PKWY,"GEORGE BUTSIKARIS REALTY, INC",,,Signed-off
S01456741-I1-SL,S01456741-I1,Initial Permit,2026-09-09,2026-09-08,2027-04-06,Solar,INSTALLATION OF PHOTOVOLTAIC SOLAR ARRAY ON EXISTING ROOF SYSTEM AS PER PLANS.,83102,963,NUGENT AVENUE,Staten Island,10306,GC,NYSS LLC,385 WEST JOHN STREET UNIT 100,Not Applicable,,,Permit Issued
S01456778-I1-GC,S01456778-I1,Initial Permit,2026-09-09,2026-09-08,2026-09-18,General Construction,"MINOR INTERIOR RENOVATION OF EXIST. LAUNDROMAT, NO CHANGE TO EXIST. USE/EGRESS/OCCUPANCY/YARDS/BULK PER CofO 500221672 PROPOSED UNDER THIS ACTION",64500,393,TOMPKINS AVENUE,Staten Island,10305,GC,M&R IMPROVEMENTS CORP,143 VINELAND AVE,PR,,,Permit Issued
X00989288-S6-ST,X00989288-S6,Initial Permit,2026-09-09,2024-09-18,2026-12-31,Structural,PROPOSED STRUCTURAL PLANS FILED HEREWITH.,0,3065,PERRY AVENUE,Bronx,10467,GC,NAVAC BUILDERS INC,25 SOUTH GREENBUSH RD STE100,PR,,,Permit Issued
X00989288-S8-FO,X00989288-S8,Initial Permit,2026-09-09,2024-11-01,2026-12-31,Foundation,PROPOSED FOUNDATION PLAN FILED HEREWITH.,0,3065,PERRY AVENUE,Bronx,10467,GC,NAVAC BUILDERS INC,25 SOUTH GREENBUSH RD STE100,PR,,,Permit Issued
X00999716-I1-GC,X00999716-I1,Initial Permit,2026-09-09,2024-03-26,2026-10-03,Structural,"X118_Remove concrete pavements, asphalt paving, chain link fence, concrete curbs. Regrade existing site. Install 15-ft fence and gates, asphalt paving, playground equipment, benches, and plant boxes.",672158,577,EAST 179 STREET,Bronx,10457,GC,N.B.A CONSTRUCTION INC,283 EAST 3RD STREET,NYC SCA,,,Permit Issued
X00999716-I1-ST,X00999716-I1,Initial Permit,2026-09-09,2024-03-26,2026-10-03,Structural,"X118_Remove concrete pavements, asphalt paving, chain link fence, concrete curbs. Regrade existing site. Install 15-ft fence and gates, asphalt paving, playground equipment, benches, and plant boxes.",672158,577,EAST 179 STREET,Bronx,10457,GC,N.B.A CONSTRUCTION INC,283 EAST 3RD STREET,NYC SCA,,,Permit Issued
X01030646-S4-PL,X01030646-S4,Initial Permit,2026-09-09,2026-05-28,2026-10-01,Plumbing,PROVIDE NEW STORM WATER MANAGEMENT SYSTEM FOR EXISTING 1-FAM RESIDENCE AS ENLARGED.,15000,617,MINNIEFORD AVENUE,Bronx,10464,P,ARIEL SERVICES INC,425 GRAND STREET #1,PR,,,Permit Issued
X01163779-I1-GC,X01163779-I1,Initial Permit,2026-09-09,2026-04-23,2027-05-05,General Construction,"FACADE REPAIR WORK AS PER PLAN. NO CHANGE IN USE, EGRESS, OR OCCUPANCY UNDER THIS APPLICATION",150000,500,WEST 235 STREET,Bronx,10463,GC,A H CONSTRUCTION CO,144 ATLANTIC AVENUE,THE PARKOFF ORGANIZATION,,,Permit Issued
X01289720-S1-SE,X01289720-S1,Initial Permit,2026-09-09,2026-05-27,2027-05-19,Support of Excavation,Support of Excavation in conjunction with the NB application #X01289720-I1,0,1143,WASHINGTON AVENUE,Bronx,10456,GC,VERA CARTING CORP,22 PENGUIN LN,MV Washington Realty LLC,,,Permit Issued
X01289720-S2-FO,X01289720-S2,Initial Permit,2026-09-09,2026-04-29,2027-05-19,Foundation,Foundation work in conjunction with the NB application #X01289720-I1,0,1143,WASHINGTON AVENUE,Bronx,10456,GC,VERA CARTING CORP,22 PENGUIN LN,MV Washington Realty LLC,,,Permit Issued
X01350653-I1-PL,X01350653-I1,Initial Permit,2026-09-09,2026-09-09,2026-11-16,Plumbing,"REPLACE, CAP AND REMOVE (1) GAS HW BOILER(164290-04) WITH (4) DIRECT-VENT GAS HOT WATER HEATERS AS PER PLANS. CONNECT TO EXISTING GAS PIPING. FILED IN CONJUNCTION WITH LAA X01328812-I1-LA, EWN X0132446, EWN X0132643. NO CHANGE IN USE, EGRES",5000,3518,BAINBRIDGE AVENUE,Bronx,10467,P,ENYQ CORP,6202 17TH AVENUE,MEDCO,,,Permit Issued
X01355371-S1-FN,X01355371-S1,Initial Permit,2026-09-09,2026-02-20,2027-08-10,Construction Fence,FILED HEREWITH PLANS AND APPLICATION FOR A NEW TEMPORARY PLYWOOD CONSTRUCTION FENCE FILED IN CONJUNCTION WITH NEW BUILDING ON LOT 58,0,3652,DE REIMER AVENUE,Bronx,10466,GC,ALSS CONSTRUCTION INC,9 TERRACE VIEW RD,"ALSS CONSTRUCTION,INC",,,Permit Issued
X01361721-I1-PL,X01361721-I1,Initial Permit,2026-09-09,2026-03-10,2027-05-01,Plumbing,RELATED PLUMBING WORK FOR INTERIOR RENOVATION OF AN EXISTING BURGER KING RESTAURANT.,13000,4275,WHITE PLAINS ROAD,Bronx,10466,P,BEDROCK PLUMBING & HEATING INC,101-14 JAMAICA AVENUE,Burger King Company LLC,,,Permit Issued
X01368670-S3-GC,X01368670-S3,Initial Permit,2026-09-09,2026-09-08,2026-12-07,General Construction,"CONSTRUCTION OF PAVED LOT FOR OUTDOOR STORAGE OF VEHICLES AS PER PLANS FILED HEREWITH. NO CHANGE TO USE, EGRESS OR OCCUPANCY.",492000,4215,BOSTON ROAD,Bronx,10466,GC,RAVAN CONSTRUCTION LLC,37 CARTERET ROAD,Sitex Group,,,Permit Issued
X01378148-S1-PL,X01378148-S1,Initial Permit,2026-09-09,2026-07-22,2027-03-26,Plumbing,"Application here by filled for plumbing work to be done in conjunction with application #: X01378148-I1. Scope of work is limited to the replacement of plumbing fixtures on existing rough-in. No change in occupancy, egress or bulk.",46400,5700,ARLINGTON AVENUE,Bronx,10471,P,VERSUS PLBG AND HTG LLC,981 MORRIS PARK AVENUE S 202,N/A,,,Permit Issued
X01392922-S1-GC,X01392922-S1,Initial Permit,2026-09-09,2026-09-09,2026-12-19,General Construction,"Internal Rehabilitation of existing restaurant on First floor. Plumbing work as per X01392922-I1. Existing Fire suppression system modification shall to be filed with FDNY by others. No change in use, occupancy, or egress.",40000,1306,UNIONPORT ROAD,Bronx,10462,GC,DOUG'S PLUMBING & HEATING,145-33 228TH STREET,Not Applicable,,,Permit Issued
X01403805-I1-MS,X01403805-I1,Initial Permit,2026-09-09,2026-07-28,2027-07-06,Mechanical Systems,Document the existing HVAC Unit on the roof.,15000,4122,WHITE PLAINS ROAD,Bronx,10466,GC,YOLAND CONSTRUCTION & MET,74 LYONS PLACE,PR,,,Permit Issued
X01414723-I1-GC,X01414723-I1,Initial Permit,2026-09-09,2026-07-27,2027-05-03,General Construction,"PROPOSED OF STONE REPAIR, POINTING AND BACK SIDE WALL REPLACEMENT TO BE DONE AS NEEDED AS PER PLANS.NO CHANGE IN USE OCCUPANCY OR EGRESS UNDER THIS APPLICATION.",22000,337,EAST 146 STREET,Bronx,10451,GC,MANIANI BUILDERS CORP,104-14 93RD AVENUE,MANIANI BUILDERS CORP,,,Permit Issued
X01421714-I1-PMM,X01421714-I1,Initial Permit,2026-09-09,2026-06-26,2026-11-16,Protection and Mechanical Methods,"INSTALLATION OF TEMPORARY ROOF PROTECTION AS PER PLANS. NO CHANGE IN USE, EGRESS OR OCCUPANCY.",4000,2970,3 AVENUE,Bronx,10455,GC,CORE SCAFFOLD SYSTEMS INC,417 MYRTLE AVE SUITE 14,OWNERS REP,,,Permit Issued
X01426409-S4-PMM,X01426409-S4,Initial Permit,2026-09-09,2026-09-09,2027-03-01,Protection and Mechanical Methods,"INSTALLATION OF TEMPORARY GANTRY SYSTEM HOIST AS PER PLAN. NO CHANGE IN USE, EGRESS, OR OCCUPANCY.",1000,860,CONCOURSE VILLAGE EAST,Bronx,10451,GC,SPRING SCAFFOLDING LLC,49-30 31ST PLACE,Morrisania Supportive LLC,,,Permit Issued
X01431757-I1-SH,X01431757-I1,Initial Permit,2026-09-09,2026-09-09,2026-10-06,Sidewalk Shed,"INSTALLATION OF 300 PSF SIDEWALK SHED AS PER PLANS. SIDEWALK SHED SHALL COMPLY WITH CHAPTER #33 OF THE 2022 CODE. NO CHANGE IN USE, EGRESS OR OCCUPANCY UNDER THIS APPLICATION.",5000,2736,INDEPENDENCE AVENUE,Bronx,10463,GC,ACE GROUP NY CORP,34 BARCLAY STREET,ACE GROUP NY CORP.,,,Permit Issued
X01432920-I1-SL,X01432920-I1,Initial Permit,2026-09-09,2026-08-05,2026-09-19,Solar,SCOPE OF WORK IS SOLELY FOR THE INSTALLATION OF THE SOLAR ELECTRONIC GENERATING SYSTEM. ALL OTHER WORK IS NOT TO BE RELIED UPON AS BEING APPROVED AND/OR PERMITTED BY THE NYC DEPARTMENT OF BUILDINGS.,73600,1417,CROTONA AVENUE,Bronx,10456,GC,SOLAR CONTRACTING LLC,24 HILLEL PLACE,Not Applicable,,,Signed-off
X01438004-I1-ST,X01438004-I1,Initial Permit,2026-09-09,2026-08-20,2027-01-01,Structural,"HEREWITH FILING STRUCTURAL REPAIR WORK OF EXTERIOR MASONRY WALL OF THE BULDING. NO CHANGE IN USE, EGRESS OR OCCUPANCY",60000,67,EAST BURNSIDE AVENUE,Bronx,10453,GC,ARCO USA INC,67 E BURNSIDE AVE,Not Applicable,,,Permit Issued
X01448514-I1-FN,X01448514-I1,Initial Permit,2026-09-09,2026-09-09,2027-05-30,Construction Fence,"INSTALLATION OF TEMPORARY CHAIN LINK FENCE AS PER PLANS. CHAIN LINK FENCE SHALL COMPLY WITH CHAPTER 33 OF THE 2022 NYC BUILDING CODE. NO CHANGE IN USE, EGRESS OR OCCUPANCY UNDER THIS APPLICATION.",15000,930,MACE AVENUE,Bronx,10469,GC,"ZORIA HOUSING, LLC",87-28 130TH STREET,NYCHA,,,Permit Issued
X01448575-I1-FN,X01448575-I1,Initial Permit,2026-09-09,2026-09-09,2027-05-30,Construction Fence,"INSTALLATION OF TEMPORARY CHAIN LINK FENCE AS PER PLANS. CHAIN LINK FENCE SHALL COMPLY WITH CHAPTER 33 OF THE 2022 NYC BUILDING CODE. NO CHANGE IN USE, EGRESS OR OCCUPANCY UNDER THIS APPLICATION.",15000,2420,BRONXWOOD AVENUE,Bronx,10469,GC,"ZORIA HOUSING, LLC",87-28 130TH STREET,NYCHA,,,Permit Issued
X01448585-I1-FN,X01448585-I1,Initial Permit,2026-09-09,2026-09-09,2027-05-30,Construction Fence,"INSTALLATION OF TEMPORARY CHAIN LINK FENCE AS PER PLANS. CHAIN LINK FENCE SHALL COMPLY WITH CHAPTER 33 OF THE 2022 NYC BUILDING CODE. NO CHANGE IN USE, EGRESS OR OCCUPANCY UNDER THIS APPLICATION.",15000,935,WARING AVENUE,Bronx,10469,GC,"ZORIA HOUSING, LLC",87-28 130TH STREET,NYCHA,,,Permit Issued
X01448590-I1-SH,X01448590-I1,Initial Permit,2026-09-09,2026-09-09,2026-12-08,Sidewalk Shed,"INSTALLATION OF TEMPORARY SIDEWALK SHED AS PER PLANS. SIDEWALK SHED SHALL COMPLY WITH CHAPTER 33 OF THE 2022 NYC BUILDING CODE. NO CHANGE IN USE, EGRESS OR OCCUPANCY UNDER THIS APPLICATION.",54200,930,MACE AVENUE,Bronx,10469,GC,J.K.CONSTRUCTION NEW YORK,305 MINEOLA BLVD,NYCHA,,,Permit Issued
X01448593-I1-SH,X01448593-I1,Initial Permit,2026-09-09,2026-09-09,2026-12-08,Sidewalk Shed,"INSTALLATION OF TEMPORARY SIDEWALK SHED AS PER PLANS. SIDEWALK SHED SHALL COMPLY WITH CHAPTER 33 OF THE 2022 NYC BUILDING CODE. NO CHANGE IN USE, EGRESS OR OCCUPANCY UNDER THIS APPLICATION.",117800,935,WARING AVENUE,Bronx,10469,GC,J.K.CONSTRUCTION NEW YORK,305 MINEOLA BLVD,NYCHA,,,Permit Issued
X01450387-I1-GC,X01450387-I1,Initial Permit,2026-09-09,2026-09-03,2027-01-17,General Construction,RENOVATION AT EXISTING APARTMENT 4A OF EXISTING MULTI-FAMILY DWELLING.,59925,1390,OGDEN AVENUE,Bronx,10452,GC,JOSEPH GENERAL CONSTRUCTI,3794 ETMAN STREET,MIDBRONX SENIOR CITIZENS COUNCIL IN,,,Permit Issued
X01453249-I1-SL,X01453249-I1,Initial Permit,2026-09-09,2026-08-31,2026-09-19,Solar,SCOPE OF WORK IS SOLELY FOR THE INSTALLATION OF THE SOLAR ELECTRONIC GENERATING SYSTEM. ALL OTHER WORK IS NOT TO BE RELIED UPON AS BEING APPROVED AND/OR PERMITTED BY THE NYC DEPARTMENT OF BUILDINGS.,119200,53,EAST 235 STREET,Bronx,10470,GC,SOLAR CONTRACTING LLC,24 HILLEL PLACE,Not Applicable,,,Permit Issued
X01455601-I1-SL,X01455601-I1,Initial Permit,2026-09-09,2026-09-08,2027-06-01,Solar,"Installation of solar system on the roof as per plan. No change in use, egress or occupancy",26691,723,KING AVENUE,Bronx,10464,GC,TRINITY SOLAR LLC,2211 ALLENWOOD ROAD,Not Applicable,,,Permit Issued
X01456827-I1-SF,X01456827-I1,Initial Permit,2026-09-09,2026-09-09,2027-08-14,Supported Scaffold,"PROPOSED INSTALLATION OF TEMPORARY PIPE SCAFFOLD AS PER PLANS. WORK SHALL COMPLY WITH CHAPTER #33 OF THE NYC BUILDING CODE. NO CHANGE IN USE, OCCUPANCY, OR EGRESS UNDER THIS APPLICATION.",10000,2662,KINGSBRIDGE TERRACE,Bronx,10463,GC,NEW AMERICAN CONSTRUCTION,1599 BIRCHWOOD DRIVE,THE VAJA GROUP,,,Permit Issued
B00596980-I1-MS,B00596980-I1,Initial Permit,2026-09-08,2021-10-12,2026-11-18,Mechanical Systems,"INSTALLATION OF NEW SPLIT 8 TON AIR CONDITIONING SYSTEM. NO CHANGE IN USE, EGRESS, OR OCCUPANCY.",80000,105,CORTELYOU ROAD,Brooklyn,11218,GC,BA GLOBAL CONSTRUCTION,524 MCDONALD AVENUE,BANGLADESH MUSLIM CENTER,,,Permit Issued
B00829942-S2-MS,B00829942-S2,Initial Permit,2026-09-08,2024-04-17,2027-04-01,Mechanical Systems,"Mechanical application filed in conjunction with renovation of 4 story multiple dwelling. No change in use, occupancy or egress.",160000,1350,PARK PLACE,Brooklyn,11213,GC,"GALAXY G.C. GROUP, LLC",3152 ALBANY CRESCENT,MHANY MANAGEMENT INC.,,,Permit Issued
B00915426-S9-PMM,B00915426-S9,Initial Permit,2026-09-08,2026-09-08,2027-04-01,Protection and Mechanical Methods,"INSTALLATION AND USE OF TEMPORARY KNUCKLEBOOM AS PER PLANS FILED HEREWITH. NO CHANGE IN USE EGRESS, OR OCCUPANCY.",0,2140,COYLE STREET,Brooklyn,11229,GC,BRYAN'S QUALITY PLUS LLC,611 ROBERT PL,SD BUILDERS AND CONSTRUCTION LLC,,,Permit Issued
B00921402-S1-CC,B00921402-S1,Initial Permit,2026-09-08,2024-03-29,2026-12-31,Curb Cut,Proposed new curb cut filed in conjunction with GC #B00921402-I1,1000,1561,44 STREET,Brooklyn,11219,GC,YC DEVELOPERS INC,1528 42 STREET,PR,,,Permit Issued
B00945302-S4-BE,B00945302-S4,Initial Permit,2026-09-08,2023-12-07,2027-08-06,Boiler Equipment,Installation of 6000 Gal Single Wall Fuel Oil Storage Tank with 55 Gallon Leak Containment Drum installed at Cellar Level. 60 Gallon Day Tank (under B00945302-S5) installed in Generator Enclosure filed in conjunction with Mechanical Filing ,25000,835,HERKIMER STREET,Brooklyn,11233,O,MICHAEL S. KAPLAN,7622 17TH AVENUE,TOT DEVELOPERS,,,Permit Issued
B00945302-S5-BE,B00945302-S5,Initial Permit,2026-09-08,2026-04-29,2027-08-06,Boiler Equipment,60 Gal. Day Tank filed in conjunction with Mech. Filing B00945302-S2 and 6000 Gallon Storage Tank BE filing B00945302-S4 (FS Tracking 00034401) fueling a Diesel Fuel Generator located at the Ground Level on a Raised Platform.,140000,835,HERKIMER STREET,Brooklyn,11233,O,MICHAEL S. KAPLAN,7622 17TH AVENUE,LM DEVELOPMENTS,,,Permit Issued
B01033002-I1-EA,B01033002-I1,Initial Permit,2026-09-08,2024-12-19,2026-12-31,General Construction,HEREWITH FILING FOR OPEN PARKING LOT FOR NYU LANGONE HEALTH WITH PARKING LIFTS FOR 327 SPACES AND ATTENDANT BOOTH ACCESSORY FO UG 4A NB B08050677.,4540347,156,56 STREET,Brooklyn,11220,GC,NAVILLUS TILE INC,633 3RD AVENUE...17TH FL,NYU LANGONE HEALTH,,,Permit Issued
B01097012-S6-ST,B01097012-S6,Initial Permit,2026-09-08,2026-09-01,2026-10-25,Structural,STRUCTURAL WORK FOR TWO-STORY REAR EXTENSION AND REAR YARD STEEL DECK AT EXISTING THREE STORY PLUS BASEMENT AND CELLAR BUILDING.,141600,106,FORT GREENE PLACE,Brooklyn,11217,GC,KM CONSTRUCTION GROUP INC,5 WALNUT STREET APT B20,MONTSOURIS PARK LLC,,,Permit Issued
B01100484-S2-FO,B01100484-S2,Initial Permit,2026-09-08,2026-07-22,2027-05-01,Foundation,SUBSEQUENT FILING FOR THE FOUNDATION FILED IN CONJUNCTION WITH THE ENLARGEMENT ALTERATION CO APPLICATION #B01100484-I1.,119200,3379,SHORE PARKWAY,Brooklyn,11235,GC,BUILD R US CORP,2769A EAST 15 ST,Not Applicable,,,Permit Issued
B01110047-S8-PMM,B01110047-S8,Initial Permit,2026-09-08,2026-09-08,2026-11-02,Protection and Mechanical Methods,"INSTALLATION AND USE OF TEMPORARY KNUCKLEBOOM AS PER PLANS FILED HEREWITH. NO CHANGE IN USE EGRESS, OR OCCUPANCY.",0,423,DEAN STREET,Brooklyn,11217,GC,EDGE CONSTRUCTION & CONCR,670 MYRTLE AVE #7173,EDGE CONSTRUCTION AND CONCRETE LLC,,,Permit Issued
B01141294-S6-MS,B01141294-S6,Initial Permit,2026-09-08,2025-05-19,2027-01-20,Mechanical Systems,PLUMBING SPECIFICATIONS FILED IN CONJUNCTION WITH GC APPLICATION B01141294-I1,0,588,THOMAS S BOYLAND STREET,Brooklyn,11212,GC,BLUEVIEW CONSTRUCTION INC,36 TAAFFE PLACE SUITE 300,AMBOY RESIDENCE LLC,,,Permit Issued
B01163301-I1-PL,B01163301-I1,Initial Permit,2026-09-08,2025-01-08,2027-04-17,Plumbing,"RESOLVE ECB VIOLATION: 34455945L & 34455946N; TO REMOVE ELEC. HOT PLATE,KITCHEN SINK, 3-PC BATHROOM (SHOWER, TOILET AND LAVATORY) IN BASEMENT AS PER PLAN; NO CHANGE IN USE, EGRESS OR OCCUPANCY UNDER THIS APPLICATION",5000,5608,6 AVENUE,Brooklyn,11220,P,JOHN FITZGERALD PLBG &HTG,256 WEST 124TH STREET,PR,,,Permit Issued
B01193536-S3-ST,B01193536-S3,Initial Permit,2026-09-08,2026-06-01,2026-11-13,Structural,Structural drawings for 5 story new building with a cellar,0,1151,45 STREET,Brooklyn,11219,GC,CITYSCAPE BUILDERS LLC,5314 16TH AVE STE 166,1151 45 Street LLC,,,Permit Issued
B01205665-S1-PL,B01205665-S1,Initial Permit,2026-09-08,2026-03-06,2026-09-30,Plumbing,Plumbing work filed in conjunction with the renovation of one family residence. Kitchen renovation.,4500,415,DEAN STREET,Brooklyn,11217,P,ASPECT PLBNG&HTNG CO LLC,752 EAST 137 STREET SUITE 21,Not Applicable,,,Permit Issued
B01230647-I1-GC-CX,B01230647-I1,Initial Permit,2026-09-08,2026-08-07,2026-12-16,Structural,"HORIZONTAL EXTENSION AT REAR YARD AND OTHER REPAIR WORK(CELLAR,1ST AND 2ND FLOOR) AS PER PLAN. ALSO REMOVE EXISTING NON-COMPLYING FIRE ESCAPE AT FRONT FACADE. NO CHANGE IN USE, EGRESS, AND OCCUPANCY.",519693,2149,PITKIN AVENUE,Brooklyn,11207,GC,BANU CONSTRUCTION CORP,132 MONTAUK AVENUE,FAIRDEALS PROPERTIES LLC,,,Permit Issued
B01237130-S1-PL,B01237130-S1,Initial Permit,2026-09-08,2025-07-07,2027-08-09,Plumbing,"SUBSEQUENT APPLICATION FILED HEREWITH FOR PLUMBING WORK TYPE, INSTALLATION OF NEW PLUMBING FIXTURES, COLD AND HOT WATER PIPES, IN CONJUNCTION TO ALT JOB.",1975,1862,EAST 2 STREET,Brooklyn,11223,P,HOD PIPING & HEATING CORP,1616 MERMAID AVENUE,PR,,,Permit Issued
B01242675-I1-GC,B01242675-I1,Initial Permit,2026-09-08,2025-08-12,2026-12-30,General Construction,"PARTIAL INTERIOR RENOVATION LIMITED TO CELLAR, 1ST & 2ND FLOORS TO RESTORE PREVIOUSLY APPROVED CONDITIONS IN RESPONSE TO DOB VIOLATION#050325CCER01MR & OATH/ECB VIOLATION#35581611P. NO CHANGE IN USE, EGRESS, OCCUPANCY & BULK.",102500,3914,8 AVENUE,Brooklyn,11232,GC,ACER CONSTRUCTION INC,131-44 40TH ROAD 2ND FLOOR,Not Applicable,,,Permit Issued
B01254231-I1-GC,B01254231-I1,Initial Permit,2026-09-08,2026-03-20,2026-12-14,General Construction,PROPOSED INTERIOR RENOVATION TO FIRST FLOOR CONVERTING EXISTING STORE TO 1 RESIDENTIAL UNIT,123783,480,BUSHWICK AVENUE,Brooklyn,11206,GC,H BUILDERS NYC LLC,"185 CLYMER ST, #301",SCG realty inc,,,Permit Issued
B01265114-S6-FN,B01265114-S6,Initial Permit,2026-09-08,2026-07-16,2027-07-03,Construction Fence,FILE APPLICATION TO INSTALL 8' HEIGHT TEMPORARY CONSTRUCTION FENCE. OBTAIN NEW CERTIFICATE OF OCCUPANCY.,0,2554,STILLWELL AVENUE,Brooklyn,11223,GC,STAR UNIVERSE RENOVATION*,823 NUGENT AVE,N/A,,,Permit Issued
B01268437-S6-EW-SD,B01268437-S6,Initial Permit,2026-09-08,2026-04-04,2027-02-25,Sprinklers,SPRINKLER/STANDPIPE FILED IN CONJUNCTION WITH NB B01268437-I1,0,230,CLARKSON AVENUE,Brooklyn,11226,F,METFLOW FIRE CONTROL LLC,107 GEORGIA AVENUE,KEREN STAR,,,Permit Issued
B01268437-S6-EW-SP,B01268437-S6,Initial Permit,2026-09-08,2026-04-04,2027-02-25,Sprinklers,SPRINKLER/STANDPIPE FILED IN CONJUNCTION WITH NB B01268437-I1,0,230,CLARKSON AVENUE,Brooklyn,11226,F,METFLOW FIRE CONTROL LLC,107 GEORGIA AVENUE,KEREN STAR,,,Permit Issued
B01269859-S5-FN,B01269859-S5,Initial Permit,2026-09-08,2026-07-29,2027-07-03,Construction Fence,FILE APPLICATION TO INSTALL 8' HEIGHT TEMPORARY CONSTRUCTION FENCE. OBTAIN NEW CERTIFICATE OF OCCUPANCY.,0,2556,STILLWELL AVENUE,Brooklyn,11223,GC,STAR UNIVERSE RENOVATION*,823 NUGENT AVE,N/A,,,Permit Issued
B01278224-S6-EW-SP,B01278224-S6,Initial Permit,2026-09-08,2026-09-02,2026-11-30,Sprinklers,SUBSEQUENT SPRINKLER APPLICATION FILED HEREWITH.,2500,726,MANHATTAN AVENUE,Brooklyn,11222,F,TARGET PIPING NY LLC,1127 UTICA AVENUE,PR,,,Permit Issued
B01287567-S6-EW-SD,B01287567-S6,Initial Permit,2026-09-08,2026-04-04,2027-02-25,Standpipe,SPRINKLER/STANDPIPE FILED IN CONJUNCTION WITH NB B01287567-I1,0,234,CLARKSON AVENUE,Brooklyn,11226,F,METFLOW FIRE CONTROL LLC,107 GEORGIA AVENUE,Not Applicable,,,Permit Issued
B01287567-S6-EW-SP,B01287567-S6,Initial Permit,2026-09-08,2026-04-04,2027-02-25,Sprinklers,SPRINKLER/STANDPIPE FILED IN CONJUNCTION WITH NB B01287567-I1,0,234,CLARKSON AVENUE,Brooklyn,11226,F,METFLOW FIRE CONTROL LLC,107 GEORGIA AVENUE,Not Applicable,,,Permit Issued
B01290567-I1-FO,B01290567-I1,Initial Permit,2026-09-08,2025-10-16,2026-09-13,Foundation,"Foundation work associated with the upcoming installation of the solar panel canopy structures on the parking lot at Brooklyn Museum. No change of use, egress or occupancy.",350000,200,EASTERN PARKWAY,Brooklyn,11238,GC,"DYNAMIC US, INC",2900 WESTCHESTER AVE SUITE 207,BROOKLYN MUSEUM,,,Permit Issued
B01305436-S4-ST,B01305436-S4,Initial Permit,2026-09-08,2026-09-02,2027-04-21,Structural,FRAMING INSTALLATION FOR PROPOSED HORIZONTAL AND VERTICAL RENOVATION.,144795,1921,EAST 1 STREET,Brooklyn,11223,GC,SMBT LLC,1538 OCEAN PARKWAY,EBDB Holding LLC,,,Permit Issued
B01309053-I1-GC,B01309053-I1,Initial Permit,2026-09-08,2026-07-15,2026-12-28,General Construction,ALTERATION CO TO CONVERT EXISTING 3-FAMILY DWELLING INTO 2-FAMILY DWELLING INCLUDING NEW 4TH STORY ADDITION.,635250,920,LORIMER STREET,Brooklyn,11222,GC,MARK BRADY CONTRACTING,16 ARLO LANE,920 Lorimer LLC,,,Permit Issued
B01322447-S3-EW-SP,B01322447-S3,Initial Permit,2026-09-08,2026-04-07,2026-10-30,Sprinklers,"PLUMBING AND SPRINKLER SCOPE IN CONJUNCTION WTIH INTERIOR RENOVATION AND VERTICAL ADDITION TO THE EXISTING 3 STORY + BASEMENT + CELLAR BUILDINGAS PER PLANS FILED HEREWITH. NO CHNAGE IN USE, EGRESS, OR OCCUPANCY.",324999.62,628,CARLTON AVENUE,Brooklyn,11238,F,RRP PLUMBING CORP,106-07 NORTHERN BOULEVARD,,,,Permit Issued
B01322521-I1-GC,B01322521-I1,Initial Permit,2026-09-08,2026-07-29,2026-11-18,General Construction,"CONVERSION OF AN EXISTING COMMERCIAL USE BUILDING INTO MIXED USE BUILDING, 9 DWELLING UNITS.",807680,8,HOWARD AVENUE,Brooklyn,11221,GC,PREFERRED GC GROUP INC,17 HERKIMER PLACE,BT GENERAL BUILDERS INC,,,Permit Issued
B01334994-I1-EW-SP,B01334994-I1,Initial Permit,2026-09-08,2025-12-22,2026-09-21,Sprinklers,"PROVIDE NEW FIRE SPRINKLER SYSTEM THROUGHOUT 3-STORY, 2-DWELLING UNITS BUILDING WITH BASEMENT & CELLAR, IN CONJUNCTION WITH ALT 1 JOB# B01207748",93000,313,DEGRAW STREET,Brooklyn,11231,F,A&H EXPRESS PLBG&HTG CORP,"6202 17TH AVENUE, 1ST FLOOR",NEW 313 DEGRAW LLC,,,Permit Issued
B01347345-S1-ST,B01347345-S1,Initial Permit,2026-09-08,2026-07-08,2027-09-08,General Construction,"STRUCTURAL ANCHORAGE FOR FACADE ELEMENTS AND WEST ELEVATION STRUCTURAL REPAIRS TO BALCONY STEEL. NO CHANGE IN EGRESS, USE, OR OCCUPANCY. NO CHANGE TOSTRUCTURAL DESIGN CRITERIA OR LOADING.",179967,166,MONTAGUE STREET,Brooklyn,11201,GC,PYRAMID RESTORATION NYLLC,1045 GRANT AVE,Not Applicable,,,Permit Issued
B01348518-S7-EW-SP,B01348518-S7,Initial Permit,2026-09-08,2026-07-10,2027-05-01,Sprinklers,"INSTALL NEW SPRINKLER SYSTEM FOR NEW ENLARGED 4-STORY 1 FAMILY BUILDING SUBSEQUENT WITH A1 JOB#B0148518.NO CHANGE IN USE,EGRESS AND OCCUPANCY.",60000,556,CLINTON STREET,Brooklyn,11231,F,AMERICAN STANDARD PLUMBING,62-49 30TH AVENUE,LT PRO CONSTRUCTION INC,,,Permit Issued
B01357139-I1-GC-CX,B01357139-I1,Initial Permit,2026-09-08,2026-06-30,2027-05-17,General Construction,"General Construction, Structural, and Foundation work to renovate existing garage",89500,70 GAR,81 STREET,Brooklyn,11209,GC,SBG DEVELOPMENT LLC,444 CONEY ISLAND AVENUE,Not Applicable,,,Permit Issued
B01358370-S1-ST,B01358370-S1,Initial Permit,2026-09-08,2026-08-04,2027-05-05,Structural,"This subsequent filing in being filed for the structural work at the subject premises. There are no change in use, egress or occupancy under this filing.",40007.97,163,PROSPECT PLACE,Brooklyn,11238,GC,BLACK SQUARE BUILDERS COR,393 VAN DUZER STREET,Not Applicable,,,Permit Issued
B01358802-S1-FN,B01358802-S1,Initial Permit,2026-09-08,2026-03-23,2026-12-02,Construction Fence,Fence application hereby filed subsequent to the FD application: B01358802-I1.,1000,897,DEAN STREET,Brooklyn,11238,GC,INNOVATIVE CONSTR NYC LLC,"130 LEE AVENUE, SUITE 431",Not Applicable,,,Permit Issued
B01359158-I1-MS,B01359158-I1,Initial Permit,2026-09-08,2026-03-05,2027-05-05,Mechanical Systems,"HVAC work as shown on plans submitted herewith. No changes to egress, use or occupancy as of right.",76000,302,PROSPECT PLACE,Brooklyn,11238,GC,BLACK SQUARE BUILDERS COR,393 VAN DUZER STREET,Not Applicable,,,Permit Issued
B01360477-I1-FN,B01360477-I1,Initial Permit,2026-09-08,2026-02-27,2026-12-31,Construction Fence,INSTALLATION OF CONSTRUCTION FENCE AS SHOWN ON PLANS.,5000,100,NORTH 10 STREET,Brooklyn,11249,GC,K S K CONSTRUCTION GROUP,160 DIKEMAN STREET,K S K CONSTRUCTION GROUP,,,Permit Issued
B01362465-I1-FD,B01362465-I1,Initial Permit,2026-09-08,2026-04-14,2026-12-28,Full Demolition,Full demolition af a 2-story building.,500000,599,WILLOUGHBY AVENUE,Brooklyn,11206,GC,N TECH DESIGN OF AMERICA,"1648 EAST 14TH STREET, STE 1",YS DEVELOPERS LLC,,,Permit Issued
B01364782-I1-GC,B01364782-I1,Initial Permit,2026-09-08,2026-05-29,2026-12-21,Structural,"Extend building all floors . Interior renovation . In conjunction with violation numbers 39172620P ,39172619H , 39172618X .",204530,1559,EAST 9 STREET,Brooklyn,11230,GC,H BUILDING MANAGEMENT INC,6 STEVEN DRIVE,Not Applicable,,,Permit Issued
B01367238-S1-ST,B01367238-S1,Initial Permit,2026-09-08,2026-07-14,2027-06-03,Structural,Permanent bracing for party wall to remain following the full demolition,10000,2166 GAR,HOMECREST AVENUE,Brooklyn,11229,GC,RHY CONSTRUCTION LLC,2046 EAST 8TH STREET,PR,,,Permit Issued
B01368524-I1-FD,B01368524-I1,Initial Permit,2026-09-08,2026-06-30,2027-06-04,Full Demolition,Full demolition of the existing buiding,15000,809,BERGEN STREET,Brooklyn,11238,GC,CORE TECH PARTNERS INC,18 HAMPTON RD,Not Applicable,,,Permit Issued
B01370587-I1-FN,B01370587-I1,Initial Permit,2026-09-08,2026-05-27,2027-06-04,Construction Fence,Installation of 8 ft construction fence.,2500,809,BERGEN STREET,Brooklyn,11238,GC,CORE TECH PARTNERS INC,18 HAMPTON RD,Not Applicable,,,Permit Issued
B01377478-I1-GC,B01377478-I1,Initial Permit,2026-09-08,2026-08-25,2027-04-15,General Construction,"REMOVAL OF INTERIOR FINISHES, INSTALLATION OF DOORS, FLOOR FINISHES, AND 1ST FLOOR CEILING SPACE AS PER PLANS. NO CHANGE IN USE, OCCUPANCY OR EGRESS UNDER THIS APPLICATION.",255000,129,MONTAGUE STREET,Brooklyn,11201,GC,EASTMAN COOKE & ASSOCIATE,450 7TH AVE STE 1009,BROWN HARRIS STEVENS,,,Permit Issued
B01380407-I1-FD,B01380407-I1,Initial Permit,2026-09-08,2026-08-14,2026-11-13,Full Demolition,"Full demolition of 2 1/2 story frame house, in conjunction with job #B01380418",30000,214,NEWKIRK AVENUE,Brooklyn,11230,GC,DYNAMIC DEVELOPMENT AND C,1694 MCDONALD AVE,PR,,,Permit Issued
B01380418-I1-FD,B01380418-I1,Initial Permit,2026-09-08,2026-08-14,2026-11-13,Full Demolition,"Full demolition of stucco residential accessory garage, in conjunction with the application #B01380407.",25000,238,NEWKIRK AVENUE,Brooklyn,11230,GC,DYNAMIC DEVELOPMENT AND C,1694 MCDONALD AVE,PR,,,Permit Issued
B01384587-I1-SG,B01384587-I1,Initial Permit,2026-09-08,2026-07-28,2026-10-31,Sign,INSTALL EXTERIOR NON-ILLUMINATED WALL SIGN (KUMON),275,669,VANDERBILT AVENUE,Brooklyn,11238,S,"PAUL SIGNS, INC",654 4TH AVENUE,267 Park Tenants Corp,,,Permit Issued
B01387541-I1-FN,B01387541-I1,Initial Permit,2026-09-08,2026-05-11,2027-05-13,Construction Fence,Construction Fence 300 Feet,5000,57,EAGLE STREET,Brooklyn,11222,GC,OVERHEAD MANAGEMENT LLC,58 WALTON ST APT 5D,PR,,,Permit Issued
B01387914-I1-GC,B01387914-I1,Initial Permit,2026-09-08,2026-08-27,2026-10-08,General Construction,"ARCHITECTURAL MODIFICATIONS TO UNIT #4A AS PER PLANS. LAA FILED BY PLUMBER. NO CHANGE IN USE, EGRESS OR OCCUPANCY.",100000,149,LAFAYETTE AVENUE,Brooklyn,11238,GC,SANTANA CONTRACTING CORP,70 EAST SUNRISE H/WAY #500,BRICKWORK MANAGEMENT INC.,,,Permit Issued
B01390719-I1-GC,B01390719-I1,Initial Permit,2026-09-08,2026-07-22,2026-12-01,General Construction,"Tenant improvement construction for new FedEx Office retail store. No change to egress, use, or occupancy.",328629,806,FLATBUSH AVENUE,Brooklyn,11226,GC,TOM RECTENWALD CONSTRUCTI,110 NORTH JEFFERSON STREET,BRP COMPANIES,,,Permit Issued
B01392238-I1-GC,B01392238-I1,Initial Permit,2026-09-08,2026-09-04,2027-02-03,General Construction,"Renovation of Cellar, 1st, 2nd and attic. Amend certificate of occupancy of 1st floor to one family dwelling. Total 2 family. No change of egress.",140000,59,BAY 29 STREET,Brooklyn,11214,GC,WATSON'S PLUMBING HEATING,855 SAINT NICHOLAS AVE,PR,,,Permit Issued
B01395726-I1-GC,B01395726-I1,Initial Permit,2026-09-08,2026-06-24,2026-12-29,General Construction,"HAND DEMOLITION - THE SCOPE SHALL INCLUDE REMOVE AND REPLACE NOTED INTERIOR FINISHES AND FIXTURESINCLUDING, BUT NOT LIMITED TO THE FOLLOWING: FLOORING, BASEBOARDS, PLUMBING FIXTURES, APPLIANCES, CABINETS, DOORS,DOOR FRAMES, HARDWARE AND INT",18500,1449,DEAN STREET,Brooklyn,11213,GC,RENOVATION BY MY HOME INC,353 WEST 48TH. STREET.3RD FLR,Not Applicable,,,Permit Issued
B01396222-S4-FN,B01396222-S4,Initial Permit,2026-09-08,2026-06-09,2026-12-01,Construction Fence,"Filing herewith plans for the installation of a temporary construction fence. No change to use, egress, or occupancy.",3000,625,FULTON STREET,Brooklyn,11201,GC,TOM RECTENWALD CONSTRUCTI,110 NORTH JEFFERSON STREET,HSD CONSTRUCTION LLC,,,Permit Issued
B01396943-I1-GC,B01396943-I1,Initial Permit,2026-09-08,2026-08-06,2027-09-07,General Construction,"Partial parapet wall reconstruction, brick work replacement, steel window lintel replacements",375840,6801,SHORE ROAD,Brooklyn,11220,GC,AXIS RESTORATION CORP,85-71 144 STREET,FirstService Residential,,,Permit Issued
B01397110-I1-FD,B01397110-I1,Initial Permit,2026-09-08,2026-06-26,2026-10-18,Full Demolition,"full demolition of three story with cellar structure, using hand-held tool.",593674.76,927,GRAND STREET,Brooklyn,11211,GC,STATE CONTRACTING CORP NY,555 SAW MILL RIVER ROAD,Housing Preservation & Development,,,Permit Issued
B01398578-S4-EW-SP,B01398578-S4,Initial Permit,2026-09-08,2026-08-24,2026-12-04,Sprinklers,"Sprinkler modification throughout building as per plans. No change in use, egress or occupancy.",64950,98,MONTAGUE STREET,Brooklyn,11201,F,G.N.T. MECHANICAL LLC,460 WILD AVENUE,Not Applicable,,,Permit Issued
B01401909-I1-FN,B01401909-I1,Initial Permit,2026-09-08,2026-07-07,2026-12-13,Construction Fence,INSTALLATION OF 8'-0 HIGH CONSTRUCTION FENCE FOR PROTECTION DURING CONSTRUCTION.,1000,248,FLUSHING AVENUE,Brooklyn,11205,GC,YATZIV CORP,669 PARK AVENUE,YS DEVELOPERS LLC,,,Permit Issued
B01417896-I1-FN,B01417896-I1,Initial Permit,2026-09-08,2026-06-23,2027-01-07,Construction Fence,"CONSTRUCTION FENCE APPLICATION FILED IN CONJUNCTION WITH SEPARATE DOB NOW GENERAL CONSTRUCTION APPLICATION #B01212998-S1. TEMPORARY CONSTRUCTION FENCE TO BE REMOVED AFTER THE CONSTRUCTION DONE. NO CHANGE OF USE, OCCUPANCY OR MEANS OF EGRESS",8000,2342,86 STREET,Brooklyn,11214,GC,ICM GLOBAL DESIGN INC,18 WEST 25TH STREET,2340 BK REALTY LLC,,,Permit Issued
B01419922-I1-GC,B01419922-I1,Initial Permit,2026-09-08,2026-07-28,2027-02-01,Mechanical Systems,"FILING HEREWITH DRAWINGS TO PROPOSE THE RENOVATION OF AN EXISTING BATHROOM AND THE INSTALLATION OF A NEW SPLIT-TYPE AIR CONDITIONING SYSTEM, INCLUDING AN OUTDOOR CONDENSING UNIT, WITHIN APARTMENT 5J.",30000,458,NEPTUNE AVENUE,Brooklyn,11224,GC,LXS AIR INC,153 CORBIN PL,Not Applicable,,,Permit Issued
B01419922-I1-MS,B01419922-I1,Initial Permit,2026-09-08,2026-07-28,2027-02-01,General Construction,"FILING HEREWITH DRAWINGS TO PROPOSE THE RENOVATION OF AN EXISTING BATHROOM AND THE INSTALLATION OF A NEW SPLIT-TYPE AIR CONDITIONING SYSTEM, INCLUDING AN OUTDOOR CONDENSING UNIT, WITHIN APARTMENT 5J.",30000,458,NEPTUNE AVENUE,Brooklyn,11224,GC,LXS AIR INC,153 CORBIN PL,Not Applicable,,,Permit Issued
B01420501-I1-GC-CX,B01420501-I1,Initial Permit,2026-09-08,2026-07-07,2026-11-06,Mechanical Systems,"FILING FOR INTERIOR WORK AT THE EXISTING RETAIL STORE, CARPENTRY, FLOORING, CEILING , MILL WORK AND FINISHES. NO CHANGE IN USE EGRESS OR OCCUPANCY",50000,260,PROSPECT PARK WEST,Brooklyn,11215,GC,FUSHION NYC CORP,31-24 74TH STREET.APT 1,260 PROSPECT PARK REALTY CORP,,,Permit Issued
B01421027-S1-PL,B01421027-S1,Initial Permit,2026-09-08,2026-08-25,2027-01-01,Plumbing,"Propose plumbing work on existing 2 story residential building as per plan. No change in use, egress, or occupancy.",41500,118,4 AVENUE,Brooklyn,11217,P,VAND MECHANICAL INC,61-14 220TH STREET,Not Applicable,,,Permit Issued
B01421758-I1-SL,B01421758-I1,Initial Permit,2026-09-08,2026-09-04,2026-09-19,Solar,SCOPE OF WORK IS SOLELY FOR THE INSTALLATION OF THE SOLAR ELECTRONIC GENERATING SYSTEM. ALL OTHER WORK IS NOT TO BE RELIED UPON AS BEING APPROVED AND/OR PERMITTED BY THE NYC DEPARTMENT OF BUILDINGS.,91200,260,51 STREET,Brooklyn,11220,GC,SOLAR CONTRACTING LLC,24 HILLEL PLACE,Not Applicable,,,Permit Issued
B01423974-I1-PL,B01423974-I1,Initial Permit,2026-09-08,2026-07-24,2027-04-17,Plumbing,"RENOVATION OF EXISTING CELLAR WITH PLUMBING WORK: REPLACE WASHER, DRYER ,INSTALL NEW 3-PC BATHROOM, BOILERS AND HOT WATER HEATERS IN CELLAR; NO CHANGE IN USE, EGRESS OR OCCUPANCY UNDER THIS APPLICATION.",50000,1739,BAY RIDGE AVENUE,Brooklyn,11204,P,JOHN FITZGERALD PLBG &HTG,256 WEST 124TH STREET,PR,,,Permit Issued
B01426132-S1-PL,B01426132-S1,Initial Permit,2026-09-08,2026-07-31,2026-10-13,Plumbing,"HEREWITH TO PROPOSE PLUMBING SYSTEM AS PERPLANS. IN CONJUNCTION WITH DOB B01426132-I1 AND TO ADDRESS ECB#35243599J, 35175643X",49150,67,TAPSCOTT STREET,Brooklyn,11212,P,PLUMB-IT MECHANICAL INC,749 PROSPECT PLACE,N/A,,,Permit Issued
B01426614-I1-SH,B01426614-I1,Initial Permit,2026-09-08,2026-08-31,2026-12-07,Sidewalk Shed,"PROPOSED INSTALLATION OF HEAVY-DUTY SIDEWALK SHED AS PER PLANS. SIDEWALK SHED SHALL COMPLY WITH CHAPTER #33 OF THE NYC BUILDING CODE. NO CHANGE IN USE, OCCUPANCY, OR EGRESS UNDER THIS APPLICATION.",15000,413,HOWARD AVENUE,Brooklyn,11233,GC,PROCONSTRUCTION CORP,60-01 39TH AVENUE,PR,,,Permit Issued
B01431999-S4-MS,B01431999-S4,Initial Permit,2026-09-08,2026-09-03,2027-03-04,Mechanical Systems,"interior & exterior renovation of 6 family house with install new AC units, no change in use, egress or occupancy.",65000,746,59 STREET,Brooklyn,11220,GC,MERCURY BUILDING ASSO INC,124-15 METROPOLITAN AVENUE,746 59st Brooklyn Inc,,,Permit Issued
B01434658-I1-GC,B01434658-I1,Initial Permit,2026-09-08,2026-08-28,2027-02-03,General Construction,"DEMO CELLAR PARTITION AND KITCHEN, BRING BACK TO ORIGINAL LEGAL CONDITION TO ADDRESS OATH/ECB VIOLATION #35481741P. NO ZONING USE, FLOOR AREA, OCCUPANTS, AND EGRESS CHANGES.",6250,1133,SUTTER AVENUE,Brooklyn,11208,GC,WATSON'S PLUMBING HEATING,855 SAINT NICHOLAS AVE,Grace E & A Real Estate LLC,,,Permit Issued
B01434658-S1-PL,B01434658-S1,Initial Permit,2026-09-08,2026-09-03,2027-02-03,Plumbing,PLUMBING ALTERATION WORK IN CONJUNCTION WITH ALTERATION JOB#B01434658-I1 AND ADDRESS VIOLATIONS 35481741P.,2000,1133,SUTTER AVENUE,Brooklyn,11208,P,"WATSON'S PLBG, HTG, & BDG",855 ST. NICHOLAS AVENUE,Grace E & A Real Estate LLC,,,Permit Issued
B01436017-S1-PL,B01436017-S1,Initial Permit,2026-09-08,2026-07-30,2026-12-15,Plumbing,"INSTALL GAS AND PLUMBING FIXTURES IN THE EXISTING 2 STORY BUILDING. PLUMBING WORKS AS PER PLAN. NO CHANGE IN EGRESS, USE, OR OCCUPANCY.",38000,1948,81 STREET,Brooklyn,11214,P,HF GROUP PLMBG & SPNKLER,2618 WEST 13TH STREET,Innospark Design,,,Permit Issued
B01438371-I1-GC-CX,B01438371-I1,Initial Permit,2026-09-08,2026-08-24,2027-04-27,Structural,"Proposing to repair the rear-yard fire escape to correct the conditions cited in vacate order complaint 3A37714. No change in use, egress, or occupancy is proposed.",7500,851,WILLOUGHBY AVENUE,Brooklyn,11221,GC,YNR CONSTRUCTION LLC,42 S 10TH STREET APT 3A,PR,,,Permit Issued
B01439727-I1-GC,B01439727-I1,Initial Permit,2026-09-08,2026-08-03,2026-10-18,General Construction,"INTERIOR RENOVATION OF EXISTING THREE STORY HOUSE. NO CHANGE IN USE, OCCUPANCY OR EGRESS.",131400,147,PATCHEN AVENUE,Brooklyn,11221,GC,KALE CONSTRUCTION INC,145-12 24 AVE,CL147 HOLDINGS LLC,,,Permit Issued
B01440006-S1-PL,B01440006-S1,Initial Permit,2026-09-08,2026-08-21,2026-09-24,Plumbing,Subsequent filing of plumbing work type in conjunction with #B01440006-I1,53000,2036,WEST 6 STREET,Brooklyn,11223,P,EFLOW PLUMBING & WATERMAIN INC,114-44 ROCKAWAY BLVD,Jan Baan Corp,,,Permit Issued
B01440535-I1-GC,B01440535-I1,Initial Permit,2026-09-08,2026-09-02,2027-06-09,General Construction,"IN UNIT E3 ON FLOOR 3, REMOVAL AND INSTALLATION OF KITCHEN CABINETRY AND REMOVAL OF GAS RANGE AND INSTALLATION OF ELECTRIC RANGE AS SHOWN ON PLANS. SEE LAA PERMIT FOR ALL PLUMBING WORK. NO CHANGE TO EGRESS, USE, OR OCCUPANCY.",20000,19,FISKE PLACE,Brooklyn,11215,GC,718 DESIGN PRO INC,102-09 METROPOLITAN AVENUE,CHOICE NY MGMT,,,Signed-off
B01442613-I1-MS,B01442613-I1,Initial Permit,2026-09-08,2026-08-21,2027-06-15,Mechanical Systems,"INSTALLATION OF TWO(2) NEW CONDENSING UNIT TO REMOVE FDNY VIOLATION SUMMONS #014263137L FOR THE EXISTING 1ST FLOOR BEAUTY STORE. NO CHANGE IN USE, OCCUPANCY, EGRESS OR STRUCTURE UNDER THIS APPLICATION.",16500,395,JAY STREET,Brooklyn,11201,GC,AJ MECHANICAL COLLECTIVES,174-01 73RD AVENUE,PR,,,Signed-off
B01442817-I1-ST,B01442817-I1,Initial Permit,2026-09-08,2026-09-01,2026-10-27,Structural,"Structural reinforcement of the existing first- and second-floor framing, including the installation of storefront light-gauge steel framing.",50000,255,AVENUE W,Brooklyn,11223,GC,ABECO CONSTRUCTION LLC,6701 BAY PARKWAY,The Safe Foundation,,,Permit Issued
B01443762-I1-GC,B01443762-I1,Initial Permit,2026-09-08,2026-08-21,2027-08-12,General Construction,"FILE CONSTRUCTION WORK ON 4-FAMILY BUILDING TO REMOVE WALL, REPLACE/REPAIR/NEW PARTITIONS, CEILING, DOOR, WINDOW, STAIR, FLOOR TILE AND PAINTING WORK, EXTERIOR WORK WITH REPAIR FACADE, STAIR AS PER PLAN. NO CHANGE IN USE, EGRESS OR OCCUPANC",143000,2228,85 STREET,Brooklyn,11214,GC,NY BUILDING ASSOCIATES IN,124-15 METROPOLITAN AVE,Not Applicable,,,Permit Issued
B01443762-S1-PL,B01443762-S1,Initial Permit,2026-09-08,2026-08-21,2027-02-03,Plumbing,"FILE PLUMBING WORK OF 4-FAMILY BUILDING WITH NEW/REPLACE/RELOCATED PLUMBING FIXTURES AND GAS APPLIANCES AS PER PLAN. IN CONJUNCTION WITH GC JOB#B01443762-I1 NO CHANGE IN USE, EGRESS OR OCCUPANCY.",0,2228,85 STREET,Brooklyn,11214,P,"WATSON'S PLBG, HTG, & BDG",855 ST. NICHOLAS AVENUE,PR,,,Permit Issued
B01443762-S3-FN,B01443762-S3,Initial Permit,2026-09-08,2026-08-19,2027-08-12,Construction Fence,"INSTALL CONSTRUCTION FENCE OUTSIDE WITH PROPERTY LINE WITHIN 3' ON BUILDING FRONT, RIGHT AND REAR SIDE.",1000,2228,85 STREET,Brooklyn,11214,GC,NY BUILDING ASSOCIATES IN,124-15 METROPOLITAN AVE,Not Applicable,,,Permit Issued
B01444701-I1-GC,B01444701-I1,Initial Permit,2026-09-08,2026-09-04,2027-03-04,General Construction,"INTERIOR RENOVATION OF EXISTING 2 FAMILY DWELLING ON CELLAR, 1ST AND 2NDFLOOR. GENERAL CONSTRUCTION WORK AS PER PLAN. NO CHANGE IN EGRESS, USEOR OCCUPANCY.",196850,2250,EAST 24 STREET,Brooklyn,11229,GC,MERCURY BUILDING ASSO INC,124-15 METROPOLITAN AVENUE,Innospark Design,,,Permit Issued
B01444701-S1-PL,B01444701-S1,Initial Permit,2026-09-08,2026-09-02,2026-09-24,Plumbing,"FILE PLUMBING WORK IN CONJUNCTION WITH GC APPLICATION. NO CHANGE IN EGRESS, USE OR OCCUPANCY.",57500,2250,EAST 24 STREET,Brooklyn,11229,P,EFLOW PLUMBING & WATERMAIN INC,114-44 ROCKAWAY BLVD,Innospark Design,,,Permit Issued
B01446233-I1-MS,B01446233-I1,Initial Permit,2026-09-08,2026-09-03,2026-12-05,Mechanical Systems,INSTALL NEW CHIMNEY LINER AND BREECHING AS PER PLANS.,8800,465,42 STREET,Brooklyn,11232,GC,GUARANTEED HOME IMPROVEME,500 OLDBETHPAGE ROAD,PR,,,Permit Issued
B01448468-I1-GC,B01448468-I1,Initial Permit,2026-09-08,2026-09-04,2026-11-10,General Construction,"APPLICATION FILED HEREWITH FOR REMOVING EXTERIOR STUCCO FINISH TO REPLACE WITH NEW STUCCO FINISH AT FACADE OF REFERENCED TWO STORY WITH CELLAR, ONE UNIT BUILDING. NO CHANGE IN USE, EGRESS, OCCUPANCY.",55750,1652,EAST 29 STREET,Brooklyn,11229,GC,M. INT'L ENGINEERING PLLC,85-18 212TH STREET,na,,,Permit Issued
B01448468-S1-FN,B01448468-S1,Initial Permit,2026-09-08,2026-09-04,2026-11-10,Construction Fence,Herewith filing for 8' construction plywood fence.,1000,1652,EAST 29 STREET,Brooklyn,11229,GC,M. INT'L ENGINEERING PLLC,85-18 212TH STREET,na,,,Permit Issued
B01448894-I1-GC,B01448894-I1,Initial Permit,2026-09-08,2026-09-04,2026-12-31,General Construction,"Filing for Emergency Facade repair work To include Brick replacement, mortar joint repointing, Stone repairs, Cracking repairs and sealant replacement.",90942,2885,OCEAN AVENUE,Brooklyn,11235,GC,TISHMAN INTERIORS CORP,100 PARK AVENUE,Verizon,,,Permit Issued
B01449188-I1-SG,B01449188-I1,Initial Permit,2026-09-08,2026-08-26,2026-09-21,Sign,"ERECT AN ILLUMINATED SIGN ON WALL.NOT WITHIN VIEW OF ARTERIAL HIGHWAY OR PUBLIC PARK 1/2 ACRE OR MORE. NO CHANGE IN USE, EGRESS OR OCCUPANCY.",4095,762,NOSTRAND AVENUE,Brooklyn,11216,S,NEPTUNE SIGNS & AWNINGS,2260 HOLLERS AVE,BCM NOSTRAND AVE LLC,,,Permit Issued
B01450174-S1-PL,B01450174-S1,Initial Permit,2026-09-08,2026-09-01,2027-02-16,Plumbing,"Proposed plumbing work as per plans from Cellar to 2nd Floor. No Change to Use, Egress or Occupancy.",0,1986,WEST 9 STREET,Brooklyn,11223,P,FLOWRITE SYSTEMS CORP,46353 44TH ROAD,VKW DESIGN INC,,,Permit Issued
B01451960-I1-SG,B01451960-I1,Initial Permit,2026-09-08,2026-09-08,2027-01-08,Sign,ERECT ILLUMINATED ACCESSORY BUSINESS SIGN ON WALL READING BURLINGTON DEALS. BRANDS. WOW!.,13455,5200,KINGS HIGHWAY,Brooklyn,11234,S,A.M.A HOLDINGS INC,"268 WEST 44TH STREET, 5TH FL",PTMA 5200 KINGS HIGHWAY LLC,,,Permit Issued
B01451964-I1-SG,B01451964-I1,Initial Permit,2026-09-08,2026-09-08,2027-01-08,Sign,ERECT ILLUMINATED ACCESSORY BUSINESS SIGN ON WALL READING BURLINGTON DEALS. BRANDS. WOW!.,13455,5200,KINGS HIGHWAY,Brooklyn,11234,S,A.M.A HOLDINGS INC,"268 WEST 44TH STREET, 5TH FL",PTMA 5200 KINGS HIGHWAY LLC,,,Permit Issued
B01451967-I1-SG,B01451967-I1,Initial Permit,2026-09-08,2026-09-08,2027-01-08,Sign,ERECT ILLUMINATED ACCESSORY BUSINESS SIGN ON WALL READING BURLINGTON DEALS. BRANDS. WOW!.,10062,5200,KINGS HIGHWAY,Brooklyn,11234,S,A.M.A HOLDINGS INC,"268 WEST 44TH STREET, 5TH FL",PTMA 5200 KINGS HIGHWAY LLC,,,Permit Issued
B01452879-I1-GC,B01452879-I1,Initial Permit,2026-09-08,2026-09-03,2026-12-01,General Construction,"Filing plans herewith for the building out of a McDonalds restaurant. No change to use, egress, or occupancy under this application.",789265,625,FULTON STREET,Brooklyn,11201,GC,TOM RECTENWALD CONSTRUCTI,110 NORTH JEFFERSON STREET,HSD CONSTRUCTION LLC,,,Permit Issued
B01452968-I1-GC,B01452968-I1,Initial Permit,2026-09-08,2026-09-03,2026-10-18,General Construction,"RENOVATION OF EXISTING CELLAR, 1ST AND 2ND FLOOR WITH GENERAL CONSTRUCTION:NEW PARTITIONS, DOORS, FLOORING AND COSMETIC WORK; NO CHANGE IN USE, EGRESS OR OCCUPANCY UNDER THIS APPLICATION.",150000,26,PARROTT PLACE,Brooklyn,11228,GC,KALE CONSTRUCTION INC,145-12 24 AVE,PR,,,Permit Issued
B01452993-I1-PMM,B01452993-I1,Initial Permit,2026-09-08,2026-09-08,2027-02-19,Protection and Mechanical Methods,Use of knuckleboom temporary construction equipment as per plans filed herewith. This application is filed in conjunction with NB B00975270-I1.,5000,50,MOLLENHAUER DRIVE,Brooklyn,11249,GC,ECD NY INC,1827A 42ND STREET,NAFTALI GROUP,,,Permit Issued
B01453384-I1-GC,B01453384-I1,Initial Permit,2026-09-08,2026-09-04,2027-07-13,General Construction,"REMOVE & ERECT PARTIAL PARTITION WALL AND INTERIOR RENOVATION ON CEL, 1ST & 2ND FLOOR. NO CHANGE IN USE GROUP, EGRESS AND OCCUPANCY. (TOTAL: EXISTING TWO FAMILY DWELLING UNITS UNDER CO# 5406/1920)",134750,624,68 STREET,Brooklyn,11220,GC,JZ CONSTRUCTION GROUP INC,3226 UNION STREET STE 1C,MING TOWN LLC,,,Permit Issued
B01453412-I1-GC,B01453412-I1,Initial Permit,2026-09-08,2026-09-04,2027-03-04,General Construction,"FILING GC WORK ON ATTIC FLOOR OF EXIST. RESIDENTIAL BUILDING W/ REMOVE PARTITIONS & DOORS TO ADDRESS VIOLATION # 35483413P. NO CHANGE IN USE, EGRESS, OR OCCUPANCY.",10000,368,54 STREET,Brooklyn,11220,GC,MERCURY BUILDING ASSO INC,124-15 METROPOLITAN AVENUE,PR,,,Permit Issued
B01454097-I1-GC,B01454097-I1,Initial Permit,2026-09-08,2026-09-03,2026-10-18,General Construction,"INSTALLATION OF A NEW AWNING READINGC.L ELECTRICAL CORP ON THE EXISTING BUILDING AS PER PLAN HEREWITH. NO CHANGE IN USE, EGRESS OR OCCUPANCY.",3000,2010,BAY RIDGE PARKWAY,Brooklyn,11204,GC,KALE CONSTRUCTION INC,145-12 24 AVE,Not Applicable,,,Permit Issued
B01454274-I1-GC-CX,B01454274-I1,Initial Permit,2026-09-08,2026-09-02,2026-10-18,Structural,"INTERIOR RENOVATION OF EXISTING ONE FAMILY HOUSE. REPLACE FRONT FACADE SIDING TO BRICK VENEER. NO CHANGE IN EGRESS, USE, OR OCCUPANCY.",200000,37,JEFFERSON STREET,Brooklyn,11206,GC,KALE CONSTRUCTION INC,145-12 24 AVE,PR,,,Permit Issued
B01454403-I1-ST,B01454403-I1,Initial Permit,2026-09-08,2026-09-04,2026-12-15,Structural,"REMOVE AND REPLACE EXISTING WOOD FLOOR AND ROOF FRAMING WITH NEW COLD-FORMED STEEL JOISTS AS SHOWN ON PLANS. NO CHANGE IN USE, EGRESS OR OCCUPANCY.",50000,823,40 STREET,Brooklyn,11232,GC,KW DEVELOPMENT CONTRACTIN,1323 64 STREET,Not Applicable,,,Permit Issued
B01454799-I1-GC,B01454799-I1,Initial Permit,2026-09-08,2026-09-03,2027-01-02,General Construction,"General construction associated with renovations to existing three family building. No change in occupancy, use or egress.",335000,1327,BUSHWICK AVENUE,Brooklyn,11207,GC,HARROW NY INC,50-20 38TH STREET,GREENBROOK PARTNERS,,,Permit Issued
B01454859-I1-FN,B01454859-I1,Initial Permit,2026-09-08,2026-09-08,2027-07-02,Construction Fence,"INSTALLATION OF TEMPORARY CONSTRUCTION FENCE AT 1400 BERGEN STREET BROOKLYN NY 11213 AS INDICATED ON PLANS. THERE WILL BE NO CHANGE IN THE USE, EGRESS, OR OCCUPANCY UNDER THIS APPLICATION.",10000,1400,BERGEN STREET,Brooklyn,11213,GC,MNK ENTERPRISES LLC,602 BAY PINE AIRE DRIVE,NYCHA,,,Permit Issued
B01454877-I1-SH,B01454877-I1,Initial Permit,2026-09-08,2026-09-08,2026-12-07,Sidewalk Shed,"INSTALLATION OF NEW SIDEWALK SHED AT 1400 BERGEN STREET BROOKLYN NY 11213 AS INDICATED ON PLANS. THERE WILL BE NO CHANGE IN THE USE, EGRESS, OR OCCUPANCY UNDER THIS APPLICATION.",10000,1400,BERGEN STREET,Brooklyn,11213,GC,MNK ENTERPRISES LLC,602 BAY PINE AIRE DRIVE,NYCHA,,,Permit Issued
B01454911-I1-FN,B01454911-I1,Initial Permit,2026-09-08,2026-09-08,2027-07-02,Construction Fence,"INSTALLATION OF TEMPORARY CONSTRUCTION FENCE AT 1414 BERGEN STREET BROOKLYN NY 11213 AS INDICATED ON PLANS. THERE WILL BE NO CHANGE IN THE USE, EGRESS, OR OCCUPANCY UNDER THIS APPLICATION.",10000,1414,BERGEN STREET,Brooklyn,11213,GC,MNK ENTERPRISES LLC,602 BAY PINE AIRE DRIVE,NYCHA,,,Permit Issued
B01454924-I1-SH,B01454924-I1,Initial Permit,2026-09-08,2026-09-08,2026-12-07,Sidewalk Shed,"INSTALLATION OF NEW SIDEWALK SHED AT 1414 BERGEN STREET BROOKLYN NY 11213 AS INDICATED ON PLANS. THERE WILL BE NO CHANGE IN THE USE, EGRESS, OR OCCUPANCY UNDER THIS APPLICATION.",10000,1414,BERGEN STREET,Brooklyn,11213,GC,MNK ENTERPRISES LLC,602 BAY PINE AIRE DRIVE,NYCHA,,,Permit Issued
B01454952-I1-FN,B01454952-I1,Initial Permit,2026-09-08,2026-09-08,2027-07-02,Construction Fence,"INSTALLATION OF TEMPORARY CONSTRUCTION FENCE AT 1430 BERGEN STREET BROOKLYN NY 11213 AS INDICATED ON PLANS. THERE WILL BE NO CHANGE IN THE USE, EGRESS, OR OCCUPANCY UNDER THIS APPLICATION.",10000,1430,BERGEN STREET,Brooklyn,11213,GC,MNK ENTERPRISES LLC,602 BAY PINE AIRE DRIVE,NYCHA,,,Permit Issued
B01454968-I1-SH,B01454968-I1,Initial Permit,2026-09-08,2026-09-08,2026-12-07,Sidewalk Shed,"INSTALLATION OF NEW SIDEWALK SHED AT 1430 BERGEN STREET BROOKLYN NY 11213 AS INDICATED ON PLANS. THERE WILL BE NO CHANGE IN THE USE, EGRESS, OR OCCUPANCY UNDER THIS APPLICATION.",10000,1430,BERGEN STREET,Brooklyn,11213,GC,MNK ENTERPRISES LLC,602 BAY PINE AIRE DRIVE,NYCHA,,,Permit Issued
B01456051-I1-SF,B01456051-I1,Initial Permit,2026-09-08,2026-09-08,2026-10-06,Supported Scaffold,"INSTALLATION OF 300PSF SIDEWALK SHED AND PIPE SCAFFOLDING AS PER PLANS. ALL EQUIPMENT SHALL COMPLY WITH CHAPTER #33 OF THE 2022 CODE NO CHANGE IN USE, EGRESS OR OCCUPANCY UNDER THIS APPLICATION.",5000,2003,EAST 3 STREET,Brooklyn,11223,GC,ACE GROUP NY CORP,34 BARCLAY STREET,ACE GROUP NY CORP.,,,Permit Issued
B01456051-I1-SH,B01456051-I1,Initial Permit,2026-09-08,2026-09-08,2026-10-06,Sidewalk Shed,"INSTALLATION OF 300PSF SIDEWALK SHED AND PIPE SCAFFOLDING AS PER PLANS. ALL EQUIPMENT SHALL COMPLY WITH CHAPTER #33 OF THE 2022 CODE NO CHANGE IN USE, EGRESS OR OCCUPANCY UNDER THIS APPLICATION.",5000,2003,EAST 3 STREET,Brooklyn,11223,GC,ACE GROUP NY CORP,34 BARCLAY STREET,ACE GROUP NY CORP.,,,Permit Issued
B01456331-I1-SL,B01456331-I1,Initial Permit,2026-09-08,2026-09-08,2027-02-22,Solar,"Installation of solar electric generation system for utility interconnection. No changes being made to use, occupancy, egress, or anything not marked on the planset and supporting documents.",10000,586,16 STREET,Brooklyn,11218,GC,SUSTAINABLE STRATEGIES,199 TOMPKINS AVE,Not Applicable,,,Permit Issued
B01456374-I1-PMM,B01456374-I1,Initial Permit,2026-09-08,2026-09-08,2026-11-16,Protection and Mechanical Methods,"INSTALLATION OF TEMPORARY OVERHEAD PROTECTION AS PER PLANS. NO CHANGE IN USE, EGRESS OR OCCUPANCY.",4000,1963,59 STREET,Brooklyn,11204,GC,CORE SCAFFOLD SYSTEMS INC,417 MYRTLE AVE SUITE 14,OWNERS REP,,,Permit Issued
B01456415-I1-SH,B01456415-I1,Initial Permit,2026-09-08,2026-09-08,2026-12-07,Sidewalk Shed,"INSTALLATION OF 300PSF SIDEWALK SHED AS PER PLANS. ALL EQUIPMENT SHALL COMPLY WITH CH #33 OF THE NYC CODE 2022. NO CHANGE IN USE, OCCUPANCY OR EGRESS UNDER THIS APPLICATION.",9000,373,PACIFIC STREET,Brooklyn,11217,GC,GSR CONTRACTOR INC,584 TERRY PLACE,GSR CONTRACTOR INC.,,,Permit Issued
B01456465-I1-SF,B01456465-I1,Initial Permit,2026-09-08,2026-09-08,2026-10-06,Supported Scaffold,"INSTALLATION OF PIPE SCAFFOLDING AS PER PLANS. PIPE SCAFFOLDING SHALL COMPLY WITH CHAPTER #33 OF THE NYC BUILDING CODE 2022. NO CHANGE IN USE, OCCUPANCY, OR EGRESS UNDER THIS APPLICATION.",5000,402,AVENUE T,Brooklyn,11223,GC,ACE GROUP NY CORP,34 BARCLAY STREET,ACE GROUP NY CORP.,,,Permit Issued
M00517427-I1-ST,M00517427-I1,Initial Permit,2026-09-08,2024-07-22,2027-04-01,Structural,"HEREWITH FILING STRUCTURAL WORK AS PER PLANS. NO CHANGE IN USE, EGRESS OR OCCUPANC",241660,100,WEST 114 STREET,Manhattan,10026,GC,TOUCHSTONE RENOVATIONS LL,200 BUSINESS PARK DR STE 307,Not Applicable,,,Permit Issued
M00553269-I1-BE,M00553269-I1,Initial Permit,2026-09-08,2022-04-17,2026-12-31,Boiler Equipment,Boiler Modification to add new natural gas service to transition boiler plant from fuel oil to dual-fuel. Existing dual fuel-capable burners to be reused. Plumbing work for gas connection filed under separate application. Fuel burner tab ch,100000,2,MONROE STREET,Manhattan,10002,O,G BASSOLINO PLB LTD,390A TIFFANY STREET,KNICKERBOCKER VILLAGE INC,,,Permit Issued
M00615380-Z6-PMM,M00615380-Z6,Initial Permit,2026-09-08,2026-09-08,2027-04-01,Protection and Mechanical Methods,"INSTALLATION AND USE OF TEMPORARY INTERIOR CLIMBING PLATFORMS AS PER PLANS FILED HEREWITH. NO CHANGE IN USE, EGRESS, OR OCCUPANCY.",0,343,MADISON AVENUE,Manhattan,10017,GC,HIGHRISE SAFETY SYSTEMS I,"273 WALT WHITMAN RD, STE 136",BXP,,,Permit Issued
M00858480-S3-EW-SP,M00858480-S3,Initial Permit,2026-09-08,2026-08-11,2026-12-31,Sprinklers,"Install 54 new sprinkler heads and relocate 6. No change in use, egress or occupancy.",66690,768,5 AVENUE,Manhattan,10019,F,ALLSTATE SPRINKLER LLC,1869 WHITE PLAINS ROAD,FIRSTSERVICE RESIDENTIAL,,,Permit Issued
M01033460-S6-BE,M01033460-S6,Initial Permit,2026-09-08,2026-05-12,2027-06-29,Boiler Equipment,"BOILER REPLACEMENT. NO CHANGE TO USE, EGRESS OR OCCUPANCY.",503800,15,EAST 124 STREET,Manhattan,10035,P,DUAL FUEL PLUBING & HTING,"435 AUSTIN PLACE, SUITE D",NEW YORK CITY HOUSING AUTHORITY,,,Permit Issued
M01051059-S3-PL,M01051059-S3,Initial Permit,2026-09-08,2026-06-23,2026-10-10,Plumbing,"RENOVATE ENTIRE 10th FLOOR BY REMOVING EXISTING PLUMBING FIXTURES AND INSTALLING NEW AND ALSO REPLACE, RELOCATE AND CAP & SEAL AS PER PLANS FIILED.",31400,160,EAST 56 STREET,Manhattan,10022,P,KSP PLUMBING INC,30 WALL STREET FL 8,AR PROPERTIES GROUP LLC,,,Permit Issued
M01072974-I1-ST,M01072974-I1,Initial Permit,2026-09-08,2024-07-16,2027-04-01,Structural,CONCRETE REPAIRS IN PIT WALLS,134200,765,FDR DRIVE,Manhattan,10009,GC,JEMCO ELECTRICAL CONT INC,92-13 180TH STREET,NEW YORK CITY HOUSING AUTHORITY,,,Permit Issued
M01081107-I1-GC,M01081107-I1,Initial Permit,2026-09-08,2024-07-31,2026-10-28,General Construction,PARTIAL DEMOLITION AND RENOVATION OF SIDEWALK VAULTS AS PER PLANS. INSTALLATION OF WATERPROOFING AND INSULATION,250000,509,MADISON AVENUE,Manhattan,10022,GC,MJM CONSTR ASSOCIATES LLC,125 BEACH 128TH STREET,509 MADISON AVENUE ASSOCIATES,,,Permit Issued
M01081107-S3-ST,M01081107-S3,Initial Permit,2026-09-08,2024-08-05,2026-10-28,Structural,PARTIAL DEMOLITON OF SIDEWALK VAULT AND STRUCTURAL BRACING AND SHORING,200000,509,MADISON AVENUE,Manhattan,10022,GC,MJM CONSTR ASSOCIATES LLC,125 BEACH 128TH STREET,509 MADISON AVENUE ASSOCIATES,,,Permit Issued
M01155239-S3-ST,M01155239-S3,Initial Permit,2026-09-08,2026-07-30,2026-12-09,Structural,"NEW OPENING IN FACADE WALL FOR HVAC UNIT. NO CHANGE IN USE, OCCUPANCY, OR EGRESS.",20000,38,EAST 85 STREET,Manhattan,10028,GC,MINOS CONSTRUCTION CORP,162-46 12TH ROAD,,,,Permit Issued
M01165028-S1-MS,M01165028-S1,Initial Permit,2026-09-08,2026-08-12,2026-09-20,Mechanical Systems,"Filing subsequent application for installation of mechanical units on the roof and associated equipment in unit 3E, as per plans submitted.",140000,84,MERCER STREET,Manhattan,10012,GC,A.A. MECHANICAL SOL INC,168 COOK STREET,145 EAST 15TH STREET TENANTS CORP.,,,Permit Issued
M01172553-I1-GC,M01172553-I1,Initial Permit,2026-09-08,2025-11-30,2027-03-31,General Construction,"RENOVATION OF MASTER BATHROOM, HALF BATHROOM, AND GUST BATHROOM IN APT# N512 AT 4TH AND 5TH FLOOR ONLY, NO CHANGE TO OCCUPANCY, USE OR EGRESS.",20000,575,MAIN STREET,Manhattan,10044,GC,A & E BROTHERS LTD,55-07 METROPOLITAN AVE,ISLAND HOUSE TENANTS CORP.,,,Permit Issued
M01194944-I1-MS,M01194944-I1,Initial Permit,2026-09-08,2026-01-27,2026-12-31,Mechanical Systems,"MECHANICAL WORK AS PER PLANS. NO CHANGE OF USE, EGRESS OR OCCUPANCY UNDER THIS APPLICATION.",375000.08,920,5 AVENUE,Manhattan,10021,GC,"REIS EY, INC","286 MADISON AVENUE, FLOOR 21",,,,Permit Issued
M01198804-S2-PL,M01198804-S2,Initial Permit,2026-09-08,2025-11-25,2027-05-10,Standpipe,"ANNEX ESR: PLUMBING, SPRINKLER & STANDPIPE MODIFICATIONS TO ACCOMMODATE ALTERATIONS WITHIN THE EXISTING HOPITAL POWER BUILDING AS PER PLANS. NO CHANGE TO USE, EGRESS OR OCCUPANCY.",244000,523,EAST 70 STREET,Manhattan,10021,P,RIEHM PLUMBING CORP,1135 Close Avenue,NEW YORK PRESBYTERIAN HOSPITAL,,,Permit Issued
M01227820-I1-MS,M01227820-I1,Initial Permit,2026-09-08,2026-08-19,2027-03-27,General Construction,INTERIOR RENOVATION OF CELLAR FLOOR GALLERY. CONSTRUCT ONE NEW PARTITION WITHIN EXISTING CELLAR GALLERY SPACE. MODIFY/EXTEND ONE DUCT AND DIFFUSER.,65000,455,WEST 19 STREET,Manhattan,10011,GC,PM MECHANICAL GROUP CORP,91-12 189TH STREET,PR,,,Permit Issued
M01244073-S2-PMM,M01244073-S2,Initial Permit,2026-09-08,2026-09-08,2027-09-08,Protection and Mechanical Methods,"Proposed temporary installation of contractor shed/ shanty as per BC 3303.16 to be used as temporary office during construction of # M01244073-I1. No change in use, egress and/or occupancy with this application.",10000,2,EAST 61 STREET,Manhattan,10065,GC,CERINA GENERAL CONTR INC,41-08 BERRIAN BLVD,The Pierre Hotel,,,Permit Issued
M01264717-S2-EW-SP,M01264717-S2,Initial Permit,2026-09-08,2025-11-21,2027-03-21,Plumbing,"Filing herewith the plans for plumbing and sprinkler modifications as submitted. No change in egress, use, or occupancy.",106000,417,EAST 68 STREET,Manhattan,10065,F,ASHLAR MECHANICAL CORP,37-22 30TH STREET,PR,,,Permit Issued
M01268930-S1-MS,M01268930-S1,Initial Permit,2026-09-08,2026-04-13,2026-09-26,Mechanical Systems,Mechanical work as shown on plans,150000,176,BROADWAY,Manhattan,10038,GC,TCM CORPORATION,43-05 35TH STREET,"AKAM ASSOCIATES, INC.",,,Permit Issued
M01274698-S2-PL,M01274698-S2,Initial Permit,2026-09-08,2026-08-27,2026-10-02,Plumbing,Modification to existing plumbing and sprinkler system at existing tenant space,54000,1,PARK AVENUE,Manhattan,10016,P,HERTLER NADILE PLBG & HTG,78-19 MYRTLE AVE.,VORNADO REALTY TRUST,,,Permit Issued
M01279609-I1-GC,M01279609-I1,Initial Permit,2026-09-08,2026-06-02,2027-03-01,General Construction,INSTALLATION OF LU/LA LIFT FROM 1ST TO 2ND FLOOR. CONVERSION OF CELLAR AND 2ND FLOOR SPACES TO ASSEMBLY. ADDITIONAL BATHROOMS AND LU/LA LIFT. NO CHANGE TO ROOF OCCUPANCY.,280000,47,CHRYSTIE STREET,Manhattan,10002,GC,SDC CONTRACT INC,673 QUINCY STREET BSMT,THUAN TAM REALTY CORP,,,Permit Issued
M01281951-I1-PL,M01281951-I1,Initial Permit,2026-09-08,2026-06-02,2027-03-09,Plumbing,"plumbing work in units 101, 131",35006,410,RIVERSIDE DRIVE,Manhattan,10025,P,ALAFOGIANNIS PLBG & HTG,254 EAST 134TH STRETT,Trustees of Columbia University,,,Permit Issued
M01282953-Z3-SF,M01282953-Z3,Initial Permit,2026-09-08,2026-09-08,2026-12-19,Supported Scaffold,"Installation of a temporary supported scaffold, enclosure and needle beam per plan submitted. Work shall comply with 2022 building codes chapter 33. No change in use, egress and/or occupancy with this application.",0,248,EAST 62 STREET,Manhattan,10065,GC,DYNAMIC HOISTING SCAFF IN,2174 POND RD,DYNAMIC HOISTING SCAFFOLDING,,,Permit Issued
M01293024-S4-EW-SD,M01293024-S4,Initial Permit,2026-09-08,2026-06-25,2027-02-25,Standpipe,"Vertical extension of existing standpipe system related to the replacement of two existing gravity tanks on the roof. No change in use, egress, or occupancy under this application. Associated applications GC M01293024-I1, ST M01293024-S1, P",190000,151,WEST 30 STREET,Manhattan,10001,F,METFLOW FIRE CONTROL LLC,107 GEORGIA AVENUE,PR,,,Permit Issued
M01293923-I1-GC,M01293923-I1,Initial Permit,2026-09-08,2026-08-28,2027-04-20,General Construction,"Filing herewith removal and installation of interior non load bearing partitions and related finishes as per plans. No change in use, occupancy, or egress under this application.",9848830.4,375,MADISON AVENUE,Manhattan,10017,GC,JRM CONSTRUCTION MGMT LLC,"111 WEST 33RD ST, 4TH FLR","JPMorgan Chase Bank, N.A.",,,Permit Issued
M01293923-S1-MS,M01293923-S1,Initial Permit,2026-09-08,2026-08-25,2027-04-20,Mechanical Systems,"Mechanical modifications on Floors 20 through 23. No change in use, egress, or occupancy in this application.",2248645.9,375,MADISON AVENUE,Manhattan,10017,GC,JRM CONSTRUCTION MGMT LLC,"111 WEST 33RD ST, 4TH FLR","JPMorgan Chase Bank, N.A.",,,Permit Issued
M01293926-I1-GC,M01293926-I1,Initial Permit,2026-09-08,2026-08-28,2027-04-20,General Construction,"Filing herewith removal and installation of interior non load bearing partitions and related finishes as per plans. No change in use, occupancy, or egress under this application.",9819994.6,375,MADISON AVENUE,Manhattan,10017,GC,JRM CONSTRUCTION MGMT LLC,"111 WEST 33RD ST, 4TH FLR","JPMorgan Chase Bank, N.A.",,,Permit Issued
M01293926-S1-MS,M01293926-S1,Initial Permit,2026-09-08,2026-08-25,2027-04-20,Mechanical Systems,"Filing herewith mechanical/hvac installations/modifications on floors 24 through 26 as per plans. No change in use, egress, or occupancy in this application.",2257774.3,375,MADISON AVENUE,Manhattan,10017,GC,JRM CONSTRUCTION MGMT LLC,"111 WEST 33RD ST, 4TH FLR","JPMorgan Chase Bank, N.A.",,,Permit Issued
M01293931-I1-GC,M01293931-I1,Initial Permit,2026-09-08,2026-08-28,2027-04-20,General Construction,"Filing herewith removal and installation of interior non load bearing partitions and related finishes as per plans. No change in use, occupancy, or egress under this application.",9597913.5,375,MADISON AVENUE,Manhattan,10017,GC,JRM CONSTRUCTION MGMT LLC,"111 WEST 33RD ST, 4TH FLR","JPMorgan Chase Bank, N.A.",,,Permit Issued
M01293931-S1-MS,M01293931-S1,Initial Permit,2026-09-08,2026-08-12,2027-04-20,Mechanical Systems,"Filing herewith mechanical/hvac ductwork and piping for floors 27 through 29. Early scope filed in Mechanical job # M01344776-I1 with construction costs included in this filing. No change in use, egress, or occupancy in this application.",2267949.3,375,MADISON AVENUE,Manhattan,10017,GC,JRM CONSTRUCTION MGMT LLC,"111 WEST 33RD ST, 4TH FLR","JPMorgan Chase Bank, N.A.",,,Permit Issued
M01293994-S1-MS,M01293994-S1,Initial Permit,2026-09-08,2026-08-25,2027-04-20,Mechanical Systems,"Filing herewith mechanical/hvac installations/modifications on floors 39 through 41. Filing in conjunction with early-phase Mechanical #M01344783-I1 approved and permitted. No change in use, egress, or occupancy in this application.",1644183.8,375,MADISON AVENUE,Manhattan,10017,GC,JRM CONSTRUCTION MGMT LLC,"111 WEST 33RD ST, 4TH FLR","JPMorgan Chase Bank, N.A.",,,Permit Issued
M01300641-I1-GC,M01300641-I1,Initial Permit,2026-09-08,2026-04-28,2027-06-15,General Construction,CONVERSION FROM 1ST FLOOR EATING AND DRINKING ASSEMBLY TO RETAIL. NO CHANGE IN FLOOR AREA OR EGRESS.,5017,854,7 AVENUE,Manhattan,10019,GC,CONTRACTING NYC LLC,"3234 43RD STREET, APT 1",EXTELL DEVELOPMENT,,,Permit Issued
M01303956-I1-PL,M01303956-I1,Initial Permit,2026-09-08,2025-12-23,2026-12-24,Plumbing,"PLUMBING WORK TAKING PLACE ON THE 6TH FLOOR AS PER PLANS FILED HEREWITH. NO CHANGE IN USE, EGRESS, OR OCCUPANCY.",6000,60,EAST 42 STREET,Manhattan,10017,P,WILLIAM C. GERAKARIS P&H,46371 37TH AVENUE,ESRT,,,Permit Issued
M01310346-S3-EW-SP,M01310346-S3,Initial Permit,2026-09-08,2026-02-12,2026-12-31,Sprinklers,"Proposed: modification to the existing sprinkler system to include installation of 23 new sprinkler heads. No change of use, egress or occupancy.",9200,35,EAST 21 STREET,Manhattan,10010,F,PA MECHANICAL SVCS LLC,125-20 18TH AVENUE,"WC 28 REALTY, LLC",,,Permit Issued
M01317445-S6-EW-SP,M01317445-S6,Initial Permit,2026-09-08,2026-08-28,2027-05-18,Sprinklers,Filing herewith for temporary sprinkler systems in conjunction with gut renovation . Permanent Sprinkler system filed under seperate application.,33732.5,471,WASHINGTON STREET,Manhattan,10013,F,KG SPRINKLER CORP,4322 18TH AVE,Not Applicable,,,Permit Issued
M01325994-I1-BE,M01325994-I1,Initial Permit,2026-09-08,2025-12-10,2027-01-01,Boiler Equipment,"INSTALL NEW GAS FIRE BOILERS. NO CHANGE OF USE, EGRESS AND OCCUPANCY",200000,93,BOWERY,Manhattan,10002,P,P.S.I. MECHANICAL,"122-17 18 AVE,1ST FL UNIT STORE",WINDSOR HOTEL,,,Permit Issued
M01326000-I1-PL,M01326000-I1,Initial Permit,2026-09-08,2025-12-10,2027-01-01,Plumbing,"REMOVE GAS PIPING FROM THE DEMOLISHED GAS FIRE ABSORPTION CHILLERS AND PROVIDE NEW GAS PIPING TO NEW GAS FIRE BOILERS. NO CHANGE OF USE, EGRESS AND OCCUPANCY",50000,93,BOWERY,Manhattan,10002,P,P.S.I. MECHANICAL,"122-17 18 AVE,1ST FL UNIT STORE",WINDSOR HOTEL,,,Permit Issued
M01339040-S1-PL,M01339040-S1,Initial Permit,2026-09-08,2026-09-03,2027-06-29,Plumbing,FILING FOR PLUMBING WORK AS PER PLANS,51000,91,CENTRAL PARK WEST,Manhattan,10023,P,ASTORIA P & H CORP,20-57 STEINWAY STREET GRND FL,DA Project Management LLC,,,Permit Issued
M01339939-I1-FD,M01339939-I1,Initial Permit,2026-09-08,2026-03-12,2027-04-22,Full Demolition,Full demolition of existing 1-story building,300000,108,WEST 145 STREET,Manhattan,10039,GC,CROWBAR INDUSTRIES INC,5314 61ST STREET #1F,PR,,,Permit Issued
M01342129-I1-MS,M01342129-I1,Initial Permit,2026-09-08,2026-03-03,2026-12-31,Mechanical Systems,"Split AC Installation as per plans. No change to use, egress, or occupancy.",55000,185,WEST END AVENUE,Manhattan,10023,GC,DENAIR HVAC INC,8319 20TH AVE.....STE 200,FIRSTSERVICE RESIDENTIAL,,,Permit Issued
M01342331-I1-GC-CX,M01342331-I1,Initial Permit,2026-09-08,2026-07-29,2027-05-22,General Construction,"MINOR INTERIOR APT RENOV LIMITED TO KITCHENS & BATHROOMS AS PER PLANS. NO CHANGE TO EXTG APT LAYOUTS. ASSOC PL TO BE FILED LATER UNDER SEP LAA.NO CHANGE IN USE, EGRESS OR OCCUPANCY.",805000,1704,AMSTERDAM AVENUE,Manhattan,10031,GC,KINGS BAY CONSTRUCTION*,388 EAST 3RD STREET,PR,,,Permit Issued
M01349791-S2-ST,M01349791-S2,Initial Permit,2026-09-08,2026-08-21,2027-04-01,Structural,"Structural repairs to Existing PH Mezzanine and existing PH Roof framing in conjunction with the general construction filing, job No. M01349791-I1",400000,166,BANK STREET,Manhattan,10014,GC,DV CONTRACTING INC,"2 GRAMATAN AVENUE, STE. 305",RIVERBANK APARTMENTS CORP.,,,Permit Issued
M01351455-S1-PL,M01351455-S1,Initial Permit,2026-09-08,2026-08-05,2026-11-19,Plumbing,"Install, remove, replace and relocate plumbing fixtures on the 6th, 7th floor and roof. Plumbing work. No change in use, occupancy or egress.",42000,13,EAST 30 STREET,Manhattan,10016,P,PROCORE MECHANICAL CORP,649 MORGAN AVENUE SUITE 2J,EMPIRE 30 CONDO ASSOC,,,Permit Issued
M01356071-S1-PL,M01356071-S1,Initial Permit,2026-09-08,2026-07-23,2027-01-31,Plumbing,"RELOCATION OF (1) TOILET ROOM AND ADDITION OF (1) TOILET ROOM. PLUMBING SANITARY, VENT & WATER.",30000,30,WARREN STREET,Manhattan,10007,P,M&G PLUMBING AND HEATING,4749 31st Place,157 CHAMBERS RETAIL LLC,,,Permit Issued
M01360318-I1-MS,M01360318-I1,Initial Permit,2026-09-08,2026-08-10,2027-09-08,General Construction,"RMVE (2) EXSTNG 5 TON AIR COOLED SPLIT AC SYSTEMS & RPLC W/ (2) NEW 4 TON AIR COOLED SPLIT AC SYSTEMS. PRPSD WORK FOLLOWS SECTION AC 28-104.7. CODES INCLUDE 2022 BLDG & MECH CODES. ASHRAE, AND 2025 NYC ENERGY CODE. NO CHANGE IN USE EGRESS O",50000,535,PARK AVENUE,Manhattan,10065,GC,JUST DUCTLESS HVAC LLC,113 LAYTON FARM ROAD,PR,,,Permit Issued
M01360409-I1-GC,M01360409-I1,Initial Permit,2026-09-08,2026-04-16,2027-02-20,General Construction,"APPLICATION FILED FOR LL 11/87 FACADE REPAIRS AND RAILING REPLACEMENT AS PER PLANS HERE WITHIN. NO CHANGE IN USE, OCCUPANCY, OR EGRESS.",955285,1,EAST 66 STREET,Manhattan,10065,GC,TOWER SERVICES INC,3860 REVIEW AVENUE,BROWN HARRIS STEVENS,,,Permit Issued
M01361003-I1-MS,M01361003-I1,Initial Permit,2026-09-08,2026-03-06,2027-03-17,Mechanical Systems,"HEREWITH FILE TO MODIFY COMMERCIAL KITCHEN EXHAUST HOOD FOR EXISTING BAKERY CAFE AT THE 1ST FLOOR. THE ASSOCIATED DUCT-WORK TO REMAIN. NEW GAS COOKING EQ. FILED UNDER SEPARATE APPLICATION #M00893718-I1. NO CHANGE IN USE, EGRESS, AND OCCUPAN",12500,465,WEST BROADWAY,Manhattan,10012,GC,"LEE & COMPANY OF NY, INC","36-22A FRANCIS LEWIS BLVD, #201",MALE,,,Permit Issued
M01362043-I1-GC,M01362043-I1,Initial Permit,2026-09-08,2026-09-02,2027-07-01,General Construction,"GENERAL CONSTRUCTION TAKING PLACE ON 7TH FLOOR AS SHOWN ON DRAWINGS SUBMITTED HEREWITH. NO CHANGE IN USE, EGRESS, OR OCCUPANCY.",1693553.9,524,BROADWAY,Manhattan,10012,GC,"JOHN GALLIN & SON, INC","102 MADISON AVENUE, 9TH FLOOR",CANNON HILL CAPITAL PARTNERS,,,Permit Issued
M01362736-I1-GC,M01362736-I1,Initial Permit,2026-09-08,2026-04-13,2027-08-10,General Construction,"FACADE REPAIR, REPLACE PARAPET WALL, AND CRACK FILL AS PER PLAN. THERE WILL BE NO CHANGE IN THE USE, EGRESS, OR OCCUPANCY UNDER THIS APPLICATION.",15600,4,EAST 116 STREET,Manhattan,10029,GC,R&A CONSTR SERVICES INC,288 BAY 38TH STREET 1D,R&A CONSTRUCTION SERVICES INC.,,,Permit Issued
M01364446-I1-PL,M01364446-I1,Initial Permit,2026-09-08,2026-04-30,2027-07-16,Plumbing,"Modifications to the existing plumbing system on the 1st floor (ODO Restaurant LL Work) as per plans. No change to use, egress or occupancy.",86664.5,410,10 AVENUE,Manhattan,10001,P,A&H EXPRESS PLBG&HTG CORP,"6202 17TH AVENUE, 1ST FLOOR",PR,,,Permit Issued
M01366226-S2-EW-SP,M01366226-S2,Initial Permit,2026-09-08,2026-07-28,2026-09-29,Sprinklers,"Sprinkler work on 4th and 5th floor as per plans filed herewith. No change in use, egress or occupancy.",100000,660,12 AVENUE,Manhattan,10019,F,CROSSFIELD PLBG.&HTG.CORP,122-17 18TH AVENUE,N/A,,,Permit Issued
M01368082-S1-PL,M01368082-S1,Initial Permit,2026-09-08,2026-08-02,2027-04-15,Plumbing,"PLUMBING WORK ASSOCIATED WITH THE GENERAL CONSTRUCTION APPLICATION TO COMBINE APARTMENTS AT THE 3RD FLOOR AS PER TTPN #3/97. NO CHANGE TO EGRESS, USE, OR OCCUPANCY.",22500,240,EAST 19 STREET,Manhattan,10003,P,A & E PLUMBING CORP,46117 26TH AVENUE,,,,Permit Issued
M01372235-S1-PL,M01372235-S1,Initial Permit,2026-09-08,2026-06-26,2027-02-18,Plumbing,"PLUMBING WORK ASSOCIATED WITH RENOVATION OF APARTMENT 21. NO CHANGE IN USE, EGRESS OR OCCUPANCY. ALL AS PER PLANS AND APPLICATIONS.",75000,924,WEST END AVENUE,Manhattan,10025,P,NEW PHASE PLUMBING & HEAT,211 52ND STREET,Not Applicable,,,Permit Issued
M01375346-S1-PL,M01375346-S1,Initial Permit,2026-09-08,2026-06-10,2027-05-16,Plumbing,FILED HEREWITH FOR PLUMBING WORK AS PER PLANS.,31500,180,WATER STREET,Manhattan,10038,P,DEPENDABLE MECH CORP,"6202 17TH AVENUE, 1ST FLOOR","20 W 33RD ST. PROPERTY OWNER, LLC",,,Permit Issued
M01375346-S2-EW-SP,M01375346-S2,Initial Permit,2026-09-08,2026-06-10,2026-09-21,Sprinklers,FILED HEREWITH FOR SPRINKLER WORK AS PER PLANS.,191000,180,WATER STREET,Manhattan,10038,F,DEPENDABLE MECHANICAL COR,"6202 17TH AVENUE,1ST FLOOR","20 W 33RD ST. PROPERTY OWNER, LLC",,,Permit Issued
M01375482-I1-PL,M01375482-I1,Initial Permit,2026-09-08,2026-08-13,2026-12-11,Plumbing,"PLUMBING WORK IN CONJUNCTION WITH INTERIOR RENOVATIONS CONSTRUCTION# M01375162-i1.OF APT 7H AS PER PLANS FILED HEREWITH. NO CHANGE IN USE, EGRESS, OR OCCUPANCY. GENERAL",41991.52,880,5 AVENUE,Manhattan,10021,P,J&M PLUMBING OF WESTCHEST,284 E. 236TH STREET,,,,Permit Issued
M01376788-S2-MS,M01376788-S2,Initial Permit,2026-09-08,2026-09-01,2026-10-01,Mechanical Systems,"INSTALLATION OF NEW HVAC SYSTEMS, NEW ERV SYSTEM, & NEW MUA & EXHAUST FANS ALONG WITH ASSOCIATED PIPING & DUCTWORK AS PER THE DRAWINGS FILED HEREIN.",75000,133,EAST 95 STREET,Manhattan,10128,GC,MEA CONSTRUCTION INC,353 78TH ST #1A,Not Applicable,,,Permit Issued
M01377356-S4-EW-SP,M01377356-S4,Initial Permit,2026-09-08,2026-09-04,2026-12-17,Sprinklers,"Installation of 64 new sprinkler heads in proposed McDonalds Restaurant. No change in use, egress or occupancy.",121600,101,WEST 116 STREET,Manhattan,10026,F,FIREQUEST CORP,151 28TH STREET,WEBSTER ASSOCIATES,,,Permit Issued
M01378411-S3-PL,M01378411-S3,Initial Permit,2026-09-08,2026-08-10,2026-10-31,Plumbing,FILING FOR PLUMBING WORK ASSOCIATED WITH INTERIOR RENO OF AMENITY SPACE AS PER PLANS SUBMITTED HEREWITH.,25000,136,EAST 55 STREET,Manhattan,10022,P,"GREGG NY PLUMBING, INC","291 BROADWAY, SUITE 706",RUDIN,,,Permit Issued
M01378869-I1-GC-CX,M01378869-I1,Initial Permit,2026-09-08,2026-05-19,2027-02-17,General Construction,"Facade repairs as per plans. No change in egress, use, or occupancy.",224153.11,95,PARK TERRACE EAST,Manhattan,10034,GC,FUTURA BUILDERS GROUP INC,116-17 SUTPHIN BOULEVARD,ONEVESTA PROPERTY MANAGEMENT,,,Permit Issued
M01387057-S2-PL,M01387057-S2,Initial Permit,2026-09-08,2026-06-08,2026-11-02,Plumbing,INTERIOR RENOVATION IN EXISTING APARTMENT UNIT 34,6052,516,WEST 156 STREET,Manhattan,10032,P,ALL PRO PLBG & HTG INC,63-03 FOREST AVENUE,ESHCO REAL ESTATE & MANAGEMENT,,,Permit Issued
M01387553-I1-GC,M01387553-I1,Initial Permit,2026-09-08,2026-05-22,2027-03-08,General Construction,"Work includes per the filed plans remove/replace roof membrane, flashing, replace roof drains, repair/replace selected guard rails, remove/replace cracked masonry units, masonry repointing, repair spalled concrete, install brick cavity wall",2401173.6,303,WEST 66 STREET,Manhattan,10023,GC,XINOS CONSTRUCTION CORP,110-32A 15TH. AVENUE,Lincoln Guild Housing Corp.,,,Permit Issued
M01389310-S2-EW-SP,M01389310-S2,Initial Permit,2026-09-08,2026-04-29,2027-04-06,Sprinklers,"PL/SP for INSTALLATION OF NEW SUPPLY WATER AND SANITARY DRAIN PIPING AT 4TH FLOOR, TO BE CONNECTED AT THE 3RD FLOOR CEILING. INSTALLATION OF TWENTY-TWO (22) SPRINKLER HEADS AS SHOWN ON PLAN AT FOURTH FLOOR. NO CHANGE IN EGRESS OR USE OF OCC",51000,424,MADISON AVENUE,Manhattan,10017,F,EL-ROC CONTG OF BKLYN INC,"1 WEST 34TH STREET, STE 203",BLDG Management Co.,,,Permit Issued
M01390544-I1-GC,M01390544-I1,Initial Permit,2026-09-08,2026-06-12,2026-10-23,General Construction,Raised existing parapet to 3'-6 high (164' linear feet) to resolve violation 35687650N. No change to use bulk or egress,32800,139,WEST 113 STREET,Manhattan,10026,GC,CASUR MANAGEMENT & MAINT*,305 HILLSIDE AVENUE,CASUR MANAGEMENT AND MAINTENCE INC,,,Permit Issued
M01391832-S2-PL,M01391832-S2,Initial Permit,2026-09-08,2026-06-30,2026-12-31,Plumbing,"NYU-KIMMEL DECANT INTERIOR RENOVATION FIRST FLOOR - PLUMBING MODIFICATIONS AS PER PLANS FILED HEREWITH. NO CHANGE IN USE, EGRESS, OR OCCUPANCY.",3500,424,EAST 34 STREET,Manhattan,10016,P,OLYMPIC PLBG & HTG SVC IN,233-08 LINDEN BLVD,NYU LANGONE MEDICAL CENTER,,,Permit Issued
M01392196-S2-PL,M01392196-S2,Initial Permit,2026-09-08,2026-06-10,2026-12-31,Plumbing,"TISCH DECANT CELLAR FLOOR INTERIOR RENOVATION - PLUMBING MODIFICATIONS AS PER PLANS FILED HEREWITH. NO CHANGE IN USE, EGRESS, OR OCCUPANCY.",3500,562,FIRST AVENUE,Manhattan,10016,P,OLYMPIC PLBG & HTG SVC IN,233-08 LINDEN BLVD,NYU LANGONE MEDICAL CENTER,,,Permit Issued
M01392599-S2-PL,M01392599-S2,Initial Permit,2026-09-08,2026-09-02,2027-01-15,Plumbing,MADEWELL (SPACE#202/3rd Construction/2nd floor marketing) -- PLUMBING MODIFICATIONS AND INSTALLATIONS RELATED TO RETAIL RENOVATION.,37000,10,COLUMBUS CIRCLE,Manhattan,10019,P,GO GREENER PLUMBING LLC,578 SACKETT STREET,THE SHOPS AT COLUMBUS CIRCLE,,,Permit Issued
M01392599-S3-EW-SP,M01392599-S3,Initial Permit,2026-09-08,2026-09-02,2027-01-15,Sprinklers,MADEWELL (SPACE#202/ 3rd Construction/2nd floor marketing) - MODIFICATIONS TO EXISTING SPRINKLER SYSTEM IN CONJUNCTION WITH RETAIL RENOVATION.,50000,10,COLUMBUS CIRCLE,Manhattan,10019,F,GO GREENER PLUMBING LLC,578 SACKETT STREET,THE SHOPS AT COLUMBUS CIRCLE,,,Permit Issued
M01392665-I1-GC,M01392665-I1,Initial Permit,2026-09-08,2026-08-04,2027-07-26,General Construction,HEREWITH FILING ALTERATION TWO IN ORDER TO DO AN INTERIOR RENOVATION TO AN EXISTING MIXED-USE BUILDING AS PER CO# 17862(RETAIL STORE & OFFICE) TO ERECT NEW PARTITIONS TO RELOCATE PL FIXTURES AND TO OBTAIN A LETTER OF COMPLETION. NO CHANGE T,300700,922,MADISON AVENUE,Manhattan,10021,GC,ISHSHAH CONSTRUCTION CORP,70 EAST MAIN STREET SUITE103,,,,Permit Issued
M01397274-I1-GC,M01397274-I1,Initial Permit,2026-09-08,2026-05-15,2026-09-23,Structural,"FILING FOR FACADE REPAIR FOR FLOORS 001 THROUGH 012 AS PER PLANS FILED HEREWITH. NO CHANGE IN EGRESS, USE OR OCCUPANCY.",400000,491,BROADWAY,Manhattan,10012,GC,PHARAOHS RESTORATION,701 WEST 177 APT 35,PR,,,Permit Issued
M01397969-I1-GC,M01397969-I1,Initial Permit,2026-09-08,2026-06-15,2027-01-16,General Construction,"INTERIOR RENOVATION OF TENANT SPACE AS PER PLANS FILED HEREWITH. NO CHANGE IN USE, EGRESS, OR OCCUPANCY.",1587000,1261,BROADWAY,Manhattan,10001,GC,NJ MEP SOLUTIONS LLC,9 DORIS AVENUE,1255 COMPANY C/O KOEPPEL ROSEN LLC,,,Permit Issued
M01398046-I1-MS,M01398046-I1,Initial Permit,2026-09-08,2026-07-08,2027-01-16,Mechanical Systems,"INSTALLATION OF COOLING TOWER, AND HVAC UNIT INSTALLATIONS FOR TENANT SPACE AS PER PLANS FILED HEREWITH. NO CHANGE IN USE, EGRESS, OR OCCUPANCY.",750000,1261,BROADWAY,Manhattan,10001,GC,NJ MEP SOLUTIONS LLC,9 DORIS AVENUE,1255 COMPANY C/O KOEPPEL ROSEN LLC,,,Permit Issued
M01399918-S1-PL,M01399918-S1,Initial Permit,2026-09-08,2026-07-29,2026-09-30,Plumbing,"RENOVATE KITCHEN, BATHROOM, AND WASHING MACHINE. NO CHANGE OF USE, EGRESS, OR OCCUPANCY.",40000,275,GREENWICH STREET,Manhattan,10007,P,ASPECT PLBNG&HTNG CO LLC,752 EAST 137 STREET SUITE 21,HARLEM PROPERTY MANAGEMENT,,,Permit Issued
M01400811-S1-PL,M01400811-S1,Initial Permit,2026-09-08,2026-08-27,2027-04-07,Plumbing,"RENOVATION OF APARTMENT 4 IN EXISTING BUILDING AS SHOWN ON PLANS. THERE IS NO CHANGE IN USE, OCCUPANCY, OR MEANS OF EGRESS",0,359,WEST 22 STREET,Manhattan,10011,P,PLATINUM PLBG & HTG INC,4024 AVENUE U,21-23 East 7th LLC,,,Permit Issued
M01404688-I1-MS,M01404688-I1,Initial Permit,2026-09-08,2026-09-08,2026-12-15,Mechanical Systems,"Mechanical demolition to existing duct/piping and HVAC as per plans filed herewith. No change to use, egress, or occupancy",15000,4,WEST 40 STREET,Manhattan,10018,GC,"L&K PARTNERS, INC","104 EAST 25TH STREET, 9TH FL",PR,,,Permit Issued
M01406034-S1-PL,M01406034-S1,Initial Permit,2026-09-08,2026-07-30,2027-06-02,Plumbing,PROPOSED PLUMBING WORK IN CONJUNCTION WITH GENERAL CONSTRUCTION. REMOVAL OF PLUMBING FIXTURES AND INSTALLATION OF NEW PLUMBING FIXTURES.,30000,201,EAST 83 STREET,Manhattan,10028,P,"PIPELINE PLUS, LLC",63-03 FOREST AVENUE,PR,,,Permit Issued
M01406361-S1-PL,M01406361-S1,Initial Permit,2026-09-08,2026-06-22,2027-05-23,Plumbing,WATER AND SANITARY PLUMBING MODIFICATIONS AS PER PLANS.,27000,1070,PARK AVENUE,Manhattan,10128,P,OTC PLUMBING CORP,123 50TH STREET,,,,Permit Issued
M01407517-I1-GC,M01407517-I1,Initial Permit,2026-09-08,2026-05-29,2027-03-31,General Construction,THE SCOPE INCLUDES RENOVATION OF THE BASE BUILDING CHILLER PLANT TO INCLUDE THE REMOVAL OF EXISTING ABSORPTION CHILLERS AND SYSTEM COMPONENTS IN ACCORDANCE WITH DE-CARBONIZATION AND MODERNIZATION EFFORTS FOR FUTURE REPLACEMENT WITH ELECTRIC,120000,120,WEST 106 STREET,Manhattan,10025,GC,POWER COOLING INC,43-43 VERNON BOULEVARD,Not Applicable,,,Permit Issued
M01408301-S1-MS,M01408301-S1,Initial Permit,2026-09-08,2026-08-25,2026-11-17,Mechanical Systems,"SUBSEQUENT MECHANICAL WORK IN CONJUNCTION WITH TENANT FIT OUT. FILING FEES PAID UNDER THE MAIN FILING. NO CHANGE IN OCCUPANCY, EGRESS, OR USE UNDER THIS APPLICATION.",0,55,EAST 59 STREET,Manhattan,10022,GC,CARY P O'BRIEN DESIGN LLC,"100 CONGRESS STREET, APT 201",NEWMARK KNIGHT FRANK,,,Permit Issued
M01408971-S1-PL,M01408971-S1,Initial Permit,2026-09-08,2026-08-07,2027-04-07,Plumbing,CAP AND REMOVE ALL PLUMBING FIXTURES,0,127,WEST 12 STREET,Manhattan,10011,P,PLATINUM PLBG & HTG INC,4024 AVENUE U,ANBAU ENTERPRISES,,,Permit Issued
M01409841-I1-SH,M01409841-I1,Initial Permit,2026-09-08,2026-09-08,2026-12-07,Sidewalk Shed,"INSTALLATION OF 300 PSF SIDEWALK SHED OVERHEAD PROTECTION AND WINDOW PROTECTION AS PER PLANS. ALL EQUIPMENT SHALL COMPLY WITH CHAPTER #33 OF THE 2022 CODE. NO CHANGE IN USE, EGRESS OR OCCUPANCY UNDER THIS APPLICATION.",10000,163,WEST 133 STREET,Manhattan,10030,GC,MC SUPERSTRUCTURE INC,135-53 NORTHERN BLVD #2B,MC SUPERSTRUCTURE INC.,,,Permit Issued
M01409864-I1-SH,M01409864-I1,Initial Permit,2026-09-08,2026-09-08,2026-12-07,Sidewalk Shed,"INSTALLATION OF 300 PSF SIDEWALK SHED OVERHEAD PROTECTION AND WINDOW PROTECTION AS PER PLANS. ALL EQUIPMENT SHALL COMPLY WITH CHAPTER #33 OF THE 2022 CODE. NO CHANGE IN USE, EGRESS OR OCCUPANCY UNDER THIS APPLICATION.",10000,171,WEST 133 STREET,Manhattan,10030,GC,MC SUPERSTRUCTURE INC,135-53 NORTHERN BLVD #2B,MC SUPERSTRUCTURE INC.,,,Permit Issued
M01411546-S2-MS,M01411546-S2,Initial Permit,2026-09-08,2026-09-01,2027-02-11,Mechanical Systems,Mechanical work filed in conjunction with apartment 11/12A renovation.,60000,155,EAST 72 STREET,Manhattan,10021,GC,ALPHACRAFT CONSTRUCTION*,2807 34TH AVENUE,PR,,,Permit Issued
M01413085-I1-GC,M01413085-I1,Initial Permit,2026-09-08,2026-06-25,2026-10-31,General Construction,"Refurbishing in 4 units kitchen cabinets and vanities ,minor wall refurbishing ,replacing kitchen sinks and lavs on existing roughing Protect existing range and hoods in place per submitted plans",99000,501,EAST 87 STREET,Manhattan,10128,GC,NONSTOP CONSTRUCTION INC,23-68 24TH STREET,"501 East 87th, LLC",,,Permit Issued
M01414281-I1-GC,M01414281-I1,Initial Permit,2026-09-08,2026-09-01,2026-12-30,General Construction,"INTERIOR RENOVATIONS OF APARTMENTS 14A1. NO CHANGE TO USE, OCCUPANCY OR EGRESS.",427000,765,PARK AVENUE,Manhattan,10021,GC,RENO GENERAL CONSTRUCTION,34-31 200 STREET,,,,Permit Issued
M01414635-I1-GC,M01414635-I1,Initial Permit,2026-09-08,2026-08-31,2026-10-21,General Construction,INTERIOR RENOVATIONS AS INDICATED ON THE DRAWINGS.,116500,30,WEST 60 STREET,Manhattan,10023,GC,GC LAUNCHPAD LLC,1178 BROADWAY FL3 SUITE 4197,Not Applicable,,,Permit Issued
M01415708-I1-GC,M01415708-I1,Initial Permit,2026-09-08,2026-06-18,2027-02-27,General Construction,"MANSORY RESTORATION, LINTEL REPLACEMENT, SEALANT, COPING STONE REPLACEMENT AS PER PLANS FILED HEREWITH. NO CHANGE TO USE, EGRESS OR OCCUPANCY",63269.6,1225,PARK AVENUE,Manhattan,10128,GC,L & Z RESTORATION CORP,384 TROUTMAN STREET,PR,,,Permit Issued
M01416105-S2-EW-SP,M01416105-S2,Initial Permit,2026-09-08,2026-08-21,2026-09-29,Plumbing,SUBSEQUENT FILING OF INTERIOR PLUMBING & SPRINKLER WORK IN CONJUNCTION WITH DOB#M01416105-I1 (GC: INTERIOR RENOVATION OF OFFICE AT 007). WORK INCLUDES INSTALLATION/MODIFICATION OF PL FIXTURES & SPRINKLER HEADS AS PER THE PLANS HEREWITH.,103000,599,BROADWAY,Manhattan,10012,F,CROSSFIELD PLBG.&HTG.CORP,122-17 18TH AVENUE,ABC Properties,,,Permit Issued
M01417012-I1-GC,M01417012-I1,Initial Permit,2026-09-08,2026-08-13,2026-11-19,General Construction,"Interior renovation of unit 1A and 1L, Replacement Windows and Facade patching at former mechanical openings, New masonry opening for mechanical louver at courtyard",575900,1185,PARK AVENUE,Manhattan,10128,GC,JGR GROUP INC,9-19 38TH AVENUE,PR,,,Permit Issued
M01417203-S1-BE,M01417203-S1,Initial Permit,2026-09-08,2026-08-31,2026-12-04,Boiler Equipment,"INSTALL REPLACEMENT BOILER/BURNER UNIT(S) AS PER PLANS. NO CHANGE IN USE, OCCUPANCY OR EGRESS.",150000,267,MULBERRY STREET,Manhattan,10012,P,DEMAR MECHANICAL INC,147 ATTORNEY STREET,285 LAFAYETTE CONDO,,,Permit Issued
M01419802-I1-GC,M01419802-I1,Initial Permit,2026-09-08,2026-07-20,2026-11-10,General Construction,"Demo of non-load bearing partitions. Installation of new non-load bearing partition walls, millwork, & finish flooring of a commercial space. No change in use, egress or occupancy.",200000,530,PARK AVENUE,Manhattan,10065,GC,DARBY CONSTRUCTION SVC LL,630 NINTH AVENUE 911,Chromatic,,,Permit Issued
M01419802-S5-MS,M01419802-S5,Initial Permit,2026-09-08,2026-07-17,2026-11-10,Mechanical Systems,"Mechanical work for commercial space. No change in use, egress or occupancy.",30000,530,PARK AVENUE,Manhattan,10065,GC,DARBY CONSTRUCTION SVC LL,630 NINTH AVENUE 911,Chromatic,,,Permit Issued
M01422016-I1-GC,M01422016-I1,Initial Permit,2026-09-08,2026-08-08,2027-05-05,General Construction,Provide new conduit from basement to fourth floor apartment and replace glass in windows as per plans filed herewith. No change to use. egress or occupancy.,18500,3,EAST 71 STREET,Manhattan,10021,GC,BLACK SQUARE BUILDERS COR,393 VAN DUZER STREET,BROWN HARRIS STEVENS RESIDENTIAL MA,,,Permit Issued
M01422481-I1-SG,M01422481-I1,Initial Permit,2026-09-08,2026-08-04,2026-10-31,Sign,"ILLUMINATED NON-ADVERTISING DOUBLE-FACE PROJECTING ACCESSORY SIGN - LA CABRA. NO CHANGE OF USE, EGRESS OR OCCUPANCY.",600,515,WEST 18 STREET,Manhattan,10011,S,CITY SIGNS INC,1940 MCDONALD AVE,515 WEST 18TH STREET CONDOMINIUM,,,Permit Issued
M01423104-S1-PL,M01423104-S1,Initial Permit,2026-09-08,2026-07-31,2027-02-08,Plumbing,"APARTMENT INTERIOR RENOVATION. REMOVE AND INSTALL PLUMBING FIXTURES. NO CHANGE IN USE, OCCUPANCY, OR EGRESS UNDER THIS APPLICATION.",4500,166,EAST 61 STREET,Manhattan,10065,P,J.HAUSMAN PLUMBING INC,4008 BRONXWOOD AVE,,,,Permit Issued
M01424422-I1-GC,M01424422-I1,Initial Permit,2026-09-08,2026-08-11,2026-12-31,General Construction,"FILING HEREWITH TO ADDRESS WORK WITHOUT PERMIT VIOLATION #39011292H. OATH/ECB Violation Number: 039011292H - INTERIOR DEMOLITION/REMOVAL OF EXISTING PARTITIONS, CEILINGS & DOORS. NO CHANGE TO USE, EGRESS OR OCCUPANCY.",171018,827,BROADWAY,Manhattan,10003,GC,WCDNY INC,56-10 GRAND AVENUE,Not Applicable,,,Permit Issued
M01424453-I1-GC,M01424453-I1,Initial Permit,2026-09-08,2026-09-02,2027-07-01,General Construction,"2nd floor office renovation as shown on the drawings filed herewith. No change in use, egress, or occupancy.",115351,204,ELIZABETH STREET,Manhattan,10012,GC,A.W. & S. CONSTRUCTION CO,211 EAST 43RD STREET 21ST FL,304-310 W. 14 REALTY LLC,,,Permit Issued
M01424999-S1-MS,M01424999-S1,Initial Permit,2026-09-08,2026-08-27,2026-10-28,Mechanical Systems,"Modifications to existing Mechanical System for INTERIOR RENOVATION OF EXISTING 17TH FLOOR SPACES INCLUSIVE OF BAR AND LOUNGE, COMMERCIAL KITCHEN, BACK OF HOUSE SPACES, AND TOILETS ROOMS WITHIN THE GRAMERCY PARK HOTEL. No change in occupanc",500060,2,LEXINGTON AVENUE,Manhattan,10010,GC,MJM CONSTR ASSOCIATES LLC,125 BEACH 128TH STREET,MCR Hotels,,,Permit Issued
M01427347-I1-GC,M01427347-I1,Initial Permit,2026-09-08,2026-09-04,2027-06-16,General Construction,Combine Room 2 and Room 3 in to 1 unit.,13400,444,CENTRAL PARK WEST,Manhattan,10025,GC,STARCOM CONSTRUCTION CO,57 YARNELL STREET,,,,Permit Issued
M01427586-S1-GC-CX,M01427586-S1,Initial Permit,2026-09-08,2026-08-20,2026-11-05,Mechanical Systems,"Minor interior alterations, replacement of wall and floor finishes, new millwork, new duct on 1st floor replacement of HVAC units on cellar floor.",84100,123,5 AVENUE,Manhattan,10003,GC,ROCK STAR RENOVATION LLC,506 HUMBOLDT STREET,PR,,,Permit Issued
M01427678-I1-GC,M01427678-I1,Initial Permit,2026-09-08,2026-08-20,2027-02-27,General Construction,"Facade repairs, including but not limited to, brick masonry repairs, terra cotta repairs, and window replacement. No change in egress, use or occupancy.",181500,255,WEST 90 STREET,Manhattan,10024,GC,L & Z CONSULTING CORP,386 TROUTMAN STREET,BLUE WOODS MGMT. GROUP,,,Permit Issued
M01428415-I1-GC,M01428415-I1,Initial Permit,2026-09-08,2026-08-07,2027-03-24,General Construction,"Renovation of existing kitchen. Remove and install partitions, doors and finishes. NO CHANGE TO USE, EGRESS OR OCCUPANCY.",15000,200,WEST 20 STREET,Manhattan,10011,GC,"KBRNY, INC",838 6TH AVE 5TH FLOOR,,,,Permit Issued
M01430597-I1-MS,M01430597-I1,Initial Permit,2026-09-08,2026-08-25,2026-11-04,Mechanical Systems,"Propose to install new HVAC units. No change in use, egress or occupancy.",419000,20,WEST 22 STREET,Manhattan,10010,GC,BREFFNI MECHANICAL INC,640 SAW MILL RIVER ROAD,PR,,,Permit Issued
M01430686-I1-EW-SP,M01430686-I1,Initial Permit,2026-09-08,2026-09-01,2026-11-10,Sprinklers,"AT 8TH FLOOR PUBLIC CORRIDOR AND RESTROOMS, REMOVAL AND INSTALLATION OF SPRINKLER HEADS AND RELATED PIPING AS PER PLANS FILED HEREWITH. NO CHANGE TO USE, OCCUPANCY, OR EGRESS.",12000,99,PARK AVENUE,Manhattan,10016,F,SEAN COAKLEY P & H INC,721 EAST 136TH STREET,99 PARK AVENUE ASSOCIATES LP,,,Permit Issued
M01430930-I1-PMM,M01430930-I1,Initial Permit,2026-09-08,2026-09-08,2026-11-09,Protection and Mechanical Methods,"Installation of temporary Site Specific Engineered Enclosure System per plan submitted. Work shall comply with 2022 building codes chapter 33. No change in use, egress and/or occupancy with this application.",7500,1790,BROADWAY,Manhattan,10019,GC,VEMA GROUP LLC,38-68 11TH STREET,1790 BROADWAY ASSOCIATES LLC,,,Permit Issued
M01431491-S3-EW-SP,M01431491-S3,Initial Permit,2026-09-08,2026-09-03,2026-10-02,Sprinklers,"Sprinkler modifications taking place on the 11th floor as per plans filed herewith. No change in use, egress or occupancy",33501.64,1330,AVENUE OF THE AMERICAS,Manhattan,10019,F,"NULINE MCHNCL SRVCS, LLC",45 WEST 34TH ST. STE906,1330 AOA Management LLC,,,Permit Issued
M01431742-S2-MS,M01431742-S2,Initial Permit,2026-09-08,2026-08-19,2027-01-14,Mechanical Systems,FILED HEREWITH FOR MECHANICAL WORK AS PER PLANS.,60000,149,GRAND STREET,Manhattan,10013,GC,DJA SAFETY LLC,631 WALL ST,Levanto LLC,,,Permit Issued
M01433326-I1-GC,M01433326-I1,Initial Permit,2026-09-08,2026-09-04,2027-06-30,General Construction,"Architectural modifications taking place on the 10th floor as per plans filed herewith. No change in use, egress or occupancy.",3499965,315,PARK AVENUE SOUTH,Manhattan,10010,GC,ICON INTERIORS INC,307 SEVENTH AVENUE,COLUMBIA PROPERTY TRUST,,,Permit Issued
M01433337-I1-MS,M01433337-I1,Initial Permit,2026-09-08,2026-08-27,2027-06-30,Mechanical Systems,"Mechanical modifications taking place on the 10th floor as per plans filed herewith. No change in use, egress or occupancy.",665000,315,PARK AVENUE SOUTH,Manhattan,10010,GC,ICON INTERIORS INC,307 SEVENTH AVENUE,COLUMBIA PROPERTY TRUST,,,Permit Issued
M01434110-I1-GC,M01434110-I1,Initial Permit,2026-09-08,2026-09-03,2027-01-01,General Construction,"Kurt Geiger-- General construction inclusive of partitions modifications for retail store remodel as per plans filed. No change to use, egress, or occupancy.",221976,107,SPRING STREET,Manhattan,10012,GC,PRINCIPAL BUILDERS SOLUTI,338 JERICHO TURNPIKE # 327,PR,,,Permit Issued
M01434633-S1-MS,M01434633-S1,Initial Permit,2026-09-08,2026-09-03,2027-01-01,Mechanical Systems,MJFF -- MECHANICAL MODIFICATIONS AND INSTALLATIONS IN CONJUNCTION WITH OFFICE BUILDOUT.,1792618,530,5 AVENUE,Manhattan,10036,GC,UNITY CONSTRUCTION GROUP,180 VARICK STREET SUITE 418,Not Applicable,,,Permit Issued
M01434633-S4-ST,M01434633-S4,Initial Permit,2026-09-08,2026-09-03,2027-01-01,Structural,"MJFF -- STRUCTURAL WORK FOR NEW SLAB OPENING, NEW ACCESS STAIR, AND OPERABLE PARTITION SUPPORT AS PER PLANS FILED. NO CHANGE TO USE, EGRESS, OR OCCUPANCY.",161580,530,5 AVENUE,Manhattan,10036,GC,UNITY CONSTRUCTION GROUP,180 VARICK STREET SUITE 418,Not Applicable,,,Permit Issued
M01435493-I1-SC,M01435493-I1,Initial Permit,2026-09-08,2026-08-07,2027-01-06,Suspended Scaffold,installation of outrigger for facade repair.,0,413,8 AVENUE,Manhattan,10001,R,DOSANJH CONSTRUCTION CORP,119-22 94TH AVENUE,,,,Permit Issued
M01436314-I1-GC,M01436314-I1,Initial Permit,2026-09-08,2026-08-25,2026-09-22,General Construction,"INTERIOR RENOVATION OF EXISTING COMMERCIAL SPACE FOR TENANT EMBER CELLAR STORAGE AND 1ST FLOOR STORE. CONSTRUCTION OF INTERIOR NON-LOAD BEARING PARTITIONS, FINISHES AND LIGHTING. NO CHANGE TO USE, EGRESS OR OCCUPANCY.",416000,244,EAST 86 STREET,Manhattan,10028,GC,BLUEBERRY BUILDERS LLC,"299 BROADWAY, SUITE 1320","SHORE ASSETS, INC.",,,Permit Issued
M01437205-I1-SH,M01437205-I1,Initial Permit,2026-09-08,2026-08-10,2026-12-07,Sidewalk Shed,"INSTALLATION OF TEMPORARY HEAVY DUTY SIDEWALK SHED AS PER PLANS. NO CHANGE IN USE, EGRESS OR OCCUPANCY. SIDEWALK SHED SHALL COMPLY WITH CHAPTER #33 OF 2022 THE NYC BUILDING CODE. LIVE LOAD 300PSF.",1000,220,WEST 107 STREET,Manhattan,10025,GC,ANDAMIO SCAFFOLDING LLC,20 BURLING LANE (BOX 4-1),HF Management,,,Permit Issued
M01438124-S1-MS,M01438124-S1,Initial Permit,2026-09-08,2026-08-27,2027-07-01,Mechanical Systems,"MECHANICAL MODIFICATIONS TAKING PLACE ON THE 18TH FLOOR (19TH FLOOR MARKETING) AS PER DRAWINGS FILED HEREWITH. NO CHANGE IN USE, EGRESS OR OCCUPANCY.",28158,1180,AVENUE OF THE AMERICAS,Manhattan,10036,GC,"JOHN GALLIN & SON, INC","102 MADISON AVENUE, 9TH FLOOR",CANNON HILL CAPITAL PARTNERS,,,Permit Issued
M01439389-I1-SG,M01439389-I1,Initial Permit,2026-09-08,2026-09-01,2026-09-21,Sign,"NON-ILLUMINATED NON-ADVERTISING ACCESSORY WALL SIGN - CASA 545 ITALIAN BAKERY CO. NO CHANGE OF USE, EGRESS OR OCCUPANCY.",2300,545,9 AVENUE,Manhattan,10018,S,NEPTUNE SIGNS&AWNINGS INC,2260 HOLLERS AVENUE,CLINTON HOUSING DEVELOPMENT COMPANY,,,Permit Issued
M01439881-I1-ST,M01439881-I1,Initial Permit,2026-09-08,2026-08-17,2026-11-29,Structural,"STRUCTURAL WORK REQUIRED TO LEVEL NEW SLAB WITH EXISTING AND INSTALL NEW STEPS. NO CHANGE TO USE, EGRESS, OR OCCUPANCY.",37000,100,MAIDEN LANE,Manhattan,10038,GC,NATIONAL COMMERCIAL BUILD,41951 REMINGTON AVENUE #230,PR,,,Permit Issued
M01440231-S4-EW-SP,M01440231-S4,Initial Permit,2026-09-08,2026-08-21,2026-09-21,Plumbing,Plumbing and Sprinkler work for office renovation.,122000,444,MADISON AVENUE,Manhattan,10017,F,DEPENDABLE MECHANICAL COR,"6202 17TH AVENUE,1ST FLOOR",Summit Properties LLC,,,Permit Issued
M01440231-S4-PL,M01440231-S4,Initial Permit,2026-09-08,2026-08-21,2027-05-16,Sprinklers,Plumbing and Sprinkler work for office renovation.,122000,444,MADISON AVENUE,Manhattan,10017,P,DEPENDABLE MECH CORP,"6202 17TH AVENUE, 1ST FLOOR",Summit Properties LLC,,,Permit Issued
M01441070-I1-GC,M01441070-I1,Initial Permit,2026-09-08,2026-08-27,2027-03-29,General Construction,"General Construction to take place on 18th floor per drawings filed herewith. No change in use, egress, or occupancy,",176450,155,EAST 44 STREET,Manhattan,10017,GC,PHASE 3 INTERIORS LLC,1201 BROADWAY SUITE 708,MARX REALTY,,,Permit Issued
M01441255-I1-SG,M01441255-I1,Initial Permit,2026-09-08,2026-09-04,2026-11-18,Sign,INSTALL EXTERIOR ILLUMINATED SIGN ON THE CANOPY ( NYU LANGONE HEALTH),1050,1980,BROADWAY,Manhattan,10023,S,FIVE TOWN NEON SIGN CO IN,136 WEST 83RD STREET,PR,,,Permit Issued
M01441295-I1-SG,M01441295-I1,Initial Permit,2026-09-08,2026-09-04,2026-11-18,Sign,INSTALL EXTERIOR ILLUMINATED SIGN ON THE CANOPY ( NYU LANGONE HEALTH),1050,1980,BROADWAY,Manhattan,10023,S,FIVE TOWN NEON SIGN CO IN,136 WEST 83RD STREET,PR,,,Permit Issued
M01441690-I1-PMM,M01441690-I1,Initial Permit,2026-09-08,2026-09-08,2026-11-16,Protection and Mechanical Methods,"INSTALLATION OF TEMPORARY PERSONNEL MATERIAL HOIST AS PER PLANS. NO CHANGE IN USE, EGRESS OR OCCUPANCY.",6000,317,BROADWAY,Manhattan,10007,GC,CORE SCAFFOLD SYSTEMS INC,417 MYRTLE AVE SUITE 14,OWNERS REP,,,Permit Issued
M01442231-I1-GC,M01442231-I1,Initial Permit,2026-09-08,2026-09-04,2026-12-31,General Construction,"INTERIOR RENOVATION, NON-BEARING PARTITIONS, FLOORING, CEILINGS AS PER PLANS. NO CHANGE IN USE, OCCUPANCY OR EGRESS",185400,441,9 AVENUE,Manhattan,10001,GC,"STRUCTURE TONE, LLC",330 WEST 34TH STREET,PR,,,Permit Issued
M01442989-S3-EW-SP,M01442989-S3,Initial Permit,2026-09-08,2026-08-26,2026-12-09,Sprinklers,"SPRINKLER WORK AS PER THE PLANS FILED HEREWITH. NO CHANGE TO USE, EGRESS OR OCCUPANCY.",76800,40,WEST 57 STREET,Manhattan,10019,F,DENKO MECHANICAL INC,461 WEST 261 STREET,LEFRAK,,,Permit Issued
M01443089-I1-FN,M01443089-I1,Initial Permit,2026-09-08,2026-09-08,2027-04-01,Construction Fence,"INSTALLATION OF PIPE SCAFFOLD, HEAVY DUTY SIDEWALK SHED, & PLYWOOD FENCE ENCLOSURE AS PER PLANS. TEMPORARY EQUIPMENT SHALL COMPLY WITH CHAPTER #33 OF THE 2022 CODE. NO CHANGE IN USE, EGRESS OR OCCUPANCY UNDER THIS APPLICATION.",65000,1212,6 AVENUE,Manhattan,10036,GC,ARSENAL SCAFFOLD INC,95 JERSEY STREET,5TH MIDTOWN LLC,,,Permit Issued
M01443089-I1-SF,M01443089-I1,Initial Permit,2026-09-08,2026-09-08,2027-04-01,Supported Scaffold,"INSTALLATION OF PIPE SCAFFOLD, HEAVY DUTY SIDEWALK SHED, & PLYWOOD FENCE ENCLOSURE AS PER PLANS. TEMPORARY EQUIPMENT SHALL COMPLY WITH CHAPTER #33 OF THE 2022 CODE. NO CHANGE IN USE, EGRESS OR OCCUPANCY UNDER THIS APPLICATION.",65000,1212,6 AVENUE,Manhattan,10036,GC,ARSENAL SCAFFOLD INC,95 JERSEY STREET,5TH MIDTOWN LLC,,,Permit Issued
M01443089-I1-SH,M01443089-I1,Initial Permit,2026-09-08,2026-09-08,2026-12-07,Supported Scaffold,"INSTALLATION OF PIPE SCAFFOLD, HEAVY DUTY SIDEWALK SHED, & PLYWOOD FENCE ENCLOSURE AS PER PLANS. TEMPORARY EQUIPMENT SHALL COMPLY WITH CHAPTER #33 OF THE 2022 CODE. NO CHANGE IN USE, EGRESS OR OCCUPANCY UNDER THIS APPLICATION.",65000,1212,6 AVENUE,Manhattan,10036,GC,ARSENAL SCAFFOLD INC,95 JERSEY STREET,5TH MIDTOWN LLC,,,Permit Issued
M01443968-I1-PL,M01443968-I1,Initial Permit,2026-09-08,2026-08-20,2027-03-24,Plumbing,HEREWITH FILING FOR PLUMBING FIXTURE MODIFICATIONS IN UNIT 8G AS PER PLANS. NO CHANGE TO USE OCCUPANCY OR EGRESS.,20000,360,EAST 65 STREET,Manhattan,10065,P,VMC PLUMBING & HEATING IN,680 RICHMOND ROAD,STONEHENGE MANAGEMENT LLC,,,Permit Issued
M01444004-I1-GC,M01444004-I1,Initial Permit,2026-09-08,2026-08-20,2027-01-02,General Construction,"PROPOSED INTERIOR RENOVATION APT UNIT #5R .NO CHANGE TO USE, EGRESS OR OCCUPANCY.",56000,192,6 AVENUE,Manhattan,10013,GC,HARROW NY INC,50-20 38TH STREET,PR,,,Permit Issued
M01444167-S2-EW-SP,M01444167-S2,Initial Permit,2026-09-08,2026-08-21,2026-09-21,Plumbing,Plumbing and Sprinkler work for office rebuild,25000,444,MADISON AVENUE,Manhattan,10017,F,DEPENDABLE MECHANICAL COR,"6202 17TH AVENUE,1ST FLOOR",Summit Properties LLC,,,Permit Issued
M01444167-S2-PL,M01444167-S2,Initial Permit,2026-09-08,2026-08-21,2027-05-16,Plumbing,Plumbing and Sprinkler work for office rebuild,25000,444,MADISON AVENUE,Manhattan,10017,P,DEPENDABLE MECH CORP,"6202 17TH AVENUE, 1ST FLOOR",Summit Properties LLC,,,Permit Issued
M01444367-I1-SC,M01444367-I1,Initial Permit,2026-09-08,2026-09-08,2027-02-28,Suspended Scaffold,Suspended Scaffold for Facade Restoration as Shown on Plans,0,1186,BROADWAY,Manhattan,10001,R,4 STAR CONTRACTING INC,555 LONGFELLOW AVENUE,88 MADISON FEE OWNER LLC,,,Permit Issued
M01444600-S4-FN,M01444600-S4,Initial Permit,2026-09-08,2026-09-08,2027-01-10,Construction Fence,"INSTALL TEMPORARY CONSTRUCTION FENCE, SIDEWALK SHED AND SUPPORTED SCAFFOLD FOR A NEW SINGLE-FAMILY TOWNHOUSE AT 110 WEST 88TH STREET, AS SHOWN ON PLANS. NO CHANGE IN USE, EGRESS OR OCCUPANCY.",0,110,WEST 88 STREET,Manhattan,10024,GC,FORTRESS FORCE CONST. COR,4018 BELLBLVD. SUITE 3N,110 WEST 88 ST LLC,,,Permit Issued
M01444600-S4-SF,M01444600-S4,Initial Permit,2026-09-08,2026-09-08,2027-01-10,Construction Fence,"INSTALL TEMPORARY CONSTRUCTION FENCE, SIDEWALK SHED AND SUPPORTED SCAFFOLD FOR A NEW SINGLE-FAMILY TOWNHOUSE AT 110 WEST 88TH STREET, AS SHOWN ON PLANS. NO CHANGE IN USE, EGRESS OR OCCUPANCY.",0,110,WEST 88 STREET,Manhattan,10024,GC,FORTRESS FORCE CONST. COR,4018 BELLBLVD. SUITE 3N,110 WEST 88 ST LLC,,,Permit Issued
M01444877-I1-GC,M01444877-I1,Initial Permit,2026-09-08,2026-09-04,2026-12-31,General Construction,"Removal of interior partitions, doors and ceiling as shown on drawings. No change in use, egress or occupancy.",73000,767,5 AVENUE,Manhattan,10153,GC,"STRUCTURE TONE, LLC",330 WEST 34TH STREET,BOSTON PROPERTIES,,,Permit Issued
M01445373-I1-SC,M01445373-I1,Initial Permit,2026-09-08,2026-09-08,2027-04-01,Suspended Scaffold,Facade Inspection via Industrial Rope Access as shown on plans,0,151,WEST 54 STREET,Manhattan,10019,R,"M & L SIGNS, INC",203 INGRAHAM STREET,The Luxury Collection Hotel Manhatt,,,Permit Issued
M01445762-I1-SG,M01445762-I1,Initial Permit,2026-09-08,2026-08-21,2026-10-31,Sign,Installation of 410 sf of window decal on west windows.,5000,260,WEST 40 STREET,Manhattan,10018,S,"PAUL SIGNS, INC",654 4TH AVENUE,AC HOTEL TIMES SQUARE,,,Permit Issued
M01445939-I1-GC,M01445939-I1,Initial Permit,2026-09-08,2026-08-20,2026-09-14,General Construction,interior renovation of existing commercial space on the 3rd Floor. architectural/ Construction,273000,39,WEST 37 STREET,Manhattan,10018,GC,CAPITOL CONTRACTING LLC,229 BEACH 119TH STREET,PR,,,Permit Issued
M01445946-I1-GC,M01445946-I1,Initial Permit,2026-09-08,2026-09-01,2026-10-01,General Construction,"General construction for interior renovation of Apartment 12B on the 13th floor as shown on drawings filed herewith. No change in use, egress or occupancy.",77674.85,440,EAST 23 STREET,Manhattan,10010,GC,SUPER G CONSTRUCTION CORP,"420-C EAST 111TH STREET,GR FL",BPP PCV OWNER LLC,,,Permit Issued
M01446125-S1-PL,M01446125-S1,Initial Permit,2026-09-08,2026-08-26,2027-05-10,Plumbing,"PROPOSED REPLACE PLUMBING FIXTURES ON 3RD FLOOR APT. #3C. NO CHANGE IN USE, EGRESS OR OCCUPANCY.",12800,234,EAST 78 STREET,Manhattan,10075,P,CATMAN PLUMBING INC,20-11 COLLEGE POINT BLVD,PR,,,Permit Issued
M01446349-I1-SG,M01446349-I1,Initial Permit,2026-09-08,2026-08-31,2026-11-27,Sign,"Propose new illuminated, non-flashing, business accessory signage for existing partial 1st floor commercial space as per plan. No change in use, egress, or occupancy",3000,194,GRAND STREET,Manhattan,10013,S,LONG SHOT CRANE LLC,1109 METROPOLITAN AVE,Not Applicable,,,Permit Issued
M01446552-I1-SC,M01446552-I1,Initial Permit,2026-09-08,2026-09-03,2027-03-30,Suspended Scaffold,"SUSPENDED SCAFFOLD OUTRIGGER SYSTEM AT 50 EAST 96TH STREET, MANHATTAN, FOR FACADE RESTORATION WORK.",0,50,EAST 96 STREET,Manhattan,10128,R,RAJPUT RESTORATION INC,34-18 NORTHERN BLVD,RAJPUT RESTORATION INC,,,Permit Issued
M01447473-I1-GC,M01447473-I1,Initial Permit,2026-09-08,2026-08-28,2027-03-03,General Construction,SCOPE OF WORK ENTAILS THE CONSTRUCTION OF TEMPORARY STRUCTURES IN ASSOCIATION WITH TPA#,12835,711,GREENWICH STREET,Manhattan,10014,GC,MONACO GROUP USA INC,411 EAST 57TH STREET.STE 101,Article Ninth Trust,,,Permit Issued
M01447742-I1-GC,M01447742-I1,Initial Permit,2026-09-08,2026-09-01,2026-12-15,General Construction,Executive Suite - cosmetic renovation on partial 1st floor as per plans.,164494,525,EAST 68 STREET,Manhattan,10065,GC,H.M. HUGHES CO. INC,323 EAST 65TH STREET,NEW YORK PRESBYTERIAN HOSPITAL,,,Permit Issued
M01447879-I1-SC,M01447879-I1,Initial Permit,2026-09-08,2026-09-04,2026-12-09,Suspended Scaffold,Installation of suspended scaffold for facade work or inspection.,0,107,WEST 109 STREET,Manhattan,10025,R,LAWRENCE EXTERIOR REST CO,150-44 11TH AVENUE,PR,,,Permit Issued
M01448459-I1-SC,M01448459-I1,Initial Permit,2026-09-08,2026-09-08,2026-12-31,Suspended Scaffold,MATERIAL HOIST. FOR MATERIAL ONLY. NO WORK FROM HOIST.,0,245,EAST 80 STREET,Manhattan,10075,R,"ROSENWACH TANK CO.,LLC",40-25 CRESCENT STREET,A&amp;E REAL ESTATE,,,Permit Issued
M01449476-I1-GC,M01449476-I1,Initial Permit,2026-09-08,2026-09-01,2027-06-20,General Construction,"Interior renovation of existing commercial lobby including removal and replacement of millwork and finishes. No change to use, egress, or occupancy.",759512,30,WALL STREET,Manhattan,10005,GC,AMA DESIGN BUILD LLC,"825 EIGHTH AVENUE,18TH FL",PR,,,Permit Issued
M01450197-I1-GC,M01450197-I1,Initial Permit,2026-09-08,2026-09-03,2026-11-17,General Construction,"HEREWITH FILING FOR INTERIOR RENOVATIONS OF UNIT 16C AS PER PLANS.NO CHANGE TO USE, EGRESS OR OCCUPANCY.",40000,235,WEST 48 STREET,Manhattan,10036,GC,MAGNUS GS INC,37-19 55TH STREET,STONEHENGE MANAGEMENT LLC,,,Permit Issued
M01450585-I1-GC,M01450585-I1,Initial Permit,2026-09-08,2026-08-28,2026-10-31,General Construction,"Hereby filing Demolition and reconstruction of existing building core bathrooms as shown on plans filed herewith. No change in use, egress, or occupancy.",364080,200,PARK AVENUE,Manhattan,10017,GC,COYLE CONTRACTING CORP,11 WEST 42ND STREET,Not Applicable,,,Permit Issued
M01450585-S1-MS,M01450585-S1,Initial Permit,2026-09-08,2026-08-31,2026-10-31,Mechanical Systems,"Hereby filing to remove and install diffusers and exhaust ductwork for bathroom renovation as shown on plans filed herewith. NO change to use, occupancy or egress.",66945,200,PARK AVENUE,Manhattan,10017,GC,COYLE CONTRACTING CORP,11 WEST 42ND STREET,Not Applicable,,,Permit Issued
M01450681-I1-SH,M01450681-I1,Initial Permit,2026-09-08,2026-09-08,2026-12-07,Sidewalk Shed,INSTALLATION OF HEAVY-DUTY SIDEWALK SHED FOR EXTERIOR FACADE REPAIRS AS PER PLANS. NO CHANGE IN USE OCCUPANCY OR EGRESS UNDER THIS APPLICATION. SIDEWALK SHED SHALL COMPLY WITH CHAPTER 33 OF THE 2022 NYC BUILDING CODE.,17000,337,WEST 76 STREET,Manhattan,10023,GC,SAFECO GROUP CORP,950 STEWART AVENUE,DAFFODIL GENERAL CONTRACTING INC,,,Permit Issued
M01450691-I1-SF,M01450691-I1,Initial Permit,2026-09-08,2026-09-08,2027-08-13,Supported Scaffold,"INSTALLATION OF TEMPORARY PIPE SCAFFOLD FOR EXTERIOR REPAIRS AS PER DRAWINGS. SCAFFOLD SHALL COMPLY WITH CH #33 OF THE 2022 NYC BUILDING CODE. NO CHANGE IN USE, OCCUPANCY OR EGRESS UNDER THIS APPLICATION.SIDEWALK SHED FILED ON A SEPARATE AP",17000,337,WEST 76 STREET,Manhattan,10023,GC,SAFECO GROUP CORP,950 STEWART AVENUE,DAFFODIL GENERAL CONTRACTING INC,,,Permit Issued
M01450885-I1-SH,M01450885-I1,Initial Permit,2026-09-08,2026-09-08,2026-10-27,Sidewalk Shed,"CONSTRUCTION EQUIPMENT- SIDEWALK- SHED PROPOSED INSTALLATION OF HEAVY-DUTY SIDEWALK SHED. NO CHANGE IN USE OCCUPANCY OR EGRESS UNDER THIS APPLICATION, LIVE LOAD 300 # PER SQUARE FEET. SIDEWALK SHED SHALL COMPLY WITH CHAPTER #33 OF THE 2022 ",15000,4,EAST 1 STREET,Manhattan,10003,GC,BAY RESTORATION CORP,32-47 62 STREET,BAY RESTORATION CORP,,,Permit Issued
M01450920-I1-SF,M01450920-I1,Initial Permit,2026-09-08,2026-09-08,2027-04-01,Supported Scaffold,"INSTALLATION OF TEMPORARY SCAFFOLD STAIR TOWER # 1 (FLOORS: 001 & 002) AS PER PLANS IN CONJUNCTION WITH NB CONSTRUCTION. NO CHANGE IN USE, EGRESS OR OCCUPANCY. SCAFFOLD STAIR TOWER SHALL COMPLY WITH CHAPTER 33 OF NYC BUILDING CODE OF 2022.",10000,343,MADISON AVENUE,Manhattan,10017,GC,STARR INDUSTRIES LLC,379 FIFTH AVENUE 4TH FLOOR,BXP,,,Permit Issued
M01450984-S1-SH,M01450984-S1,Initial Permit,2026-09-08,2026-09-08,2026-12-07,Sidewalk Shed,"Installation of temporary sidewalk shed per plan submitted. Work shall comply with 2022 building codes chapter 33. No change in use, egress and/or occupancy with this application.",1,2130,BROADWAY,Manhattan,10023,GC,CS BRIDGE CORP,1470 BRUCKNER BLVD,"BEACWAY OPERATING, LLC.",,,Permit Issued
M01451344-I1-GC,M01451344-I1,Initial Permit,2026-09-08,2026-09-02,2027-01-11,General Construction,"RENOVATION OF EXISTING OFFICE SPACE 901. INSTALL PARTITIONS, WALL AND FLOOR FINISHES. NO CHANGE OF USE, EGRESS, OR OCCUPANCY.",42500,30,EAST 60 STREET,Manhattan,10022,GC,LEO STYLE CORPORATION,3081 14TH STREET,NY PARK N SALEM INC,,,Permit Issued
M01451344-S2-MS,M01451344-S2,Initial Permit,2026-09-08,2026-09-01,2027-01-11,Mechanical Systems,Mechanical Work for the 9th floor Unit 901,42500,30,EAST 60 STREET,Manhattan,10022,GC,LEO STYLE CORPORATION,3081 14TH STREET,NY PARK N SALEM INC,,,Permit Issued
M01451987-I1-GC,M01451987-I1,Initial Permit,2026-09-08,2026-09-03,2027-05-26,General Construction,"INTERIOR RENOVATION OF APRTMENT 4F AS PER PLAN. NO CHANG IN USE, EGRESS OR OCCUPANCY.",12600,141,EAST 55 STREET,Manhattan,10022,GC,XUXU CONSTRUCTION INC,4208 BOWNE ST NUM S1,HUAN DESIGN INC,,,Permit Issued
M01452060-S1-PL,M01452060-S1,Initial Permit,2026-09-08,2026-09-01,2026-11-13,Plumbing,HEREWITH FILING PLUMBING WORK TO INSTALL TWO LAV. SINKS AND 5 HEAD SPA BEDS FOR HEAD SPA USE AT 5TH FLOOR. C OF O IS NOT REQUIRED TO AMEND AS PER BB 2025-002.,0,474,7 AVENUE,Manhattan,10018,P,LG ELITE PLUMBING INC,103-02 ROCKAWAY BLVD,NYL JH LLC,,,Permit Issued
M01452224-I1-PL,M01452224-I1,Initial Permit,2026-09-08,2026-09-03,2027-02-03,Plumbing,"Replace fire suppression valve at existing restaurant. No change in use, egress and occupancy.",2000,225,PARK ROW,Manhattan,10038,P,"WATSON'S PLBG, HTG, & BDG",855 ST. NICHOLAS AVENUE,"AKAM ASSOCIATES, INC.",,,Permit Issued
M01452290-I1-GC,M01452290-I1,Initial Permit,2026-09-08,2026-08-31,2027-05-03,General Construction,1.REPAIR THE EXISTING BROWNSTONE AT FRONT FACADE=10SF2.REPAIR THE EXISTING STOOPSAND STAIRS AT FRONT =5SF,20000,108,WEST 75 STREET,Manhattan,10023,GC,B & D CONSTRUCTION SA INC,1234 36TH STREET,N/A,,,Permit Issued
M01452590-I1-SF,M01452590-I1,Initial Permit,2026-09-08,2026-09-08,2027-04-01,Supported Scaffold,"INSTALLATION OF TEMPORARY SCAFFOLD STAIR TOWER # 2 (FLOORS: 002 THRU 005) AS PER PLANS IN CONJUNCTION WITH NB CONSTRUCTION. NO CHANGE IN USE, EGRESS OR OCCUPANCY. SCAFFOLD STAIR TOWER SHALL COMPLY WITH CHAPTER 33 OF 2022 NYC BUILDING CODE.",10000,343,MADISON AVENUE,Manhattan,10017,GC,STARR INDUSTRIES LLC,379 FIFTH AVENUE 4TH FLOOR,BXP,,,Permit Issued
M01452625-I1-GC,M01452625-I1,Initial Permit,2026-09-08,2026-09-03,2027-03-02,General Construction,"INTERIOR WORK CONSISTING OF PATCHING AND REPAIRING THROUGHOUT AS PER PLANS. NO CHANGE TO USE, EGRESS, AND/OR OCCUPANCY",75000,247,WEST 136 STREET,Manhattan,10030,GC,BLUSTONE CONTRACTING LLC,65 TAAFFE PLACE 2ND FLOOR,Not Applicable,,,Permit Issued
M01452833-I1-GC,M01452833-I1,Initial Permit,2026-09-08,2026-09-03,2027-03-18,General Construction,MORTAR RE-POINTING AS SHOWN ON PLANS.,60000,1774,LEXINGTON AVENUE,Manhattan,10029,GC,ECO WORLD CONSTRUCTION CO,4 MCKINLEY AVE,ECO WORLD CONSTRUCTION CO,,,Permit Issued
M01452866-I1-GC,M01452866-I1,Initial Permit,2026-09-08,2026-09-04,2026-11-18,General Construction,"INTERIOR RENOVATION OF APARTMENT 3CD ON THE THIRD FLOOR. NO CHANGE TO USE, EGRESS, OR OCCUPANCY.",88200,222,EAST 71 STREET,Manhattan,10021,GC,ASA BUILDING MAINT INC,235 EAST 123RD ST,,,,Permit Issued
M01453770-I1-FN,M01453770-I1,Initial Permit,2026-09-08,2026-09-08,2027-04-01,Construction Fence,"Installation of temporary construction fence per plan submitted. Work shall comply with 2022 building codes chapter 33. No change in use, egress and/or occupancy with this application.",1,15,EAST 88 STREET,Manhattan,10128,GC,CS BRIDGE CORP,1470 BRUCKNER BLVD,SAINT DAVID'S SCHOOL,,,Permit Issued
M01453919-I1-SH,M01453919-I1,Initial Permit,2026-09-08,2026-09-08,2026-12-07,Sidewalk Shed,"INSTALLATION OF TEMPORARY HEAVY DUTY SIDEWALK SHED AS PER PLANS. NO CHANGE IN USE, EGRESS OR OCCUPANCY. SIDEWALK SHED SHALL COMPLY WITH CHAPTER #33 OF 2022 THE NYC BUILDING CODE. LIVE LOAD 300PSF.",1000,343,WEST 71 STREET,Manhattan,10023,GC,J & G CONSTRUCTION SVCS,125-05 101ST AVENUE,J & G CONSTRUCTION SRVCS,,,Permit Issued
M01453921-I1-SF,M01453921-I1,Initial Permit,2026-09-08,2026-09-08,2026-12-22,Supported Scaffold,"PROPOSED INSTALLATION OF TEMPORARY PIPE SCAFFOLD AS PER PLANS. WORK SHALL COMPLY WITH CHAPTER #33 OF 2022 THE NYC BUILDING CODE. NO CHANGE IN USE, OCCUPANCY, OR EGRESS UNDER THIS APPLICATION.",1000,343,WEST 71 STREET,Manhattan,10023,GC,J & G CONSTRUCTION SVCS,125-05 101ST AVENUE,J & G CONSTRUCTION SRVCS,,,Permit Issued
M01454148-I1-GC,M01454148-I1,Initial Permit,2026-09-08,2026-09-03,2027-02-05,General Construction,"INTERIOR RENOVATION OF EXISTING UNIT# 41 AT 4TH FLOOR AS PER PLAN. REMOVAL AND INSTALLATION OF NON-LOAD BEARING PARTITION WALL AND DOORS AS PER PLAN. NO CHANGE IN USE, OCCUPANCY OR MEANS OF EGRESS.",66050,560,WEST 163 STREET,Manhattan,10032,GC,ESCALON GENERAL CONTRACT*,63-14 QUEENS BLVD #8K,SDG MANAGEMENT CORP,,,Permit Issued
M01454380-I1-SC,M01454380-I1,Initial Permit,2026-09-08,2026-09-08,2026-11-15,Suspended Scaffold,"Suspended Scaffold Installation as per plans filed herewith. No change in use, egress or occupancy.",0,1,EAST 33 STREET,Manhattan,10016,R,AMERICAN VENTILATION SERV,26-16 123RD STREET,PHARAOHS RESTORATION CORP,,,Permit Issued
M01454981-I1-GC,M01454981-I1,Initial Permit,2026-09-08,2026-09-03,2026-12-21,General Construction,removal of non load bearing walls,5000,155,EAST 31 STREET,Manhattan,10016,GC,H BUILDING MANAGEMENT INC,6 STEVEN DRIVE,Not Applicable,,,Permit Issued
M01455342-I1-SF,M01455342-I1,Initial Permit,2026-09-08,2026-09-08,2027-04-01,Supported Scaffold,"INSTALLATION OF TEMPORARY SCAFFOLD STAIR TOWER # 1 (FLOORS: 005 THRU 013) AS PER PLANS IN CONJUNCTION WITH NB CONSTRUCTION. NO CHANGE IN USE, EGRESS OR OCCUPANCY. SCAFFOLD STAIR TOWER SHALL COMPLY WITH CHAPTER 33 OF 2022 NYC BUILDING CODE.",10000,343,MADISON AVENUE,Manhattan,10017,GC,STARR INDUSTRIES LLC,379 FIFTH AVENUE 4TH FLOOR,BXP,,,Permit Issued
M01455418-I1-SF,M01455418-I1,Initial Permit,2026-09-08,2026-09-08,2027-04-01,Supported Scaffold,"INSTALLATION OF A TEMPORARY SCAFFOLD STAIR TOWER # 1 (FLOORS: 013 THRU 016) AS PER PLANS IN CONJUNCTION WITH NB CONSTRUCTION. NO CHANGE IN USE, EGRESS OR OCCUPANCY. SCAFFOLD STAIR TOWER SHALL COMPLY WITH CHAPTER 33 OF 2022 NYC BUILDING CODE",10000,343,MADISON AVENUE,Manhattan,10017,GC,STARR INDUSTRIES LLC,379 FIFTH AVENUE 4TH FLOOR,BXP,,,Permit Issued
M01455443-I1-SF,M01455443-I1,Initial Permit,2026-09-08,2026-09-08,2027-04-01,Supported Scaffold,"INSTALLATION OF A TEMPORARY SCAFFOLD STAIR TOWER # 2 (FLOORS: Sub-Cellar#1 THRU 001 EAST) AS PER PLANS IN CONJUNCTION WITH NB CONSTRUCTION. NO CHANGE IN USE, EGRESS OR OCCUPANCY. SCAFFOLD STAIR TOWER SHALL COMPLY WITH CHAPTER 33 OF 2022 NYC",10000,343,MADISON AVENUE,Manhattan,10017,GC,STARR INDUSTRIES LLC,379 FIFTH AVENUE 4TH FLOOR,BXP,,,Permit Issued
M01455898-I1-SH,M01455898-I1,Initial Permit,2026-09-08,2026-09-08,2026-12-07,Sidewalk Shed,"INSTALLATION OF TEMPORARY HEAVY DUTY SIDEWALK SHED AS PER PLANS. NO CHANGE IN USE, EGRESS OR OCCUPANCY. SIDEWALK SHED SHALL COMPLY WITH CHAPTER #33 OF 2022 THE NYC BUILDING CODE. LIVE LOAD 300PSF.",1000,18,MORNINGSIDE AVENUE,Manhattan,10026,GC,PLATINUM SERVICES NY LLC,53-28 11TH STREET 2ND FL,PLATINUM SERVICES NY LLC,,,Permit Issued
M01455921-I1-SH,M01455921-I1,Initial Permit,2026-09-08,2026-09-08,2026-11-03,Sidewalk Shed,"INSTALLATION OF TEMPORARY HEAVY DUTY SIDEWALK SHED AS PER PLANS. NO CHANGE IN USE, EGRESS OR OCCUPANCY. SIDEWALK SHED SHALL COMPLY WITH CHAPTER #33 OF 2022 THE NYC BUILDING CODE. LIVE LOAD 300PSF.",1000,52,WEST 91 STREET,Manhattan,10024,GC,PHOENIX SUTTON STR INC,128 SUTTON STREET,PHOENIX SUTTON STR INC,,,Permit Issued
M01456646-I1-SF,M01456646-I1,Initial Permit,2026-09-08,2026-09-08,2026-12-09,Sidewalk Shed,"INSTALLATION OF 300 PSF SIDEWALK SHED, OVERHEAD PROTECTION, PIPE SCAFFOLD, ENGINEERED ENCLOSURE AND WINDOW PROTECTION AS PER PLANS. ALL EQUIPMENT SHALL COMPLY WITH CHAPTER #33 OF THE 2022 CODE. NO CHANGE IN USE, EGRESS OR OCCUPANCY UNDER TH",10000,602,ST NICHOLAS AVENUE,Manhattan,10030,GC,MC SUPERSTRUCTURE INC,135-53 NORTHERN BLVD #2B,MC SUPERSTRUCTURE INC.,,,Permit Issued
M01456646-I1-SH,M01456646-I1,Initial Permit,2026-09-08,2026-09-08,2026-12-07,Supported Scaffold,"INSTALLATION OF 300 PSF SIDEWALK SHED, OVERHEAD PROTECTION, PIPE SCAFFOLD, ENGINEERED ENCLOSURE AND WINDOW PROTECTION AS PER PLANS. ALL EQUIPMENT SHALL COMPLY WITH CHAPTER #33 OF THE 2022 CODE. NO CHANGE IN USE, EGRESS OR OCCUPANCY UNDER TH",10000,602,ST NICHOLAS AVENUE,Manhattan,10030,GC,MC SUPERSTRUCTURE INC,135-53 NORTHERN BLVD #2B,MC SUPERSTRUCTURE INC.,,,Permit Issued
M01456687-I1-SF,M01456687-I1,Initial Permit,2026-09-08,2026-09-08,2026-12-09,Sidewalk Shed,"INSTALLATION OF 300 PSF SIDEWALK SHED OVERHEAD PROTECTION AND WINDOW PROTECTION AS PER PLANS. ALL EQUIPMENT SHALL COMPLY WITH CHAPTER #33 OF THE 2022 CODE. NO CHANGE IN USE, EGRESS OR OCCUPANCY UNDER THIS APPLICATION.",10000,129,WEST 133 STREET,Manhattan,10030,GC,MC SUPERSTRUCTURE INC,135-53 NORTHERN BLVD #2B,MC SUPERSTRUCTURE INC.,,,Permit Issued
M01456687-I1-SH,M01456687-I1,Initial Permit,2026-09-08,2026-09-08,2026-12-07,Supported Scaffold,"INSTALLATION OF 300 PSF SIDEWALK SHED OVERHEAD PROTECTION AND WINDOW PROTECTION AS PER PLANS. ALL EQUIPMENT SHALL COMPLY WITH CHAPTER #33 OF THE 2022 CODE. NO CHANGE IN USE, EGRESS OR OCCUPANCY UNDER THIS APPLICATION.",10000,129,WEST 133 STREET,Manhattan,10030,GC,MC SUPERSTRUCTURE INC,135-53 NORTHERN BLVD #2B,MC SUPERSTRUCTURE INC.,,,Permit Issued
M08006066-I1-MS,M08006066-I1,Initial Permit,2026-09-08,2022-12-05,2026-12-31,Mechanical Systems,"Mechanical work as shown on plans for three specialty Hotel suites on 15th, 25th and 31st construction floors (Marketing floors 16th, 26th and 32nd floor)",249964,160,CENTRAL PARK SOUTH,Manhattan,10019,GC,SWEET GROUP OF NY LLC,"5 HANOVER SQUARE,17TH FL",STRATEGIC HOTELS AND RESORTS,,,Signed-off
Q00195259-S1-SH,Q00195259-S1,Initial Permit,2026-09-08,2026-08-12,2026-12-07,Sidewalk Shed,PROPOSED INSTALLATION OF HEAVY DUTY SIDEWALK SHED AS PER PLANS. LIVE LOAD 300 PER SQUARE FEET. SIDEWALK SHED SHALL COMPLY WITH CHAPTER # 33 OF THE 2022 CODE. NO CHANGE IN USE OCCUPANCY OR EGRESS UNDER THIS APPLICATIONPROPOSED INSTALLATION O,10000,248-04,SOUTH CONDUIT AVENUE,Queens,11422,GC,SKYVISION CONSTRUCTIONS,103-40 103RD STREET,SKYVISION CONSTRUCTIONS,,,Permit Issued
Q00488562-S2-PL,Q00488562-S2,Initial Permit,2026-09-08,2026-06-22,2027-05-01,Plumbing,FILE EXTERIOR PLUMBING WORK FOR PROPOSED SEWER DRAINAGE CONNECTION.,3000,90-56,CORONA AVENUE,Queens,11373,P,QMB PLUMBING & HEATING IN,32-37 62ND STREET,Institute of Chunghwa Buddhist C,,,Permit Issued
Q00759622-S1-CC,Q00759622-S1,Initial Permit,2026-09-08,2023-06-19,2027-02-24,Curb Cut,Curb cut work type filed in conjunction with NB# Q00759622-i1 for an accessory open parking in driveway.,0,121-10,23 AVENUE,Queens,11356,GC,STREAM ROCK CONTSRUCTION*,963 FOREST HILL ROAD,PR,,,Permit Issued
Q00942299-I1-GC-CX,Q00942299-I1,Initial Permit,2026-09-08,2026-08-07,2027-06-17,Foundation,INTERIOR RENOVATION OF TWO-FAMILY DWELLING. NO CHANGE TO DWELLING UNIT FACTOR. FLOOR PLAN RECONFIGURED AND MODERNIZED. FULL RE-ROOF WITH INSULATION. NO CHANGE TO FOOTPRINT.,473401,37-01,20 ROAD,Queens,11105,GC,PETERKIN CONSTRUCTION LLC,413 SOUTH FULTON AVENUE,PR,,,Permit Issued
Q01027178-I1-PL,Q01027178-I1,Initial Permit,2026-09-08,2024-11-21,2027-04-08,Plumbing,"INSTALL 1 FULL BATHRM IN 2ND FL, FILED IN CONJ WITH ALTCO#Q01024807. NO CHANGE IN USE, OCCUPANCY OR EGRESS",10500,123-09,5 AVENUE,Queens,11356,P,KB PLUMBING & HEATING INC,35 ALLEN STREET 2ND FLOOR,PR,,,Permit Issued
Q01072866-I1-GC,Q01072866-I1,Initial Permit,2026-09-08,2026-02-26,2026-11-14,General Construction,"Elmhurst Hospital Center Roof repairs as per the plans filed including: Removal/ replacement / repairs of existing roof membrane & flashings, existing roof drains and metal coating. Masonry repointing. Install guard rails, gutters and downs",3744800,79-01,BROADWAY,Queens,11373,GC,BHAGHIANA GENERAL CONSTRU,114-08 LEFFERTS BLVD,NYC Health + Hospitals / Elmhurst,,,Permit Issued
Q01099862-I1-FN,Q01099862-I1,Initial Permit,2026-09-08,2024-08-22,2026-12-31,Construction Fence,"INSTALLATION OF CONSTRUCTION FENCE AS PER THE PLAN FILED HEREWITH. NO CHANGE IN USE, OCCUPANCY OR EGRESS.",1000,30-25,MURRAY STREET,Queens,11354,GC,EASY HOME AND SERVICES NY,"32-65 107 STREET, S4",PR,,,Permit Issued
Q01117193-S1-SH,Q01117193-S1,Initial Permit,2026-09-08,2026-09-08,2026-10-14,Sidewalk Shed,"installation of heavy duty sidewalk shed. no change in use, occupancy or egress. all work to comply with chapter 33 of nycbc",46000,37-20,87 STREET,Queens,11372,GC,KINGS GROUP NY CORP,183-02 LIBERTY AVE,KINGS GROUP NY CORP,,,Permit Issued
Q01222550-S1-PL,Q01222550-S1,Initial Permit,2026-09-08,2026-08-28,2026-10-01,Plumbing,Plumbing application in-conjunction with job # Q01222550-I1.,100000,234-19,SEWARD AVENUE,Queens,11427,P,INFINITI ESC PLUMBING COR,2072 EASTCHESTER ROAD,Not Applicable,,,Permit Issued
Q01231925-S3-FN,Q01231925-S3,Initial Permit,2026-09-08,2026-08-12,2027-04-25,Construction Fence,INSTALL TEMPORARY CONSTRUCTION FENCE.,1000,49-12,167 STREET,Queens,11365,GC,PROTON CCM LLC,4903 166TH STREET,GLORY PROPERTY GROUP LLC,,,Permit Issued
Q01246317-S2-CC,Q01246317-S2,Initial Permit,2026-09-08,2025-10-09,2027-09-08,Curb Cut,INSTALLATION OF NEW CURB CUT AS PER PLANS,0,306,BEACH 70 STREET,Queens,11692,GC,ABOVE BUILDER GROUP LLC,1314 59TH STRET,PR,,,Permit Issued
Q01246317-S3-ST,Q01246317-S3,Initial Permit,2026-09-08,2026-09-02,2027-09-08,Structural,STRUCTURAL SPECIFICATIONS FILED IN CONJUNCTION WITH NB APPLICATION #Q01246317-I1,0,306,BEACH 70 STREET,Queens,11692,GC,ABOVE BUILDER GROUP LLC,1314 59TH STRET,Not Applicable,,,Permit Issued
Q01246317-S4-FO-EA,Q01246317-S4,Initial Permit,2026-09-08,2026-08-17,2027-09-08,Earth Work,FOUNDATION AND EARTHWORK SPECIFICATIONS FILED IN CONJUNCTION WITH GC APPLICAITON JOB # Q01246317-I1,0,306,BEACH 70 STREET,Queens,11692,GC,ABOVE BUILDER GROUP LLC,1314 59TH STRET,Not Applicable,,,Permit Issued
Q01254620-S2-MS,Q01254620-S2,Initial Permit,2026-09-08,2026-06-09,2026-11-19,Mechanical Systems,"Filing in conjunction with Job#Q01292481-I1. The proposed work includes the replacement of (2)-Rooftop units , and installation of (2)-ACCU on roof connected to (1) New AHU in cellar and associated piping.",105000,37-42,JUNCTION BOULEVARD,Queens,11368,GC,T.S.M. MECHANICAL CORP,441 LIVERMORE AVE,PR,,,Permit Issued
Q01267095-I1-FD,Q01267095-I1,Initial Permit,2026-09-08,2026-01-20,2027-01-01,Full Demolition,FULL DEMOLITION OF 1 STORY HIGH METAL STRUCTURE USING HAND AND MECH EQUIPMENT TO ASSIST,50000,45-35,DAVIS STREET,Queens,11101,GC,DTO ALTERATIONS LLC,838 MCLEAN AVE 2ND FL,ZD JASPER REALTY,,,Permit Issued
Q01268726-I1-GC-CX,Q01268726-I1,Initial Permit,2026-09-08,2026-05-01,2027-03-04,General Construction,"INTERIOR RENOVATION OF CELLAR, 1ST, 2ND & ATTIC FLOOR OF EXISTING 2 STORY BUILDING. DEMOLITION WORK AND CONSTRUCTION WORK AS PER PLAN. INSTALL NEW HVAC, PARTITION, FLOORING, CEILING AND PAINTING THROUGHOUT. NO CHANGE IN EGRESS, USE, OR OCCU",214500,89-33,85 STREET,Queens,11421,GC,MERCURY BUILDING ASSO INC,124-15 METROPOLITAN AVENUE,Innospark Design,,,Permit Issued
Q01268726-S2-PL,Q01268726-S2,Initial Permit,2026-09-08,2026-05-29,2026-09-24,Plumbing,"INSTALL NEW PLUMBING FIXTURES IN THE EXISTING 2 STORY BUILDING. PLUMBING WORKS AS PER PLAN. NO CHANGE IN EGRESS, USE, OR OCCUPANCY.",55250,89-33,85 STREET,Queens,11421,P,EFLOW PLUMBING & WATERMAIN INC,114-44 ROCKAWAY BLVD,Innospark Design,,,Permit Issued
Q01283772-S7-EW-SD,Q01283772-S7,Initial Permit,2026-09-08,2026-03-09,2027-04-14,Standpipe,SPRINKLER AND STANDPIPE SYSTEM FILED IN CONJUNCTION WITH NB JOB NUMBER Q01283772-I1.,0,54-11,QUEENS BOULEVARD,Queens,11377,F,SAFETY FIRE SPRINKLER COR,1070 38TH STREET,NOSTRAND LAND LLC,,,Permit Issued
Q01283772-S7-EW-SP,Q01283772-S7,Initial Permit,2026-09-08,2026-03-09,2027-04-14,Standpipe,SPRINKLER AND STANDPIPE SYSTEM FILED IN CONJUNCTION WITH NB JOB NUMBER Q01283772-I1.,0,54-11,QUEENS BOULEVARD,Queens,11377,F,SAFETY FIRE SPRINKLER COR,1070 38TH STREET,NOSTRAND LAND LLC,,,Permit Issued
Q01283772-S8-EW-SD,Q01283772-S8,Initial Permit,2026-09-08,2026-03-24,2027-04-14,Standpipe,TEMPORARY STANDPIPE SYSTEM FILED IN CONJUNCTION WITH NB JOB NUMBER Q01283772-I1.,0,54-11,QUEENS BOULEVARD,Queens,11377,F,SAFETY FIRE SPRINKLER COR,1070 38TH STREET,NOSTRAND LAND LLC,,,Permit Issued
Q01284037-S2-PL,Q01284037-S2,Initial Permit,2026-09-08,2026-06-05,2027-04-07,Plumbing,"CELLAR FLOOR TWO FIXTURE TOILET TO BE REMOVED AS PER PLAN. NO PLUMBING WORK IN 1ST, 2ND & ATTIC FLOOR. NO GAS WORK WITH THIS PLUMBING APPLICATION.",5000,171-22,103 ROAD,Queens,11433,P,M & M PIPING AND HEATING,95-26 SUTPHIN BOULEVARD,n/a,,,Permit Issued
Q01295014-I1-GC,Q01295014-I1,Initial Permit,2026-09-08,2026-08-11,2027-02-24,Structural,PROPOSE A NEW THREE STORY WITH TWO FAMILY DWELLING UNITS. OBTAIN NEW C OF O,0,46-48,162 STREET,Queens,11358,GC,STREAM ROCK CONTSRUCTION*,963 FOREST HILL ROAD,4650 PROPERTY LLC,,,Permit Issued
Q01295014-S4-FN,Q01295014-S4,Initial Permit,2026-09-08,2026-03-16,2027-02-24,Construction Fence,INSTALL 8' TEMPORARY CONSTRUCTION FENCE AT THE ABOVE ADDRESS.,0,46-48,162 STREET,Queens,11358,GC,STREAM ROCK CONTSRUCTION*,963 FOREST HILL ROAD,4650 PROPERTY LLC,,,Permit Issued
Q01295016-S3-PL,Q01295016-S3,Initial Permit,2026-09-08,2026-03-17,2027-02-03,Plumbing,FILE PL & SP WORKTYPE IN CONJUNCTION WITH JOB#Q01295016,0,46-50,162 STREET,Queens,11358,P,"WATSON'S PLBG, HTG, & BDG",855 ST. NICHOLAS AVENUE,4650 PROPERTY LLC,,,Permit Issued
Q01295017-I1-GC,Q01295017-I1,Initial Permit,2026-09-08,2026-05-28,2027-02-24,Foundation,PROPOSE A THREE STORY WITH TWO FAMILY DWELLING UNITS. OBTAIN NEW C OF O.,0,46-52,162 STREET,Queens,11358,GC,STREAM ROCK CONTSRUCTION*,963 FOREST HILL ROAD,4650 PROPERTY LLC,,,Permit Issued
Q01295017-I1-MS,Q01295017-I1,Initial Permit,2026-09-08,2026-05-28,2027-02-24,Earth Work,PROPOSE A THREE STORY WITH TWO FAMILY DWELLING UNITS. OBTAIN NEW C OF O.,0,46-52,162 STREET,Queens,11358,GC,STREAM ROCK CONTSRUCTION*,963 FOREST HILL ROAD,4650 PROPERTY LLC,,,Permit Issued
Q01297277-S1-MS,Q01297277-S1,Initial Permit,2026-09-08,2026-09-01,2027-01-12,Mechanical Systems,MECHANICAL WORK IN CONJUNCTION WITH GC#Q01297277-I1,30000,116-20,145 STREET,Queens,11436,GC,KAIETEUR CONSTRUCTION INC,"110-16 LIBERTY AVENUE, SUITE 201",JASON REAL ESTATE,,,Permit Issued
Q01307932-S4-CC,Q01307932-S4,Initial Permit,2026-09-08,2026-02-02,2027-01-07,Curb Cut,Propose to construct curb cut.,2000,24-43,47 STREET,Queens,11103,GC,NEPTUNE MECHANICAL INC,29-10 120TH STREET,PR,,,Permit Issued
Q01318695-S1-FO-EA,Q01318695-S1,Initial Permit,2026-09-08,2026-07-17,2027-08-27,Earth Work,"INSTALLATION OF SUPPORT OF EXCAVATION AND FOUNDATION WORK AS PER THE PLANS FILED HEREWITH. NO CHANGE IN USE, OCCUPANCY OR EGRESS.",0,50-13,KISSENA BOULEVARD,Queens,11355,GC,T&I CONSTRUCTION INC,"7109 60TH AVENUE, FL 1",PR,,,Permit Issued
Q01328850-I1-GC,Q01328850-I1,Initial Permit,2026-09-08,2026-01-14,2027-04-01,General Construction,RENOVATE EXISTING LIBRARY IN ROOM 205 - NEW SUSPENDED CEILING - REPLACE EXISTING INTERIOR DOOR - NO CHANGE IN USE - NO CHANGE IN OCCUPANCY - NO CHANGE IN EGRESS - NO CHANGE IN VENTILATION,723430,93-06,63 DRIVE,Queens,11374,GC,KASHI MANAGEMNET INC,189 ACRE LANE HICKSVILLE,NYC SCHOOL CONSTRUCTION,,,Permit Issued
Q01332567-I1-GC,Q01332567-I1,Initial Permit,2026-09-08,2026-06-15,2027-04-17,General Construction,"Filing interior renovation to UPS Store #5341, Laurelton as per plans. No change in use, egress, or occupancy under this application.",69100,229-19,MERRICK BOULEVARD,Queens,11413,GC,VINCENT CASCONE,68 POND ST,VAISHNOMA LLC,,,Permit Issued
Q01332791-I1-FN,Q01332791-I1,Initial Permit,2026-09-08,2026-01-12,2026-10-31,Construction Fence,Construction Fence,10000,10-21,CLINTONVILLE STREET,Queens,11357,GC,ELLIOTT DEVELOPMENT CORP,56-25 215TH ST,PR,,,Permit Issued
Q01341942-I1-MS,Q01341942-I1,Initial Permit,2026-09-08,2026-06-18,2026-10-23,Mechanical Systems,"Installation of Split units(ductless-decorative). No change in the use, egress and occupancy",55000,69-79,GRAND AVENUE,Queens,11378,GC,JOY GREE LLC,21471 JAMAICA AVE,"69-79 Grand Avenue, LLC",,,Permit Issued
Q01345009-S1-FO-EA,Q01345009-S1,Initial Permit,2026-09-08,2026-08-27,2026-12-31,Earth Work,"INSTALLATION OF FOUNDATION AS PER THE PLANS FILED HEREWITH. NO CHANGE IN USE, OCCUPANCY OR EGRESS.",10000,30-25,MURRAY STREET,Queens,11354,GC,EASY HOME AND SERVICES NY,"32-65 107 STREET, S4",PR,,,Permit Issued
Q01349497-S3-PL,Q01349497-S3,Initial Permit,2026-09-08,2026-07-23,2026-11-11,Plumbing,PLUMBING FILING FOR NEW GARAGE STORM WATER PIPING AND TO CONNECT INEX. DRYWELL,0,115-45 GAR,124 STREET,Queens,11420,P,ROCK E SMALL PLBG&HTG INC,152-32 ROCKAWAY BLVD,N/A,,,Permit Issued
Q01360158-I1-FO-EA,Q01360158-I1,Initial Permit,2026-09-08,2026-08-04,2027-02-24,Foundation,VERTICAL & HORIZONTAL EXTENSION OF EXISTING ONE FAMILY AND CONVERTING TO TWO FAMILY. OBTAIN NEW C OF O,1650030,43-21,220 PLACE,Queens,11361,GC,STREAM ROCK CONTSRUCTION*,963 FOREST HILL ROAD,N/A,,,Permit Issued
Q01360158-I1-GC,Q01360158-I1,Initial Permit,2026-09-08,2026-08-04,2027-02-24,Foundation,VERTICAL & HORIZONTAL EXTENSION OF EXISTING ONE FAMILY AND CONVERTING TO TWO FAMILY. OBTAIN NEW C OF O,1650030,43-21,220 PLACE,Queens,11361,GC,STREAM ROCK CONTSRUCTION*,963 FOREST HILL ROAD,N/A,,,Permit Issued
Q01360158-I1-MS,Q01360158-I1,Initial Permit,2026-09-08,2026-08-04,2027-02-24,Earth Work,VERTICAL & HORIZONTAL EXTENSION OF EXISTING ONE FAMILY AND CONVERTING TO TWO FAMILY. OBTAIN NEW C OF O,1650030,43-21,220 PLACE,Queens,11361,GC,STREAM ROCK CONTSRUCTION*,963 FOREST HILL ROAD,N/A,,,Permit Issued
Q01360158-I1-ST,Q01360158-I1,Initial Permit,2026-09-08,2026-08-04,2027-02-24,Foundation,VERTICAL & HORIZONTAL EXTENSION OF EXISTING ONE FAMILY AND CONVERTING TO TWO FAMILY. OBTAIN NEW C OF O,1650030,43-21,220 PLACE,Queens,11361,GC,STREAM ROCK CONTSRUCTION*,963 FOREST HILL ROAD,N/A,,,Permit Issued
Q01368291-I1-SH,Q01368291-I1,Initial Permit,2026-09-08,2026-06-03,2026-12-07,Sidewalk Shed,Installation of sidewalk shed in conjunction with Q01151222,75000,91-02,88 AVENUE,Queens,11421,GC,EVERLAST SCAFFOLDING INC,"252 JAVA STREET, STE 203",NYC SCHOOL CONSTRUCTION,,,Permit Issued
Q01378751-I1-GC,Q01378751-I1,Initial Permit,2026-09-08,2026-07-30,2027-01-08,General Construction,PROPOSE TO LEGALIZE ONE CAR GARAGE ACCESSORY TO ONE FAMILY DWELLING,0,163-55 GAR,20 AVENUE,Queens,11357,GC,A.A.D. CONSTRUCTION CORP,141 DWIGHT STREET,ARTA CONSTRUCTION & RENOV,,,Permit Issued
Q01381898-S8-FN,Q01381898-S8,Initial Permit,2026-09-08,2026-08-14,2027-04-25,Construction Fence,"PROPOSED INSTALLATION OF CONSTRUCTION FENCE AS REQUIRED DURING CONSTRUCTION AS PER DRAWINGS IN CONNECTION WITH JOB #Q01381898-I1. NO CHANGE IN USE, OCCUPANCY EGRESS OR BULK UNDER THIS APPLICATION.",0,37-35,29 STREET,Queens,11101,GC,PROTON CCM LLC,4903 166TH STREET,Jade York Development LLC,,,Permit Issued
Q01382860-S4-ST,Q01382860-S4,Initial Permit,2026-09-08,2026-08-17,2027-04-05,Structural,HEREWITH FILING FOR STRUCTURE DESIGN AND PARTIAL DEMOLITION PLANS OF 2- STORY ALT-1 BUILDING (HORIZONTAL AND VERTICAL ENLARGEMENT) FILED UNDER DOB NOW JOB #Q01382860-S4 IN CONJUNCTION TO DOB JOB #Q01382860-I1.,90000,75-23,196 STREET,Queens,11366,GC,SB RENOVATION & MODELING,85-21 114TH STREET,Not Applicable,,,Permit Issued
Q01383663-I1-GC,Q01383663-I1,Initial Permit,2026-09-08,2026-06-14,2027-02-06,General Construction,"address vio# 39170793Y, remove enclosure of porch , restore to open porch, REMOVE WOOD FURRING, DOOR AND ENCLOSED WITH PLASTIC SHEETING FOR CELLAR ENTRANCE for violation # 39167107H, new railing & awning , no change in use, egress or occupa",10000,153-42,58 AVENUE,Queens,11355,GC,STENCO CONSTRUCTION INC,38-08 BELL BLVD,Not Applicable,,,Permit Issued
Q01393476-I1-GC,Q01393476-I1,Initial Permit,2026-09-08,2026-05-11,2027-05-01,General Construction,"ROOF REPLACEMENT AND GUTTER LEADER REPLACEMENT AT BULKHEAD ROOF ON NORTH SIDE AS PER PLANS FILED HEREWITH. NO CHANGE TO USE, EGRESS OR OCCUPANCY.",281650,34-02,QUEENS BOULEVARD,Queens,11101,GC,A-1 ROOFING & SIDING,16 PLATINUM COURT,3402 QUEENS BLVD ASSOCIATES LLC,,,Permit Issued
Q01399880-S1-SE,Q01399880-S1,Initial Permit,2026-09-08,2026-06-23,2026-10-26,Support of Excavation,FILE SOE IN CONJUNCTION WITH JOB#Q01399880,0,64-65,CLOVERDALE BOULEVARD,Queens,11364,GC,GREAT STONE GEN'L CONST*,"135-28 37 AVE, 3FL",N/A,,,Permit Issued
Q01403636-I1-GC-CX,Q01403636-I1,Initial Permit,2026-09-08,2026-09-02,2027-01-12,General Construction,PROPOSED NEW ONE CAR MASONRY GARAGE.,0,115-15 GAR,159 STREET,Queens,11434,GC,KAIETEUR CONSTRUCTION INC,"110-16 LIBERTY AVENUE, SUITE 201",PR,,,Permit Issued
Q01403823-I1-GC,Q01403823-I1,Initial Permit,2026-09-08,2026-07-15,2026-12-18,General Construction,"Application filed for a new concrete masonry stoop at Exposure #1 and a new wood deck at Exposure #3 to correct ECB violation #39188100H. No change in use, egress or occupancy.",31440,67-29,52 ROAD,Queens,11378,GC,NEW LAND CONSTRUCTION NY,6320 14 AVE,N/a,,,Permit Issued
Q01404099-S2-FN,Q01404099-S2,Initial Permit,2026-09-08,2026-07-22,2027-08-12,Construction Fence,INSTALL 8' TEMPORARY CONSTRUCTION FENCE AT THE ABOVE ADDRESS,0,211-05,34 ROAD,Queens,11361,GC,GOLDEN TIME CONTRACTING I,47-27 195TH STREET,211-05 34TH RD REALTY LLC,,,Permit Issued
Q01405586-I1-GC-CX,Q01405586-I1,Initial Permit,2026-09-08,2026-09-01,2027-01-26,General Construction,"EXISTING 1-FAMILY RESIDENCE. INSTALL NEW HEAT PUMP HEATING AND COOLING SYSTEM INCLUDING EXTERIOR CONDENSER, INTERIOR AIR HANDLERS, AND ASSOCIATED PIPING. RELOCATE ELECTRICAL PANEL. NO CHANGE TO USE, EGRESS, OR OCCUPANCY.",70000,34-42,88 STREET,Queens,11372,GC,ESSENTIAL REMODELING INC,18 TANGLEWOOD ROAD,Not Applicable,,,Permit Issued
Q01410440-I1-GC,Q01410440-I1,Initial Permit,2026-09-08,2026-07-23,2026-12-31,General Construction,"Filing plans herewith for interior modifications for a tenant fit-out (Jag-One). No change to use, egress, or occupancy.",220000,88-08,JUSTICE AVENUE,Queens,11373,GC,E & A RESTORATION INC,130 CROSSWAYS PARK DRIVE #101,GRAND CONST&DEVEL GR CORP,,,Permit Issued
Q01412462-S1-PL,Q01412462-S1,Initial Permit,2026-09-08,2026-08-30,2027-03-25,Plumbing,"FILE PLUMBING WORK FOR SMALL RESTAURANT AT CELLAR AS PER PLAN FILED HEREWITH. NO CHANGE IN USE, EGRESS OR OCCUPANCY.",17500,85-15,WHITNEY AVENUE,Queens,11373,P,XH&RC PLBG AND HTG INC,"33-70 PRINCE STREET,SUITE 101",EAST COAST MANAGEMENT LLC,,,Permit Issued
Q01413868-I1-GC,Q01413868-I1,Initial Permit,2026-09-08,2026-08-28,2026-12-17,General Construction,"SELECTIVE INTERIOR DEMOLITION OF NON-STRUCTURAL ELEMENTS. NEW INTERIOR PARTITIONS,DOORS, CEILINGS, FINISHES, ELECTRICAL, HVAC, PLUMBING, FIRE ALARM, AND FIRE PROTECTION.NO CHANGE OF USE, OCCUPANCY, EGRESS OR ZONING WITH THIS APPLICATION.",1835000,81-26,UTOPIA PARKWAY,Queens,11432,GC,MED-TEK CONTRACTING INC,601 N. MACQUESTEN PARKWAY,ST JOHNS UNIVERSITY,,,Permit Issued
Q01422165-I1-FN,Q01422165-I1,Initial Permit,2026-09-08,2026-09-01,2026-09-15,Construction Fence,"INSTALLATION OF TEMPORARY CONSTRUCTION FENCE FOR PS 86Q AT 87-41 PARSONS BOULEVARD, QUEENS IN CONJUNCTION WITH ALT# Q01263129, Q01422166, Q01422170 AS INDICATED ON PLANS. THERE WILL BE NO CHANGE IN THE USE, EGRESS, OR OCCUPANCY UNDER THIS A",10000,87-41,PARSONS BOULEVARD,Queens,11432,GC,YARKS NYC INC,135-42 129TH STREET,NYC SCHOOL CONSTRUCTION,,,Permit Issued
Q01422166-I1-SH,Q01422166-I1,Initial Permit,2026-09-08,2026-08-31,2026-09-15,Sidewalk Shed,"INSTALLATION OF NEW SIDEWALK SHED FOR PS 86Q AT 87-41 PARSONS BOULEVARD, QUEENS IN CONJUNCTION WITH ALT# Q01263129, Q01422165, Q01422170 AS INDICATED ON PLANS. THERE WILL BE NO CHANGE IN THE USE, EGRESS, OR OCCUPANCY UNDER THIS APPLICATION.",10000,87-41,PARSONS BOULEVARD,Queens,11432,GC,YARKS NYC INC,135-42 129TH STREET,NYC SCHOOL CONSTRUCTION,,,Permit Issued
Q01425022-I1-BE,Q01425022-I1,Initial Permit,2026-09-08,2026-07-29,2026-12-12,Boiler Equipment,Replace existing gas fired boiler with new Weil-Mclain Series 80-480,35000,166-15,DEPOT ROAD,Queens,11358,P,M BURTON P & H CORP,206-01 48TH AVENUE,IS LYONS,,,Permit Issued
Q01426056-S2-GC,Q01426056-S2,Initial Permit,2026-09-08,2026-08-21,2026-10-06,General Construction,"PROPOSED FACADE ALTERATION INSTALLATION OF NEW BRICKS AT ALL EXPOSURES. NO CHANGE TO USE, EGRESS OR OCCUPANCY.",150000,33-02,169 STREET,Queens,11358,GC,ACE GROUP NY CORP,34 BARCLAY STREET,PR,,,Permit Issued
Q01426742-I1-GC,Q01426742-I1,Initial Permit,2026-09-08,2026-07-16,2027-07-16,General Construction,"INTERIOR NON STRUCTURAL RENOVATION OF EXISTING FOOD MART AT 1 FLR AS PER PLANS SUBMITTED. MODIFICATION OF EXISTING STOREFRONT AT 1 FLR. INSTALL 2 COMPRESSORS AT CELLAR. NO CHANGE TO USE, EGRESS OR OCCUPANCY OF BUILDING IS PROPOSED UNDER THI",68100,40-40,CRESCENT STREET,Queens,11101,GC,ACS ENVIRONMENTAL & CONST,2950 BAINBRIDGE AVE STE 4A,Not Applicable,,,Permit Issued
Q01426742-I1-MS,Q01426742-I1,Initial Permit,2026-09-08,2026-07-16,2027-07-16,Mechanical Systems,"INTERIOR NON STRUCTURAL RENOVATION OF EXISTING FOOD MART AT 1 FLR AS PER PLANS SUBMITTED. MODIFICATION OF EXISTING STOREFRONT AT 1 FLR. INSTALL 2 COMPRESSORS AT CELLAR. NO CHANGE TO USE, EGRESS OR OCCUPANCY OF BUILDING IS PROPOSED UNDER THI",68100,40-40,CRESCENT STREET,Queens,11101,GC,ACS ENVIRONMENTAL & CONST,2950 BAINBRIDGE AVE STE 4A,Not Applicable,,,Permit Issued
Q01428744-I1-GC,Q01428744-I1,Initial Permit,2026-09-08,2026-09-02,2027-02-03,General Construction,"Application herewith filed to combine adjacent apartments 6G & 6H as well as interior renovations throughout. No change to use, egress or occupancy.",208880,141-30,84 ROAD,Queens,11435,GC,FANTASTIC RENOVATIONS &,351 ETNA STREET,Not Applicable,,,Permit Issued
Q01430906-I1-SG,Q01430906-I1,Initial Permit,2026-09-08,2026-09-08,2027-05-23,Sign,"ERECT ACCESSORY BUSINESS WALL SIGN FOR PLANET FITNESS. NO CHANGE IN USE, EGRESS, OR OCCUPANCY.",11350,258-01,UNION TURNPIKE,Queens,11004,S,UNIVERSAL SIGNS & SVC INC,346 BROADWAY,JEFFREY MGMT CORP,,,Permit Issued
Q01431225-S1-PL,Q01431225-S1,Initial Permit,2026-09-08,2026-07-29,2026-12-05,Plumbing,"PL WORK IN EXISTING SPACE FILED IN CONJUNCTION WITH DOB NOW GC . NO CHANGE TO USE, OCCUPANCY OR EGRESS.",42000,135-08 GAR,63 ROAD,Queens,11367,P,PREMIER FLOW PLBG AND HTG,40-11 36TH AVENUE,CEDAR GROVE CEMETERY ASSOC.,,,Permit Issued
Q01431556-I1-SG,Q01431556-I1,Initial Permit,2026-09-08,2026-09-08,2027-05-23,Sign,"ERECT ACCESSORY BUSINESS WALL SIGN FOR PLANET FITNESS. NO CHANGE IN USE, EGRESS OR OCCUPANCY.",5750,258-01,UNION TURNPIKE,Queens,11004,S,UNIVERSAL SIGNS & SVC INC,346 BROADWAY,JEFFREY MGMT CORP,,,Permit Issued
Q01432549-I1-GC,Q01432549-I1,Initial Permit,2026-09-08,2026-09-04,2026-12-14,General Construction,"ALTERATION 2 TO PERFORM INTERIOR GUTRENOVATION AND PROPOSE NEW PARTITIONSAS PER PLANS.NO CHANGE TO BULK, USE, EGRESS OROCCUPANCY.",536850,43-10,23 STREET,Queens,11101,GC,LNM CONSTRUCTION LLC,202 PLYMOUTH STREET,Pearl Realty Management,,,Permit Issued
Q01433018-S4-FN,Q01433018-S4,Initial Permit,2026-09-08,2026-09-01,2027-05-20,Construction Fence,INSTALL 8' TEMPORARY CONSTRUCTION FENCE AT THE ABOVE ADDRESS,5000,154-58,20 ROAD,Queens,11357,GC,L&Y DEVELOPMENT GROUP INC,47 FLORENCE DRIVE,ETERNAL PROPERTY NY LLC,,,Permit Issued
Q01433041-I1-PMM,Q01433041-I1,Initial Permit,2026-09-08,2026-09-04,2026-12-11,Protection and Mechanical Methods,"INSTALLATION OF TEMPORARY OVERHEAD PROTECTION AS PER PLANS. NO CHANGE IN USE, EGRESS OR OCCUPANCY SHALL COMPLY WITH CHAPTER#33 OF 2022 THE NY BUILDING CODE.",1000,37-18,138 STREET,Queens,11354,GC,LEMX CORP,61-32 56 DRIVE,LEMX CORP,,,Permit Issued
Q01433317-I1-SG,Q01433317-I1,Initial Permit,2026-09-08,2026-09-01,2026-10-31,Sign,"ILLUMINATED NON-ADVERTISING ACCESSORY WALL SIGN - IN PROPERTY LINES - DUNKIN. NO CHANGE OF USE, EGRESS OR OCCUPANCY.",1500,41-59,KISSENA BOULEVARD,Queens,11355,S,"L.S. SIGN CO., INC",1640 CENTRE STREET,MUSS DEVELOPMENT LLC,,,Permit Issued
Q01433318-I1-GC,Q01433318-I1,Initial Permit,2026-09-08,2026-09-01,2026-10-31,General Construction,"NON-ILLUMINATED NON-ADVERTISING ACCESSORY ENTRANCE CANOPY WITH DOWN LIGHTING ONLY. NO CHANGE OF USE, EGRESS OR OCCUPANCY.",4200,41-59,KISSENA BOULEVARD,Queens,11355,GC,"L.S. SIGN CO., INC",16-40 CENTRE STREET,MUSS DEVELOPMENT LLC,,,Permit Issued
Q01434990-I1-MS,Q01434990-I1,Initial Permit,2026-09-08,2026-08-31,2026-12-31,Mechanical Systems,Install new 10KW gas fired generator,15000,116-20,141 STREET,Queens,11436,GC,MARATHON ENERGY CORP,62-01 34TH AVENUE,Not Applicable,,,Permit Issued
Q01434990-S1-PL,Q01434990-S1,Initial Permit,2026-09-08,2026-08-31,2026-11-21,Plumbing,New gas line from existing meter to new generator,10000,116-20,141 STREET,Queens,11436,P,"AMC PLBG, HTG & CLNG, INC",5701 FLATLANDS AVENUE,Not Applicable,,,Permit Issued
Q01435937-I1-GC-CX,Q01435937-I1,Initial Permit,2026-09-08,2026-08-26,2027-04-08,Structural,"FIRST FLOOR: DEMOLISH NON-LOAD BEARING PARTITIONS AS PER PLAN, REMOVE LIVING ROOM WINDOW AND ADD A FIREPLACE.",99500,10-24,147 STREET,Queens,11357,GC,DCI ENTERPRISES LLC,6-27 151ST STREET,Not Applicable,,,Permit Issued
Q01436186-S3-ST,Q01436186-S3,Initial Permit,2026-09-08,2026-09-04,2027-01-01,Structural,"New storefront structure, new interior non-bearing partition walls and new ceiling framing. No change to use, egress or occupancy.",60000,90-15,QUEENS BOULEVARD,Queens,11373,GC,ELDER-JONES INC,1120 EAST 80TH STREET SUITE211,MACERICH,,,Permit Issued
Q01437250-I1-AN,Q01437250-I1,Initial Permit,2026-09-08,2026-09-02,2026-12-31,Antenna,"DECOMMISSION OF EXISTING WINSTAR SITE. REMOVE 1 CABINET, 3ANTENNAS AND MOUNTS AND RELATED CABLES FROM ROOF. NO CHANGE IN USE, EGRESS OR OCCUPANCY. ORIGINAL INSTALLATION # 402148332",12500,118-35,QUEENS BOULEVARD,Queens,11375,GC,SBA NETWORK SERVICES LLC,8051 CONGRESS AVENUE,SBA NETWORK SERVICES LLC,,,Permit Issued
Q01437355-I1-MS,Q01437355-I1,Initial Permit,2026-09-08,2026-09-04,2026-12-31,Mechanical Systems,DIRECT REPLACEMENT OF PACKAGE ROOFTOP UNIT.,9500,98-20,METROPOLITAN AVENUE,Queens,11375,GC,PETRI PLUMBING & HEATING,901 BAY RIDGE AVE,Arkadum-98 Enterprises Corp,,,Permit Issued
Q01439063-S1-PL,Q01439063-S1,Initial Permit,2026-09-08,2026-08-10,2026-10-07,Plumbing,"HEREWITH FILE TO INSTALL NEW (2)SPRINKLER HEADS FOR NEW HYDRO-CARBON MACHINE AS SHOWN. NO CHANGE IN USE, EGRESS, AND OCCUPANCY.",6000,179-03A,UNION TURNPIKE,Queens,11366,P,FOREVIEW MEP SERVICE LLC,378 MCGUINNESS BLVD,2690 JAMAICA LLC,,,Permit Issued
Q01439825-S1-GC,Q01439825-S1,Initial Permit,2026-09-08,2026-08-31,2026-12-22,General Construction,"REPLACE AND RECONSTRUCTNON-LOAD BEARING PARTTIONS, FUR-OUT WALLS, SUBFLOOR AND CEILING FRAMING IN EXISTING BATHROOM ONLY. WORK IN CONJUNCTION WITH PLUMBING.",3500,83-25,98 STREET,Queens,11421,GC,ALMA DESIGN INC,46 ASTER COURT,,,,Permit Issued
Q01439989-I1-EW-SD,Q01439989-I1,Initial Permit,2026-09-08,2026-09-01,2027-02-15,Standpipe,"Install new manual wet standpipe system, including piping, roof manifold, hose valves, FDC, backflow preventer, and connection to existing water service, as shown on plans. No change in use, egress, or occupancy.",25000,213-25,26 AVENUE,Queens,11360,F,A & F FIRE PROTECTION CO,1156 AVENUE OF AMERICAS,Cord Meyer Development,,,Permit Issued
Q01441464-I1-MS,Q01441464-I1,Initial Permit,2026-09-08,2026-08-24,2026-10-04,Mechanical Systems,REMOVE AND REPLACE (2) EXISTING HVAC UNIT ON EXISTING DUNNAGE AT ROOF TOPWITH EXISTING DUCT WORK TO REMAIN.,30000,15-08,COLLEGE POINT BOULEVARD,Queens,11356,GC,CENTRAL HVAC SERVICES INC,353 LOGAN ST,PRO PACE CONSTRUCTION INC,,,Permit Issued
Q01441738-I1-SL,Q01441738-I1,Initial Permit,2026-09-08,2026-08-14,2026-11-15,Solar,"INSTALLATION OF SOLAR PANELS ON ROOF. NO CHANGE IN USE, EGRESS, OR OCCUPANCY.",26565.72,45-66,159 STREET,Queens,11358,RA,"TOM PETERSEN ARCHITECT, LLC",6 COUNTRY LANE,,,,Permit Issued
Q01441801-I1-FN,Q01441801-I1,Initial Permit,2026-09-08,2026-08-13,2026-09-16,Construction Fence,PROPOSED INSTALLATION OF TEMPORARY CONSTRUCTION FENCE,5000,146-33,230 STREET,Queens,11413,GC,MK CUSTOM BUILDERS CORP,121 MYERS AVE,Not Applicable,,,Permit Issued
Q01442031-I1-GC,Q01442031-I1,Initial Permit,2026-09-08,2026-08-10,2027-02-01,General Construction,Exterior Repairs. No change in Occupancy or Egress.,27000,4142,ELBERTSON STREET,Queens,11373,GC,TRICE CONTRACTING INC,43-01 21ST STREET,PR,,,Permit Issued
Q01442924-I1-GC,Q01442924-I1,Initial Permit,2026-09-08,2026-08-28,2026-12-31,General Construction,"INTERIOR RENOVATION OF EXISTING SINGLE-FAMILY RESIDENCE AS PER PLAN FILED HEREWITH. NO CHANGE IN USE, OCCUPANCY OR EGRESS.",191120,77-14,162 STREET,Queens,11366,GC,L&L CONSTRUCTION DEVELOP,"169-05 NORTHERN BLVD, 1ST FLR",Not Applicable,,,Permit Issued
Q01443370-I1-GC-CX,Q01443370-I1,Initial Permit,2026-09-08,2026-08-19,2027-03-10,General Construction,"INTERIOR RENOVATION OF EXSITING RESTAURANT (UG6, UP TO 74 PPL.) AT 001. WORK INCLUDES REPLACEMENT OF FINISH MATERIALS & MISC. GC WORK, DUCT HOOD, AND HVAC UNITS AS PER THE PLANS HEREWITH. NO CHANGE IN USE, EGRESS, AND OCCUPANCY UNDER THIS A",99000,163-08,NORTHERN BOULEVARD,Queens,11358,GC,SEOUL INTERIOR & BUILD IN,"224-02 59TH AVE, 1ST FL",BROADWAY PLAZA FLUSHINGLLC,,,Permit Issued
Q01445719-I1-GC,Q01445719-I1,Initial Permit,2026-09-08,2026-08-31,2027-01-18,General Construction,"PARAPET WALL REPLACEMENT AS PER PLAN. NO CHANGE IN USE, EGRESS OR OCCUPANCY WITH THIS APPLICATION.",10000,30-17,35 STREET,Queens,11103,GC,DELUXE CONSTRUCTION AND,83-03 250TH STREET,Marka Realty LLC,,,Permit Issued
Q01446318-I1-SC,Q01446318-I1,Initial Permit,2026-09-08,2026-09-08,2027-02-28,Suspended Scaffold,"OUTRIGGERS INSTALLATION FOR FACADE INSPECTIONS, NO CHANGE IN USE, EGRESS, OR OCCUPANCY.",0,167-15,12 AVENUE,Queens,11357,R,XINOS CONSTRUCTION CORP,110-32A 15TH. AVENUE,PROPERTY MANAGER,,,Permit Issued
Q01446357-I1-SC,Q01446357-I1,Initial Permit,2026-09-08,2026-09-08,2027-02-28,Suspended Scaffold,"OUTRIGGERS SYSTEM INSTALLATION FOR FACADE INSPECTIONS, NO CHNAGE IN USE, EGRESS OR OCCUPANCY.",0,168-01,12 AVENUE,Queens,11357,R,XINOS CONSTRUCTION CORP,110-32A 15TH. AVENUE,PROPERTY MANAGER,,,Permit Issued
Q01446359-I1-SC,Q01446359-I1,Initial Permit,2026-09-08,2026-09-08,2027-02-28,Suspended Scaffold,"OUTRIGGERS SYSTEM INSTALLATION FOR FACADE INSPECTIONS, NO CHANGE IN USE, EGRESS, OR OCCUPANCY.",0,168-11,12 AVENUE,Queens,11357,R,XINOS CONSTRUCTION CORP,110-32A 15TH. AVENUE,PROPERTY MANAGER,,,Permit Issued
Q01446831-I1-GC,Q01446831-I1,Initial Permit,2026-09-08,2026-08-25,2027-03-27,General Construction,Propose to demolish non- load bearing interior partition in the existing cellar to restore previously approved conditions,8000,53-04,106 STREET,Queens,11368,GC,ARKENSTONE BUILDERS INC,12 TAP COURT,PR,,,Permit Issued
Q01447788-I1-SL,Q01447788-I1,Initial Permit,2026-09-08,2026-08-24,2026-10-01,Solar,"FILING HEREWITH TAX ABATEMENT APPLICATION FOR INSTALLATION OF ROOF-MOUNTED SOLAR PANELS. NO CHANGE IN USE, EGRESS, OR OCCUPANCY.",18000,119-50,224 STREET,Queens,11411,GC,SUNRUN INSTALLATION SVC,775 FIERO LN STE 200,Not Applicable,,,Permit Issued
Q01448304-I1-ST,Q01448304-I1,Initial Permit,2026-09-08,2026-08-25,2026-10-01,Structural,(PHASE 2) - RESTORATION OF INTERIOR MASONARY WALLS. SUPPORT OF NEW ROOFTOP UNITS. RAISE FIRST FLOOR CEILING. ADDITION OF STAIR CASE FROM THE CELLAR TO FIRST FLOOR. FIRST FLOOR SLAB INFILL. ADDITIONAL REMOVAL OF THE SECOND FLOOR FRAMING IN S,1225000,31-08,STEINWAY STREET,Queens,11103,GC,CAULDWELL WINGATE CO LLC,380 LEXINGTON AVE,BLDG Management Co.,,,Permit Issued
Q01449007-I1-FN,Q01449007-I1,Initial Permit,2026-09-08,2026-08-28,2027-05-31,Construction Fence,PROPOSED INSTALLATION OF TEMPORARY CONSTRUCTION FENCE,5000,91-54,117 STREET,Queens,11418,GC,PRECISION HOME DEV INC,148-15 85 DRIVE,ROYAL T&E LLC,,,Permit Issued
Q01449389-I1-SL,Q01449389-I1,Initial Permit,2026-09-08,2026-08-28,2026-10-01,Solar,"FILING HEREWITH TAX ABATEMENT APPLICATION FOR INSTALLATION OF ROOF MOUNTED SOLAR PANELS. NO CHANGE IN USE, EGRESS OR OCCUPANCY.",38250,2-43,150 STREET,Queens,11357,GC,SUNRUN INSTALLATION SVC,775 FIERO LN STE 200,Not Applicable,,,Permit Issued
Q01449851-I1-SF,Q01449851-I1,Initial Permit,2026-09-08,2026-09-02,2027-01-02,Supported Scaffold,"INSTALLATION OF PIPE SCAFFOLD AT 47-04 VAN DAM STREET QUEENS NY 11101 AS INDICATED ON PLANS. THERE WILL BE NO CHANGE IN THE USE, EGRESS, OR OCCUPANCY UNDER THIS APPLICATION.",10000,47-04,VAN DAM STREET,Queens,11101,GC,BLOOM CONSTRUCTION INC,269-20 UNION TURNPIKE,Queensboro Correctional Facility,,,Permit Issued
Q01449855-I1-SH,Q01449855-I1,Initial Permit,2026-09-08,2026-08-31,2026-12-07,Sidewalk Shed,"INSTALLATION OF NEW SIDEWALK SHED AT 47-04 VAN DAM STREET QUEENS NY 11101 AS INDICATED ON PLANS. THERE WILL BE NO CHANGE IN THE USE, EGRESS, OR OCCUPANCY UNDER THIS APPLICATION.",10000,47-04,VAN DAM STREET,Queens,11101,GC,BLOOM CONSTRUCTION INC,269-20 UNION TURNPIKE,Queensboro Correctional Facility,,,Permit Issued
Q01450108-I1-GC,Q01450108-I1,Initial Permit,2026-09-08,2026-09-04,2027-03-04,General Construction,"PROPOSED INTERIOR RENOVATION OF EXIST. 2 STORY FRAME BUILDING. GENERAL CONSTRUCTION WORK AT CEL, 01, AND 02 FLOOR; REMOVE & INSTALL WINDOWS, PARTITIONS, AND HARDWOOD FLOOR. SUPERSEDE WORK FILED UNDER JOB#400783327. NO CHANGE IN USE, EGRESS,",320000,37-35,93 STREET,Queens,11372,GC,MERCURY BUILDING ASSO INC,124-15 METROPOLITAN AVENUE,Not Applicable,,,Permit Issued
Q01450108-S1-PL,Q01450108-S1,Initial Permit,2026-09-08,2026-09-03,2027-01-08,Plumbing,"SUBSEQUENT FILING FOR PLUMBING WORK. INSTALL KITCHEN, BATHROOM, & BOILER ROOM. NO CHANGE IN USE, EGRESS, OR OCCUPANCY.",77000,37-35,93 STREET,Queens,11372,P,WASOFF PLBG & UTILITY CO,36-05C COLLEGE POINT BLVD,Not Applicable,,,Permit Issued
Q01451897-I1-SL,Q01451897-I1,Initial Permit,2026-09-08,2026-09-01,2027-06-01,Solar,"Installation of solar system on the roof as per plan. No change in use, egress or occupancy",25190.4,155-23,114 ROAD,Queens,11434,GC,TRINITY SOLAR LLC,2211 ALLENWOOD ROAD,Not Applicable,,,Permit Issued
Q01452432-I1-GC,Q01452432-I1,Initial Permit,2026-09-08,2026-09-03,2027-01-29,Mechanical Systems,ALT-II FILING RENOVATION OF CONVENIENCE STORE ONLY,102000,34-67,FRANCIS LEWIS BOULEVARD,Queens,11358,GC,JIT CONSTR COMPANY CORP,103-19 103RD AVENUE,Not Applicable,,,Permit Issued
Q01452432-I1-MS,Q01452432-I1,Initial Permit,2026-09-08,2026-09-03,2027-01-29,Mechanical Systems,ALT-II FILING RENOVATION OF CONVENIENCE STORE ONLY,102000,34-67,FRANCIS LEWIS BOULEVARD,Queens,11358,GC,JIT CONSTR COMPANY CORP,103-19 103RD AVENUE,Not Applicable,,,Permit Issued
Q01452432-I1-ST,Q01452432-I1,Initial Permit,2026-09-08,2026-09-03,2027-01-29,Mechanical Systems,ALT-II FILING RENOVATION OF CONVENIENCE STORE ONLY,102000,34-67,FRANCIS LEWIS BOULEVARD,Queens,11358,GC,JIT CONSTR COMPANY CORP,103-19 103RD AVENUE,Not Applicable,,,Permit Issued
Q01452944-I1-GC,Q01452944-I1,Initial Permit,2026-09-08,2026-09-02,2026-10-18,General Construction,"RENOVATION OF EXISTING CELLAR, 1ST AND 2ND FLOOR WITH GENERAL CONSTRUCTION:NEW PARTITIONS, DOORS, FLOORING AND COSMETIC WORK; NO CHANGE IN USE, EGRESS OR OCCUPANCY UNDER THIS APPLICATION.",150000,47-44,158 STREET,Queens,11358,GC,KALE CONSTRUCTION INC,145-12 24 AVE,PR,,,Permit Issued
Q01452946-I1-PL,Q01452946-I1,Initial Permit,2026-09-08,2026-09-01,2027-04-17,Plumbing,"RENOVATION OF EXISTING CELLAR, 1ST AND 2ND FLOOR WITH PLUMBING WORK: REPLACE KITCHEN, BATHROOM FIXTURES AND NEW BATHROOM ON 1ST AND 2ND FLOOR; REPLACE WASHER, DRYER, NEW BOILERS AND HOT WATER HEATERS ON CELLAR; NO CHANGE IN USE, EGRESS OR O",90000,47-44,158 STREET,Queens,11358,P,JOHN FITZGERALD PLBG &HTG,256 WEST 124TH STREET,PR,,,Permit Issued
Q01452960-I1-SL,Q01452960-I1,Initial Permit,2026-09-08,2026-09-04,2026-10-01,Solar,"FILING HEREWITH TAX ABATEMENT APPLICATION FOR INSTALLATION OF ROOF MOUNTED SOLAR PANELS. NO CHANGE IN USE, EGRESS OR OCCUPANCY.",27000,2,WEST MARKET STREET,Queens,11697,GC,SUNRUN INSTALLATION SVC,775 FIERO LN STE 200,,,,Permit Issued
Q01453244-I1-GC,Q01453244-I1,Initial Permit,2026-09-08,2026-08-31,2027-05-31,General Construction,"REMOVAL OF INTERIOR FINISHES, PLUMBING FIXTURES AND NON-BEARING PARTITIONS-NO CHANGE IN USE/OCCUPANCY, EGRESS OR DWELLING UNITS",20000,91-38,111 STREET,Queens,11418,GC,PRECISION HOME DEV INC,148-15 85 DRIVE,Not Applicable,,,Permit Issued
Q01454124-I1-SL,Q01454124-I1,Initial Permit,2026-09-08,2026-09-03,2026-10-01,Solar,"FILING HEREWITH TAX ABATEMENT APPLICATION FOR INSTALLATION OF ROOF-MOUNTED SOLAR PANELS. NO CHANGE IN USE, EGRESS, OR OCCUPANCY.",96750,147-03,69 ROAD,Queens,11367,GC,SUNRUN INSTALLATION SVC,775 FIERO LN STE 200,Not Applicable,,,Permit Issued
Q01454144-I1-SL,Q01454144-I1,Initial Permit,2026-09-08,2026-09-04,2027-04-06,Solar,INSTALLATION OF PHOTOVOLTAIC SOLAR ARRAY ON EXISTING ROOF SYSTEM AS PER PLANS.,63043,120-17,GUY R BREWER BOULEVARD,Queens,11434,GC,NYSS LLC,385 WEST JOHN STREET UNIT 100,Not Applicable,,,Permit Issued
Q01454377-I1-SH,Q01454377-I1,Initial Permit,2026-09-08,2026-09-08,2026-12-07,Sidewalk Shed,"INSTALLATION OF 300 PSF SIDEWALK SHED ROOF PROTECTION AND OVERHEAD PROTECTION AS PER PLANS. ALL EQUIPMENT SHALL COMPLY WITH CHAPTER #33 OF THE 2022 CODE. NO CHANGE IN USE, EGRESS OR OCCUPANCY UNDER THIS APPLICATION.",10000,58-43,FRANCIS LEWIS BOULEVARD,Queens,11364,GC,MC SUPERSTRUCTURE INC,135-53 NORTHERN BLVD #2B,NEUROLOGY SERVICES OF DR. WAEL KAME,,,Permit Issued
Q01454396-I1-MS,Q01454396-I1,Initial Permit,2026-09-08,2026-09-02,2026-10-28,Mechanical Systems,"TO REGISTER THE EXISTING COMMERCIAL KITCHEN EXHAUST HOOD, EXHAUST DUCT AND FAN FOR EATING AND DRINKING ESTABLISHMENT AS PER PLAN FILED HEREWITH. NO CHANGE OF USE, EGRESS OR CERTIFICATE OF OCCUPANCY.",6000,40-12,82 STREET,Queens,11373,GC,DHC POWER MANAGEMENT CORP,1927 EAST 28TH STREET,PR,,,Permit Issued
Q01454470-I1-GC,Q01454470-I1,Initial Permit,2026-09-08,2026-09-04,2026-11-09,General Construction,"INSTALL TWO 2'X2' METAL ROOF HATCH DOORS TO ACCESS THE ROOF FOR MAINTENANCE. NO CHANGE OF USE, EGRESS, OR OCCUPANCY.",10000,85-26,GRAND AVENUE,Queens,11373,GC,TIMING CONSTRUCTION TEAM*,25 89TH STREET,Not Applicable,,,Permit Issued
Q01454725-I1-SL,Q01454725-I1,Initial Permit,2026-09-08,2026-09-03,2026-10-01,Solar,"FILING HEREWITH TAX ABATEMENT APPLICATION FOR INSTALLATION OF ROOF-MOUNTED SOLAR PANELS. NO CHANGE IN USE, EGRESS, OR OCCUPANCY.",20250,52-12,LEITH PLACE,Queens,11362,GC,SUNRUN INSTALLATION SVC,775 FIERO LN STE 200,Not Applicable,,,Permit Issued
Q01454734-I1-SL,Q01454734-I1,Initial Permit,2026-09-08,2026-09-03,2026-11-15,Solar,"INSTALLATION OF SOLAR PANELS ON ROOF. NO CHANGE IN USE, EGRESS, OR OCCUPANCY.",23144,25-10,32 STREET,Queens,11102,RA,"TOM PETERSEN ARCHITECT, LLC",6 COUNTRY LANE,Not Applicable,,,Permit Issued
Q01454889-I1-SH,Q01454889-I1,Initial Permit,2026-09-08,2026-09-08,2026-12-07,Sidewalk Shed,"PROPOSED INSTALLATION OF HEAVY DUTY SIDEWALK SHED AS PER PLANS. LIVE LOAD 300 LBS PER SQUARE FEET. SIDEWALK SHED SHALL COMPLY WITH CHAPTER #33 OF THE NYC BUILDING CODE. NO CHANGE IN USE, OCCUPANCY, OR EGRESS UNDER THIS APPLICATION.",7000,89-40,151 AVENUE,Queens,11414,GC,AKALA CONSTRUCTION INC,140-08 FOCH BLVD,Akala construction inc,,,Permit Issued
Q01454907-I1-SH,Q01454907-I1,Initial Permit,2026-09-08,2026-09-08,2026-10-29,Sidewalk Shed,PROPOSED INSTALLATION OF HEAVY DUTY SIDEWALK SHED FOR NEW BUILDING AS PER PLANS. NO CHANGE IN USE OCCUPANCY OR EGRESS UNDER THIS APPLICATION. LIVE LOAD 300 PER SQUARE FEET. SIDEWALK SHED SHALL COMPLY WITH CHAPTER # 33 OF THE 2022 CODE.,1000,30-09,21 STREET,Queens,11102,GC,CLASSIC CONSULTING GROUP,211-04 39TH AVENUE,CLASSIC CONSULTING GROUP,,,Permit Issued
Q01454957-I1-GC,Q01454957-I1,Initial Permit,2026-09-08,2026-09-02,2027-03-05,General Construction,"FACADE REPAIR, POINTING AND BRICK REPLACEMENT AS PER PLAN. THERE WILL BE NO CHANGE IN THE USE, EGRESS, OR OCCUPANCY UNDER THIS APPLICATION.",12000,30-74,STEINWAY STREET,Queens,11103,GC,S & S GENERAL CONSTR INC,114-17 125TH ST,S & S GENERAL CONSTR INC,,,Permit Issued
Q01455068-I1-GC-CX,Q01455068-I1,Initial Permit,2026-09-08,2026-09-03,2027-01-03,General Construction,"INTERIOR RENOVATION AND MECHANICAL WORK INCLUDING KITCHEN HOOD & DUCT WITH EXHAUST SYSTEMS AND MAKE-UP AIR FANS FOR EXISTING STORE ON CELLAR & 1ST FLOOR. NO CHANGE IN USE, OCCUPANCY, AND EGRESS UNDER THIS APPLICATION.",122000,164-01,NORTHERN BOULEVARD,Queens,11358,GC,AHRUM DECO INC,5235 LITTLE NECK PARKWAY,PR,,,Permit Issued
Q01456909-I1-SF,Q01456909-I1,Initial Permit,2026-09-08,2026-09-08,2027-03-11,Supported Scaffold,"PROPOSED INSTALLATION OF TEMPORARY PIPE SCAFFOLD AS PER PLANS. WORK SHALL COMPLY WITH CHAPTER #33 OF THE NYC BUILDING CODE. NO CHANGE IN USE, OCCUPANCY, OR EGRESS UNDER THIS APPLICATION.",8000,56-07,METROPOLITAN AVENUE,Queens,11385,GC,LB AND J CONSTRUCTION INC,110 JERICHO TURNPIKE #206,PR,,,Permit Issued
Q07995373-S6-ST,Q07995373-S6,Initial Permit,2026-09-08,2023-11-03,2026-11-18,Structural,Partial demolition work in conjunction alteration-co Job#Q07995373-I1,50000,87-06,BEACH CHANNEL DRIVE,Queens,11693,GC,TITAN CONSTRUCTION CORP,1937 HORATIO AVENUE,BLUESHORE ENGINEERING LLC,,,Permit Issued
S00765900-I1-GC-CX,S00765900-I1,Initial Permit,2026-09-08,2024-06-20,2027-05-01,Structural,"NEW BUILDING APPLICATION FOR TWO-FAMILY, THREE-STORY DETACHED RESIDENCE W/ A ONE-CAR BUILT-IN GARAGE AND TWO 8'-6x18'-0 PARKING PADS",0,61,ELDER AVENUE,Staten Island,10309,GC,"NELLO HOMES, INC",21 PRALL AVE,NELLO DEVELOPMENT CORP,,,Permit Issued
S00769003-S1-MS,S00769003-S1,Initial Permit,2026-09-08,2023-12-22,2027-05-01,Mechanical Systems,"NEW BUILDING APPLICATION FOR TWO-FAMILY, THREE-STORY DETACHED RESIDENCE W/ A ONE-CAR BUILT-IN GARAGE AND TWO 8'-6x18'-0 PARKING PADS",0,57,ELDER AVENUE,Staten Island,10309,GC,"NELLO HOMES, INC",21 PRALL AVE,NELLO DEVELOPMENT CORP,,,Permit Issued
S00949376-I1-GC,S00949376-I1,Initial Permit,2026-09-08,2023-10-23,2026-10-01,General Construction,"REMOVAL AND REPLACEMENT OF FURRED GYPSUM BOARD WALLS AT RETAINING WALLS, FLOORING, DOORS, FRAMES, CASEWORK, RESILIENT BASE, FIN TUBE RADIATORS, CONCRETE FLOOR SLAB. INSTALLATION OF WATERPROOFING MEMBRANE AT RETAINING WALL.",1200000,1800,RICHMOND TERRACE,Staten Island,10310,GC,A QUEST CORPORATION,159 42ND STREET,1784 RICHMOND TERRACE LLC,,,Permit Issued
S00949376-S2-PL,S00949376-S2,Initial Permit,2026-09-08,2023-10-27,2027-08-21,Plumbing,INSTALL STORM DRAINAGE STRUCTURES AND PIPING.,100000,1800,RICHMOND TERRACE,Staten Island,10310,P,"MAR-SAL PLBG & HTG, INC",101-11 97TH AVENUE,1784 RICHMOND TERRACE LLC,,,Permit Issued
S00949376-S3-MS,S00949376-S3,Initial Permit,2026-09-08,2023-11-03,2027-07-09,Mechanical Systems,DISCONNECT BASEBOARD RADIATOR AS SHOWN ONTHE PLAN FROM THE SUPPLY AND RETURN PIPES. CONNECT THEM BACK WITH THE SUPPLY AND RETURN PIPES AFTER MOVING AGAINST THE NEW WALL.,20000,1800,RICHMOND TERRACE,Staten Island,10310,GC,U & I MECHANICAL CORP,27 STEWARD ST,1784 RICHMOND TERRACE LLC,,,Permit Issued
S00949376-S4-PL,S00949376-S4,Initial Permit,2026-09-08,2023-10-24,2027-08-21,Plumbing,PROVIDE AND INSTALL TWO ACCESSIBLE DRINKING FOUNTAINS AS PER THE PLANS.,30000,1800,RICHMOND TERRACE,Staten Island,10310,P,"MAR-SAL PLBG & HTG, INC",101-11 97TH AVENUE,1784 RICHMOND TERRACE LLC,,,Permit Issued
S00964096-S4-EW-SP,S00964096-S4,Initial Permit,2026-09-08,2026-08-10,2027-03-04,Sprinklers,INSTALL RESIDENTIAL SPRINKLER WTIH COMBINED WATER SERVICE.,0,16,CANTON AVENUE,Staten Island,10312,F,FLOW-RIGHT FIRE SUPP CORP,94 DAVIDSON STREET,PR,,,Permit Issued
S00970528-S2-CC,S00970528-S2,Initial Permit,2026-09-08,2026-09-01,2026-12-22,Curb Cut,INSTALL NEW 10' WIDE CONCRETE CURB CUT AS PER APPROVED BPP,0,127,SHELDON AVENUE,Staten Island,10312,GC,MAXIMUM CONTRACTING INC,18 VANDERBILT AVENUE,PR,,,Permit Issued
S01177422-I1-GC-CX,S01177422-I1,Initial Permit,2026-09-08,2026-08-12,2026-12-15,Structural,Alteration to existing old-code single family residence constructed circa 1920 including horizontal enlargement. Work to comply with 2022 Code.,756270,829,RICHMOND ROAD,Staten Island,10304,GC,GCONTEK INC,86 MULBERRY AVE,n/a,,,Permit Issued
S01201630-I1-GC-CX,S01201630-I1,Initial Permit,2026-09-08,2026-08-26,2027-04-01,General Construction,Convert 1 family to a 2 family residence- add 1 story extension to rear; add second floor; new finishes as per the plans filed herewith,507671,68,TREMONT AVENUE,Staten Island,10314,GC,INNOVATED CONTRACTING LLC,94-09 216 ST,184694,,,Permit Issued
S01277333-I1-FO,S01277333-I1,Initial Permit,2026-09-08,2026-01-30,2027-02-24,Foundation,Construct a two family residence with accessory off-street parking for two cars.,0,161,BEACH ROAD,Staten Island,10312,GC,STATCON DEVELOPMENT LLC,516 SHARROTS ROAD,LATERRA DEVELOPERS LLC,,,Permit Issued
S01277333-I1-GC,S01277333-I1,Initial Permit,2026-09-08,2026-01-30,2027-02-24,Structural,Construct a two family residence with accessory off-street parking for two cars.,0,161,BEACH ROAD,Staten Island,10312,GC,STATCON DEVELOPMENT LLC,516 SHARROTS ROAD,LATERRA DEVELOPERS LLC,,,Permit Issued
S01277333-I1-ST,S01277333-I1,Initial Permit,2026-09-08,2026-01-30,2027-02-24,Foundation,Construct a two family residence with accessory off-street parking for two cars.,0,161,BEACH ROAD,Staten Island,10312,GC,STATCON DEVELOPMENT LLC,516 SHARROTS ROAD,LATERRA DEVELOPERS LLC,,,Permit Issued
S01363141-I1-GC-CX,S01363141-I1,Initial Permit,2026-09-08,2026-04-24,2026-10-03,Foundation,Construct a two-family attached residence with built-in one car garage,0,38,TENAFLY PLACE,Staten Island,10312,GC,FAS BUILDING CORP,7 COLITA COURT,ANNADALE ROAD DEVELOPMENT LLC,,,Permit Issued
S01378249-S1-PL,S01378249-S1,Initial Permit,2026-09-08,2026-04-28,2027-06-30,Plumbing,"REMOVE 3 EXISTING PLUMBING FIXTURES AND 1 EXISTING RANGE/OVEN. NO CHANGE IN USE, EGRESS, OR OCCUPANCY.",0,117,BEVERLY AVENUE,Staten Island,10301,P,SIGNORE & SONS PLBG CORP,2237 WEBSTER AVENUE,Not Applicable,,,Permit Issued
S01393317-I1-PL,S01393317-I1,Initial Permit,2026-09-08,2026-04-30,2026-12-31,Plumbing,FILED HEREWITH; RESIDENTIAL SPRINKLER PLAN,19000,72,GRAVES STREET,Staten Island,10314,P,DUO PLUMBING & HTG CORP.,88 KREISCHER STREET,WALLACE AVENUE CONST.LLC,,,Permit Issued
S01393348-I1-PL,S01393348-I1,Initial Permit,2026-09-08,2026-04-30,2026-12-31,Plumbing,FILED HEREWITH; RESIDENTIAL SPRINKLER PLAN,21250,74,GRAVES STREET,Staten Island,10314,P,DUO PLUMBING & HTG CORP.,88 KREISCHER STREET,WALLACE AVENUE CONST.LLC,,,Permit Issued
S01393415-I1-PL,S01393415-I1,Initial Permit,2026-09-08,2026-04-30,2026-12-31,Plumbing,FILED HEREWITH; RESIDENTIAL SPRINKLER PLAN,19000,76,GRAVES STREET,Staten Island,10314,P,DUO PLUMBING & HTG CORP.,88 KREISCHER STREET,WALLACE AVENUE CONST.LLC,,,Permit Issued
S01393836-I1-PL,S01393836-I1,Initial Permit,2026-09-08,2026-04-29,2026-12-31,Plumbing,FILED HEREWITH; RESIDENTIAL SPRINKLER PLAN,19000,80,GRAVES STREET,Staten Island,10314,P,DUO PLUMBING & HTG CORP.,88 KREISCHER STREET,WALLACE AVENUE CONST.LLC,,,Permit Issued
S01427375-I1-GC-CX,S01427375-I1,Initial Permit,2026-09-08,2026-09-02,2026-10-22,General Construction,ONE-STORY HORIZONTAL ADDITION TO AN EXISTING ONE-FAMILY RESIDENCE.,116000,137,BACHE AVENUE,Staten Island,10306,GC,BLUE STAR GROUP LLC,1357 HUGUENOT AVENUE,Not Applicable,,,Permit Issued
S01442338-I1-GC,S01442338-I1,Initial Permit,2026-09-08,2026-08-19,2026-11-19,General Construction,PROPOSED ALTERATION TO EXISTING 1 FAMILY RESIDENCE TO INCLUDE REARRANGEMENT OF INTERIOR PARTITIONS. THERE IS NO INCREASE IN FLOOR AREA.,575000,25,THE OVAL,Staten Island,10304,GC,MADONIA DEVELOPMENT CORP,51 WINANT PLACE,PR,,,Permit Issued
S01442338-I1-MS,S01442338-I1,Initial Permit,2026-09-08,2026-08-19,2026-11-19,Mechanical Systems,PROPOSED ALTERATION TO EXISTING 1 FAMILY RESIDENCE TO INCLUDE REARRANGEMENT OF INTERIOR PARTITIONS. THERE IS NO INCREASE IN FLOOR AREA.,575000,25,THE OVAL,Staten Island,10304,GC,MADONIA DEVELOPMENT CORP,51 WINANT PLACE,PR,,,Permit Issued
S01446579-I1-FN,S01446579-I1,Initial Permit,2026-09-08,2026-09-02,2027-02-05,Construction Fence,"APPLICATION IS FILED FOR THE CONSTRUCTION OF 8'-0 HIGH PLYWOOD TEMPORARY CONSTRUCTION FENCE AROUND LOTS 107, 108, 109 AND 110. ALL WORK AS PER PLANS SUBMITTED HEREWITH. NO CHANGE IN USE, EGRESS OR OCCUPANCY FILED UNDER THIS APPLICATION.",5000,222,ALBEE AVENUE,Staten Island,10312,GC,RIGHTWAY RENOVATIONS CORP,142 KING STREET,RIGHTWAY RENOVATIONS CORP.,,,Permit Issued
S01454306-I1-SL,S01454306-I1,Initial Permit,2026-09-08,2026-09-04,2026-10-01,Solar,"FILING HEREWITH TAX ABATEMENT APPLICATION FOR INSTALLATION OF ROOF MOUNTED SOLAR PANELS. NO CHANGE IN USE, EGRESS OR OCCUPANCY.",47250,279,ALTER AVENUE,Staten Island,10305,GC,SUNRUN INSTALLATION SVC,775 FIERO LN STE 200,PR,,,Permit Issued
S01455580-I1-FN,S01455580-I1,Initial Permit,2026-09-08,2026-09-04,2026-10-26,Construction Fence,TEMPORARY CONSTRUCTION FENCE FOR NEW MXED USE BUILDING 396A & 396B MANOR ROAD.,8000,396A,MANOR ROAD,Staten Island,10314,GC,MONELLO ENTERPRISES INC,3191 RICHMOND ROAD,MONELLO ENTERPRISES INC,,,Permit Issued
X00975648-S8-GC-CX,X00975648-S8,Initial Permit,2026-09-08,2026-07-16,2026-12-30,Earth Work,Civil site work as shown on drawings filed herewith.,0,5921,PALISADE AVENUE,Bronx,10471,GC,CONSIGLI CONSTRUCTION CO,72 SUMNER STREET,RiverSpring Living,,,Permit Issued
X01058859-S1-SH,X01058859-S1,Initial Permit,2026-09-08,2026-08-24,2026-12-07,Sidewalk Shed,"INSTALLATION OF 300PSF SIDEWALK SHED AS PER PLANS. ALL EQUIPMENT SHALL COMPLY WITH CHAPTER #33 OF THE NYC CODE 2022. NO CHANGE IN USE, OCCUPANCY OR EGRESS UNDER THIS APPLICATION.",10000,1180,ANDERSON AVENUE,Bronx,10452,GC,SKYVISION CONSTRUCTIONS,103-40 103RD STREET,SKYVISION CONSTRUCTIONS,,,Permit Issued
X01213482-I1-FD,X01213482-I1,Initial Permit,2026-09-08,2026-02-20,2026-10-25,Full Demolition,FULL DEMOLITION OF EXISTING ONE STORY detached ONE CAR MASONRY GARAGE.,1000,3489 GAR,KINGSLAND AVENUE,Bronx,10469,GC,AK GENERAL CONTRACTOR COR,1723 MATTEWS AVE APT S1,Not Applicable,,,Permit Issued
X01213491-I1-FD,X01213491-I1,Initial Permit,2026-09-08,2026-02-18,2026-10-25,Full Demolition,FULL DEMOLITION OF EXISTING ONE STORY FRAME & STUCCO FULLY DETTACHED RESIDENTIAL BUILDING,1000,3487,KINGSLAND AVENUE,Bronx,10469,GC,AK GENERAL CONTRACTOR COR,1723 MATTEWS AVE APT S1,Not Applicable,,,Permit Issued
X01239762-Z3-PMM,X01239762-Z3,Initial Permit,2026-09-08,2026-09-08,2027-01-01,Protection and Mechanical Methods,"INSTALLATION AND USE OF TEMPORARY LOADING PLATFORM AS PER PLANS FILED HEREWITH. NO CHANGE IN USE, EGRESS, OR OCCUPANCY.",0,2095,ANTHONY AVENUE,Bronx,10457,GC,"SKF GENERAL CONTRACTORS,",1144 EVERGREEN AVENUE STE 1,PR,,,Permit Issued
X01250532-Z5-PMM,X01250532-Z5,Initial Permit,2026-09-08,2026-09-08,2027-01-01,Protection and Mechanical Methods,"INSTALLATION AND USE OF TEMPORARY LOADING PLATFORM AS PER PLANS FILED HEREWITH. NO CHANGE IN USE, EGRESS, OR OCCUPANCY.",0,2097,ANTHONY AVENUE,Bronx,10457,GC,"SKF GENERAL CONTRACTORS,",1144 EVERGREEN AVENUE STE 1,PR,,,Permit Issued
X01252589-Z2-PMM,X01252589-Z2,Initial Permit,2026-09-08,2026-09-08,2026-12-02,Protection and Mechanical Methods,"INSTALLATION AND USE OF TEMPORARY KNUCKLEBOOM AS PER PLANS FILED HEREWITH. NO CHANGES IN USE, EGRESS, OR OCCUPANCY",0,22,MT HOPE PLACE,Bronx,10453,GC,INNOVATIVE CONSTR NYC LLC,"130 LEE AVENUE, SUITE 431",OVER THE TOP LIFTING,,,Permit Issued
X01262505-S3-ST,X01262505-S3,Initial Permit,2026-09-08,2026-02-06,2026-11-03,Structural,Structural work in conjunction with NB application #X01262505-I1,0,2320,BELMONT AVENUE,Bronx,10458,GC,NEW LINE CONSTRUCTION LLC,2444 BOUCK AVENUE,Not Applicable,,,Permit Issued
X01263390-S9-EW-SD,X01263390-S9,Initial Permit,2026-09-08,2026-09-01,2026-11-14,Standpipe,Application herewith filed for standpipe in conjunction with Sprinkler job number X01263390-S6,0,163,WEST 165 STREET,Bronx,10452,F,PRIME PIPING & HEATING IN,152-32 ROCKAWAY BLVD,163 west 165 LLC,,,Permit Issued
X01281979-S8-FN,X01281979-S8,Initial Permit,2026-09-08,2026-09-01,2027-04-28,Construction Fence,Construction Fence in conjunction with NB Application #X01281979-I1,0,1911,HARRISON AVENUE,Bronx,10453,GC,BROOKDALE CONSTR LLC,1001 CLOVE ROAD,Not Applicable,,,Permit Issued
X01330927-I1-MS,X01330927-I1,Initial Permit,2026-09-08,2026-05-20,2027-01-01,Mechanical Systems,Replacing nine (9) gas-fired rooftop HVAC units with electric heat pump units. Installation if infrared heaters throughout garage,1842193,1610,MATTHEWS AVENUE,Bronx,10462,GC,ATTRI ENTERPRISES INC,892 METROPOLITAN AVE,Consolidated Edison of New York,,,Permit Issued
X01330927-S1-GC,X01330927-S1,Initial Permit,2026-09-08,2026-06-02,2027-01-01,General Construction,Replacement of existing interior roll-up door at the building.,2865440,1610,MATTHEWS AVENUE,Bronx,10462,GC,ATTRI ENTERPRISES INC,892 METROPOLITAN AVE,Consolidated Edison of New York,,,Permit Issued
X01330978-S1-EW-SP,X01330978-S1,Initial Permit,2026-09-08,2026-02-06,2026-11-14,Sprinklers,Sprinkler & Standpipe system removal in conjunction with Full demo application X01330978-I1.,5000,2925,WESTCHESTER AVENUE,Bronx,10461,F,PRIME PIPING & HEATING IN,152-32 ROCKAWAY BLVD,WESTORCHARD MANAGEMENT,,,Permit Issued
X01331790-S1-PL,X01331790-S1,Initial Permit,2026-09-08,2026-05-07,2026-11-10,Plumbing,INSTALLATION OF PLUMBING FIXTURES & ELECTRIC HOT WATER HEATER IN CONJUNCTION WITH GC #X01331790-I1 AS PER THE DRAWINGS FILED HEREIN.,56000,724,SOUTHERN BOULEVARD,Bronx,10455,P,A. M. PLUMBING COMPANY,37-32 10TH STREET,712 southern llc,,,Permit Issued
X01336607-S3-PL,X01336607-S3,Initial Permit,2026-09-08,2026-03-02,2026-11-14,Plumbing,PLUMBING SPECIFICATIONS FILED IN CONJUNCTION WITH GC APPLICATION X01336607-I1,0,3822,SEDGWICK AVENUE,Bronx,10463,P,PRIME PIPING & HEATING IN,152-32 ROCKAWAY BLVD,PR,,,Permit Issued
X01349135-S8-SF,X01349135-S8,Initial Permit,2026-09-08,2026-09-04,2026-12-26,Supported Scaffold,"PROPOSED INSTALLATION OF LIGHT DUTY PUMP JACK SCAFFOLDS FOR FACADE WORK. no change in use, occupancy or egress. all work to comply with chapter 33 of nycbc",1000,491,EAST 166 STREET,Bronx,10456,GC,BUILDERS GROUP USA INC,4118 14TH AVENUE #108,PR,,,Permit Issued
X01360064-S3-PL,X01360064-S3,Initial Permit,2026-09-08,2026-08-19,2026-10-01,Plumbing,Plumbing work in conjunction with the NB application #X01360064-I1,0,1794,MARMION AVENUE,Bronx,10460,P,INFINITI ESC PLUMBING COR,2072 EASTCHESTER ROAD,MDMB LLC,,,Permit Issued
X01360469-S2-FO-EA,X01360469-S2,Initial Permit,2026-09-08,2026-07-28,2026-11-10,Foundation,FOUNDATION AND EARTHWORK SPECIFICATIONS FILED IN CONJUNCTION WITH GC APPLICATION JOB #X01360469-I1,0,2970,3 AVENUE,Bronx,10455,GC,B CONTRACTORS GROUP LLC,"185 MARCY AVENUE, SUITE 304",OWNERS REP,,,Permit Issued
X01362725-I1-AN,X01362725-I1,Initial Permit,2026-09-08,2026-04-14,2026-12-01,Antenna,Installation of new T-Mobile telecom site. Installing 9 antennas and 6 RRU's on the roof. Installing steel platform with 2 equipment cabinets on the roof.,72600,2311,SOUTHERN BOULEVARD,Bronx,10460,GC,PREMIER CONSTRUCT SVC LLC,4 JUST ROAD,PR,,,Permit Issued
X01362865-I1-GC,X01362865-I1,Initial Permit,2026-09-08,2026-04-28,2027-02-03,General Construction,"Replace existing fire damaged 5th floor ceiling beams & roof joists as per plan. No change in occupancy,use or egress.",60000,1215,GRAND CONCOURSE,Bronx,10452,GC,LIME STONE BUILDERS INC,6618 20TH AVE #40442,DKCK,,,Permit Issued
X01376593-I1-FN,X01376593-I1,Initial Permit,2026-09-08,2026-05-11,2026-12-02,Construction Fence,Installation of 8ft construction fence,2500,840,FREEMAN STREET,Bronx,10459,GC,INNOVATIVE CONSTR NYC LLC,"130 LEE AVENUE, SUITE 431",Not Applicable,,,Permit Issued
X01382935-S1-PL,X01382935-S1,Initial Permit,2026-09-08,2026-07-06,2026-10-21,Plumbing,INTERIOR RENOVATION EXISTING TWO-FAMILY DWELLING UNIT AND BASEMENT INCLUDING NEW BATHROOM INSTALLATION 1ST & 2ND FLOOR WITH HEATING SYSTEM UPGRADE .,48200,1636,GLOVER STREET,Bronx,10462,P,G.M.A. PLUMBING & HEATING,207-19 JAMAICA AVENUE,N/A,,,Permit Issued
X01388820-S6-FN,X01388820-S6,Initial Permit,2026-09-08,2026-06-29,2027-03-21,Construction Fence,INSTALLATION OF CONSTRUCTION FENCE,0,2095,TILLOTSON AVENUE,Bronx,10475,GC,"LEAD IT BUILDERS, LLC",670 MYRTLE AVE #6-404,PR,,,Permit Issued
X01392749-I1-FD,X01392749-I1,Initial Permit,2026-09-08,2026-06-04,2026-12-28,Full Demolition,Full demolition to a one story structure,35000,633,BERGEN AVENUE,Bronx,10455,GC,N TECH DESIGN OF AMERICA,"1648 EAST 14TH STREET, STE 1",Lead It Builders LLC,,,Permit Issued
X01411041-I1-GC,X01411041-I1,Initial Permit,2026-09-08,2026-08-20,2026-12-01,General Construction,"FACADE REPAIR TO INCLUDE MASONRY REPAIRS AND REPLACEMENT. NO CHANGES OF USE, EGRESS, OR OCCUPANCY.",150000,2305,UNIVERSITY AVENUE,Bronx,10468,GC,PLAZA CONTRACTING COMPANY,3810 FT HAMILTON PKWY,FINKELSTEIN-TIMBERGER LLC,,,Permit Issued
X01419381-I1-GC,X01419381-I1,Initial Permit,2026-09-08,2026-08-28,2026-12-09,General Construction,"PROPOSED EXTERIOR FACADE RESTORATION AS PER PLANS FILED HEREWITH. NO CHANGE IN USE, EGRESS OR OCCUPANCY.",147625,488,EAST 164 STREET,Bronx,10456,GC,LAWRENCE EXTERIOR RESTORA,150-44 11TH AVENUE,Not Applicable,,,Permit Issued
X01433576-I1-GC,X01433576-I1,Initial Permit,2026-09-08,2026-09-01,2027-02-01,General Construction,"NO WORK APPLICATION FILED TO UPDATE METES AND BOUNDS, MERGING ZONING LOTS 12 AND 14, REMAINING AS SEPARATE TAX LOTS.",1000,2174,BATHGATE AVENUE,Bronx,10457,GC,CITY WIDE BUILDERS GRP IN,"31 SPENCER STREET., 11TH FL",THE VAJA GROUP,,,Signed-off
X01435249-I1-GC,X01435249-I1,Initial Permit,2026-09-08,2026-07-29,2027-06-02,General Construction,"Renovate existing one family dwelling , new sheetrock finishes, new windows, new steps & landing",87200,99,REYNOLDS STREET,Bronx,10464,GC,CFA DRYWALL INC,98 WINTERS STREET,Not Applicable,,,Permit Issued
X01443314-I1-MS,X01443314-I1,Initial Permit,2026-09-08,2026-09-08,2026-10-01,Mechanical Systems,Replacement of air conditioning unit on the roof. All existing ductwork to remain as is. No change in use egress and occupancy.,50000,2210,BARTOW AVENUE,Bronx,10475,GC,ARISTA AIR CONDITIONING C,38-26 10 STREET,PR,,,Permit Issued
X01443334-I1-SH,X01443334-I1,Initial Permit,2026-09-08,2026-08-24,2026-12-07,Sidewalk Shed,"INSTALLATION OF TEMPORARY HEAVY DUTY SIDEWALK SHED AS PER PLANS. NO CHANGE IN USE, EGRESS OR OCCUPANCY. SIDEWALK SHED SHALL COMPLY WITH CHAPTER #33 OF 2022 THE NYC BUILDING CODE. LIVE LOAD 300PSF.",5000,2040,EAST TREMONT AVENUE,Bronx,10462,GC,PLATINUM SERVICES NY LLC,53-28 11TH STREET 2ND FL,PLATINUM SERVICES NY LLC,,,Permit Issued
X01453877-I1-MS,X01453877-I1,Initial Permit,2026-09-08,2026-09-03,2027-01-17,Mechanical Systems,"APPLICATION FILED TO INSTALL PLUMBING FIXTURES FOR THE FIRST FLOOR KITCHEN ACCESSORY TO BODEGA WORK INCLUDES INSTALLATION OF 3 COMPARTMENT SINK,SMALL HAND SINK,GREASE TRAP AND FLOOR DRAIN. MECHANICAL HOOD AT KITCHEN ARE EXHAUST DUCT TO ROOF",15000,383,EAST 138 STREET,Bronx,10454,GC,MARTINEZ CONST NY CORP,1041 FALLE STREET APT 3,383 Capellan Grocery,,,Permit Issued
X01454207-I1-SL,X01454207-I1,Initial Permit,2026-09-08,2026-09-04,2027-04-06,Solar,INSTALLATION OF PHOTOVOLTAIC SOLAR ARRAY ON EXISTING ROOF SYSTEM AS PER PLANS.,36357,3311,LURTING AVENUE,Bronx,10469,GC,NYSS LLC,385 WEST JOHN STREET UNIT 100,Not Applicable,,,Permit Issued
