dos_id,name,filed,entity_type,county,jurisdiction,process_name,process_address,process_address_2,process_city,process_state,process_zip
8031471,BARRO Y COBRE LLC,2026-09-27,DOMESTIC LIMITED LIABILITY COMPANY,Kings,New York,HOGAR Hospitality LLC,457 Halsey St.,#3,Brooklyn,NY,11233
8031472,PERSIS PROVISIONS LLC,2026-09-27,DOMESTIC LIMITED LIABILITY COMPANY,Westchester,New York,Northwest Registered Agent LLC,418 Broadway,STE N,Albany,NY,12207
8031473,THE GLAM BEAUTY SALON LLC,2026-09-27,DOMESTIC LIMITED LIABILITY COMPANY,Jefferson,New York,The Glam Beauty Salon LLC,416 Gotham Street,,Watertown,NY,13601
8031474,BLACKSTONE MEDSUPPLY GROUP CORPORATION,2026-09-27,DOMESTIC BUSINESS CORPORATION,Kings,New York,Yuriy Yagudayev,44 Redwood Loop,,Staten Island,NY,10309
8031475,ZHUANG HELPER LLC,2026-09-27,DOMESTIC LIMITED LIABILITY COMPANY,New York,New York,Zhuang Helper LLC,201 Madison St Apt9,,New York,NY,10002
8031476,LMID BY LISNEL MATEO LLC,2026-09-27,DOMESTIC LIMITED LIABILITY COMPANY,Kings,New York,FRANSHESKA VARGAS,37 MAUJER STREET,APT 4A,BROOKLYN,NY,11206
8031477,PORTOBELLO GRILL LLC,2026-09-27,DOMESTIC LIMITED LIABILITY COMPANY,Richmond,New York,Saul Olivares-Rojas,15 Evergreen Ave FL1,,Staten Island,NY,10304
8031478,IRONPHORM LLC,2026-09-27,DOMESTIC LIMITED LIABILITY COMPANY,Kings,New York,IronPhorm LLC,318 Rochester ave,Apt. B5,Brooklyn,NY,11213
8031479,STEEPLY LLC,2026-09-27,DOMESTIC LIMITED LIABILITY COMPANY,New York,New York,Brandon Resto,577 Isham St.,3E,New York,NY,100342040
8031480,OTTER AND PEBBLE STUDIO LLC,2026-09-27,DOMESTIC LIMITED LIABILITY COMPANY,New York,New York,Otter and Pebble Studio LLC,353 W 44th St,Apt 5A,New York,NY,10036
8031481,NORD SCIENTIFIC PUBLISHING LLC,2026-09-27,DOMESTIC LIMITED LIABILITY COMPANY,Erie,New York,Mujeeb Shittu,475 Maynard Drive,,Buffalo,NY,14226
8031482,SONAR BANGLA PEOPLE SERVICES CORPORATION,2026-09-27,DOMESTIC BUSINESS CORPORATION,Queens,New York,SORWER HOSSAIN,10104 78TH STREET,,OZONE PARK,NY,11416
8031483,"THALAVIUM, LLC",2026-09-27,DOMESTIC LIMITED LIABILITY COMPANY,Albany,New York,"Thalavium, LLC",99 Wall Street,#4848,New York,NY,10005
8031484,"BOOBOO HEALTH, LLC",2026-09-27,DOMESTIC LIMITED LIABILITY COMPANY,Nassau,New York,Irene Perdomo,8 Kings Dr,,Old Westbury,NY,11568
8031485,PLEXUS CONSULTING INC.,2026-09-27,DOMESTIC BUSINESS CORPORATION,Oneida,New York,PLEXUS CONSULTING INC.,27 Barley Mow Run,,New Hartford,NY,13413
8031486,NEHAMIAH EDWARDS LLC,2026-09-27,DOMESTIC LIMITED LIABILITY COMPANY,New York,New York,Entity Protect Registered Agent Services LLC,447 Broadway 2nd Fl. - #3000,,New York,NY,10013
8031487,BIGFOOT FOUND FOOTAGE LLC,2026-09-27,DOMESTIC LIMITED LIABILITY COMPANY,Queens,New York,Jacob Fallon,1863 Bleecker St,1R,Flushing,NY,11385
8031488,DATAPULSE TECH LLC,2026-09-27,DOMESTIC LIMITED LIABILITY COMPANY,Nassau,New York,Asma Afaq,4794 Hempstead Tpke,,Farmingdale,NY,11735
8031489,MAXINE NYC LLC,2026-09-27,DOMESTIC LIMITED LIABILITY COMPANY,New York,New York,Entity Protect Registered Agent Services LLC,447 Broadway 2nd Fl. - #3000,,New York,NY,10013
8031490,REPUBLIC MEDIA LLC,2026-09-27,DOMESTIC LIMITED LIABILITY COMPANY,Nassau,New York,JOHN KOENIG,855 E BROADWAY APARTMENT 1B,,LONG BEACH,NY,11561
8031491,FALAFEX LLC,2026-09-27,DOMESTIC LIMITED LIABILITY COMPANY,Kings,New York,Falafex LLC,599 Central Avenue,Apt 1,Brooklyn,NY,11207
8031492,SEASON ALLY LLC,2026-09-27,DOMESTIC LIMITED LIABILITY COMPANY,Albany,New York,Alexandra Cummings,186 Elm Street,,Albany,NY,12202
8031493,DLA CONCEPTS LLC,2026-09-27,DOMESTIC LIMITED LIABILITY COMPANY,Richmond,New York,Eric A. De Los Angeles Cruz,66 maple ave,,staten island,NY,10302
8031494,"OHM SWEET OHM ELECTRIC, LLC",2026-09-27,DOMESTIC LIMITED LIABILITY COMPANY,Clinton,New York,Amanda Costin,305 Hallock Hill Rd,,Peru,NY,12972
8031495,THOUGHTFULLY PLACED BY AMANDA LLC,2026-09-27,DOMESTIC LIMITED LIABILITY COMPANY,Suffolk,New York,Amanda Felix,218 Hyman Avenue,,West Islip,NY,11795
8031496,LLGF INC.,2026-09-27,DOMESTIC BUSINESS CORPORATION,Queens,New York,Luis Ferreira,13535 95th Street,,Ozone Park,NY,114172815
8031497,KING STAR LOGISTICS LLC,2026-09-27,DOMESTIC LIMITED LIABILITY COMPANY,New York,New York,Wilfredo v. Pena,1675 Grand Concourse Av,Apt 4i,Bronx,NY,10452
8031498,LAST SEEN LLC,2026-09-27,DOMESTIC LIMITED LIABILITY COMPANY,Westchester,New York,Michael Aviles,148 Bennett Ave,,Yonkers,NY,10701
8031499,LEGACY SEALCOATING LLC,2026-09-27,DOMESTIC LIMITED LIABILITY COMPANY,Steuben,New York,LEGACY SEALCOATING LLC,6138 County Route 119,,Cameron,NY,14819
8031500,4K PAINTING & FINISHES LLC,2026-09-27,DOMESTIC LIMITED LIABILITY COMPANY,Bronx,New York,Nickcardo Blake,1861 Hunt Ave,,Bronx,NY,10462
8031501,STRAIGHT AND TRUE BUILDERS LLC,2026-09-27,DOMESTIC LIMITED LIABILITY COMPANY,Monroe,New York,Straight and True Builders LLC,59 Lanvale Pk,,Rochester,NY,14617
8031502,"RISING SUN IMPORTS, LLC",2026-09-27,DOMESTIC LIMITED LIABILITY COMPANY,Madison,New York,Dominique Griggs,4392 Falls Rd,,Munnsville,NY,13409
8031503,BLACKROCK SALON LLC,2026-09-27,DOMESTIC LIMITED LIABILITY COMPANY,Erie,New York,Cody Ryan,60 Crownview Terrace,,Hamburg,NY,14075
8031504,VALOR & KIN GROUP LLC,2026-09-27,DOMESTIC LIMITED LIABILITY COMPANY,Queens,New York,Northwest Registered Agent LLC,418 Broadway,STE N,Albany,NY,12207
8031505,CHRISTMAS DECOR BY PESTIFY LLC,2026-09-27,DOMESTIC LIMITED LIABILITY COMPANY,Suffolk,New York,CHRISTMAS DECOR BY PESTIFY LLC,55 Kelsey Ave,,Port Jefferson Station,NY,11776
8031506,WHIRLY LLC,2026-09-27,DOMESTIC LIMITED LIABILITY COMPANY,Kings,New York,WHIRLY LLC,132 Macon St,,Brooklyn,NY,11216
8031507,AFRAK LLC,2026-09-27,DOMESTIC LIMITED LIABILITY COMPANY,Bronx,New York,Akosua Afranowaa Baidoo,1720 Townsend Ave,,New York,NY,10453
8031508,JADEITE PICTURES LLC,2026-09-27,DOMESTIC LIMITED LIABILITY COMPANY,Westchester,New York,JADEITE PICTURES LLC,57 Bank St Apt 220,,White Plains,NY,10606
8031509,UNA WHOLESALE INC.,2026-09-27,DOMESTIC BUSINESS CORPORATION,Nassau,New York,UNA WHOLESALE INC.,"185 Great Neck Road, 4th Floor 480",,Great Neck,NY,11021
8031510,FORETELL MARKETS LLC,2026-09-27,DOMESTIC LIMITED LIABILITY COMPANY,New York,New York,FORETELL MARKETS LLC,228 Park Ave S #251775,,New York,NY,10003
8031511,ONEGOALMEDIA LLC,2026-09-27,DOMESTIC LIMITED LIABILITY COMPANY,Nassau,New York,ONEGOALMEDIA LLC,736 N William St,,North Baldwin,NY,11510
8031512,COSMIC LANDSCAPE LIGHTING LLC,2026-09-27,DOMESTIC LIMITED LIABILITY COMPANY,New York,New York,COSMIC LANDSCAPE LIGHTING LLC,228 Park Ave S #551044,,New York,NY,10003
8031513,REWORN.NYC LLC,2026-09-27,DOMESTIC LIMITED LIABILITY COMPANY,New York,New York,REWORN.NYC LLC,64 Sunken Garden Loop # 2,,New York,NY,10035
8031514,FLIPSIDE ENTERPRISES LLC,2026-09-27,DOMESTIC LIMITED LIABILITY COMPANY,Herkimer,New York,FLIPSIDE ENTERPRISES LLC,32 Herkimer St,,Middleville,NY,13406
8031515,ELEVATE PCW NY LLC,2026-09-27,DOMESTIC LIMITED LIABILITY COMPANY,Nassau,New York,ELEVATE PCW NY LLC,243 Colonial Ave,,Williston Park,NY,11596
8031516,ADG RECORDS & COMPLIANCE CONSULTING LLC,2026-09-27,DOMESTIC LIMITED LIABILITY COMPANY,Genesee,New York,ADG RECORDS & COMPLIANCE CONSULTING LLC,852 Gabbey Rd,,Corfu,NY,14036
8031517,MATCHA ROW LLC,2026-09-27,DOMESTIC LIMITED LIABILITY COMPANY,New York,New York,Sandy Sandhu,"2809 39th Avenue, 4D",,Long Island City,NY,11101
8031518,BHEMMG HOLDINGS LLC,2026-09-27,DOMESTIC LIMITED LIABILITY COMPANY,Rockland,New York,BHEMMG HOLDINGS LLC,16 Oak Ter,,Suffern,NY,10901
8031519,FIND HR HELP LLC,2026-09-27,DOMESTIC LIMITED LIABILITY COMPANY,Nassau,New York,FIND HR HELP LLC,1048 North Dr,,Merrick,NY,11566
8031520,"ENDURA CONSULTING, INC.",2026-09-27,DOMESTIC BUSINESS CORPORATION,Monroe,New York,Rochelle Fields,70 Greymere Road,,Rochester,NY,14612
8031521,MILECO LOGISTICS LLC,2026-09-27,DOMESTIC LIMITED LIABILITY COMPANY,Erie,New York,MILECO LOGISTICS LLC,62 Broadmoor Dr,,Tonawanda,NY,14150
8031522,LIBER BOULEVARD LLC,2026-09-27,DOMESTIC LIMITED LIABILITY COMPANY,Suffolk,New York,LIBER BOULEVARD LLC,21 Liber Blvd,,Farmingville,NY,11738
8031523,ECOGUARD WILDLIFE CONTROL LLC,2026-09-27,DOMESTIC LIMITED LIABILITY COMPANY,Putnam,New York,ECOGUARD WILDLIFE CONTROL LLC,114 Vista on the Lk,,Carmel,NY,10512
8031524,PURE SHEA LLC,2026-09-27,DOMESTIC LIMITED LIABILITY COMPANY,Bronx,New York,FATOU THIAM MBEGUERE,1150 GRAND CONCOURSE APT 3J,,Bronx,NY,10456
8031525,SCG MLANE HOLDING LLC,2026-09-27,DOMESTIC LIMITED LIABILITY COMPANY,New York,New York,SCG MLANE HOLDING LLC,228 Park Ave S #337327,,New York,NY,10003
8031526,STOVER & SHINE LLC,2026-09-27,DOMESTIC LIMITED LIABILITY COMPANY,Niagara,New York,STOVER & SHINE LLC,5067 Carriage Ln,,Lockport,NY,14094
8031527,"40 WHITE, LLC",2026-09-27,DOMESTIC LIMITED LIABILITY COMPANY,Suffolk,New York,MADHUMITA CHANDRA,PO BOX 40013,,GLEN OAKS,NY,11004
8031528,KAC ENTERPRISE GROUP LLC,2026-09-27,DOMESTIC LIMITED LIABILITY COMPANY,Nassau,New York,KAC ENTERPRISE GROUP LLC,242 Green Acres Rd,,Valley Stream,NY,11581
8031529,STOP THE WAR LLC,2026-09-27,DOMESTIC LIMITED LIABILITY COMPANY,Kings,New York,STOP THE WAR LLC,250 Lott Ave Apt 5L,,Brooklyn,NY,11212
8031530,REALITY GLOBAL GROUP LLC,2026-09-27,DOMESTIC LIMITED LIABILITY COMPANY,New York,New York,REALITY GLOBAL GROUP LLC,228 Park Ave S #753710,,New York,NY,10003
8031531,LSCMD MEDIA LLC,2026-09-27,DOMESTIC LIMITED LIABILITY COMPANY,Kings,New York,LSCMD MEDIA LLC,18 6th Ave Apt 3617,,Brooklyn,NY,11217
8031532,THE GEORGE PRACTICE LLC,2026-09-27,DOMESTIC LIMITED LIABILITY COMPANY,Putnam,New York,Virginia Hanchar,3 Downey Ln,,Cold Spring,NY,10516
8031533,RENRAW SERVICES INC.,2026-09-27,DOMESTIC BUSINESS CORPORATION,New York,New York,RENRAW SERVICES INC.,25 W 43RD STREET SUITE 1021,,NEW YORK,NY,10036
8031534,CHIQUI HEART DAYCARE CORP.,2026-09-27,DOMESTIC BUSINESS CORPORATION,Bronx,New York,JOSELIN AGRAMONTE,2085 VALENTINE AVE,APT 4F,BRONX,NY,10457
8031535,2M PROPERTY SOLUTIONS CORP.,2026-09-27,DOMESTIC BUSINESS CORPORATION,Rensselaer,New York,Enea Malellari,4 25th st,Apt 1,Troy,NY,12180
8031536,SARA ALTMAN PET CARE LLC,2026-09-27,DOMESTIC LIMITED LIABILITY COMPANY,Rockland,New York,Sara Altman,50 North Broadway,#1,Nyack,NY,10960
8031537,BELLISIMA QUEEN LLC,2026-09-27,DOMESTIC LIMITED LIABILITY COMPANY,Queens,New York,BELLISIMA QUEEN LLC,3703 WARREN STREET,,JACKSON HEIGHTS,NY,11372
8031538,GEORGIA TAX LLC,2026-09-27,DOMESTIC LIMITED LIABILITY COMPANY,Kings,New York,Georgia Tax llc,805 ditmas av,2j,brooklyn,NY,11218
8031539,MECO HILLSIDE MARKET LLC,2026-09-27,DOMESTIC LIMITED LIABILITY COMPANY,Fulton,New York,Entity Protect Registered Agent Services LLC,447 Broadway 2nd Fl. - #3000,,New York,NY,10013
8031540,AEON CLEANING CORP.,2026-09-27,DOMESTIC BUSINESS CORPORATION,Kings,New York,AEON Cleaning Corp,"2286 Cropsey Avenue, C3",,Brooklyn,NY,11214
8031541,INDUSTRIAL TRUCK REPAIR LLC,2026-09-27,DOMESTIC LIMITED LIABILITY COMPANY,Erie,New York,Industrial Truck Repair LLC,85 Newman Street,,Springville,NY,14141
8031542,ASKANTHONY LLC,2026-09-27,DOMESTIC LIMITED LIABILITY COMPANY,Nassau,New York,ASKANTHONY LLC,102 Prospect Ct,,Bellmore,NY,11710
8031543,LE VOEU LLC,2026-09-27,DOMESTIC LIMITED LIABILITY COMPANY,New York,New York,Jiaqi Zou,12 W 90TH ST APT2,,New York,NY,10024
8031544,SOSA MANAGEMENT & CONSULTING LLC,2026-09-27,DOMESTIC LIMITED LIABILITY COMPANY,Albany,New York,Alejandro Betances,56 E Tremont,OFF B,Bronx,NY,10453
8031545,BROOKLYN PUBLISHING SERVICES LLC,2026-09-27,DOMESTIC LIMITED LIABILITY COMPANY,Kings,New York,Alex Stern,2316 East 27th Street,2nd Floor,Brooklyn,NY,11229
8031546,AR MIN LLC,2026-09-27,DOMESTIC LIMITED LIABILITY COMPANY,Queens,New York,AR Min LLC,21103 56th AVE,,Bayside Hills,NY,11364
8031547,SALEM SUPPORT SERVICES LLC,2026-09-27,DOMESTIC LIMITED LIABILITY COMPANY,Richmond,New York,Salem Support Services LLC,138 Wilson Ave,,Staten Island,NY,10308
8031548,SOUTHERN MOTORS SALE LLC,2026-09-27,DOMESTIC LIMITED LIABILITY COMPANY,Kings,New York,IVAN GORDEEV,2021 OCEAN AVE,,BRROKLYN,NY,11230
8031549,ARBA CONSULTING LLC,2026-09-27,DOMESTIC LIMITED LIABILITY COMPANY,Richmond,New York,Arban Arapi,20 Atlantic Ave 2nd Fl,,Staten Island,NY,10304
8031550,"DALYE BEAUTY, LLC",2026-09-27,DOMESTIC LIMITED LIABILITY COMPANY,Westchester,New York,Daly Medina Yan,130 Depeyster St,,Sleepy Hollow,NY,10591
8031551,SAYSO ALL SEASONS LLC,2026-09-27,DOMESTIC LIMITED LIABILITY COMPANY,Erie,New York,Say Pwe So,143 Chenango St,,Buffalo,NY,14213
8031552,WNY HUMANOID LLC,2026-09-27,DOMESTIC LIMITED LIABILITY COMPANY,Erie,New York,Mourad Attar,211 Glenhaven DR apt R,,Buffalo,NY,14228
8031553,HUDSON HARBOR IDENTITY LLC,2026-09-27,DOMESTIC LIMITED LIABILITY COMPANY,Putnam,New York,HUDSON HARBOR IDENTITY LLC,356 Brewster Hill Rd,,Brewster,NY,10509
8031554,THEORY NEXUS LLC,2026-09-27,DOMESTIC LIMITED LIABILITY COMPANY,Nassau,New York,THEORY NEXUS LLC,49 Hightop Ln,,Jericho,NY,11753
8031555,SARTINA SWEETS LLC,2026-09-27,DOMESTIC LIMITED LIABILITY COMPANY,Richmond,New York,SARTINA SWEETS LLC,195 Barclay Ave,,Staten Island,NY,10312
8031556,MOUNTAIN SKY CONTRACTING LLC,2026-09-27,DOMESTIC LIMITED LIABILITY COMPANY,Columbia,New York,Entity Protect Registered Agent Services LLC,447 Broadway 2nd Fl. - #3000,,New York,NY,10013
8031557,PAIZ7 LLC,2026-09-27,DOMESTIC LIMITED LIABILITY COMPANY,Nassau,New York,PAIZ7 LLC,323 Martin Pl,,Bethpage,NY,11714
8031558,EDSON 716 MINIMART INC.,2026-09-27,DOMESTIC BUSINESS CORPORATION,Erie,New York,WALEED ALKHOLAKI,242 EAST ST,,BUFFALO,NY,14207
8031559,CNY PLATINUM AUTO LLC,2026-09-27,DOMESTIC LIMITED LIABILITY COMPANY,Tompkins,New York,CNY PLATINUM AUTO LLC,309 W Groton Rd,,Locke,NY,13092
8031560,FANYELLO LLC,2026-09-27,DOMESTIC LIMITED LIABILITY COMPANY,Oswego,New York,FANYELLO LLC,PO Box 12,,Constantia,NY,13044
8031561,"KINDSIGHT SERVICES, LLC",2026-09-27,DOMESTIC LIMITED LIABILITY COMPANY,Rensselaer,New York,"KindSight Services, LLC",10 Washington Place #101,,Troy,NY,12180
8031562,TRKP LLC,2026-09-27,DOMESTIC LIMITED LIABILITY COMPANY,Queens,New York,O'Neil Rose,120-11 109th Avenue,,South ozone park,NY,11420
8031563,MIDDLETOWN AUTO WORKS CORP.,2026-09-27,DOMESTIC BUSINESS CORPORATION,Orange,New York,URIEL LOPEZ,86 COTTAGE STREET,,MIDDLETOWN,NY,10940
8031564,TCL & SONS LLC,2026-09-27,DOMESTIC LIMITED LIABILITY COMPANY,Queens,New York,TCL &amp; Sons LLC,10626 Union Hall Fl 2,,Jamaica,NY,11433
8031565,GLOWMARK CREATIONS LLC,2026-09-27,DOMESTIC LIMITED LIABILITY COMPANY,Suffolk,New York,Melissa Fuhrmann-Mordente,3 Maple Ave,,Bellport,NY,11713
8031566,"SIGNATURE DRIVEN, LLC",2026-09-27,DOMESTIC LIMITED LIABILITY COMPANY,Nassau,New York,"Signature Driven, LLC",108 Emporia Ave,,Elmont,NY,11003
8031567,KUDO TV LLC,2026-09-27,DOMESTIC LIMITED LIABILITY COMPANY,Richmond,New York,NORTHWEST REGISTERED AGENT LLC,418 BROADWAY,STE N,ALBANY,NY,12207
8031568,"BIZBILLSAVER, LLC",2026-09-27,DOMESTIC LIMITED LIABILITY COMPANY,Albany,New York,"BizBillSaver, LLC c/o Sebastian Hart",60 West 23rd St,Apt 949,New York,NY,10010
8031569,READY4MORE LLC,2026-09-27,DOMESTIC LIMITED LIABILITY COMPANY,New York,New York,Christopher Comerota,1057 Conklin Rd.,1057 Conklin Rd.,Conklin,NY,13748
8031570,"OYSTER WITH A GUN STUDIOS, INC.",2026-09-27,DOMESTIC BUSINESS CORPORATION,New York,New York,Registered Agents Inc.,418 Broadway,STE R,Albany,NY,12207
8031571,"DIANA HOYT CONSULTING, INC.",2026-09-27,DOMESTIC BUSINESS CORPORATION,Orange,New York,Diana Hoyt,38 Innis Avenue,,Newburgh,NY,12550
8031572,KOMETA ADVISORY LLC,2026-09-27,DOMESTIC LIMITED LIABILITY COMPANY,Kings,New York,KOMETA ADVISORY LLC,2940 W5th Street,At. 13B,Brooklyn,NY,11224
8031573,FITNESS ACDMY EMPIRE LLC,2026-09-27,DOMESTIC LIMITED LIABILITY COMPANY,Orange,New York,Matt Santer,153 Temple Hill Rd,,New Windsor,NY,12553
8031574,BRILLS DILLS LLC,2026-09-27,DOMESTIC LIMITED LIABILITY COMPANY,Nassau,New York,Brills Dills LLC,10 Pollok Pl,,Hicksville,NY,118012220
8031575,AQUALIME WATER LLC,2026-09-27,DOMESTIC LIMITED LIABILITY COMPANY,Richmond,New York,AARON CRAWFORD,285 SAINT MARKS PL,APT 6K,STATEN ISLAND,NY,10301
8031576,SPINE AND BODY STUDIOFIT LLC,2026-09-27,DOMESTIC LIMITED LIABILITY COMPANY,Nassau,New York,Francesco Gaudio,90 Glen Cove Road,,Greenvale,NY,11548
8031577,WAYMAKER GENERAL CONTRACTING LLC,2026-09-27,DOMESTIC LIMITED LIABILITY COMPANY,Saratoga,New York,Waymaker General Contracting LLC,2002 Hayner Heights Drive,,Clifton Park,NY,12065
8031578,"YESTERDAY'S SIGNS, LLC",2026-09-27,DOMESTIC LIMITED LIABILITY COMPANY,Richmond,New York,Timothy Lauser,350 Richmond Terrace,,Staten Island,NY,10301
8031579,FULLCIRCLEHANDYMAN LLC,2026-09-27,DOMESTIC LIMITED LIABILITY COMPANY,Erie,New York,FULLCIRCLEHANDYMAN LLC,268 Parker Ave,,Buffalo,NY,14214
8031580,SHE'S CRAZY LLC,2026-09-27,DOMESTIC LIMITED LIABILITY COMPANY,Nassau,New York,She's Crazy LLC,50 Fairview Road,,Farmingdale,NY,11735
8031581,716 MASSAGE GROUP LLC,2026-09-27,DOMESTIC LIMITED LIABILITY COMPANY,Erie,New York,716 MASSAGE GROUP LLC,1382 HERTEL AVENUE,,BUFFALO,NY,14216
8031582,PETITE PUP APPAREL LLC,2026-09-27,DOMESTIC LIMITED LIABILITY COMPANY,Suffolk,New York,Jerel J Garay,32 watergate lane,building 5,patchogue,NY,11772
8031583,MAWX LLC,2026-09-27,DOMESTIC LIMITED LIABILITY COMPANY,Kings,New York,MAWX LLC,1864 85TH ST,APT 2D,BROOKLYN,NY,11214
8031584,KIM MADE MEMORIES LLC,2026-09-27,DOMESTIC LIMITED LIABILITY COMPANY,Bronx,New York,Kim Made Memories,2410 Barker Ave,,Bronx,NY,10467
8031585,"105 MADISON, LLC",2026-09-27,DOMESTIC LIMITED LIABILITY COMPANY,Suffolk,New York,MADHUMITA CHANDRA,PO BOX 40013,,GLEN OAKS,NY,11004
8031586,PRESENCE DIGITAL LLC,2026-09-27,DOMESTIC LIMITED LIABILITY COMPANY,Onondaga,New York,Marisa Figueroa,3936 cattail ln,,Liverpool,NY,13090
8031587,CAF PROPERTY SOLUTIONS LLC,2026-09-27,DOMESTIC LIMITED LIABILITY COMPANY,Niagara,New York,Emma Celano,4048 Crescent Dr,,Wheatfield,NY,14120
8031588,"WHERE IN THE WORLD IS GRAMA, LLC",2026-09-27,DOMESTIC LIMITED LIABILITY COMPANY,Dutchess,New York,DARLENE F KELLEY,18 HAWTHORN CT,,FISHKILL,NY,12524
8031589,JM SIGNATURE EVENTS INC.,2026-09-27,DOMESTIC BUSINESS CORPORATION,Nassau,New York,JASMIN PAUL,366 PENINSULA BLVD,,LYNBROOK,NY,11563
8031590,CREPLAN LLC,2026-09-27,DOMESTIC LIMITED LIABILITY COMPANY,Erie,New York,CREplan LLC,60 Glendon Place,Unit C,Williamsville,NY,14221
8031591,PHONE FIX AND ELECTRONICS INC.,2026-09-27,DOMESTIC BUSINESS CORPORATION,New York,New York,SHANJIDA AZIZ,571 DREW ST,APT 1,BROOKLYN,NY,11208
8031592,SILVER CROWN CAPITAL LLC,2026-09-27,DOMESTIC LIMITED LIABILITY COMPANY,Queens,New York,Rosa L Maza,3706 89th street,E3,JACKSON HEIGHTS,NY,11372
8031593,ONE MORE TIME SHIPPING LLC,2026-09-27,DOMESTIC LIMITED LIABILITY COMPANY,Queens,New York,Ivan Lopez,15134 20th st,,Flusing,NY,11357
8031594,TNT OPERATIONS CORP.,2026-09-27,DOMESTIC BUSINESS CORPORATION,Nassau,New York,Julian Morrobel,1044 Woodfield Rd,,West Hempstead,NY,11552
8031595,OUR NORMAL DAYS LLC,2026-09-27,DOMESTIC LIMITED LIABILITY COMPANY,New York,New York,Our Normal Days LLC,15 West 38 Street,#1038,New York,NY,10018
8031596,NATURA WICCA LLC,2026-09-27,DOMESTIC LIMITED LIABILITY COMPANY,Suffolk,New York,JHON JAIRO LOPEZ BETANCOURT,625 MIDDLE COUNTRY,APT 102 B,CORAM,NY,11727
8031597,COCINA D' CAMPO LLC,2026-09-27,DOMESTIC LIMITED LIABILITY COMPANY,Bronx,New York,HECTOR JOSE GERMAN,55E 208TH ST APT 4G,4G,BRONX,NY,10467
8031598,NASSAU LIGHTING AND DESIGN INCORPORATED,2026-09-27,DOMESTIC BUSINESS CORPORATION,Nassau,New York,Jorden weiss,26 Melissa lane,,Old bethpage,NY,11804
8031599,HONEY IM HOME LLC,2026-09-27,DOMESTIC LIMITED LIABILITY COMPANY,Suffolk,New York,Dominic Delta,1146 Cassel Avenue,,Bay Shore,NY,11706
8031600,DAISEIKO INC.,2026-09-27,DOMESTIC BUSINESS CORPORATION,New York,New York,DAISEIKO INC,137 E 13TH STREET,,NEW YORK,NY,10003
8031601,EL CAMPITO LLC,2026-09-27,DOMESTIC LIMITED LIABILITY COMPANY,Rockland,New York,Joel Betances,42 Cara Drive,,Pearl River,NY,10965
8031602,CARTIER EXPERIENCE LLC,2026-09-27,DOMESTIC LIMITED LIABILITY COMPANY,Kings,New York,Cartier Experience LLC,217-18 103rd Ave,,Queens,NY,11429
8031603,E&E ZEA ANALYTICS & GOVERNMENT SOLUTIONS LLC,2026-09-27,DOMESTIC LIMITED LIABILITY COMPANY,Queens,New York,E&amp;E Zea Analytics &amp; Government Solutions LLC,54-26 82nd St,,Elmhurst,NY,11373
8031604,TCG EMPIRE LLC,2026-09-27,DOMESTIC LIMITED LIABILITY COMPANY,Warren,New York,Sebastian Laforge,2 Glendale Drive,APT A,Queensbury,NY,12804
8031605,"RENEWSAVVY, LLC",2026-09-27,DOMESTIC LIMITED LIABILITY COMPANY,Albany,New York,REGISTERED AGENTS INC.,418 BROADWAY,STE R,ALBANY,NY,12207
8031606,LETNIAK FULL SERVICES INC.,2026-09-27,DOMESTIC BUSINESS CORPORATION,Kings,New York,LETNIAK FULL SERVICES INC.,1550 EAST 13TH STREET APT 2B,,BROOKLYN,NY,11236
8031607,OAK FOREST REALTY INC.,2026-09-27,DOMESTIC BUSINESS CORPORATION,New York,New York,Qi Wang,"535 Fifth Avenue,4th Flr #1071",,New York,NY,10017
8031608,"JZL CONSTRUCTION, LLC",2026-09-27,DOMESTIC LIMITED LIABILITY COMPANY,Rockland,New York,"JZL Construction, LLC",6 Verona Ct,,New City,NY,109566433
8031609,"VIOLA ACRES, LLC",2026-09-27,DOMESTIC LIMITED LIABILITY COMPANY,Delaware,New York,Ryan Sherman,31 Dover Park,,Rochester,NY,14610
8031610,AVOKADO LLC,2026-09-27,DOMESTIC LIMITED LIABILITY COMPANY,New York,New York,KAIYA NATSUMURA,42 Broadway,Suite 1227-534,New York,NY,10004
8031611,RG UNISEX HAIR STUDIO LLC,2026-09-27,DOMESTIC LIMITED LIABILITY COMPANY,Westchester,New York,REY GALAROSA,271 HALSTEAD AVE,,HARRISON,NY,10528
8031612,MACABRY HOLDINGS LLC,2026-09-27,DOMESTIC LIMITED LIABILITY COMPANY,Erie,New York,MaCaBry Holdings LLC,5065 Red Tail Run,,Buffalo,NY,14221
8031613,EZ 1 MART INC.,2026-09-27,DOMESTIC BUSINESS CORPORATION,Herkimer,New York,THE INC,123 MOHAWK ST,,HERKIMER,NY,13350
8031614,"THE TOUAREG, LLC",2026-09-27,DOMESTIC LIMITED LIABILITY COMPANY,New York,New York,LOUNIS AMZAL,562 WEST 144TH ST APT 34A,,NEW YORK,NY,10031
8031615,"THALAVIUM MEDIA, LLC",2026-09-27,DOMESTIC LIMITED LIABILITY COMPANY,Albany,New York,"Thalavium Media, LLC",99 Wall Street,#4848,New York,NY,10005
8031616,COFREE INC.,2026-09-27,DOMESTIC BUSINESS CORPORATION,Ontario,New York,WANGJIE ZHENG,7410 Forest Trl,,Victor,NY,14564
8031617,"DORADO MEDIATION, LLC",2026-09-27,DOMESTIC LIMITED LIABILITY COMPANY,Queens,New York,Jacqueline D. Berger,15038 Union Turnpike,2A,Flushing,NY,11367
8031618,HAULIN ASSETS LLC,2026-09-27,DOMESTIC LIMITED LIABILITY COMPANY,Monroe,New York,Oleksiy Tyshkov,6051 chili riga center road,,churchville,NY,14428
8031619,SHES UNSCRIPTED LLC,2026-09-27,DOMESTIC LIMITED LIABILITY COMPANY,Suffolk,New York,SunHe Sherwood,26 Hill street #365,,Southampton,NY,11968
8031620,"IDEAL SOFTWARE SOLUTIONS, LLC",2026-09-27,DOMESTIC LIMITED LIABILITY COMPANY,Westchester,New York,Owen Williams,13 Sassinoro Blvd.,13 Sassinoro Blvd.,Cortlandt Manor,NY,10567
8031621,LOUD DREAMS LLC,2026-09-27,DOMESTIC LIMITED LIABILITY COMPANY,New York,New York,Adam Ocasio,10 Halletts Point,Apt 728,Queens,NY,11102
8031622,SAKAB LLC,2026-09-27,DOMESTIC LIMITED LIABILITY COMPANY,Nassau,New York,Sakab LLC,263 Waldorf Ave,,Elmont,NY,11003
8031623,PARLOUR CAFE LLC,2026-09-27,DOMESTIC LIMITED LIABILITY COMPANY,New York,New York,Parlour Cafe LLC,184 11th Avenue,,New York,NY,10011
8031624,VERNISSAGE LLC,2026-09-27,DOMESTIC LIMITED LIABILITY COMPANY,Saratoga,New York,Nicholas Bordeau,276 Washington St,,Saratoga Springs,NY,12866
8031625,"PROSPICIENT CAPITAL PARTNERS, LLC",2026-09-27,DOMESTIC LIMITED LIABILITY COMPANY,New York,New York,DOMINICK MC GRAIL KING,411 Lafayette Street,,New York City,NY,10003
8031626,HELLA HUO LLC,2026-09-27,DOMESTIC LIMITED LIABILITY COMPANY,Queens,New York,ATOZIZE HOLDINGS LLC,30 N Gould St Ste R,,Sheridan,WY,82801
8031627,PARLOUR CAFE WEST CHELSEA LLC,2026-09-27,DOMESTIC LIMITED LIABILITY COMPANY,New York,New York,PARLOUR CAFE WEST CHELSEA LLC,184 11TH AVENUE,,New York,NY,10011
8031628,"THALAVIUM OBSCURA, LLC",2026-09-27,DOMESTIC LIMITED LIABILITY COMPANY,Albany,New York,"Thalavium Obscura, LLC",99 Wall Street,#4848,New York,NY,10005
8031629,"VALOREM HOLDINGS, LLC",2026-09-27,DOMESTIC LIMITED LIABILITY COMPANY,Albany,New York,REGISTERED AGENTS INC.,418 BROADWAY,STE R,ALBANY,NY,12207
8031630,MILE ZERO SOFTWARE LLC,2026-09-27,DOMESTIC LIMITED LIABILITY COMPANY,Albany,New York,NORTHWEST REGISTERED AGENT LLC,418 BROADWAY,STE N,ALBANY,NY,12207
8031631,PREMIER BUILD DEVELOPERS LLC,2026-09-27,DOMESTIC LIMITED LIABILITY COMPANY,Putnam,New York,NORTHWEST REGISTERED AGENT LLC,418 BROADWAY,STE N,ALBANY,NY,12207
8031632,LILA COHN CONSULTING LLC,2026-09-27,DOMESTIC LIMITED LIABILITY COMPANY,Kings,New York,Lila Cohn,874 President St,Apt. 2,Brooklyn,NY,11215
8031633,FALLSVIEW CONSTRUCTION & MAINTENANCE CORP.,2026-09-27,DOMESTIC BUSINESS CORPORATION,Putnam,New York,FALLSVIEW CONSTRUCTION & MAINTENANCE CORP.,2 Fallsview Ln,,Brewster,NY,10509
8031634,BIG MACHINE MC LLC,2026-09-27,DOMESTIC LIMITED LIABILITY COMPANY,Rockland,New York,Molly Chesterson,36 Jonhsons Ln,,New City,NY,10956
8031635,KOVACH GROUP LLC,2026-09-27,DOMESTIC LIMITED LIABILITY COMPANY,Albany,New York,REGISTERED AGENTS INC.,418 BROADWAY,STE R,ALBANY,NY,12207
8031636,EMPIRE EXCLUSIVE LLC,2026-09-27,DOMESTIC LIMITED LIABILITY COMPANY,New York,New York,Dave Scott,216-04 137th road,,Springfield Gardens,NY,11413
8031295,WORLDOF INC.,2026-09-26,DOMESTIC BUSINESS CORPORATION,New York,New York,CHRISTOPHER D MCLEAN,"30 Wall Street, 8th Floor",,New York,NY,10005
8031296,EGGTART LLC,2026-09-26,DOMESTIC LIMITED LIABILITY COMPANY,Kings,New York,Edward Ng,6604 12th ave,,Brooklyn,NY,11219
8031297,GEI ONE BOCA RS LLC,2026-09-26,DOMESTIC LIMITED LIABILITY COMPANY,Nassau,New York,"InCorp Services, Inc.",One Commerce Plaza,99 Washington Ave. Ste 805-A,Albany,NY,122102822
8031298,KIDSQUARE DAYCARE LLC,2026-09-26,DOMESTIC LIMITED LIABILITY COMPANY,Nassau,New York,Serena Wang,45 Sherrard Street,,Roslyn Heights,NY,11577
8031299,DOUBLE UGLY NEW YORK LLC,2026-09-26,DOMESTIC LIMITED LIABILITY COMPANY,Kings,New York,Registered Agents Inc.,418 Broadway,STE R,Albany,NY,12207
8031300,SERENAVELL LLC,2026-09-26,DOMESTIC LIMITED LIABILITY COMPANY,Queens,New York,SERENAVELL LLC,110-46 CORONA AVENUE APT. 3F,,CORONA,NY,113684139
8031301,FOX CRAFTIQUE LLC,2026-09-26,DOMESTIC LIMITED LIABILITY COMPANY,Oneida,New York,Jessica Fox,1632 St Agnes Ave,,Utica,NY,13501
8031302,OVERDO LLC,2026-09-26,DOMESTIC LIMITED LIABILITY COMPANY,Bronx,New York,NORTHWEST REGISTERED AGENT LLC,418 BROADWAY,STE N,ALBANY,NY,12207
8031303,DREAM ROUTES LLC,2026-09-26,DOMESTIC LIMITED LIABILITY COMPANY,Albany,New York,REGISTERED AGENTS INC.,418 BROADWAY,STE R,ALBANY,NY,12207
8031304,TECHOS LLC,2026-09-26,DOMESTIC LIMITED LIABILITY COMPANY,Queens,New York,NORTHWEST REGISTERED AGENT LLC,418 BROADWAY,STE N,ALBANY,NY,12207
8031305,"JH GROUP HOLDINGS, LLC",2026-09-26,DOMESTIC LIMITED LIABILITY COMPANY,Queens,New York,"JH Group Holdings, LLC",39 Olive Street,,Great Neck,NY,11020
8031306,DRIVESIDE LLC,2026-09-26,DOMESTIC LIMITED LIABILITY COMPANY,Monroe,New York,Jeffrey Snyder,35 Larkwood Drive,,Rochester,NY,14626
8031307,EMPTY NEST VENTURES LLC,2026-09-26,DOMESTIC LIMITED LIABILITY COMPANY,Rockland,New York,Empty Nest Ventures LLC,7 Deforest Ct,,West Nyack,NY,10994
8031308,BERRY BAKERY LLC,2026-09-26,DOMESTIC LIMITED LIABILITY COMPANY,Kings,New York,Berry Bakery,2724 Avenue U,,Brooklyn,NY,11229
8031309,CHEYANNE TRANSPORTATION L.L.C.,2026-09-26,DOMESTIC LIMITED LIABILITY COMPANY,Kings,New York,Cheyanne Jamison,24 Monument Walk Apt 7A,,Brroklyn,NY,11205
8031310,THE JOURNEY VINTAGE CO. LLC,2026-09-26,DOMESTIC LIMITED LIABILITY COMPANY,Fulton,New York,Anita Frasier,543 Lakeside Drive,,Mayfield,NY,12117
8031311,"MARLBORO SNACK STATION 7, INC.",2026-09-26,DOMESTIC BUSINESS CORPORATION,Kings,New York,"MARLBORO SNACK STATION 7, INC.",2813 86TH STREET,,BROOKLYN,NY,11223
8031312,FOOL'S END LLC,2026-09-26,DOMESTIC LIMITED LIABILITY COMPANY,Herkimer,New York,Adam Dawson-Darst,1097 E German Street Ext,,Herkimer,NY,13350
8031313,STAM AUDIO VIDEO LLC,2026-09-26,DOMESTIC LIMITED LIABILITY COMPANY,Putnam,New York,John Stam,9 Lansing St,,Carmel,NY,10512
8031314,NUTRINITY LLC,2026-09-26,DOMESTIC LIMITED LIABILITY COMPANY,Nassau,New York,Huiyao Pan,83 Forest Drive,,Jericho,NY,11753
8031315,THE PELION LLC,2026-09-26,DOMESTIC LIMITED LIABILITY COMPANY,Erie,New York,Bartolomeo Fasano,6706 Macintosh Ln,,North Tonawanda,NY,14120
8031316,"UNCLE G CONVENIENCE, INC.",2026-09-26,DOMESTIC BUSINESS CORPORATION,Queens,New York,"UNCLE G CONVENIENCE, INC.",162-30 CROSS BAY BLVD,,HOWARD BEACH,NY,11414
8031317,VANDERVOORT ENTERPRISES INC.,2026-09-26,DOMESTIC BUSINESS CORPORATION,Suffolk,New York,Brett Vandervoort,31 Middle Line Avenue,,Medford,NY,11763
8031318,FIRST STREAM FUTURES LLC,2026-09-26,DOMESTIC LIMITED LIABILITY COMPANY,Richmond,New York,Wing Man Cheng,85 Lyndale Ave,,Staten Island,NY,10312
8031319,AWLIA LTD.,2026-09-26,DOMESTIC BUSINESS CORPORATION,Queens,New York,Jalaludeen Bakhtari,1827 Bell Blvd,,Bayside,NY,11360
8031320,DEMYVERSE CORPORATE SOLUTIONS LLC,2026-09-26,DOMESTIC LIMITED LIABILITY COMPANY,Bronx,New York,UCHENNA NDUKWE,1615 TOMLINSON AV,,BRONX,NY,10461
8031321,520 TRUMP PARK LLC,2026-09-26,DOMESTIC LIMITED LIABILITY COMPANY,Westchester,New York,MARKO RUDOVIC,520 TRUMP PARK,,SHRUB OAK,NY,10588
8031322,FAMA MEDIA LLC,2026-09-26,DOMESTIC LIMITED LIABILITY COMPANY,Schenectady,New York,Patrico TYrell,912 Bradt St,,Schenectady,NY,12306
8031323,ECQ PRIME LOGISTICS CORPORATION,2026-09-26,DOMESTIC BUSINESS CORPORATION,Queens,New York,JUAN QUINDE,30-39 73RD STREET,,EAST ELMHURST,NY,11370
8031324,GRAY WATCH INVESTIGATIONS LLC,2026-09-26,DOMESTIC LIMITED LIABILITY COMPANY,Rockland,New York,RONALD BEYERS,56 BA MAR DRIVE,,STONY POINT,NY,10980
8031325,CLUTCH ATTIRE LLC,2026-09-26,DOMESTIC LIMITED LIABILITY COMPANY,Suffolk,New York,Sonya Lucki,625 Frankinville Rd,,Laurel,NY,11948
8031326,LAKE AND VINE PARTNERS LLC,2026-09-26,DOMESTIC LIMITED LIABILITY COMPANY,Yates,New York,Christopher Hunt,228 Lake Street Plaza,,Penn Yan,NY,14527
8031327,FOOD SERVICE RX LLC,2026-09-26,DOMESTIC LIMITED LIABILITY COMPANY,Orange,New York,FOOD SERVICE RX LLC,45-53 North Street,,Middletown,NY,10940
8031328,BEK BLAZE LLC,2026-09-26,DOMESTIC LIMITED LIABILITY COMPANY,Kings,New York,BEK BLAZE LLC,3 Canda Ave,,Brooklyn,NY,11235
8031329,P&E PRINTING LLC,2026-09-26,DOMESTIC LIMITED LIABILITY COMPANY,Oneida,New York,P&E PRINTING LLC,13 Chestnut St,,New York Mills,NY,13417
8031330,LJP NORTHEAST TRANSIT LLC,2026-09-26,DOMESTIC LIMITED LIABILITY COMPANY,Orange,New York,LJP NORTHEAST TRANSIT LLC,P.O. Box 10371,,Newburgh,NY,12552
8031331,EMARTINEZ CLEANING LLC,2026-09-26,DOMESTIC LIMITED LIABILITY COMPANY,Westchester,New York,Emmanuel Martinez,37 Belmont Ave,,Yonkers,NY,10704
8031332,BUFFALOFILLMORE LLC,2026-09-26,DOMESTIC LIMITED LIABILITY COMPANY,Erie,New York,BUFFALOFILLMORE LLC,173 Prospect Ave Apt 2,,Buffalo,NY,14201
8031333,COLD SPELL LLC,2026-09-26,DOMESTIC LIMITED LIABILITY COMPANY,Westchester,New York,COLD SPELL LLC,163 Grand St Ste 1,,Croton on Hudson,NY,10520
8031334,+FUNGI LLC,2026-09-26,DOMESTIC LIMITED LIABILITY COMPANY,Dutchess,New York,Moon and Back Productions Inc,3219 38th ST,,Astoria,NY,11103
8031335,"BOROUGHS & VINES, LLC",2026-09-26,DOMESTIC LIMITED LIABILITY COMPANY,Erie,New York,MAHER SAID,22 JAMES ST,,LACKAWANNA,NY,14218
8031336,MOON CLAW GAMES LLC,2026-09-26,DOMESTIC LIMITED LIABILITY COMPANY,Richmond,New York,MOON CLAW GAMES LLC,69 Ada Dr,,Staten Island,NY,10314
8031337,BRC ENERGY SERVICES LLC,2026-09-26,DOMESTIC LIMITED LIABILITY COMPANY,New York,New York,BRC ENERGY SERVICES LLC,228 Park Ave S #661406,,New York,NY,10003
8031338,ECOPOWER ENERGY INC.,2026-09-26,DOMESTIC BUSINESS CORPORATION,Queens,New York,GAURAV KUMAR,139-21 FOCH BLVD,,JAMAICA,NY,11436
8031339,499 CAROL PLACE LLC,2026-09-26,DOMESTIC LIMITED LIABILITY COMPANY,Westchester,New York,499 CAROL PLACE LLC,456 Esplanade,,Pelham,NY,10803
8031340,"GILADOOR, LLC",2026-09-26,DOMESTIC LIMITED LIABILITY COMPANY,Monroe,New York,GILAD COHEN BAREKET,149 WINBOURNE RD,,ROCHESTER,NY,14619
8031341,FIORUCCI SIGNATURE RENOVATIONS LLC,2026-09-26,DOMESTIC LIMITED LIABILITY COMPANY,Livingston,New York,Adrien Fiorucci,8404 Alpaugh Rd,,Wayland,NY,14572
8031342,SWISS TILES & CORPORATION,2026-09-26,DOMESTIC BUSINESS CORPORATION,Westchester,New York,Alban Rrustaj,585 Mclean ave,585 Mclean ave,yonkers,NY,10705
8031343,EVERHOPE WELLNESS LLC,2026-09-26,DOMESTIC LIMITED LIABILITY COMPANY,Nassau,New York,NORTHWEST REGISTERED AGENT LLC,418 BROADWAY,STE N,ALBANY,NY,12207
8031344,VIRASAT NY INC.,2026-09-26,DOMESTIC BUSINESS CORPORATION,Nassau,New York,SHWETA SHUKLA,43 REED DRIVE,,ROSLYN,NY,11576
8031345,RAREDROPAI LLC,2026-09-26,DOMESTIC LIMITED LIABILITY COMPANY,New York,New York,RAREDROPAI LLC,228 Park Ave S #586025,,New York,NY,10003
8031346,POLANCO BUSINESS LLC,2026-09-26,DOMESTIC LIMITED LIABILITY COMPANY,Bronx,New York,Delbin Jonatat Polanco Rodriguez,1398 Grand Concourse Apt 5H,,Bronx,NY,10456
8031347,LET IT DRAIN LLC,2026-09-26,DOMESTIC LIMITED LIABILITY COMPANY,Westchester,New York,Hyre Avdija,21 Storey Lane,,Yonkers,NY,10710
8031348,PALAH LLC,2026-09-26,DOMESTIC LIMITED LIABILITY COMPANY,Suffolk,New York,Samuel Schrage,12 Maxa Ct,,Manorville,NY,11949
8031349,NARSKA HOME SERVICES CORP.,2026-09-26,DOMESTIC BUSINESS CORPORATION,Dutchess,New York,Martin Mlynarski,707 Clapp Hill Road,,LaGrangeville,NY,12540
8031350,"ENHANCED HEALTHCARE CONSULTING, LLC",2026-09-26,DOMESTIC LIMITED LIABILITY COMPANY,Nassau,New York,Inc Authority RA,"42 Broadway, Fl. 12-200",,New York,NY,10004
8031351,DJ T ENTERTAINMENT INC.,2026-09-26,DOMESTIC BUSINESS CORPORATION,Suffolk,New York,DJ T ENTERTAINMENT INC.,6 Bowdoin Rd,,Centereach,NY,11720
8031352,"ASKAD 23, CORP.",2026-09-26,DOMESTIC BUSINESS CORPORATION,Kings,New York,ASKAD DUSMATOV,8758 BAY PARKWAY APT B8,,BROOKLYN,NY,11214
8031353,TOWNIE US LLC,2026-09-26,DOMESTIC LIMITED LIABILITY COMPANY,Suffolk,New York,TOWNIE US LLC,26 Maple Avenue,,Northport,NY,11768
8031354,SOMMERS LANE REALTY LLC,2026-09-26,DOMESTIC LIMITED LIABILITY COMPANY,Richmond,New York,Antoneta Licollari,263 Foster Road,,Staten Island,NY,10309
8031355,LA BOLSA GLOBAL LLC,2026-09-26,DOMESTIC LIMITED LIABILITY COMPANY,Erie,New York,LA BOLSA GLOBAL LLC,825 Columbus Pkwy,,Buffalo,NY,14213
8031356,FRESH EDGE CORP.,2026-09-26,DOMESTIC BUSINESS CORPORATION,Kings,New York,OZODJON MARUFOV,"1113 EAST 15TH STREET, FL 2",,BROOKLYN,NY,11230
8031357,SAFERIGGS GROUP CORP.,2026-09-26,DOMESTIC BUSINESS CORPORATION,Queens,New York,SAFERIGGS GROUP CORP.,2357 83RD ST STE 5,,EAST ELMHURST,NY,11370
8031358,AGENDO LLC,2026-09-26,DOMESTIC LIMITED LIABILITY COMPANY,Kings,New York,Agendo LLC,611 East 76th Street,Suite 2D,Brooklyn,NY,11236
8031359,PRODIGY STUDIO 16 LLC,2026-09-26,DOMESTIC LIMITED LIABILITY COMPANY,Suffolk,New York,PRODIGY STUDIO 16 LLC,17B 6th Ave,,Huntington Station,NY,11746
8031360,DIVINE GEN LLC,2026-09-26,DOMESTIC LIMITED LIABILITY COMPANY,Wayne,New York,Scott D Mackinder II,3544 State Rte 14,,Lyons,NY,14489
8031361,ANTO'S GIFTS LLC,2026-09-26,DOMESTIC LIMITED LIABILITY COMPANY,Suffolk,New York,Anto's Gifts LLC,20 S 29Th St.,,Wyandanch,NY,11798
8031362,"FB BY BB, LLC",2026-09-26,DOMESTIC LIMITED LIABILITY COMPANY,Kings,New York,Bryce Barnes,427 Putnam Ave. #3,,Brooklyn,NY,11221
8031363,HAVEN MOBILE MEDICAL LLC,2026-09-26,DOMESTIC LIMITED LIABILITY COMPANY,Erie,New York,Shelly Russer,7886 Eddy Road,,Colden,NY,14033
8031364,TRUE WAY ARTISAN LLC,2026-09-26,DOMESTIC LIMITED LIABILITY COMPANY,Suffolk,New York,Sadia Zahid,1721 Motor Pkwy,#114,Hauppauge,NY,11788
8031365,4HART ENTERPRISES LLC,2026-09-26,DOMESTIC LIMITED LIABILITY COMPANY,Putnam,New York,4HART ENTERPRISES LLC,75 Austin Rd,,Mahopac,NY,10541
8031366,UNIFIED LOGISTICS & OPERATIONS LLC,2026-09-26,DOMESTIC LIMITED LIABILITY COMPANY,Onondaga,New York,UNIFIED LOGISTICS & OPERATIONS LLC,305 Electronics Pkwy,,Liverpool,NY,13088
8031367,AKOBO IMPACT LLC,2026-09-26,DOMESTIC LIMITED LIABILITY COMPANY,Kings,New York,AKOBO IMPACT LLC,"1381 Linden Blvd, 13a",,Brooklyn,NY,11212
8031368,PRIMA PARTNERS LLC,2026-09-26,DOMESTIC LIMITED LIABILITY COMPANY,Erie,New York,PRIMA PARTNERS LLC,84 Tracy St Frnt,,Buffalo,NY,14201
8031369,RUTHERFORD AGENCY LLC,2026-09-26,DOMESTIC LIMITED LIABILITY COMPANY,New York,New York,Rutherford Agency LLC,263 Ninth Avenue,Apt 1A,New York,NY,10001
8031370,LINEAGE ASL INTERPRETING LLC,2026-09-26,DOMESTIC LIMITED LIABILITY COMPANY,Monroe,New York,Rebekah Klingensmith,1629 Chili Avenue,,Rochester,NY,14624
8031371,WORLD CREATIVE LLC,2026-09-26,DOMESTIC LIMITED LIABILITY COMPANY,Nassau,New York,World Creative LLC,P.O. Box 62,,Malverne,NY,11565
8031372,ANGEL C CORPORATION,2026-09-26,DOMESTIC BUSINESS CORPORATION,Queens,New York,ANGEL CANO,12432 ROCKAWAY BLVD,,SOUTH OZONE PARK,NY,11420
8031373,GOLD EQUITY PARTNERS LLC,2026-09-26,DOMESTIC LIMITED LIABILITY COMPANY,Suffolk,New York,Gold Equity Partners LLC,254 NY-109,,West Babylon,NY,11704
8031374,BLUELEMO MARKETING LLC,2026-09-26,DOMESTIC LIMITED LIABILITY COMPANY,Kings,New York,BLUELEMO MARKETING LLC,1101 E 39TH ST,,BROOKLYN,NY,11234
8031375,NF10 LLC,2026-09-26,DOMESTIC LIMITED LIABILITY COMPANY,Rockland,New York,Peter Manos,157 Viola Rd.,,Suffern,NY,10901
8031376,TYMECH LLC,2026-09-26,DOMESTIC LIMITED LIABILITY COMPANY,New York,New York,TYMECH LLC,228 Park Ave S #642887,,New York,NY,10003
8031377,"FLOCKEN CAPITAL, LLC",2026-09-26,DOMESTIC LIMITED LIABILITY COMPANY,Albany,New York,"InCorp Services, Inc.",One Commerce Plaza,"99 Washington Ave., Ste 805-A",Albany,NY,122102822
8031378,SAFEGUARD POINT COMPLIANCE LLC,2026-09-26,DOMESTIC LIMITED LIABILITY COMPANY,Erie,New York,Safeguard Point Compliance LLC,"4498 Main St, Ste 4 #5047",,Amherst,NY,14226
8031379,JOBENVISION LLC,2026-09-26,DOMESTIC LIMITED LIABILITY COMPANY,New York,New York,JOBENVISION LLC,401 Broadway Ste 2300,,New York,NY,10013
8031380,A+A MULTISERVICES LLC,2026-09-26,DOMESTIC LIMITED LIABILITY COMPANY,New York,New York,Angela Ballestero,1115 FDR Drive #2C,,New York,NY,10009
8031381,LK PRO GROUP INC.,2026-09-26,DOMESTIC BUSINESS CORPORATION,Kings,New York,LK PRO GROUP INC.,3000 Brighton 12th Street,Apt D9,Brooklyn,NY,11235
8031382,CRESCO TAX AND BUSINESS SOLUTIONS LLC,2026-09-26,DOMESTIC LIMITED LIABILITY COMPANY,Bronx,New York,Akelia Douglas-Walcott,3912 HILL AVE,,Bronx,NY,10466
8031383,JMC INTERNATIONAL CORP.,2026-09-26,DOMESTIC BUSINESS CORPORATION,Queens,New York,JMC INTERNATIONAL CORP.,5841 150TH ST.,,FLUSHING,NY,11355
8031384,PASITOS DE AMOR DAYCARE INC.,2026-09-26,DOMESTIC BUSINESS CORPORATION,Kings,New York,Pasitos De Amor Daycare Inc.,543 Miller Avenue,,Brooklyn,NY,11207
8031385,GUIDED CLARITY LLC,2026-09-26,DOMESTIC LIMITED LIABILITY COMPANY,Nassau,New York,Sheiva Gourdain,9 Sentinel Place,,Massapequa,NY,11758
8031386,SOGNI REALTY LLC,2026-09-26,DOMESTIC LIMITED LIABILITY COMPANY,Kings,New York,Salvatrice Caruso,1949 Bay Ridge PKWY,,Brooklyn,NY,11204
8031387,PRESTON AVAF ADVISORS LLC,2026-09-26,DOMESTIC LIMITED LIABILITY COMPANY,Suffolk,New York,Daniel L. Preston,5 Cottonwood Drive,,Commack,NY,11725
8031388,THEVAR LLC,2026-09-26,DOMESTIC LIMITED LIABILITY COMPANY,Kings,New York,Thevar LLC,21 India St,Apt T1502,Brooklyn,NY,11222
8031389,JN ALLWOOD LLC,2026-09-26,DOMESTIC LIMITED LIABILITY COMPANY,New York,New York,JOSE DANOY NUNEZ,620 W 135TH ST APT 2B,,NEW YORK,NY,10031
8031390,LETICIA RAMIREZ INTERPRETING LLC,2026-09-26,DOMESTIC LIMITED LIABILITY COMPANY,Putnam,New York,LETICIA RAMIREZ INTERPRETING LLC,122 Fern Ln,,Mahopac,NY,10541
8031391,BKNY MAHJ LLC,2026-09-26,DOMESTIC LIMITED LIABILITY COMPANY,Kings,New York,Stacey Meshnick,206 11th Street,,Brooklyn,NY,11215
8031392,#57 LLC,2026-09-26,DOMESTIC LIMITED LIABILITY COMPANY,Queens,New York,#57 llc,4902 QUEENS BLVD,,WOODSIDE,NY,11377
8031393,DETAIL MOBILE CAR WASH LLC,2026-09-26,DOMESTIC LIMITED LIABILITY COMPANY,Queens,New York,DETAIL MOBILE CAR WASH LLC,12-22 116TH ST,,COLLEGE POINT,NY,11356
8031394,JM GRANT CONSULTANT LLC,2026-09-26,DOMESTIC LIMITED LIABILITY COMPANY,New York,New York,JM Grant Consultant LLC,510 W 52nd Street,19F,New York,NY,10019
8031395,SEHAN STUDIOS LLC,2026-09-26,DOMESTIC LIMITED LIABILITY COMPANY,Albany,New York,Sehan Studios LLC,"418 Broadway, Suite # 8591",,Albany,NY,12207
8031396,APEX HEALTH LOGISTICS LLC,2026-09-26,DOMESTIC LIMITED LIABILITY COMPANY,Bronx,New York,APEX HEALTH LOGISTICS LLC,805 Prospect Ave,,Bronx,NY,10455
8031397,BIMONT LLC,2026-09-26,DOMESTIC LIMITED LIABILITY COMPANY,Suffolk,New York,Bibi Kozdra,4 YAPHANK RD,,SOUND BEACH,NY,11789
8031398,SAVAGE SIN LLC,2026-09-26,DOMESTIC LIMITED LIABILITY COMPANY,Erie,New York,SAVAGE SINS,28 Covington Drive,,Buffalo,NY,14220
8031399,NUTRITION WITH G LLC,2026-09-26,DOMESTIC LIMITED LIABILITY COMPANY,Bronx,New York,Adam Galimi,4218 Throggs neck expy.,,Bronx,NY,10465
8031400,MULHALL ANALYTICS LLC,2026-09-26,DOMESTIC LIMITED LIABILITY COMPANY,Rensselaer,New York,Shawn Mulhall,150 chatham street,,Nassau,NY,12123
8031401,QUEENS ZTC INC.,2026-09-26,DOMESTIC BUSINESS CORPORATION,Queens,New York,Zdenka Torres Cruz,13105 11th Ave Apt 1,,College Point,NY,11356
8031402,RAS FINDHRHELP INC.,2026-09-26,DOMESTIC BUSINESS CORPORATION,Nassau,New York,RAS FINDHRHELP INC.,1048 North Dr,,Merrick,NY,11566
8031403,ROUGE BEAST CO. LLC,2026-09-26,DOMESTIC LIMITED LIABILITY COMPANY,Suffolk,New York,Marcos Diaz,2168 Ocean Ave,,Ronkonkoma,NY,11779
8031404,WARSHA PROFESSIONAL SERVICES LLC,2026-09-26,DOMESTIC LIMITED LIABILITY COMPANY,Queens,New York,Warda Aslam,5822 58th Avenue,,Flushing,NY,11378
8031405,S MCGUIRE BRANDS LLC,2026-09-26,DOMESTIC LIMITED LIABILITY COMPANY,Monroe,New York,Shannon McGuire,144 Duffern Dr,,Rochester,NY,14616
8031406,ON-DEMAND FORECASTING LLC,2026-09-26,DOMESTIC LIMITED LIABILITY COMPANY,Westchester,New York,Luka Duje Zuric,34 Westview Ave,Apt 1E,Tuckahoe,NY,10707
8031407,A&A MAINTENANCE CREW LLC,2026-09-26,DOMESTIC LIMITED LIABILITY COMPANY,Erie,New York,Izere Fortunatus,467 Winspear Ave,,Buffalo,NY,142151207
8031408,"PRIVE' PLATINUM, LLC",2026-09-26,DOMESTIC LIMITED LIABILITY COMPANY,New York,New York,"PRIVE' PLATINUM , LLC",443 Winthrop Street,Suite LL,Brooklyn,NY,11203
8031409,OPEN CRATE LABS LLC,2026-09-26,DOMESTIC LIMITED LIABILITY COMPANY,Onondaga,New York,Open Crate Labs LLC,243 E Water St.,Apt 3B,Syracuse,NY,13202
8031410,TOMS ECOM LLC,2026-09-26,DOMESTIC LIMITED LIABILITY COMPANY,Albany,New York,"REGISTERED AGENT SOLUTIONS, INC.",99 WASHINGTON AVENUE,SUITE 700,ALBANY,NY,12260
8031411,BEREANS LLC,2026-09-26,DOMESTIC LIMITED LIABILITY COMPANY,Dutchess,New York,JENKINS,827 Route 82,Suite 223,Hopewell Junction,NY,12533
8031412,A&G LUX LIMO INC.,2026-09-26,DOMESTIC BUSINESS CORPORATION,Queens,New York,A&G LUX LIMO INC.,13042 144th Street,,Jamaica,NY,11436
8031413,882 FULTON LLC,2026-09-26,DOMESTIC LIMITED LIABILITY COMPANY,Kings,New York,882 FULTON LLC,C/O 139 CENTRE ST STE PH106,,NEW YORK,NY,10013
8031414,JC RHODE INC.,2026-09-26,DOMESTIC BUSINESS CORPORATION,Bronx,New York,Julio Castillo,1475 Wythe PL Apt 1F,,Bronx,NY,10452
8031415,WILPA INC.,2026-09-26,DOMESTIC BUSINESS CORPORATION,Westchester,New York,Patrick Cunningham,153 Villa Ave,,Yonkers,NY,10704
8031416,THREAT ENTERPRISE LLC,2026-09-26,DOMESTIC LIMITED LIABILITY COMPANY,Nassau,New York,Jalen Waters,560 Seaman ave,,Baldwin,NY,11510
8031417,"CLOCKOLOGY APPS, LLC",2026-09-26,DOMESTIC LIMITED LIABILITY COMPANY,Albany,New York,NORTHWEST REGISTERED AGENT LLC,418 BROADWAY,STE N,ALBANY,NY,12207
8031418,IRIDESCENCE INC.,2026-09-26,DOMESTIC BUSINESS CORPORATION,Rensselaer,New York,KRISTOPHER MATTHEW BISHOP,6406 STATE ROUTE 66 #1,,EAST NASSAU,NY,120622239
8031419,KEN MINIMART LLC,2026-09-26,DOMESTIC LIMITED LIABILITY COMPANY,Erie,New York,EMAN NASSAR,82 RIVERVIEW PL,,BUFFALO,NY,14210
8031420,"J&B GENERAL CONTRACTING SERVICES, LLC",2026-09-26,DOMESTIC LIMITED LIABILITY COMPANY,Erie,New York,Inc Authority RA,"42 Broadway, Fl. 12-200",,New York,NY,10004
8031421,"AVENCREST GROUP, INC.",2026-09-26,DOMESTIC BUSINESS CORPORATION,Bronx,New York,Claudio Iodice,5517 Broadway,,Bronx,NY,10463
8031422,TNDT CONSTRUCTION LLC,2026-09-26,DOMESTIC LIMITED LIABILITY COMPANY,Ontario,New York,Jeremiah Tarnowski,1030 county rd 23,,Phelps,NY,14532
8031423,BAGN PREP LLC,2026-09-26,DOMESTIC LIMITED LIABILITY COMPANY,New York,New York,Botagoz Agabekova,5609 15th steet,6g,brooklyn,NY,11219
8031424,KALYAR TAX GROUP LLC,2026-09-26,DOMESTIC LIMITED LIABILITY COMPANY,Nassau,New York,Saweera Hassan,17 burkland Ln,,Hicksville,NY,11801
8031425,"FEEL GOOD HOLDINGS, INC.",2026-09-26,DOMESTIC BUSINESS CORPORATION,Suffolk,New York,"Feel Good Holdings, Inc.",185 Waverly Ave.,,Patchogue,NY,11772
8031426,RTS MEDIA PRODUCTION LLC,2026-09-26,DOMESTIC LIMITED LIABILITY COMPANY,Kings,New York,Ryan Shaw,127 Kingston Ave,2F,Brooklyn,NY,11213
8031427,"NORTHSTAR BRANDS, LLC",2026-09-26,DOMESTIC LIMITED LIABILITY COMPANY,Suffolk,New York,"NorthStar Brands, LLC",185 Waverly Ave.,,Patchogue,NY,11772
8031428,KINGS AMM INC.,2026-09-26,DOMESTIC BUSINESS CORPORATION,Kings,New York,Adrian Medina Martinez,714 Evergreen Ave Apt 1,,Brooklyn,NY,11207
8031429,ROMERO U CONSTRUCTION LLC,2026-09-26,DOMESTIC LIMITED LIABILITY COMPANY,Suffolk,New York,GUSTAVO A ROMERO ULLOA,153 ARIZONA RD NORTH,,WEST BABYLON,NY,11704
8031430,AG ELECTRIC SOLUTION INCORPORATED,2026-09-26,DOMESTIC BUSINESS CORPORATION,Bronx,New York,ELMAND GRECA,1500 MACE AVE APT 4,,BRONX,NY,10469
8031431,LATMINBIZ LLC,2026-09-26,DOMESTIC LIMITED LIABILITY COMPANY,Kings,New York,LATMINBIZ LLC,1035 Hendrix Street,,Brooklyn,NY,11207
8031432,LOVE REIGNS LLC,2026-09-26,DOMESTIC LIMITED LIABILITY COMPANY,Bronx,New York,LOVE REIGNS LLC,3044 LACONIA AVENUE,,BRONX,NY,10469
8031433,DOMINICS SEAL COATING LLC,2026-09-26,DOMESTIC LIMITED LIABILITY COMPANY,Chemung,New York,Dominic Edwards,1645 West Water St,,Elmira,NY,14905
8031434,CAELUM CLOUD SERVICES INC.,2026-09-26,DOMESTIC BUSINESS CORPORATION,Nassau,New York,Wilson Oxilus,226 Norfeld blvd,,Elmont,NY,11003
8031435,SAFO CABLE LLC,2026-09-26,DOMESTIC LIMITED LIABILITY COMPANY,Kings,New York,KHAIRIDIN AKMALOV,1260 E 57TH STREET APT 2,,BROOKLYN,NY,11234
8031436,MANSFIELD TRADING LLC,2026-09-26,DOMESTIC LIMITED LIABILITY COMPANY,Kings,New York,Dauset Morris,2341 Dean Street,,Brooklyn,NY,11233
8031437,RICOS CREATIVE LLC,2026-09-26,DOMESTIC LIMITED LIABILITY COMPANY,New York,New York,Arnold Durr Foda,127 W 92Nd St,,New York,NY,10025
8031438,"NAPCO RENTS, LLC",2026-09-26,DOMESTIC LIMITED LIABILITY COMPANY,Monroe,New York,ivan napora,1439 plank rd,,webster,NY,14580
8031439,CARNWATH MANOR LLC,2026-09-26,DOMESTIC LIMITED LIABILITY COMPANY,Dutchess,New York,CORPORATE FILINGS OF NEW YORK,90 STATE STREET,"STE 700, OFFICE 40",ALBANY,NY,12207
8031440,ALBAN ADVISORY LLC,2026-09-26,DOMESTIC LIMITED LIABILITY COMPANY,New York,New York,Alban Advisory LLC,203 W 103rd Street,2G,New York,NY,10025
8031441,SPAK VENTURES LLC,2026-09-26,DOMESTIC LIMITED LIABILITY COMPANY,Albany,New York,SPAK VENTURES LLC,5 LANDMARK ST,,LATHAM,NY,12110
8031442,4976 JM LLC,2026-09-26,DOMESTIC LIMITED LIABILITY COMPANY,Onondaga,New York,4976 JM LLC,4976 W TAFT RD,,LIVERPOOL,NY,13088
8031443,BLACK CROWN RESERVE LLC,2026-09-26,DOMESTIC LIMITED LIABILITY COMPANY,Onondaga,New York,Black Crown Reserve LLC,220 herald PL STE C,Pnb 103,Syracuse,NY,13202
8031444,OMNI JET LINKS LLC,2026-09-26,DOMESTIC LIMITED LIABILITY COMPANY,Monroe,New York,Cristian Kanana Fotto,2861 Manitou Road,,Rochester,NY,14624
8031445,2THEBAYS LLC,2026-09-26,DOMESTIC LIMITED LIABILITY COMPANY,Suffolk,New York,Lisa Porco,20 Robertson Lane,,Hampton Bays,NY,11946
8031446,WILLOTTE NAIL STUDIO LLC,2026-09-26,DOMESTIC LIMITED LIABILITY COMPANY,Westchester,New York,Valentina cardenas,159 depeyster street,Floor 1,Sleepy hollow,NY,10591
8031447,"HURDON 77, INC.",2026-09-26,DOMESTIC BUSINESS CORPORATION,Kings,New York,Douglas Duval,537 Hicks Street,APT. 1,Brooklyn,NY,11231
8031448,TREEM CAPITAL LLC,2026-09-26,DOMESTIC LIMITED LIABILITY COMPANY,Albany,New York,Treem Capital LLC,418 Broadway #STE R,,Albany,NY,12207
8031449,HEATCALLER LLC,2026-09-26,DOMESTIC LIMITED LIABILITY COMPANY,Albany,New York,Asher Kent,506 Pinyon Dr,,Schenectady,NY,123035508
8031450,ZOHDY SCIENCE LLC,2026-09-26,DOMESTIC LIMITED LIABILITY COMPANY,Suffolk,New York,Sarah Zohdy,24 Lower Cross,,Shoreham,NY,11786
8031451,"MONCAFEUSA, LLC",2026-09-26,DOMESTIC LIMITED LIABILITY COMPANY,Queens,New York,Sead Duraku,70-31 64th Place,,New York,NY,11385
8031452,PROEDGE CONSTRUCTION LLC,2026-09-26,DOMESTIC LIMITED LIABILITY COMPANY,Kings,New York,Shakawat Bhuyan,902 41st St Apt C5,,Brooklyn,NY,11219
8031453,CRM360 INC.,2026-09-26,DOMESTIC BUSINESS CORPORATION,Nassau,New York,CRM360 Inc.,2434 Davenport Pl,,North Bellmore,NY,11710
8031454,ALADIN ALADIN INC.,2026-09-26,DOMESTIC BUSINESS CORPORATION,Nassau,New York,ALADIN ALADIN Inc,75 E Carpenter St,,Valley Stream,NY,11580
8031455,DAVON KASHAWN WADDELL LLC,2026-09-26,DOMESTIC LIMITED LIABILITY COMPANY,Kings,New York,Davon Waddell,712 Hinsdale st,,Brooklyn,NY,11207
8031456,TAMAURA LLC,2026-09-26,DOMESTIC LIMITED LIABILITY COMPANY,Bronx,New York,Tamietha Reyes,180 w 166 st,Apt 4E,Bronx,NY,10452
8031457,149-30 129TH STREET LLC,2026-09-26,DOMESTIC LIMITED LIABILITY COMPANY,Queens,New York,DAVID WATSON,14930 129TH STREET,,SOUTH OZONE PARK,NY,11420
8031458,STEADYBOOK SYSTEMS LLC,2026-09-26,DOMESTIC LIMITED LIABILITY COMPANY,Erie,New York,Nicholas Malchow,10 Bridgewater Ct,,Lancaster,NY,14086
8031459,ESSENCE VILLAGE COLLECTIVE LLC,2026-09-26,DOMESTIC LIMITED LIABILITY COMPANY,New York,New York,Erica Perez,91 Sip Avenue,,Jersey City,NJ,07306
8031460,MANSA LOGISTICS AND SERVICES LLC,2026-09-26,DOMESTIC LIMITED LIABILITY COMPANY,Onondaga,New York,Karen Akers,PO Box 2161,,Syracuse,NY,13220
8031461,HS PUBLISHING STUDIO LLC,2026-09-26,DOMESTIC LIMITED LIABILITY COMPANY,Westchester,New York,Harold Suero,409 South 10th Avenue,2nd Floor,Mount Vernon,NY,10550
8031462,EQUINOX LABS INC.,2026-09-26,DOMESTIC BUSINESS CORPORATION,Chemung,New York,MUHAMMAD SHAZIL KHALIL MALIK,356 STILLWATER DRIVE,,HORSEHEADS,NY,14845
8031463,RAW ECHELON FORM LLC,2026-09-26,DOMESTIC LIMITED LIABILITY COMPANY,New York,New York,Raw Echelon Form LLC,144 E 36th Street,Apt 6C,New York,NY,10016
8031464,QUEENS METRO INC.,2026-09-26,DOMESTIC BUSINESS CORPORATION,Nassau,New York,Mohammad Tutul,83 Vanderbilt Ave,,Floral Park,NY,11001
8031465,TU RINCONCITO DE BELLEZA LLC,2026-09-26,DOMESTIC LIMITED LIABILITY COMPANY,Suffolk,New York,Tu Rinconcito de Belleza LLC,88 Longview Rd,,Southampton,NY,11968
8031466,BIJI FRENCH LLC,2026-09-26,DOMESTIC LIMITED LIABILITY COMPANY,New York,New York,claude tinnin,224 W 35th St,ste 500 515,New York,NY,10001
8031467,SEUAUM LLC,2026-09-26,DOMESTIC LIMITED LIABILITY COMPANY,Albany,New York,Odane English,12 Pennsylvania Avenue,,Albany,NY,12206
8031468,SELF MADE MOTORS LLC,2026-09-26,DOMESTIC LIMITED LIABILITY COMPANY,Putnam,New York,Frank Recino,84 Ludingtonville Road,Apt 2,Holmes,NY,12531
8031469,ACE PEPTIDES LLC,2026-09-26,DOMESTIC LIMITED LIABILITY COMPANY,Orange,New York,ACE Peptides LLC,10 Amchir Ave,,Middletown,NY,10940
8031470,MYSTERY MARKET LLC,2026-09-26,DOMESTIC LIMITED LIABILITY COMPANY,Bronx,New York,Mystery Market,1769 Southern Blvd,,Bronx,NY,104694801
8030394,"NOC1025, LLC",2026-09-25,DOMESTIC LIMITED LIABILITY COMPANY,New York,New York,Nicholas Chemotti,67 west geneses street,,Baldwinsville,NY,13027
8030395,NORVANA LLC,2026-09-25,DOMESTIC LIMITED LIABILITY COMPANY,New York,New York,NORVANA LLC,414 W 127th St,,New York,NY,10027
8030396,JCS PREMIER GROUP INC.,2026-09-25,DOMESTIC BUSINESS CORPORATION,Westchester,New York,JAIRO CUETO,280A PURCHASE ST,,RYE,NY,10580
8030397,STUDIO JBQ LLC,2026-09-25,DOMESTIC LIMITED LIABILITY COMPANY,New York,New York,STUDIO JBQ LLC,228 Park Ave S #676351,,New York,NY,10003
8030398,CONTAINER SPARK LLC,2026-09-25,DOMESTIC LIMITED LIABILITY COMPANY,Greene,New York,Container Spark LLC c/o Thomas Ferrell,23 Cabbage Patch Rd,,Haines Falls,NY,12436
8030399,VELVETCARE NYC LLC,2026-09-25,DOMESTIC LIMITED LIABILITY COMPANY,New York,New York,Abbasgulu Guliyev,3145 Brighton 4th st,601 Apt,Brooklyn,NY,112357223
8030400,YASMEEN PROPERTY SOLUTIONS LLC,2026-09-25,DOMESTIC LIMITED LIABILITY COMPANY,Kings,New York,Yasmeen Property Solutions LLC,143 Bay 47th St,,Brooklyn,NY,11214
8030401,LOVE YOU PREMIUM PRODUCTS LLC,2026-09-25,DOMESTIC LIMITED LIABILITY COMPANY,New York,New York,LOVE YOU PREMIUM PRODUCTS LLC,148 W 37th St,,New York,NY,10018
8030402,SOUM AFRICAN HAIR BRAIDING LLC,2026-09-25,DOMESTIC LIMITED LIABILITY COMPANY,Kings,New York,SOUM AFRICAN HAIR BRAIDING LLC,862 Flatbush Avenue,,Brooklyn,NY,11226
8030403,JGR CAR RENTAL & AUTO INTERNATIONAL CO LLC,2026-09-25,DOMESTIC LIMITED LIABILITY COMPANY,Bronx,New York,JGR CAR RENTAL & AUTO INTERNATIONAL CO LLC,756 S Oak Dr Apt 2B,,Bronx,NY,10467
8030404,HOMES INCORPORATION LLC,2026-09-25,DOMESTIC LIMITED LIABILITY COMPANY,Bronx,New York,HOMES INCORPORATION LLC,4136 Gunther Ave,,Bronx,NY,10466
8030405,BOLDD DREAM LLC,2026-09-25,DOMESTIC LIMITED LIABILITY COMPANY,Oneida,New York,Mabel Nelson,80 Geiger Road,224,Rome,NY,13441
8030406,ED REINWALD CMB CONSULTING LLC,2026-09-25,DOMESTIC LIMITED LIABILITY COMPANY,Greene,New York,ED REINWALD CMB CONSULTING LLC,55 Castle Point Rd # 2076,,Athens,NY,12015
8030407,"MIDNIGHT COFFEE PRODUCTIONS, LLC",2026-09-25,DOMESTIC LIMITED LIABILITY COMPANY,Nassau,New York,"Midnight Coffee Productions, LLC",4 Harold ct.,,Plainview,NY,11803
8030408,MAOUAJ TECHNOLOGY CORPORATION,2026-09-25,DOMESTIC BUSINESS CORPORATION,Erie,New York,Saleh Ahmed bhuiyan,166 zenner st,,Buffalo,NY,14211
8030409,CLEANPOINT COMMERCIAL SERVICES LLC,2026-09-25,DOMESTIC LIMITED LIABILITY COMPANY,Bronx,New York,CLEANPOINT COMMERCIAL SERVICES LLC,4720 Third Avenue,923,Bronx,NY,10458
8030410,BEN'S MEDICAL SUPPLY LLC,2026-09-25,DOMESTIC LIMITED LIABILITY COMPANY,Richmond,New York,Ben Goldin,151 Buttonwood Road,,Staten Island,NY,10304
8030411,DAYDREAM PARK LLC,2026-09-25,DOMESTIC LIMITED LIABILITY COMPANY,Albany,New York,NORTHWEST REGISTERED AGENT LLC,418 BROADWAY,STE N,ALBANY,NY,12207
8030412,AA FIRE SAFETY LLC,2026-09-25,DOMESTIC LIMITED LIABILITY COMPANY,Nassau,New York,AA Fire Safety LLC,57 Main Street,,Port Washington,NY,11050
8030413,SOIR CAFE LLC,2026-09-25,DOMESTIC LIMITED LIABILITY COMPANY,New York,New York,Min Pyae Sone,160 East 107 street,Apt 4,New York,NY,10029
8030414,JUNGLEBIRD LLC,2026-09-25,DOMESTIC LIMITED LIABILITY COMPANY,Erie,New York,JUNGLEBIRD LLC,224 Plymouth Ave,,Buffalo,NY,14213
8030415,HANDS DOWN HANDYMAN LLC,2026-09-25,DOMESTIC LIMITED LIABILITY COMPANY,Erie,New York,CORPORATE FILINGS OF NEW YORK,90 STATE STREET,"STE 700, OFFICE 40",ALBANY,NY,12207
8030416,TRADITIONAL ILLUMINATIONS LLC,2026-09-25,DOMESTIC LIMITED LIABILITY COMPANY,New York,New York,Entity Protect Registered Agent Services LLC,447 Broadway 2nd Fl. - #3000,,New York,NY,10013
8030417,KASH FLAVOR CO LLC,2026-09-25,DOMESTIC LIMITED LIABILITY COMPANY,Kings,New York,Kashmere Square,89 Christopher Ave,Apt 12F,Brooklyn,NY,11212
8030418,ASYMMETRY GLOBAL LLC,2026-09-25,DOMESTIC LIMITED LIABILITY COMPANY,Albany,New York,NORTHWEST REGISTERED AGENT LLC,418 BROADWAY,STE N,ALBANY,NY,12207
8030419,LIME YOLK LLC,2026-09-25,DOMESTIC LIMITED LIABILITY COMPANY,Kings,New York,ZENBUSINESS INC.,41 STATE STREET,SUITE 112,ALBANY,NY,12207
8030420,ENERGY ADVENTURES LLC,2026-09-25,DOMESTIC LIMITED LIABILITY COMPANY,New York,New York,William Spindle,74 Reade St.,Apt 3E,New York,NY,10007
8030421,SGM SERVICES LLC,2026-09-25,DOMESTIC LIMITED LIABILITY COMPANY,Queens,New York,SGM SERVICES LLC,"16004 Crossbay Blvd # 123,",,Howard Beach,NY,11414
8030429,PHS AI TECH LOGISTICS INC.,2026-09-25,DOMESTIC BUSINESS CORPORATION,Queens,New York,XIMIN PAN,3122 UNION ST APT 1A,,FLUSHING,NY,11354
8030431,ALBANY ORIENTAL RUGS CLEANING AND REPAIR LLC,2026-09-25,DOMESTIC LIMITED LIABILITY COMPANY,Schenectady,New York,Albany Oriental Rugs Cleaning and Repair LLC,310 Frank St,Apt B,Schenectady,NY,12304
8030432,VMA AUTO SALES CORP.,2026-09-25,DOMESTIC BUSINESS CORPORATION,Queens,New York,VITTORIO G STROCCHIA,69-20 COOPER AVENUE UNIT B,,GLENDALE,NY,11385
8030436,92 OLD HOUSE LANE LLC,2026-09-25,DOMESTIC LIMITED LIABILITY COMPANY,Nassau,New York,92 Old House Lane LLC,136 Madison Avenue,6th Floor,New York,NY,10016
8030438,HEALTHCARE INFORMATICS CONSULTING LLC,2026-09-25,DOMESTIC LIMITED LIABILITY COMPANY,Albany,New York,NORTHWEST REGISTERED AGENT LLC,418 BROADWAY,STE N,ALBANY,NY,12207
8030439,DM OUTLET LLC,2026-09-25,DOMESTIC LIMITED LIABILITY COMPANY,Albany,New York,NORTHWEST REGISTERED AGENT LLC,418 BROADWAY,STE N,ALBANY,NY,12207
8030440,WBY ACQUISITIONS LLC,2026-09-25,DOMESTIC LIMITED LIABILITY COMPANY,Erie,New York,WBY Acquisitions,559 Willardshire Rd,,E. Aurora,NY,14052
8030441,WG DEVELOPMENT GROUP LLC,2026-09-25,DOMESTIC LIMITED LIABILITY COMPANY,Nassau,New York,WG Development Group LLC,136 Madison Avenue,6th Floor,New York,NY,10016
8030442,ORANGE COUNTY VENDING SOLUTIONS LLC,2026-09-25,DOMESTIC LIMITED LIABILITY COMPANY,Orange,New York,ORANGE COUNTY VENDING SOLUTIONS LLC,40 FULTON ST.,BOX 882,MIDDLETOWN,NY,10940
8030443,R2R VENTURES LLC,2026-09-25,DOMESTIC LIMITED LIABILITY COMPANY,Rensselaer,New York,Rosemary Staltare,11144 Lounds Court,,New Port Richey,FL,34654
8030446,AUDUBON LUXURY CORP.,2026-09-25,DOMESTIC BUSINESS CORPORATION,New York,New York,Jonathan M Espinal- Cerda,2224 Amsterdam Avenue,#1,New York,NY,10032
8030447,JASON BOURNE LLC,2026-09-25,DOMESTIC LIMITED LIABILITY COMPANY,Kings,New York,Julita Redzia,193 Kent St apt 3R,,Brooklyn,NY,11222
8030449,GRAYKAT CONSULTING LLC,2026-09-25,DOMESTIC LIMITED LIABILITY COMPANY,Albany,New York,NORTHWEST REGISTERED AGENT LLC,418 BROADWAY,STE N,ALBANY,NY,12207
8030453,106 MAPLE AVE LLC,2026-09-25,DOMESTIC LIMITED LIABILITY COMPANY,Albany,New York,LINDSEY GIAGNI,3 GROOT DR,,ALTAMONT,NY,12009
8030458,MPQ MARIN LLC,2026-09-25,DOMESTIC LIMITED LIABILITY COMPANY,Rockland,New York,New Vision Servicing Group,1225 Franklin Ave,Ste 500,Garden City,NY,11530
8030459,SL12 CONSULTING LLC,2026-09-25,DOMESTIC LIMITED LIABILITY COMPANY,Orange,New York,SL12 CONSULTING LLC,41 Avenue A,,Cornwall on Hudson,NY,12520
8030460,381 FURTHER LANE LLC,2026-09-25,DOMESTIC LIMITED LIABILITY COMPANY,Suffolk,New York,381 FURTHER LANE LLC,40 Sunset Drive,,Manhasset,NY,11030
8030462,"THE LAW OFFICE OF MICHELE ANTONELLI, PLLC",2026-09-25,DOMESTIC PROFESSIONAL SERVICE LIMITED LIABILITY COMPANY,Suffolk,New York,"THE LAW OFFICE OF MICHELE ANTONELLI, PLLC",34 east main street #d258,,SMITHTOWN,NY,11787
8030463,H MARTIN PROPERTIES LLC,2026-09-25,DOMESTIC LIMITED LIABILITY COMPANY,St. Lawrence,New York,Holly Martin,PO Box 132,,Lisbon,NY,13658
8030467,SORT DOCK LLC,2026-09-25,DOMESTIC LIMITED LIABILITY COMPANY,Oswego,New York,Ryan Hemund,286 County Route 46,,Phoenix,NY,13135
8030472,LUSO DEVELOPERS LLC,2026-09-25,DOMESTIC LIMITED LIABILITY COMPANY,Nassau,New York,Jose Goncalves,6 Cromwell Road,,Carle Place,NY,11514
8030476,FSA CAPITAL GROUP LLC,2026-09-25,DOMESTIC LIMITED LIABILITY COMPANY,Queens,New York,BRIAN PUN,FSA CAPITAL GROUP LLC,3636 MAIN ST,FLUSHING,NY,11354
8030479,GLENDA JARAMILLO PROPIEDADES LLC,2026-09-25,DOMESTIC LIMITED LIABILITY COMPANY,Suffolk,New York,New Vision Servicing Group,1225 Franklin Ave,Ste 500,Garden City,NY,11530
8030485,CAERJAR LLC,2026-09-25,DOMESTIC LIMITED LIABILITY COMPANY,Ulster,New York,ZENBUSINESS INC.,41 STATE STREET,SUITE 112,ALBANY,NY,12207
8030488,CURTAIN COMMERCE LLC,2026-09-25,DOMESTIC LIMITED LIABILITY COMPANY,Albany,New York,NORTHWEST REGISTERED AGENT LLC,418 BROADWAY,STE N,ALBANY,NY,12207
8030491,"PENA ALVARADO VENTURES, LLC",2026-09-25,DOMESTIC LIMITED LIABILITY COMPANY,Kings,New York,Jonathan Pena,"257 Gold St, Apt 4E",,Brooklyn,NY,11201
8030492,ARCHERY ADDICTS LLC,2026-09-25,DOMESTIC LIMITED LIABILITY COMPANY,Albany,New York,NORTHWEST REGISTERED AGENT LLC,418 BROADWAY,STE N,ALBANY,NY,12207
8030495,BIG SHAM TRUCKING LLC,2026-09-25,DOMESTIC LIMITED LIABILITY COMPANY,Washington,New York,Kevin Wertheim,233 Mosquito Swamp Rd,,GREENWICH,NY,12834
8030497,104 OSPREY OWNER LLC,2026-09-25,DOMESTIC LIMITED LIABILITY COMPANY,Suffolk,New York,Lorenzo DeLuca,131 Radcliff Road,,Staten Island,NY,10305
8030498,HAI HERITAGE LLC,2026-09-25,DOMESTIC LIMITED LIABILITY COMPANY,Rockland,New York,HAI HERITAGE LLC,19 PITTSFORD WAY,,NANUET,NY,10954
8030501,TOP LA LA LLC,2026-09-25,DOMESTIC LIMITED LIABILITY COMPANY,Albany,New York,TOP LA LA LLC,31 FOREST DR,,ALBANY,NY,12205
8030505,ROCKET CLOSE AND TITLING INCORPORATED,2026-09-25,DOMESTIC BUSINESS CORPORATION,Bronx,New York,Eliesha Murray,233 E 176 St,1F,Bronx,NY,10457
8030514,"HABITUS HOLDINGS, LLC",2026-09-25,DOMESTIC LIMITED LIABILITY COMPANY,New York,New York,C T Corporation System,28 Liberty Street,,New York,NY,10005
8030515,73 8TH AVE BK LLC,2026-09-25,DOMESTIC LIMITED LIABILITY COMPANY,Albany,New York,"Interstate Agent Services, LLC",301 Mill Rd.,Ste U-5,HEWLETT,NY,11557
8030519,QI SUN CONSULTING LLC,2026-09-25,DOMESTIC LIMITED LIABILITY COMPANY,Albany,New York,Qi Sun Consulting LLC,100 Bleecker St,25C,New York,NY,10012
8030521,FINAL FOUR MANAGEMENT LLC,2026-09-25,DOMESTIC LIMITED LIABILITY COMPANY,Monroe,New York,Final Four Management LLC,2541 Monroe Avenue,,Rochester,NY,14618
8030522,88 RICH LLC,2026-09-25,DOMESTIC LIMITED LIABILITY COMPANY,Queens,New York,88 RICH LLC,"43-18 ROBINSON STREET, 3C",,FLUSHING,NY,11355
8030525,"QUKI INVESTORS, LLC",2026-09-25,DOMESTIC LIMITED LIABILITY COMPANY,Nassau,New York,"QUKI INVESTORS, LLC",322 MAIN STREET,,PORT WASHINGTON,NY,11050
8030526,INTHEMIX LIFESTYLE LLC,2026-09-25,DOMESTIC LIMITED LIABILITY COMPANY,New York,New York,INTHEMIX LIFESTYLE LLC,228 Park Ave S #599439,,New York,NY,10003
8030530,452 NG LLC,2026-09-25,DOMESTIC LIMITED LIABILITY COMPANY,Richmond,New York,452 NG LLC,452 ASHLAND AVE.,,"STATEN ISLAND,",NY,10309
8030531,INDYCOLLECTIC LLC,2026-09-25,DOMESTIC LIMITED LIABILITY COMPANY,Monroe,New York,India Peterson,2130 Clifford Ave,,Rochester,NY,14609
8030532,TOP TO BOTTOM HOME SOLUTIONS LLC,2026-09-25,DOMESTIC LIMITED LIABILITY COMPANY,Suffolk,New York,ZENBUSINESS INC.,41 STATE STREET,SUITE 112,ALBANY,NY,12207
8030533,452 NG PIZZA LLC,2026-09-25,DOMESTIC LIMITED LIABILITY COMPANY,Richmond,New York,452 NG PIZZA LLC,452 ASHLAND AVE.,,STATEN ISLAND,NY,10309
8030537,FERVET OPUS LLC,2026-09-25,DOMESTIC LIMITED LIABILITY COMPANY,Kings,New York,FERVET OPUS LLC,354 VAN SICKLEN STREET,APARTMENT 1A,BROOKLYN,NY,112233802
8030538,SERGEON VENTURES LLC,2026-09-25,DOMESTIC LIMITED LIABILITY COMPANY,Kings,New York,ZENBUSINESS INC.,41 STATE STREET,SUITE 112,ALBANY,NY,12207
8030540,QUANT AS SFT LLC,2026-09-25,DOMESTIC LIMITED LIABILITY COMPANY,Nassau,New York,"InCorp Services, Inc.",One Commerce Plaza,99 Washington Ave. Ste 805-A,Albany,NY,122102822
8030544,ASSIST BUSINESS SOLUTIONS INC.,2026-09-25,DOMESTIC BUSINESS CORPORATION,Kings,New York,Assist Business Solutions Inc.,"866 Myrtle Ave, Apt 2",,Brooklyn,NY,11206
8030549,LUCCI VONN LANGLEY LLC,2026-09-25,DOMESTIC LIMITED LIABILITY COMPANY,New York,New York,Lamark Langley,364 east 10th,,New York,NY,10009
8030550,HART PREMIER PRACTICE MANAGEMENT LLC,2026-09-25,DOMESTIC LIMITED LIABILITY COMPANY,Suffolk,New York,NORTHWEST REGISTERED AGENT LLC,418 BROADWAY,STE N,ALBANY,NY,12207
8030553,AIRJETT MECHANICAL LLC,2026-09-25,DOMESTIC LIMITED LIABILITY COMPANY,New York,New York,ZENBUSINESS INC.,41 STATE STREET,SUITE 112,ALBANY,NY,12207
8030554,KENSETT 2026 LLC,2026-09-25,DOMESTIC LIMITED LIABILITY COMPANY,Nassau,New York,KENSETT 2026 LLC,PO Box 1352,,Manhasset,NY,11030
8030557,LUTALI FIESTA LLC,2026-09-25,DOMESTIC LIMITED LIABILITY COMPANY,Kings,New York,LUTALI FIESTA LLC,2012 EAST 8TH STREET,,BROOKLYN,NY,11223
8030558,MANOR RIDGE GROUP LLC,2026-09-25,DOMESTIC LIMITED LIABILITY COMPANY,Suffolk,New York,ZENBUSINESS INC.,41 STATE STREET,SUITE 112,ALBANY,NY,12207
8030561,PUTNAM CONTRACTING & MAINTENANCE L.L.C.,2026-09-25,DOMESTIC LIMITED LIABILITY COMPANY,Oneida,New York,ZENBUSINESS INC.,41 STATE STREET,SUITE 112,ALBANY,NY,12207
8030562,NORTHSYNC LLC,2026-09-25,DOMESTIC LIMITED LIABILITY COMPANY,Erie,New York,Northsync LLC,30 Marilyn Dr,,West Seneca,NY,14224
8030563,VELOCITY AUTO TECH LLC,2026-09-25,DOMESTIC LIMITED LIABILITY COMPANY,Nassau,New York,Anthony Yepez,10 Prato Court,,Freeport,NY,11520
8030567,V.H. WHITTER ADVISORY LLC,2026-09-25,DOMESTIC LIMITED LIABILITY COMPANY,Bronx,New York,Valdine Henrius Whitter,1057 Burke Ave,,Bronx,NY,10469
8030573,545 BROADWAY GP LLC,2026-09-25,DOMESTIC LIMITED LIABILITY COMPANY,Nassau,New York,545 BROADWAY GP LLC,"999 CENTRAL AVENUE, SUITE 302",,WOODMERE,NY,11598
8030574,"MALITHA VOICE, LLC",2026-09-25,DOMESTIC LIMITED LIABILITY COMPANY,Monroe,New York,Arena M Crues,118 Filon Avenue,,Rochester,NY,14622
8030576,BREADDISTRO LLC,2026-09-25,DOMESTIC LIMITED LIABILITY COMPANY,Westchester,New York,Salah Ammar,103 Westerly St,,Yonkers,NY,10704
8030578,LEVENT INDUSTRIES INC.,2026-09-25,DOMESTIC BUSINESS CORPORATION,New York,New York,Ross C Cunningham,105-37 65th rd,,Flushing,NY,11375
8030580,ACACIA CLEANING LLC,2026-09-25,DOMESTIC LIMITED LIABILITY COMPANY,Suffolk,New York,ACACIA CLEANING LLC,9 COLLINGSWOOD DRIVE,,SHIRLEY,NY,11967
8030581,"TWIN OAKS MANAGEMENT GROUP, LLC",2026-09-25,DOMESTIC LIMITED LIABILITY COMPANY,Suffolk,New York,"TWIN OAKS MANAGEMENT GROUP, LLC",10 Valleywood Court,,West St. James,NY,11780
8030583,KNOTSO LITTLES LLC,2026-09-25,DOMESTIC LIMITED LIABILITY COMPANY,Suffolk,New York,ZENBUSINESS INC.,41 STATE STREET,SUITE 112,ALBANY,NY,12207
8030585,HOLIDAY PRO LIGHTS LLC,2026-09-25,DOMESTIC LIMITED LIABILITY COMPANY,Nassau,New York,HOLIDAY PRO LIGHTS LLC,234 S Pershing Ave,,Bethpage,NY,11714
8030586,RADMANAGEMENT LLC,2026-09-25,DOMESTIC LIMITED LIABILITY COMPANY,Queens,New York,ZENBUSINESS INC.,41 STATE STREET,SUITE 112,ALBANY,NY,12207
8030587,NY BA-01 HOLDINGS LLC,2026-09-25,DOMESTIC LIMITED LIABILITY COMPANY,Nassau,New York,NORTHWEST REGISTERED AGENT LLC,418 BROADWAY,STE N,ALBANY,NY,12207
8030588,222 AURORA LLC,2026-09-25,DOMESTIC LIMITED LIABILITY COMPANY,Erie,New York,222 AURORA LLC,14 VILLA PLACE,,LANCASTER,NY,14086
8030590,"SQCYBER, LLC",2026-09-25,DOMESTIC LIMITED LIABILITY COMPANY,Dutchess,New York,"SQCYBER, LLC",822 Berkshire Rd,,Wingdale,NY,12594
8030591,OMO WELLNESS MANAGEMENT LLC,2026-09-25,DOMESTIC LIMITED LIABILITY COMPANY,Dutchess,New York,SORVAT ENTERPRISES LLC,49 CARROLL DRIVE,,WAPPINGERS FALLS,NY,12590
8030594,CELAIA DIVINE LLC,2026-09-25,DOMESTIC LIMITED LIABILITY COMPANY,Ontario,New York,ZENBUSINESS INC.,41 STATE STREET,SUITE 112,ALBANY,NY,12207
8030595,GOLDEN TICKET LLC,2026-09-25,DOMESTIC LIMITED LIABILITY COMPANY,Westchester,New York,GOLDEN TICKET LLC,568 Guard Hill Rd,,Bedford,NY,10506
8030596,HONDUROLA GROUP LLC,2026-09-25,DOMESTIC LIMITED LIABILITY COMPANY,Bronx,New York,Nixon Nunez,2511 Frisby Avenue,,Bronx,NY,10461
8030597,"SEN MART TECHNOLOGIES, INC.",2026-09-25,DOMESTIC BUSINESS CORPORATION,Queens,New York,"SEN MART TECHNOLOGIES, INC.",7134 171ST STREET,,FRESH MEADOWS,NY,11365
8030599,"ZGH MASTIFFS, LLC",2026-09-25,DOMESTIC LIMITED LIABILITY COMPANY,Dutchess,New York,JOLENE RICCOBONO,139 LAMOREE RD,,RHINEBECK,NY,12572
8030600,306 RUTLEDGE GP LLC,2026-09-25,DOMESTIC LIMITED LIABILITY COMPANY,Nassau,New York,306 RUTLEDGE GP LLC,"999 CENTRAL AVENUE, SUITE 302",,WOODMERE,NY,11598
8030602,K&A SHEP TRUCKING LLC,2026-09-25,DOMESTIC LIMITED LIABILITY COMPANY,Monroe,New York,K&A SHEP TRUCKING LLC,112 Penhurst St,,Rochester,NY,14619
8030603,DC360 LLC,2026-09-25,DOMESTIC LIMITED LIABILITY COMPANY,Westchester,New York,OSHANE TUCKER,45 S BROADWAY,APT 4J,YONKERS,NY,10701
8030604,NOXMOVE LOGISTICS LLC,2026-09-25,DOMESTIC LIMITED LIABILITY COMPANY,Albany,New York,REPUBLIC REGISTERED AGENT SERVICES INC.,54 STATE STREET,STE 804,ALBANY,NY,12207
8030606,SCHREIBER PLACE LLC,2026-09-25,DOMESTIC LIMITED LIABILITY COMPANY,Nassau,New York,Anthony Maldonado,3142 Eastern Parkway,,Baldwin,NY,11510
8030607,JC SERVICES 365 LLC,2026-09-25,DOMESTIC LIMITED LIABILITY COMPANY,Albany,New York,REPUBLIC REGISTERED AGENT SERVICES INC.,54 STATE STREET,STE 804,ALBANY,NY,12207
8030608,MICHAEL EDWARDS PARK AVE LLC,2026-09-25,DOMESTIC LIMITED LIABILITY COMPANY,Nassau,New York,"Skolnick & Ben-Ezra, PLLC","2631 Merrick Road, Suite 203",,Bellmore,NY,11710
8030609,"COMPASS POINT 196, LLC",2026-09-25,DOMESTIC LIMITED LIABILITY COMPANY,Suffolk,New York,"COMPASS POINT 196, LLC",250 MONTAUK HIGHWAY,,EAST MORICHES,NY,11940
8030610,TD BEAUTY CASTLE INC.,2026-09-25,DOMESTIC BUSINESS CORPORATION,Nassau,New York,TD BEAUTY CASTLE INC.,58 AMBY AVENUE,,PLAINVIEW,NY,11803
8030611,HER VILLAGE COLLECTIVE LLC,2026-09-25,DOMESTIC LIMITED LIABILITY COMPANY,Niagara,New York,Sheila Montgomery,3932 Washington St,,Niagara Falls,NY,14305
8030614,LOTUS SHIELD LLC,2026-09-25,DOMESTIC LIMITED LIABILITY COMPANY,New York,New York,LOTUS SHIELD LLC,228 Park Ave S #307222,,New York,NY,10003
8030615,MEDDA LLC,2026-09-25,DOMESTIC LIMITED LIABILITY COMPANY,Albany,New York,REPUBLIC REGISTERED AGENT SERVICES INC.,54 STATE STREET,STE 804,ALBANY,NY,12207
8030616,1724 POPHAM AVE LLC,2026-09-25,DOMESTIC LIMITED LIABILITY COMPANY,Bronx,New York,BEKAYE BA,1812 PHELAN AVE,,BRONX,NY,10453
8030617,SUMMER-CUSE LLC,2026-09-25,DOMESTIC LIMITED LIABILITY COMPANY,Onondaga,New York,Summer-Cuse LLC,PO Box 233,,Camillus,NY,13031
8030618,TEENA'S CORNER DINER LLC,2026-09-25,DOMESTIC LIMITED LIABILITY COMPANY,Broome,New York,REPUBLIC REGISTERED AGENT SERVICES INC.,54 STATE STREET,STE 804,ALBANY,NY,12207
8030620,COZYLITTLESHOP INC.,2026-09-25,DOMESTIC BUSINESS CORPORATION,Queens,New York,COZYLITTLESHOP INC.,3513 93RD ST FL 2,,JACKSON HEIGHTS,NY,11372
8030622,FLAIM FANTASY LLC,2026-09-25,DOMESTIC LIMITED LIABILITY COMPANY,Monroe,New York,Flaim Fantasy LLC,PO Box 624,,Fairport,NY,14450
8030623,RADSOFT LLC,2026-09-25,DOMESTIC LIMITED LIABILITY COMPANY,Albany,New York,NORTHWEST REGISTERED AGENT LLC,418 BROADWAY,STE N,ALBANY,NY,12207
8030624,ANABAS LUXE CORP.,2026-09-25,DOMESTIC BUSINESS CORPORATION,Queens,New York,KARRAN BUDHRAM,11030 178TH ST,,JAMAICA,NY,11433
8030627,FENNEK LLC,2026-09-25,DOMESTIC LIMITED LIABILITY COMPANY,Nassau,New York,Francesco Alfano,40 Nassau Rd,,Great Neck,NY,11021
8030628,KINTZ SMART LLC,2026-09-25,DOMESTIC LIMITED LIABILITY COMPANY,Schoharie,New York,VIRGINIA KINTZ,154 HILGERT PKWY,,SCHOHARIE,NY,12157
8030629,"BARPEDIAX, LLC",2026-09-25,DOMESTIC LIMITED LIABILITY COMPANY,Onondaga,New York,Dexter Ezidiegwu,PO Box 467,,Fayetteville,NY,13066
8030630,PHOEBE HOLDINGS LLC,2026-09-25,DOMESTIC LIMITED LIABILITY COMPANY,Nassau,New York,"InCorp Services, Inc.",One Commerce Plaza,"99 Washington Ave, Suite 805-A",Albany,NY,122102822
8030631,VENDING TOPTIER LLC,2026-09-25,DOMESTIC LIMITED LIABILITY COMPANY,Kings,New York,Herschel Rosenfeld,337 Brook Ave,,Passaic,NJ,07055
8030632,CLARKSON SUPPLY INC.,2026-09-25,DOMESTIC BUSINESS CORPORATION,Kings,New York,CLARKSON SUPPLY INC,850 CLARKSON AVE,,BROOKLYN,NY,11203
8030633,"824PROVOST, LLC",2026-09-25,DOMESTIC LIMITED LIABILITY COMPANY,Suffolk,New York,"824Provost, LLC",463 Grand Landings Pkwy,,Palm Coast,FL,32164
8030634,LEMLE RENEWABLES LLC,2026-09-25,DOMESTIC LIMITED LIABILITY COMPANY,Delaware,New York,ALTSCHUL &amp; ALTSCHUL,18 EAST 12TH STREET #1A,,NEW YORK,NY,100034458
8030635,TOMMY SHARK MEDIA LLC,2026-09-25,DOMESTIC LIMITED LIABILITY COMPANY,Albany,New York,NORTHWEST REGISTERED AGENT LLC,418 BROADWAY,STE N,ALBANY,NY,12207
8030636,135-42 123RD STREET LLC,2026-09-25,DOMESTIC LIMITED LIABILITY COMPANY,Queens,New York,135-42 123RD STREET LLC,135-42 123rd Street,,South Ozone Park,NY,11420
8030637,MICHELLE EDWARDS PARK AVE LLC,2026-09-25,DOMESTIC LIMITED LIABILITY COMPANY,Nassau,New York,"Skolnick & Ben-Ezra, PLLC","2631 Merrick Road, Suite 203",,Bellmore,NY,11710
8030639,LAS MARIET GROUP FAMILY DAYCARE 2 CORPORATION,2026-09-25,DOMESTIC BUSINESS CORPORATION,Bronx,New York,REPUBLIC REGISTERED AGENT SERVICES INC.,54 STATE STREET,STE 804,ALBANY,NY,12207
8030640,HARMONY AESTHETICS & LAZER LLC,2026-09-25,DOMESTIC LIMITED LIABILITY COMPANY,Queens,New York,AESTHETICS,63-52 SAUNDERS ST,,REGO PARK,NY,11374
8030641,AQ MANAGEMENT & CONSULTING LLC,2026-09-25,DOMESTIC LIMITED LIABILITY COMPANY,Queens,New York,ASHLEY QUERALES,6039 67TH AVE,,RIDGEWOOD,NY,11385
8030642,CEDAR RIVER LLC,2026-09-25,DOMESTIC LIMITED LIABILITY COMPANY,Queens,New York,SEAN BILOSKI,3728 30TH STREET APT 2D,,QUEENS,NY,11101
8030643,YALUMA LLC,2026-09-25,DOMESTIC LIMITED LIABILITY COMPANY,Albany,New York,NORTHWEST REGISTERED AGENT LLC,418 BROADWAY,STE N,ALBANY,NY,12207
8030645,BILL COELIUS COACHING INC.,2026-09-25,DOMESTIC BUSINESS CORPORATION,Putnam,New York,WILLIAM COELIUS,203 MAIN ST,,COLD SPRING,NY,10516
8030647,BEYOND SPARKLE PROPERTIES LLC,2026-09-25,DOMESTIC LIMITED LIABILITY COMPANY,Onondaga,New York,Beyond Sparkle Properties LLC,Attn: Jayendra Ambati,4329 Onondaga Boulevard,Syracuse,NY,13219
8030648,THE PLAYHAUS NETWORK LLC,2026-09-25,DOMESTIC LIMITED LIABILITY COMPANY,Albany,New York,REPUBLIC REGISTERED AGENT SERVICES INC.,54 STATE STREET,STE 804,ALBANY,NY,12207
8030649,AION BUILDERS LLC,2026-09-25,DOMESTIC LIMITED LIABILITY COMPANY,Albany,New York,USA CORPORATE SERVICES INC.,911 CENTRAL AVE STE 214,,ALBANY,NY,12206
8030650,GO NATIONAL TRANSPORTATION INC.,2026-09-25,DOMESTIC BUSINESS CORPORATION,New York,New York,MIKE YANNACO,20 WHITAKER PLACE,,STATEN ISLAND,NY,10304
8030651,ARAME PARTNERS LLC,2026-09-25,DOMESTIC LIMITED LIABILITY COMPANY,Queens,New York,Alvaro Jesus Arango Rivera,89-14 Parsons Blvd,5th Floor,Jamaica,NY,11432
8030654,138 FIRST AVE REALTY LLC,2026-09-25,DOMESTIC LIMITED LIABILITY COMPANY,New York,New York,138 FIRST AVE REALTY LLC,106 Morristown Dr,,Orangeburg,NY,10962
8030655,"ZEUS-GOLIATH HERA, LLC",2026-09-25,DOMESTIC LIMITED LIABILITY COMPANY,Dutchess,New York,JOLENE RICCOBONO,139 LAMOREE RD,,RHINEBECK,NY,12572
8030656,11 SMITH LANE LLC,2026-09-25,DOMESTIC LIMITED LIABILITY COMPANY,Albany,New York,REGISTERED AGENTS INC.,418 BROADWAY,STE R,ALBANY,NY,12207
8030657,ZAMBALA MOMO 2 LLC,2026-09-25,DOMESTIC LIMITED LIABILITY COMPANY,Nassau,New York,TENZIN RIGSANG,21 BYRON PL,,HICKSVILLE,NY,11801
8030658,"SKEMUH, LLC",2026-09-25,DOMESTIC LIMITED LIABILITY COMPANY,Kings,New York,David Hunter Murphy,84 Lefferts Pl,Apt 2C,Brooklyn,NY,11238
8030659,SUPER LIMPIO II LAUNDROMAT CORP.,2026-09-25,DOMESTIC BUSINESS CORPORATION,Queens,New York,JIN WENG,8815 31ST AVE,,EAST ELMHURST,NY,11369
8030660,FIIIZ PRODUCTION LLC,2026-09-25,DOMESTIC LIMITED LIABILITY COMPANY,Kings,New York,QIJIA LI,968 GATES AVENUE,,BROOKLYN,NY,11221
8030661,EA ATLANTIC PHARMACY RX INC.,2026-09-25,DOMESTIC BUSINESS CORPORATION,Kings,New York,EA ATLANTIC PHARMACY RX INC.,540 OCEAN PKWY APT 5D,,BROOKLYN,NY,11218
8030662,MY SWEET DELI MARKET I INC.,2026-09-25,DOMESTIC BUSINESS CORPORATION,New York,New York,Yinalda D Torrez Tejada,187 Sherman Ave,,New York,NY,10034
8030664,TEACH PLAYBOOK LLC,2026-09-25,DOMESTIC LIMITED LIABILITY COMPANY,Albany,New York,NORTHWEST REGISTERED AGENT LLC,418 BROADWAY,STE N,ALBANY,NY,12207
8030665,JASPER TRUCKING EXPRESS LLC,2026-09-25,DOMESTIC LIMITED LIABILITY COMPANY,Kings,New York,JASPER TRUCKING EXPRESS LLC,3736 POLAR ST,,BROOKLYN,NY,11224
8030666,REAL CHEAP NOTARY LLC,2026-09-25,DOMESTIC LIMITED LIABILITY COMPANY,Nassau,New York,Real Cheap Notary,140 Old Country Road,Apartment 116,Mineola,NY,11501
8030668,FOXY SALON SUITES LLC,2026-09-25,DOMESTIC LIMITED LIABILITY COMPANY,Albany,New York,NORTHWEST REGISTERED AGENT LLC,418 BROADWAY,STE N,ALBANY,NY,12207
8030669,CJACI LLC,2026-09-25,DOMESTIC LIMITED LIABILITY COMPANY,Erie,New York,Jeffrey Inman,48 Melrose Road,,Grand Island,NY,14072
8030670,TRANSPORT AND LIVERY SERVICES CORPORATION,2026-09-25,DOMESTIC BUSINESS CORPORATION,Richmond,New York,TRANSPORT AND LIVERY SERVICES CORPORATION,160 ELM ST,,STATEN ISLAND,NY,10310
8030674,EIGHT FOUNDERS LLC,2026-09-25,DOMESTIC LIMITED LIABILITY COMPANY,Albany,New York,EIGHT FOUNDERS LLC,P.O. BOX 51,,MATTITUCK,NY,11952
8030675,DC BRIDGE FUNDING LLC,2026-09-25,FOREIGN LIMITED LIABILITY COMPANY,New York,Delaware,DC BRIDGE FUNDING LLC,250 west 55th street,35th fl.,NEW YORK,NY,10019
8030682,CON AMICI CO. LLC,2026-09-25,DOMESTIC LIMITED LIABILITY COMPANY,Suffolk,New York,Cristina Teehan,66 Hastings Drive,,Northport,NY,11768
8030683,FIRST PRIORITY SECURITY NYC LLC,2026-09-25,DOMESTIC LIMITED LIABILITY COMPANY,Richmond,New York,James Allen,62 Wright Avenue,,Staten Island,NY,10303
8030685,AQ AVIATIONS CORP.,2026-09-25,DOMESTIC BUSINESS CORPORATION,Queens,New York,AKRAM QRIQIB,3114 34TH STREET,,ASTORIA,NY,11106
8030688,KALPAK LLC,2026-09-25,DOMESTIC LIMITED LIABILITY COMPANY,Albany,New York,REGISTERED AGENTS INC.,418 BROADWAY,STE R,ALBANY,NY,12207
8030690,POSEY NYC LLC,2026-09-25,DOMESTIC LIMITED LIABILITY COMPANY,Albany,New York,NORTHWEST REGISTERED AGENT LLC,418 BROADWAY,STE N,ALBANY,NY,12207
8030695,DOMUS MECG LLC,2026-09-25,DOMESTIC LIMITED LIABILITY COMPANY,Nassau,New York,Domus MECG LLC,470 Oakdale Ave,,Massapequa Park,NY,11762
8030696,COLEMAN WAYNE LLC,2026-09-25,DOMESTIC LIMITED LIABILITY COMPANY,Albany,New York,Philip W Coleman Jr,418 Broadway,#STE R,Albany,NY,12207
8030698,PRETTII PASTRIES LLC,2026-09-25,DOMESTIC LIMITED LIABILITY COMPANY,Bronx,New York,PRETTII PASTRIES LLC,3015 Wilson Ave,,Bronx,NY,10469
8030699,LONG ISLAND AUCTIONS LLC,2026-09-25,DOMESTIC LIMITED LIABILITY COMPANY,Nassau,New York,LONG ISLAND AUCTIONS LLC,4108 SUNRISE HIGHWAY,,OAKDALE,NY,11769
8030700,DX DEVELOPMENT LLC,2026-09-25,DOMESTIC LIMITED LIABILITY COMPANY,Richmond,New York,"RICHMOND CORPORATE SERVICE GROUP, LLC",1946 VICTORY BOULEVARD,,STATEN ISLAND,NY,10314
8030701,SIMI FOOD LLC,2026-09-25,DOMESTIC LIMITED LIABILITY COMPANY,Albany,New York,NORTHWEST REGISTERED AGENT LLC,418 BROADWAY,STE N,ALBANY,NY,12207
8030703,MATE ZARANDIA INC.,2026-09-25,DOMESTIC BUSINESS CORPORATION,Kings,New York,MATE ZARANDIA INC.,3751 18TH AVE A15,,BROOKLYN,NY,11218
8030707,PROFORM HOLDING LLC,2026-09-25,DOMESTIC LIMITED LIABILITY COMPANY,Suffolk,New York,Krzysztof Szymanski,821 Jackson Ave,,Lindenhurst,NY,11757
8030708,USC 4333 PINE TREE LLC,2026-09-25,DOMESTIC LIMITED LIABILITY COMPANY,Albany,New York,The Limited Liability Company,233 Broadway,Suite 1470,New York,NY,10279
8030710,SANA WAREHOUSE SERVICES CORPORATION,2026-09-25,DOMESTIC BUSINESS CORPORATION,Richmond,New York,SANA WAREHOUSE SERVICES CORPORATION,160 ELM ST,,STATEN ISLAND,NY,10310
8030712,HERSKOVITZ DESIGNS LLC,2026-09-25,DOMESTIC LIMITED LIABILITY COMPANY,Ulster,New York,May Herskovitz,PO Box 226,,Malden-on-Hudson,NY,12453
8030713,AAIP ENTERPRISES LLC,2026-09-25,DOMESTIC LIMITED LIABILITY COMPANY,Albany,New York,REGISTERED AGENTS INC.,418 BROADWAY,STE R,ALBANY,NY,12207
8030717,MDDECISIONS LLC,2026-09-25,DOMESTIC LIMITED LIABILITY COMPANY,Westchester,New York,MDDecisions LLC,88 Prospect Ave,,White Plains,NY,10607
8030718,PG LEGACY GLOBAL NY LLC,2026-09-25,DOMESTIC LIMITED LIABILITY COMPANY,Albany,New York,REGISTERED AGENTS INC.,418 BROADWAY,STE R,ALBANY,NY,12207
8030721,ZIA UL ISLAM FOUNDATION USA INC.,2026-09-25,DOMESTIC NOT-FOR-PROFIT CORPORATION,Queens,New York,hafiz yasin javed,224-01 93rd road,,QUEENS VILLAGE,NY,11428
8030723,CLEMENTE CONSTRUCTION CONSULTING LLC,2026-09-25,DOMESTIC LIMITED LIABILITY COMPANY,Oneida,New York,Clemente Construction Consulting LLC,906 Highland Ave,,Rome,NY,13440
8030724,JOSEY-WAY LIMITED LIABILITY COMPANY,2026-09-25,DOMESTIC LIMITED LIABILITY COMPANY,Albany,New York,"LEGALCORP SOLUTIONS, LLC",11 BROADWAY,SUITE 615,NEW YORK CITY,NY,10004
8030726,STACY-ANN GOODEN WEATHER CONSULTING LLC,2026-09-25,DOMESTIC LIMITED LIABILITY COMPANY,Suffolk,New York,STACY-ANN GOODEN WEATHER CONSULTING LLC,55 BROADWAY UNIT 116,,GREENLAWN,NY,11740
8030727,1723 BROADWAY SCH LLC,2026-09-25,DOMESTIC LIMITED LIABILITY COMPANY,Schenectady,New York,Toshan Sukhandan,210-26 94th Ave,,Queens VLG,NY,11428
8030729,AGB 2 RETAIL CORP.,2026-09-25,DOMESTIC BUSINESS CORPORATION,Dutchess,New York,AGB 2 RETAIL CORP.,1597 ROUTE 9,,WAPPINGERS FALLS,NY,12590
8030731,PURE LUNA INC.,2026-09-25,DOMESTIC BUSINESS CORPORATION,Westchester,New York,PURE LUNA INC.,33 W GRAND ST,,MT VERNON,NY,10552
8030732,PEJOJAY LLC,2026-09-25,DOMESTIC LIMITED LIABILITY COMPANY,Westchester,New York,PEJOJAY PARIS,603 E Boston Rd #222,,Mamaroneck,NY,10543
8030733,DUMPSTER BUSTERS INC.,2026-09-25,DOMESTIC BUSINESS CORPORATION,Onondaga,New York,MICHAEL PUPELLO,4873 Lawless Road,,Marcellus,TX,13108
8030735,"WATER IMPORTS OF NORTH AMERICA, INC.",2026-09-25,DOMESTIC BUSINESS CORPORATION,Bronx,New York,"WATER IMPORTS OF NORTH AMERICA, INC.",360 Coster Street,,Bronx,NY,10474
8030736,LIBERTY EAGLE GUTTERS LLC,2026-09-25,DOMESTIC LIMITED LIABILITY COMPANY,Suffolk,New York,LIBERTY EAGLE GUTTERS LLC,100 CONNETQUOT AVE 1,,EAST ISLIP,NY,11730
8030737,MAA SHAKTI LLC,2026-09-25,DOMESTIC LIMITED LIABILITY COMPANY,Erie,New York,MAA SHAKTI LLC,162 Golden Pheasant,,Getzville,NY,14068
8030738,"THE COMMON ROOM COMMUNITY ARTS, INC.",2026-09-25,DOMESTIC NOT-FOR-PROFIT CORPORATION,Delaware,New York,"THE COMMON ROOM COMMUNITY ARTS, INC.",10 fair street,,WALTON,NY,13856
8030739,MURDIE HOLDINGS LLC,2026-09-25,DOMESTIC LIMITED LIABILITY COMPANY,Madison,New York,Murdie Holdings LLC,P.O. Box 28,,Cazenovia,NY,13035
8030740,"S. BERNARDO NORTH AMERICA , INC.",2026-09-25,DOMESTIC BUSINESS CORPORATION,Bronx,New York,"S. BERNARDO NORTH AMERICA , INC.",360 Coster Street,,Bronx,NY,10474
8030741,THE 25 BARBER SHOP LLC,2026-09-25,DOMESTIC LIMITED LIABILITY COMPANY,Suffolk,New York,THE 25 BARBER SHOP LLC,890 MIDDLE COUNTRY RD,,SELDEN,NY,11784
8030742,HAPPY NUWA LLC,2026-09-25,DOMESTIC LIMITED LIABILITY COMPANY,Queens,New York,Siguang Cao,14957 Ash Ave,,Flushing,NY,11355
8030743,MU VENTURE HOLDINGS CORPORATION,2026-09-25,DOMESTIC BUSINESS CORPORATION,Queens,New York,MU VENTURE HOLDINGS CORPORATION,42 West Street,,Brooklyn,NY,11222
8030744,SCKEN LLC,2026-09-25,DOMESTIC LIMITED LIABILITY COMPANY,New York,New York,Bryan Rivera,2550 Olinville Ave,Apt 10B,Bronx,NY,10467
8030745,GOLDEN ESTATE 200 LLC,2026-09-25,DOMESTIC LIMITED LIABILITY COMPANY,Queens,New York,GOLDEN ESTATE 200 LLC,5422 102ND ST,,CORONA,NY,11368
8030746,SUPERIOR GOURMET LLC,2026-09-25,DOMESTIC LIMITED LIABILITY COMPANY,Queens,New York,Superior Gourmet LLC,60-03 Eliot Avenue,,Maspeth,NY,11378
8030748,JBCARGLOS CORPORATION,2026-09-25,DOMESTIC BUSINESS CORPORATION,Queens,New York,JANNETH BRIONES,3223 70TH STREET,,EAST ELMHURST,NY,11370
8030749,CNT NETWORK INC.,2026-09-25,DOMESTIC BUSINESS CORPORATION,Queens,New York,CNT NETWORK INC.,4708 90TH ST 2FL,,ELMHURST,NY,11373
8030751,"HESSARI FOUNDATION, INC.",2026-09-25,DOMESTIC NOT-FOR-PROFIT CORPORATION,Orange,New York,"HESSARI FOUNDATION, INC.",289 n plank road,,NEWBURGH,NY,12550
8030752,7 ASHWOOD LLC,2026-09-25,DOMESTIC LIMITED LIABILITY COMPANY,Suffolk,New York,7 ASHWOOD LLC,CARILLO LAW OFFICE,669B MONTAUK HIGHWAY,MONTAUK,NY,11954
8030753,NOVA TECH SERVICES INC.,2026-09-25,DOMESTIC BUSINESS CORPORATION,Richmond,New York,NOVA TECH SERVICES INC.,171 LEVERETT AVE,,STATEN ISLAND,NY,10308
8030755,DIDS SHIPPING COMPANY LLC,2026-09-25,DOMESTIC LIMITED LIABILITY COMPANY,Kings,New York,Dids Shipping Company LLC,487 Henry Street,,Brooklyn,NY,11231
8030756,"GLADSTONE HALL CAPITAL, LLC",2026-09-25,DOMESTIC LIMITED LIABILITY COMPANY,Westchester,New York,"GLADSTONE HALL CAPITAL, LLC",610 QUAKER RD,,CHAPPAQUA,NY,10514
8030758,EVERETT'S SURPLUS GROUP LLC,2026-09-25,DOMESTIC LIMITED LIABILITY COMPANY,Westchester,New York,Borys Wasik,179 Beechwood Ave,,Mt Vernon,NY,10553
8030759,38 DOUGLASS ST LLC,2026-09-25,DOMESTIC LIMITED LIABILITY COMPANY,Kings,New York,38 Douglass St LLC,1529 71st street,,Brooklyn,NY,11228
8030762,ALL TECHNO TALENT LLC,2026-09-25,DOMESTIC LIMITED LIABILITY COMPANY,Queens,New York,Alexa matula,642 Wilson Ave,,Brooklyn,NY,11207
8030763,5807 MASPETH AVE LLC,2026-09-25,DOMESTIC LIMITED LIABILITY COMPANY,Queens,New York,DIEGO ANGAMARCA,8742 95TH ST,,WOODHAVEN,NY,11421
8030765,"MARTINO FOR PRESIDENT 2028, INC.",2026-09-25,DOMESTIC BUSINESS CORPORATION,Suffolk,New York,"MARTINO FOR PRESIDENT 2028, INC.",9 WATSON STREET,,EAST ISLIP,NY,11730
8030767,1005 38TH ST LLC,2026-09-25,DOMESTIC LIMITED LIABILITY COMPANY,Kings,New York,1005 38TH ST LLC,1350 60th Street,,Brooklyn,NY,11219
8030768,KRUAAROINYC CORP.,2026-09-25,DOMESTIC BUSINESS CORPORATION,New York,New York,SUPAPORN MATEO,2115 FREDERICK DOUGLASS BLVD,,NEW YORK,NY,10026
8030771,TAINO11 LLC,2026-09-25,DOMESTIC LIMITED LIABILITY COMPANY,Tompkins,New York,Adam Klausner,"Klausner Cook, PLLC",179 Graham Road,Ithaca,NY,14850
8030773,MARLUCA LLC,2026-09-25,DOMESTIC LIMITED LIABILITY COMPANY,Orange,New York,Luca Benvenuto,430 Route 32,,Highland Mills,NY,10930
8030774,THE ACADEMIC STUDIO INC.,2026-09-25,DOMESTIC BUSINESS CORPORATION,Queens,New York,THE ACADEMIC STUDIO INC,14429 78TH AVE,APT 1,FLUSHING,NY,11367
8030775,AEX SHIPPING USA INC.,2026-09-25,DOMESTIC BUSINESS CORPORATION,Kings,New York,AEX SHIPPING USA INC.,2828 W 16TH ST. APT. 4D,,BROOKLYN,NY,11224
8030776,66 ROSE HILL LLC,2026-09-25,DOMESTIC LIMITED LIABILITY COMPANY,Albany,New York,66 ROSE HILL LLC,"338 Northern Blvd, Ste. 6",,Great Neck,NY,11021
8030777,A S MASTER INC.,2026-09-25,DOMESTIC BUSINESS CORPORATION,Queens,New York,A S MASTER INC.,157-02 17TH RD,,WHITESTONE,NY,11357
8030778,BRAND BAZAAR USA INC.,2026-09-25,DOMESTIC BUSINESS CORPORATION,Kings,New York,BRAND BAZAAR USA INC.,2828 W 16TH ST. APT. 4D,,BROOKLYN,NY,11224
8030780,MEGA GREEN PROPERTIES LLC,2026-09-25,DOMESTIC LIMITED LIABILITY COMPANY,Erie,New York,Vitalii Bakirov,182 Mead Street,Apartment 5,North Tonawanda,NY,14120
8030781,"PMI CONSULTING GROUP, INC.",2026-09-25,DOMESTIC BUSINESS CORPORATION,Suffolk,New York,"PMI CONSULTING GROUP, INC.",15 WALBRIDGE AVENUE,,BABYLON,NY,11702
8030783,CASECHECK LLC,2026-09-25,DOMESTIC LIMITED LIABILITY COMPANY,Albany,New York,New York Registered Agent LLC,418 Broadway,STE Y,Albany,NY,12207
8030784,IVF LAB SOLUTIONS LLC,2026-09-25,DOMESTIC LIMITED LIABILITY COMPANY,Albany,New York,NORTHWEST REGISTERED AGENT LLC,418 BROADWAY,STE N,ALBANY,NY,12207
8030785,SPEAKEASY CODING LLC,2026-09-25,DOMESTIC LIMITED LIABILITY COMPANY,Albany,New York,NORTHWEST REGISTERED AGENT LLC,418 BROADWAY,STE N,ALBANY,NY,12207
8030786,OMNI WEALTH MANAGEMENT LLC,2026-09-25,DOMESTIC LIMITED LIABILITY COMPANY,Albany,New York,REGISTERED AGENTS INC.,418 BROADWAY,STE R,ALBANY,NY,12207
8030790,A & J ENTERPRISE OF BROOKLYN LLC,2026-09-25,DOMESTIC LIMITED LIABILITY COMPANY,Kings,New York,Alanda George-Bamfield,2920 Ave R,,Brooklyn,NY,11229
8030791,"86TH STREET QUICK LUBE PRODUCTS, LLC",2026-09-25,DOMESTIC LIMITED LIABILITY COMPANY,Richmond,New York,"86th Street Quick Lube Products, LLC",1601 86TH ST,,BROOKLYN,NY,11214
8030792,WNY ESTATE SOLUTIONS LLC,2026-09-25,DOMESTIC LIMITED LIABILITY COMPANY,Erie,New York,Justin Broomfield,679 Railroad Avenue,,Irving,NY,14081
8030793,LLT CLEANING INC.,2026-09-25,DOMESTIC BUSINESS CORPORATION,Kings,New York,LEONG TENG LEE,649 BANNER AVE APT 1,,BROOKLYN,NY,11235
8030796,RM BRAND PARTNERS LLC,2026-09-25,DOMESTIC LIMITED LIABILITY COMPANY,Albany,New York,RM Brand Partners LLC,463 7th Avenue,,New York,NY,10018
8030798,ARMADIO IVOIRE LLC,2026-09-25,DOMESTIC LIMITED LIABILITY COMPANY,New York,New York,Jessenia Montolio,1465 Park ave,apt 703,new york,NY,10029
8030799,GALAN LITTLE SCHOLARS DAYCARE LLC,2026-09-25,DOMESTIC LIMITED LIABILITY COMPANY,Bronx,New York,Maria Galan Batista,240 Mount Hope Pl,Apt 3G,Bronx,NY,10457
8030800,"MGB32, LLC",2026-09-25,DOMESTIC LIMITED LIABILITY COMPANY,Albany,New York,"MGB32, LLC",10 Hallmark Drive,,New City,NY,10956
8030801,9224 3RD LLC,2026-09-25,DOMESTIC LIMITED LIABILITY COMPANY,Kings,New York,9224 3RD LLC,783 Avenue C,,Bayonne,NY,07002
8030802,LA CARPENTRY CORP.,2026-09-25,DOMESTIC BUSINESS CORPORATION,Suffolk,New York,JAIME R ARIAS VALLADARES,39 GARDINERS LN,,EAST HAMPTON,NY,11937
8030803,SHARI ELITE CONSULTING INC.,2026-09-25,DOMESTIC BUSINESS CORPORATION,Nassau,New York,Shari Elite Consulting Inc.,919 SHARI LN,,EAST MEADOW,NY,11554
8030804,"ANDRCOR, LLC",2026-09-25,DOMESTIC LIMITED LIABILITY COMPANY,Niagara,New York,Andrea Certo,719 Northridge Drive,,Lewiston,NY,14092
8030806,PURE FORM LLC,2026-09-25,DOMESTIC LIMITED LIABILITY COMPANY,Albany,New York,Seamus Quinn,892 Mercer Street,,Albany,NY,12208
8030807,"PBZ DEVELOPMENT GROUP, LLC",2026-09-25,DOMESTIC LIMITED LIABILITY COMPANY,Erie,New York,Latrenda Perry,2618 Main Street,1088,Buffalo,NY,14214
8030808,"MGB439, LLC",2026-09-25,DOMESTIC LIMITED LIABILITY COMPANY,Albany,New York,"MGB439, LLC",10 Hallmark Drive,,New City,NY,10956
8030811,"MGB74, LLC",2026-09-25,DOMESTIC LIMITED LIABILITY COMPANY,Albany,New York,"MGB74, LLC",10 Hallmark Drive,,New City,NY,10956
8030812,NANICHI ROOTS LLC,2026-09-25,DOMESTIC LIMITED LIABILITY COMPANY,Albany,New York,NORTHWEST REGISTERED AGENT LLC,418 BROADWAY,STE N,ALBANY,NY,12207
8030814,THE ABILITY CHALLENGE INCORPORATED,2026-09-25,FOREIGN NOT-FOR-PROFIT CORPORATION,Albany,Maryland,REGISTERED AGENTS INC.,418 BROADWAY STE R,,ALBANY,NY,12207
8030815,"SEPTEMBER 3, LLC",2026-09-25,DOMESTIC LIMITED LIABILITY COMPANY,Albany,New York,"SEPTEMBER 3, LLC",10 Hallmark Drive,,New City,NY,10956
8030816,HOLLYTEC LLC,2026-09-25,DOMESTIC LIMITED LIABILITY COMPANY,Rockland,New York,Joseph Grosz,17 Hastings Rd,,Monsey,NY,10952
8030819,JUST MUNCH 1315 INC.,2026-09-25,DOMESTIC BUSINESS CORPORATION,Kings,New York,JUST MUNCH 1315 INC.,1315 AVENUE J,,BROOKLYN,NY,11230
8030820,GO NOVA CORP.,2026-09-25,DOMESTIC BUSINESS CORPORATION,Suffolk,New York,c/o The Corporation,22 Dunford Street,,Melville,NY,11747
8030821,DNSP INC.,2026-09-25,DOMESTIC BUSINESS CORPORATION,Nassau,New York,DNSP INC.,30 STRAW LANE,,Hicksville,NY,11801
8030825,"JB AND JM PROPERTIES, LLC",2026-09-25,DOMESTIC LIMITED LIABILITY COMPANY,Suffolk,New York,"JB AND JM PROPERTIES, LLC",PO Box 5092,,East Hampton,NY,11937
8030826,"EVAPORISK, LLC",2026-09-25,DOMESTIC LIMITED LIABILITY COMPANY,Kings,New York,"Evaporisk, LLC",173 12th St.,Apt. 1,Brooklyn,NY,11215
8030827,APEX CONSTRUCTION 38 25 INC.,2026-09-25,DOMESTIC BUSINESS CORPORATION,Queens,New York,APEX CONSTRUCTION 38 25 INC.,3825 PARSONS BLVD APT 3Q,,FLUSHING,NY,11354
8030828,JAI WHOLESALE INC.,2026-09-25,DOMESTIC BUSINESS CORPORATION,Nassau,New York,JAI WHOLESALE INC.,8 REMSEN ST,,ELMONT,NY,11003
8030830,ALL WAYS MOVEN INCORPORATED,2026-09-25,DOMESTIC BUSINESS CORPORATION,Kings,New York,ALL WAYS MOVEN,8201 19TH AVE STE B7,,BROOKLYN,NY,11214
8030831,THE LACEY BEHR BOUTIQUE LLC,2026-09-25,DOMESTIC LIMITED LIABILITY COMPANY,Nassau,New York,Joseph Cartolano,1175 NE 125th Street,,Miami,FL,33161
8030832,LEGAL EDGE ADVISORS LLC,2026-09-25,DOMESTIC LIMITED LIABILITY COMPANY,Suffolk,New York,LEGAL EDGE ADVISORS LLC,15 Suttonwood Dr,,Commack,NY,11725
8030833,NO. 57 N FRONT LLC,2026-09-25,DOMESTIC LIMITED LIABILITY COMPANY,Ulster,New York,NO. 57 N FRONT LLC,57 N Front St,,Kingston,NY,12401
8030834,"ADIRONDACK AREA SCHOOL BOARDS ASSOCIATION, INC.",2026-09-25,DOMESTIC NOT-FOR-PROFIT CORPORATION,Saratoga,New York,"ADIRONDACK AREA SCHOOL BOARDS ASSOCIATION, INC.",267 ballard road,suite 6,GANSEVOORT,NY,12831
8030836,"PSE HOLDCO, INC.",2026-09-25,DOMESTIC BUSINESS CORPORATION,Nassau,New York,"PSE HOLDCO, INC.","99 SEAVIEW BLVD, SUITE C",,PORT WASHINGTON,NY,11050
8030837,CONTINUUM CONSULTING LLC,2026-09-25,DOMESTIC LIMITED LIABILITY COMPANY,Orange,New York,Continuum Consulting LLC,54 Liberty St WH,,54 Liberty St WH,NY,12550
8030838,8 E 30TH ST INVESTORS LLC,2026-09-25,DOMESTIC LIMITED LIABILITY COMPANY,Queens,New York,8 E 30TH INVESTORS LLC,7009 AUSTIN ST,SUITE 204,FOREST HILLS,NY,11375
8030839,"MAYAN TUTORING SERVICES, INC.",2026-09-25,DOMESTIC BUSINESS CORPORATION,Suffolk,New York,C/O THE CORPORATION,151 SEAMAN NECK ROAD,,DIX HILLS,NY,11746
8030840,MC QUALITY CLEANING SERVICES LLC,2026-09-25,DOMESTIC LIMITED LIABILITY COMPANY,Rockland,New York,MC QUALITY CLEANING SERVICES LLC,6 lighthouse court,,Tomkins cove,NY,10986
8030841,NEPALI DIDI LLC,2026-09-25,DOMESTIC LIMITED LIABILITY COMPANY,Queens,New York,Binita Simkhada Mudwari,3755 77th Street,Apt 4B,Jackson Heights,NY,11372
8030842,AVILA TRANSPORT 87 LLC,2026-09-25,DOMESTIC LIMITED LIABILITY COMPANY,Kings,New York,PANTON AVILA JR,310 EVERGREEN AVE,,BROOKLYN,NY,11221
8030843,MUSEORA INC.,2026-09-25,DOMESTIC BUSINESS CORPORATION,Queens,New York,MUSEORA Inc.,44-15 College Point Blvd,Apt 6A,"Flushing, NY 11355",NY,11355
8030844,OFELIAS CATERING LLC,2026-09-25,DOMESTIC LIMITED LIABILITY COMPANY,Kings,New York,OFELIAS CATERING LLC,711 Knickerbocker Ave,#2F,Brooklyn,NY,11221
8030845,NATIONAL ASSET RECOVERY GROUP CORP.,2026-09-25,DOMESTIC BUSINESS CORPORATION,Kings,New York,NATIONAL ASSET RECOVERY GROUP CORP.,975 DAHILL RD,,BROOKLYN,NY,11204
8030847,ROSETECH AI SOLUTIONS LLC,2026-09-25,DOMESTIC LIMITED LIABILITY COMPANY,Queens,New York,Rosetech AI Solutions LLC,88-09 148TH ST,APT 3K,JAMAICA,NY,114353522
8030848,8 E 30TH PARTNERS LLC,2026-09-25,DOMESTIC LIMITED LIABILITY COMPANY,Queens,New York,8 E 30TH PARTNERS LLC,7009 AUSTIN STREET,SUITE 204,FOREST HILLS,NY,11375
8030849,P PAVLOU 134-01 LLC,2026-09-25,DOMESTIC LIMITED LIABILITY COMPANY,Queens,New York,P PAVLOU 134-01 LLC,4 NORTH DRIVE,,MALBA,NY,11357
8030851,8713 164TH LLC,2026-09-25,DOMESTIC LIMITED LIABILITY COMPANY,Queens,New York,ISLAM MONIRUL,190-18 HAYWOOD RD,,QUEENS,NY,11423
8030852,P PAVLOU 133-11 LLC,2026-09-25,DOMESTIC LIMITED LIABILITY COMPANY,Queens,New York,P PAVLOU 133-11 LLC,4 NORTH DRIVE,,MALBA,NY,11357
8030853,ONCUE LAWN CARE LLC,2026-09-25,DOMESTIC LIMITED LIABILITY COMPANY,Cortland,New York,OnCue Lawn Care LLC,19 Wadsworth Street,,Cortland,NY,13045
8030854,BENDICION GOURMET LLC,2026-09-25,DOMESTIC LIMITED LIABILITY COMPANY,Bronx,New York,JULENNY ERAITE CAPELLAN,124 E 176TH STREET,4C,BRONX,NY,10453
8030855,TERRIOUS ELIJAH KIM CORP.,2026-09-25,DOMESTIC BUSINESS CORPORATION,Queens,New York,TERRIOUS ELIJAH KIM CORP.,4325 164TH ST,,FLUSHING,NY,11358
8030856,PRO COMFORT HEATING AND COOLING LLC,2026-09-25,DOMESTIC LIMITED LIABILITY COMPANY,Suffolk,New York,Luis A Pintor,16 Jersey Street,,Deer Park,NY,11729
8030857,ACOHENA KALSHI PRIVATE LLC,2026-09-25,DOMESTIC LIMITED LIABILITY COMPANY,New York,New York,ACOHENA KALSHI PRIVATE LLC,1910 ALTON ROAD,,MIAMI BEACH,FL,33139
8030858,SAFE & SOUND ESTATE LLC,2026-09-25,DOMESTIC LIMITED LIABILITY COMPANY,Ulster,New York,SAFE & SOUND ESTATE LLC,123 BOYCE RD,,PINE BUSH,NY,12566
8030859,USA KITCHEN CABINETS DESIGNS LLC,2026-09-25,DOMESTIC LIMITED LIABILITY COMPANY,Albany,New York,Fabian Moreno,23 Barrows St,,Albany,NY,12209
8030860,KLIFFY STORY HOUSE PRODUCTION LLC,2026-09-25,DOMESTIC LIMITED LIABILITY COMPANY,New York,New York,Kliffy Story House Production LLC,P.O Box 1121,,New York,NY,10163
8030861,FOUND ART REVELATIONS LLC,2026-09-25,DOMESTIC LIMITED LIABILITY COMPANY,Albany,New York,NORTHWEST REGISTERED AGENT LLC,418 BROADWAY,STE N,ALBANY,NY,12207
8030862,3603 AVENUE R LLC,2026-09-25,DOMESTIC LIMITED LIABILITY COMPANY,Kings,New York,Michael Hizme,199 Brighton 10th St,Apt 3603,Brooklyn,NY,11235
8030864,EL FOGON DE MARIELBA DELICATESSEN LLC,2026-09-25,DOMESTIC LIMITED LIABILITY COMPANY,Kings,New York,GUILLERMO ANTONIO MELO GUERRERO,887 5TH AVENUE,,BROOKLYN,NY,11232
8030865,EKRAX LLC,2026-09-25,DOMESTIC LIMITED LIABILITY COMPANY,Nassau,New York,Entity Protect Registered Agent Services LLC,447 Broadway 2nd Fl. - #3000,,New York,NY,10013
8030866,5615 NORTH PARTNERS EQUITY LLC,2026-09-25,DOMESTIC LIMITED LIABILITY COMPANY,Queens,New York,5615 NORTH PARTNERS EQUITY LLC,74-15 NORTHERN BOULEVARD,,JACKSON HEIGHTS,NY,11372
8030869,TSNYANKA LLC,2026-09-25,DOMESTIC LIMITED LIABILITY COMPANY,Greene,New York,TSNYANKA LLC,104 West End Ave Apt 5L,,Brooklyn,NY,11235
8030871,"UNITED UMMAH FUNERAL FUNDS, INC.",2026-09-25,DOMESTIC NOT-FOR-PROFIT CORPORATION,Nassau,New York,waleed siddiqui,32 primrose ln,,ROOSEVELT,NY,11575
8030872,CARE FOR SERENITY LLC,2026-09-25,DOMESTIC LIMITED LIABILITY COMPANY,Suffolk,New York,NORTHWEST REGISTERED AGENT LLC,418 BROADWAY,STE N,ALBANY,NY,12207
8030876,VALLEY DE FLEUR BY DARIA INC.,2026-09-25,DOMESTIC BUSINESS CORPORATION,Sullivan,New York,The Company,10 Sam Ln,,Monticello,NY,12701
8030877,"WWSD, LLC",2026-09-25,DOMESTIC LIMITED LIABILITY COMPANY,Albany,New York,"WWSD, LLC","201 WEST 89TH STREET, 3F",,NEW YORK,NY,10024
8030879,YUN CLEANING INC.,2026-09-25,DOMESTIC BUSINESS CORPORATION,Queens,New York,YUN ZHU LIN,762 56TH ST,,BROOKLYN,NY,11220
8030880,TEO NYC CORPORATION,2026-09-25,DOMESTIC BUSINESS CORPORATION,Kings,New York,Teona Beridze,655 tysens lane apt 6w,,Staten Island,NY,10306
8030881,HIMALAYAN HANDCRAFTED LLC,2026-09-25,DOMESTIC LIMITED LIABILITY COMPANY,Nassau,New York,DAWA LAMA-GAUCHAN,21 EDNA DR,,SYOSSET,NY,11791
8030882,"5328 HONEOYE LAKE HOUSE, LLC",2026-09-25,DOMESTIC LIMITED LIABILITY COMPANY,Ontario,New York,"5328 HONEOYE LAKE HOUSE, LLC",336 NORTH MAIN STREET,,CANANDAIGUA,NY,14424
8030883,EXQUISITE G LLC,2026-09-25,DOMESTIC LIMITED LIABILITY COMPANY,Albany,New York,REGISTERED AGENTS INC.,418 BROADWAY,STE R,ALBANY,NY,12207
8030886,MIRACLE NUMEN CORPORATION,2026-09-25,DOMESTIC BUSINESS CORPORATION,Suffolk,New York,CLAUDIA MIREYA MARTINEZ,104 N Ocean Ave,,Islip,NY,11751
8030887,SUBMARINO GROUP INC.,2026-09-25,DOMESTIC BUSINESS CORPORATION,Queens,New York,The Company,750 Onderdonk Ave,,Flushing,NY,11385
8030889,G&B HOME SOLUTIONS LLC,2026-09-25,DOMESTIC LIMITED LIABILITY COMPANY,Rockland,New York,GULYAM GULYAMOV,498 IROQUOIS CT,,SUFFERN,NY,10901
8030890,DAMO BOUTIQUE IMPORT LLC,2026-09-25,DOMESTIC LIMITED LIABILITY COMPANY,New York,New York,Monique Anildas Dabel,8705 SEAVIEW AVE,,BROOKLYN,NY,112365139
8030892,CM CLINTON STREET LLC,2026-09-25,DOMESTIC LIMITED LIABILITY COMPANY,Suffolk,New York,C/O the LLC,10 Bittersweet Lane,,Center Moriches,NY,11934
8030894,JFM CONSULTING SOLUTIONS LLC,2026-09-25,DOMESTIC LIMITED LIABILITY COMPANY,Albany,New York,REGISTERED AGENTS INC.,418 BROADWAY,STE R,ALBANY,NY,12207
8030895,SOLVA AI LLC,2026-09-25,DOMESTIC LIMITED LIABILITY COMPANY,Kings,New York,Michael Murphy,195 Herzl Street 1B,,Brooklyn,NY,11212
8030897,THREE STRIPES LLC,2026-09-25,DOMESTIC LIMITED LIABILITY COMPANY,Columbia,New York,Amanda N. Miller,6370 Mill Street,,Rhinebeck,NY,12572
8030899,DFONTAINE CONSULTANTS LLC,2026-09-25,DOMESTIC LIMITED LIABILITY COMPANY,Kings,New York,"UNITED STATES CORPORATION AGENTS, INC.",7014 13TH AVENUE,SUITE 202,BROOKLYN,NY,11228
8030900,PATRICK MCKENZIE LLC,2026-09-25,DOMESTIC LIMITED LIABILITY COMPANY,Greene,New York,Patrick Mckenzie,14 Walnut Street,,Catskill,NY,12414
8030901,FROG HILL TRAVIS CORNERS LLC,2026-09-25,DOMESTIC LIMITED LIABILITY COMPANY,Albany,New York,CHARLES W. DUPREE,100 TRAVIS CORNERS ROAD,P.O. BOX 326,GARRISON,NY,10524
8030905,11 EAST 3RD STREET LLC,2026-09-25,DOMESTIC LIMITED LIABILITY COMPANY,New York,New York,11 East 3rd Street LLC,11 East 3rd Street,,New York,NY,10003
8030907,182-184 MUTTON HILL HOLDINGS LLC,2026-09-25,DOMESTIC LIMITED LIABILITY COMPANY,Sullivan,New York,182-184 MUTTON HILL HOLDINGS LLC,9 SCHULTE ROAD,,GRAHAMSVILLE,NY,12740
8030910,"WILD OAK FARMS, LLC",2026-09-25,DOMESTIC LIMITED LIABILITY COMPANY,Yates,New York,"Wild Oak Farms, LLC",638 Rock Stream Road,,Rock Stream,NY,14878
8030914,RNR RETAIL GROUP INC.,2026-09-25,DOMESTIC BUSINESS CORPORATION,Kings,New York,RNR Retail Group Inc.,730 Flatbush Ave,,Brooklyn,NY,11226
8030916,VARSHA BAKERY LLC,2026-09-25,DOMESTIC LIMITED LIABILITY COMPANY,Albany,New York,NORTHWEST REGISTERED AGENT LLC,418 BROADWAY,STE N,ALBANY,NY,12207
8030917,MC QUALITY CLEANING SERVES LLC,2026-09-25,DOMESTIC LIMITED LIABILITY COMPANY,Rockland,New York,NORTHWEST REGISTERED AGENT LLC,418 BROADWAY,STE N,ALBANY,NY,12207
8030919,"TREACY QUALITY CONSULTING, LLC",2026-09-25,DOMESTIC LIMITED LIABILITY COMPANY,Westchester,New York,Margaret Treacy,111 Madison Avenue,,Valhalla,NY,10595
8030920,HUNTER LAKE VIEWS LLC,2026-09-25,DOMESTIC LIMITED LIABILITY COMPANY,Greene,New York,Hunter Lake Views LLC,296 Route 59,Suite 12-#3001,Suffern,NY,10901
8030921,BAAM CREATIVE STUDIOS LLC,2026-09-25,DOMESTIC LIMITED LIABILITY COMPANY,New York,New York,BAAM CREATIVE STUDIOS LLC,494 8TH AVE,STE 501,NEW YORK,NY,10001
8030922,AMGOODCOMPANY LLC,2026-09-25,DOMESTIC LIMITED LIABILITY COMPANY,Ulster,New York,AMGOODCOMPANY LLC,3915 US-9W,,Saugerties,NY,12477
8030925,TRINH FAMILY LLC,2026-09-25,DOMESTIC LIMITED LIABILITY COMPANY,Kings,New York,TRINH FAMILY LLC,2115 81ST STREET,,BROOKLYN,NY,11214
8030926,"SIMPLY CLEAN - CLEANING SERVICE, LLC",2026-09-25,DOMESTIC LIMITED LIABILITY COMPANY,Yates,New York,"Simply Clean - Cleaning Service, LLC",703 Park Avenue,,Keuka Park,NY,14478
8030927,1001 SCOTT LLC,2026-09-25,DOMESTIC LIMITED LIABILITY COMPANY,Suffolk,New York,1001 SCOTT LLC,1101 Scott Avenue,,Calverton,NY,11933
8030928,HELA LASH INC.,2026-09-25,DOMESTIC BUSINESS CORPORATION,New York,New York,HELA LASH INC.,141-26 NORTHERN BLVD APT 11A,,FLUSHING,NY,11354
8030929,PJ'S LOUNGE LLC,2026-09-25,DOMESTIC LIMITED LIABILITY COMPANY,Queens,New York,Joseph Medina,69-08 Myrtle Ave,,Glendale,NY,11385
8030930,TRIPPLE M RESOURCES LLC,2026-09-25,DOMESTIC LIMITED LIABILITY COMPANY,Albany,New York,TRIPPLE M RESOURCES LLC,9103 212th St,,Queens Village,NY,11428
8030931,QNA LOGISTICS INCORPORATED,2026-09-25,DOMESTIC BUSINESS CORPORATION,Queens,New York,PAUL QUINDE,3039 73RD STREET,,EAST ELMHURST,NY,11370
8030932,TRIPLE 2 147TH AVE CORP.,2026-09-25,DOMESTIC BUSINESS CORPORATION,Queens,New York,Triple 2 147th Ave Corp.,222-16 147th Avenue,,Springfield Gardens,NY,11413
8030934,CM WILSON AND SAUNDERS LLC,2026-09-25,DOMESTIC LIMITED LIABILITY COMPANY,Suffolk,New York,C/O the LLC,14 Barberry Lane,,Center Moriches,NY,11934
8030935,WILDLING WHOLESALE LTD.,2026-09-25,DOMESTIC BUSINESS CORPORATION,Westchester,New York,C/O THE CORPORATION,C/O MOHD S ALOEIDAT ESQ,PO BOX 623,YONKERS,NY,10710
8030936,T&M PROFESSIONAL CLEANING LLC,2026-09-25,DOMESTIC LIMITED LIABILITY COMPANY,New York,New York,T&M PROFESSIONAL CLEANING LLC,224 W 35th St Ste 500,,New York,NY,10001
8030937,MA&NA NEW YORK LLC,2026-09-25,DOMESTIC LIMITED LIABILITY COMPANY,Richmond,New York,Registered Agents Inc.,418 Broadway,STE R,Albany,NY,12207
8030939,NEXTGEN REMODELING EXPERTS LLC,2026-09-25,DOMESTIC LIMITED LIABILITY COMPANY,Onondaga,New York,NextGen Remodeling Experts LLC,403 Merriman Ave apt 1/2,,Syracuse,NY,13204
8030940,"97 LENEVAR AVE, LLC",2026-09-25,DOMESTIC LIMITED LIABILITY COMPANY,Richmond,New York,EMAD IBRAHIM &amp; SALLY RIZKALLA,2050 SOUTH SERVICE ROAD,,STATEN ISLAND,NY,10309
8030943,INTELLECT ADVISOR LLC,2026-09-25,DOMESTIC LIMITED LIABILITY COMPANY,Queens,New York,Gabriel Barrantes,166-07 21st Avenue,,Whitesone,NY,11357
8030945,LOLIFE VISIONS LLC,2026-09-25,DOMESTIC LIMITED LIABILITY COMPANY,Erie,New York,Registered Agents Inc.,418 Broadway,STE R,Albany,NY,12207
8030949,"MSHMSH, LLC",2026-09-25,DOMESTIC LIMITED LIABILITY COMPANY,Richmond,New York,MARCIL ZAKY,5 LADD AVE,,5 LADD AVE,NY,10312
8030950,SENIOR CHOICE & SOLUTIONS NEW YORK LLC,2026-09-25,DOMESTIC LIMITED LIABILITY COMPANY,Franklin,New York,Registered Agents Inc.,418 Broadway,STE R,Albany,NY,12207
8030951,PARADOX UNLIMITED COMPANY LLC,2026-09-25,DOMESTIC LIMITED LIABILITY COMPANY,Queens,New York,PARADOX UNLIMITED COMPANY LLC,13920 Laurelton Pkwy,,Rosedale,NY,11422
8030952,IWAD LLC,2026-09-25,DOMESTIC LIMITED LIABILITY COMPANY,Nassau,New York,REGISTERED AGENTS INC.,418 BROADWAY,STE R,ALBANY,NY,12207
8030953,GPV LLC,2026-09-25,DOMESTIC LIMITED LIABILITY COMPANY,Kings,New York,George Venetsanakos,960 72nd street,,Brooklyn,NY,11228
8030954,HEI GENERAL THIRTY LLC,2026-09-25,DOMESTIC LIMITED LIABILITY COMPANY,Nassau,New York,HEI GENERAL THIRTY LLC,555 Willow Ave.,,Cedarhurst,NY,11516
8030955,VIRTUAL BUSINESS CONTACT LLC,2026-09-25,DOMESTIC LIMITED LIABILITY COMPANY,Albany,New York,NORTHWEST REGISTERED AGENT LLC,418 BROADWAY,STE N,ALBANY,NY,12207
8030956,SHA CONSULTANT LLC,2026-09-25,DOMESTIC LIMITED LIABILITY COMPANY,Broome,New York,Shanna Billingiere,69 Broad Ave,,Binghamton,NY,13904
8030959,HART STRATEGIC SOLUTIONS CORP.,2026-09-25,DOMESTIC BUSINESS CORPORATION,Suffolk,New York,HART STRATEGIC SOLUTIONS CORP.,4 Olive Ct,,Farmingville,NY,11738
8030962,NALERIA CORP.,2026-09-25,DOMESTIC BUSINESS CORPORATION,Kings,New York,NALERIA CORP.,"2733 E 12TH STREET, #B",,BROOKLYN,NY,11235
8030963,MAX 2 GO DELIVERY LLC,2026-09-25,DOMESTIC LIMITED LIABILITY COMPANY,Albany,New York,NORTHWEST REGISTERED AGENT LLC,418 BROADWAY,STE N,ALBANY,NY,12207
8030965,"BURMASTER GROUP HOLDINGS, LLC",2026-09-25,DOMESTIC LIMITED LIABILITY COMPANY,Oneida,New York,c/o LLC,16 Kellogg Rd.,,New Hartford,NY,13413
8030966,P&VLB FUNDING LLC,2026-09-25,DOMESTIC LIMITED LIABILITY COMPANY,Nassau,New York,P&VLB FUNDING LLC,615 MAGNOLIA BLVD,,LONG BEACH,NY,11561
8030967,LUOS BURGERS EAST VILLAGE INC.,2026-09-25,DOMESTIC BUSINESS CORPORATION,New York,New York,LUO'S BURGERS,540 EAST 5TH STREET,,NEW YORK,NY,100096529
8030968,BELP PUMP REPAIR LLC,2026-09-25,DOMESTIC LIMITED LIABILITY COMPANY,Queens,New York,BRYAN ENRIQUE LERMO PALACIOS,20 CAYUGA AVE,,DEER PARK,NY,117292302
8030969,DIAMOND RECRUITING NETWORK LLC,2026-09-25,DOMESTIC LIMITED LIABILITY COMPANY,Chemung,New York,DIAMOND RECRUITING NETWORK LLC,10 Church St,,Erin,NY,14838
8030971,KUMA STUDIO LLC,2026-09-25,DOMESTIC LIMITED LIABILITY COMPANY,Onondaga,New York,Alan Tom,111 Sherbrooke Rd,,Syracuse,NY,13214
8030972,10 SHERIDAN PL LLC,2026-09-25,DOMESTIC LIMITED LIABILITY COMPANY,Nassau,New York,10 SHERIDAN PL LLC,760 NORTHGATE DR,,UNIONDALE,NY,11553
8030973,"12 RIVERS ROAD, LLC",2026-09-25,DOMESTIC LIMITED LIABILITY COMPANY,Suffolk,New York,"12 RIVERS ROAD, LLC",12 RIVERS ROAD,,EAST HAMPTON,NY,11937
8030977,TOREN SUPPLY LLC,2026-09-25,DOMESTIC LIMITED LIABILITY COMPANY,New York,New York,TOREN SUPPLY LLC,228 Park Ave S #158889,,New York,NY,10003
8030978,DAVES CARIBBEAN RESTAURANT LLC,2026-09-25,DOMESTIC LIMITED LIABILITY COMPANY,Schenectady,New York,Raja Moniram,772 State St,,Schenectady,NY,12307
8030982,"MUNROE CONTRACTING GROUP, LLC",2026-09-25,DOMESTIC LIMITED LIABILITY COMPANY,Genesee,New York,"Munroe Contracting Group, LLC",48 Walnut St,,Batavia,NY,14020
8030983,ALEXANDRA CHALFIN PSYD PSYCHOLOGIST PLLC,2026-09-25,DOMESTIC PROFESSIONAL SERVICE LIMITED LIABILITY COMPANY,Westchester,New York,THE PLLC,21 DUNHAM ROAD,,SCARSDALE,NY,10583
8030984,PROFESSIONAL BODYWORK LTD.,2026-09-25,DOMESTIC BUSINESS CORPORATION,Queens,New York,PROFESSIONAL BODYWORK LTD.,7518 186th STREET,,FRESH MEADOWS,NY,11366
8030985,RECHARGE LI LLC,2026-09-25,DOMESTIC LIMITED LIABILITY COMPANY,Suffolk,New York,RECHARGE LI LLC,147 Guilford Ave,,Oakdale,NY,11769
8030986,THE MEASUREMENT LAB LLC,2026-09-25,DOMESTIC LIMITED LIABILITY COMPANY,Albany,New York,NORTHWEST REGISTERED AGENT LLC,418 BROADWAY,STE N,ALBANY,NY,12207
8030987,YSK GROUP INC.,2026-09-25,DOMESTIC BUSINESS CORPORATION,Kings,New York,MARIPZHON BADALBAEV,3323 KINGS HWY APT 2A,,BROOKLYN,NY,11234
8030988,"TODO MAS, INC.",2026-09-25,DOMESTIC BUSINESS CORPORATION,Westchester,New York,"TODO MAS, INC.",187 MAIN ST,,OSSINING,NY,10562
8030990,COLLECTIVE CARE HEALTH PARTNERS LLC,2026-09-25,DOMESTIC LIMITED LIABILITY COMPANY,Suffolk,New York,HUMBERTO ROMERO,10 WHISPERING FIELD DR.,,NORTHPORT,NY,11768
8030992,"SPAZZ AUTO BODY, INC.",2026-09-25,DOMESTIC BUSINESS CORPORATION,Putnam,New York,"SPAZZ AUTO BODY, INC.",555 NORTH MAIN STREET,,BREWSTER,NY,10509
8030993,METRO BRIDGE GROUP LLC,2026-09-25,DOMESTIC LIMITED LIABILITY COMPANY,Queens,New York,YANG SHI,140-08 POPLAR AVE,,FLUSHING,NY,11355
8030994,ALL CAPS REALTY LLC,2026-09-25,DOMESTIC LIMITED LIABILITY COMPANY,Nassau,New York,ALL CAPS REALTY LLC,537 ELLISON AVENUE,,WESTBURY,NY,11590
8030995,CHEVALIER MULTISERVICE LLC,2026-09-25,DOMESTIC LIMITED LIABILITY COMPANY,Bronx,New York,MARIA CHEVALIER,225 BENNET AVENUE,2FL,YONKERS,NY,10701
8030997,JORGE GONZALEZ LOPEZ NY LLC,2026-09-25,DOMESTIC LIMITED LIABILITY COMPANY,Kings,New York,JORGE GONZALEZ LOPEZ NY LLC,45 Main St Ste 240 #927795,,Brooklyn,NY,11201
8030998,"SOFANDRO, LLC",2026-09-25,DOMESTIC LIMITED LIABILITY COMPANY,Yates,New York,C/O C T CORPORATION SYSTEM,28 LIBERTY STREET,,NEW YORK,NY,10005
8030999,HERITAGE MARKETPLACE INC.,2026-09-25,DOMESTIC BUSINESS CORPORATION,Queens,New York,MD MIZANUR RAHAMAN,8628 254TH ST,,BELLEROSE,NY,11426
8031001,DIVA NAILS AND BEAUTY LLC,2026-09-25,DOMESTIC LIMITED LIABILITY COMPANY,Rockland,New York,Sandra G Huaraca,50 Gerow Ave.,,Spring Valley,NY,10977
8031003,PANOGAVRIO LLC,2026-09-25,DOMESTIC LIMITED LIABILITY COMPANY,Queens,New York,PANOGAVRIO LLC,213-37 39TH AVENUE,#290,BAYSIDE,NY,11361
8031004,TWO BROTHERS REALITY LLC,2026-09-25,DOMESTIC LIMITED LIABILITY COMPANY,New York,New York,TWO BROTHERS REALITY LLC,244 MADISON AVE,,NEW YORK,NY,10016
8031005,USC WAB ADMIN AGENT LLC,2026-09-25,DOMESTIC LIMITED LIABILITY COMPANY,Albany,New York,The Limited Liability Company,233 Broadway,Suite 1470,New York,NY,10279
8031006,KICK AXE NY INC.,2026-09-25,DOMESTIC BUSINESS CORPORATION,Kings,New York,AZIZ MAHMUDOV,622 DEGRAW ST,,BROOKLYN,NY,11217
8031007,IVY LEAGUE ESTATES LLC,2026-09-25,DOMESTIC LIMITED LIABILITY COMPANY,Nassau,New York,ivy league estates llc,8 Gary Rd,,Syosset,NY,11791
8031008,USC LUXURY WAB LLC,2026-09-25,DOMESTIC LIMITED LIABILITY COMPANY,Albany,New York,The Limited Liability Company,233 Broadway,Suite 1470,New York,NY,10279
8031009,GIO'S PLAYHOUSE LLC,2026-09-25,DOMESTIC LIMITED LIABILITY COMPANY,Westchester,New York,Julia Ventura,103 Franklin Ave,,Yonkers,NY,10705
8031010,ATLANTIC COAST REALTY LLC,2026-09-25,DOMESTIC LIMITED LIABILITY COMPANY,Nassau,New York,ERIKA MONTIEL,382 GRAND CENTRAL PLACE,,INWOOD,NY,11096
8031011,"PEYTON MOORE GALLERY, INC.",2026-09-25,DOMESTIC BUSINESS CORPORATION,New York,New York,"PEYTON MOORE GALLERY, INC.","210 ELEVENTH AVENUE, SUITE 802",,NEW YORK,NY,10001
8031013,NORTH STAR LEGACY HOLDINGS LLC,2026-09-25,DOMESTIC LIMITED LIABILITY COMPANY,Erie,New York,John R Keem III,6616 Gartman Rd,,Orchard Park,NY,14127
8031016,BNS ELECTRICAL LLC,2026-09-25,DOMESTIC LIMITED LIABILITY COMPANY,Bronx,New York,ZENBUSINESS INC.,41 STATE STREET,SUITE 112,ALBANY,NY,12207
8031017,NYC BROWS INC.,2026-09-25,DOMESTIC BUSINESS CORPORATION,Queens,New York,Anny Reyes Marte,37-55 58st,apt 4,woodside,NY,11377
8031018,LUOS BURGERS EAST NEW YORK INC.,2026-09-25,DOMESTIC BUSINESS CORPORATION,Kings,New York,LUOS BURGERS,550 HOWARD AVE,,BROOKLYN,NY,11233
8031019,TIAN MAMA FUZHOU FOOD INC.,2026-09-25,DOMESTIC BUSINESS CORPORATION,Queens,New York,XIUNING HE,135-15 40TH ROAD UNIT 6,,FLUSHING,NY,11354
8031021,A&S PRO HOME IMPROVEMENTS LLC,2026-09-25,DOMESTIC LIMITED LIABILITY COMPANY,New York,New York,Entity Protect Registered Agent Services LLC,447 Broadway 2nd Fl. - #3000,,New York,NY,10013
8031023,SOEUR HOLDINGS LLC,2026-09-25,DOMESTIC LIMITED LIABILITY COMPANY,Kings,New York,ZENBUSINESS INC.,41 STATE STREET,SUITE 112,ALBANY,NY,12207
8031025,NORTHPEAK LOGISTICS LLC,2026-09-25,DOMESTIC LIMITED LIABILITY COMPANY,Kings,New York,NORTHPEAK LOGISTICS LLC,2709 E 22ND STREET,,BROOKLYN,NY,11235
8031026,"M&B ROCKAWAY, LLC",2026-09-25,DOMESTIC LIMITED LIABILITY COMPANY,Queens,New York,BILAL ALSAYEDI,135-40 ROCKAWAY BLVD,,SOUTH OZONE PARK,NY,11420
8031027,NTS5 RONEX INC.,2026-09-25,DOMESTIC BUSINESS CORPORATION,Kings,New York,NTs5 Ronex Inc,2750 Homecrest Ave 505,,Brooklyn,NY,11235
8031028,"TH RE VENTURES, LLC",2026-09-25,DOMESTIC LIMITED LIABILITY COMPANY,Westchester,New York,Trista Huang,55 Clinton Place,Unit 801,New Rochelle,NY,10801
8031029,L & R PHOTO/VIDEO LLC,2026-09-25,DOMESTIC LIMITED LIABILITY COMPANY,Dutchess,New York,Ricardo Pineda,24 Sunflower cir,,Wappingers Falls,NY,12590
8031031,MQ CANTEEN INC.,2026-09-25,DOMESTIC BUSINESS CORPORATION,Kings,New York,MQ CANTEEN INC.,7617 NEW UTRECHT AVENUE,,BROOKLYN,NY,11214
8031034,CHANY'S SCHOLARS INC.,2026-09-25,DOMESTIC NOT-FOR-PROFIT CORPORATION,New York,New York,CHANY'S SCHOLARS INC.,4314 old william penn highway,suite 201,MONROEVILLE,PA,15146
8031035,AA HARDWARE NY INC.,2026-09-25,DOMESTIC BUSINESS CORPORATION,Nassau,New York,Hui Sze Chin,263 Brompton Rd S,,Garden City,NY,11530
8031036,JAY-CEE SERVICES LLC,2026-09-25,DOMESTIC LIMITED LIABILITY COMPANY,Chautauqua,New York,James Carlson,4497 Maple Grove Road,,Bemus Point,NY,14712
8031037,TALL PINES LODGE LLC,2026-09-25,DOMESTIC LIMITED LIABILITY COMPANY,Greene,New York,Tall Pines Lodge LLC,41 Pine St.,,Cairo,NY,12413
8031039,K & EVA INC.,2026-09-25,DOMESTIC BUSINESS CORPORATION,New York,New York,THE CORP,203 EAST 14TH STREET,,NEW YROK,NY,10003
8031040,"RPL CAR SERVICE AND LIMO, LLC",2026-09-25,DOMESTIC LIMITED LIABILITY COMPANY,Rockland,New York,"RPL CAR SERVICE AND LIMO, LLC",40 G FOREST DR,APT G,GARNERVILLE,NY,10923
8031043,MRGJA LLC,2026-09-25,DOMESTIC LIMITED LIABILITY COMPANY,Suffolk,New York,MARIO RODRIGUEZ,17 BERKELEY AVENUE,,SELDEN,NY,11784
8031046,TELLOS TRUCKING NYC INC.,2026-09-25,DOMESTIC BUSINESS CORPORATION,Queens,New York,ELIZABETH MARQUEZ,30-63 STEINWAY ST,,ASTORIA,NY,11103
8031047,BROOKLYN POSTAL REALTY HOLDINGS LLC,2026-09-25,DOMESTIC LIMITED LIABILITY COMPANY,Nassau,New York,"InCorp Services, Inc.",One Commerce Plaza,99 Washington Ave. Ste 805-A,Albany,NY,122102822
8031051,NEVADA WATERFRONT ESTATES LLC,2026-09-25,DOMESTIC LIMITED LIABILITY COMPANY,Suffolk,New York,Robert Perticone and Christopher Pico,55 Evergreen Street,,West Babylon,NY,11704
8031052,"HEAVENS GARAGE, LLC",2026-09-25,DOMESTIC LIMITED LIABILITY COMPANY,Suffolk,New York,"Heavens Garage, LLC",15 West Hills Road,,Huntington Station,NY,11746
8031055,N LAKE RE PROPERTIES LLC,2026-09-25,DOMESTIC LIMITED LIABILITY COMPANY,New York,New York,JEFFREY PAULINO,601 W 176TH ST APT 44,,NEW YORK,NY,10033
8031058,MARVINS GLOBAL TRADING INC.,2026-09-25,DOMESTIC BUSINESS CORPORATION,New York,New York,c/o INC Corporate Services,"4504 162nd St, Ste 203",,Flushing,NY,11358
8031060,CRE1 LLC,2026-09-25,DOMESTIC LIMITED LIABILITY COMPANY,Erie,New York,THE LIMITED LIABILITY COMPANY,200 John James Audubon Parkway,Ste. 302,Amherst,NY,14228
8031061,SOW AND TEND LLC,2026-09-25,DOMESTIC LIMITED LIABILITY COMPANY,Albany,New York,Richard Ortega,350 Northern Blvd,324-1539,Albany,NY,122041000
8031062,THE BADET GROUP LIMITED LIABILITY COMPANY,2026-09-25,DOMESTIC BUSINESS CORPORATION,New York,New York,Wilhelmina Smith,1022 Rutland Road,,Brooklyn,NY,11212
8031063,ANGIES CATERING LLC,2026-09-25,DOMESTIC LIMITED LIABILITY COMPANY,New York,New York,Angelia D Walker,69 S 25th St,,Wyandanch,NY,11798
8031066,MARY MOELLER LLC,2026-09-25,DOMESTIC LIMITED LIABILITY COMPANY,Dutchess,New York,MARY MOELLER LLC,140 VERBANK VILLAGE ROAD,,VERBANK,NY,12585
8031067,AMW GROUP INC.,2026-09-25,DOMESTIC BUSINESS CORPORATION,Queens,New York,AMW GROUP INC.,3811 DITMARS 4041,,ASTORIA,NY,11105
8031070,NNC TRADING INC.,2026-09-25,DOMESTIC BUSINESS CORPORATION,Richmond,New York,NNC TRADING INC.,389 PHILIP AVE,,STATEN ISLAND,NY,10312
8031071,THE CROWNCARE GROUP INC.,2026-09-25,DOMESTIC BUSINESS CORPORATION,Rockland,New York,The CrownCare Group Inc.,400 Rella Blvd #207-859,,Montebello,NY,10901
8031072,YO-CHI NEW YORK LLC,2026-09-25,DOMESTIC LIMITED LIABILITY COMPANY,New York,New York,REGISTERED AGENTS INC.,418 BROADWAY STE R,,ALBANY,NY,12207
8031073,TREMONT MULTISERVICES CORP.,2026-09-25,DOMESTIC BUSINESS CORPORATION,Bronx,New York,JORGE CASILLA,760-C EAST TREMONT AVE,,Bronx (Bronx),NY,10460
8031075,WORKZEST LLC,2026-09-25,DOMESTIC LIMITED LIABILITY COMPANY,Nassau,New York,"ROBIN M. COOPER, CPA, PLLC",760 JERICHO TPKE,,WESTBURY,NY,115901123
8031078,G-POT LLC,2026-09-25,DOMESTIC LIMITED LIABILITY COMPANY,Columbia,New York,G-POT LLC,2114 COUNTY ROUTE 27,,CRARYVILLE,NY,12521
8031080,SARDINE HOLDINGS LLC,2026-09-25,DOMESTIC LIMITED LIABILITY COMPANY,Albany,New York,SARDINE HOLDINGS LLC,381-383 BROADWAY,,NEW YORK,NY,10013
8031082,KR INDUSTRIAL ARTS LLC,2026-09-25,DOMESTIC LIMITED LIABILITY COMPANY,Erie,New York,Matthew Moliterno,24 Russell Street,,Buffalo,NY,14214
8031084,LIUBOV ZIMINA LLC,2026-09-25,DOMESTIC LIMITED LIABILITY COMPANY,Kings,New York,Luibov Zimina,1150 Bay Ridge Ave,,Brooklyn,NY,11219
8031085,EVERDAN SOLUTIONS LLC,2026-09-25,DOMESTIC LIMITED LIABILITY COMPANY,Queens,New York,Mohammad Kabir,184-10 Jamaica Avenue,,JAMAICA,NY,11423
8031086,REGENT PARK STUDIOS INC.,2026-09-25,DOMESTIC BUSINESS CORPORATION,Kings,New York,REGENT PARK STUDIOS INC.,427 IRVING AVE,,BROOKLYN,NY,11237
8031087,295 PINEBROOK DRIVE LLC,2026-09-25,DOMESTIC LIMITED LIABILITY COMPANY,Albany,New York,REGISTERED AGENTS INC.,418 BROADWAY,STE R,ALBANY,NY,12207
8031088,KATALYNA LABS LLC,2026-09-25,DOMESTIC LIMITED LIABILITY COMPANY,Albany,New York,NORTHWEST REGISTERED AGENT LLC,418 BROADWAY,STE N,ALBANY,NY,12207
8031090,CCHLR SERVICE INC.,2026-09-25,DOMESTIC BUSINESS CORPORATION,Queens,New York,LUORONG CICHENG,15024 17TH AVE 2FL,,WHITESTONE,NY,11357
8031091,IMBER MEDIA INC.,2026-09-25,DOMESTIC BUSINESS CORPORATION,Kings,New York,IMBER MEDIA INC.,198 11TH AVENUE,,BROOKLYN,NY,11215
8031093,CSUSA PROTECTION SERVICES INC.,2026-09-25,DOMESTIC BUSINESS CORPORATION,New York,New York,CSUSA PROTECTION SERVICES INC.,667 Madison Ave Fl 11,,New York,NY,10065
8031094,ASD PRIME INC.,2026-09-25,DOMESTIC BUSINESS CORPORATION,Kings,New York,ASD PRIME INC.,4250 Veterans Memorial Hwy,Suite 3100W,Holbrook,NY,11741
8031096,VELARDE ARCHITECT PLLC,2026-09-25,DOMESTIC PROFESSIONAL SERVICE LIMITED LIABILITY COMPANY,Queens,New York,VELARDE ARCHITECT PLLC,8 beech court,,COLLEGE POINT,NY,11356
8031097,PROP M2 LLC,2026-09-25,DOMESTIC LIMITED LIABILITY COMPANY,Albany,New York,PROP M2 LLC,"9 WASHINGTON SQUARE, UNIT 16",,ALBANY,NY,12205
8031098,"HUGINN HOLDINGS, LLC",2026-09-25,DOMESTIC LIMITED LIABILITY COMPANY,Albany,New York,"HUGINN HOLDINGS, LLC",52 ELSMERE AVENUE,,DELMAR,NY,12054
8031099,DIGITEQ LABS LLC,2026-09-25,DOMESTIC LIMITED LIABILITY COMPANY,New York,New York,DigiTeq Labs LLC,155 W 70th Street,Apt 15E,New York,NY,10023
8031100,1490 WFP OWNER LLC,2026-09-25,DOMESTIC LIMITED LIABILITY COMPANY,Kings,New York,C T CORPORATION SYSTEM,28 LIBERTY STREET,,NEW YORK,NY,10005
8031101,LOONENBURG BUILDERS LLC,2026-09-25,DOMESTIC LIMITED LIABILITY COMPANY,Columbia,New York,REPUBLIC REGISTERED AGENT SERVICES INC.,54 STATE STREET,STE 804,ALBANY,NY,12207
8031103,"LOUIS ZADRIMA CONSULTING, LLC",2026-09-25,DOMESTIC LIMITED LIABILITY COMPANY,Westchester,New York,"LOUIS ZADRIMA CONSULTING, LLC",46 Water Street,,Eastchester,NY,10709
8031104,LAKE CONSULTING SERVICES LLC,2026-09-25,DOMESTIC LIMITED LIABILITY COMPANY,Orange,New York,Lake Consulting Services LLC,P.O. Box 46,,Montgomery,NY,12549
8031105,ERDOSASPY LLC,2026-09-25,DOMESTIC LIMITED LIABILITY COMPANY,Kings,New York,Elliott James Chaffee,455 Van Buren Street,Apt. 1,Brooklyn,NY,11221
8031106,GP DISTRIBUTING LLC,2026-09-25,DOMESTIC LIMITED LIABILITY COMPANY,Washington,New York,Joseph M Mattison,1639 County Route 28,,Granville,NY,12832
8031107,7 DEPOT TAVERN 1 CORP.,2026-09-25,DOMESTIC BUSINESS CORPORATION,Suffolk,New York,c/o The Corporatio,7 DEPOT Pl,,Babylon,NY,11702
8031108,SERENITY ELDER LIFE CARE LLC,2026-09-25,DOMESTIC LIMITED LIABILITY COMPANY,Dutchess,New York,Loretta Molinari,103 N Quaker Hill Road,,Pawling,NY,12564
8031109,BURGER & FRIES PRODUCTION LLC,2026-09-25,DOMESTIC LIMITED LIABILITY COMPANY,Rockland,New York,BURGER & FRIES PRODUCTION LLC,9 Scotty Lane,,West Nyack,NY,10994
8031110,H2 SHIELD INC.,2026-09-25,DOMESTIC BUSINESS CORPORATION,Nassau,New York,H2 SHIELD INC.,2447 Bellaire St,,Wantagh,NY,11793
8031111,MGNP PROPERTY HOLDINGS LLC,2026-09-25,DOMESTIC LIMITED LIABILITY COMPANY,Erie,New York,MGNP PROPERTY HOLDINGS LLC,24 Buffalo Avenue,,Niagara Falls,NY,14303
8031112,REYNOSO VANS CORPORATION,2026-09-25,DOMESTIC BUSINESS CORPORATION,Bronx,New York,Dawmy Reynoso,1967 MARMION AVE APT B7,,Bronx,NY,10460
8031113,HILTON RECORDING & PUBLISHING LLC,2026-09-25,DOMESTIC LIMITED LIABILITY COMPANY,Rockland,New York,HILTON RECORDING & PUBLISHING LLC,9 Scotty Lane,,West Nyack,NY,10994
8031114,ROYAL MECHANICAL OF NY LLC,2026-09-25,FOREIGN LIMITED LIABILITY COMPANY,Ulster,Delaware,ROYAL MECHANICAL OF NY LLC,182 towne rd,,ELLENVILLE,NY,12428
8031115,88-25 81ST AVE LLC,2026-09-25,DOMESTIC LIMITED LIABILITY COMPANY,Westchester,New York,88-25 81ST AVE LLC,31 FOXHILL ROAD,,VALHALLA,NY,10595
8031116,GOLDEN ACCESS CORP.,2026-09-25,DOMESTIC BUSINESS CORPORATION,Kings,New York,GOLDEN ACCESS CORP.,"60 OCEANA DRIVE WEST, SUITE 3G",,BROOKLYN,NY,11235
8031117,KOSELI GHAR NYC INC.,2026-09-25,DOMESTIC BUSINESS CORPORATION,Queens,New York,Sujana Moktan,4024 70th St.,FL 3,Woodside,NY,11377
8031118,"USA WOMEN, INC.",2026-09-25,DOMESTIC NOT-FOR-PROFIT CORPORATION,Nassau,New York,C/O C T CORPORATION SYSTEM,28 LIBERTY STREET,,NEW YORK,NY,10005
8031119,SOLI VENTURES LLC,2026-09-25,DOMESTIC LIMITED LIABILITY COMPANY,Westchester,New York,SoLi Ventures LLC,84 Old Post Road,,Mount Kisco,NY,10549
8031120,ROSE VEGATABLES & FRUITS INC.,2026-09-25,DOMESTIC BUSINESS CORPORATION,Bronx,New York,ROSE VEGATABLES & FRUITS INC.,"1912 HOLLAND AVE, BSTM",,BRONX,NY,10462
8031121,FOOTPRINTS ON EARTH LLC,2026-09-25,DOMESTIC LIMITED LIABILITY COMPANY,Kings,New York,Footprints On Earth LLC,"516 Halsey Street, apt 2",,Brooklyn,NY,11233
8031122,ANCHORMD CONSULTING GROUP LLC,2026-09-25,DOMESTIC LIMITED LIABILITY COMPANY,Albany,New York,NORTHWEST REGISTERED AGENT LLC,418 BROADWAY,STE N,ALBANY,NY,12207
8031123,"THE VILLAGER 1, INC.",2026-09-25,DOMESTIC BUSINESS CORPORATION,Suffolk,New York,c/o The Corporation,262 DEER PARK AVENUE,,Babylon,NY,11702
8031124,2185 COYLE RENTAL HOUSING DEVELOPMENT FUND CORPORATION,2026-09-25,DOMESTIC NOT-FOR-PROFIT CORPORATION (HOUSING DEVELOPMENT FUND COMPANY) (ARTICLE XI),New York,New York,2185 COYLE RENTAL HOUSING DEVELOPMENT FUND CORPORATION,111 john street,"7th fl., suite 770",NEW YORK,NY,10038
8031125,A TO S AUTO TRANSPORT INC.,2026-09-25,DOMESTIC BUSINESS CORPORATION,Kings,New York,SAIRA RAZA,755 EAST 9TH STREET APT A5,,BROOKLYN,NY,11230
8031126,M1C2 SOFTWARE LLC,2026-09-25,DOMESTIC LIMITED LIABILITY COMPANY,Albany,New York,REGISTERED AGENTS INC.,418 BROADWAY,STE R,ALBANY,NY,12207
8031128,BEKAA LLC,2026-09-25,DOMESTIC LIMITED LIABILITY COMPANY,Kings,New York,BEKAA LLC,7500 5TH AVE,APT R3,BROOKYLN,NY,11209
8031130,HIPPO VALVE LLC,2026-09-25,DOMESTIC LIMITED LIABILITY COMPANY,Albany,New York,NORTHWEST REGISTERED AGENT LLC,418 BROADWAY,STE N,ALBANY,NY,12207
8031131,FIT FOR LIFE WITH MICHELE LLC,2026-09-25,DOMESTIC LIMITED LIABILITY COMPANY,Kings,New York,Michele Maccaro,5504 13th Avenue,unit 262,Brookyln,NY,11219
8031132,MADEFORME LLC,2026-09-25,DOMESTIC LIMITED LIABILITY COMPANY,Broome,New York,Anthony Albright,112 George St,,Vestal,NY,13850
8031133,"HICKORY RIDGE ASSOCIATES, LLC",2026-09-25,DOMESTIC LIMITED LIABILITY COMPANY,Broome,New York,"Hinman, Howard & Kattell, LLP",Attn: James W. Orband,"80 Exchange Street, Ste. 700",Binghamton,NY,13901
8031134,"39TERRY, LLC",2026-09-25,DOMESTIC LIMITED LIABILITY COMPANY,Suffolk,New York,"39Terry, LLC",463 Grand Landings Pkwy,,Palm Coast,FL,32164
8031135,LUCKI SEVEN CORP.,2026-09-25,DOMESTIC BUSINESS CORPORATION,Kings,New York,LUCKI SEVEN CORP.,851B Quincy St,,"Brooklyn, NY 11221",NY,11221
8031138,IN PASSAGE MEDIA LLC,2026-09-25,DOMESTIC LIMITED LIABILITY COMPANY,New York,New York,In Passage Media LLC,16 East 34th Street,18th Floor,New York,NY,10016
8031139,ONW EAST LLC,2026-09-25,DOMESTIC LIMITED LIABILITY COMPANY,Suffolk,New York,TARBET & LESTER PLLC,132 N. MAIN ST.,,EAST HAMPTON,NY,11937
8031140,"SEQUEL SERVICES, LLC",2026-09-25,DOMESTIC LIMITED LIABILITY COMPANY,New York,New York,CORPORATE CREATIONS NETWORK INC.,600 Mamaroneck Avenue #400,,Harrison,NY,10528
8031141,NODUS RESERVE LLC,2026-09-25,DOMESTIC LIMITED LIABILITY COMPANY,Albany,New York,NORTHWEST REGISTERED AGENT LLC,418 BROADWAY,STE N,ALBANY,NY,12207
8031142,CRECER INTL LTD.,2026-09-25,DOMESTIC BUSINESS CORPORATION,Kings,New York,YOLANDA BARDOUILLE,734 FULTON ST,,Brooklyn,NY,11238
8031143,MONARCH BIOLABS LLC,2026-09-25,DOMESTIC LIMITED LIABILITY COMPANY,Albany,New York,NORTHWEST REGISTERED AGENT LLC,418 BROADWAY,STE N,ALBANY,NY,12207
8031144,720 DEGRAW HOLDINGS LLC,2026-09-25,DOMESTIC LIMITED LIABILITY COMPANY,Kings,New York,C/O ABJNY LLC,"11 Grace Avenue, Suite 405",,Great Neck,NY,11021
8031145,CURATED BY XVI LLC,2026-09-25,DOMESTIC LIMITED LIABILITY COMPANY,Albany,New York,ACCUMERA LLC,"911 CENTRAL AVE., #101",,ALBANY,NY,12206
8031146,CHISHTI CARE CORPORATION,2026-09-25,DOMESTIC BUSINESS CORPORATION,Queens,New York,MOHAMMED CHISHTI,7319 BROADWAY,,JACKSON HEIGHTS,NY,11372
8031147,"908 19TH STREET NY, LLC",2026-09-25,DOMESTIC LIMITED LIABILITY COMPANY,Albany,New York,"908 19TH STREET NY, LLC",8 ROBERTS LANE,,LATHAM,NY,12110
8031148,11 ROBINHOOD LANE CORPORATION,2026-09-25,DOMESTIC BUSINESS CORPORATION,Suffolk,New York,CESAR R. GUZMAN,11 ROBINHOOD LANE,,SOUTHAMPTON,NY,11968
8031149,CLIFFORD LOGISTICS GROUP LLC,2026-09-25,DOMESTIC LIMITED LIABILITY COMPANY,Onondaga,New York,CLIFFORD LOGISTICS GROUP LLC,6326 HARDWOOD LANE,,CICERO,NY,13039
8031150,KALTRIN LLC,2026-09-25,DOMESTIC LIMITED LIABILITY COMPANY,Albany,New York,VSTATE FILINGS LLC,301 MILL RD. STE. U-5,,HEWLETT,NY,11557
8031151,MATZOP LLC,2026-09-25,DOMESTIC LIMITED LIABILITY COMPANY,Nassau,New York,JEFFRY S. JORGGE,120 BROADWAY,,HICKSVILLE,NY,11801
8031152,USC 1863 W GALENA LLC,2026-09-25,DOMESTIC LIMITED LIABILITY COMPANY,Albany,New York,The Limited Liability Company,233 Broadway,Suite 1470,New York,NY,10279
8031153,LAUX AESTHETICS LLC,2026-09-25,DOMESTIC LIMITED LIABILITY COMPANY,Orange,New York,Katie Laux,56 Crawford street,,Pine Bush,NY,12566
8031154,VINERE JEWELRY INC.,2026-09-25,DOMESTIC BUSINESS CORPORATION,New York,New York,VINERE JEWELRY INC.,"1185 6th Ave, Ste 254",,New York,NY,10036
8031155,ROADFORGE INC.,2026-09-25,DOMESTIC BUSINESS CORPORATION,Nassau,New York,ROADFORGE INC.,"175 GREAT NECK RD, STE 403A",,GREAT NECK,NY,11021
8031156,RS RETRO SPORTS INC.,2026-09-25,DOMESTIC BUSINESS CORPORATION,Bronx,New York,RS RETRO SPORTS INC.,853 Elsmere Pl,Apt 2C,Bronx,NY,10460
8031157,"BOOSTERS BEVERAGE, LLC",2026-09-25,DOMESTIC LIMITED LIABILITY COMPANY,Chautauqua,New York,Alex Johnson,150 Arlington Ave,,Jamestown,NY,14701
8031158,DIMORA CONSULTING CORP.,2026-09-25,DOMESTIC BUSINESS CORPORATION,Suffolk,New York,NICOLE DIMARZO,32 NORTHGATE CRESCENT,,MELVILLE,NY,11747
8031159,BUKREEV-V INC.,2026-09-25,DOMESTIC BUSINESS CORPORATION,Kings,New York,VLADISLAV BUKREEV,1763 W 7TH STREET APT 1R,,BROOKLYN,NY,11223
8031160,SEIKO BUILD INC.,2026-09-25,DOMESTIC BUSINESS CORPORATION,Queens,New York,Seiko Build Inc.,144-77 41st Ave 519,,Flushing,NY,11355
8031161,ACACIA 46 GROUP INC.,2026-09-25,DOMESTIC BUSINESS CORPORATION,New York,New York,ACACIA 46 GROUP INC.,30W 46TH STREET,,NEW YORK,NY,10036
8031162,UNCLE BUCKS COUNTRY DELI INC.,2026-09-25,DOMESTIC BUSINESS CORPORATION,Nassau,New York,Pedro G Pedro,15 Rockwood Ave,,Port Washington,NY,11050
8031163,PHYLLOXENIA INC.,2026-09-25,DOMESTIC BUSINESS CORPORATION,Queens,New York,Regina Katopodis,2417 East 74th Street,,Brooklyn,NY,11234
8031164,LEDGER LINX LLC,2026-09-25,DOMESTIC LIMITED LIABILITY COMPANY,Westchester,New York,Franklin S Mendez,32 Westchester Ave,,White Plains,NY,10601
8031166,QUICKMART & CONVENIENCE INC.,2026-09-25,DOMESTIC BUSINESS CORPORATION,Queens,New York,QUICKMART &amp; CONVENIENCE INC.,5307 ROCKAWAY BEACH BLVD,,FAR ROCKAWAY,NY,11691
8031167,SHEFFY USA INC.,2026-09-25,DOMESTIC BUSINESS CORPORATION,Queens,New York,Sheffy USA Inc.,8251 247th Street,,Jamaica,NY,11426
8031168,PEACEFUL ACRES FARM LLC,2026-09-25,DOMESTIC LIMITED LIABILITY COMPANY,Herkimer,New York,PEACEFUL ACRES FARM LLC,300 Gros Road,,Fort Plain,NY,13339
8031169,SULLIVAN ACRES LLC,2026-09-25,DOMESTIC LIMITED LIABILITY COMPANY,Delaware,New York,C/O LLC,44 DEARBORN DR,,OLD TAPPAN,NJ,07675
8031171,LONG ISLAND MARKETING BY MILO LLC,2026-09-25,DOMESTIC LIMITED LIABILITY COMPANY,Suffolk,New York,Long Island Marketing by Milo LLC,16 East 15th Street,,HUNTINGTON STATION,NY,117462426
8031172,CRESCENT HILL PROPERTIES INC.,2026-09-25,DOMESTIC BUSINESS CORPORATION,Albany,New York,"REGISTERED AGENT SOLUTIONS, INC.",99 WASHINGTON AVENUE,SUITE 700,ALBANY,NY,12260
8031173,STOP 1 FOOD MAR CORP.,2026-09-25,DOMESTIC BUSINESS CORPORATION,Westchester,New York,STOP 1 FOOD MAR CORP.,2 KING ST,,PORT CHESTER,NY,10573
8031174,SEIKOGLASS INC.,2026-09-25,DOMESTIC BUSINESS CORPORATION,Queens,New York,Seikoglass Inc.,43-40 Union St,5A,Flushing,NY,11355
8031175,FRESH GOODS LLC,2026-09-25,DOMESTIC LIMITED LIABILITY COMPANY,New York,New York,FRESH GOODS LLC,"1223 Wheeler Ave, Apt 5",,Bronx,NY,10472
8031176,OZY CONSULTING SERVICES LLC,2026-09-25,DOMESTIC LIMITED LIABILITY COMPANY,Albany,New York,NORTHWEST REGISTERED AGENT LLC,418 BROADWAY,STE N,ALBANY,NY,12207
8031177,ORCHARD LAUNDRY HOLDINGS LLC,2026-09-25,DOMESTIC LIMITED LIABILITY COMPANY,Nassau,New York,ORCHARD LAUNDRY HOLDINGS LLC,1200 Veterans Memorial Highway,Suite 350,Hauppauge,NY,11788
8031178,NYC INTL BUSINESS TRADINGS LLC,2026-09-25,DOMESTIC LIMITED LIABILITY COMPANY,Erie,New York,NYC INTL BUSINESS TRADINGS LLC,58 ROSLYN ST,,BUFFALO,NY,14211
8031179,SUMMIT DEVELOPMENT PARTNERS LLC,2026-09-25,DOMESTIC LIMITED LIABILITY COMPANY,Onondaga,New York,ZENBUSINESS INC.,41 STATE STREET,SUITE 112,ALBANY,NY,12207
8031180,EAST NORTHPORT DELI CORP.,2026-09-25,DOMESTIC BUSINESS CORPORATION,Suffolk,New York,The President,"246 Larkfield Rd, Unit B",,East Northport,NY,11731
8031181,THREE STOOGES DEVELOPMENT LLC,2026-09-25,DOMESTIC LIMITED LIABILITY COMPANY,Otsego,New York,C/O LLC,118 E. RAYMOND AVE,,ALEXANDRIA,VA,22301
8031182,38 FRESH HARVEST DELI MART CORP.,2026-09-25,DOMESTIC BUSINESS CORPORATION,Westchester,New York,38 FRESH HARVEST DELI MART CORP.,38 TUCKAHOE RD,,YONKERS,NY,10701
8031183,SMART FOOD MAR CORP.,2026-09-25,DOMESTIC BUSINESS CORPORATION,Westchester,New York,SMART FOOD MAR CORP.,216 WESTCHESTER AVE,,PORT CHESTER,NY,10573
8031184,AMERICAN PREMIERE WARRANTY LLC,2026-09-25,DOMESTIC LIMITED LIABILITY COMPANY,Albany,New York,NUCO FILINGS CORP,200 BLVD OF THE AMERICAS,STE 104B,LAKEWOOD,NJ,08701
8031185,MDJB VENTURES LLC,2026-09-25,DOMESTIC LIMITED LIABILITY COMPANY,Otsego,New York,Mehlika Dolu,393 Main St.,Suite 104,Oneonta,NY,13820
8031186,MAXGRAY CLEARANCE LLC,2026-09-25,DOMESTIC LIMITED LIABILITY COMPANY,Yates,New York,Daisy Enriquez,11 Garden St,Apt 5D,New Rochelle,NY,10801
8031187,A TOUCH OF GRACE EVENTS LLC,2026-09-25,DOMESTIC LIMITED LIABILITY COMPANY,Richmond,New York,shanequa brown,195 steuben street unit 5a,,staten island,NY,10304
8031188,HOUSE OF JADE COLLECTIVE LLC,2026-09-25,DOMESTIC LIMITED LIABILITY COMPANY,Kings,New York,Jenny Mai,8 Windsor Pl,,Brooklyn,NY,11215
8031189,KM PARTNERS NY LLC,2026-09-25,DOMESTIC LIMITED LIABILITY COMPANY,Rockland,New York,KM PARTNERS NY LLC,162 MAIN ST,,NYACK,NY,10960
8031190,SIMPLYWELL LLC,2026-09-25,DOMESTIC LIMITED LIABILITY COMPANY,Albany,New York,NORTHWEST REGISTERED AGENT LLC,418 BROADWAY,STE N,ALBANY,NY,12207
8031191,"BLACK HOLLOW INDUSTRIES, INC.",2026-09-25,DOMESTIC BUSINESS CORPORATION,Queens,New York,"Black Hollow Industries, Inc.",140-75 Ash Ave,Ofc 2C,Flushing,NY,11355
8031192,ANZABIN EXCLUSIVE LLC,2026-09-25,DOMESTIC LIMITED LIABILITY COMPANY,Queens,New York,FARZANA KAWSAR,10728 92ND ST,2F,OZONE PARK,NY,11417
8031193,FIND FACE VALUE LLC,2026-09-25,DOMESTIC LIMITED LIABILITY COMPANY,New York,New York,Ethan Chase,229 E 5th St,Apt 9,New York,NY,10003
8031194,REALTYGARCIA NEW YORK LLC,2026-09-25,DOMESTIC LIMITED LIABILITY COMPANY,New York,New York,Registered Agents Inc.,418 Broadway,STE R,Albany,NY,12207
8031195,BECOMING FIT WITH J.D. LLC,2026-09-25,DOMESTIC LIMITED LIABILITY COMPANY,Saratoga,New York,Becoming Fit with J.D. LLC,"2 Knox Street, Floor 1",,Waterford,NY,12188
8031196,FRESH KARAOKE LOUNGE CORP.,2026-09-25,DOMESTIC BUSINESS CORPORATION,Nassau,New York,Alexander Moffatt,117W sunrise hwy,,freeport,NY,11520
8031197,LITTLE SMILES PRESS LLC,2026-09-25,DOMESTIC LIMITED LIABILITY COMPANY,Richmond,New York,Registered Agents Inc.,418 Broadway,STE R,Albany,NY,12207
8031198,SHAQI ENTERPRISES INC.,2026-09-25,DOMESTIC BUSINESS CORPORATION,Kings,New York,SHAFAQUAT ULLAH,2684 WEST ST APT 6K,,BROOKLYN,NY,11223
8031199,KARAT & KIN LLC,2026-09-25,DOMESTIC LIMITED LIABILITY COMPANY,Nassau,New York,REGISTERED AGENTS INC.,418 BROADWAY,STE R,ALBANY,NY,12207
8031200,Z CAPITAL TYRANT LLC,2026-09-25,DOMESTIC LIMITED LIABILITY COMPANY,Nassau,New York,Atin Batra,338 Jericho Turnpike,Suite 386,Syosset,NY,11791
8031201,LINNY LOU FLORAL BLOOMS LLC,2026-09-25,DOMESTIC LIMITED LIABILITY COMPANY,Oneida,New York,Registered Agents Inc.,418 Broadway,STE R,Albany,NY,12207
8031202,CAFE PALMA LLC,2026-09-25,DOMESTIC LIMITED LIABILITY COMPANY,Rockland,New York,CAFE PALMA LLC,162 MAIN ST,,NYACK,NY,10960
8031203,KIWI CREATIVE INC.,2026-09-25,DOMESTIC BUSINESS CORPORATION,New York,New York,Kiwi Creative Inc.,"56 Crosby St, Apt 5A",,New York,NY,10012
8031204,MORAIS LABS LLC,2026-09-25,DOMESTIC LIMITED LIABILITY COMPANY,Albany,New York,NORTHWEST REGISTERED AGENT LLC,418 BROADWAY,STE N,ALBANY,NY,12207
8031205,STRAWBERRY GAR CORP.,2026-09-25,DOMESTIC BUSINESS CORPORATION,New York,New York,STRAWBERRY GAR CORP.,98 NAGLE AVE,,NEW YORK,NY,10040
8031206,KLEVER HOME IMPROVEMENTS LLC,2026-09-25,DOMESTIC LIMITED LIABILITY COMPANY,New York,New York,ZENBUSINESS INC.,41 STATE STREET,SUITE 112,ALBANY,NY,12207
8031207,MVP TAX INC.,2026-09-25,DOMESTIC BUSINESS CORPORATION,Nassau,New York,Michael Szenics,116 SIMCOE ST APT A,,OYSTER BAY,NY,11771
8031208,KM TAPICAR LLC,2026-09-25,DOMESTIC LIMITED LIABILITY COMPANY,Suffolk,New York,Eulalia Remache Mayaguari,162 Somerset Ave,,Mastic,NY,11950
8031209,NY'S FINEST DELI & JUICE BAR INC.,2026-09-25,DOMESTIC BUSINESS CORPORATION,Kings,New York,NY'S FINEST DELI &amp; JUICE BAR INC.,1453 E NEW YORK AVE,,BROOKLYN,NY,11212
8031210,BLUE & GREEN MARBLE LLC,2026-09-25,DOMESTIC LIMITED LIABILITY COMPANY,New York,New York,Blue &amp; Green Marble LLC,167 Madison Avenue,Suite 205 #1225,New York,NY,10016
8031211,54 HS LLC,2026-09-25,DOMESTIC LIMITED LIABILITY COMPANY,Fulton,New York,54 HS LLC,"500 Executive Blvd, Suite 301",,Ossining,NY,10562
8031212,MENLISH 77 INC.,2026-09-25,DOMESTIC BUSINESS CORPORATION,Kings,New York,MENLI SHIRMAMMEDOVA,501 BRIGHTWATER CT # 409,,BROOKLYN,NY,11235
8031213,"BROTHERS SNACKS DISTRIBUTORS, LLC",2026-09-25,DOMESTIC LIMITED LIABILITY COMPANY,Albany,New York,MARIANO HIERRO,565 W 181 ST APT. 2FW,,NEW YORK,NY,10033
8031214,PRINCE CONSTRUCTION ENTERPRISE LLC,2026-09-25,DOMESTIC LIMITED LIABILITY COMPANY,Nassau,New York,Innocent Law PC,135-24 Hillside Avenue,,Richmond Hill,NY,11418
8031215,BENS FRESH MARKET CORP.,2026-09-25,DOMESTIC BUSINESS CORPORATION,Bronx,New York,BENS FRESH MARKET CORP.,19 KNOLLS CRESCENT,,BRONX,NY,10463
8031216,GUIDED TO THRIVE LLC,2026-09-25,DOMESTIC LIMITED LIABILITY COMPANY,Suffolk,New York,Guided to Thrive LLC,169 Commack Rd,PO Box #1013,commack,NY,117253442
8031217,JOHNSON ORGANIC MARKET INC.,2026-09-25,DOMESTIC BUSINESS CORPORATION,Kings,New York,JOHNSON ORGANIC MARKET INC.,176C JOHNSON STREET,,Brooklyn,NY,11201
8031218,GOLDEN ROAD STRATEGY LLC,2026-09-25,DOMESTIC LIMITED LIABILITY COMPANY,Erie,New York,GOLDEN ROAD STRATEGY LLC,31 CONISTON RD,,AMHERST,NY,14226
8031219,LOS BRAVOS FRUIT MAR CORP.,2026-09-25,DOMESTIC BUSINESS CORPORATION,Bronx,New York,LOS BRAVOS FRUIT MAR CORP.,14 BEDFORD PARK BLVD,,BRONX,NY,10468
8031220,BO PRO STUDIO'S LLC,2026-09-25,DOMESTIC LIMITED LIABILITY COMPANY,Fulton,New York,ZENBUSINESS INC.,41 STATE STREET,SUITE 112,ALBANY,NY,12207
8031221,RAPIDWAY FREIGHT LLC,2026-09-25,DOMESTIC LIMITED LIABILITY COMPANY,Richmond,New York,RAPIDWAY FREIGHT LLC,533 COLLEGE AVE,,STATEN ISLAND,NY,10302
8031222,"NY CARE NAVIGATOR, LLC",2026-09-25,DOMESTIC LIMITED LIABILITY COMPANY,Queens,New York,"NY CARE NAVIGATOR, LLC",14320 37TH AVENUE APT 2C,,FLUSHING,NY,11354
8031223,TS STORAGE SERVICES CORPORATION,2026-09-25,DOMESTIC BUSINESS CORPORATION,Richmond,New York,TS STORAGE SERVICES CORPORATION,160 ELM ST,,STATEN ISLAND,NY,10310
8031224,NAS STORE CANDY & GROCERY INC.,2026-09-25,DOMESTIC BUSINESS CORPORATION,Bronx,New York,NAS STORE CANDY &amp; GROCERY INC,243 E 198TH ST,,BRONX,NY,10458
8031225,SERLUCO TAG SOLUTIONS INC.,2026-09-25,DOMESTIC BUSINESS CORPORATION,Suffolk,New York,Patricia Serluco,181 McKinley Drive,,Mastic Beach,NY,11951
8031226,GOOD GUY ENTERTAINMENT LLC,2026-09-25,DOMESTIC LIMITED LIABILITY COMPANY,Suffolk,New York,Hamptons Tax & Advisory Services LLC,63 E Montauk Hwy,,Hampton Bays,NY,11946
8031227,CHOSEN STAR LLC,2026-09-25,DOMESTIC LIMITED LIABILITY COMPANY,Suffolk,New York,Frantzo Fils Aime,772 Ferndale blvd,,Central Islip,NY,11722
8031228,BELLARISE LLC,2026-09-25,DOMESTIC LIMITED LIABILITY COMPANY,New York,New York,Luciana rodrigues,307 west 93 street,Apartment 4 &amp; 6,New York,NY,10025
8031229,TN LOGISTIC SERVICES CORPORATION,2026-09-25,DOMESTIC BUSINESS CORPORATION,Richmond,New York,TN LOGISTIC SERVICES CORPORATION,160 ELM ST,,STATEN ISLAND,NY,10310
8031230,THE CULINARY CORNER GROUP NYC INC.,2026-09-25,DOMESTIC BUSINESS CORPORATION,Queens,New York,THE CULINARY CORNER GROUP NYC INC.,68-25 FOREST AVE,,RIDGEWOOD,NY,11385
8031231,NAS CANDY & GROCERY INC.,2026-09-25,DOMESTIC BUSINESS CORPORATION,Bronx,New York,NAS CANDY &amp; GROCERY INC,243 E 198TH ST,,BRONX,NY,10458
8031232,JFD LANDSCAPING LLC,2026-09-25,DOMESTIC LIMITED LIABILITY COMPANY,Nassau,New York,The Limited Liability Company,11 Stevens St,,Freeport,NY,11520
8031233,NORTH OAK CONTRACTING LLC,2026-09-25,DOMESTIC LIMITED LIABILITY COMPANY,Oneida,New York,NORTH OAK CONTRACTING LLC,1 Jason st,,Utica,NY,13502
8031234,LEONORA KUKAJ HOSPITALITY CONSULTING LLC,2026-09-25,DOMESTIC LIMITED LIABILITY COMPANY,Bronx,New York,LEONORA KUKAJ,2972 Milton Place,,Bronx,NY,10465
8031235,DPB TECHNOLOGIES LLC,2026-09-25,DOMESTIC LIMITED LIABILITY COMPANY,Madison,New York,Derek Bronner,8925 Miner Road,,Chittenango,NY,13037
8031236,AUTOVAUN MOTORS INC.,2026-09-25,DOMESTIC BUSINESS CORPORATION,Queens,New York,AUTOVAUN MOTORS INC,6402A 192ND ST APT 2A,,FRESH MEADOWS,NY,11365
8031237,FLEWELLING'S CONSULTING LLC,2026-09-25,DOMESTIC LIMITED LIABILITY COMPANY,Washington,New York,anthony flewelling,3 Browns Lane,,Fort Edward,NY,12828
8031238,HOWE HOME SERVICES INC.,2026-09-25,DOMESTIC BUSINESS CORPORATION,Schenectady,New York,Dustin Howe,138 North Toll St,,Scotia,NY,12302
8031239,HAPPY BUBBLES MAQUINA LAUNDROMAT CORP.,2026-09-25,DOMESTIC BUSINESS CORPORATION,Queens,New York,"GUANG LIU, LI XIA CHEN",4201 NATIONAL STREET,,CORONA,NY,11368
8031240,CARIBE TAX SOLUTION INC.,2026-09-25,DOMESTIC BUSINESS CORPORATION,Bronx,New York,JOSE D BAUTISTA,1408 WHITE PLAINS RD,,BRONX,NY,10462
8031241,CD ATELIER LLC,2026-09-25,DOMESTIC LIMITED LIABILITY COMPANY,New York,New York,Corporate Creations Network Inc.,600 Mamaroneck Avenue #400,,Harrison,NY,10528
8031242,PAWDELTA LLC,2026-09-25,DOMESTIC LIMITED LIABILITY COMPANY,Kings,New York,PawDelta LLC,11 Hoyt St,Apt 27J,Brooklyn,NY,11201
8031243,EXECURA INC.,2026-09-25,DOMESTIC BUSINESS CORPORATION,Kings,New York,REGISTERED AGENTS INC.,418 BROADWAY,STE R,ALBANY,NY,12207
8031244,SUPER COMFORT TECH CORPORATION,2026-09-25,DOMESTIC BUSINESS CORPORATION,Kings,New York,Ehsanullah Safi,2078 Cropsey Avenue Apt 6A,,Brooklyn,NY,11214
8031245,SINGULARITY VENTURES GROUP LLC,2026-09-25,DOMESTIC LIMITED LIABILITY COMPANY,New York,New York,Nicholas Kanazirev,515 West 52nd Street,,New York City,NY,10019
8031246,M&M MEMORY MAKERS LLC,2026-09-25,DOMESTIC LIMITED LIABILITY COMPANY,Suffolk,New York,M&amp;M Memory Makers LLC,969 Wilson Street,,Bohemia,NY,11716
8031247,VALOR SYSTEMS LLC,2026-09-25,DOMESTIC LIMITED LIABILITY COMPANY,Queens,New York,Gonzalo Romero,102-02 brisbin st,,Jamaica,NY,11435
8031248,SEMIFORMAL LLC,2026-09-25,DOMESTIC LIMITED LIABILITY COMPANY,Albany,New York,REGISTERED AGENTS INC.,418 BROADWAY,STE R,ALBANY,NY,12207
8031249,FASALIAN CONTRACTING SERVICES CORP.,2026-09-25,DOMESTIC BUSINESS CORPORATION,Queens,New York,MILTON FABIAN PADILLA FAJARDO,"2432 HUMPHREY STREET, 2ND FL",,EAST ELMHURST,NY,11369
8031250,HIREDIRECT INC.,2026-09-25,DOMESTIC BUSINESS CORPORATION,Rockland,New York,HIREDIRECT INC.,71 GILCHREST ROAD,,VALLEY COTTAGE,NY,10989
8031251,MY BABY BUNDLE LLC,2026-09-25,DOMESTIC LIMITED LIABILITY COMPANY,Albany,New York,NORTHWEST REGISTERED AGENT LLC,418 BROADWAY,STE N,ALBANY,NY,12207
8031252,LUOS BURGERS BUSHWICK INC.,2026-09-25,DOMESTIC BUSINESS CORPORATION,Kings,New York,LUOS BURGERS,1077 BROADWAY AVE,,BROOKLYN,NY,11221
8031253,HONOR TENET LLC,2026-09-25,DOMESTIC LIMITED LIABILITY COMPANY,Albany,New York,NORTHWEST REGISTERED AGENT LLC,418 BROADWAY,STE N,ALBANY,NY,12207
8031254,BORN ON SATURDAY LLC,2026-09-25,DOMESTIC LIMITED LIABILITY COMPANY,Putnam,New York,"ERESIDENTAGENT, INC.",1 ROCKEFELLER PLAZA,SUITE 1204,NEW YORK,NY,10020
8031255,KAIJIN BUFFET LLC,2026-09-25,DOMESTIC LIMITED LIABILITY COMPANY,Nassau,New York,KAIJIN BUFFET LLC,472 HEMPSTEAD TPKE STORE #7-8,,WEST HEMPSTEAD,NY,11552
8031256,FIDDLEHEAD FILMS LLC,2026-09-25,DOMESTIC LIMITED LIABILITY COMPANY,Westchester,New York,Camilla Mischka,15 Nepperhan Avenue,,Hastings on Hudson,NY,10706
8031257,ALLAHWALA HOLDING LLC,2026-09-25,DOMESTIC LIMITED LIABILITY COMPANY,Kings,New York,Allahwala Holding LLC,415 LAFAYETTE AVE,APT 9G,BROOKLYN,NY,11238
8031258,J&J CLEANING & POWERWASHING INC.,2026-09-25,DOMESTIC BUSINESS CORPORATION,Rockland,New York,J&J CLEANING & POWERWASHING INC.,64 MAIN ST,APT 2,HAVERSTRAW,NY,10927
8031259,INFINITY NEXT LLC,2026-09-25,DOMESTIC LIMITED LIABILITY COMPANY,Queens,New York,NOWSHAD KHAN,7806 101ST AVE,SUT - A,OZONE PARK,NY,11416
8031260,"SPA CITY POUR CO., LLC",2026-09-25,DOMESTIC LIMITED LIABILITY COMPANY,Saratoga,New York,Brittany Teetsel,79 Lakeside Dr,,Mechanicville,NY,12118
8031261,ARCHAEOTYPE PICTURES L.L.C.,2026-09-25,DOMESTIC LIMITED LIABILITY COMPANY,Kings,New York,Meredith Thalheimer,28 2nd St,,Brooklyn,NY,11231
8031262,NGAWANG DORJEE LLC,2026-09-25,DOMESTIC LIMITED LIABILITY COMPANY,Queens,New York,NORTHWEST REGISTERED AGENT LLC,418 BROADWAY,STE N,ALBANY,NY,12207
8031263,ENZE TRAVEL LLC,2026-09-25,DOMESTIC LIMITED LIABILITY COMPANY,Queens,New York,ENZE ZHOU,4214 161ST ST,,Flushing,NY,11358
8031264,ROCKWELL REEF LLC,2026-09-25,DOMESTIC LIMITED LIABILITY COMPANY,Kings,New York,Rockwell Reef LLC c/o Andes Han Lee,19 Rockwell Place,Apt 25A,Brooklyn,NY,11217
8031265,DHARIANA LUXE ARTISTRY LLC,2026-09-25,DOMESTIC LIMITED LIABILITY COMPANY,Westchester,New York,Dhariana Suriel,65 Central Park Avenue Apt 3E,,Yonkers,NY,10705
8031266,ROMIS CHILDCARE PROGRAM LLC,2026-09-25,DOMESTIC LIMITED LIABILITY COMPANY,Bronx,New York,Romaine Solange Rodriguez,1817 white plains road apart 1,,Bronx,NY,10462
8031267,TREASURE PULLS LLC,2026-09-25,DOMESTIC LIMITED LIABILITY COMPANY,Queens,New York,Joshua Cao,15020 18th ave,,whitestone,NY,11357
8031268,DHG RUBBISH REMOVAL AND CLEANING SERVICES INC.,2026-09-25,DOMESTIC BUSINESS CORPORATION,Nassau,New York,Dean Garner,19 Chelsea Drive,,Merrick,NY,11566
8031269,GREAT LEARN CHILDCARE INC.,2026-09-25,DOMESTIC BUSINESS CORPORATION,Bronx,New York,GREAT LEARN CHILDCARE INC.,105 WILLIS AVE 5F,,BRONX,NY,10454
8031270,ANTHONY G. RISK ADVISORS LLC,2026-09-25,DOMESTIC LIMITED LIABILITY COMPANY,Queens,New York,Gerardo Anthony Gutierrez,83-85 116th St,1A,Richmond Hill,NY,11418
8031271,"ALTA CARE, INC.",2026-09-25,DOMESTIC BUSINESS CORPORATION,Bronx,New York,"Alta Care, Inc.",2505 3rd Ave,1st Floor,Bronx,NY,10451
8031272,POVODENKO LLC,2026-09-25,DOMESTIC LIMITED LIABILITY COMPANY,Kings,New York,Maksym Povodenko,237 Ocean View Ave,,Brooklyn,NY,11235
8031273,KAP LOGISTICS LLC,2026-09-25,DOMESTIC LIMITED LIABILITY COMPANY,Queens,New York,KEVIN ANDRES PAZ Y MINO VERDUGA,1011 127TH ST.,,COLLEGE POINT,NY,11356
8031274,SOURCE PRO LLC,2026-09-25,DOMESTIC LIMITED LIABILITY COMPANY,New York,New York,SOURCE PRO LLC,2214 FREDERICK DOUGLASS BLVD,BOX 259,NEW YORK,NY,10026
8031275,QUINTUS CAPITAL LLC,2026-09-25,DOMESTIC LIMITED LIABILITY COMPANY,Suffolk,New York,Thomas J. McCarthy,46520 Route 48,,Southold,NY,11971
8031276,APEX DATA SOLUTIONS LLC,2026-09-25,DOMESTIC LIMITED LIABILITY COMPANY,New York,New York,LIXING LIN,555 W 38TH Apt 5104,,New York,NY,10018
8031277,WYNN LEGACY LLC,2026-09-25,DOMESTIC LIMITED LIABILITY COMPANY,Niagara,New York,LaToya Wynn,37 John Granville Dr,,North Tonawanda,NY,14120
8031278,M.O MEDIA AND ENTERTAINMENT LLC,2026-09-25,DOMESTIC LIMITED LIABILITY COMPANY,Westchester,New York,M.O MEDIA AND ENTERTAINMENT LLC,3664 WHITE PLAINS RD,1004,BRONX,NY,10467
8031279,DRAGAN PAINTING LLC,2026-09-25,DOMESTIC LIMITED LIABILITY COMPANY,Monroe,New York,Dragan Painting LLC,15 Shire Oaks Drive,,Pittsford,NY,14534
8031280,BARBERIA MONTALVO INC.,2026-09-25,DOMESTIC BUSINESS CORPORATION,Erie,New York,Katemarie Montalvo,2018 Clinton St,Storefront,Buffalo,NY,14206
8031281,KWOXWOK LLC,2026-09-25,DOMESTIC LIMITED LIABILITY COMPANY,Nassau,New York,Christopher Kwok,34 Caldwell Rd,,Valley Stream,NY,11580
8031282,TANGENT WORKS LLC,2026-09-25,DOMESTIC LIMITED LIABILITY COMPANY,Albany,New York,NORTHWEST REGISTERED AGENT LLC,418 BROADWAY,STE N,ALBANY,NY,12207
8031283,SOHI BROTHERS LLC,2026-09-25,DOMESTIC LIMITED LIABILITY COMPANY,Nassau,New York,Jashanpreet Singh,148 3rd street,,Hicksville,NY,11801
8031284,"THE GREAT LAKES HANDYMAN, LLC",2026-09-25,DOMESTIC LIMITED LIABILITY COMPANY,Ontario,New York,Alan R Ng,7785 Victor Mendon rd,,Victor,NY,14564
8031285,LAPECOSA INDUSTRY LLC,2026-09-25,DOMESTIC LIMITED LIABILITY COMPANY,Albany,New York,NORTHWEST REGISTERED AGENT LLC,418 BROADWAY,STE N,ALBANY,NY,12207
8031286,NY TABLEHOME INC.,2026-09-25,DOMESTIC BUSINESS CORPORATION,Queens,New York,MING CHEN,3370 PRINCE STREET SUITE 703,,Flushing,NY,11354
8031287,THE WILLOW AND CLOVER COMPANY LLC,2026-09-25,DOMESTIC LIMITED LIABILITY COMPANY,Oneida,New York,The Willow and Clover Company,118 Schuyler Street,,Boonville,NY,13309
8031288,FASBUILD LLC,2026-09-25,DOMESTIC LIMITED LIABILITY COMPANY,Erie,New York,Marc Steinberg,3334 Peachtree Rd NE Apt 808,,Atlanta,GA,30326
8031289,MESSMER TUTORING LLC,2026-09-25,DOMESTIC LIMITED LIABILITY COMPANY,Queens,New York,Matthew Messmer,23-10 21st avenue,Apartment 2,Long Island City,NY,11105
8031290,MATCHA MORI LLC,2026-09-25,DOMESTIC LIMITED LIABILITY COMPANY,New York,New York,Sandy Sandhu,"2809 39th Avenue, Apt 4D",,Long Island City,NY,11101
8031291,"FITAHOLICK, LLC",2026-09-25,DOMESTIC LIMITED LIABILITY COMPANY,Richmond,New York,Nausheen Sheikh,165 Kiswick St,,Staten Island,NY,10306
8031292,VERTEX PRIVATE AVIATION SOLUTIONS CORP.,2026-09-25,DOMESTIC BUSINESS CORPORATION,Suffolk,New York,VERTEX PRIVATE AVIATION SOLUTIONS CORP.,631 Larkfield Rd,,East Northport,NY,11731
8031293,HANNAH CAN HELP LLC,2026-09-25,DOMESTIC LIMITED LIABILITY COMPANY,Greene,New York,Hannah Rucker,488 Ira Vail,,Leeds,NY,12451
8031294,LA VIE MEDICAL AND WELLNESS CENTER LLC,2026-09-25,DOMESTIC LIMITED LIABILITY COMPANY,Rockland,New York,Cleophas Craigg,80 E. Fairview Avenue,,Valley Stream,NY,11580
8029372,SAM MOYER LLC,2026-09-24,DOMESTIC LIMITED LIABILITY COMPANY,Dutchess,New York,Samuel Moyer,1018 Hollow Road,,Salt Point,NY,12578
8029373,REGULAR EXPRESSION LLC,2026-09-24,DOMESTIC LIMITED LIABILITY COMPANY,Kings,New York,Regular Expression LLC,388 Clinton Ave,Office,New York City,NY,11238
8029374,BENGAL TAXI SERVICE LLC,2026-09-24,DOMESTIC LIMITED LIABILITY COMPANY,Queens,New York,ZULKER HYDER,8535 169TH STREET,,JAMAICA,NY,11432
8029375,TIGER EXPORTS LLC,2026-09-24,DOMESTIC LIMITED LIABILITY COMPANY,New York,New York,Weihu Fang,312 west 43rd street,apt 10B,new york,NY,10036
8029376,KRISBOYD HOLDINGS INC.,2026-09-24,DOMESTIC BUSINESS CORPORATION,Monroe,New York,Krista Boyd,"3300 Monroe Ave, Suite 308",,Rochester,NY,14618
8029377,MERIDIAN AXIS ADVISORY LLC,2026-09-24,DOMESTIC LIMITED LIABILITY COMPANY,Kings,New York,MERIDIAN AXIS ADVISORY LLC,45 Main St Ste 240 #309033,,Brooklyn,NY,11201
8029378,GREEN FASHIONS LLC,2026-09-24,DOMESTIC LIMITED LIABILITY COMPANY,Westchester,New York,Cory green,550 5th Ave,Apt 2e,New rochelle,NY,10801
8029379,ALLEYNE CLEANING LLC,2026-09-24,DOMESTIC LIMITED LIABILITY COMPANY,Westchester,New York,Kayvone Alleyne,5 Hudson street,Apt 3g,Yonkers,NY,10701
8029380,PERFECT YOUR CX LLC,2026-09-24,DOMESTIC LIMITED LIABILITY COMPANY,Albany,New York,REGISTERED AGENTS INC.,418 BROADWAY,STE R,ALBANY,NY,12207
8029381,MOTOCOM INT LLC,2026-09-24,DOMESTIC LIMITED LIABILITY COMPANY,Bronx,New York,MotoCom INT LLC,904 Morris ave,,Bronx,NY,10451
8029382,IRON MILE LOGISTICS LLC,2026-09-24,DOMESTIC LIMITED LIABILITY COMPANY,Nassau,New York,IRON MILE LOGISTICS LLC,292 Jacob St,,Elmont,NY,11003
8029383,MGH CONVERSIONS LLC,2026-09-24,DOMESTIC LIMITED LIABILITY COMPANY,Orange,New York,Matthew C. Smith,1 Dover Court,,Cornwall,NY,12518
8029384,SCANVALE LLC,2026-09-24,DOMESTIC LIMITED LIABILITY COMPANY,Albany,New York,NORTHWEST REGISTERED AGENT LLC,418 BROADWAY,STE N,ALBANY,NY,12207
8029385,AURA METRIC LLC,2026-09-24,DOMESTIC LIMITED LIABILITY COMPANY,Kings,New York,Helin Atis,1327 40th St Apt 7,,Brooklyn,NY,11218
8029386,CQT.TN LLC,2026-09-24,DOMESTIC LIMITED LIABILITY COMPANY,Bronx,New York,CQT.TN LLC,3673 Varian Ave,,Bronx,NY,10466
8029387,CLARITY LEAD AGENCY LLC,2026-09-24,DOMESTIC LIMITED LIABILITY COMPANY,Bronx,New York,CLARITY LEAD AGENCY LLC,575 Exterior St Apt 920,,Bronx,NY,10451
8029388,QUICK TASTE LLC,2026-09-24,DOMESTIC LIMITED LIABILITY COMPANY,New York,New York,Quick Taste LLC,2248 Broadway,$1512,New York,NY,10024
8029389,OH MEH MOMMA LLC,2026-09-24,DOMESTIC LIMITED LIABILITY COMPANY,Queens,New York,TANUJA BHARAT,8410 249TH STREET,,BELLEROSE,NY,11426
8029390,CALVERRA MULT LTD.,2026-09-24,DOMESTIC BUSINESS CORPORATION,Albany,New York,SHUANGYAN XIANG,418 BROADWAY STE 5424,,ALBANY,NY,12207
8029391,JB3.ENTERPRISE LLC,2026-09-24,DOMESTIC LIMITED LIABILITY COMPANY,Suffolk,New York,jose betancourt,18 Beldon Lane,,Bay Shore,NY,11706
8029392,SIGNATURE SZN EVENTS LLC,2026-09-24,DOMESTIC LIMITED LIABILITY COMPANY,Chautauqua,New York,Registered Agents Inc.,418 Broadway,STE Y,Albany,NY,12207
8029393,FILM SPECIALIZED PRODUCTION HOLDING LLC,2026-09-24,DOMESTIC LIMITED LIABILITY COMPANY,Albany,New York,NORTHWEST REGISTERED AGENT LLC,418 BROADWAY,STE N,ALBANY,NY,12207
8029394,JMVA GROUP LLC,2026-09-24,DOMESTIC LIMITED LIABILITY COMPANY,Montgomery,New York,Vera Abbott,40 east Main Street,,Nelliston,NY,13410
8029395,THYRE MEDIA GROUP INC.,2026-09-24,DOMESTIC BUSINESS CORPORATION,New York,New York,Edward Michael Anastas,667 Madison Ave,,New York,NY,10065
8029396,BRISCO PLASTICS AND CHEMS LLC,2026-09-24,DOMESTIC LIMITED LIABILITY COMPANY,Montgomery,New York,Vera Abbott,40 east Main Street,,Nelliston,NY,13410
8029397,LUNNY ATHLETE GROUP LLC,2026-09-24,DOMESTIC LIMITED LIABILITY COMPANY,Nassau,New York,FileForms LLC,485 Underhill Blvd,#308,Syosset,NY,11791
8029398,BURTON ATHLETE GROUP LLC,2026-09-24,DOMESTIC LIMITED LIABILITY COMPANY,Kings,New York,FileForms LLC,485 Underhill Blvd,#308,Syosset,NY,11791
8029399,ALMA RECOLLECTED LLC,2026-09-24,DOMESTIC LIMITED LIABILITY COMPANY,Westchester,New York,Registered Agents Inc.,418 Broadway,STE R,Albany,NY,12207
8029400,EWENIQUE PERSPECTIVES LLC,2026-09-24,DOMESTIC LIMITED LIABILITY COMPANY,Saratoga,New York,Registered Agents Inc.,418 Broadway,STE R,Albany,NY,12207
8029401,DECOMPRESSION ROOM LLC,2026-09-24,DOMESTIC LIMITED LIABILITY COMPANY,Kings,New York,Registered Agents Inc.,418 Broadway,STE R,Albany,NY,12207
8029402,SKYLER CLEANING SERVICES LLC,2026-09-24,DOMESTIC LIMITED LIABILITY COMPANY,Bronx,New York,Registered Agents Inc.,418 Broadway,STE R,Albany,NY,12207
8029403,B&N METALS LLC,2026-09-24,DOMESTIC LIMITED LIABILITY COMPANY,Kings,New York,Registered Agents Inc.,418 Broadway,STE R,Albany,NY,12207
8029404,BEHIND THE LENS PHOTO LLC,2026-09-24,DOMESTIC LIMITED LIABILITY COMPANY,Oswego,New York,Registered Agents Inc.,418 Broadway,STE R,Albany,NY,12207
8029405,AURIVARO TRADING LLC,2026-09-24,DOMESTIC LIMITED LIABILITY COMPANY,Albany,New York,NORTHWEST REGISTERED AGENT LLC,418 BROADWAY,STE N,ALBANY,NY,12207
8029406,AMICUS FIELD LLC,2026-09-24,DOMESTIC LIMITED LIABILITY COMPANY,New York,New York,NORTHWEST REGISTERED AGENT LLC,418 BROADWAY,STE N,ALBANY,NY,12207
8029407,OMNIA CREATIVE INC.,2026-09-24,DOMESTIC BUSINESS CORPORATION,New York,New York,PINZHEN WANG,99 WALL ST STE 2226,,NEW YORK,NY,10005
8029412,BUFFALO'S WELLNESS BAR LLC,2026-09-24,DOMESTIC LIMITED LIABILITY COMPANY,Erie,New York,Alexandria Cicero,9560 Main Street,Suite 11,Clarence,NY,14031
8029413,BITES GOURMET DELI CORP.,2026-09-24,DOMESTIC BUSINESS CORPORATION,Bronx,New York,BITES GOURMET DELI CORP.,2481 CROTONA AVENUE,,BRONX,NY,10458
8029414,"ROLLING RIDGE PET SERVICES, LLC",2026-09-24,DOMESTIC LIMITED LIABILITY COMPANY,Orange,New York,"Rolling Ridge Pet Services, LLC",42 Rolling Ridge Drive,,Goshen,NY,10924
8029415,INSTALENS LLC,2026-09-24,DOMESTIC LIMITED LIABILITY COMPANY,Rockland,New York,InstaLens LLC,5118 Corner St.,,Spring Valley,NY,10977
8029418,TAMES TRAVEL LLC,2026-09-24,DOMESTIC LIMITED LIABILITY COMPANY,New York,New York,Emma Tames,215 West 92nd Street,Apt 15A,New York,NY,10025
8029419,RCTFLOORING LLC,2026-09-24,DOMESTIC LIMITED LIABILITY COMPANY,New York,New York,RCTFLOORING LLC,228 Park Ave S #105285,,New York,NY,10003
8029422,ATHENS PEACE LLC,2026-09-24,DOMESTIC LIMITED LIABILITY COMPANY,Monroe,New York,Dali Yang,35 Maywood Cir.,,Rochester,NY,14618
8029423,"THE GRAND BLUE LINE, LLC",2026-09-24,DOMESTIC LIMITED LIABILITY COMPANY,Erie,New York,"THE GRAND BLUE LINE, LLC",2457 Wehrle Dr,,Buffalo,NY,14221
8029424,SARE TRANSPORTATION LLC,2026-09-24,DOMESTIC LIMITED LIABILITY COMPANY,Suffolk,New York,YUSUF BAYTEMUR,224 15TH STREET,,WEST BABYLON,NY,11704
8029426,77 S OCEAN DEVELOPMENT LLC,2026-09-24,DOMESTIC LIMITED LIABILITY COMPANY,Suffolk,New York,77 S OCEAN DEVELOPMENT LLC,2056 Foxglove Cir,,Bellport,NY,11713
8029429,C&JUSEDANDNEWPARTS LLC,2026-09-24,DOMESTIC LIMITED LIABILITY COMPANY,Wyoming,New York,C&JUSEDANDNEWPARTS LLC,6973 State Route 19a,,Portageville,NY,14536
8029434,LAKE MENSWEAR LLC,2026-09-24,DOMESTIC LIMITED LIABILITY COMPANY,Orange,New York,Lake Menswear LLC,P.O. Box 46,,Montgomery,NY,12549
8029435,PINECREST LAND HOLDINGS LLC,2026-09-24,DOMESTIC LIMITED LIABILITY COMPANY,Erie,New York,PINECREST LAND HOLDINGS LLC,266 Fairways Blvd,,Buffalo,NY,14221
8029436,27 DRIFTWOOD LLC,2026-09-24,DOMESTIC LIMITED LIABILITY COMPANY,Nassau,New York,27 DRIFTWOOD LLC,304 MAIN ST.,,PORT WASHINGTON,NY,11050
8029439,RETOUR USA LLC,2026-09-24,DOMESTIC LIMITED LIABILITY COMPANY,Rockland,New York,Joseph Sgueglia,21 Amy Court,,Tappan,NY,10983
8029440,R.J. MCNAMARA LLC,2026-09-24,DOMESTIC LIMITED LIABILITY COMPANY,Albany,New York,John E Manne II,19 Forts Ferry Road,,Latham,NY,12110
8029448,94 GREENRIDGE AVE LLC,2026-09-24,DOMESTIC LIMITED LIABILITY COMPANY,Westchester,New York,Michael Raneri,"150 Grand Street, Suite 502",,White Plains,NY,10601
8029449,FREEDOM REIGN OFFROAD LLC,2026-09-24,DOMESTIC LIMITED LIABILITY COMPANY,Rensselaer,New York,FREEDOM REIGN OFFROAD LLC,2110 State Highway 7,,Troy,NY,12180
8029451,PRM MEDTECH INC.,2026-09-24,DOMESTIC BUSINESS CORPORATION,Nassau,New York,PHILLIP MARASCO,9 HAMILTON STREET,,ROCKVILLE CENTRE,NY,11570
8029453,JJ26 RE LLC,2026-09-24,DOMESTIC LIMITED LIABILITY COMPANY,Albany,New York,JJ26 RE LLC,"330 5th Ave, 8th Floor",,New York,NY,10001
8029454,MUST HAVE MARKET LLC,2026-09-24,DOMESTIC LIMITED LIABILITY COMPANY,Nassau,New York,Must Have Market LLC,2307 Bellmore Ave,,Bellmore,NY,11710
8029455,TDJ26 RE LLC,2026-09-24,DOMESTIC LIMITED LIABILITY COMPANY,Albany,New York,TDJ26 RE LLC,"330 5th Ave, 8th Floor",,New York,NY,10001
8029456,DALTON PAYNE LLC,2026-09-24,DOMESTIC LIMITED LIABILITY COMPANY,Saratoga,New York,Dalton Payne LLC,500 Westover Dr,#37108,Sanford,NC,27330
8029457,"HAULX, LLC",2026-09-24,DOMESTIC LIMITED LIABILITY COMPANY,Oswego,New York,"HAULX, LLC",521 County Route 17A,,Williamstown,NY,13493
8029461,THE H HANSEN GROUP LLC,2026-09-24,DOMESTIC LIMITED LIABILITY COMPANY,Dutchess,New York,THE H HANSEN GROUP LLC,28 PEACOCK ROAD,,RHINEBECK,NY,12572
8029464,3171 CONEY ISLAND LLC,2026-09-24,DOMESTIC LIMITED LIABILITY COMPANY,Kings,New York,3171 CONEY ISLAND LLC,3171 Coney Island avenue,,Brooklyn,NY,11235
8029465,TIA ANNA DAYCARE CORP.,2026-09-24,DOMESTIC BUSINESS CORPORATION,Bronx,New York,ANNA HERNANDEZ,1310 OAKLEY ST 2F,,Bronx,NY,10469
8029466,6 OHIO AVENUE LLC,2026-09-24,DOMESTIC LIMITED LIABILITY COMPANY,Nassau,New York,6 OHIO AVENUE LLC,"6 Ohio Avenue,",,Long Beach,NY,11561
8029467,DEARBORNE LLC,2026-09-24,DOMESTIC LIMITED LIABILITY COMPANY,Suffolk,New York,DEARBORNE LLC,263 WRIGHT STREET,,WESTBURY,NY,11590
8029470,HOLIDAY HEROES LLC,2026-09-24,DOMESTIC LIMITED LIABILITY COMPANY,Westchester,New York,THOMAS DOOLEY,51 PARK DRIVE,,MT. KISCO,NY,10549
8029473,RIVERHEAD MANAGEMENT PROPERTIES LLC,2026-09-24,DOMESTIC LIMITED LIABILITY COMPANY,Suffolk,New York,RIVERHEAD MANAGEMENT PROPERTIES LLC,C/O 94 EAST JEFRYN BOULEVARD,SUITE H,DEER PARK,NY,11729
8029474,ACCESSEXPERIENCE LLC,2026-09-24,DOMESTIC LIMITED LIABILITY COMPANY,Albany,New York,NORTHWEST REGISTERED AGENT LLC,418 BROADWAY,STE N,ALBANY,NY,12207
8029477,132 DAWES AVE LLC,2026-09-24,DOMESTIC LIMITED LIABILITY COMPANY,Onondaga,New York,132 Dawes Ave LLC,132 Dawes Ave,,Syracuse,NY,13205
8029478,214 102 GLORIA LLC,2026-09-24,DOMESTIC LIMITED LIABILITY COMPANY,Bronx,New York,214 102 GLORIA LLC,ONE RIVERDALE AVENUE,"SUITE 1, BOX 12",BRONX,NY,10463
8029479,HAILEY PILATES CORP.,2026-09-24,DOMESTIC BUSINESS CORPORATION,Queens,New York,HAILEY PILATES CORP.,5730 224TH ST FL2,,OAKLAND GARDENS,NY,11364
8029481,NAPLES SPORTS CONSULTING LLC,2026-09-24,DOMESTIC LIMITED LIABILITY COMPANY,Suffolk,New York,MATTHEW NAPLES,6 BRAE MAR STREET,,NESCONSET,NY,11767
8029482,CASA MEGA LLC,2026-09-24,DOMESTIC LIMITED LIABILITY COMPANY,Greene,New York,ACCUMERA LLC,"911 CENTRAL AVE., #101",,ALBANY,NY,12206
8029483,"BROAD STREET BOYS, LLC",2026-09-24,DOMESTIC LIMITED LIABILITY COMPANY,Dutchess,New York,"BROAD STREET BOYS, LLC",451 MAIN STREET,,BEACON,NY,12508
8029485,UNITED CLEANING GROUP LLC,2026-09-24,DOMESTIC LIMITED LIABILITY COMPANY,Kings,New York,JON MORENO,4713 AVENUE N,,BROOKLYN,NY,11234
8029486,ALDOGEORGE LLC,2026-09-24,DOMESTIC LIMITED LIABILITY COMPANY,Nassau,New York,ALDOGEORGE LLC,26 Matlock St,,Lido Beach,NY,11561
8029488,ROSEBORO VENUE LLC,2026-09-24,DOMESTIC LIMITED LIABILITY COMPANY,Schoharie,New York,Roseboro Venue llc,210 Main St.,,Sharon Springs,NY,13459
8029489,56 LOWNDES AVE LLC,2026-09-24,DOMESTIC LIMITED LIABILITY COMPANY,Suffolk,New York,56 LOWNDES AVE LLC,266 BROADWAY,SUITE 401,BROOKLYN,NY,11211
8029491,STRONG ARM PROTECTION AGENCY LLC,2026-09-24,DOMESTIC LIMITED LIABILITY COMPANY,Nassau,New York,STRONG ARM PROTECTION AGENCY LLC,27 FALLON AVENUE,,ELMONT,NY,11003
8029493,WHILE ON MY MAT LLC,2026-09-24,DOMESTIC LIMITED LIABILITY COMPANY,Bronx,New York,While on My Mat LLC,1223 E 233rd Street,Suite 1049,Bronx,NY,10466
8029494,DRUM WITH GRAHAM LLC,2026-09-24,DOMESTIC LIMITED LIABILITY COMPANY,Albany,New York,REGISTERED AGENTS INC.,418 BROADWAY,STE R,ALBANY,NY,12207
8029495,"SANORA AI, INC.",2026-09-24,DOMESTIC BUSINESS CORPORATION,Kings,New York,Tam Nguyen,201 25th Street,Apt 7C,Brooklyn,NY,11231
8029498,ASHLEY IN STUDIO LLC,2026-09-24,DOMESTIC LIMITED LIABILITY COMPANY,Westchester,New York,CORPORATION SERVICE COMPANY,80 STATE STREET,,ALBANY,NY,122072543
8029499,JAMESPORT PROP LLC,2026-09-24,DOMESTIC LIMITED LIABILITY COMPANY,Suffolk,New York,JAMESPORT PROP LLC,1491 MAIN RD,,JAMESPORT,NY,11947
8029501,RISE UP SERIVCE CORPORATION,2026-09-24,DOMESTIC BUSINESS CORPORATION,Suffolk,New York,BEVERAGE SERVICES OF NEW YORK L.P.,46 WINSOR PLACE,UNIT 14,CENTRAL ISLIP,NY,11722
8029502,"WORLD HOME SERVICES AI, LLC",2026-09-24,DOMESTIC LIMITED LIABILITY COMPANY,Albany,New York,REGISTERED AGENTS INC.,418 BROADWAY,STE R,ALBANY,NY,12207
8029503,BLACK SHEEP PLUMBING LLC,2026-09-24,DOMESTIC LIMITED LIABILITY COMPANY,Albany,New York,BLACK SHEEP PLUMBING LLC,9 Washington Sqaure,Unit 16,Albany,NY,12205
8029505,"SEAMATCH, LLC",2026-09-24,DOMESTIC LIMITED LIABILITY COMPANY,New York,New York,Dmitry Solovyev,"530 W 45th st, apt. 5o",,New York,NY,10036
8029506,LIVING WATER CAPITAL ADVISORS LLC,2026-09-24,DOMESTIC LIMITED LIABILITY COMPANY,Onondaga,New York,Living Water Capital Advisors LLC,62 W Elizabeth Street,,Skaneateles,NY,13152
8029507,"FUNK ON MARS, LLC",2026-09-24,DOMESTIC LIMITED LIABILITY COMPANY,Kings,New York,"Funk on Mars, LLC",213 Montrose Ave,APT 2,Brooklyn,NY,11206
8029509,NYC EXPETS CORP.,2026-09-24,DOMESTIC BUSINESS CORPORATION,Queens,New York,VITTORIO STROCCHIA,69-20 COOPER AVENUE UNIT B,,GLENDALE,NY,11385
8029510,ZO-COQ L.L.C.,2026-09-24,DOMESTIC LIMITED LIABILITY COMPANY,Kings,New York,Christznel St jour,165 East 19th Street,apt 3E,Brooklyn,NY,11226
8029511,LELCAJ MANAGEMENT GROUP INC.,2026-09-24,DOMESTIC BUSINESS CORPORATION,Delaware,New York,MARTINO LELCAJ,12984 COUNTY HIGHWAY 27 APT LB,,SIDNEY CENTER,NY,13839
8029512,1391 SUNRISE MEMBER LLC,2026-09-24,DOMESTIC LIMITED LIABILITY COMPANY,Bronx,New York,1391 SUNRISE MEMBER LLC,1250 Waters Place,PH-1,Bronx,NY,10461
8029513,ALL SET NYC INC.,2026-09-24,DOMESTIC BUSINESS CORPORATION,Queens,New York,Nikola Mudresa,6004 Woodbine St,Apt 3L,Ridgewood,NY,11385
8029515,ELMHURST EAST LLC,2026-09-24,DOMESTIC LIMITED LIABILITY COMPANY,Nassau,New York,ELMHURST EAST LLC,122 Longworth AVE,,Woodmere,NY,11598
8029516,STRONG'S MARINE AT BBG ROUTE 9 LG BARN LLC,2026-09-24,DOMESTIC LIMITED LIABILITY COMPANY,Suffolk,New York,STRONG'S MARINE AT BBG ROUTE 9 LG BARN LLC,2400 Camp Mineola Rd,,Mattituck,NY,11952
8029517,SOLAR STREET MM LLC,2026-09-24,DOMESTIC LIMITED LIABILITY COMPANY,Onondaga,New York,LLC,6715 Robert Feldmeier Parkway,,Syracuse,NY,13211
8029518,PAINTING & RENOVATION 97 INC.,2026-09-24,DOMESTIC BUSINESS CORPORATION,Rockland,New York,Manuel A Garcia Linares,367 N Little Tor Rd,,New City,NY,10956
8029519,B.O.B. BOTTOM OF BARREL LLC,2026-09-24,DOMESTIC LIMITED LIABILITY COMPANY,Nassau,New York,B.O.B. BOTTOM OF BARREL LLC,3680 Demott Ave,,Wantagh,NY,11793
8029520,BB EXECUTIVE TRANSPORT LLC,2026-09-24,DOMESTIC LIMITED LIABILITY COMPANY,Westchester,New York,BRAULIO BRITO GUZMAN,395 NORTH AV,APT 2FT,NEW ROCHELLE,NY,10801
8029521,STRONG'S MARINE AT BBG FORT ANN SERVICE CENTER LLC,2026-09-24,DOMESTIC LIMITED LIABILITY COMPANY,Suffolk,New York,STRONG'S MARINE AT BBG FORT ANN SERVICE CENTER LLC,2400 Camp Mineola Rd,,Mattituck,NY,11952
8029523,EM BARTHS LLC,2026-09-24,DOMESTIC LIMITED LIABILITY COMPANY,Suffolk,New York,EM BARTHS LLC,94 MONTAUK HWY,,EAST MORICHES,NY,11940
8029525,MAJESTIC BEAUTY WELLNESS SPA CORP.,2026-09-24,DOMESTIC BUSINESS CORPORATION,Queens,New York,MAJESTIC BEAUTY WELLNESS SPA CORP.,8824 ROOSEVELT AVE. 2ND FLOOR,,JACKSON HTS,NY,11372
8029526,SPANAILSBEAUTY LLC,2026-09-24,DOMESTIC LIMITED LIABILITY COMPANY,Queens,New York,Chooy Lee,14065 beech ave,,Flushing,NY,11355
8029528,STRONG'S MARINE AT BBG NEW SHOWROOM LLC,2026-09-24,DOMESTIC LIMITED LIABILITY COMPANY,Suffolk,New York,STRONG'S MARINE AT BBG NEW SHOWROOM LLC,2400 Camp Mineola Rd,,Mattituck,NY,11952
8029529,MONTREUX HOLDINGS LLC,2026-09-24,DOMESTIC LIMITED LIABILITY COMPANY,Queens,New York,ZENBUSINESS INC.,41 STATE STREET,SUITE 112,ALBANY,NY,12207
8029531,"KOS ISLAND, LLC",2026-09-24,DOMESTIC LIMITED LIABILITY COMPANY,Suffolk,New York,"KOS ISLAND, LLC",556 Hawkins Road,,Selden,NY,11784
8029533,PRIVATE CLIENT MOBILE FLEET SERVICES LLC,2026-09-24,DOMESTIC LIMITED LIABILITY COMPANY,Westchester,New York,DAVID LOPEZ,322 BELLEVUE AVENUE,,YONKERS,NY,10703
8029535,TYLER COURT LLC,2026-09-24,DOMESTIC LIMITED LIABILITY COMPANY,Rockland,New York,TYLER COURT LLC,16 DIXWELL ROAD,,NEW CITY,NY,10956
8029536,FOWLED CAPITAL LLC,2026-09-24,DOMESTIC LIMITED LIABILITY COMPANY,Otsego,New York,FOWLED CAPITAL LLC,532 County Highway 58,,Oneonta,NY,13820
8029538,STRONG'S MARINE AT BBG CLEVERDALE SANDY BAY MARINA LLC,2026-09-24,DOMESTIC LIMITED LIABILITY COMPANY,Suffolk,New York,STRONG'S MARINE AT BBG CLEVERDALE SANDY BAY MARINA LLC,2400 Camp Mineola Rd,,Mattituck,NY,11952
8029539,CLATANI CAPITAL LLC,2026-09-24,DOMESTIC LIMITED LIABILITY COMPANY,Kings,New York,ZENBUSINESS INC.,41 STATE STREET,SUITE 112,ALBANY,NY,12207
8029540,JH EISNER CONSULTING CORP.,2026-09-24,DOMESTIC BUSINESS CORPORATION,Nassau,New York,JH EISNER CONSULTING CORP.,429 ATLANTIC AVE STE 2A,,FREEPORT,NY,11520
8029541,767 NESCONSET HIGHWAY LLC,2026-09-24,DOMESTIC LIMITED LIABILITY COMPANY,Suffolk,New York,LLC,767 Nesconset Highway,,Smithtown,NY,11787
8029543,WHITNEY MANAGEMENT LLC,2026-09-24,DOMESTIC LIMITED LIABILITY COMPANY,Erie,New York,JACOB HARRY,30 WHITNEY PL,,BUFFALO,NY,14201
8029546,SL COLLECTION LLC,2026-09-24,DOMESTIC LIMITED LIABILITY COMPANY,New York,New York,SL COLLECTION LLC,580 5th Avenue,,New York,NY,10036
8029547,LARROCA LLC,2026-09-24,DOMESTIC LIMITED LIABILITY COMPANY,Suffolk,New York,REPUBLIC REGISTERED AGENT SERVICES INC.,54 STATE STREET,STE 804,ALBANY,NY,12207
8029548,THE BATTLESIM GROUP LLC,2026-09-24,DOMESTIC LIMITED LIABILITY COMPANY,Orange,New York,ZENBUSINESS INC.,41 STATE STREET,SUITE 112,ALBANY,NY,12207
8029549,MAGUIRE TIMBERLINE LLC,2026-09-24,DOMESTIC LIMITED LIABILITY COMPANY,New York,New York,MAGUIRE TIMBERLINE LLC,c/o Maguire Lending LLC,"400 Madison Avenue, Suite 5D",New York,NY,10017
8029550,AM GLOBAL SOLUTIONS LLC,2026-09-24,DOMESTIC LIMITED LIABILITY COMPANY,Albany,New York,REPUBLIC REGISTERED AGENT SERVICES INC.,54 STATE STREET,STE 804,ALBANY,NY,12207
8029551,MLD SOLAR LLC,2026-09-24,DOMESTIC LIMITED LIABILITY COMPANY,Onondaga,New York,LLC,449 S Salina St 2nd Fl,,Syracuse,NY,13202
8029552,WH BARTHS LLC,2026-09-24,DOMESTIC LIMITED LIABILITY COMPANY,Suffolk,New York,WH BARTHS LLC,58 SUNSET AVE,,WESTHAMPTON BEACH,NY,11978
8029554,BIORIZA L.L.C.,2026-09-24,DOMESTIC LIMITED LIABILITY COMPANY,Dutchess,New York,YUPIN KHOO,158 LONGVIEW RD,,CLINTON CORNERS,NY,12514
8029555,TTG EVENTS AND RENTALS LLC,2026-09-24,DOMESTIC LIMITED LIABILITY COMPANY,Kings,New York,Tamara Gibson,342 Hudson walk,Apt. 6C,Brooklyn,NY,11201
8029556,HANDS FLAT OFF ROAD REPAIR LLC,2026-09-24,DOMESTIC LIMITED LIABILITY COMPANY,Lewis,New York,Hands Flat Off Road Repair LLC,14445 Hands Flat Road,,Harrisville,NY,13648
8029557,23002 SOUTH CONDUIT LLC,2026-09-24,DOMESTIC LIMITED LIABILITY COMPANY,Albany,New York,REPUBLIC REGISTERED AGENT SERVICES INC.,54 STATE STREET,STE 804,ALBANY,NY,12207
8029559,LAHEY AND SON LLC,2026-09-24,DOMESTIC LIMITED LIABILITY COMPANY,Dutchess,New York,Brendan Lahey,4 Nelson rd,,Pleasant valley,NY,12569
8029560,"JUCOBY JOHNSON, LLC",2026-09-24,DOMESTIC LIMITED LIABILITY COMPANY,Bronx,New York,ZENBUSINESS INC.,41 STATE STREET,SUITE 112,ALBANY,NY,12207
8029562,113 SOUTH SERVICE ROAD LLC,2026-09-24,DOMESTIC LIMITED LIABILITY COMPANY,Suffolk,New York,113 SOUTH SERVICE ROAD LLC,429 CARLLS PATH,,DEER PARK,NY,11729
8029563,VELMORABB LLC,2026-09-24,DOMESTIC LIMITED LIABILITY COMPANY,Suffolk,New York,STEPHANIE PIRELA,2 BARONE DR,,CORAM,NY,11727
8029564,GRIM STREET SW LLC,2026-09-24,DOMESTIC LIMITED LIABILITY COMPANY,Onondaga,New York,LLC,449 S Salina St 2nd Fl,,Syracuse,NY,13202
8029565,HOME CLIMATE & COMFORT LLC,2026-09-24,DOMESTIC LIMITED LIABILITY COMPANY,Queens,New York,EMMANUEL VERA,14238 37TH AVE APT 9B,,FLUSHING,NY,11354
8029568,TDB UNLIMITED LLC,2026-09-24,DOMESTIC LIMITED LIABILITY COMPANY,Suffolk,New York,TDB UNLIMITED LLC,30 WILLOWOOD COURT,,WESTHAMPTON,NY,11977
8029570,325 52ND STREET LLC,2026-09-24,DOMESTIC LIMITED LIABILITY COMPANY,Nassau,New York,"Law Offices of Stephen A. Bonfa, Esq., PC",8754 Bay 16th Street,,Brooklyn,NY,11214
8029571,"MAHAR HOLDINGS, LLC",2026-09-24,DOMESTIC LIMITED LIABILITY COMPANY,Onondaga,New York,THE LIMITED LIABILITY COMPANY,1423 North Salina Street,,Syracuse,NY,13208
8029573,BREEZY IP LLC,2026-09-24,DOMESTIC LIMITED LIABILITY COMPANY,Suffolk,New York,"c/o Vcorp Agent Services, Inc.",25 Robert Pitt Drive,Suite 204,Monsey,NY,10952
8029574,VVP SERVICE INC.,2026-09-24,DOMESTIC BUSINESS CORPORATION,Kings,New York,VLADISLAV PATOKIN,10620 SHORE FRONT PARKWAY,APT 5D,BROOKLYN,NY,11694
8029576,AXRONOS LLC,2026-09-24,DOMESTIC LIMITED LIABILITY COMPANY,Albany,New York,NORTHWEST REGISTERED AGENT LLC,418 BROADWAY,STE N,ALBANY,NY,12207
8029577,NEW LOTS CARS CORP. 2,2026-09-24,DOMESTIC BUSINESS CORPORATION,New York,New York,Jonathan M Espinal- Cerda,729 Liberty Avenue,#1,Brooklyn,NY,11208
8029578,BORUCH SPERLIN986 LLC,2026-09-24,DOMESTIC LIMITED LIABILITY COMPANY,Kings,New York,Boruch sperlin986 LLC,637 Montgomery St,,Brooklyn,NY,11225
8029579,EQ BARTHS LLC,2026-09-24,DOMESTIC LIMITED LIABILITY COMPANY,Suffolk,New York,EQ BARTHS LLC,424 MONTAUK HWY,,EAST QUOGUE,NY,11942
8029580,P.M. HEALTH LLC,2026-09-24,DOMESTIC LIMITED LIABILITY COMPANY,Rockland,New York,P.M. HEALTH LLC,1 BLUE HILL PLAZA 1509-24,,PEARL RIVER,NY,10965
8029581,"2516 LODI, LLC",2026-09-24,DOMESTIC LIMITED LIABILITY COMPANY,Onondaga,New York,THE LIMITED LIABILITY COMPANY,1423 North Salina Street,,Syracuse,NY,13208
8029582,CATHARUS LLC,2026-09-24,DOMESTIC LIMITED LIABILITY COMPANY,Suffolk,New York,Cartharus LLC,428 Harbor Road Unit F,,Cold Spring Harbor,NY,11724
8029583,MOSER EXCAVATING&FENCING LLC,2026-09-24,DOMESTIC LIMITED LIABILITY COMPANY,Oneida,New York,ZENBUSINESS INC.,41 STATE STREET,SUITE 112,ALBANY,NY,12207
8029584,CONLIN CONSULTING LLC,2026-09-24,DOMESTIC LIMITED LIABILITY COMPANY,Kings,New York,Parker Conlin,127 Eckford St,Apt 2,Brooklyn,NY,11222
8029585,"1423 N SALINA, LLC",2026-09-24,DOMESTIC LIMITED LIABILITY COMPANY,Onondaga,New York,THE LIMITED LIABILITY COMPANY,1423 North Salina Street,,Syracuse,NY,13208
8029586,W29ESPRIT LLC,2026-09-24,DOMESTIC LIMITED LIABILITY COMPANY,New York,New York,ASHWIN VERMA,400 CHAMBERS ST APT 8G,,NEW YORK,NY,10282
8029587,RAYS FAMOUS LLC,2026-09-24,DOMESTIC LIMITED LIABILITY COMPANY,Onondaga,New York,Rays famous LLC,159 Berger ave,,Syracuse,NY,13205
8029588,JEN IENGO GROUP LLC,2026-09-24,DOMESTIC LIMITED LIABILITY COMPANY,Westchester,New York,JEN IENGO GROUP LLC,"47 Highview Ter,",,Yonkers,NY,10705
8029590,WOOD CREEK ESTATES LLC,2026-09-24,DOMESTIC LIMITED LIABILITY COMPANY,Oneida,New York,WOOD CREEK ESTATES LLC,PO BOX 5,,VERONA BEACH,NY,13162
8029592,"HALLETT HOLDINGS, LLC",2026-09-24,FOREIGN LIMITED LIABILITY COMPANY,Nassau,Delaware,"HALLETT HOLDINGS, LLC",3333 new hyde park road,suite 202,NEW HYDE PARK,NY,11042
8029594,MB DATA STUDIO LLC,2026-09-24,DOMESTIC LIMITED LIABILITY COMPANY,Albany,New York,NORTHWEST REGISTERED AGENT LLC,418 BROADWAY,STE N,ALBANY,NY,12207
8029595,N195DJ LLC,2026-09-24,DOMESTIC LIMITED LIABILITY COMPANY,Kings,New York,FILE RIGHT LLC,1425 37TH STREET,SUITE 201,BROOKLYN,NY,11218
8029596,RAISING THE BARR AUTOMOTIVE LLC,2026-09-24,DOMESTIC LIMITED LIABILITY COMPANY,Suffolk,New York,ZENBUSINESS INC.,41 STATE STREET,SUITE 112,ALBANY,NY,12207
8029597,"DEMOLINARI CSP 7TH AVE, INC.",2026-09-24,DOMESTIC BUSINESS CORPORATION,New York,New York,DeMolinari CSP 7th Ave Inc,120 Wood Ave S,Suite 407,Iselin,NJ,08830
8029598,BRIGHT & JOY CLEANING LLC,2026-09-24,DOMESTIC LIMITED LIABILITY COMPANY,Albany,New York,NORTHWEST REGISTERED AGENT LLC,418 BROADWAY,STE N,ALBANY,NY,12207
8029599,787 COLLISION INC.,2026-09-24,DOMESTIC BUSINESS CORPORATION,Bronx,New York,787 Collision Inc.,435 Wales Ave,,Bronx,NY,10455
8029600,DGA EQUIPMENT GROUP LLC,2026-09-24,DOMESTIC LIMITED LIABILITY COMPANY,Westchester,New York,Oliver Mihal,565 E 3rd St,,Mt Vernon,NY,10553
8029601,MERIDIAN 28 LLC,2026-09-24,DOMESTIC LIMITED LIABILITY COMPANY,Albany,New York,"C/O DANIEL RUBIN, ESQ., FARRELL FRITZ P.C.","622 3RD AVENUE, STE 37200",,NEW YORK,NY,10017
8029602,SLK BOOKKEEPING SERVICES LLC,2026-09-24,DOMESTIC LIMITED LIABILITY COMPANY,Monroe,New York,SLK Bookkeeping Services LLC,192 Miles Cutting Lane,,Pittsford,NY,14534
8029604,FIVEGRAND TRUCKING INC.,2026-09-24,DOMESTIC BUSINESS CORPORATION,Suffolk,New York,MARITZA PARRA,172 GROVE AVE.,,EAST PATCHOGUE,NY,11772
8029605,ZEN-X CONSTRUCTION L.L.C.,2026-09-24,DOMESTIC LIMITED LIABILITY COMPANY,Queens,New York,Entity Protect Registered Agent Services LLC,447 Broadway 2nd Fl. - #3000,,New York,NY,10013
8029606,MARDELL LEGACY LLC,2026-09-24,DOMESTIC LIMITED LIABILITY COMPANY,Rensselaer,New York,MarDell Legacy Logistics LLC,438 East street,,Rensselaer,NY,12144
8029607,RESILIENCE HOLDING LLC,2026-09-24,DOMESTIC LIMITED LIABILITY COMPANY,Nassau,New York,RESILIENCE HOLDING LLC,35 Baxter Ave,,New Hyde Park,NY,11040
8029609,7 KELLIS LLC,2026-09-24,DOMESTIC LIMITED LIABILITY COMPANY,Suffolk,New York,c/o The Benincasa Group,860 Montauk Highway,Unit 1B / Mailbox 8,Water Mill,NY,11976
8029610,NO BULL ELECTRIC LLC,2026-09-24,DOMESTIC LIMITED LIABILITY COMPANY,Oswego,New York,REPUBLIC REGISTERED AGENT SERVICES INC.,54 STATE STREET,STE 804,ALBANY,NY,12207
8029611,3288 ROUTE 5 HOLDINGS LLC,2026-09-24,DOMESTIC LIMITED LIABILITY COMPANY,Onondaga,New York,3288 Route 5 Holdings LLC,608 Nottingham Road,,Syracuse,NY,13224
8029612,PRESTIGE STONE LLC,2026-09-24,DOMESTIC LIMITED LIABILITY COMPANY,Westchester,New York,ANDRES OROZCO,40 BRONSON AVENUE,,SCARSDALE,NY,10583
8029615,J & R LAWN AND TURF LLC,2026-09-24,DOMESTIC LIMITED LIABILITY COMPANY,Albany,New York,NORTHWEST REGISTERED AGENT LLC,418 BROADWAY,STE N,ALBANY,NY,12207
8029616,WELL DONE GC CORP.,2026-09-24,DOMESTIC BUSINESS CORPORATION,Westchester,New York,Well Done GC Corp.,888 Post Road,,Scarsdale,NY,10583
8029617,457 PENN LLC,2026-09-24,DOMESTIC LIMITED LIABILITY COMPANY,Nassau,New York,Donato Romano,79 Sheridan Avenue,,Williston Park,NY,11596
8029618,JP BARTHS LLC,2026-09-24,DOMESTIC LIMITED LIABILITY COMPANY,Suffolk,New York,JP BARTHS LLC,1941 MAIN RD,,JAMESPORT,NY,11947
8029619,3274RT212 LLC,2026-09-24,DOMESTIC LIMITED LIABILITY COMPANY,Ulster,New York,3274RT212 LLC,PO Box 12,,Bearsville,NY,12409
8029620,"SKINNER COTTAGE, LLC",2026-09-24,DOMESTIC LIMITED LIABILITY COMPANY,Chautauqua,New York,Joseph Kosinski,4275 Circle Court,,"Williamsville,",NY,14221
8029621,WHITE WAY SKI HOLDINGS LLC,2026-09-24,DOMESTIC LIMITED LIABILITY COMPANY,Rockland,New York,White Way Ski Holdings LLC,10 East 70th Street,,New York,NY,10021
8029622,M PEACOCK LLC,2026-09-24,DOMESTIC LIMITED LIABILITY COMPANY,Albany,New York,NORTHWEST REGISTERED AGENT LLC,418 BROADWAY,STE N,ALBANY,NY,12207
8029623,"IX&HKS, LLC",2026-09-24,DOMESTIC LIMITED LIABILITY COMPANY,New York,New York,Martin Kelsohn,"257 West 17th St., Apt. 2D",,New York,NY,10011
8029624,DGA EQUIPMENT LOGISTICS LLC,2026-09-24,DOMESTIC LIMITED LIABILITY COMPANY,Westchester,New York,Oliver Mihal,565 E 3rd St,,Mt Vernon,NY,10553
8029625,STONEWICK PROPERTIES LLC,2026-09-24,DOMESTIC LIMITED LIABILITY COMPANY,Albany,New York,NORTHWEST REGISTERED AGENT LLC,418 BROADWAY,STE N,ALBANY,NY,12207
8029626,"UNADILLA ASSOCIATES, LLC",2026-09-24,DOMESTIC LIMITED LIABILITY COMPANY,Otsego,New York,"c/o Otsego Rural Housing Assistance, Inc.",P.O. Box 189,,Milford,NY,13807
8029627,ALLORAMOMO LLC,2026-09-24,DOMESTIC LIMITED LIABILITY COMPANY,Kings,New York,ALLORAMOMO LLC,901 Jefferson Ave Apt 1,,Brooklyn,NY,11221
8029628,NO SITTING ALLOWED LLC,2026-09-24,DOMESTIC LIMITED LIABILITY COMPANY,Westchester,New York,NO SITTING ALLOWED LLC,272 MILL STREET,,POUGHKEEPSIE,NY,12601
8029631,KOMILJON1975 INC.,2026-09-24,DOMESTIC BUSINESS CORPORATION,Kings,New York,MUKHAMMADALI LAPASOV,8650 BAY PARKWAY,APT F9,BROOKLYN,NY,11214
8029632,"PORTABLE PRETTY, LLC",2026-09-24,DOMESTIC LIMITED LIABILITY COMPANY,Orange,New York,Natalie Buckridge,88 Red Mills Road,,Pine Bush,NY,12566
8029633,SECOND SHOT NYC LLC,2026-09-24,DOMESTIC LIMITED LIABILITY COMPANY,Queens,New York,MICHAEL KATZ,4051 72ND STREET,,WOODSIDE,NY,11377
8029637,3950 HARPERSFIELD LLC,2026-09-24,DOMESTIC LIMITED LIABILITY COMPANY,Delaware,New York,ANTHONY BRUNO,9 EASTBROOK ROAD,,EASTPORT,NY,11941
8029638,FATIR HOLDINGS LLC,2026-09-24,DOMESTIC LIMITED LIABILITY COMPANY,Albany,New York,Fatir Holdings LLC,418 Broadway,STE R,Albany,NY,12207
8029639,139 HADDOCK ROAD LLC,2026-09-24,DOMESTIC LIMITED LIABILITY COMPANY,Sullivan,New York,139 Haddock Road LLC,71 Lafayette Avenue,,Suffern,NY,10901
8029640,CIRES ADVISORY LLC,2026-09-24,DOMESTIC LIMITED LIABILITY COMPANY,Kings,New York,"InCorp Services, Inc.",One Commerce Plaza,99 Washington Ave. Ste 805-A,Albany,NY,122102822
8029641,SOURCED MOTORS INC.,2026-09-24,DOMESTIC BUSINESS CORPORATION,Queens,New York,SOURCED MOTORS INC.,8445 151ST STREET,,JAMAICA,NY,11432
8029644,EC BARTHS LLC,2026-09-24,DOMESTIC LIMITED LIABILITY COMPANY,Suffolk,New York,EC BARTHS LLC,28195 MAIN RD,,CUTCHOGUE,NY,11935
8029645,"PUMPKIN GO! , LLC",2026-09-24,DOMESTIC LIMITED LIABILITY COMPANY,New York,New York,Yasmin Kuhn,100 WEST 31ST APT 30D,,NEW YORK,NY,10001
8029646,CHEETOS PATCH SERVICE CORPORATION,2026-09-24,DOMESTIC BUSINESS CORPORATION,Suffolk,New York,BEVERAGE SERVICES OF NEW YORK L.P.,46 WINSOR PLACE,UNIT 14,CENTRAL ISLIP,NY,11722
8029647,CLARA CLARA LLC,2026-09-24,DOMESTIC LIMITED LIABILITY COMPANY,Delaware,New York,ZENBUSINESS INC.,41 STATE STREET,SUITE 112,ALBANY,NY,12207
8029649,RESTORE LIFE NYC2 LLC,2026-09-24,DOMESTIC LIMITED LIABILITY COMPANY,Westchester,New York,C/O Restore Life USA LLC,517 Boston Post Road,,Rye Brook,NY,10573
8029650,"SUNSHINE 100!, LLC",2026-09-24,DOMESTIC LIMITED LIABILITY COMPANY,New York,New York,Yasmin Kuhn,100 WEST 31ST APT 30D,,NEW YORK,NY,10001
8029651,PROTOCOL MEDICAL GROUP III P.C.,2026-09-24,FOREIGN PROFESSIONAL SERVICE CORPORATION,New York,New Jersey,PROTOCOL MEDICAL GROUP III P.C.,30 cooper square,floor 10,NEW YORK,NY,10003
8029652,MOONRIDGE HOLDINGS LLC,2026-09-24,DOMESTIC LIMITED LIABILITY COMPANY,Albany,New York,MOONRIDGE HOLDINGS LLC,55 Old Nyack Turnpike Ste 210,,Nanuet,NY,10954
8029654,RESTORE LIFE NYC3 LLC,2026-09-24,DOMESTIC LIMITED LIABILITY COMPANY,Westchester,New York,C/O Restore Life USA LLC,517 Boston Post Road,,Rye Brook,NY,10573
8029655,ANGIKA 27 INC.,2026-09-24,DOMESTIC BUSINESS CORPORATION,Kings,New York,IRAKLI BERISHVILI,2347 BRIGHAM ST FL 1,,BROOKLYN,NY,11229
8029656,BRADY'S 8 LLC,2026-09-24,DOMESTIC LIMITED LIABILITY COMPANY,Queens,New York,JENNIFER K OSORIO GARAMENDI,16659 24TH AVENUE,,WHITESTONE,NY,11357
8029657,MANUFACTURING RESOURCE TECHNOLOGIES LLC,2026-09-24,DOMESTIC LIMITED LIABILITY COMPANY,Erie,New York,MANUFACTURING RESOURCE TECHNOLOGIES LLC,129 Chatham Avenue,,Buffalo,NY,14216
8029658,"JAZZY 121?, LLC",2026-09-24,DOMESTIC LIMITED LIABILITY COMPANY,New York,New York,Yasmin Kuhn,100 WEST 31ST APT 30D,,NEW YORK,NY,10001
8029659,EJB INVEST HOLDINGS LLC,2026-09-24,DOMESTIC LIMITED LIABILITY COMPANY,New York,New York,EJB INVEST HOLDINGS LLC,360 e. 89th Street,Suite 28A,New York,NY,10128
8029660,RESTORE LIFE NYC31 LLC,2026-09-24,DOMESTIC LIMITED LIABILITY COMPANY,Westchester,New York,C/O Restore Life USA LLC,517 Boston Post Road,,Rye Brook,NY,10573
8029661,PROMITHEIA CONSULTING INC.,2026-09-24,DOMESTIC BUSINESS CORPORATION,Queens,New York,PROMITHEIA CONSULTING INC.,5228 79th Street,,Elmhurst,NY,11373
8029662,"BLACK HEART INVESTORS, LLC",2026-09-24,DOMESTIC LIMITED LIABILITY COMPANY,Cayuga,New York,"BLACK HEART INVESTORS, LLC",8178 STATE ROUTE 90,,MONTEZUMA,NY,13117
8029663,P&O PUB INC.,2026-09-24,DOMESTIC BUSINESS CORPORATION,Rockland,New York,P&O PUB INC.,"150 S. Main Street, Store 1",,Nanuet,NY,10954
8029664,ARSONE LLC,2026-09-24,DOMESTIC LIMITED LIABILITY COMPANY,Albany,New York,NORTHWEST REGISTERED AGENT LLC,418 BROADWAY,STE N,ALBANY,NY,12207
8029668,"LUPIANI PAINTING, LLC",2026-09-24,DOMESTIC LIMITED LIABILITY COMPANY,Monroe,New York,"LUPIANI PAINTING, LLC",2633 W. RIDGE RD.,SUITE 15,ROCHESTER,NY,14626
8029669,SANDERSCO LLC,2026-09-24,DOMESTIC LIMITED LIABILITY COMPANY,New York,New York,Matthew Sanders,3 Kensington Ct,,Garden City,NY,11530
8029670,A & Z SONS TRADING LLC,2026-09-24,DOMESTIC LIMITED LIABILITY COMPANY,Suffolk,New York,ZEESHAN HASSAN,1289 BOSTON AVE,,BAYSHORE,NY,11706
8029671,56 WAVERLY HAMAZON LLC,2026-09-24,DOMESTIC LIMITED LIABILITY COMPANY,Kings,New York,"JONATHAN J. SOMERSTEIN, ESQ",199 JERICHO TURNPIKE,SUITE 101,FLORAL PARK,NY,11001
8029673,"SAMANTHA 32, LLC",2026-09-24,DOMESTIC LIMITED LIABILITY COMPANY,New York,New York,Yasmin Kuhn,100 WEST 31ST APT 30D,,NEW YORK,NY,10001
8029674,MY OWN COLLECTION LLC,2026-09-24,DOMESTIC LIMITED LIABILITY COMPANY,New York,New York,MY OWN COLLECTION LLC,580 5th Avenue,,New York,NY,10036
8029675,THE BELOW 14TH FUND LLC,2026-09-24,DOMESTIC LIMITED LIABILITY COMPANY,Albany,New York,NORTHWEST REGISTERED AGENT LLC,418 BROADWAY,STE N,ALBANY,NY,12207
8029676,AGB RETAIL CORP.,2026-09-24,DOMESTIC BUSINESS CORPORATION,Bronx,New York,AGB RETAIL CORP.,"800 ROUTE 82, STE C",,HOPEWELL JUNCTION,NY,12533
8029677,LOCAL BUILDER INC.,2026-09-24,DOMESTIC BUSINESS CORPORATION,Greene,New York,LOCAL BUILDER INC.,9 SQUAW VALLEY TRAIL,,EAST JEWETT,NY,12424
8029678,3 HEMION WAY LLC,2026-09-24,DOMESTIC LIMITED LIABILITY COMPANY,Rockland,New York,3 HEMION WAY LLC,7 DURHAM LN,,SUFFERN,NY,10901
8029679,"354 FSOP, LLC",2026-09-24,DOMESTIC LIMITED LIABILITY COMPANY,Dutchess,New York,"354 FSOP, LLC",93 UNION STREET,,BEACON,NY,12508
8029680,275 WARNER AVENUE LLC,2026-09-24,DOMESTIC LIMITED LIABILITY COMPANY,Nassau,New York,ASY Holdings,11 Griffin Lane,,Morristown,NJ,07960
8029681,FUTURE GLOBAL SHOP INC.,2026-09-24,DOMESTIC BUSINESS CORPORATION,Queens,New York,Future Global Shop INC.,9238 219th st,,Queens Village,NY,11428
8029682,831 EAGLE AVE HOLDINGS LLC,2026-09-24,DOMESTIC LIMITED LIABILITY COMPANY,Albany,New York,NUCO FILINGS CORP.,200 BOULEVARD OF THE AMERICAS,SUITE 104B,LAKEWOOD,NJ,08701
8029684,KOOFO PETS LLC,2026-09-24,DOMESTIC LIMITED LIABILITY COMPANY,Albany,New York,NORTHWEST REGISTERED AGENT LLC,418 BROADWAY,STE N,ALBANY,NY,12207
8029685,A&M WINGS INC.,2026-09-24,DOMESTIC BUSINESS CORPORATION,Kings,New York,A&amp;M WINGS INC.,1227 Fulton St,,Brooklyn,NY,11216
8029686,"RYLOS GROUP, LLC",2026-09-24,DOMESTIC LIMITED LIABILITY COMPANY,Monroe,New York,"RYLOS GROUP, LLC",32 WASHINGTON ROAD,,PITTSFORD,NY,14534
8029687,"KEMO 121, LLC",2026-09-24,DOMESTIC LIMITED LIABILITY COMPANY,New York,New York,Yasmin Kuhn,100 WEST 31ST APT 30D,,NEW YORK,NY,10001
8029688,RANCH 809 INC.,2026-09-24,DOMESTIC BUSINESS CORPORATION,Kings,New York,RANCH 809 INC.,1204 HALSEY STREET,,BROOKLYN,NY,11207
8029689,KP BOOKKEEPING LLC,2026-09-24,DOMESTIC LIMITED LIABILITY COMPANY,Albany,New York,REGISTERED AGENTS INC.,418 BROADWAY,STE R,ALBANY,NY,12207
8029690,CLUB AVORA INC.,2026-09-24,DOMESTIC BUSINESS CORPORATION,Orange,New York,CLUB AVORA INC.,1092 State Route 17K,,Montgomery,NY,12549
8029691,EAST WEST PAINTERS LLC,2026-09-24,DOMESTIC LIMITED LIABILITY COMPANY,Suffolk,New York,LI Wealth Management Inc,1 Huntington Quadrangle,Suite 1C07,Melville,NY,11747
8029692,WE GOT THIS TOGETHER LLC,2026-09-24,DOMESTIC LIMITED LIABILITY COMPANY,Erie,New York,Kenneth Jackson,4942 William st.,,Lancaster,NY,14086
8029693,OUMOU SERIA LLC,2026-09-24,DOMESTIC LIMITED LIABILITY COMPANY,New York,New York,Oumou Seria,1330 Webster Ave,2K,Bronx,NY,10456
8029694,FERNST ADVISORY LLC,2026-09-24,DOMESTIC LIMITED LIABILITY COMPANY,New York,New York,Frank Ernst,13 W 13th St,Apt 7CS,New York,NY,10011
8029697,SIDE B SOUND STUDIO LLC,2026-09-24,DOMESTIC LIMITED LIABILITY COMPANY,Albany,New York,NORTHWEST REGISTERED AGENT LLC,418 BROADWAY,STE N,ALBANY,NY,12207
8029698,96 WAKEFIELD AVE LLC,2026-09-24,DOMESTIC LIMITED LIABILITY COMPANY,Westchester,New York,96 WAKEFIELD AVE LLC,96 aka 25 Wakefield Avenue,,Yonkers,NY,10704
8029699,NEW DOCK ROAD LLC,2026-09-24,DOMESTIC LIMITED LIABILITY COMPANY,Kings,New York,Paul James,180 E 52nd Street,Apartment A2,Brooklyn,NY,11203
8029700,SCIENTIFIC RESEARCH SOFT LLC,2026-09-24,DOMESTIC LIMITED LIABILITY COMPANY,Kings,New York,Scientific Research Soft LLC,1495 E 10TH ST 1R,,BROOKLYN,NY,11230
8029701,NOVAN MILROSE CORP.,2026-09-24,DOMESTIC BUSINESS CORPORATION,Suffolk,New York,NOVAN MILROSE CORP.,32 West 21st Street,,Huntington Station,NY,11746
8029702,GOOD FUN PARTY CO LLC,2026-09-24,DOMESTIC LIMITED LIABILITY COMPANY,Onondaga,New York,Caitlin Hodge,209 Shotwell Park,,Syracuse,NY,13206
8029705,ALMITRA FOODS INC.,2026-09-24,DOMESTIC BUSINESS CORPORATION,New York,New York,ALMITRA FOODS INC.,6903 14TH AVE,SUITE 1,BROOKLYN,NY,11228
8029707,"ARCSMITH WELDING, LLC",2026-09-24,DOMESTIC LIMITED LIABILITY COMPANY,Otsego,New York,Grey Smith,155 John Hill Rd,,Burlington Flats,NY,13315
8029708,LLL&E CAPITAL LLC,2026-09-24,DOMESTIC LIMITED LIABILITY COMPANY,Nassau,New York,LLL&amp;E CAPITAL LLC,3067 SHORE RD,,BELLMORE,NY,11710
8029709,BEDROCK ESTATE LLC,2026-09-24,DOMESTIC LIMITED LIABILITY COMPANY,Westchester,New York,Bedrock Estate LLC,339 Tarrytown Rd Suite 1118,,Elmsford,NY,10523
8029710,"WILLIAM GUNN COACHING, LLC",2026-09-24,DOMESTIC LIMITED LIABILITY COMPANY,New York,New York,"William Gunn Coaching, LLC",340 W 42 ST,Unit 12,New York,NY,10036
8029711,YO NO BI FOLK ART LLC,2026-09-24,DOMESTIC LIMITED LIABILITY COMPANY,Rensselaer,New York,YO NO BI FOLK ART LLC,387 3rd Ave Apt 404,,Troy,NY,12182
8029713,KATRINE 927 LLC,2026-09-24,DOMESTIC LIMITED LIABILITY COMPANY,New York,New York,Celanie LLC,353 Lexington Avenue,4th Floor Ste 524,New York,NY,10016
8029714,DEKALB PROPERTIE LLC,2026-09-24,DOMESTIC LIMITED LIABILITY COMPANY,Kings,New York,DEKALB PROPERTIE LLC,570 BEDFORD AVE APT 4B,,BROOKLYN,NY,11249
8029715,MPG VENTURES LLC,2026-09-24,DOMESTIC LIMITED LIABILITY COMPANY,Queens,New York,ZENBUSINESS INC.,41 STATE STREET,SUITE 112,ALBANY,NY,12207
8029716,CHAI988 INC.,2026-09-24,DOMESTIC BUSINESS CORPORATION,Queens,New York,CHAI LIN,3422 101ST ST FL 1,,CORONA,NY,11368
8029718,STONE FOREST SOLUTIONS LLC,2026-09-24,DOMESTIC LIMITED LIABILITY COMPANY,Ulster,New York,Devin Kren,58 River Road,,Ulster Park,NY,12487
8029720,PROJECT 100 INC.,2026-09-24,DOMESTIC BUSINESS CORPORATION,Albany,New York,NORTHWEST REGISTERED AGENT LLC,418 BROADWAY,STE N,ALBANY,NY,12207
8029721,71 JOBS LANE LLC,2026-09-24,DOMESTIC LIMITED LIABILITY COMPANY,Suffolk,New York,71 JOBS LANE LLC,965 5th Avenue,14th Floor,New York,NY,10075
8029724,JAY-SAN LLC,2026-09-24,DOMESTIC LIMITED LIABILITY COMPANY,Ulster,New York,JAY-SAN LLC,21 QUAKER ROAD,,PLEASANT VALLEY,NY,12569
8029726,QCSJ INC.,2026-09-24,DOMESTIC BUSINESS CORPORATION,Nassau,New York,QCSJ INC.,140 S MIDDLE NECK ROAD #2E,,GREAT NECK,NY,11021
8029727,ODDWELL TECHNOLOGY LLC,2026-09-24,DOMESTIC LIMITED LIABILITY COMPANY,Albany,New York,Oddwell Technology LLC,350 Northern Blvd,STE 324-1277,Albany,NY,122041000
8029729,DEEP CUTS WOODWORKING LLC,2026-09-24,DOMESTIC LIMITED LIABILITY COMPANY,Orange,New York,David H`aysom,90 Waterbury rd,,Warwick,NY,10990
8029731,LAUREN ROEBUCK DANCE LLC,2026-09-24,DOMESTIC LIMITED LIABILITY COMPANY,Kings,New York,Lauren Roebuck,347 Union Ave,,Brooklyn,NY,11211
8029732,69-17 MYRTLE AVENUE LLC,2026-09-24,DOMESTIC LIMITED LIABILITY COMPANY,Queens,New York,c/o The LLC,69-11 Myrtle Avenue,,Glendale,NY,11385
8029733,"36643 NYS RT 126, LLC",2026-09-24,DOMESTIC LIMITED LIABILITY COMPANY,Jefferson,New York,JUNIOR STEFANINI,18230 US RT 11,,WATERTOWN,NY,13601
8029734,MORENO'S DRIVE LLC,2026-09-24,DOMESTIC LIMITED LIABILITY COMPANY,Queens,New York,GALO VASQUEZ QUINONEZ,14708 45TH AVE 2FL,,FLUSHING,NY,11355
8029735,FARMINGDALE FLIGHT CO. LLC,2026-09-24,DOMESTIC LIMITED LIABILITY COMPANY,Nassau,New York,Mohan Teddy Mohabir,56 Prospect Pl,,Farmingdale,NY,11735
8029736,JOYCEE FLOWERS CORP.,2026-09-24,DOMESTIC BUSINESS CORPORATION,Bronx,New York,JOSELIN TEJADA RODRIGUEZ,55 W 180TH ST,APT D7,BRONX,NY,10453
8029737,OGE ENTERPRISES LLC,2026-09-24,DOMESTIC LIMITED LIABILITY COMPANY,Albany,New York,OGE Enterprises LLC,624 Columbus ave. unit 2020,,Thornwood,NY,10594
8029739,YSL ADVISORY LLC,2026-09-24,DOMESTIC LIMITED LIABILITY COMPANY,Albany,New York,NORTHWEST REGISTERED AGENT LLC,418 BROADWAY,STE N,ALBANY,NY,12207
8029740,WESTCHESTER BAKES LLC,2026-09-24,DOMESTIC LIMITED LIABILITY COMPANY,Westchester,New York,Andrea Coppola,133 Waverly Avenue,,Mamaroneck,NY,10543
8029741,STEAMBOAT PARTNERS ELITE LLC,2026-09-24,DOMESTIC LIMITED LIABILITY COMPANY,Kings,New York,STEAMBOAT PARTNERS ELITE LLC,479 RALPH AVE,,BROOKLYN,NY,11233
8029742,REZCARE HOME SERVICES LLC,2026-09-24,DOMESTIC LIMITED LIABILITY COMPANY,Queens,New York,RezCare Home Services LLC,2512 148TH STREET,,FLUSHING,NY,11354
8029743,MUNICIPAL GRANT SOLUTIONS LLC,2026-09-24,DOMESTIC LIMITED LIABILITY COMPANY,Albany,New York,NORTHWEST REGISTERED AGENT LLC,418 BROADWAY,STE N,ALBANY,NY,12207
8029744,PRACTICE LOGISTICS INC.,2026-09-24,DOMESTIC BUSINESS CORPORATION,New York,New York,Practice Logistics Inc.,100 Church Street 8th Floor,,New York,NY,10007
8029747,SETSTACK LLC,2026-09-24,DOMESTIC LIMITED LIABILITY COMPANY,New York,New York,Clyde Felsen,"211 East 21st Street, Apt 3B,",,New York,NY,10010
8029748,56SCUDDER LLC,2026-09-24,DOMESTIC LIMITED LIABILITY COMPANY,Albany,New York,NORTHWEST REGISTERED AGENT LLC,418 BROADWAY,STE N,ALBANY,NY,12207
8029749,LIBERTY VOYAGE INC.,2026-09-24,DOMESTIC BUSINESS CORPORATION,Queens,New York,LIBERTY VOYAGE INC,6457 217TH ST,,OAKLAND GARDENS,NY,11364
8029751,BERCAM LLC,2026-09-24,DOMESTIC LIMITED LIABILITY COMPANY,New York,New York,BERCAM LLC,BERCAM LLC,,BERCAM LLC,NY,10027
8029752,SKIN + SOUL LLC,2026-09-24,DOMESTIC LIMITED LIABILITY COMPANY,Rockland,New York,Karen Saavedra,298 High ave,Apt L1,Nyack,NY,10960
8029753,BOLT FITNESS BAYSIDE LLC,2026-09-24,DOMESTIC LIMITED LIABILITY COMPANY,Queens,New York,Michelle Sanchez Krantz,154 Aster Drive,,New Hyde Park,NY,11040
8029754,8008 AVE J CORP.,2026-09-24,DOMESTIC BUSINESS CORPORATION,Kings,New York,TOSHANA DALEY,8008 AVE J,,BROOKLYN NY,NY,11236
8029755,QUEENS WEST REALTY LLC,2026-09-24,DOMESTIC LIMITED LIABILITY COMPANY,Kings,New York,QUEENS WEST REALTY LLC,712 Nostrand ave,2nd Fl,Brooklyn,NY,11216
8029756,SKFC GILES INVESTOR LLC,2026-09-24,DOMESTIC LIMITED LIABILITY COMPANY,Albany,New York,SKFC Giles Investor LLC,1144 Evergreen Avenue,Suite 1144-1,Bronx,NY,10472
8029757,MORGWILS CO LLC,2026-09-24,DOMESTIC LIMITED LIABILITY COMPANY,New York,New York,MORGWILS CO LLC,218 W 10th St Apt 3A,,New York,NY,10014
8029758,VACA MALL DRIVE LLC,2026-09-24,DOMESTIC LIMITED LIABILITY COMPANY,Monroe,New York,VACA Mall Drive LLC,550 Latona Road,"Building E, Suite 501",Rochester,NY,14626
8029759,MYTRIM LLC,2026-09-24,DOMESTIC LIMITED LIABILITY COMPANY,Albany,New York,NORTHWEST REGISTERED AGENT LLC,418 BROADWAY,STE N,ALBANY,NY,12207
8029760,64 LOCUST LLC,2026-09-24,DOMESTIC LIMITED LIABILITY COMPANY,Rockland,New York,64 Locust LLC,4403 15th Ave Ste 539,,Brooklyn,NY,11219
8029762,"GUARDIAN CONSULTING SERVICES, LLC",2026-09-24,FOREIGN LIMITED LIABILITY COMPANY,Nassau,Delaware,"GUARDIAN CONSULTING SERVICES, LLC",3333 new hyde park road,suite 202,NEW HYDE PARK,NY,11042
8029763,"PACHECO12HP, LLC",2026-09-24,DOMESTIC LIMITED LIABILITY COMPANY,Bronx,New York,PACHECO12HP,1866 WATSON AVENUE,APT. 1FL SEMI BSMT,BRONX,NY,10472
8029764,ALIVE IN DARKNESS CORP.,2026-09-24,DOMESTIC BUSINESS CORPORATION,Kings,New York,ALIVE IN DARKNESS CORP.,107 VAN BUREN STREET,APT A3,BROOKLYN,NY,11221
8029765,192 SHAKER PARK DR LLC,2026-09-24,DOMESTIC LIMITED LIABILITY COMPANY,Albany,New York,REGISTERED AGENTS INC.,418 BROADWAY,STE R,ALBANY,NY,12207
8029766,SIGMA LITHIUM CORPORATION,2026-09-24,FOREIGN BUSINESS CORPORATION,New York,New York,C/O ORTOLI ROSENSTADT LLP,366 madison avenue,9TH floor,NEW YORK,NY,10017
8029767,"1398 STATE ROUTE 5 WEST, INC.",2026-09-24,DOMESTIC BUSINESS CORPORATION,Madison,New York,"1398 STATE ROUTE 5 WEST, INC.",4095 PUTNAM RD,,CAZENOVIA,NY,13035
8029768,23 WEST 12TH STREET LLC,2026-09-24,DOMESTIC LIMITED LIABILITY COMPANY,New York,New York,23 WEST 12TH STREET LLC,130 W 12TH ST 1C,,NEW YORK,NY,10011
8029769,211 HALAL SPOT LLC,2026-09-24,DOMESTIC LIMITED LIABILITY COMPANY,Orange,New York,211 HALAL SPOT LLC,600 N GALLERIA DR,,MIDDLETOWN,NY,10941
8029770,AURA STRATEGY ADVISORS INC.,2026-09-24,DOMESTIC BUSINESS CORPORATION,Albany,New York,REGISTERED AGENTS INC.,418 BROADWAY,STE R,ALBANY,NY,12207
8029771,JJLM ASSOCIATES LLC,2026-09-24,DOMESTIC LIMITED LIABILITY COMPANY,Suffolk,New York,JJLM ASSOCIATES LLC,500 W Main St Ste 107,,Babylon,NY,11702
8029772,SWING FOR SMILES CORP.,2026-09-24,DOMESTIC BUSINESS CORPORATION,Richmond,New York,ANNA SCOMA,31 WELLBROOK AVE,,STATEN ISLAND,NY,10314
8029773,TULLY SYSTEMS LLC,2026-09-24,DOMESTIC LIMITED LIABILITY COMPANY,Onondaga,New York,Brent Peterson,218 6th Street,,Liverpool,NY,13088
8029776,C PARK LOG & LAND LLC,2026-09-24,DOMESTIC LIMITED LIABILITY COMPANY,Madison,New York,Patricia Park,2242 Reservoir Rd,,New Woodstock,NY,13122
8029779,KMSI CORPORATION,2026-09-24,DOMESTIC BUSINESS CORPORATION,Queens,New York,KMSI CORPORATION,6548 79TH PL,,Middle Village,NY,11379
8029782,"ASCENT AI, LLC",2026-09-24,DOMESTIC LIMITED LIABILITY COMPANY,Onondaga,New York,Aaron Santangelo,5963 darby rd,,cicero,NY,13039
8029783,RM OPCO LLC,2026-09-24,DOMESTIC LIMITED LIABILITY COMPANY,Albany,New York,RM OPCO LLC,463 7th Avenue,,New York,NY,10018
8029786,BUFFALO CRAFTLAB LLC,2026-09-24,DOMESTIC LIMITED LIABILITY COMPANY,Erie,New York,Buffalo CraftLab LLC,128 Mildred Drive,,Buffalo,NY,14225
8029787,M&G POWER GROUP INC.,2026-09-24,DOMESTIC BUSINESS CORPORATION,Suffolk,New York,M&G POWER GROUP INC.,1040 W Jericho Tpke,,Smithtown,NY,11787
8029788,TRENDY TOY HOUSE LLC,2026-09-24,DOMESTIC LIMITED LIABILITY COMPANY,Albany,New York,TRENDY TOY HOUSE LLC,1 CROSSGATES MALL RD,,ALBANY,NY,12203
8029789,MDS MOBILE FORKS AND MORE LLC,2026-09-24,DOMESTIC LIMITED LIABILITY COMPANY,Onondaga,New York,Matthew Schwarz,1017 State Route 80,,Tully,NY,13159
8029790,W29SS LLC,2026-09-24,DOMESTIC LIMITED LIABILITY COMPANY,New York,New York,SAIF SUMAIDA,520 WEST 27TH ST STE 302,,NEW YORK,NY,10001
8029791,DJM HAULING LLC,2026-09-24,DOMESTIC LIMITED LIABILITY COMPANY,Rensselaer,New York,DJM HAULING LLC,89 Hunt Rd,,Buskirk,NY,12028
8029795,KSK CART LLC,2026-09-24,DOMESTIC LIMITED LIABILITY COMPANY,Nassau,New York,PRATIMA TRIPATHI,3097 EASTERN PARKWAY,,BALDWIN HARBOR,NY,11510
8029796,BALLROOM GIRL TALK LLC,2026-09-24,DOMESTIC LIMITED LIABILITY COMPANY,Suffolk,New York,BALLROOM GIRL TALK LLC,PO Box 44,,Holbrook,NY,11741
8029797,BRIGHTCRAFT SYSTEMS INC.,2026-09-24,DOMESTIC BUSINESS CORPORATION,Richmond,New York,IURY IGNATOV,302 MAYBURY AVENUE,UNIT 2,STATEN ISLAND,NY,10308
8029798,SEAMAR SERVICES LLC,2026-09-24,DOMESTIC LIMITED LIABILITY COMPANY,Nassau,New York,SEAMAR SERVICES LLC,10 LAUREL DRIVE,E49,MINEOLA,NY,11501
8029800,CLEVELAND LIQUORS CORP.,2026-09-24,DOMESTIC BUSINESS CORPORATION,Kings,New York,CLEVELAND LIQUORS CORP.,2957 FULTON STREET,,BROOKLYN,NY,11207
8029803,SLEEPOVER AT KENZIE'S LLC,2026-09-24,DOMESTIC LIMITED LIABILITY COMPANY,Suffolk,New York,Mackenzie Tombline,51 Bethany Dr.,,Commack,NY,11725
8029804,"SHEETSA, LLC",2026-09-24,DOMESTIC LIMITED LIABILITY COMPANY,Albany,New York,Sheetsa,517 74th Street,210,North Bergen,NJ,07047
8029805,INTO THE MIXX INC.,2026-09-24,DOMESTIC BUSINESS CORPORATION,Bronx,New York,Shane Gibbs,225 E 149th Street Apt 12G,,Bronx,NY,10451
8029806,TONY COVEY PHOTOGRAPHY LLC,2026-09-24,DOMESTIC LIMITED LIABILITY COMPANY,Saratoga,New York,Anthony Covey,46 Berkeley Way,,Saratoga Springs,NY,12866
8029807,TINY FARM KITCHEN LLC,2026-09-24,DOMESTIC LIMITED LIABILITY COMPANY,Dutchess,New York,THE LLC C/O BETTER BUSINESS BUDDIES,6565 Spring Brook Ave,"Suite 8, Unit 302",Rhinebeck,NY,12572
8029808,527 WILLOUGHBY LLC,2026-09-24,DOMESTIC LIMITED LIABILITY COMPANY,Kings,New York,527 Willoughby LLC,134 STOCKTON ST,,BROOKLYN,NY,11206
8029809,GRIDLINE INTERIORS INC.,2026-09-24,DOMESTIC BUSINESS CORPORATION,Westchester,New York,Gridline Interiors Inc.,614 Midland Avenue,,Yonkers,NY,10704
8029810,ASLM PROPERTIES LLC,2026-09-24,DOMESTIC LIMITED LIABILITY COMPANY,Westchester,New York,ZENBUSINESS INC.,41 STATE STREET,SUITE 112,ALBANY,NY,12207
8029811,6050 RIVERDALE AVENUE LLC,2026-09-24,DOMESTIC LIMITED LIABILITY COMPANY,Bronx,New York,USMAN HABIB,6050 RIVERDALE AVENUE,,BRONX,NY,10471
8029812,TWIN RIDGE LAND COMPANY LLC,2026-09-24,DOMESTIC LIMITED LIABILITY COMPANY,Broome,New York,Twin Ridge Land Company LLC,1244 Tower Rd,,Susquehanna,PA,18847
8029813,5TH BORO ENTERPRISES LLC,2026-09-24,DOMESTIC LIMITED LIABILITY COMPANY,Richmond,New York,James Mercuris,134 Great Kills Rd,,New York,NY,10308
8029814,S SQUARED JUNK REMOVAL LLC,2026-09-24,DOMESTIC LIMITED LIABILITY COMPANY,Saratoga,New York,Shaun McQuiston,192 South Main St,,Mechanicville,NY,12118
8029815,TURN OVER CLEANING & MOVING SERVICES LLC,2026-09-24,DOMESTIC LIMITED LIABILITY COMPANY,Kings,New York,Shawn Cumberbatch,515 Milford Street,Apt 3,Brooklyn,NY,11208
8029816,258 RAWLINSON LLC,2026-09-24,DOMESTIC LIMITED LIABILITY COMPANY,Monroe,New York,258 Rawlinson LLC,105 Scotch Lane,,Rochester,NY,14617
8029817,MIDDLETOWN BODEGA CORP.,2026-09-24,DOMESTIC BUSINESS CORPORATION,Bronx,New York,MIDDLETOWN BODEGA CORP,2955 MIDDLETOWN RD,,BRONX,NY,10461
8029818,RALPH'S ELECTRONICS 2 INC.,2026-09-24,DOMESTIC BUSINESS CORPORATION,Kings,New York,RALPH'S ELECTRONICS 2 INC.,2166 E 12TH ST APT 1,,BROOKLYN,NY,11229
8029819,RHYTHM REPLAY LLC,2026-09-24,DOMESTIC LIMITED LIABILITY COMPANY,Albany,New York,NORTHWEST REGISTERED AGENT LLC,418 BROADWAY,STE N,ALBANY,NY,12207
8029820,RANASAAB LLC,2026-09-24,DOMESTIC LIMITED LIABILITY COMPANY,Albany,New York,UMER PERVAIZ,944 NEWKIRK AVE #3R,,BROOKLYN,NY,11230
8029821,"CATS 578 3RD AVENUE, LLC",2026-09-24,DOMESTIC LIMITED LIABILITY COMPANY,Albany,New York,"CATS 578 3rd Avenue, LLC",800 Third Avenue,5th Floor,New York,NY,10022
8029822,MAJ HOSPITALITY LLC,2026-09-24,DOMESTIC LIMITED LIABILITY COMPANY,Nassau,New York,MAJ HOSPITALITY LLC,4 Blue Sea Ln,,Kings Point,NY,11024
8029824,TOPPING RESIDENCES LLC,2026-09-24,DOMESTIC LIMITED LIABILITY COMPANY,Albany,New York,Amparito R. Chavez,24 Rover Lane,,Hicksville,NY,11801
8029827,KAFFI LLC,2026-09-24,DOMESTIC LIMITED LIABILITY COMPANY,Columbia,New York,Kristin Haraldsdottir,41 Frese Rd.,,Hudson,NY,12534
8029828,BROOKFIELD DEVELOPMENT TEAM LLC,2026-09-24,DOMESTIC LIMITED LIABILITY COMPANY,Montgomery,New York,BROOKFIELD DEVELOPMENT TEAM LLC,1385 Point Road,,Broadalbin,NY,12025
8029830,PUNALU'U RENTALS LLC,2026-09-24,DOMESTIC LIMITED LIABILITY COMPANY,Albany,New York,NORTHWEST REGISTERED AGENT LLC,418 BROADWAY,STE N,ALBANY,NY,12207
8029831,THOMAS KITCHEN NEEDS LIMITED LIABILITY COMPANY,2026-09-24,DOMESTIC LIMITED LIABILITY COMPANY,Erie,New York,"LEGALCORP SOLUTIONS, LLC",11 BROADWAY,SUITE 615,NEW YORK CITY,NY,10004
8029832,PURPLE PETAL LLC,2026-09-24,DOMESTIC LIMITED LIABILITY COMPANY,Albany,New York,NORTHWEST REGISTERED AGENT LLC,418 BROADWAY,STE N,ALBANY,NY,12207
8029833,"004RJRH, CORP.",2026-09-24,DOMESTIC BUSINESS CORPORATION,New York,New York,"004RJRH, CORP.",200 NORTH END AVE #18A,,NEW YORK,NY,10282
8029834,HEIGHTS COTTAGES LLC,2026-09-24,DOMESTIC LIMITED LIABILITY COMPANY,Orange,New York,HEIGHTS COTTAGES LLC,PO Box 745,,harriman,NY,10950
8029837,LIST MANAGEMENT GROUP LLC,2026-09-24,DOMESTIC LIMITED LIABILITY COMPANY,Orange,New York,List Management Group LLC,25 Mountain Rd. Unit 011,,Monroe,NY,10950
8029838,DANNY BOY FOOD SERVICE INC.,2026-09-24,DOMESTIC BUSINESS CORPORATION,Suffolk,New York,DANNY BOY FOOD SERVICE INC.,176 North Country Road,,Mount Sinai,NY,11776
8029839,RAE REALTY GROUP LLC,2026-09-24,DOMESTIC LIMITED LIABILITY COMPANY,Nassau,New York,RAE REALTY GROUP LLC,27 MAGNOLIA AVE,,ROSLYN HEIGHTS,NY,11577
8029840,LIOR OPERATIONS LLC,2026-09-24,DOMESTIC LIMITED LIABILITY COMPANY,Kings,New York,Lior Operartions LLC,Attn: Jennie Landsman,2920 Ave R Suite 327,Brooklyn NY,NY,11229
8029841,CLOTHESPIN LAUNDRY & DRY CLEANING INC.,2026-09-24,DOMESTIC BUSINESS CORPORATION,Columbia,New York,Clothespin Laundry &amp; Dry Cleaning Inc.,1048 Kinderhook St,,Valatie,NY,12184
8029843,WALTSON CONSTRUCTION LLC,2026-09-24,DOMESTIC LIMITED LIABILITY COMPANY,Albany,New York,Edison Andrade Guzman,11 Cherrywood Drive,,Milford,CT,06461
8029844,MOTA TRANSPORT LLC,2026-09-24,DOMESTIC LIMITED LIABILITY COMPANY,Bronx,New York,MOTA TRANSPORT LLC,"1421 University Ave, 1B",,Bronx,NY,10452
8029845,SHALIMAR OF RENSSELAER INC.,2026-09-24,DOMESTIC BUSINESS CORPORATION,Rensselaer,New York,Zubair F Rahman,21 Momrow Ct,,Menands,NY,12204
8029847,ON POINT LOGISTICS GROUP CORP.,2026-09-24,DOMESTIC BUSINESS CORPORATION,Queens,New York,ON POINT LOGISTICS GROUP CORP.,1978 77TH STREET,APT 2,EAST ELMHURST,NY,11370
8029848,WSG SANCTUARY MANAGER LLC,2026-09-24,DOMESTIC LIMITED LIABILITY COMPANY,Albany,New York,WSG SANCTUARY MANAGER LLC,2250 59TH STREET,,BROOKLYN,NY,11204
8029849,TAQWA DEVELOPERS EAST LLC,2026-09-24,DOMESTIC LIMITED LIABILITY COMPANY,Westchester,New York,TAQWA DEVELOPERS EAST LLC,10 W Main St,,Elmsford,NY,10523
8029851,NISSI ELITE CLEANING LLC,2026-09-24,DOMESTIC LIMITED LIABILITY COMPANY,New York,New York,Nissi Elite Cleaning LLC,607 warwick st,,brooklyn,NY,11207
8029852,BARTHOLDI LLC,2026-09-24,DOMESTIC LIMITED LIABILITY COMPANY,Albany,New York,BARTHOLDI LLC,174 5th Avenue,Suite 603,New York,NY,10010
8029854,OSA GROUP LLC,2026-09-24,DOMESTIC LIMITED LIABILITY COMPANY,Queens,New York,Samanta Baboolall-Aracena,188 hendrix street,,brooklyn,NY,11207
8029855,15 LAWRENCE ST LLC,2026-09-24,DOMESTIC LIMITED LIABILITY COMPANY,Suffolk,New York,David Ngai,38 Glen Way,,Cold Spring Harbor,NY,11724
8029856,1475 YH LLC,2026-09-24,DOMESTIC LIMITED LIABILITY COMPANY,Nassau,New York,1475 YH LLC,"10 BOND STREET, #510",,GREAT NECK,NY,11021
8029857,GIDEON HOME GROUP LLC,2026-09-24,DOMESTIC LIMITED LIABILITY COMPANY,Dutchess,New York,GIDEON HOME GROUP LLC,11 Taconic St,,Poughkeepsie,NY,12603
8029858,ELEVATED CONCIERGE CARE LLC,2026-09-24,DOMESTIC LIMITED LIABILITY COMPANY,Erie,New York,Elevated Concierge Care LLC,50 Fountain Plaza,Suite 1400,Buffalo,NY,14202
8029859,"UNITED GLOBAL PS, LLC",2026-09-24,DOMESTIC LIMITED LIABILITY COMPANY,Albany,New York,1843 Central Avenue,Ste 114,,Albany,NY,12205
8029860,TACO BIRRIA GUERRERO CORP.,2026-09-24,DOMESTIC BUSINESS CORPORATION,Bronx,New York,C/O Floriberta Carrasco Basurto,890 MORRIS AVENUE,,BRONX,NY,10451
8029863,141 WAVERLY PATCHOGUE LLC,2026-09-24,DOMESTIC LIMITED LIABILITY COMPANY,Suffolk,New York,141 WAVERLY PATCHOGUE LLC,141 Waverly Ave,,Patchogue,NY,11772
8029864,119 WILLIAMS LLC,2026-09-24,DOMESTIC LIMITED LIABILITY COMPANY,Rockland,New York,119 Williams LLC,11 B Harrison Ave,,Spring Valley,NY,10977
8029865,GRAY HVAC CO LLC,2026-09-24,DOMESTIC LIMITED LIABILITY COMPANY,Queens,New York,GRAY HVAC Co,7151 71st PL,Apt 4,Glendale,NY,11385
8029866,YIKANG LLC,2026-09-24,DOMESTIC LIMITED LIABILITY COMPANY,Nassau,New York,YIKANG LLC,355 E SHORE RD,,GREAT NECK,NY,11023
8029867,AVDHUT 18-20 LLC,2026-09-24,DOMESTIC LIMITED LIABILITY COMPANY,Sullivan,New York,AVDHUT 18-20 LLC,PO BOX 9042,,BARDONIA,NY,10954
8029868,SILVERBRIDGE HOMES LTD.,2026-09-24,DOMESTIC BUSINESS CORPORATION,Rockland,New York,SILVERBRIDGE HOMES LTD.,58 GRIFFITH PLACE,,PEARL RIVER,NY,10965
8029870,2181 LIVING LLC,2026-09-24,DOMESTIC LIMITED LIABILITY COMPANY,New York,New York,FILE RIGHT LLC,1425 37TH STREET,SUITE 201,BROOKLYN,NY,11218
8029871,ERI & RO APPAREL LLC,2026-09-24,DOMESTIC LIMITED LIABILITY COMPANY,Kings,New York,ERI & RO APPAREL LLC,45 Main St Ste 240 #495186,,Brooklyn,NY,11201
8029872,"GREENWAY PROPERTY MAINTENANCE, INC.",2026-09-24,DOMESTIC BUSINESS CORPORATION,Nassau,New York,"GREENWAY PROPERTY MAINTENANCE, INC.",72 BERKSHIRE ROAD,,BETHPAGE,NY,11714
8029873,AXEL VENTURES CAPITAL LLC,2026-09-24,DOMESTIC LIMITED LIABILITY COMPANY,Albany,New York,NORTHWEST REGISTERED AGENT LLC,418 BROADWAY,STE N,ALBANY,NY,12207
8029874,10136 110 ST LLC,2026-09-24,DOMESTIC LIMITED LIABILITY COMPANY,Queens,New York,10136 110 ST LLC,12007 84 Ave,,Kew Gardens,NY,11415
8029876,ALVAREZ CAR SERVICE INC.,2026-09-24,DOMESTIC BUSINESS CORPORATION,Rockland,New York,ALVAREZ CAR SERVICE INC.,"44 BETHUNE BOULEVARD, #202",,SPRING VALLEY,NY,10977
8029877,WLMAC HOLDING LLC,2026-09-24,DOMESTIC LIMITED LIABILITY COMPANY,New York,New York,FILE RIGHT LLC,1425 37TH STREET,SUITE 201,BROOKLYN,NY,11218
8029878,ESQUIRE FOOTWEAR BRANDS CHILDREN'S LLC,2026-09-24,DOMESTIC LIMITED LIABILITY COMPANY,Albany,New York,ESQUIRE FOOTWEAR BRANDS CHILDREN'S LLC,"385 5th Avenue, 2nd Floor",,New York,NY,10016
8029879,395 AVE X LLC,2026-09-24,DOMESTIC LIMITED LIABILITY COMPANY,Kings,New York,395 AVE X LLC,395 AVE. X,,BROOKLYN,NY,11223
8029880,3 SILVER MAPLE LLC,2026-09-24,DOMESTIC LIMITED LIABILITY COMPANY,Erie,New York,3 SILVER MAPLE LLC,1580 Genesee Street,,Buffalo,NY,14211
8029881,SH ENTITIES NY INC.,2026-09-24,DOMESTIC BUSINESS CORPORATION,Rockland,New York,SH Entities NY Inc.,8 Birch St,,Airmont,NY,10952
8029882,SOOZ WORKS LLC,2026-09-24,DOMESTIC LIMITED LIABILITY COMPANY,Richmond,New York,Hong Wu,7 Navy Pier Ct,Unit 3037,Staten Island,NY,10304
8029884,"WHOLEGEMS, INC.",2026-09-24,DOMESTIC BUSINESS CORPORATION,Queens,New York,Anderson Registered Agents,"7014 13th Avenue, Suite 210",,Brooklyn,NY,11228
8029885,"MASON GC & DEVELOPMENT, INC.",2026-09-24,DOMESTIC BUSINESS CORPORATION,New York,New York,"MASON GC & DEVELOPMENT, INC.",2120 CHAGALL CIRCLE,,WEST PALM BEACH,FL,33409
8029886,CRISPY EMPIRE INC.,2026-09-24,DOMESTIC BUSINESS CORPORATION,Queens,New York,CRISPY EMPIRE INC.,118-17 97TH AVE,,S RICHMOND HILL,NY,11419
8029887,MAKEN EXPRESS LLC,2026-09-24,DOMESTIC LIMITED LIABILITY COMPANY,Westchester,New York,ODILUS PIERRE,34 Overlook Street,,Mount Vernon,NY,10552
8029888,RJ RAB24 LLC,2026-09-24,DOMESTIC LIMITED LIABILITY COMPANY,Nassau,New York,RJ RAB24 LLC,"200 SUNRISE HWY, 3RD FLOOR",,ROCKVILLE CENTRE,NY,11570
8029889,"JOSE SERVICES NY, INC.",2026-09-24,DOMESTIC BUSINESS CORPORATION,New York,New York,"JOSE SERVICES NY, INC.",460 W 147TH ST.,APT. 23,NEW YORK,NY,10031
8029890,SINGH ELITE LIMO INC.,2026-09-24,DOMESTIC BUSINESS CORPORATION,Nassau,New York,GURPREET SINGH,1355 ROSSER AVE,,ELMONT,NY,11003
8029892,D.R.S.S INC.,2026-09-24,DOMESTIC BUSINESS CORPORATION,New York,New York,D.R.S.S INC,14411 97TH AVE,,JAMAICA,NY,11435
8029893,FRESH MEADOWS ICE CREAM LLC,2026-09-24,DOMESTIC LIMITED LIABILITY COMPANY,Queens,New York,FRESH MEADOWS ICE CREAM LLC,218-28 99TH AVENUE,,QUEENS VILLAGE,NY,11429
8029894,"ZADEKHAN, LLC",2026-09-24,DOMESTIC LIMITED LIABILITY COMPANY,Suffolk,New York,"REGISTERED AGENT SOLUTIONS, INC.",99 WASHINGTON AVENUE,SUITE 700,ALBANY,NY,12260
8029898,210 POTATOE FIELD LANE LLC,2026-09-24,DOMESTIC LIMITED LIABILITY COMPANY,Suffolk,New York,"REGISTERED AGENT SOLUTIONS, INC.",99 WASHINGTON AVENUE,SUITE 700,ALBANY,NY,12260
8029899,BLUE COLLAR AI CONSULTANTS LLC,2026-09-24,DOMESTIC LIMITED LIABILITY COMPANY,Richmond,New York,BLUE COLLAR AI CONSULTANTS LLC,166 Industrial Loop Bay 3,,Staten Island,NY,10309
8029901,121-20 238TH STREET INCORPORATED,2026-09-24,DOMESTIC BUSINESS CORPORATION,Queens,New York,CLAYTON ALLWOOD,70 SUNRISE HIGHWAY,,VALLEY STREAM,NY,11581
8029902,DARIANNY AGENCY INC.,2026-09-24,DOMESTIC BUSINESS CORPORATION,Westchester,New York,DARIANNY INSURANCE AGENCY INC,1565 Park St,Apt C,Peekskill,NY,10566
8029903,MEDI INVESTOR LLC,2026-09-24,DOMESTIC LIMITED LIABILITY COMPANY,Nassau,New York,MEDI INVESTOR LLC,61 Willets Dr,,Syosset,NY,11791
8029904,SSYW LLC,2026-09-24,DOMESTIC LIMITED LIABILITY COMPANY,Albany,New York,SSYW LLC,6106 43RD AVENUE,,WOODSIDE,NY,11374
8029905,15 HILLTOP LLC,2026-09-24,DOMESTIC LIMITED LIABILITY COMPANY,Erie,New York,15 HILLTOP LLC,1580 Genesee Street,,Buffalo,NY,14211
8029906,H2OSPY INCORPORATED,2026-09-24,DOMESTIC BUSINESS CORPORATION,Suffolk,New York,Mark Shmidt,3 Stuart Ct,,Huntington Station,NY,11746
8029909,HOLLY APP LLC,2026-09-24,DOMESTIC LIMITED LIABILITY COMPANY,Albany,New York,NORTHWEST REGISTERED AGENT LLC,418 BROADWAY,STE N,ALBANY,NY,12207
8029910,"NY WAWAYANDA I, LLC",2026-09-24,DOMESTIC LIMITED LIABILITY COMPANY,Sullivan,New York,"Mongaup River Solar, LLC",PO Box 384,,Callicoon,NY,12723
8029912,RICKY 30-42 LLC,2026-09-24,DOMESTIC LIMITED LIABILITY COMPANY,Queens,New York,RICKY 30-42 LLC,30-42 83RD ST,,EAST ELMHURST,NY,11370
8029913,AWARDCARE EQUIPMENT INC.,2026-09-24,DOMESTIC BUSINESS CORPORATION,Kings,New York,AWARDCARE EQUIPMENT INC.,"1414 SHEEPSHEAD BAY, SUITE 109",,BROOKLYN,NY,11235
8029915,"PINE LAKE COTTAGE, LLC",2026-09-24,DOMESTIC LIMITED LIABILITY COMPANY,Ontario,New York,"PINE LAKE COTTAGE, LLC",336 NORTH MAIN STREET,,CANANDAIGUA,NY,14424
8029916,19 ECS LLC,2026-09-24,DOMESTIC LIMITED LIABILITY COMPANY,New York,New York,Benjamin Mandel,29 Ravenna Drive,,Pomona,NY,10970
8029917,FLOUR CITY 585 GROUP LLC,2026-09-24,DOMESTIC LIMITED LIABILITY COMPANY,Monroe,New York,Jean Absence,53 Evangeline,,Rochester,NY,14619
8029918,SOUTHSIDE DISCOUNT LIQUORS INC.,2026-09-24,DOMESTIC BUSINESS CORPORATION,Queens,New York,SOUTHSIDE DISCOUNT LIQUORS INC.,156-20 Tuskegee Airmen Way,,Jamaica,NY,11433
8029919,HAMILTON 126TH LLC,2026-09-24,DOMESTIC LIMITED LIABILITY COMPANY,Nassau,New York,HAMILTON 126TH LLC,122 Longworth Ave,,Woodmere,NY,11598
8029921,121-20 238TH STREET ROSEDALE INCORPORATED,2026-09-24,DOMESTIC BUSINESS CORPORATION,Queens,New York,CLAYTON ALLWOOD,70 SUNRISE HIGHWAY,,VALLEY STREAM,NY,11581
8029922,NUVO FABRICATION & DESIGN LLC,2026-09-24,DOMESTIC LIMITED LIABILITY COMPANY,Ulster,New York,NUVO FABRICATION & DESIGN LLC,98 MAIN ST,,SAUGERTIES,NY,12477
8029924,EVERETT'S SURPLUS LLC,2026-09-24,DOMESTIC LIMITED LIABILITY COMPANY,Westchester,New York,Borys Wasik,179 Beechwood Ave,,Mt Vernon,NY,10553
8029926,ATTACHMENT STYLES LLC,2026-09-24,DOMESTIC LIMITED LIABILITY COMPANY,Kings,New York,c/o The LLC,800 Poland Avenue,,New Orleans,LA,70117
8029927,"JB CONSTRUCTION SVC, LLC",2026-09-24,DOMESTIC LIMITED LIABILITY COMPANY,Chautauqua,New York,"JB Construction Svc, LLC",2059 Wait Corners Road,,Panama,NY,14767
8029928,BLOOM EVENT DESIGN INC.,2026-09-24,DOMESTIC BUSINESS CORPORATION,Kings,New York,Bloom Event Design Inc.,1823 Avenue W,,Brooklyn,NY,11229
8029930,ROOTED KIN HOLDINGS LLC,2026-09-24,DOMESTIC LIMITED LIABILITY COMPANY,Onondaga,New York,Rooted Kin Holdings LLC,4205 Long Branch Rd Suite 3,,Liverpool,NY,13090
8029931,ALEJANDRA & FREDY NAIL SPA NY CORP.,2026-09-24,DOMESTIC BUSINESS CORPORATION,Queens,New York,FREDY E AQUINO,82-08 ROOSEVELT AVENUE,,JACKSON HEIGHTS,NY,11372
8029932,SCULPUBBLE INC.,2026-09-24,DOMESTIC BUSINESS CORPORATION,Queens,New York,Sculpubble Inc.,1040 45th Ave 3F,,Long Island City,NY,11101
8029934,M&KMALHAN INC.,2026-09-24,DOMESTIC BUSINESS CORPORATION,Nassau,New York,Kiranveer Kaur Lally,20 Irving St,,Valley Stream,NY,11580
8029937,LAUNDRYBEE 108 LLC,2026-09-24,DOMESTIC LIMITED LIABILITY COMPANY,Queens,New York,LAUNDRYBEE 108 LLC,22111 Kingsbury Ave,,Oakland Gardens,NY,11364
8029938,PARRIS INTERNATIONAL ENTERPRISES INC.,2026-09-24,DOMESTIC BUSINESS CORPORATION,Nassau,New York,NIGEL SOLOMON USA LLC.,24214 MERRICK BLVD.,,QUEENS,NY,11422
8029939,JK VILLAGE NAILS INC.,2026-09-24,DOMESTIC BUSINESS CORPORATION,Nassau,New York,JK VILLAGE NAILS INC.,214 GLEN COVE AVE SUITE L,,GLEN COVE,NY,11542
8029940,3620 BURGER SPOT INC.,2026-09-24,DOMESTIC BUSINESS CORPORATION,Queens,New York,3620 Burger Spot Inc.,36-20 30th Ave,,Astoria,NY,11106
8029942,"JP TABLE & COMPANY, INC.",2026-09-24,DOMESTIC BUSINESS CORPORATION,Suffolk,New York,Jacqueline Pacheco,28 Pinelawn Ave,,Farmingville,NY,117382049
8029944,JGJH HOLDINGS LLC,2026-09-24,DOMESTIC LIMITED LIABILITY COMPANY,Rockland,New York,JGJH HOLDINGS LLC,3 HENRY COURT,,MONTEBELLO,NY,10901
8029945,BUFFALO MELT GROUP LLC,2026-09-24,DOMESTIC LIMITED LIABILITY COMPANY,Erie,New York,BUFFALO MELT GROUP LLC,86 Stewart Ave,,Buffalo,NY,14211
8029946,"BLUEBERRY OUTLOOK, LLC",2026-09-24,DOMESTIC LIMITED LIABILITY COMPANY,Albany,New York,REGISTERED AGENTS INC.,418 BROADWAY,STE R,ALBANY,NY,12207
8029947,DD N 6TH ST LLC,2026-09-24,DOMESTIC LIMITED LIABILITY COMPANY,Nassau,New York,DD N 6TH ST LLC,175 COMMUNITY DRIVE,SUITE 126,GREAT NECK,NY,11021
8029949,4 ROGER LLC,2026-09-24,DOMESTIC LIMITED LIABILITY COMPANY,Albany,New York,4 ROGER LLC,815 University Street,,Valley Stream,NY,11581
8029950,HS CLEANER SPACES CORP.,2026-09-24,DOMESTIC BUSINESS CORPORATION,Queens,New York,HS CLEANER SPACES CORP.,95-01 ROOSEVELT AVE,,JACKSON HEIGHTS,NY,11372
8029952,"96 YELLOW, LLC",2026-09-24,DOMESTIC LIMITED LIABILITY COMPANY,Suffolk,New York,The Company,4 Carol Ann Ct,,West Islip,NY,11795
8029955,WISEASSETS LLC,2026-09-24,DOMESTIC LIMITED LIABILITY COMPANY,Kings,New York,WISEASSETS LLC,250 Decatur St,,Brooklyn,NY,11233
8029956,ADG INDEPENDENT LLC,2026-09-24,DOMESTIC LIMITED LIABILITY COMPANY,Queens,New York,ADG INDEPENDENT LLC,119-09 89 Ave,,Richmond Hill,NY,11418
8029957,JUGGERNAUT HOLDINGS LLC,2026-09-24,DOMESTIC LIMITED LIABILITY COMPANY,Steuben,New York,Westfall Law PLLC,238 West Division Street,,Syracuse,NY,13204
8029958,M&A RIDGE RD LLC,2026-09-24,DOMESTIC LIMITED LIABILITY COMPANY,Westchester,New York,M&A RIDGE RD LLC,41 Ridge Road,,DOBBS FERRY,NY,10522
8029959,"94 BLUE, LLC",2026-09-24,DOMESTIC LIMITED LIABILITY COMPANY,Suffolk,New York,The Company,4 Carol Ann Ct.,,West Islip,NY,11795
8029960,789 HENDRIX STREET CORP.,2026-09-24,DOMESTIC BUSINESS CORPORATION,Kings,New York,Officer,789 Hendrix Street,,Brooklyn,NY,11207
8029961,NEW RASPBERRY FARM INC.,2026-09-24,DOMESTIC BUSINESS CORPORATION,Queens,New York,"JUN CHAO ZHANG, HANG CHEN",1423 144TH PL,,WHITESTONE,NY,11357
8029962,OPTIMAZING LLC,2026-09-24,DOMESTIC LIMITED LIABILITY COMPANY,Queens,New York,Optimazing LLC,28-40 Jackson Ave,Apt 15e,Long Island City,NY,11101
8029964,SARA RIVKY WIGS INC.,2026-09-24,DOMESTIC BUSINESS CORPORATION,Kings,New York,sara rivky wigs Inc.,1258 41st.,,Brooklyn,NY,11218
8029965,CLEANX CHESTER LLC,2026-09-24,DOMESTIC LIMITED LIABILITY COMPANY,Sullivan,New York,ABHISHEK R PATEL,270 ROCK HILL DR,,ROCK HILL,NY,12775
8029967,CHAOS & COCKTAILS LLC,2026-09-24,DOMESTIC LIMITED LIABILITY COMPANY,Westchester,New York,Kimberly DiMarino,126 Marietta Ave,,Hawthorne,NY,10532
8029969,RED FOX STUDIOS LLC,2026-09-24,DOMESTIC LIMITED LIABILITY COMPANY,Albany,New York,NORTHWEST REGISTERED AGENT LLC,418 BROADWAY,STE N,ALBANY,NY,12207
8029970,HYPPOLITE AND CO. LLC,2026-09-24,DOMESTIC LIMITED LIABILITY COMPANY,Rockland,New York,Vivian Hyppolite,80 Church Street,,Garnerville,NY,10923
8029971,TRAIN EM UP DOG TRAINING LLC,2026-09-24,DOMESTIC LIMITED LIABILITY COMPANY,Suffolk,New York,Entity Protect Registered Agent Services LLC,447 Broadway 2nd Fl. - #3000,,New York,NY,10013
8029973,GMS ON CENTER LLC,2026-09-24,DOMESTIC LIMITED LIABILITY COMPANY,Genesee,New York,GMS ON CENTER LLC,43 BATAVIA CITY CENTRE,,BATAVIA,NY,14020
8029974,"MONTGOMERY WHITNEY EAST, LLC",2026-09-24,DOMESTIC LIMITED LIABILITY COMPANY,Broome,New York,"Montgomery Whitney East, LLC",89 Robinson Street,,Binghamton,NY,13901
8029975,DIALEDIN HAUS LLC,2026-09-24,DOMESTIC LIMITED LIABILITY COMPANY,Bronx,New York,Tasawar Jahan,1835 Gleason ave,,Bronx,NY,10472
8029976,"THE SHAMON PICTURE COMPANY, LLC",2026-09-24,DOMESTIC LIMITED LIABILITY COMPANY,Kings,New York,"The Shamon Picture Company, LLC at",75 S Elliott Place,,Brooklyn,NY,11217
8029977,PROSPECT HAIR BROOKLYN LLC,2026-09-24,DOMESTIC LIMITED LIABILITY COMPANY,Albany,New York,PROSPECT HAIR BROOKLYN LLC,283 FLATBUSH AVE,,BROOKLYN,NY,11217
8029978,INNER CONNECTION BY KARLEE LLC,2026-09-24,DOMESTIC LIMITED LIABILITY COMPANY,Queens,New York,KARLEE M DEL RIO,3419 90TH ST APT A53,,JACKSON HEIGHTS,NY,11372
8029980,"CN PROPERTY GROUP, LLC",2026-09-24,DOMESTIC LIMITED LIABILITY COMPANY,Monroe,New York,Chet Timsina,28 Elmcrest Rise,,W. Henrietta,NY,14586
8029981,GTD COLLEX LLC,2026-09-24,DOMESTIC LIMITED LIABILITY COMPANY,Kings,New York,Jarod Edwards,568 East 79th Street 1st floor,,Brooklyn,NY,11236
8029982,KLEINMATIC MEDIA LLC,2026-09-24,DOMESTIC LIMITED LIABILITY COMPANY,Kings,New York,Scott Klein,1155 Ocean Avenue #6C,,Brooklyn,NY,11230
8029984,HAFA EXPRESS INC.,2026-09-24,DOMESTIC BUSINESS CORPORATION,Kings,New York,HAFIZ RASHIDOV,2624 AVENUE W,FL 1,BROOKLYN,NY,11229
8029985,1527-44 LLC,2026-09-24,DOMESTIC LIMITED LIABILITY COMPANY,Kings,New York,1527-44 LLC,1527 44TH STREET,,BROOKLYN,NY,11219
8029986,KINWELL TRADING INC.,2026-09-24,DOMESTIC BUSINESS CORPORATION,Queens,New York,DEFU ZHANG,4301 QUEENS ST,,LONG ISLAND CITY,NY,11101
8029987,PREMIER ACRES CORP.,2026-09-24,DOMESTIC BUSINESS CORPORATION,Genesee,New York,Mason,6609 Searls Road,,Byron,NY,14422
8029988,BRIGHTSTONE MANAGEMENT & CONSULTANT INC.,2026-09-24,DOMESTIC BUSINESS CORPORATION,Queens,New York,BrightStone Management & Consultant Inc.,8008 78th Ave,,Glendale,NY,11385
8029990,LA TABLE VIVANTE INC.,2026-09-24,DOMESTIC BUSINESS CORPORATION,Queens,New York,LA TABLE VIVANTE INC.,12 everitt place,,MAPLEWOOD,NJ,07040
8029991,LUXCUSTOMHAIR L.L.C.,2026-09-24,DOMESTIC LIMITED LIABILITY COMPANY,New York,New York,Entity Protect Registered Agent Services LLC,447 Broadway 2nd Fl. - #3000,,New York,NY,10013
8029992,MODEL ENTERPRISES US CORP.,2026-09-24,DOMESTIC BUSINESS CORPORATION,Broome,New York,MODEL ENTERPRISES US CORP.,66 2ND ST,FL 1,DEPOSIT,NY,13754
8029993,HUSEN MANAGEMENT CORP.,2026-09-24,DOMESTIC BUSINESS CORPORATION,Kings,New York,HUSEN BAHRIEV,1755 OCEAN PKWAY #C11,,BROOKLYN,NY,11223
8029994,1891 PARK AVE 2 LLC,2026-09-24,DOMESTIC LIMITED LIABILITY COMPANY,New York,New York,1891 PARK AVE 2 LLC,"157 east 86th street, ste 491",c/o benjamin murray cooley,NEW YORK,NY,10028
8029995,LODESTONE COMMODITIES LLC,2026-09-24,DOMESTIC LIMITED LIABILITY COMPANY,Albany,New York,NORTHWEST REGISTERED AGENT LLC,418 BROADWAY,STE N,ALBANY,NY,12207
8029996,"HERRINGBONE CAPITAL GROUP, LLC",2026-09-24,FOREIGN LIMITED LIABILITY COMPANY,New York,Delaware,CORPORATION SERVICE COMPANY,80 STATE STREET,,ALBANY,NY,122072543
8029997,"LICCANY, LLC",2026-09-24,DOMESTIC LIMITED LIABILITY COMPANY,Ulster,New York,"LICCANY, LLC",65 Firehouse Rd.,,Big Indian,NY,12410
8029999,FLIGHT YARD TROAMPOLINE ADVENTURE PARK INC.,2026-09-24,DOMESTIC BUSINESS CORPORATION,Richmond,New York,Flight Yard Troampoline Adventure Park Inc.,501 Industry Rd,,Staten Island,NY,10314
8030000,BINGHAMPTON 4 INC.,2026-09-24,DOMESTIC BUSINESS CORPORATION,Nassau,New York,BINGHAMPTON 4 INC.,82-04 264th St,,FLORAL PARK,NY,11004
8030001,BRUTUS SYSTEMS LLC,2026-09-24,DOMESTIC LIMITED LIABILITY COMPANY,Albany,New York,NORTHWEST REGISTERED AGENT LLC,418 BROADWAY,STE N,ALBANY,NY,12207
8030002,NANA NEWS STAND CORP.,2026-09-24,DOMESTIC BUSINESS CORPORATION,Kings,New York,NANA NEWS STAND CORP.,338 KNICKERBOCKER AVENUE,,BROOKLYN,NY,11237
8030003,275 NEASON LLC,2026-09-24,DOMESTIC LIMITED LIABILITY COMPANY,Chemung,New York,Diana Groglio,275 Neason Road,,Chemung,NY,14825
8030004,SANCHEZ INCOME TAX LLC,2026-09-24,DOMESTIC LIMITED LIABILITY COMPANY,Bronx,New York,BRAYAN DANIEL SANCHEZ RAMIREZ,2255 HAVILAND AVE APT H,,BRONX,NY,10462
8030005,QUANTUM YIELD CAPITAL INC.,2026-09-24,DOMESTIC BUSINESS CORPORATION,Rockland,New York,Legalinc Corporate Services Inc.,1967 Wehrle Drive Suite 1-086,,Buffalo,NY,14221
8030006,167 HARRISON PLACE MANAGEMENT LLC,2026-09-24,DOMESTIC LIMITED LIABILITY COMPANY,Kings,New York,THE COMPANY,4403 15th ave unit 103,,brooklyn,NY,11219
8030007,M & M NY GROCERY CORP.,2026-09-24,DOMESTIC BUSINESS CORPORATION,Kings,New York,M & M NY GROCERY CORP.,343 KNICKERBOCKER AVENUE,,BROOKLYN,NY,11237
8030008,625 GYM LLC,2026-09-24,DOMESTIC LIMITED LIABILITY COMPANY,Westchester,New York,625 GYM LLC,629 5th Avenue,,Pelham,NY,10803
8030009,MARTENSE LAUNDROMAT INC.,2026-09-24,DOMESTIC BUSINESS CORPORATION,Queens,New York,MARTENSE LAUNDROMAT INC.,101-07 Martense Avenue,,Corona,NY,11368
8030012,"S & S STORE, LLC",2026-09-24,DOMESTIC LIMITED LIABILITY COMPANY,Westchester,New York,Escarlis Cabrera,36 Courter Ave Apt 1,,Yonkers,NY,107054499
8030013,WECHE MEDIA LLC,2026-09-24,DOMESTIC LIMITED LIABILITY COMPANY,Orange,New York,COGENCY GLOBAL INC.,122 EAST 42ND STREET,18TH FLOOR,NEW YORK,NY,10168
8030014,INSPIRED DIY QUEEN LLC,2026-09-24,DOMESTIC LIMITED LIABILITY COMPANY,Queens,New York,HUI DAN QU,3809 MAIN ST,,FLUSHING,NY,11354
8030015,SURGEBRIGHT INC.,2026-09-24,FOREIGN BUSINESS CORPORATION,Saratoga,Colorado,"INCORP SERVICES, INC.",ONE COMMERCE PLAZA - 99 WASHINGTON AVE.,SUITE 805-A,ALBANY,NY,122102822
8030016,STENKIRI LLC,2026-09-24,DOMESTIC LIMITED LIABILITY COMPANY,Albany,New York,Northwest Registered Agent LLC,418 Broadway,STE N,Albany,NY,12207
8030017,FAMILY INFRASTRUCTURES LLC,2026-09-24,DOMESTIC LIMITED LIABILITY COMPANY,Orange,New York,FAMILY INFRASTRUCTURES LLC,2 BARBARA CT,,BALMVILLE,NY,12550
8030019,COGNISCRIPTS LLC,2026-09-24,DOMESTIC LIMITED LIABILITY COMPANY,Richmond,New York,Cogniscripts LLC,459 Sleight Avenue,,Staten Island,NY,10307
8030020,FOTM INC.,2026-09-24,DOMESTIC BUSINESS CORPORATION,Suffolk,New York,FOTM INC.,23 Peachtree Court,,Holtsville,NY,11742
8030021,BAYITHEALTH LLC,2026-09-24,FOREIGN LIMITED LIABILITY COMPANY,Rockland,New Jersey,BAYITHEALTH LLC,"50 CHESTNUT RIDGE ROAD, UNIT 130",,MONTVALE,NJ,07645
8030022,WILLA BEAUTY STUDIO LLC,2026-09-24,DOMESTIC LIMITED LIABILITY COMPANY,Queens,New York,Jasmine Wang,15035 60th Ave,,Flushing,NY,11355
8030023,LOVIE LIONS LLC,2026-09-24,DOMESTIC LIMITED LIABILITY COMPANY,Nassau,New York,Jacquelyn Bailey,7 Beechwood court,,Massapequa,NY,11758
8030024,302 HALLOCK LLC,2026-09-24,DOMESTIC LIMITED LIABILITY COMPANY,Suffolk,New York,302 HALLOCK LLC,302 HALLOCK AVENUE,,PORT JEFFERSON STATION,NY,11776
8030025,KILOTECH INC.,2026-09-24,DOMESTIC BUSINESS CORPORATION,Kings,New York,Kilotech Inc.,5724 7th Ave,Ste 2,Brooklyn,NY,11220
8030026,BH MECHANICAL & HVAC INC.,2026-09-24,DOMESTIC BUSINESS CORPORATION,Nassau,New York,BH MECHANICAL &amp; HVAC INC.,124 GROVE AVE,PO BOX 358,CEDARHURST,NY,11516
8030027,ALMAGD LLC,2026-09-24,DOMESTIC LIMITED LIABILITY COMPANY,Bronx,New York,ALMAGD LLC,3299 Cambridge Avenue #2B,,BRONX,NY,10463
8030028,57 LORIMER ST REALTY LLC,2026-09-24,DOMESTIC LIMITED LIABILITY COMPANY,Kings,New York,57 Lorimer St Realty LLC,1411 56TH ST,,BROOKLYN,NY,11219
8030029,"KIMDANDI, INC.",2026-09-24,DOMESTIC BUSINESS CORPORATION,Saratoga,New York,"Kimdandi, Inc.",131 Saratoga Ave,,South Glens Falls,NY,12803
8030030,"R3 MASONRY & CONSTRUCTION, LLC",2026-09-24,DOMESTIC LIMITED LIABILITY COMPANY,Monroe,New York,"R3 MASONRY & CONSTRUCTION, LLC",94 MEDALLION CIRCLE,,ROCHESTER,NY,14626
8030031,EVERWARM FUEL & HVAC LLC,2026-09-24,DOMESTIC LIMITED LIABILITY COMPANY,Westchester,New York,Rocket Corporate Services Inc.,2804 Gateway Oaks Dr. #100,,Sacramento,CA,95833
8030032,KITTTLES LLC,2026-09-24,DOMESTIC LIMITED LIABILITY COMPANY,Albany,New York,NORTHWEST REGISTERED AGENT LLC,418 BROADWAY,STE N,ALBANY,NY,12207
8030033,"AHANE CULLEN, LLC",2026-09-24,DOMESTIC LIMITED LIABILITY COMPANY,Suffolk,New York,Legalinc Corporate Services Inc.,1967 Wehrle Dr.,Ste 1 #086,Buffalo,NY,14221
8030034,ML PREMIER CLEANING SOLUTION LLC,2026-09-24,DOMESTIC LIMITED LIABILITY COMPANY,Kings,New York,ML PREMIER CLEANING SOLUTION LLC,282 BLEECKER ST,STE 2L,BROOKLYN,NY,11237
8030035,BIN BUDDY LLC,2026-09-24,DOMESTIC LIMITED LIABILITY COMPANY,Richmond,New York,yousef najjar,44 burton ct,,staten island,NY,10306
8030036,ACORN CAPITAL LLC,2026-09-24,DOMESTIC LIMITED LIABILITY COMPANY,Orange,New York,ACORN CAPITAL LLC,55 HUDSON POINTE,,MONROE,NY,10950
8030037,LIL LANTERNS LLC,2026-09-24,DOMESTIC LIMITED LIABILITY COMPANY,Albany,New York,NORTHWEST REGISTERED AGENT LLC,418 BROADWAY,STE N,ALBANY,NY,12207
8030038,MADE IN LONG ISLAND CITY COFFEE INC.,2026-09-24,DOMESTIC BUSINESS CORPORATION,Queens,New York,MADE IN LONG ISLAND CITY COFFEE INC.,"44 02 23RD STREET, APT 114A",,LONG ISLAND CITY,NY,11101
8030040,HOT TUB BOSS LLC,2026-09-24,DOMESTIC LIMITED LIABILITY COMPANY,Albany,New York,Hot Tub Boss,19 bartow street,,Catskill,NY,12414
8030041,1958 EAST 5TH STREET LLC,2026-09-24,DOMESTIC LIMITED LIABILITY COMPANY,Albany,New York,1958 EAST 5TH STREET LLC,1958 EAST 5TH STREET,,BROOKLYN,NY,11223
8030042,115 KINGSLAND FUNDING LLC,2026-09-24,DOMESTIC LIMITED LIABILITY COMPANY,Albany,New York,C/O Hirshmark Capital LLC,"1140 Broadway, Suite 304",,New York,NY,10001
8030043,ADARYN CREATIVE LLC,2026-09-24,DOMESTIC LIMITED LIABILITY COMPANY,Suffolk,New York,Adaryn Docherty,284 Sayville Blvd,,Sayville,NY,11782
8030044,"CJ PROFESSIONAL FITNESS, LLC",2026-09-24,DOMESTIC LIMITED LIABILITY COMPANY,Queens,New York,Jeff Paulissaint,162 Redfern St,,Trenton,NJ,08610
8030045,S KAHLON TRANSPORTATION INC.,2026-09-24,DOMESTIC BUSINESS CORPORATION,Suffolk,New York,SANTOKH S KAHLON,201 FRUITWOOD LANE,,CENTRAL ISLIP,NY,11722
8030046,OCEAN SANCTUARY MTK LLC,2026-09-24,DOMESTIC LIMITED LIABILITY COMPANY,Suffolk,New York,OCEAN SANCTUARY MTK LLC,11 Janes Lane,,Lloyd Harbor,NY,11743
8030048,123 AVENUE EQUITIES LLC,2026-09-24,DOMESTIC LIMITED LIABILITY COMPANY,New York,New York,c/o The Limited Liability Company,"505 West 43rd Street, Unit 10B",,New York,NY,10036
8030049,AR CONSTRUCTION AND WELDING LLC,2026-09-24,DOMESTIC LIMITED LIABILITY COMPANY,Bronx,New York,Armando Rivera,3300 palmer ave,apt 421,bronx,NY,10475
8030050,CAIRO AND SAMARKAND LLC,2026-09-24,DOMESTIC LIMITED LIABILITY COMPANY,Kings,New York,AHMED ABDRABOU,2480 W 1ST ST 2R,,BROOKLYN,NY,11223
8030051,TCG BOX LLC,2026-09-24,DOMESTIC LIMITED LIABILITY COMPANY,New York,New York,Eric Castro,91 Attorney St,5A,New York,NY,10002
8030052,443 SHANLEY LLC,2026-09-24,DOMESTIC LIMITED LIABILITY COMPANY,Erie,New York,443 SHANLEY LLC,23 Columbine Drive,,Williamsville,NY,14221
8030053,8 GEYSER PL CORP.,2026-09-24,DOMESTIC BUSINESS CORPORATION,Westchester,New York,8 GEYSER PL CORP.,8 GEYSER PL,,WHITE PLAINS,NY,10607
8030054,"ODDLLY, INC.",2026-09-24,DOMESTIC BUSINESS CORPORATION,New York,New York,"ODDLLY, INC.","2460 Lemoine Ave, Unit 302",,Fort Lee,NJ,07024
8030055,BETTER CALL SAUL LLC,2026-09-24,DOMESTIC LIMITED LIABILITY COMPANY,Orange,New York,ESAU CRUZ ORTIZ,97 FITZGERALD DR,APT 55D,MIDDLETOWN,NY,10940
8030056,MCS15 PROPERTIES LLC,2026-09-24,DOMESTIC LIMITED LIABILITY COMPANY,Monroe,New York,MCS15 PROPERTIES LLC,9346 Glidden Court,,Wellington,FL,33414
8030057,FLIPPA LLC,2026-09-24,DOMESTIC LIMITED LIABILITY COMPANY,Bronx,New York,FLIPPA LLC,751 Crotona Park N Apt 3D,,Bronx,NY,10457
8030058,PURE 101 LLC,2026-09-24,DOMESTIC LIMITED LIABILITY COMPANY,Erie,New York,PURE 101 LLC,14 Pendennis Pl,,Buffalo,NY,14225
8030059,FERREIRA ESTATE GROUP LLC,2026-09-24,DOMESTIC LIMITED LIABILITY COMPANY,Queens,New York,103-24 MARTENSE AVENUE,APT 1,,CORONA,NY,11368
8030060,C & D APPLIANCES PROS LLC,2026-09-24,DOMESTIC LIMITED LIABILITY COMPANY,Bronx,New York,669 CAULDWELL AVE,4C,,BRONX,NY,10455
8030061,FALAH ENTERPRISE LLC,2026-09-24,DOMESTIC LIMITED LIABILITY COMPANY,Queens,New York,Tufael Choudhury,124-15 89th ave,,Richmond hill,NY,11418
8030062,"716 PROJECT MANAGEMENT AND MEDIA SOLUTIONS, LLC",2026-09-24,DOMESTIC LIMITED LIABILITY COMPANY,Chautauqua,New York,"716 PROJECT MANAGEMENT AND MEDIA SOLUTIONS, LLC",5 Westwood Drive,,Jamestown,NY,14701
8030063,AI MOMS LLC,2026-09-24,DOMESTIC LIMITED LIABILITY COMPANY,Westchester,New York,AI Moms LLC,4 Fenbrook Drive,,Larchmont,NY,10538
8030066,MCCONE PROPERTIES LLC,2026-09-24,DOMESTIC LIMITED LIABILITY COMPANY,New York,New York,The Company c/o Rosenthal Law Corporation,"26500 West Agoura Rd, Ste 211",,Calabasas,CA,91302
8030067,KAUFMANDOTCOM INC.,2026-09-24,DOMESTIC BUSINESS CORPORATION,Rockland,New York,KAUFMANDOTCOM INC.,9 BERDICHEV WAY,,SPRING VALLEY,NY,10977
8030068,"VIBECODE, LLC",2026-09-24,DOMESTIC LIMITED LIABILITY COMPANY,New York,New York,Inc Authority RA,"42 Broadway, Fl. 12-200",,New York,NY,10004
8030070,NUTRIX ENTERPRISE LLC,2026-09-24,DOMESTIC LIMITED LIABILITY COMPANY,Bronx,New York,NUTRIX ENTERPRISE LLC,"2872 Valentine Ave, #1",,Bronx,NY,10458
8030071,"A.B.I. MUSIC PRODUCTION, LLC",2026-09-24,DOMESTIC LIMITED LIABILITY COMPANY,Livingston,New York,Jason Hunt,331 Park Pl.,,Caledonia,NY,14423
8030072,GUARDIANS MULTI SERVICES INC.,2026-09-24,DOMESTIC BUSINESS CORPORATION,Kings,New York,GUARDIANS MULTI SERVICES INC,72 MONTEROSE AVENUE,,BROOKLYN,NY,11206
8030073,THE BUILDUP TEAM INC.,2026-09-24,DOMESTIC BUSINESS CORPORATION,Orange,New York,THE BUILDUP TEAM INC.,19 KARLSBURG RD UNIT 011,,MONROE,NY,10950
8030074,SAFE HARBOR SERVICES INC.,2026-09-24,DOMESTIC BUSINESS CORPORATION,Queens,New York,TEJVEER SINGH WARAICH,94-02 116TH ST FLOOR 2,,SOUTH RICHMOND HILL,NY,11419
8030077,"FINK AI, INC.",2026-09-24,DOMESTIC BUSINESS CORPORATION,New York,New York,Law Offices of Ilona Finkelshteyn,1733 sheepshead bay rd,Suite 11,brooklyn,NY,11235
8030078,HOME FREEDOM COMPANION CARE LLC,2026-09-24,DOMESTIC LIMITED LIABILITY COMPANY,New York,New York,Ginel Jean Charles,242 west 122nd street,apt 4b,new york,NY,10027
8030080,TEMPO TAILS LLC,2026-09-24,DOMESTIC LIMITED LIABILITY COMPANY,Suffolk,New York,TEMPO TAILS LLC,63 Woodhollow Rd,,Great River,NY,11739
8030081,MALU AS 80TH LLC,2026-09-24,DOMESTIC LIMITED LIABILITY COMPANY,Kings,New York,SALINA LEE,275 DAHLGREN PL,,BROOKLYN,NY,11228
8030082,"KYNORE CUT SOCIETY, LLC",2026-09-24,DOMESTIC LIMITED LIABILITY COMPANY,Westchester,New York,"KYNORE CUT SOCIETY, LLC",60 Point St,2A,Yonkers,NY,10701
8030083,ABSTRACTIVE WEB LLC,2026-09-24,DOMESTIC LIMITED LIABILITY COMPANY,Albany,New York,ABSTRACTIVE WEB LLC,718 E 3rd St Basement,,Brooklyn,NY,11218
8030084,MARY DINAN DANCE COMPANY LLC,2026-09-24,DOMESTIC LIMITED LIABILITY COMPANY,Ontario,New York,Mary Dinan,67 Highland Ave.,,Geneva,NY,14456
8030085,JOHNZIE DESIGNS CROCHET AND CRAFTS LLC,2026-09-24,DOMESTIC LIMITED LIABILITY COMPANY,Nassau,New York,Registered Agents Inc.,418 Broadway,STE R,Albany,NY,12207
8030087,AUREA SOLUTIONS LLC,2026-09-24,DOMESTIC LIMITED LIABILITY COMPANY,Rockland,New York,Jayd Crain,23 mirror lake park,,ulster park,NY,12487
8030088,COOL UP TJ LLC,2026-09-24,DOMESTIC LIMITED LIABILITY COMPANY,Kings,New York,Juanes Toussaint,2298 Avenue I #1061,,Brooklyn,NY,11210
8030091,VINFINITI07 LLC,2026-09-24,DOMESTIC LIMITED LIABILITY COMPANY,Nassau,New York,VINCENT JAMES,66 S BAY AVE,,MASSAPEQUA,NY,11758
8030093,COVE AND COAST TRAVEL LLC,2026-09-24,DOMESTIC LIMITED LIABILITY COMPANY,Sullivan,New York,COVE AND COAST TRAVEL LLC,114 Highview Ter,,Bloomingburg,NY,12721
8030094,318 WILDWOOD AVE LLC,2026-09-24,DOMESTIC LIMITED LIABILITY COMPANY,Cattaraugus,New York,318 WILDWOOD AVE LLC,3840 PUMPKIN HOLLOW RD.,,ALLEGANY,NY,14706
8030095,"THE MOCKINGBIRD AI FOUNDATION, INC.",2026-09-24,DOMESTIC NOT-FOR-PROFIT CORPORATION,New York,New York,"THE MOCKINGBIRD AI FOUNDATION, INC.","177 9th avenue, apt. 2k",,NEW YORK,NY,10011
8030096,MIN & BO CONSULTING LLC,2026-09-24,DOMESTIC LIMITED LIABILITY COMPANY,Putnam,New York,Matthew Minniter,136 Oak Ridge Circle,,Mahopac,NY,10541
8030097,REWA SUSHI LLC,2026-09-24,DOMESTIC LIMITED LIABILITY COMPANY,Queens,New York,DHONDUP GYALTSO,3770 64TH ST,APT 3F,WOODSIDE,NY,11377
8030099,IVY DIAMOND ADVISORY GROUP LLC,2026-09-24,DOMESTIC LIMITED LIABILITY COMPANY,Albany,New York,"The Towne Law Firm, P.C.",500 New Karner Road,PO Box 15072,Albany,NY,12205
8030100,KURBE LLC,2026-09-24,DOMESTIC LIMITED LIABILITY COMPANY,Queens,New York,KURBE LLC,40-22 COLLEGE POINT BLVD,PH3E,FLUSHING,NY,11354
8030101,KCN VENTURES LLC,2026-09-24,DOMESTIC LIMITED LIABILITY COMPANY,Kings,New York,Kisha Nunez,251 7th Street,Apt. 4F,Brooklyn,NY,11215
8030102,VALLEY SUITES CORP.,2026-09-24,DOMESTIC BUSINESS CORPORATION,Delaware,New York,VALLEY SUITES CORP.,843 MAIN ST,,FLEISCHMANNS,NY,12430
8030103,NICHIWA INC.,2026-09-24,DOMESTIC BUSINESS CORPORATION,Queens,New York,RUIXIANG GUO,18-20 124TH ST,,FLUSHING,NY,11356
8030104,120 1ST STREET LLC,2026-09-24,DOMESTIC LIMITED LIABILITY COMPANY,Westchester,New York,120 1st Street LLC,134 Crescent Pl,,Yonkers,NY,10704
8030105,"LISADOESHAIR814, INC.",2026-09-24,DOMESTIC BUSINESS CORPORATION,Suffolk,New York,Lisa Hubbard,29 Smith Lane,,Middle Island,NY,11953
8030106,117 PROPERTIES LLC,2026-09-24,DOMESTIC LIMITED LIABILITY COMPANY,Queens,New York,117 PROPERTIES LLC,444 ARGYLE ROAD,,EAST MEADOWS,NY,11554
8030107,JK CONSTRUCTION EH LLC,2026-09-24,DOMESTIC LIMITED LIABILITY COMPANY,New York,New York,Judge Kirby,478 W Lake Dr,,Montauk,NY,11954
8030108,14 RIDGE AVE LLC,2026-09-24,DOMESTIC LIMITED LIABILITY COMPANY,Kings,New York,14 Ridge Ave LLC,55 Penn St,,Brooklyn,NY,11249
8030109,CASA LAGO ATHENS LLC,2026-09-24,DOMESTIC LIMITED LIABILITY COMPANY,Saratoga,New York,CASA LAGO ATHENS LLC,64 Wheatfield Way,,Mechanicville,NY,12118
8030110,WERA TECHNOLOGIES INC.,2026-09-24,DOMESTIC BUSINESS CORPORATION,Queens,New York,Joseph Rivello,63-36 98th Place,,Rego Park,NY,11374
8030111,GRANDVIEW CAPITAL HOLDINGS LLC,2026-09-24,DOMESTIC LIMITED LIABILITY COMPANY,Orange,New York,ZISHA ABRAHAM,1254 STATE ROUTE 208,,MONROE,NY,10950
8030112,KELLY MATERIALS NY CORP.,2026-09-24,DOMESTIC BUSINESS CORPORATION,Queens,New York,KELLY MATERIALS NY CORP.,6304 FLUSHING AVE,,MASPETH,NY,11378
8030113,SABROSURA ANDINA LLC,2026-09-24,DOMESTIC LIMITED LIABILITY COMPANY,Bronx,New York,MANUEL C TENEZACA,1167 STRATFORD B1,,BRONX,NY,10472
8030114,FORA ASPIRE LLC,2026-09-24,DOMESTIC LIMITED LIABILITY COMPANY,Queens,New York,FLORIDA RAHMAN,13156 229TH STREET,,LAURELTON,NY,11413
8030115,ELWERT LLC,2026-09-24,DOMESTIC LIMITED LIABILITY COMPANY,Albany,New York,NORTHWEST REGISTERED AGENT LLC,418 BROADWAY,STE N,ALBANY,NY,12207
8030116,KENT STREET RE PROPERTIES LLC,2026-09-24,DOMESTIC LIMITED LIABILITY COMPANY,Albany,New York,Jeffrey Paulino,601 W 176th St #44,,New York,NY,10033
8030117,ETIQUETTE RENOVATIONS CORP.,2026-09-24,DOMESTIC BUSINESS CORPORATION,Erie,New York,Etiquette Renovations Corp.,9 Deer St.,,Buffalo,NY,14207
8030118,DRUMGOOLE RD LLC,2026-09-24,DOMESTIC LIMITED LIABILITY COMPANY,Kings,New York,DRUMGOOLE RD LLC,149 33rd Street,,Brooklyn,NY,11232
8030119,DOUBLE RS TOWING & RECOVERY LLC,2026-09-24,DOMESTIC LIMITED LIABILITY COMPANY,Kings,New York,Entity Protect Registered Agent Services LLC,447 Broadway 2nd Fl. - #3000,,New York,NY,10013
8030120,CSHOMECARE CORP.,2026-09-24,DOMESTIC BUSINESS CORPORATION,Rockland,New York,Cshomecare Corp.,32 Suffern Pl,,Monsey,NY,10952
8030121,124 SCOTT DEERPARK LLC,2026-09-24,DOMESTIC LIMITED LIABILITY COMPANY,Suffolk,New York,124 SCOTT DEERPARK LLC,124 Scott Ave,,Deer Park,NY,11729
8030122,ONLINE PROPERTY HOLDINGS 2 LLC,2026-09-24,DOMESTIC LIMITED LIABILITY COMPANY,Suffolk,New York,Joseph N DeGiorgio,49 Astor Ave,,Saint James,NY,11780
8030123,JAMMING OUT BAKED GOODS LLC,2026-09-24,DOMESTIC LIMITED LIABILITY COMPANY,Oneida,New York,Jamming Out Baked Goods LLC,7 Fairview Ave,,Yorkville,NY,13495
8030124,"PELICAN HOLDINGS NYC, LLC",2026-09-24,DOMESTIC LIMITED LIABILITY COMPANY,Albany,New York,New York Registered Agent LLC,418 Broadway,Suite R,Albany,NY,12207
8030125,CIRCLE ROCK MANAGEMENT LLC,2026-09-24,DOMESTIC LIMITED LIABILITY COMPANY,Westchester,New York,CIRCLE ROCK MANAGEMENT LLC,14 THE CIRCLE,,NEW ROCHELLE,NY,10801
8030126,TOP NOTCH DIGITAL GARMENT SERVICE INC.,2026-09-24,DOMESTIC BUSINESS CORPORATION,New York,New York,TOP NOTCH DIGITAL GARMENT SERVICE INC.,262 W 38TH STREET,ROOM 501,NEW YORK,NY,10018
8030127,RISE AND THRIVE 315 EMPOWERMENT FOUNDATION INC.,2026-09-24,DOMESTIC NOT-FOR-PROFIT CORPORATION,Onondaga,New York,RISE AND THRIVE 315 EMPOWERMENT FOUNDATION INC.,8323 white cedar circle,,LIVERPOOL,NY,13090
8030130,HAPPY OUR STUDIO LLC,2026-09-24,DOMESTIC LIMITED LIABILITY COMPANY,Westchester,New York,Happy Our Studio LLC,363 Elwood Avenue Store #A,,Hawthorne,NY,10532
8030131,BLOOMING PATHWAYS INC.,2026-09-24,DOMESTIC BUSINESS CORPORATION,Nassau,New York,JAMILA RAMDOO,1076 ATLANTIC AVENUE,,BALDWIN,NY,11510
8030132,MALDES SEARCH LLC,2026-09-24,DOMESTIC LIMITED LIABILITY COMPANY,Kings,New York,MALDES SEARCH LLC,105 Lorimer St,Apt 1,Brooklyn,NY,11206
8030133,POWDER ROOM BEAUTY SUITE LLC,2026-09-24,DOMESTIC LIMITED LIABILITY COMPANY,Suffolk,New York,Jasmine Spence,13 Summer Lane,,Amityville,NY,11701
8030134,S AND Z OT LLC,2026-09-24,DOMESTIC LIMITED LIABILITY COMPANY,Queens,New York,S AND Z OT LLC,137-65 70th Rd Fl 2,,Flushing,NY,11367
8030135,MAGIC WASH AMITYVILLE LLC,2026-09-24,DOMESTIC LIMITED LIABILITY COMPANY,Suffolk,New York,"C/O Brian J. Yudewitz, Esq.",43 Kristin Lane,,Hauppauge,NY,11788
8030136,LOVE & FREESTYLE PRODUCTIONS LLC,2026-09-24,DOMESTIC LIMITED LIABILITY COMPANY,New York,New York,Entity Protect Registered Agent Services LLC,447 Broadway 2nd Fl. - #3000,,New York,NY,10013
8030137,CRETO LLC,2026-09-24,FOREIGN LIMITED LIABILITY COMPANY,New York,Delaware,CRETO LLC,66 hudson blvd e,,NEW YORK,NY,10001
8030138,ADVANCE DISTRIBUTION LLC,2026-09-24,DOMESTIC LIMITED LIABILITY COMPANY,Rockland,New York,Corpex Inc.,PO Box 1176,,Monsey,NY,10952
8030140,708 BROADWAY AMITYVILLE LLC,2026-09-24,DOMESTIC LIMITED LIABILITY COMPANY,Suffolk,New York,"C/O Brian J. Yudewitz, Esq.",43 Kristin Lane,,Hauppauge,NY,11788
8030142,PREMIER BEADEL LLC,2026-09-24,DOMESTIC LIMITED LIABILITY COMPANY,Kings,New York,NUCO FILINGS CORP.,200 BOULEVARD OF THE AMERICAS,SUITE 104B,LAKEWOOD,NJ,08701
8030143,THE LUXURY HAIR MINISTRY LLC,2026-09-24,DOMESTIC LIMITED LIABILITY COMPANY,Westchester,New York,Bonique Blake Mullings,"6 Gramatan Ave, Suite 605",,Mount Vernon,NY,10550
8030144,THE 845 DANCE COLLECTIVE LLC,2026-09-24,DOMESTIC LIMITED LIABILITY COMPANY,Richmond,New York,The 845 Dance Collective LLC,845 Rathbun Avenue,,Staten Island,NY,10309
8030146,RAUS LOGISTICS INCORPORATED,2026-09-24,DOMESTIC BUSINESS CORPORATION,Bronx,New York,Connor B Raus,414 w 127th street,,New York,NY,10027
8030147,JMH PROPERTIES LLC,2026-09-24,DOMESTIC LIMITED LIABILITY COMPANY,Queens,New York,JMH PROPERTIES LLC,444 ARYGLE ROAD,,EAST MEADOWS,NY,11554
8030148,JA CONSTRUCTION DEVELOPE CONSULT CORP.,2026-09-24,DOMESTIC BUSINESS CORPORATION,Westchester,New York,JA CONSTRUCTION DEVELOPE CONSULT CORP.,24 Devonshire Dr,,Yorktown Heights,NY,10598
8030149,NORTHLINE STUDIO LLC,2026-09-24,DOMESTIC LIMITED LIABILITY COMPANY,Erie,New York,Hayden Alan Haynes,24 Narragansett Rd,,Buffalo,NY,14220
8030150,DIESEL MOBILE SERVICES LLC,2026-09-24,DOMESTIC LIMITED LIABILITY COMPANY,Erie,New York,Daniel M Bluff Jr.,9230 erie rd apt.1,,angola,NY,14006
8030152,INFRALINT LLC,2026-09-24,DOMESTIC LIMITED LIABILITY COMPANY,Albany,New York,NORTHWEST REGISTERED AGENT LLC,418 BROADWAY,STE N,ALBANY,NY,12207
8030153,161-16 129 LLC,2026-09-24,DOMESTIC LIMITED LIABILITY COMPANY,Nassau,New York,161-16 129 LLC,40 Melville Lane,,Great Neck,NY,11023
8030154,STUYCO LLC,2026-09-24,DOMESTIC LIMITED LIABILITY COMPANY,Albany,New York,REGISTERED AGENTS INC.,418 BROADWAY,STE R,ALBANY,NY,12207
8030155,AGRAANIE LLC,2026-09-24,DOMESTIC LIMITED LIABILITY COMPANY,Nassau,New York,Agraanie LLC,c/o Lalitha Ranga,285 Fairhaven Blvd,Woodbury,NY,11797
8030157,2225 LODOVICK AVE LLC,2026-09-24,DOMESTIC LIMITED LIABILITY COMPANY,Albany,New York,2225 LODOVICK AVE LLC,670 Myrtle Avenue,Suite 6262,Brooklyn,NY,11205
8030158,RESOLVE BRONX LLC,2026-09-24,DOMESTIC LIMITED LIABILITY COMPANY,Queens,New York,THE COMPANY,60-38 80th Ave,,Ridgewood,NY,11385
8030159,BEN ABARBANEL PHOTOGRAPHY LLC,2026-09-24,DOMESTIC LIMITED LIABILITY COMPANY,Rockland,New York,Ben Abarbanel Photography LLC,67 Strawtown RD,,New City,NY,10956
8030161,RICHBOSS LLC,2026-09-24,DOMESTIC LIMITED LIABILITY COMPANY,Queens,New York,RICHBOSS LLC,4252 Union St Apt 314,,Flushing,NY,11355
8030162,CANDURIN COMMERCE LLC,2026-09-24,DOMESTIC LIMITED LIABILITY COMPANY,Albany,New York,NORTHWEST REGISTERED AGENT LLC,418 BROADWAY,STE N,ALBANY,NY,12207
8030163,IVY MOON STUDIOS LLC,2026-09-24,DOMESTIC LIMITED LIABILITY COMPANY,Erie,New York,IVY MOON STUDIOS LLC,60 PLEASANT VIEW DRIVE,,LANCASTER,NY,14086
8030164,84010 AVENUE 50 LLC,2026-09-24,DOMESTIC LIMITED LIABILITY COMPANY,Albany,New York,84010 Avenue 50 LLC,"777 Third Avenue, 26th Floor",,New York,NY,10017
8030165,PINECREST CAPITAL HOLDINGS LLC,2026-09-24,DOMESTIC LIMITED LIABILITY COMPANY,Orange,New York,TZINY KREMER,1258 STATE ROUTE 208,,MONROE,NY,10950
8030166,JARACONZA BAR LLC,2026-09-24,DOMESTIC LIMITED LIABILITY COMPANY,Kings,New York,JOSE F ABREU ABREU,3052 FULTON STREET,,BROOKLYN,NY,11208
8030167,19 LAKESIDE LLC,2026-09-24,DOMESTIC LIMITED LIABILITY COMPANY,Nassau,New York,19 LAKESIDE LLC,193 Hillside Avenue,,Williston Park,NY,11596
8030168,258 WOODSTOCK RD. LLC,2026-09-24,DOMESTIC LIMITED LIABILITY COMPANY,Dutchess,New York,Elan Hersh,102 NE 109th St.,,Miami Shores,FL,33161
8030170,"QUINCEY ACRES, LLC",2026-09-24,DOMESTIC LIMITED LIABILITY COMPANY,Genesee,New York,"QUINCEY ACRES, LLC",7711 W BERGEN RD,,BERGEN,NY,14416
8030171,SIREN CALL INC.,2026-09-24,DOMESTIC BUSINESS CORPORATION,Richmond,New York,Mariana Rukina,26 EBBITTS STREET APT 3T,,STATEN ISLAND,NY,10306
8030172,SL EAGLE TRADING INC.,2026-09-24,DOMESTIC BUSINESS CORPORATION,Queens,New York,XIANLIANG SHI,13832 ELDER AVE,,FLUSHING,NY,11355
8030173,"EASY CLOSE HOMES, LLC",2026-09-24,DOMESTIC LIMITED LIABILITY COMPANY,Kings,New York,"Easy Close Homes, LLC",38 Barton Ave,,Staten Island,NY,10306
8030174,61 AVENUE V LLC,2026-09-24,DOMESTIC LIMITED LIABILITY COMPANY,Kings,New York,RYC Business Solutions Inc,1005 Celebration Drive,,Roswell,GA,30076
8030175,ROBUST RIDE INC.,2026-09-24,DOMESTIC BUSINESS CORPORATION,Kings,New York,ROBUST RIDE INC.,1852 70TH ST,,BROOKLYN,NY,11204
8030177,CARRILLO ELITE TRANSPORT CORP.,2026-09-24,DOMESTIC BUSINESS CORPORATION,Orange,New York,Carrillo Elite transport corp.,149 Berkman dr,,Middletown,NY,10941
8030178,120 SOUTH AURORA ST FAMILY LLC,2026-09-24,DOMESTIC LIMITED LIABILITY COMPANY,Monroe,New York,120 South Aurora St Family LLC,909 Linden Avenue,,Rochester,NY,14625
8030180,BRYMWOOD HOLDINGS LLC,2026-09-24,DOMESTIC LIMITED LIABILITY COMPANY,Dutchess,New York,BRYMWOOD HOLDINGS LLC,4 Pewter Ct.,,Poughkeepsie,NY,12603
8030182,FLYCATCHER LLC,2026-09-24,DOMESTIC LIMITED LIABILITY COMPANY,Albany,New York,NORTHWEST REGISTERED AGENT LLC,418 BROADWAY,STE N,ALBANY,NY,12207
8030183,CERAOUSLY CUTE CREATIONS CORP.,2026-09-24,DOMESTIC BUSINESS CORPORATION,Westchester,New York,CHNITA L. DAVIS,22 EUCLID AVENUE,,MOUNT VERNON,NY,105522404
8030184,SIVORI AVIATION CONSULTING INC.,2026-09-24,DOMESTIC BUSINESS CORPORATION,Suffolk,New York,SIVORI AVIATION CONSULTING INC.,9100 Republic Airport,,Farmingdale,NY,11735
8030186,PROMIZARA INC.,2026-09-24,DOMESTIC BUSINESS CORPORATION,New York,New York,PROMIZARA INC.,"1177 6th Ave, Fl 5",,New York,NY,10036
8030188,"ESP899, LLC",2026-09-24,DOMESTIC LIMITED LIABILITY COMPANY,Kings,New York,"ESP899, LLC",899 FRANKLIN AVE,,BROOKLYN,NY,11225
8030189,365 MOUNT SINAI LLC,2026-09-24,DOMESTIC LIMITED LIABILITY COMPANY,Albany,New York,365 Mount Sinai LLC,1 Fairway Drive,,Manhasset,NY,11030
8030193,2509 SHERMAN DRIVE LLC,2026-09-24,DOMESTIC LIMITED LIABILITY COMPANY,Broome,New York,Nha Tran,33 Old Newark Valley Road,,Endicott,NY,13760
8030194,VENTURE HOME PROJECTS LLC,2026-09-24,DOMESTIC LIMITED LIABILITY COMPANY,Westchester,New York,Tyler Pirone,3 Horton Drive,,Peekskill,NY,10566
8030195,SPIRIT CONSULTING INC.,2026-09-24,DOMESTIC BUSINESS CORPORATION,Suffolk,New York,SPIRIT CONSULTING INC.,77 Main Ave,,Centereach,NY,11720
8030196,MOHINDER SINGH AND SON LLC,2026-09-24,DOMESTIC LIMITED LIABILITY COMPANY,Queens,New York,MOHINDER SINGH AND SON LLC,10946 VAN WYCK 2,,SOUTH OZONE PRK,NY,11420
8030197,PCC AVIATION LLC,2026-09-24,DOMESTIC LIMITED LIABILITY COMPANY,Jefferson,New York,Jason McCullouch,566 Coffeen Street,,Watertown,NY,13601
8030199,J&J 182 BERGEN ST LLC,2026-09-24,DOMESTIC LIMITED LIABILITY COMPANY,Kings,New York,Jason Elias Lianes,23 Parkview Apt #3,,New Rochelle,NY,10805
8030200,UWSJACKS FOOD CORP.,2026-09-24,DOMESTIC BUSINESS CORPORATION,New York,New York,UWSJACKS FOOD CORP.,2748 Broadway,,New York,NY,10025
8030202,MARKET 16 LLC,2026-09-24,DOMESTIC LIMITED LIABILITY COMPANY,Albany,New York,Market 16 LLC,1274 49th Street,Apt 444,Brooklyn,NY,11219
8030203,514 ROCKY POINT LLC,2026-09-24,DOMESTIC LIMITED LIABILITY COMPANY,Albany,New York,514 Rocky Point LLC,1 Fairway Drive,,Manhasset,NY,11030
8030204,TINY HANDS BIG MIRACLES INC.,2026-09-24,DOMESTIC BUSINESS CORPORATION,Kings,New York,TINY HANDS BIG MIRACLES INC.,"2894 W 8TH STREET, #20D",,BROOKLYN,NY,11224
8030205,"GLOBAL NANO HOLDINGS, LLC",2026-09-24,DOMESTIC LIMITED LIABILITY COMPANY,Nassau,New York,Jacob Nisim,900 Willis Avenue,,Albertson,NY,11507
8030206,SILVER SWAN STUDIO INC.,2026-09-24,DOMESTIC BUSINESS CORPORATION,Kings,New York,SILVER SWAN STUDIO INC.,1985 EAST 15TH ST APT 8-5,,BROOKLYN,NY,11229
8030207,17504 REALTY LLC,2026-09-24,DOMESTIC LIMITED LIABILITY COMPANY,Kings,New York,17504 REALTY LLC,1650 Bushwick Ave,,Brooklyn,NY,11207
8030208,LOWENSTEIN DV HOLDINGS LLC,2026-09-24,DOMESTIC LIMITED LIABILITY COMPANY,Nassau,New York,Eric Lowenstein,PO Box 436,,Point Lookout,NY,11569
8030210,17504 CW LLC,2026-09-24,DOMESTIC LIMITED LIABILITY COMPANY,Kings,New York,17504 CW LLC,1650 Bushwick Ave,,Brooklyn,NY,11207
8030211,MODERN PEAK CORP.,2026-09-24,DOMESTIC BUSINESS CORPORATION,Westchester,New York,MODERN PEAK CORP.,360 BRADHURST AVE.,,HAWTHORNE,NY,10532
8030212,5546 C&B FRESH CORP.,2026-09-24,DOMESTIC BUSINESS CORPORATION,Bronx,New York,5546 C&B FRESH CORP.,5546 Broadway,,Bronx,NY,10463
8030213,QUEENS PROPANE INC.,2026-09-24,DOMESTIC BUSINESS CORPORATION,Queens,New York,QUEENS PROPANE INC.,47-21 45STREET,,WOODSIDE,NY,11377
8030214,YONI'S ENTERPRISES LLC,2026-09-24,DOMESTIC LIMITED LIABILITY COMPANY,Nassau,New York,Elyahu Jacobi,57 Steamboat Rd,,Great Neck,NY,11024
8030215,"150-55 77TH AVENUE, LLC",2026-09-24,DOMESTIC LIMITED LIABILITY COMPANY,Queens,New York,Jane Isakova,83-20 Kent St,,Jamaica,NY,11432
8030216,HEARTWARMING BAKES INC.,2026-09-24,DOMESTIC BUSINESS CORPORATION,Suffolk,New York,c/o The Corporation,"5 Brewster Street, Suite 374",,Glen Cove,NY,11542
8030217,DANCABH ENTERPRISES INC.,2026-09-24,DOMESTIC BUSINESS CORPORATION,Orange,New York,Cesar A. Cabus,190 Lake Street,,Newburgh,NY,12550
8030218,"PRIME CONSULTING AMT, LLC",2026-09-24,DOMESTIC LIMITED LIABILITY COMPANY,Kings,New York,Angela Tavarez Beltre,3044 Avenue V,Apt. 3C,Brooklyn,NY,11229
8030219,XVIII CAPITAL LLC,2026-09-24,DOMESTIC LIMITED LIABILITY COMPANY,New York,New York,XVIII CAPITAL LLC,42 BROADWAY SUITE 1227-618,,NEW YORK,NY,10004
8030220,1ST CHOICE BLT CONSULTANTS INC.,2026-09-24,DOMESTIC BUSINESS CORPORATION,Suffolk,New York,1ST CHOICE BLT CONSULTANTS INC.,216 MILLIGAN ROAD,,WEST BABYLON,NY,11704
8030221,NOFO DEVCO LLC,2026-09-24,DOMESTIC LIMITED LIABILITY COMPANY,Suffolk,New York,NOFO DEVCO LLC,950 Old Medford Ave Unit 7,,Medford,NY,11763
8030222,STARWOOD DEVELOP & CONSULTANT LLC,2026-09-24,DOMESTIC LIMITED LIABILITY COMPANY,Queens,New York,Md Azazul Hoque,"169-20 Hillside Ave, Suite 02",Fl-2,Jamaica,NY,11432
8030223,TRIBOROUGH PROPERTY LLC,2026-09-24,DOMESTIC LIMITED LIABILITY COMPANY,Queens,New York,MAHMUD HUSSAIN,61-26 BROADWAY,,WOODSIDE,NY,11377
8030224,VC CONVENIENT INC.,2026-09-24,DOMESTIC BUSINESS CORPORATION,Westchester,New York,Christopher Lee Baez,1 Van Cortlandt Park Avenue,,Yonkers,NY,10701
8030225,K&M MOBILE OUTBOARD REPAIRS LLC,2026-09-24,DOMESTIC LIMITED LIABILITY COMPANY,New York,New York,Ganesh Etwaroo,9011 104th st # 2f,,richmond hill,NY,11418
8030226,SHULOM EBRUCHA LLC,2026-09-24,DOMESTIC LIMITED LIABILITY COMPANY,Albany,New York,SHULOM EBRUCHA LLC,555 Bedford Avenue,Apt A-3,Brooklyn,NY,11211
8030227,PJ NETWORK SOLUTIONS LLC,2026-09-24,DOMESTIC LIMITED LIABILITY COMPANY,Albany,New York,NORTHWEST REGISTERED AGENT LLC,418 BROADWAY,STE N,ALBANY,NY,12207
8030228,"YACHT ESTATE MEDIA, INC.",2026-09-24,DOMESTIC BUSINESS CORPORATION,Suffolk,New York,"REGISTERED AGENT SOLUTIONS, INC.",99 WASHINGTON AVENUE,SUITE 700,ALBANY,NY,12260
8030229,GITTENS GROUP LLC,2026-09-24,DOMESTIC LIMITED LIABILITY COMPANY,Albany,New York,NORTHWEST REGISTERED AGENT LLC,418 BROADWAY,STE N,ALBANY,NY,12207
8030230,D&L HOLDINGS NY LLC,2026-09-24,DOMESTIC LIMITED LIABILITY COMPANY,Kings,New York,D&L HOLDINGS NY LLC,670 MYRTLE AVE 170,,BROOKLYN,NY,11205
8030231,98 HUDSON AVE CORP.,2026-09-24,DOMESTIC BUSINESS CORPORATION,Westchester,New York,98 HUDSON AVE CORP.,360 BRADHURST AVE.,,HAWTHORNE,NY,10532
8030232,ANTOJITOS KATHY LLC,2026-09-24,DOMESTIC LIMITED LIABILITY COMPANY,New York,New York,NORTHWEST REGISTERED AGENT LLC,418 BROADWAY,STE N,ALBANY,NY,12207
8030235,OHREALLY INC.,2026-09-24,FOREIGN BUSINESS CORPORATION,New York,Delaware,C/O SHL INVESTMENT GROUP,"9 W 57TH STREET, FL 50",,NEW YORK,NY,10019
8030236,PROSPER SERVICES LLC,2026-09-24,DOMESTIC LIMITED LIABILITY COMPANY,Bronx,New York,Roch Loussembo,1321 College Ave,,Bronx,NY,10456
8030237,DANIELLA PROPERTIES LLC,2026-09-24,DOMESTIC LIMITED LIABILITY COMPANY,Monroe,New York,DANIELLA PROPERTIES LLC,1653 Woodard Road,,Webster,NY,14580
8030238,7X DISTRIBUTION LLC,2026-09-24,DOMESTIC LIMITED LIABILITY COMPANY,Albany,New York,7X DISTRIBUTION LLC,19 Win Lakes Dr.,,Airmont,NY,10952
8030239,ALTA SIGNAL LLC,2026-09-24,DOMESTIC LIMITED LIABILITY COMPANY,Rensselaer,New York,ALTA SIGNAL LLC,2201 12th St,,Troy,NY,12180
8030240,JC CODE LLC,2026-09-24,DOMESTIC LIMITED LIABILITY COMPANY,Albany,New York,NORTHWEST REGISTERED AGENT LLC,418 BROADWAY,STE N,ALBANY,NY,12207
8030241,RUMA D INC.,2026-09-24,DOMESTIC BUSINESS CORPORATION,Nassau,New York,Ruma D Inc.,6 Michigan Dr,,Hicksville,NY,11801
8030242,HEALPOINT INC.,2026-09-24,DOMESTIC BUSINESS CORPORATION,Nassau,New York,HEALPOINT INC.,42 GUY LOMBARDO AVE,,FREEPORT,NY,11520
8030243,KD KITCHEN DEPOT TRADING INC.,2026-09-24,DOMESTIC BUSINESS CORPORATION,Queens,New York,ZHONGMING QIAO,4514 251ST ST STE 123,,LITTLE NECK,NY,11362
8030244,MSQUARED J LLC,2026-09-24,DOMESTIC LIMITED LIABILITY COMPANY,Dutchess,New York,MSQUARED J LLC,55 Evergreen Ave,,Poughkeepsie,NY,12601
8030245,1261 60TH STREET BROOKLYN NY LLC,2026-09-24,DOMESTIC LIMITED LIABILITY COMPANY,Kings,New York,1261 60TH STREET BROOKLYN NY LLC,1769 49TH STREET,,BROOKLYN,NY,11204
8030246,THE MARS TEAM INC.,2026-09-24,DOMESTIC BUSINESS CORPORATION,Nassau,New York,THE MARS TEAM INC.,15 ROSCOE COURT,,GREENVALE,NY,11548
8030247,ALIANTE 5175 GROUP INC.,2026-09-24,DOMESTIC BUSINESS CORPORATION,Nassau,New York,FAHAD IFTIKHAR,62 BURTON AVE,,PLAINVIEW,NY,11803
8030248,SK SESSIONS CORP.,2026-09-24,DOMESTIC BUSINESS CORPORATION,Kings,New York,THE CORP,1481 40TH STREET STE 3I,,BROOKLYN,NY,11218
8030249,MAE LOCUMS LLC,2026-09-24,DOMESTIC LIMITED LIABILITY COMPANY,Monroe,New York,MAE LOCUMS LLC,3277 Rush Mendon Rd,,Honeoye Falls,NY,14472
8030250,BXC 2410 MORRIS FUNDING LLC,2026-09-24,DOMESTIC LIMITED LIABILITY COMPANY,Albany,New York,BXC 2410 Morris Funding LLC,29 W. 36TH ST. FL 10,,NEW YORK,NY,10018
8030251,4U NAILS AND LASHES INC.,2026-09-24,DOMESTIC BUSINESS CORPORATION,Kings,New York,4U NAILS AND LASHES INC.,705 59TH STREET,,BROOKLYN,NY,11220
8030252,"EXCEL COLLECTIVE, LLC",2026-09-24,DOMESTIC LIMITED LIABILITY COMPANY,Albany,New York,USA CORPORATE SERVICES INC.,911 CENTRAL AVE STE 214,,ALBANY,NY,12206
8030253,LARKEN CONNECT LLC,2026-09-24,DOMESTIC LIMITED LIABILITY COMPANY,Albany,New York,NORTHWEST REGISTERED AGENT LLC,418 BROADWAY,STE N,ALBANY,NY,12207
8030254,43 CHAUNCEY 123 LLC,2026-09-24,DOMESTIC LIMITED LIABILITY COMPANY,New York,New York,43 Chauncey 123 LLC,20 pine st apt 1619,,New York,NY,10005
8030255,GXZ SPA INC.,2026-09-24,DOMESTIC BUSINESS CORPORATION,Queens,New York,GUOWEI ZHU,140-31 CHERRY AVE 2B,,FLUSHING,NY,11355
8030256,BLEU THE TRAVELING BARBER LLC,2026-09-24,DOMESTIC LIMITED LIABILITY COMPANY,Westchester,New York,SimpleBiz Registered Agent Services LLC,405 RXR Plaza # F127,,Uniondale,NY,11556
8030257,60 MAIN REALTY CORP.,2026-09-24,DOMESTIC BUSINESS CORPORATION,Orange,New York,60 MAIN REALTY CORP.,478 Freedom Plains Rd,,Poughkeepsie,NY,12603
8030258,AXIS FULTON LLC,2026-09-24,DOMESTIC LIMITED LIABILITY COMPANY,Queens,New York,AXIS FULTON LLC,"44-02 11TH ST, STE 312",,LONG ISLAND CITY,NY,11101
8030259,"MONTAUK HOUSE, LLC",2026-09-24,DOMESTIC LIMITED LIABILITY COMPANY,Suffolk,New York,"MONTAUK HOUSE, LLC","207 Carlton Avenue, Apt. 1",,Brooklyn,NY,11205
8030260,ZUUCRUU LLC,2026-09-24,DOMESTIC LIMITED LIABILITY COMPANY,Kings,New York,ZuuCruu LLC,353 Miller Ave,Apt 3B,Brooklyn,NY,11207
8030261,"LANA MANAGEMENT, CORP.",2026-09-24,DOMESTIC BUSINESS CORPORATION,Kings,New York,"LANA MANAGEMENT, CORP.",1414 EAST 12TH STREET,STE 5A,BROOKLYN,NY,11230
8030262,DOWN DA WAY DESIGNS LLC,2026-09-24,DOMESTIC LIMITED LIABILITY COMPANY,Erie,New York,Down Da Way Designs LLC,37 NICHOLSON STREET,,BUFFALO,NY,14214
8030263,SI GROUP.INT LLC,2026-09-24,DOMESTIC LIMITED LIABILITY COMPANY,Kings,New York,IVICA STOJANOVIC,1292 HALSEY STREET,,BUSHWICK BROOKLYN,NY,11237
8030264,ECB CLUB LLC,2026-09-24,DOMESTIC LIMITED LIABILITY COMPANY,New York,New York,THE LIMITED LIABILITY COMPANY,48 S SERVICE RD suite 404,,MELVILLE,NY,11747
8030265,BLUEPEAK PRO INC.,2026-09-24,DOMESTIC BUSINESS CORPORATION,New York,New York,BLUEPEAK PRO INC.,99 Wall Street,Unit 586,New York,NY,10005
8030266,B.C. PROPERTY PROS LLC,2026-09-24,DOMESTIC LIMITED LIABILITY COMPANY,Broome,New York,REPUBLIC REGISTERED AGENT SERVICES INC.,54 STATE STREET,STE 804,ALBANY,NY,12207
8030267,KINGDOM OF FUN INC.,2026-09-24,DOMESTIC BUSINESS CORPORATION,Nassau,New York,SADEQ ASSAEDI,2034 GREEN ACRES RD E,,VALLEY STREAM,NY,11581
8030268,G42 PROPERTY HOLDINGS INC.,2026-09-24,DOMESTIC BUSINESS CORPORATION,Orange,New York,CHARNE JIMENEZ,19 PISCHKE RD,,CAMPBELL HALL,NY,10916
8030269,VORIS 2017 LLC,2026-09-24,DOMESTIC LIMITED LIABILITY COMPANY,Kings,New York,Ramziyor Atoi,3028 Brighton 6th St,,Brooklyn,NY,11235
8030270,GREENSOS LLC,2026-09-24,DOMESTIC LIMITED LIABILITY COMPANY,Suffolk,New York,Ryan Bain,65 Wildwood Rd,,Sag Harbor,NY,11963
8030271,679 ST JOHNS 123 LLC,2026-09-24,DOMESTIC LIMITED LIABILITY COMPANY,Kings,New York,679 St Johns 123 llc,570 eastern parkway,,Brooklyn,NY,11225
8030272,"PAPITO URY, LLC",2026-09-24,DOMESTIC LIMITED LIABILITY COMPANY,Schenectady,New York,"PAPITO URY, LLC",884 Strong St,Apt 2,Schenectady,NY,12307
8030273,BRAR FLEET CORPORATION,2026-09-24,DOMESTIC BUSINESS CORPORATION,New York,New York,Brar fleet corporation,13206 101ST AVE,,S RICHMOND HL,NY,11419
8030274,TOBETRUTH LLC,2026-09-24,DOMESTIC LIMITED LIABILITY COMPANY,Westchester,New York,ToBeTruth LLC,12 Franklin Ave,,Mount Vernon,NY,10550
8030275,MAC AVIONICS CONSULTING LLC,2026-09-24,DOMESTIC LIMITED LIABILITY COMPANY,Suffolk,New York,MAC Avionics Consulting LLC,11 Haven Lane,,Smithtown,NY,11787
8030276,ONE DREAM PROPERTIES 20 CORPORATION,2026-09-24,DOMESTIC BUSINESS CORPORATION,Saratoga,New York,SANDEEP SINGH,4 PRAISE LN,,Glenville,NY,12302
8030277,RANDOLPH HOSPITALITY LLC,2026-09-24,DOMESTIC LIMITED LIABILITY COMPANY,New York,New York,Randolph Hospitality LLC,165 Randolph Street,,Brooklyn,NY,11237
8030278,NASSAUNYC LLC,2026-09-24,DOMESTIC LIMITED LIABILITY COMPANY,Nassau,New York,Ahad malik,842fulton st,,Valley stream,NY,11580
8030279,SUMMIT DME CORP.,2026-09-24,DOMESTIC BUSINESS CORPORATION,Kings,New York,The Company,834 PACIFIC STREET,,BROOKLYN,NY,11238
8030280,EP PROPERTY INVEST LLC,2026-09-24,DOMESTIC LIMITED LIABILITY COMPANY,Oneida,New York,New Vision Servicing Group,1225 Franklin Ave,Ste 500,Garden City,NY,11530
8030281,BMC MOTORS LLC,2026-09-24,DOMESTIC LIMITED LIABILITY COMPANY,Orange,New York,BMC MOTORS LLC,18 HILL AVENUE,,HIGHLAND MILLS,NY,10930
8030282,"PHIPPS ADVENTURES, LLC",2026-09-24,DOMESTIC LIMITED LIABILITY COMPANY,Niagara,New York,James L Phipps,6819 Slayton Settlement Road,,Lockport,NY,14094
8030283,DEGEL SCOTIA LLC,2026-09-24,DOMESTIC LIMITED LIABILITY COMPANY,Schenectady,New York,NORTHWEST REGISTERED AGENT LLC,418 BROADWAY,STE N,ALBANY,NY,12207
8030284,RAMANTZ MAINTENANCE LLC,2026-09-24,DOMESTIC LIMITED LIABILITY COMPANY,Bronx,New York,RAMANTZ Maintenance LLC,2936 Bainbridge ave,1A,Bronx,NY,10458
8030285,THE SOCIETYBK LLC,2026-09-24,DOMESTIC LIMITED LIABILITY COMPANY,Kings,New York,THE SOCIETYBK LLC,640 Flatbush Ave,,Brooklyn,NY,11225
8030286,DGN NY LLC,2026-09-24,DOMESTIC LIMITED LIABILITY COMPANY,Onondaga,New York,NEIL PATEL,161 MARSHALL STREET,,SYRACUSE,NY,13210
8030287,MULLER SERVICES CORPORATION,2026-09-24,DOMESTIC BUSINESS CORPORATION,Sullivan,New York,EMERITA MULLER,90 DAVOS POINTE APT 301,,WOODRIDGE,NY,12789
8030288,AAA FIX IT RIGHT INC.,2026-09-24,DOMESTIC BUSINESS CORPORATION,Suffolk,New York,LOULEID SIDI MAOULOUD,32 GAETANO IN,,CORAM,NY,11728
8030289,BRC TECHNOLOGIES LLC,2026-09-24,DOMESTIC LIMITED LIABILITY COMPANY,Erie,New York,Suhas Chandane,7 Scooter Lane,,Hamburg,NY,14075
8030290,HADI INTERNATIONAL INC.,2026-09-24,DOMESTIC BUSINESS CORPORATION,Kings,New York,AKHTAR ALI,83 BRIGHTON CT FL2,,BROOKLYN,NY,11235
8030291,ENDLESS FACILITY SERVICES AND COMMERCIAL CLEANING LLC,2026-09-24,DOMESTIC LIMITED LIABILITY COMPANY,Queens,New York,KEVIN D GONZALEZ GALLEGO,3012 PARSONS BLVD,,FLUSHING,NY,11354
8030292,SWOOSH TRANSPORTATION LLC,2026-09-24,DOMESTIC LIMITED LIABILITY COMPANY,New York,New York,ZENBUSINESS INC.,41 STATE STREET,SUITE 112,ALBANY,NY,12207
8030293,STORIES & BONE LIMITED LIABILITY COMPANY,2026-09-24,DOMESTIC LIMITED LIABILITY COMPANY,Albany,New York,NORTHWEST REGISTERED AGENT LLC,418 BROADWAY,STE N,ALBANY,NY,12207
8030294,RUNCI RACING LLC,2026-09-24,DOMESTIC LIMITED LIABILITY COMPANY,Suffolk,New York,Zachary Runci,91 Bennetts Rd,,East Setauket,NY,11733
8030295,TOONREN PRODUCTIONS LLC,2026-09-24,DOMESTIC LIMITED LIABILITY COMPANY,Kings,New York,Bryan Yanbing Lee,223 Central Avenue,,Brooklyn,NY,11221
8030296,C & C FOAM LLC,2026-09-24,DOMESTIC LIMITED LIABILITY COMPANY,Chautauqua,New York,C &amp; C FOAM LLC,8193 PUTNAM ROAD,,SHERMAN,NY,14781
8030297,1023 UNION LLC,2026-09-24,DOMESTIC LIMITED LIABILITY COMPANY,Nassau,New York,1023 UNION LLC,79 WATER MILL LANE,,GREAT NECK,NY,11021
8030298,NK TRANSPORTATION AND TRAVEL INC.,2026-09-24,DOMESTIC BUSINESS CORPORATION,Richmond,New York,Nalin Kongahawatta,3240 Victory Blvd,,Staten Island,NY,10314
8030299,VENDLY LLC,2026-09-24,DOMESTIC LIMITED LIABILITY COMPANY,Kings,New York,VENDLY LLC,438 Ocean Pkwy Apt 5D,,Brooklyn,NY,11218
8030300,BMH DIESEL SERVICE LLC,2026-09-24,DOMESTIC LIMITED LIABILITY COMPANY,Schenectady,New York,Bryan haddon,133 spring rd,,Schenectady,NY,12302
8030301,SCB 2004 TEALL LLC,2026-09-24,DOMESTIC LIMITED LIABILITY COMPANY,Onondaga,New York,Mohamed Mahmoud,406 Willumae Drive,,Syracuse,NY,13208
8030302,ARIEL EVERYTHING REMOVAL CORP.,2026-09-24,DOMESTIC BUSINESS CORPORATION,New York,New York,ARIEL EVERYTHING REMOVAL CORP.,501 W 170th St,,New York,NY,10032
8030303,MAFLA ENTERPRISE GROUP LLC,2026-09-24,DOMESTIC LIMITED LIABILITY COMPANY,Queens,New York,kAREN BARAHONA,14956 Hawtree st,,ozone,NY,11417
8030304,QUANTIOLOGY LLC,2026-09-24,DOMESTIC LIMITED LIABILITY COMPANY,Albany,New York,NORTHWEST REGISTERED AGENT LLC,418 BROADWAY,STE N,ALBANY,NY,12207
8030305,C & C CONSTRUCTION & PLUMBING LLC,2026-09-24,DOMESTIC LIMITED LIABILITY COMPANY,Kings,New York,CALEB A JIMENEZ PAHUARA,193 MESEROLE ST,STE 2,BROOKLYN,NY,11206
8030306,TIMELESSLIFEGROUP LLC,2026-09-24,DOMESTIC LIMITED LIABILITY COMPANY,Monroe,New York,Kayann Sinclair,31 Lakecrest Ave,,Rochester,NY,14612
8030307,A.J.D. REFRIGERATION LLC,2026-09-24,DOMESTIC LIMITED LIABILITY COMPANY,Broome,New York,Alexander Delanoy,527 King St,,Castle Creek,NY,13744
8030308,14 LYNMORE LLC,2026-09-24,DOMESTIC LIMITED LIABILITY COMPANY,Rockland,New York,IRMA L LEMUS,274 S MIDDLETOWN RD,,NANUET,NY,10954
8030309,AMAN RESTAURANT LLC,2026-09-24,DOMESTIC LIMITED LIABILITY COMPANY,Bronx,New York,AMAN RESTAURANT LLC,3594 JEROME AVE,,BRONX,NY,10467
8030310,SANS SOUCI VENTURES LLC,2026-09-24,DOMESTIC LIMITED LIABILITY COMPANY,Kings,New York,Edson Roosevelt Paul,5106 AVe I,,Brooklyn,NY,11234
8030311,TENG CATERING INC.,2026-09-24,DOMESTIC BUSINESS CORPORATION,Kings,New York,TENG CATERING INC.,5008 7TH AVE APT 6E,,BROOKLYN,NY,11220
8030312,TRECA SOHO LLC,2026-09-24,DOMESTIC LIMITED LIABILITY COMPANY,New York,New York,Peyrot & Associates PC,"50 Pine Street, 8S",,New York,NY,10005
8030313,LOPEZ RENOVATIONS LLC,2026-09-24,DOMESTIC LIMITED LIABILITY COMPANY,Suffolk,New York,Miguel A. Lopez Rivera,28 Flintlock Dr.,,Shirley,NY,11967
8030314,BRIDGEPOINT WORK SERVICES LLC,2026-09-24,DOMESTIC LIMITED LIABILITY COMPANY,Bronx,New York,BridgePoint Work Services LLC,3912 Hill Ave,,Bronx,NY,10466
8030315,JULIEN RD LLC,2026-09-24,DOMESTIC LIMITED LIABILITY COMPANY,Orange,New York,Devorah Goldberger,491 RT 208 UNIT 123,,MONROE,NY,10950
8030316,LONG BEACH DELIVERY LLC,2026-09-24,DOMESTIC LIMITED LIABILITY COMPANY,Nassau,New York,MO HASSEN,1080 W BEECH ST,,EAST ATLANTIC BEACH,NY,11561
8030317,GOLDEN AURA ORGANICS LLC,2026-09-24,DOMESTIC LIMITED LIABILITY COMPANY,New York,New York,Golden Aura organics,98 oakwood road,98 oakwood road,HUNTINGTON,NY,11743
8030318,CHOUNE STORE LLC,2026-09-24,DOMESTIC LIMITED LIABILITY COMPANY,Kings,New York,REPUBLIC REGISTERED AGENT SERVICES INC.,54 STATE STREET,STE 804,ALBANY,NY,12207
8030319,PURELY PERFECT GLOW LLC,2026-09-24,DOMESTIC LIMITED LIABILITY COMPANY,New York,New York,TRESHA N QUAYE,769 E 168TH STREET,,BRONX,NY,10456
8030320,15 MAIN REALTY INC.,2026-09-24,DOMESTIC BUSINESS CORPORATION,Queens,New York,15 MAIN REALTY INC.,202-14 58TH AVENUE,,OAKLAND GARRDENS,NY,11364
8030321,ALACY LLC,2026-09-24,DOMESTIC LIMITED LIABILITY COMPANY,Queens,New York,CORPORATE FILINGS OF NEW YORK,90 STATE STREET,"STE 700, OFFICE 40",ALBANY,NY,12207
8030322,SENNET LLC,2026-09-24,DOMESTIC LIMITED LIABILITY COMPANY,Albany,New York,NORTHWEST REGISTERED AGENT LLC,418 BROADWAY,STE N,ALBANY,NY,12207
8030323,50 ECHO BAY LLC,2026-09-24,DOMESTIC LIMITED LIABILITY COMPANY,Bronx,New York,ADRIANA VASQUEZ,1650 BOGART AVENUE,,BRONX,NY,10462
8030324,OD NUTRA LLC,2026-09-24,DOMESTIC LIMITED LIABILITY COMPANY,Suffolk,New York,OD NUTRA LLC,489 S Delaware Ave,,Lindenhurst,NY,11757
8030325,K9 BASIC PERFECTION LLC,2026-09-24,DOMESTIC LIMITED LIABILITY COMPANY,Livingston,New York,K9 BASIC PERFECTION LLC,115 Main St Apt 1,,Mount Morris,NY,14510
8030326,BEN & ALISHA ELECTRIC INC.,2026-09-24,DOMESTIC BUSINESS CORPORATION,Orange,New York,Benjamin Ofeldt,21 Decker Rd,,Wallkill,NY,12589
8030327,MIS ANGELITOS NY INC.,2026-09-24,DOMESTIC BUSINESS CORPORATION,Kings,New York,MIS ANGELITOS NY INC.,7102 20TH AVE,,BROOKLYN,NY,11204
8030328,ART CLUB COLLECTIVE LLC,2026-09-24,DOMESTIC LIMITED LIABILITY COMPANY,Kings,New York,ART CLUB COLLECTIVE LLC,45 Main St Ste 240 #790965,,Brooklyn,NY,11201
8030329,VAL FRIAS LLC,2026-09-24,DOMESTIC LIMITED LIABILITY COMPANY,Genesee,New York,Vladimir Frias,101 Washington Ave,,Batavia,NY,140202112
8030330,NATIV COLOMBIA RETREAT INC.,2026-09-24,DOMESTIC BUSINESS CORPORATION,Queens,New York,Nativ Colombia Retreat Inc.,64-03 68th Ave,,Ridgewood,NY,11385
8030331,BLACKSPIRE HOLDINGS LLC,2026-09-24,DOMESTIC LIMITED LIABILITY COMPANY,Nassau,New York,Kareem Khalil,19 Lenore Ln.,,Farmingdale,NY,11735
8030332,RIVA DISTRO LLC,2026-09-24,DOMESTIC LIMITED LIABILITY COMPANY,Nassau,New York,THE LIMITED LIABILITY COMPANY,121 PARK AVE,,HICKSVILLE,NY,11801
8030333,ATLAS NEXT HORIZON LLC,2026-09-24,DOMESTIC LIMITED LIABILITY COMPANY,Queens,New York,Bobby Guastaferri,2139 45th Rd,FL2,Long Island City,NY,11101
8030334,JEREMY SILBERBERG LLC,2026-09-24,DOMESTIC LIMITED LIABILITY COMPANY,Kings,New York,Jeremy Silberberg,117 Noble St.,Apt. 2,Brooklyn,NY,11222
8030335,BRETON GENERE CONSULTING AGENTS LLC,2026-09-24,DOMESTIC LIMITED LIABILITY COMPANY,Westchester,New York,BRETON GENERE CONSULTING AGENTS LLC,35 Davenport Ave Apt Mg,,New Rochelle,NY,10805
8030336,8508 210 STREET LLC,2026-09-24,DOMESTIC LIMITED LIABILITY COMPANY,Queens,New York,LLC,7371 193rd Street,,Fresh Meadows,NY,11366
8030337,EVERBRIDGE TRADING LLC,2026-09-24,DOMESTIC LIMITED LIABILITY COMPANY,New York,New York,XU XIAO,870 59TH ST,,BROOKLYN,NY,11220
8030338,GANTRADING LLC,2026-09-24,DOMESTIC LIMITED LIABILITY COMPANY,New York,New York,Robert Gan,19951 24th rd,,Whitestone,NY,11357
8030339,AXM FIT LLC,2026-09-24,DOMESTIC LIMITED LIABILITY COMPANY,Nassau,New York,AXM FIT LLC,1640 Oswego Street,,East Meadow,NY,11554
8030340,S&N SIGNATURE USA LLC,2026-09-24,DOMESTIC LIMITED LIABILITY COMPANY,Suffolk,New York,S&N Signature USA LLC,457 HERRICKS ROAD,,NEW HYDE PARK,NY,11040
8030341,JIHAN CORPORATION,2026-09-24,DOMESTIC BUSINESS CORPORATION,Queens,New York,SARWAR ALAM &amp; SHAHJADA AHMED RONI,10629 154TH STREET,,JAMAICA,NY,11433
8030342,IWASHNEWYORK LLC,2026-09-24,DOMESTIC LIMITED LIABILITY COMPANY,Westchester,New York,LUIS JONHATAN SANCHEZ LARA,14 WESTVIEW AVE 508,,TUCKAHOE,NY,10707
8030343,VITARA LLC,2026-09-24,DOMESTIC LIMITED LIABILITY COMPANY,Queens,New York,Registered Agents Inc.,418 Broadway,STE R,ALBANY,NY,12207
8030344,ANY TRANSIT LLC,2026-09-24,DOMESTIC LIMITED LIABILITY COMPANY,Queens,New York,MD ABDUL WADUD,4215 LAYTON ST,2C,ELMHURST,NY,11373
8030345,SNS VALLEY LLC,2026-09-24,DOMESTIC LIMITED LIABILITY COMPANY,Queens,New York,SNS Valley LLC,457 HERRICKS ROAD,,NEW HYDE PARK,NY,11040
8030346,G&P JUICE INC.,2026-09-24,DOMESTIC BUSINESS CORPORATION,Queens,New York,G&P JUICE INC.,41-47 DENMAN ST,,Elmhurst,NY,11373
8030347,PR IMAGE & CREATIVE LLC,2026-09-24,DOMESTIC LIMITED LIABILITY COMPANY,New York,New York,Alona Hriaznova,605 West 42 Street,Apt 45M,New York,NY,10036
8030348,LAUREN FLORAL DESIGN CORP.,2026-09-24,DOMESTIC BUSINESS CORPORATION,Kings,New York,ANA L MARTINEZ,650 59TH STREET,,BROOKLYN,NY,11220
8030349,DAN HUB PAY LLC,2026-09-24,DOMESTIC LIMITED LIABILITY COMPANY,Bronx,New York,DAN HUB PAY LLC,755 Adee Ave,,Bronx,NY,10467
8030350,MAC ENTERNTAINMENT & FREELANCE SERVICES LLC,2026-09-24,DOMESTIC LIMITED LIABILITY COMPANY,New York,New York,Gertrude B Roberts McFarlane,960 East 58th Street,,Brooklynn,NY,11234
8030351,MIX WITH YOUR HEART LLC,2026-09-24,DOMESTIC LIMITED LIABILITY COMPANY,Albany,New York,NORTHWEST REGISTERED AGENT LLC,418 BROADWAY,STE N,ALBANY,NY,12207
8030352,KOUYATE ENTERPRISES LLC,2026-09-24,DOMESTIC LIMITED LIABILITY COMPANY,Bronx,New York,BEAUTY HAIR AND SUPLIES,1942 MCGRAW AVE STE 2,,BRONX,NY,10462
8030353,ENZO BARBER SHOP INC.,2026-09-24,DOMESTIC BUSINESS CORPORATION,Kings,New York,ENZO BARBER SHOP INC.,194 Duffield St,,Brooklyn,NY,11201
8030354,"CLOVER BAR AND GRILL, LLC",2026-09-24,DOMESTIC LIMITED LIABILITY COMPANY,Onondaga,New York,"CLOVER BAR AND GRILL, LLC",1925 WEST FAYETTE ST,,SYRACUSE,NY,13204
8030355,SIRRETBLUEWATERHOLDINGS LLC,2026-09-24,DOMESTIC LIMITED LIABILITY COMPANY,Bronx,New York,SIRRETBLUEWATERHOLDINGS LLC,721 Tinton Ave Apt 7J,,Bronx,NY,10455
8030356,HOGAR HOSPITALITY LLC,2026-09-24,DOMESTIC LIMITED LIABILITY COMPANY,Kings,New York,Nacxitl Gaxiola,457 Halsey St.,#3,Brooklyn,NY,11233
8030357,HT INTERNATIONAL TRADE INC.,2026-09-24,DOMESTIC BUSINESS CORPORATION,Kings,New York,FANG LIANG LU,640 62ND STREET,,BROOKLYN,NY,11220
8030358,1128 EASTERN PKWY LLC,2026-09-24,DOMESTIC LIMITED LIABILITY COMPANY,Kings,New York,Osama Almanastirly,971 US HIGHWAY 202N,#7540,BRANCHBURG,NJ,08876
8030359,WENNING EXECUTIVE SEARCH LLC,2026-09-24,DOMESTIC LIMITED LIABILITY COMPANY,New York,New York,Deborah Wenning,550 W 45th St,Suite 1617,New York,NY,10036
8030360,"BROOKLYN SPEED, LLC",2026-09-24,DOMESTIC LIMITED LIABILITY COMPANY,Kings,New York,BESHOUY MAGDI SHOKRY WAHBA,942 67TH STRE APT A1,,BROOKLYN,NY,11219
8030361,DAY PATTISON ENTERPRISES LLC,2026-09-24,DOMESTIC LIMITED LIABILITY COMPANY,Chautauqua,New York,Shannon D Pattison,48 Durant Ave,,Jamestown,NY,14701
8030362,SELSABEAL LLC,2026-09-24,DOMESTIC LIMITED LIABILITY COMPANY,Richmond,New York,LAW FIRM OF LAZZARO AND LAZZARO P.C.,360 COURT STREET,SUITE 3201,BROOKLYN,NY,11231
8030363,PHILO CHICKEN LLC,2026-09-24,DOMESTIC LIMITED LIABILITY COMPANY,New York,New York,RAMY IBRAHIM,2506 HYLAN BLVD,,STATEN ISLAND,NY,10306
8030364,JRM 8632 CONSULTING LLC,2026-09-24,DOMESTIC LIMITED LIABILITY COMPANY,Wyoming,New York,JAY R MAY,PARK ST.,,ARCADE,NY,14009
8030365,MARIE JONES SELFHELP LLC,2026-09-24,DOMESTIC LIMITED LIABILITY COMPANY,Orange,New York,MARIE JONES,94 MONARCH DR,,NEWBURGH,NY,12550
8030366,"RSR DYNASTY, INC.",2026-09-24,DOMESTIC BUSINESS CORPORATION,Kings,New York,"RSR DYNASTY, INC.",1260 E 57TH ST STE 1,,BROOKLYN,NY,11234
8030367,"CUOR DI LEONE AUTOMATED KIOSK RETAIL SYSTEMS, LLC",2026-09-24,DOMESTIC LIMITED LIABILITY COMPANY,New York,New York,"Cuor Di Leone Automated Kiosk Retail Systems, LLC",1178 Broadway Ste 2019,Fl 3,New York,NY,10001
8030368,CHAMBERLAIN REPAIR SERVICES LLC,2026-09-24,DOMESTIC LIMITED LIABILITY COMPANY,Cattaraugus,New York,CHAMBERLAIN REPAIR SERVICES LLC,59 Fawn Ave,,Salamanca,NY,14779
8030369,KAPITAL ENTERPRISES L.L.C.,2026-09-24,DOMESTIC LIMITED LIABILITY COMPANY,New York,New York,Entity Protect Registered Agent Services LLC,447 Broadway 2nd Fl. - #3000,,New York,NY,10013
8030370,REFINED WELLNESS ENVIRONMENTS LLC,2026-09-24,DOMESTIC LIMITED LIABILITY COMPANY,Nassau,New York,REFINED WELLNESS ENVIRONMENTS LLC,60 Bellmore Ave,,Point Lookout,NY,11569
8030371,DECKED OUT CRUISES TRAVEL AGENCY LLC,2026-09-24,DOMESTIC LIMITED LIABILITY COMPANY,Albany,New York,NORTHWEST REGISTERED AGENT LLC,418 BROADWAY,STE N,ALBANY,NY,12207
8030372,21-23 GREENE ST LLC,2026-09-24,DOMESTIC LIMITED LIABILITY COMPANY,Albany,New York,NORTHWEST REGISTERED AGENT LLC,418 BROADWAY,STE N,ALBANY,NY,12207
8030373,SMILES PER HOUR WORKSHOP LLC,2026-09-24,DOMESTIC LIMITED LIABILITY COMPANY,Albany,New York,NORTHWEST REGISTERED AGENT LLC,418 BROADWAY,STE N,ALBANY,NY,12207
8030374,VISION RESERVED LLC,2026-09-24,DOMESTIC LIMITED LIABILITY COMPANY,Monroe,New York,Jared Gerbino,2324 Pinnacle Road,,Rush,NY,14543
8030375,ALO360 TAX & MULTI-SERVICE LLC,2026-09-24,DOMESTIC LIMITED LIABILITY COMPANY,Bronx,New York,Alo360 Tax &amp; Multi-Service Llc,254 Burnside Ave,,Bronx,NY,10457
8030376,GOOD RITUALS INC.,2026-09-24,DOMESTIC BUSINESS CORPORATION,Kings,New York,LASHORN SAMUEL,33 BOND ST,2120,BROOKLYN,NY,11201
8030377,"LOPEZ TAX SERVICES, LLC",2026-09-24,DOMESTIC LIMITED LIABILITY COMPANY,Bronx,New York,ESMELIN EMILIO FIGUEREO LOPEZ,552 ROSEDALE AVE,APT N42,BRONX,NY,10473
8030378,SPOTLESS BEHAVIOR LLC,2026-09-24,DOMESTIC LIMITED LIABILITY COMPANY,Queens,New York,SPOTLESS BEHAVIOR LLC,107-45 123RD STREET,,RICHMOND HILL,NY,11419
8030379,T. E. S. DELIVERIES LLC,2026-09-24,DOMESTIC LIMITED LIABILITY COMPANY,Nassau,New York,Entity Protect Registered Agent Services LLC,447 Broadway 2nd Fl. - #3000,,New York,NY,10013
8030380,JETSKIVIBES LLC,2026-09-24,DOMESTIC LIMITED LIABILITY COMPANY,Monroe,New York,836 Seward st,836 Seward St,,Rochester,NY,14611
8030381,KETVA SYSTEMS LLC,2026-09-24,DOMESTIC LIMITED LIABILITY COMPANY,New York,New York,KETVA Systems LLC,1441 Broadway,6th Floor Suite 6084,New York,NY,10018
8030382,"PARADISE VALLEY XPRESS, LLC",2026-09-24,DOMESTIC LIMITED LIABILITY COMPANY,Oneida,New York,Paradise Valley Xpress,6770 Martin Rd,,Rome,NY,13440
8030383,HAON LLC,2026-09-24,DOMESTIC LIMITED LIABILITY COMPANY,Albany,New York,Northwest Registered Agent LLC,418 Broadway,STE N,Albany,NY,12207
8030384,MWK ENTERPRISES LLC,2026-09-24,DOMESTIC LIMITED LIABILITY COMPANY,St. Lawrence,New York,Krystal Anson,503 Howardville Road,,Canton,NY,13617
8030385,BC LEGACY HOLDINGS LLC,2026-09-24,DOMESTIC LIMITED LIABILITY COMPANY,Albany,New York,NORTHWEST REGISTERED AGENT LLC,418 BROADWAY,STE N,ALBANY,NY,12207
8030386,356 FULTON FUEL & MART LLC,2026-09-24,DOMESTIC LIMITED LIABILITY COMPANY,Nassau,New York,Manpreet Singh,1748 West End Avenue,,New Hyde Park,NY,11040
8030387,FERREIRA SEPTIC INSPECTION LLC,2026-09-24,DOMESTIC LIMITED LIABILITY COMPANY,Westchester,New York,Daniel Ferreira,33 Revolutionary Rd,,Cortlandt Manor,NY,10567
8030388,MYRTLE AVENUE SOAP COMPANY LLC,2026-09-24,DOMESTIC LIMITED LIABILITY COMPANY,Queens,New York,Suzy Johnston,7318 71st Street,,Glendale,NY,11385
8030389,ADYLBEKOV SERVICES LLC,2026-09-24,DOMESTIC LIMITED LIABILITY COMPANY,Kings,New York,Adylbekov Services LLC,1114 E 36th St,,BROOKLYN,NY,11210
8030390,MADE BY MARKED LLC,2026-09-24,DOMESTIC LIMITED LIABILITY COMPANY,New York,New York,Courtney Berman,300 East 75th St,Apt 23J,New York,NY,10021
8030391,MATTARONIS CAB AND MARKETS LLC,2026-09-24,DOMESTIC LIMITED LIABILITY COMPANY,Queens,New York,Matt,5301 32nd Ave,Apt 2P,Woodside,NY,11377
8030392,UZHCA VENTURES LLC,2026-09-24,DOMESTIC LIMITED LIABILITY COMPANY,Nassau,New York,Uzhca Ventures LLC c/o [Edward Uzhca],1106 Philip Ct,,Valley Stream,NY,11580
8030393,EMPIRE CROWN LLC,2026-09-24,DOMESTIC LIMITED LIABILITY COMPANY,Rockland,New York,Hamza ali,61 s Mary Francis st,,Tappan,NY,10983
8030424,MAGUIRE CONEY ISLAND JV MEMBER LLC,2026-09-24,DOMESTIC LIMITED LIABILITY COMPANY,New York,New York,MAGUIRE CONEY ISLAND JV MEMBER LLC,400 madison avenue suite 5d,attn: marvin azrak,NEW YORK,NY,10017
8030430,SARA MAHDAVI LLC,2026-09-24,FOREIGN LIMITED LIABILITY COMPANY,Albany,Georgia,NORTHWEST REGISTERED AGENT LLC,"418 BROADWAY, STE N",,ALBANY,NY,12207
8030435,AMERICAN FOOTBALL INC.,2026-09-24,FOREIGN BUSINESS CORPORATION,Albany,Delaware,CORPORATION SERVICE COMPANY,80 STATE STREET,,ALBANY,NY,122072543
8030448,PM PROPERTIES BX2 LLC,2026-09-24,FOREIGN LIMITED LIABILITY COMPANY,Westchester,Delaware,CORPORATION SERVICE COMPANY,80 STATE STREET,,ALBANY,NY,122072543
8030451,SEVEN IVY LLC,2026-09-24,FOREIGN LIMITED LIABILITY COMPANY,Albany,Delaware,CORPORATION SERVICE COMPANY,80 STATE STREET,,ALBANY,NY,122072543
8030466,DA WU MEDICAL PRACTICE PLLC,2026-09-24,DOMESTIC PROFESSIONAL SERVICE LIMITED LIABILITY COMPANY,Rockland,New York,DA WU MEDICAL PRACTICE PLLC,324 avalon gardens dr.,,NANUET,NY,10954
8030468,"SIWA TECHNOLOGIES, LLC",2026-09-24,FOREIGN LIMITED LIABILITY COMPANY,Albany,Delaware,c/o URS AGENTS INC.,ONE COMMERCE PLAZA,"99 WASHINGTON AVE., SUITE 805A",ALBANY,NY,12210
8030470,MAVROSON FUNCTIONAL MEDICINE P.C.,2026-09-24,DOMESTIC PROFESSIONAL SERVICE CORPORATION,Nassau,New York,MAVROSON FUNCTIONAL MEDICINE P.C.,57 LAUREL LN,,ROSLYN HEIGHTS,NY,11577
8030474,7522 SENECA ROAD LLC,2026-09-24,DOMESTIC LIMITED LIABILITY COMPANY,Steuben,New York,7522 SENECA ROAD LLC,7522 seneca road north,,HORNELL,NY,14843
8030480,WHEATRICK E49 LLC,2026-09-24,DOMESTIC LIMITED LIABILITY COMPANY,Westchester,New York,"c/o UNITED CORPORATE SERVICES, INC.","10 BANK STREET, suite 560",,WHITE PLAINS,NY,10606
8030486,"ONNI CONTRACTING, INC.",2026-09-24,DOMESTIC BUSINESS CORPORATION,Erie,New York,"ONNI CONTRACTING, INC.",p.o. box 131,,BUFFALO,NY,14212
8030494,"HSREP X-B CB1, LLC",2026-09-24,FOREIGN LIMITED LIABILITY COMPANY,New York,Delaware,c/o REGISTERED AGENTS INC.,418 BROADWAY STE R,,ALBANY,NY,12207
8030503,ISLAND WORK CARES INC.,2026-09-24,DOMESTIC NOT-FOR-PROFIT CORPORATION,Suffolk,New York,ISLAND WORK CARES INC.,138 fieldstone ct,,MIDDLE ISLAND,NY,11953
8030506,HAMPTONS BIRCHWOOD LLC,2026-09-24,DOMESTIC LIMITED LIABILITY COMPANY,Suffolk,New York,c/o daniel zilberman,2 west water street unit b,,SAG HARBOR,NY,11963
8030507,"GOING YOUR OWN WAY, LLC",2026-09-24,DOMESTIC LIMITED LIABILITY COMPANY,Westchester,New York,"GOING YOUR OWN WAY, LLC",348 4TH AVENUE,#1006,BROOKLYN,NY,11215
8030508,"VIVIANNE ALBERT, NURSE PRACTITIONER IN PSYCHIATRY AND ADULT HEALTH, PLLC",2026-09-24,DOMESTIC PROFESSIONAL SERVICE LIMITED LIABILITY COMPANY,Rockland,New York,"VIVIANNE ALBERT, NURSE PRACTITIONER IN PSYCHIATRY AND ADULT HEALTH, PLLC",27 johnson dr,,STONY POINT,NY,10980
8030518,1001693199 ONTARIO INC.,2026-09-24,FOREIGN BUSINESS CORPORATION,Albany,New York,1001693199 ONTARIO INC.,"418 BROADWAY, STE N",,ALBANY,NY,12207
8030520,SUSAN E WAGNER HIGH SCHOOL DANCE TEAM CORP.,2026-09-24,DOMESTIC NOT-FOR-PROFIT CORPORATION,Richmond,New York,SUSAN E WAGNER HIGH SCHOOL DANCE TEAM CORP.,785 w fingerboard road,,STATEN ISLAND,NY,10305
8030527,"CUTLER HAMMOCK HOUSING GP, LLC",2026-09-24,DOMESTIC LIMITED LIABILITY COMPANY,New York,New York,CORPORATION SERVICE COMPANY,80 STATE STREET,,ALBANY,NY,122072543
8030528,MY AUNTIE'S FAMILY GROUP DAY CARE LLC,2026-09-24,DOMESTIC LIMITED LIABILITY COMPANY,Bronx,New York,zobeida v. batista,"760 pelham parkway s, 5a",,BRONX,NY,10462
8030529,"MATTHEW MCLAUGHLIN, DO, PLLC",2026-09-24,DOMESTIC PROFESSIONAL SERVICE LIMITED LIABILITY COMPANY,Orange,New York,"MATTHEW MCLAUGHLIN, DO, PLLC",8 w meadow way,,CHESTER,NY,10918
8030534,MUSHIERI VENEZIA USA INCORPORATED,2026-09-24,FOREIGN BUSINESS CORPORATION,New York,Maryland,the corporatio,c/o emanuel new york,329 west 39th street,NEW YORK,NY,10018
8030542,"KEEL GP, LLC",2026-09-24,FOREIGN LIMITED LIABILITY COMPANY,New York,Delaware,C/O DANIEL PICMANN,106 W 56TH ST,7TH FLOOR,NEW YORK,NY,10019
8030543,"KEEL CAPITAL, LLC",2026-09-24,FOREIGN LIMITED LIABILITY COMPANY,New York,Delaware,c/o daniel picmann,106 w 56th st 7th floor,,NEW YORK,NY,10019
8030545,"PELVIC WELLNESS MANAGEMENT GROUP, LLC",2026-09-24,DOMESTIC LIMITED LIABILITY COMPANY,Suffolk,New York,"PELVIC WELLNESS MANAGEMENT GROUP, LLC",3 dakota drive suite 300,"attn: ayman soliman, esq.",lake success,NY,11042
8030546,JINDAL INVESTMENTS LTD.,2026-09-24,FOREIGN BUSINESS CORPORATION,Erie,New York,JINDAL INVESTMENTS LTD.,418 BROADWAY STE R,,ALBANY,NY,12207
8030552,SOHRA PEAK GP LLC,2026-09-24,FOREIGN LIMITED LIABILITY COMPANY,New York,Delaware,SOHRA PEAK GP LLC,attention: jonathan a. cukierwar,"380 lexington avenue, floor 4",NEW YORK,NY,10168
8030555,BOLD ATLAS LLC,2026-09-24,DOMESTIC LIMITED LIABILITY COMPANY,New York,New York,MARIO CAMALA,"222 EDGECOMBE AVENUE, 3F",,NEW YORK,NY,10030
8030556,"KEEL PARTNERS, LLC",2026-09-24,FOREIGN LIMITED LIABILITY COMPANY,New York,Delaware,c/o daniel picmann,106 w 56th st,7th floor,NEW YORK,NY,10019
8030559,"JIFFY LUBE, LLC",2026-09-24,FOREIGN LIMITED LIABILITY COMPANY,New York,Delaware,C/O C T CORPORATION SYSTEM,28 LIBERTY STREET,,NEW YORK,NY,10005
8030565,INDIVIDUALIZED PSYCHIATRY PLLC,2026-09-24,DOMESTIC PROFESSIONAL SERVICE LIMITED LIABILITY COMPANY,Albany,New York,NORTHWEST REGISTERED AGENT LLC,418 BROADWAY STE. N,,ALBANY,NY,12207
8030566,NASSAU COUNTY POLICE ASIAN JADE SOCIETY INC.,2026-09-24,DOMESTIC NOT-FOR-PROFIT CORPORATION,Nassau,New York,NASSAU COUNTY POLICE ASIAN JADE SOCIETY INC.,1490 franklin ave,,MINEOLA,NY,11501
8030569,RI INTEGRATIVE DENTISTRY PLLC,2026-09-24,DOMESTIC PROFESSIONAL SERVICE LIMITED LIABILITY COMPANY,Kings,New York,RI INTEGRATIVE DENTISTRY PLLC,3043 emmons ave,,BROOKLYN,NY,11235
8030570,SIGNATURE RN P.C.,2026-09-24,DOMESTIC PROFESSIONAL SERVICE CORPORATION,Kings,New York,SIGNATURE RN P.C.,"357 94th st.,",,BROOKLYN,NY,11209
8030571,SOHRA PEAK CAPITAL PARTNERS L.P.,2026-09-24,FOREIGN LIMITED PARTNERSHIP,New York,Delaware,SOHRA PEAK CAPITAL PARTNERS L.P.,ATTENTION: JONATHAN A. CUKIERWAR,"380 LEXINGTON AVENUE, FLOOR 4",NEW YORK,NY,10168
8030575,EVENTS ECONOMIC EMPOWERMENT FOUNDATION INC.,2026-09-24,DOMESTIC NOT-FOR-PROFIT CORPORATION,Suffolk,New York,laura a. palker,78 horton drive south,,HUNTINGTON STATION,NY,11746
8030577,SWAMPWIFE PICTURES LLC,2026-09-24,DOMESTIC LIMITED LIABILITY COMPANY,New York,New York,COGENCY GLOBAL INC.,122 EAST 42ND STREET,18TH FLOOR,NEW YORK,NY,10168
8030589,"LEE DRYWALL + CARPENTRY SERVICES, LLC",2026-09-24,DOMESTIC LIMITED LIABILITY COMPANY,Wyoming,New York,"LEE DRYWALL + CARPENTRY SERVICES, LLC",28 north center street,,PERRY,NY,14530
8030592,ACS DENTAL PLLC,2026-09-24,DOMESTIC PROFESSIONAL SERVICE LIMITED LIABILITY COMPANY,New York,New York,ACS DENTAL PLLC,2205 3rd ave unit 6d,,NEW YORK,NY,10035
8030601,COVE GWL LLC,2026-09-24,DOMESTIC LIMITED LIABILITY COMPANY,Orange,New York,COVE GWL LLC,57 arianne court,,GREENWOOD LAKE,NY,10925
8030638,418 ACUPUNCTURE P.C.,2026-09-24,DOMESTIC PROFESSIONAL SERVICE CORPORATION,New York,New York,418 ACUPUNCTURE P.C.,"418 e 71st,",suite 21,NEW YORK,NY,10021
8030652,"STAYTON HUMAN RESOURCES MANAGEMENT, LLC",2026-09-24,FOREIGN LIMITED LIABILITY COMPANY,Oneida,Florida,"STAYTON HUMAN RESOURCES MANAGEMENT, LLC",52 riley rd,suite 426,celebration,FL,34747
8030653,"107 CHAMPLAIN STREET, LLC",2026-09-24,DOMESTIC LIMITED LIABILITY COMPANY,Albany,New York,"107 CHAMPLAIN STREET, LLC",p.o. box 11095,,ALBANY,NY,12211
8030676,MAGUIRE CONEY ISLAND HOLDINGS LLC,2026-09-24,DOMESTIC LIMITED LIABILITY COMPANY,New York,New York,MAGUIRE CONEY ISLAND HOLDINGS LLC,400 madison avenue suite 5d,attn: marvin azrak,NEW YORK,NY,10017
8030679,VAN'S LEGACY HOLDINGS LLC,2026-09-24,DOMESTIC LIMITED LIABILITY COMPANY,Suffolk,New York,"c/o robert j. ahlstrom, esq.",four skylark court,,south huntington,NY,11746
8030694,SHERIFF THE MINI HORSE LLC,2026-09-24,DOMESTIC LIMITED LIABILITY COMPANY,Suffolk,New York,"C/O TWOMEY, LATHAM, SHEA, KELLEY, DUBIN & QUARTARARO, LLP",33 WEST SECOND STREET,P.O. BOX 9398,RIVERHEAD,NY,119019398
8030709,"STARS BESIDE MAKAYLA'S MOON, INC.",2026-09-24,DOMESTIC NOT-FOR-PROFIT CORPORATION,Suffolk,New York,"STARS BESIDE MAKAYLA'S MOON, INC.",32 pine road,mastic beach,MASTIC BEACH,NY,11951
8030716,"HBK ADVISORY GROUP, LLC",2026-09-24,FOREIGN LIMITED LIABILITY COMPANY,Albany,Delaware,C T CORPORATION SYSTEM,28 LIBERTY STREET,,NEW YORK,NY,10005
8030720,THE MOUNT BAEKDU HEALTH SERVICE LLC,2026-09-24,FOREIGN LIMITED LIABILITY COMPANY,New York,Delaware,THE MOUNT BAEKDU HEALTH SERVICE LLC,845 UNITED NATIONS PLAZA,UNIT 8A,NEW YORK,NY,10017
8030761,GRAM CENTRAL INC.,2026-09-24,DOMESTIC BUSINESS CORPORATION,Queens,New York,GRAM CENTRAL INC.,102-10 METROPOLITAN AVE.,,FOREST HILLS,NY,11375
8030772,"MAVERICK18, LLC",2026-09-24,DOMESTIC LIMITED LIABILITY COMPANY,Warren,New York,"MAVERICK18, LLC",30 JAMES STREET,,WARRENSBURG,NY,12885
8030782,EVERGREEN MASSAGE THERAPY PLLC,2026-09-24,DOMESTIC PROFESSIONAL SERVICE LIMITED LIABILITY COMPANY,Orange,New York,EVERGREEN MASSAGE THERAPY PLLC,1291 DOLSONTOWN RD.,,MIDDLETOWN,NY,10940
8030794,AJM CONDOS LLC,2026-09-24,DOMESTIC LIMITED LIABILITY COMPANY,New York,New York,AJM CONDOS LLC,"50 riverside drive, apt. 10b",,NEW YORK,NY,10024
8030795,"TR ELECTRIC MAINTENANCE, CORP.",2026-09-24,DOMESTIC BUSINESS CORPORATION,Nassau,New York,"TR ELECTRIC MAINTENANCE, CORP.",258 munro blvd,,VALLEY STREAM,NY,115813451
8030797,GENTLE PAWS VETERINARY CLINIC PLLC,2026-09-24,DOMESTIC PROFESSIONAL SERVICE LIMITED LIABILITY COMPANY,Albany,New York,GENTLE PAWS VETERINARY CLINIC PLLC,"104-11 120TH ST, STE 1",,SOUTH RICHMOND HILL,NY,11419
8030805,ROYSON II LLC,2026-09-24,DOMESTIC LIMITED LIABILITY COMPANY,New York,New York,COGENCY GLOBAL INC.,122 EAST 42ND STREET,18TH FLOOR,NEW YORK,NY,10168
8030809,"AGIL HVAC, LLC",2026-09-24,FOREIGN LIMITED LIABILITY COMPANY,Albany,Delaware,"CAPITOL SERVICES, INC.",1218 CENTRAL AVE.,SUITE 100,ALBANY,NY,12205
8030810,"JESSICA MCCLUSKEY, M.D., P.C.",2026-09-24,DOMESTIC PROFESSIONAL SERVICE CORPORATION,New York,New York,COGENCY GLOBAL INC.,122 E 42ND STREET,18TH FLOOR,NEW YORK,NY,10168
8030813,1527 PROPCO LLC,2026-09-24,FOREIGN LIMITED LIABILITY COMPANY,New York,Delaware,COGENCY GLOBAL INC.,122 EAST 42ND STREET,18TH FLOOR,NEW YORK,NY,10168
8030818,EMPIRE RETAIL 716 INC.,2026-09-24,DOMESTIC BUSINESS CORPORATION,Niagara,New York,EMPIRE RETAIL 716 INC.,3046 niagrara falls boulevard,suite b,NORTH TONAWANDA,NY,14120
8030822,DEALERSHIP CONSULTING SERVICES LLC,2026-09-24,DOMESTIC LIMITED LIABILITY COMPANY,Westchester,New York,DEALERSHIP CONSULTING SERVICES LLC,C/O 712 HALF MOON BAY DRIVE,UNIT 7-13,CROTON ON HUDSON,NY,10520
8030823,ADVANTE CUSTOMS BROKER AND FREIGHT FORWARDERS INC.,2026-09-24,FOREIGN BUSINESS CORPORATION,Queens,California,ADVANTE CUSTOMS BROKER AND FREIGHT FORWARDERS INC.,15506 S CONDUIT AVE SUITE 202,,JAMAICA,NY,11434
8030824,"LITTLE T PROPERTIES, LLC",2026-09-24,DOMESTIC LIMITED LIABILITY COMPANY,Chautauqua,New York,c/o the llc,2597 alexander road,,ASHVILLE,NY,14710
8030829,SHINE CHIROPRACTIC PLLC,2026-09-24,DOMESTIC PROFESSIONAL SERVICE LIMITED LIABILITY COMPANY,Albany,New York,LEGALINC CORPORATE SERVICES INC.,"1967 WEHRLE DRIVE, SUITE 1086",,BUFFALO,NY,14221
8030846,DIGI INTERNATIONAL INC.,2026-09-24,FOREIGN BUSINESS CORPORATION,Suffolk,Delaware,C/O C T CORPORATION SYSTEM,28 LIBERTY STREET,,NEW YORK,NY,10005
8030863,"OPENGEAR, INC.",2026-09-24,FOREIGN BUSINESS CORPORATION,Suffolk,Utah,C/O C T CORPORATION SYSTEM,28 LIBERTY STREET,,NEW YORK,NY,10005
8030868,SUKRITI GUPTA MENTAL HEALTH COUNSELING P.C.,2026-09-24,DOMESTIC PROFESSIONAL SERVICE CORPORATION,Queens,New York,sukriti gupta,146-50 bayside avenue,,FLUSHING,NY,11354
8030873,DOMAIN SPECTRA INC.,2026-09-24,FOREIGN BUSINESS CORPORATION,Queens,Delaware,CORPORATION SERVICE COMPANY,80 STATE STREET,,ALBANY,NY,122072543
8030875,SHARON MCCASKILL NUTRITION PLLC,2026-09-24,DOMESTIC PROFESSIONAL SERVICE LIMITED LIABILITY COMPANY,Rensselaer,New York,SHARON MCCASKILL NUTRITION PLLC,242 pinewoods rd.,,MELROSE,NY,12121
8030884,RED-TAILED HAWK LLC,2026-09-24,DOMESTIC LIMITED LIABILITY COMPANY,New York,New York,PROSKAUER ROSE LLP,11 TIMES SQUARE,,NEW YORK,NY,10036
8030885,SH 1527 FUNDING LLC,2026-09-24,FOREIGN LIMITED LIABILITY COMPANY,New York,Delaware,COGENCY GLOBAL INC.,122 EAST 42ND STREET,18TH FLOOR,NEW YORK,NY,10168
8030893,WAYPOINT PSYCHOTHERAPY SERVICES LCSW PLLC,2026-09-24,DOMESTIC PROFESSIONAL SERVICE LIMITED LIABILITY COMPANY,Albany,New York,WAYPOINT PSYCHOTHERAPY SERVICES LCSW PLLC,447 BROADWAY 2ND FLOOR #1339,,NEW YORK,NY,10013
8030898,"ELEVATION WORKFORCE SOLUTIONS, LLC",2026-09-24,DOMESTIC LIMITED LIABILITY COMPANY,Albany,New York,"ELEVATION WORKFORCE SOLUTIONS, LLC","455 tarrytown road, ste. 1166",,WHITE PLAINS,NY,10607
8030915,DIFFUSEDRIVE INC.,2026-09-24,FOREIGN BUSINESS CORPORATION,New York,Delaware,DIFFUSEDRIVE INC.,"80 rainey st,",unit 3218,AUSTIN,TX,78701
8030918,MALTIN PR US INC.,2026-09-24,FOREIGN BUSINESS CORPORATION,New York,Delaware,MALTIN PR US INC.,"13T, THE BUCHANAN",160 EAST 48TH STREET,NEW YORK,NY,10017
8030923,"9W RG, LLC",2026-09-24,DOMESTIC LIMITED LIABILITY COMPANY,Orange,New York,"9W RG, LLC",1012 washington green,,NEW WINDSOR,NY,12553
8030924,FUEL ROOM MARKETS LLC,2026-09-24,FOREIGN LIMITED LIABILITY COMPANY,Suffolk,Delaware,FUEL ROOM MARKETS LLC,25 FAIRWAY DRIVE,,MIDDLE ISLAND,NY,11953
8030933,MARIE GREGORY STUDIO LLC,2026-09-24,DOMESTIC LIMITED LIABILITY COMPANY,Kings,New York,MARIE GREGORY STUDIO LLC,184 joralemon st @12b,,BROOKLYN,NY,11201
8030942,ESSENTIAL DERMATOLOGY PLLC,2026-09-24,DOMESTIC PROFESSIONAL SERVICE LIMITED LIABILITY COMPANY,Westchester,New York,ESSENTIAL DERMATOLOGY PLLC,"656 CENTRAL PARK AVE,",STE 118,SCARSDALE,NY,10583
8030944,"BRIANA L. PARTON, NP IN PSYCHIATRY, PLLC",2026-09-24,DOMESTIC PROFESSIONAL SERVICE LIMITED LIABILITY COMPANY,Wyoming,New York,"BRIANA L. PARTON, NP IN PSYCHIATRY, PLLC",7149 swyers road,,CASTILE,NY,14427
8030974,KELLER HOUSE INC.,2026-09-24,DOMESTIC BUSINESS CORPORATION,New York,New York,C/O BESPOKE THEATRICALS,230 W. 41ST STREET,"SUITE 1703, ATTN: KEVIN KEUDELL",NEW YORK,NY,10036
8030975,"MIND INSIGHT NP IN PSYCHIATRY, PLLC",2026-09-24,DOMESTIC PROFESSIONAL SERVICE LIMITED LIABILITY COMPANY,Kings,New York,"MIND INSIGHT NP IN PSYCHIATRY, PLLC",2107 63rd street,,BROOKLYN,NY,11204
8030981,15TH AVENUE 1 NY LLC,2026-09-24,FOREIGN LIMITED LIABILITY COMPANY,Kings,Delaware,C/O C T CORPORATION SYSTEM,28 LIBERTY STREET,,NEW YORK,NY,10005
8030989,"SENECA EASTWOOD, LLC",2026-09-24,DOMESTIC LIMITED LIABILITY COMPANY,Erie,New York,"SENECA EASTWOOD, LLC",70 meadowbrook drive,,ELMA,NY,14059
8030996,"HALSEY FAM, LLC",2026-09-24,DOMESTIC LIMITED LIABILITY COMPANY,New York,New York,dan n. harroch,50 e. 77th street,apt. 5a,NEW YORK,NY,10075
8031002,BELODOG LIMITED PARTNERSHIP,2026-09-24,DOMESTIC LIMITED PARTNERSHIP,Suffolk,New York,BELODOG LIMITED PARTNERSHIP,104 osprey way,,water mill,NY,11980
8031012,JOSEPH J LESH MD PLLC,2026-09-24,DOMESTIC PROFESSIONAL SERVICE LIMITED LIABILITY COMPANY,New York,New York,JOSEPH J LESH MD PLLC,1325 millersport highway @101b,,BUFFALO,NY,14221
8031014,PLEASANT VIEW CATSKILLS LLC,2026-09-24,FOREIGN LIMITED LIABILITY COMPANY,Columbia,Michigan,PLEASANT VIEW CATSKILLS LLC,265 fish and game rd.,,claverack,NY,12534
8031020,LEXINGTON MEDICAL WELLNESS PLLC,2026-09-24,DOMESTIC PROFESSIONAL SERVICE LIMITED LIABILITY COMPANY,New York,New York,LEXINGTON MEDICAL WELLNESS PLLC,271 lexington avenue,,NEW YORK,NY,10016
8031022,"DROMOS ROBOTICS, INC.",2026-09-24,FOREIGN BUSINESS CORPORATION,Kings,Delaware,CORPORATION SERVICE COMPANY,80 STATE STREET,,ALBANY,NY,122072543
8031024,OLD FORGE PHYSICAL THERAPY PLLC,2026-09-24,DOMESTIC PROFESSIONAL SERVICE LIMITED LIABILITY COMPANY,Herkimer,New York,OLD FORGE PHYSICAL THERAPY PLLC,po box 571,,OLD FORGE,NY,13420
8031030,"SEVENTH HOUSE MENTAL HEALTH COUNSELING, PLLC",2026-09-24,DOMESTIC PROFESSIONAL SERVICE LIMITED LIABILITY COMPANY,Albany,New York,"SEVENTH HOUSE MENTAL HEALTH COUNSELING, PLLC","418 broadway, ste r",,ALBANY,NY,12207
8031033,NYC DRIVING SCHOOL CORP.,2026-09-24,DOMESTIC BUSINESS CORPORATION,New York,New York,NYC DRIVING SCHOOL CORP.,4243b broadway,,NEW YORK,NY,10033
8031038,BEAR CAT HOLDINGS LLC,2026-09-24,DOMESTIC LIMITED LIABILITY COMPANY,Albany,New York,CORPORATION SERVICE COMPANY,80 STATE STREET,,ALBANY,NY,122072543
8031045,ENSEMBLE DANCE COMPETITIONS LLC,2026-09-24,FOREIGN LIMITED LIABILITY COMPANY,Albany,Delaware,C/O CORPORATION SERVICE COMPANY,80 STATE STREET,,ALBANY,NY,122072543
8031048,VIDEO VISIONS ORG LLC,2026-09-24,FOREIGN LIMITED LIABILITY COMPANY,Columbia,Delaware,c/o ACCUMERA LLC,"911 CENTRAL AVENUE, #101",,ALBANY,NY,12206
8031054,"CUTLER RIVERSIDE HOUSING GP, LLC",2026-09-24,DOMESTIC LIMITED LIABILITY COMPANY,New York,New York,CORPORATION SERVICE COMPANY,80 STATE STREET,,ALBANY,NY,122072543
8031064,ACE'S DEN LLC,2026-09-24,DOMESTIC LIMITED LIABILITY COMPANY,Warren,New York,ACE'S DEN LLC,100 tannery road,,BRANT LAKE,NY,12815
8031069,BLASTOCLEAN INC.,2026-09-24,DOMESTIC BUSINESS CORPORATION,Monroe,New York,BLASTOCLEAN INC.,74 willowick dr,,FAIRPORT,NY,14450
8031074,LUCY FLIEGER DESIGN LLC,2026-09-24,DOMESTIC LIMITED LIABILITY COMPANY,New York,New York,LUCY FLIEGER,451 washington street,apt 2a,NEW YORK,NY,10013
8031079,BRIM TEE CORP.,2026-09-24,DOMESTIC BUSINESS CORPORATION,Queens,New York,c/o the corporation,93-13 92nd avenue,,WOODHAVEN,NY,11421
8031083,QUARRY AI INC.,2026-09-24,FOREIGN BUSINESS CORPORATION,New York,Delaware,"UNIVERSAL REGISTERED AGENTS, INC.",10 COLVIN AVENUE,SUITE #101,ALBANY,NY,12206
8031092,SHANNON RIVER LONG BOOK L.P.,2026-09-24,FOREIGN LIMITED PARTNERSHIP,New York,Delaware,SHANNON RIVER LONG BOOK L.P.,575 lexington avenue,31st floor,NEW YORK,NY,10022
8031129,PRESS PICTURES LLC,2026-09-24,DOMESTIC LIMITED LIABILITY COMPANY,Erie,New York,c/o TELOS LEGAL CORP.,"5500 MAIN ST., STE 345",,WILLIAMSVILLE,NY,14221
8031136,ACCOUNTING SERVICES CPA PLLC,2026-09-24,DOMESTIC PROFESSIONAL SERVICE LIMITED LIABILITY COMPANY,Rockland,New York,isaac weiss,55 horton drive,,MONSEY,NY,10952
8031165,"PALS-GARDEN, LLC",2026-09-24,DOMESTIC LIMITED LIABILITY COMPANY,Oneida,New York,"PALS-GARDEN, LLC",4991 commercial drive,,YORKVILLE,NY,13495
8028190,BRIDGE X LLC,2026-09-23,DOMESTIC LIMITED LIABILITY COMPANY,Sullivan,New York,BRIDGE X LLC,P.O Box 2,,Monticello,NY,12701
8028191,ISLAND FRESH MARKET LLC,2026-09-23,DOMESTIC LIMITED LIABILITY COMPANY,Albany,New York,NORTHWEST REGISTERED AGENT LLC,418 BROADWAY,STE N,ALBANY,NY,12207
8028192,KAA BEAUTY AESTHETICS LLC,2026-09-23,DOMESTIC LIMITED LIABILITY COMPANY,New York,New York,Kimberly Wong,5 Irving street South,,Valley Stream,NY,11580
8028193,4 TEAL WAY DEVELOPMENT LLC,2026-09-23,DOMESTIC LIMITED LIABILITY COMPANY,Suffolk,New York,Donald Andreoli,4 teal way,,st james,NY,11780
8028194,WINTER LO MEDIA LLC,2026-09-23,DOMESTIC LIMITED LIABILITY COMPANY,Kings,New York,Shin Yu Han,150 Lawrence Street,Apt 1704,Brooklyn,NY,11201
8028195,"AVERMONT GROUP, INC.",2026-09-23,DOMESTIC BUSINESS CORPORATION,New York,New York,Claudio Iodice,5517 Broadway,,Bronx,NY,10463
8028196,INBOUND SHIELD LLC,2026-09-23,DOMESTIC LIMITED LIABILITY COMPANY,Albany,New York,INBOUND SHIELD LLC,"350 Northern Blvd, STE324-1469",,Albany,NY,12204
8028197,91 JTP LLC,2026-09-23,DOMESTIC LIMITED LIABILITY COMPANY,Nassau,New York,Mesbah Ahmed,1 Evans Drive,,Glen Head,NY,11545
8028198,FOX BIRD LLC,2026-09-23,DOMESTIC LIMITED LIABILITY COMPANY,Albany,New York,NORTHWEST REGISTERED AGENT LLC,418 BROADWAY,STE N,ALBANY,NY,12207
8028199,"INNOVATIVE 360, INC.",2026-09-23,DOMESTIC BUSINESS CORPORATION,New York,New York,Pablo Ablanedo,43 W 46th St Fl 5,,New York,NY,10036
8028200,JPF CONSULTANTS LLC,2026-09-23,DOMESTIC LIMITED LIABILITY COMPANY,New York,New York,Entity Protect Registered Agent Services LLC,447 Broadway 2nd Fl. - #3000,,New York,NY,10013
8028201,CRAFT NY CORPORATION,2026-09-23,DOMESTIC BUSINESS CORPORATION,Kings,New York,Tamaki Sakai,94 Luquer Street,Apartment 4,Brooklyn,NY,11231
8028202,ELFA GROUP TRADING INC.,2026-09-23,DOMESTIC BUSINESS CORPORATION,Queens,New York,CLARKE RAMON JONES,150-41 Northern Blvd,,Flushing,NY,11354
8028203,DUCK HAPPY TRADING LTD.,2026-09-23,DOMESTIC BUSINESS CORPORATION,Queens,New York,SANDY YOURSY GHOBRIAL,35-56 158th St,,Flushing,NY,11354
8028204,AHKJ LLC,2026-09-23,DOMESTIC LIMITED LIABILITY COMPANY,Suffolk,New York,AHKJ LLC,34 E Main St #262,,Smithtown,NY,11787
8028205,GETDRAW INC.,2026-09-23,DOMESTIC BUSINESS CORPORATION,Richmond,New York,GETDRAW INC.,210 Catherine St,,Staten Island,NY,10302
8028206,AMO DAMILI LLC,2026-09-23,DOMESTIC LIMITED LIABILITY COMPANY,Westchester,New York,Densley Blake,13 Hopkins Lane,,Peekskill,NY,10566
8028207,GROWN CARBON INC.,2026-09-23,DOMESTIC BUSINESS CORPORATION,Albany,New York,REGISTERED AGENTS INC.,418 BROADWAY,STE R,ALBANY,NY,12207
8028208,HUTCHISON TOOL SALE LLC,2026-09-23,DOMESTIC LIMITED LIABILITY COMPANY,New York,New York,REGISTERED AGENTS INC.,418 BROADWAY,STE R,ALBANY,NY,12207
8028209,THALYN VENTURES CORP.,2026-09-23,DOMESTIC BUSINESS CORPORATION,Albany,New York,REGISTERED AGENTS INC.,418 BROADWAY,STE R,ALBANY,NY,12207
8028210,CNY SEPTIC AND DRAIN LLC,2026-09-23,DOMESTIC LIMITED LIABILITY COMPANY,Onondaga,New York,CNY SEPTIC AND DRAIN LLC,1921 Willow Hill Rd,,Skaneateles,NY,13152
8028211,SAW-RITE SAWMILL CONTROLS LLC,2026-09-23,DOMESTIC LIMITED LIABILITY COMPANY,Ulster,New York,John Shultis,16 Tanhouse Brook Road,,Cottekill,NY,124195129
8028213,JABEZ GLOBAL ENTERPRISES CORPORATION,2026-09-23,DOMESTIC BUSINESS CORPORATION,New York,New York,Alana Louise Bonaparte,137 Montague Street,,Brooklyn,NY,11201
8028214,CE MECHANICAL LLC,2026-09-23,DOMESTIC LIMITED LIABILITY COMPANY,Broome,New York,Curtis Enright,161 OcConnell Rd.,,Vestal,NY,13850
8028215,C&A SOLUTIONS CONSULTING LLC,2026-09-23,DOMESTIC LIMITED LIABILITY COMPANY,Westchester,New York,ZENBUSINESS INC.,41 STATE STREET,SUITE 112,ALBANY,NY,12207
8028217,19SANPIEROPATTI LLC,2026-09-23,DOMESTIC LIMITED LIABILITY COMPANY,Rockland,New York,NICHOLAS CLIFFORD,19 E RAILROAD AVENUE,,W HAVERSTRAW,NY,10993
8028222,LUV VENTURES LLC,2026-09-23,DOMESTIC LIMITED LIABILITY COMPANY,Queens,New York,LUV VENTURES LLC,71-43 YELLOWSTONE BLVD,,FOREST HILLS,NY,11375
8028225,MOVE THE TRASH LLC,2026-09-23,DOMESTIC LIMITED LIABILITY COMPANY,Monroe,New York,Jose Luis Hernandez,211 Steko Ave,,Rochester,NY,14615
8028226,KOSMOBUSINESS LLC,2026-09-23,DOMESTIC LIMITED LIABILITY COMPANY,Albany,New York,NORTHWEST REGISTERED AGENT LLC,418 BROADWAY,STE N,ALBANY,NY,12207
8028232,RAVENHEART RETREAT LLC,2026-09-23,DOMESTIC LIMITED LIABILITY COMPANY,Dutchess,New York,Ravenheart Retreat LLC,7 Church St. Ext.,,Red Hook,NY,12571
8028233,ZKM REALTY LLC,2026-09-23,DOMESTIC LIMITED LIABILITY COMPANY,Albany,New York,NORTHWEST REGISTERED AGENT LLC,418 BROADWAY,STE N,ALBANY,NY,12207
8028235,SE7EN MANAGEMENT SYSTEMS LLC,2026-09-23,DOMESTIC LIMITED LIABILITY COMPANY,Kings,New York,SE7EN MANAGEMENT SYSTEMS LLC,1974 Strauss St,,Brooklyn,NY,11212
8028237,FUTURE CHATHAM LLC,2026-09-23,DOMESTIC LIMITED LIABILITY COMPANY,Columbia,New York,FUTURE CHATHAM LLC,PO BOX 96,,STUYVESANT,NY,12173
8028238,COMMODORE FISHING LLC,2026-09-23,DOMESTIC LIMITED LIABILITY COMPANY,Albany,New York,NORTHWEST REGISTERED AGENT LLC,418 BROADWAY,STE N,ALBANY,NY,12207
8028239,CORNWALL SMILES LLC,2026-09-23,DOMESTIC LIMITED LIABILITY COMPANY,Orange,New York,CORNWALL SMILES LLC,13 ORR HARCH DRIVE,,CORNWALL,NY,12518
8028242,TORIBIO HOLDINGS LLC,2026-09-23,DOMESTIC LIMITED LIABILITY COMPANY,Albany,New York,NORTHWEST REGISTERED AGENT LLC,418 BROADWAY,STE N,ALBANY,NY,12207
8028243,5TOWNS DIGITAL DENTAL LABORATORY LLC,2026-09-23,DOMESTIC LIMITED LIABILITY COMPANY,Albany,New York,NORTHWEST REGISTERED AGENT LLC,418 BROADWAY,STE N,ALBANY,NY,12207
8028246,MICHAELS ANTIQUE CORP.,2026-09-23,DOMESTIC BUSINESS CORPORATION,Nassau,New York,MICHAELS ANTIQUE CORP.,24 CLEMENT STREET,,GLEN COVE,NY,11542
8028248,PINK HOOCH LLC,2026-09-23,DOMESTIC LIMITED LIABILITY COMPANY,Albany,New York,"REGISTERED AGENT SOLUTIONS, INC.",99 WASHINGTON AVENUE,SUITE 700,ALBANY,NY,12260
8028253,ACHIEVING GROWTH TOGETHER CORPORATION,2026-09-23,DOMESTIC BUSINESS CORPORATION,Westchester,New York,ACHIEVING GROWTH TOGETHER CORPORATION,131 MAMARONECK AVE APT 1240,,WHITE PLAINS,NY,10601
8028255,CODE CONCRETE LLC,2026-09-23,DOMESTIC LIMITED LIABILITY COMPANY,Franklin,New York,CODE Concrete,260 Pikeville Rd,,Burke,NY,12917
8028258,35 LAFAYETTE LLC,2026-09-23,DOMESTIC LIMITED LIABILITY COMPANY,Nassau,New York,35 LAFAYETTE LLC,66 ELM STREET,,GLEN COVE,NY,11542
8028260,PARKERS BRIDGE LLC,2026-09-23,DOMESTIC LIMITED LIABILITY COMPANY,Kings,New York,PARKERS BRIDGE LLC,PO Box 23958,,Brooklyn,NY,11202
8028264,UNCONDITIONAL JEWELRY LLC,2026-09-23,DOMESTIC LIMITED LIABILITY COMPANY,Queens,New York,Gabrielle Levy,72-11 Austin St Suite 222,,Forest Hills,NY,11375
8028269,TOMAZ CONSULTING LLC,2026-09-23,DOMESTIC LIMITED LIABILITY COMPANY,Richmond,New York,TOMAZ CONSULTING LLC,72 KEMBALL AVENUE,,STATEN ISLAND,NY,10314
8028271,BIRCHWOOD COLLABORATIONS LLC,2026-09-23,DOMESTIC LIMITED LIABILITY COMPANY,Kings,New York,BIRCHWOOD COLLABORATIONS LLC,33A Lawton St # AP.1,,Brooklyn,NY,11221
8028272,G&R PAVING & CONSTRUCTION CORP.,2026-09-23,DOMESTIC BUSINESS CORPORATION,Rockland,New York,WIlliam E Gomez Hernandez,680 US Highway 6,,Port Jervis,NY,12771
8028275,SONS OF NEPTUNE LLC,2026-09-23,DOMESTIC LIMITED LIABILITY COMPANY,Suffolk,New York,SEAN J. DALY,17 RAMPASTURE ROAD,,HAMPTON BAYS,NY,119463108
8028278,ZHI GAO FASHION INC.,2026-09-23,DOMESTIC BUSINESS CORPORATION,Kings,New York,ZHI GAO FASHION INC.,832 64TH STREET,,BROOKLYN,NY,11220
8028280,POWER CITY ENERGY STORAGE B LLC,2026-09-23,FOREIGN LIMITED LIABILITY COMPANY,Oneida,Delaware,C/O C T CORPORATION SYSTEM,28 LIBERTY STREET,,NEW YORK,NY,10005
8028281,CHEF RAPH EVENTS LLC,2026-09-23,DOMESTIC LIMITED LIABILITY COMPANY,Albany,New York,CHEF RAPH EVENTS LLC,70 PINE STREET,,NEW YORK,NY,10005
8028284,BENSON AVENUE LLC,2026-09-23,DOMESTIC LIMITED LIABILITY COMPANY,New York,New York,BENSON AVENUE LLC,1949 77TH STREET,,BROOKLYN,NY,11214
8028286,THE FOOD LAB NYC LLC,2026-09-23,DOMESTIC LIMITED LIABILITY COMPANY,Queens,New York,The Food Lab LLC,193-05 Salerno Ave,,Hollis,NY,11423
8028287,RM BRAND HOLDINGS LLC,2026-09-23,DOMESTIC LIMITED LIABILITY COMPANY,Albany,New York,RM BRAND HOLDINGS LLC,463 7th Avenue,,New York,NY,10018
8028288,RPC MEDIA LLC,2026-09-23,DOMESTIC LIMITED LIABILITY COMPANY,Albany,New York,NORTHWEST REGISTERED AGENT LLC,418 BROADWAY,STE N,ALBANY,NY,12207
8028293,MG MARKET INC.,2026-09-23,DOMESTIC BUSINESS CORPORATION,New York,New York,MG MARKET INC.,701 W 180th Street,,NEW YORK,NY,10033
8028295,ERIKA LOUISE HEALING LLC,2026-09-23,DOMESTIC LIMITED LIABILITY COMPANY,New York,New York,Erika Louise,276 5th Aveue Suite 604,,New York,NY,10001
8028299,REALTY EGB LLC,2026-09-23,FOREIGN LIMITED LIABILITY COMPANY,Queens,Florida,cORPORATION SERVICE COMPANY,80 STATE STREET,,ALBANY,NY,122072543
8028301,ORANGE STEEL NYC LLC,2026-09-23,DOMESTIC LIMITED LIABILITY COMPANY,Queens,New York,Orange Steal NYC LLC,153-47 60th Ave,,FLushing,NY,11355
8028307,ROWANA INC.,2026-09-23,DOMESTIC BUSINESS CORPORATION,Queens,New York,ROWANA INC.,20 HALLETTS POINT,APT 1107,ASTORIA,NY,11102
8028308,MYDOCTORHOUSECALLS PA,2026-09-23,FOREIGN PROFESSIONAL SERVICE CORPORATION,Albany,Florida,MYDOCTORHOUSECALLS PA,4324 NW 38TH AVE.,,LAUDERDALE LAKES,FL,33309
8028309,ARTZAH LLC,2026-09-23,DOMESTIC LIMITED LIABILITY COMPANY,Queens,New York,Mark Wachsmann,1303 Mott Ave,Apt 1,Far Rockaway,NY,11691
8028311,QUENTIS INNOVATIONS INC.,2026-09-23,DOMESTIC BUSINESS CORPORATION,Bronx,New York,QUENTIS INNOVATIONS INC.,1490 CROTONA PARK E,,BRONX,NY,10460
8028312,SOUTHERN ELITE TRANSPORT LLC,2026-09-23,DOMESTIC LIMITED LIABILITY COMPANY,Kings,New York,Ayubova Bahora,380 NEPTUNE AVE,Apt 5F,BROOKLYN,NY,11235
8028316,SUMMERCO LLC,2026-09-23,DOMESTIC LIMITED LIABILITY COMPANY,Queens,New York,Tyanne Echols,971 Thomas Boyland st,,Brooklyn,NY,11212
8028328,CITY MALLARD LLC,2026-09-23,DOMESTIC LIMITED LIABILITY COMPANY,Kings,New York,ZENBUSINESS INC.,41 STATE STREET,SUITE 112,ALBANY,NY,12207
8028330,"THE SANTASTICAL WORLD, LLC",2026-09-23,DOMESTIC LIMITED LIABILITY COMPANY,New York,New York,Lara Simone,221 Malt Drive,apt 421,Long Island City,NY,11101
8028331,GRACE GROVE SUPPLY LLC,2026-09-23,DOMESTIC LIMITED LIABILITY COMPANY,Erie,New York,Madelyn Peath,220 Garden Parkway,,Williamsville,NY,14221
8028332,UMEKO 8TH AVE LLC,2026-09-23,DOMESTIC LIMITED LIABILITY COMPANY,Kings,New York,UMEKO 8TH AVE LLC,6301 10TH AVE,,BROOKLYN,NY,11219
8028334,SKFC GILES LENDER LLC,2026-09-23,DOMESTIC LIMITED LIABILITY COMPANY,Albany,New York,SKFC Giles Lender LLC,"1144 Evergreen Avenue,",Suite 1,Bronx,NY,10472
8028336,HCKA CONSULTING INC.,2026-09-23,DOMESTIC BUSINESS CORPORATION,Nassau,New York,HCKA CONSULTING INC.,589 Main St,,Westbury,NY,11590
8028338,EVERY WAKING HOUR LLC,2026-09-23,DOMESTIC LIMITED LIABILITY COMPANY,Dutchess,New York,Brennen Farrell,15 Lakeside Drive,,Pawling,NY,12564
8028339,WE READ WE PLAY INC.,2026-09-23,DOMESTIC BUSINESS CORPORATION,Bronx,New York,ELVIS L HERNANDEZ,2056 HUGHES AVE,STE 2,BRONX,NY,10457
8028340,CASA DE ORIGEN LLC,2026-09-23,DOMESTIC LIMITED LIABILITY COMPANY,Queens,New York,DAVID MOLINA RODRIGUEZ,7847 220TH PL,,OAKLAND GARDENS,NY,11364
8028346,1534 W 10TH ST LLC,2026-09-23,DOMESTIC LIMITED LIABILITY COMPANY,Kings,New York,1534 W 10TH ST LLC,1534 W 10TH ST,,BROOKLYN,NY,11204
8028350,CML PROPERTY HOLDINGS LLC,2026-09-23,DOMESTIC LIMITED LIABILITY COMPANY,Erie,New York,CML Property Holdings LLC,4174 N Buffalo Rd,,Orchard Park,NY,14127
8028353,REDLOH STUDIO LLC,2026-09-23,DOMESTIC LIMITED LIABILITY COMPANY,Albany,New York,NORTHWEST REGISTERED AGENT LLC,418 BROADWAY,STE N,ALBANY,NY,12207
8028354,JIA YU REALTY LLC,2026-09-23,DOMESTIC LIMITED LIABILITY COMPANY,Lewis,New York,JIA YU REALTY LLC,2 CUTCHOGUE LANE,,COMMACK,NY,11725
8028355,THE SIGNATURE BOTTLE INC.,2026-09-23,DOMESTIC BUSINESS CORPORATION,Dutchess,New York,THE SIGNATURE BOTTLE INC.,136 Clove Branch Rd.,,Hopewell Junction,NY,12533
8028357,SRAF INCORPORATED,2026-09-23,DOMESTIC BUSINESS CORPORATION,Queens,New York,SRAF Incorporated,106 Long Beach Rd,Unit 104,Island Park,NY,11558
8028359,OASIS GEN LLC,2026-09-23,DOMESTIC LIMITED LIABILITY COMPANY,Bronx,New York,OASIS GEN LLC,"3230 CRUGER AVENUE, APT 1E",,BRONX,NY,10467
8028360,SOLOMON HAVEN INC.,2026-09-23,DOMESTIC BUSINESS CORPORATION,Queens,New York,SOLOMON HAVEN INC.,"3921 Bell Blvd, Ste 203",,Bayside,NY,11361
8028361,A&X LUXE RENTALS & DECOR LLC,2026-09-23,DOMESTIC LIMITED LIABILITY COMPANY,Nassau,New York,MARYURI MORENO,11 JEROME AVE,,HICKSVILLE,NY,11801
8028362,SIMORA ADVISORY LLC,2026-09-23,DOMESTIC LIMITED LIABILITY COMPANY,Tioga,New York,Azadeh Aghajani,10 Evans Dr,,Glen Head,NY,11545
8028363,"PACIFIC MARINE & SUPPLY COMPANY, LTD.",2026-09-23,FOREIGN BUSINESS CORPORATION,New York,Hawaii,"PACIFIC MARINE & SUPPLY COMPANY, LTD.",700 bishop street suite 1888,,HONOLULU,HI,96813
8028364,1157 BOSTON ROAD LLC,2026-09-23,DOMESTIC LIMITED LIABILITY COMPANY,Kings,New York,1157 BOSTON ROAD LLC,1002 Dean Street,,Brooklyn,NY,11238
8028365,48 SOUTH LAKE DRIVE LLC,2026-09-23,DOMESTIC LIMITED LIABILITY COMPANY,Chautauqua,New York,RAIMONDO & SUNDQUIST LLP,15 E. FIFTH ST,,JAMESTOWN,NY,14701
8028366,USC 118 SAGG MAIN II LLC,2026-09-23,DOMESTIC LIMITED LIABILITY COMPANY,Albany,New York,The Limited Liability Company,233 Broadway,Suite 1470,New York,NY,10279
8028367,BROOKLYN 180 RENTAL LLC,2026-09-23,DOMESTIC LIMITED LIABILITY COMPANY,Suffolk,New York,BROOKLYN 180 RENTAL LLC,26 Beach Plum Rd,,Sag Harbor,NY,11963
8028368,NL RESTAURANTS LLC,2026-09-23,DOMESTIC LIMITED LIABILITY COMPANY,Rockland,New York,NL RESTAURANTS LLC,"145 MAIN STREET, STE 1",,NYACK,NY,10960
8028370,ROWES HAUL & LOGISTICS LLC,2026-09-23,DOMESTIC LIMITED LIABILITY COMPANY,Kings,New York,Rowes Haul &amp; Logistics,774 Rockaway Ave,Apt 4H,Brooklyn,NY,11212
8028371,"TCB USA, LLC",2026-09-23,DOMESTIC LIMITED LIABILITY COMPANY,Albany,New York,NORTHWEST REGISTERED AGENT LLC,418 BROADWAY,STE N,ALBANY,NY,12207
8028372,CLARET MANAGEMENT LLC,2026-09-23,DOMESTIC LIMITED LIABILITY COMPANY,Rockland,New York,CLARET MANAGEMENT LLC,297 Buena Vista Road,,New City,NY,10956
8028373,OMONAT LLC,2026-09-23,DOMESTIC LIMITED LIABILITY COMPANY,Kings,New York,OMONAT LLC,1123 AVENUE K F1,,BROOKLYN,NY,11230
8028374,RLK PROJECTS LLC,2026-09-23,DOMESTIC LIMITED LIABILITY COMPANY,Albany,New York,Registered Agents Inc.,418 Broadway,STE R,Albany,NY,12207
8028375,LOTUS REAL PROPERTY HOLDINGS LLC,2026-09-23,DOMESTIC LIMITED LIABILITY COMPANY,Albany,New York,Lotus Real Property Holdings LLC,4 Britton Way,,Watervliet,NY,12189
8028377,1159 BOSTON ROAD LLC,2026-09-23,DOMESTIC LIMITED LIABILITY COMPANY,Kings,New York,1159 BOSTON ROAD LLC,1002 DEAN STREET,,BROOKLYN,NY,11238
8028379,CH EL TLECUILE LLC,2026-09-23,DOMESTIC LIMITED LIABILITY COMPANY,Queens,New York,REPUBLIC REGISTERED AGENT SERVICES INC.,54 STATE STREET,STE 804,ALBANY,NY,12207
8028381,1532 W 10TH ST LLC,2026-09-23,DOMESTIC LIMITED LIABILITY COMPANY,Kings,New York,1532 W 10TH ST LLC,1532 W 10TH ST,,BROOKLYN,NY,11204
8028382,5 SANDS LLC,2026-09-23,DOMESTIC LIMITED LIABILITY COMPANY,Nassau,New York,Michael Kolnberger,2366 Willow St,,Wantagh,NY,11793
8028383,"WHITNEYLICCS, INC.",2026-09-23,DOMESTIC BUSINESS CORPORATION,Ulster,New York,"WHITNEYLICCS, INC.",65 Firehouse Rd.,,Big Indian,NY,12410
8028385,JONES SERVICES LLC,2026-09-23,DOMESTIC LIMITED LIABILITY COMPANY,Albany,New York,REPUBLIC REGISTERED AGENT SERVICES INC.,54 STATE STREET,STE 804,ALBANY,NY,12207
8028387,J'RELO LLC,2026-09-23,DOMESTIC LIMITED LIABILITY COMPANY,New York,New York,J'RELO LLC,167 MADISON AVE,SUITE 205,NEW YORK,NY,10016
8028388,O CO LLC,2026-09-23,DOMESTIC LIMITED LIABILITY COMPANY,Kings,New York,Daniel Oliva,91 1st Pl,Apt BB,Brooklyn,NY,11231
8028389,MURODOV84 INC.,2026-09-23,DOMESTIC BUSINESS CORPORATION,Kings,New York,MURODOV84 INC,1777 OCEAN PKWY,APT 606,BROOKLYN,NY,11223
8028390,401 ORGANIC DELI CORP.,2026-09-23,DOMESTIC BUSINESS CORPORATION,Bronx,New York,401 organic deli corp,401 east 144th street,,Bronx,NY,10454
8028391,600 WHITE PLAINS HOTEL LLC,2026-09-23,DOMESTIC LIMITED LIABILITY COMPANY,Suffolk,New York,600 WHITE PLAINS HOTEL LLC,429 CARLLS PATH,,DEER PARK,NY,11729
8028393,MEISH WORLD ENTERPRISES LLC,2026-09-23,DOMESTIC LIMITED LIABILITY COMPANY,Suffolk,New York,Meish World Enterprises LLC,101 Wainscott NW Rd,P.O. Box 236,Wainscott,NY,11975
8028395,ALTYM75 LOGITECH LLC,2026-09-23,DOMESTIC LIMITED LIABILITY COMPANY,Albany,New York,REPUBLIC REGISTERED AGENT SERVICES INC.,54 STATE STREET,STE 804,ALBANY,NY,12207
8028396,WONDERFUL2012 INC.,2026-09-23,DOMESTIC BUSINESS CORPORATION,Bronx,New York,HAO DONG,518 E 240TH STREET,,BRONX,NY,10470
8028398,LAKESHORE ARTS INCORPORATED,2026-09-23,DOMESTIC NOT-FOR-PROFIT CORPORATION,Orleans,New York,LAKESHORE ARTS INCORPORATED,14504 lakeshore rd.,,KENT,NY,14477
8028399,PM PUBLIC RELATIONS LLC,2026-09-23,DOMESTIC LIMITED LIABILITY COMPANY,Queens,New York,ZENBUSINESS INC.,41 STATE STREET,SUITE 112,ALBANY,NY,12207
8028401,DEECOR AND MORE LLC,2026-09-23,DOMESTIC LIMITED LIABILITY COMPANY,Albany,New York,NORTHWEST REGISTERED AGENT LLC,418 BROADWAY,STE N,ALBANY,NY,12207
8028403,OLIO NOMAD LLC,2026-09-23,DOMESTIC LIMITED LIABILITY COMPANY,Albany,New York,C/O XINNIA MOERS,210 FIFTH AVENUE,AKA 1132 BROADWAY,NEW YORK,NY,10010
8028404,CHARIS DIGITAL LLC,2026-09-23,DOMESTIC LIMITED LIABILITY COMPANY,Monroe,New York,ZENBUSINESS INC.,41 STATE STREET,SUITE 112,ALBANY,NY,12207
8028405,F & A FRIENDS LLC,2026-09-23,DOMESTIC LIMITED LIABILITY COMPANY,Queens,New York,YELLOW TULIP INC,40-04 98TH STREET,,CORONA,NY,11368
8028406,MAYERSON GROUP INC.,2026-09-23,DOMESTIC BUSINESS CORPORATION,Rockland,New York,mayerson group Inc.,178 rt 59 unit 303,,Monsey,NY,10952
8028407,JABUFFALOPROPERTIES LLC,2026-09-23,DOMESTIC LIMITED LIABILITY COMPANY,Albany,New York,NORTHWEST REGISTERED AGENT LLC,418 BROADWAY,STE N,ALBANY,NY,12207
8028408,LOVED AND LINKED EVERYDAY LLC,2026-09-23,DOMESTIC LIMITED LIABILITY COMPANY,Suffolk,New York,LOVED AND LINKED EVERYDAY LLC,951 division street,,BAYPORT,NY,11705
8028409,BEARCAT WRESTLING CAMPS LLC,2026-09-23,DOMESTIC LIMITED LIABILITY COMPANY,Broome,New York,ZENBUSINESS INC.,41 STATE STREET,SUITE 112,ALBANY,NY,12207
8028410,"NORSTAR REAL ESTATE, LLC",2026-09-23,DOMESTIC LIMITED LIABILITY COMPANY,Orange,New York,"NORSTAR REAL ESTATE, LLC",124 RENWICK STREET,,NEWBURGH,NY,12550
8028411,NY DELI AND CONVENIENCE CORP.,2026-09-23,DOMESTIC BUSINESS CORPORATION,Bronx,New York,NY DELI AND CONVENIENCE CORP.,5782 MOSHOLU AVE,,BRONX,NY,10471
8028412,KSGB VENTURES LLC,2026-09-23,DOMESTIC LIMITED LIABILITY COMPANY,Albany,New York,Sabrina McKay,31 Ontario st,Apt 205,Cohoes,NY,12047
8028413,NAOMI GAMMAL STUDIOS LLC,2026-09-23,DOMESTIC LIMITED LIABILITY COMPANY,Kings,New York,Naomi Dayan,1864 East 24th,,Brooklyn,NY,11229
8028414,SPOTLIGHT PG LLC,2026-09-23,DOMESTIC LIMITED LIABILITY COMPANY,Rockland,New York,"Vcorp Agent Services, Inc.",25 Robert Pitt Drive,Suite 204,Monsey,NY,10952
8028415,COOPER GENERAL CONTRACTING COMPANY,2026-09-23,FOREIGN BUSINESS CORPORATION,New York,North Carolina,NORTHWEST REGISTERED AGENT LLC,90 STATE STREET STE 700,OFFICE 40,ALBANY,NY,12207
8028416,PRANA VENTURES LLC,2026-09-23,DOMESTIC LIMITED LIABILITY COMPANY,Queens,New York,PraNa Ventures LLC,8432 56Th Avenue,,Elmhurst,NY,11373
8028417,SGGL ENTERPRISES 2 LLC,2026-09-23,DOMESTIC LIMITED LIABILITY COMPANY,Nassau,New York,Adam Lesnick,14 Seneca PL,,Jericho,NY,11753
8028419,JIANGHAI LLC,2026-09-23,DOMESTIC LIMITED LIABILITY COMPANY,Queens,New York,YUCHENG SHEN,4705 CENTER BOULEVARD,,NEW YORK,NY,11109
8028420,GRETNA LANDSCAPING LLC,2026-09-23,DOMESTIC LIMITED LIABILITY COMPANY,Otsego,New York,GRETNA LANDSCAPING LLC,2704 STATE HIGHWAY 7,,OTEGO,NY,13825
8028422,SAVIMAKEOVER INC.,2026-09-23,DOMESTIC BUSINESS CORPORATION,Queens,New York,SAVIMAKEOVER INC.,147-07 N CONDUIT AVE,,JAMAICA,NY,11436
8028423,SVURAH CORP.,2026-09-23,FOREIGN BUSINESS CORPORATION,New York,Florida,BANYM INC,"333 MAMARONECK AVENUE, #438",,WHITE PLAINS,NY,10605
8028426,"SASSY SISTERS SCENTS & STONES, LLC",2026-09-23,DOMESTIC LIMITED LIABILITY COMPANY,Schuyler,New York,"Sassy Sisters Scents & Stones, LLC",PO Box 193,,Odessa,NY,14869
8028427,"WRP ENTERPRISES, LLC",2026-09-23,DOMESTIC LIMITED LIABILITY COMPANY,St. Lawrence,New York,William R Pena,19 Hodskin Street,,Canton,NY,13617
8028428,PRIORITY PATIENT TRANSPORT LLC,2026-09-23,DOMESTIC LIMITED LIABILITY COMPANY,Nassau,New York,Dafne Demosthene,267 N Kentucky Ave,,Massapequa,NY,11758
8028429,TOMAHAWK CONSTRUCTION AND RESTORATION LLC,2026-09-23,DOMESTIC LIMITED LIABILITY COMPANY,Orange,New York,ZENBUSINESS INC.,41 STATE STREET,SUITE 112,ALBANY,NY,12207
8028430,BROADWAY DIGITAL MANAGEMENT LLC,2026-09-23,DOMESTIC LIMITED LIABILITY COMPANY,Erie,New York,ZENBUSINESS INC.,41 STATE STREET,SUITE 112,ALBANY,NY,12207
8028433,484-486 BROADWAY Z LLC,2026-09-23,DOMESTIC LIMITED LIABILITY COMPANY,New York,New York,"c/o Belkin Burden Goldman, LLP","60 East 42nd Street, 16th FL",,New York,NY,10165
8028434,SKYLINE KEY REALTY CORP.,2026-09-23,DOMESTIC BUSINESS CORPORATION,Suffolk,New York,GLADYS CARLESSO,2 Wilson St,,Blue Point,NY,11715
8028435,IV GROUP USA & JAPAN LLC,2026-09-23,DOMESTIC LIMITED LIABILITY COMPANY,Westchester,New York,ZENBUSINESS INC.,41 STATE STREET,SUITE 112,ALBANY,NY,12207
8028436,RP EVERCREST LLC,2026-09-23,DOMESTIC LIMITED LIABILITY COMPANY,Livingston,New York,ROBERT PORCELLI JR,163 GENESEE ST,,AVON,NY,14414
8028439,EFS NYC CONSULTING INC.,2026-09-23,DOMESTIC BUSINESS CORPORATION,Rockland,New York,EFS NYC Consulting Inc.,12 Crest Court Unit 208,,Monsey,NY,10952
8028440,"PORTER PROPERTY SERVICES, LLC",2026-09-23,DOMESTIC LIMITED LIABILITY COMPANY,Warren,New York,"PORTER PROPERTY SERVICES, LLC",PO BOX 182,,NORTH CREEK,NY,12853
8028441,PERFECT BALANCE HVAC LLC,2026-09-23,DOMESTIC LIMITED LIABILITY COMPANY,Suffolk,New York,Dan Clancy,101 stethem dr,,Centereach,NY,11720
8028442,YASECO LLC,2026-09-23,DOMESTIC LIMITED LIABILITY COMPANY,Nassau,New York,Joseph Correri,12 Battle Row,,Old Bethpage,NY,11804
8028443,THE COZY COLLECTIVE LLC,2026-09-23,DOMESTIC LIMITED LIABILITY COMPANY,Albany,New York,NORTHWEST REGISTERED AGENT LLC,418 BROADWAY,STE N,ALBANY,NY,12207
8028444,DOUBLE ROOTED CO. LLC,2026-09-23,DOMESTIC LIMITED LIABILITY COMPANY,Albany,New York,NORTHWEST REGISTERED AGENT LLC,418 BROADWAY,STE N,ALBANY,NY,12207
8028446,CYBEX NOW LLC,2026-09-23,DOMESTIC LIMITED LIABILITY COMPANY,Queens,New York,ZENBUSINESS INC.,41 STATE STREET,SUITE 112,ALBANY,NY,12207
8028447,ALIPI TEXTILE INC.,2026-09-23,DOMESTIC BUSINESS CORPORATION,Queens,New York,PING LI,20210 50TH AVE,,OAKLAND GARDENS,NY,11364
8028448,"5 UNION STREET, LLC",2026-09-23,DOMESTIC LIMITED LIABILITY COMPANY,Yates,New York,"5 UNION STREET, LLC",2725 BELLIS HILL ROAD,,DUNDEE,NY,14837
8028449,ANASSA WAX & BEAUTY INC.,2026-09-23,DOMESTIC BUSINESS CORPORATION,Richmond,New York,DENISA ZOGA,ANASSA WAX & BEAUTY INC,86 TANGLEWOOD DRIVE,STATEN ISLAND,NY,10308
8028450,SAGE & SPHERE CONSULTING LLC,2026-09-23,DOMESTIC LIMITED LIABILITY COMPANY,New York,New York,Marquita Robinson,201 W 144th Street,APT 41,New York,NY,10030
8028451,LIQUID VAULT LLC,2026-09-23,DOMESTIC LIMITED LIABILITY COMPANY,Queens,New York,LIQUID VAULT LLC,94-11 60TH AVE APT 3B,,ELMHURST,NY,11373
8028452,15 CRICKLEWOOD RD LLC,2026-09-23,DOMESTIC LIMITED LIABILITY COMPANY,Westchester,New York,15 CRICKLEWOOD RD LLC,51 TUCKAHOE AVENUE,,EASTCHESTER,NY,10709
8028454,SY HOME SOLUTIONS LLC,2026-09-23,DOMESTIC LIMITED LIABILITY COMPANY,Albany,New York,NORTHWEST REGISTERED AGENT LLC,418 BROADWAY,STE N,ALBANY,NY,12207
8028455,J STROCK SNOW REMOVAL LLC,2026-09-23,DOMESTIC LIMITED LIABILITY COMPANY,Rensselaer,New York,James Strock III,10 Excelsior ave,,Troy,NY,12180
8028461,REGAIN CORP.,2026-09-23,DOMESTIC BUSINESS CORPORATION,Rockland,New York,Regain Corp.,9 Pearlman Drive,,Spring Valley,NY,10977
8028462,BUDDEE BAKES LLC,2026-09-23,DOMESTIC LIMITED LIABILITY COMPANY,Queens,New York,Rethel &amp; Doris Barber,24510 Grand Central Parkway 4M,,Bellerose,NY,11426
8028463,ELMP PP LLC,2026-09-23,DOMESTIC LIMITED LIABILITY COMPANY,Rockland,New York,c/o eric lawton,11 ramapo road,,GARNERVILLE,NY,10923
8028464,EAST 19 RESIDENCE LLC 2,2026-09-23,DOMESTIC LIMITED LIABILITY COMPANY,Kings,New York,Hunter Price,2078 Bay Ridge Parkway,Apt 2E,Brooklyn,NY,11204
8028466,JAMES RIVER 1883 LLC,2026-09-23,DOMESTIC LIMITED LIABILITY COMPANY,Dutchess,New York,ZENBUSINESS INC.,41 STATE STREET,SUITE 112,ALBANY,NY,12207
8028469,660 85TH ST LLC,2026-09-23,DOMESTIC LIMITED LIABILITY COMPANY,Kings,New York,E Z EXPRESS SERVICES,2116 FLATBUSH AVE,,BROOKLYH,NY,11234
8028470,PLEASANTNY LLC,2026-09-23,FOREIGN LIMITED LIABILITY COMPANY,Onondaga,New Jersey,PLEASANTNY LLC,377 valley rd,unit 2783,CLIFTON,NJ,07013
8028471,EVERSTONE PROPERTY SERVICES LLC,2026-09-23,DOMESTIC LIMITED LIABILITY COMPANY,Erie,New York,Everstone Property Services LLC,72 Richlawan Ave,2Fl,Buffalo,NY,14215
8028472,NEAV NORTHSTAR LLC,2026-09-23,DOMESTIC LIMITED LIABILITY COMPANY,Westchester,New York,NEAV NORTHSTAR LLC,202 Briarwood Drive,,Somers,NY,10589
8028473,"JOHN H. SHUMAN LATTIMORE CARES FOUNDATION, INC.",2026-09-23,DOMESTIC NOT-FOR-PROFIT CORPORATION,Monroe,New York,"JOHN H. SHUMAN LATTIMORE CARES FOUNDATION, INC.",130 linden oaks,suite c,ROCHESTER,NY,14625
8028475,CRAFTLINE REMODELING LLC,2026-09-23,DOMESTIC LIMITED LIABILITY COMPANY,Monroe,New York,VITALII PSHENYCHNIAK,663 BEAHAM RD,,ROCHESTER,NY,14624
8028476,DOORS4JACS HOLDINGS CORP.,2026-09-23,DOMESTIC BUSINESS CORPORATION,Nassau,New York,MARIE CARLTON,646 TERRELL PL,,UNIONDALE,NY,11553
8028477,HANDFAST MERCANTILE LLC,2026-09-23,DOMESTIC LIMITED LIABILITY COMPANY,Albany,New York,REGISTERED AGENTS INC.,418 BROADWAY,STE R,ALBANY,NY,12207
8028478,REEDIFY CORP.,2026-09-23,DOMESTIC BUSINESS CORPORATION,Queens,New York,PRISCILLA DUARTE DE ALMEIDA,3162 29TH STREET,APT 1F,ASTORIA,NY,11106
8028480,K & S GREEN VALLEY CORP.,2026-09-23,DOMESTIC BUSINESS CORPORATION,Queens,New York,K & S GREEN VALLEY CORP.,64-20 MYRTLE AVE,,GLENDALE,NY,11385
8028481,MINOR THEATRICAL LLC,2026-09-23,DOMESTIC LIMITED LIABILITY COMPANY,Albany,New York,NORTHWEST REGISTERED AGENT LLC,418 BROADWAY,STE N,ALBANY,NY,12207
8028485,6 EAST PARK LLC,2026-09-23,DOMESTIC LIMITED LIABILITY COMPANY,Nassau,New York,6 EAST PARK LLC,1697 ROUTE 25A,,LAUREL HOLLOW,NY,11791
8028486,"RISE & RAISE STRATEGIES, LLC",2026-09-23,DOMESTIC LIMITED LIABILITY COMPANY,Dutchess,New York,Lisa Jackson,4 Chestnut St,,Red Hook,NY,12571
8028488,"EBG TAX, INC.",2026-09-23,DOMESTIC BUSINESS CORPORATION,Suffolk,New York,Eric Gilsten,645 Ocean Breeze,,Ocean Beach,NY,11770
8028491,OLINVILLE 26 LLC,2026-09-23,DOMESTIC LIMITED LIABILITY COMPANY,Nassau,New York,OLINVILLE 26 LLC,10 bond street suite#431,,Great Neck,NY,11021
8028492,OSHIMA STUDIO MANAGEMENT LLC,2026-09-23,DOMESTIC LIMITED LIABILITY COMPANY,Queens,New York,Oshima Studio Management LLC,7235 112Th Street 14C,,Forest Hills,NY,11375
8028493,EPLEYADVISORY LLC,2026-09-23,DOMESTIC LIMITED LIABILITY COMPANY,New York,New York,Mark Epley,480 Field Point Rd,,Greenwich,CT,06830
8028496,KART WITH FRIENDS MEDIA LLC,2026-09-23,DOMESTIC LIMITED LIABILITY COMPANY,Westchester,New York,Jonathan Joseph,166 Pearsall Drive,Apt 3B,Mount Vernon,NY,10552
8028497,VETERAN AFFAIRS EMPLOYEE ASSOCIATION LLC,2026-09-23,DOMESTIC LIMITED LIABILITY COMPANY,Suffolk,New York,Northport VAMC,79 Middleville Road,Attn: Mail room,Northport NY,NY,117682200
8028498,GO LOCAL MINI MART CORP.,2026-09-23,DOMESTIC BUSINESS CORPORATION,Bronx,New York,GO LOCAL MINI MART CORP.,2345 JEROME AVE,,BRONX,NY,10468
8028500,WATSON MEDIA AND CREATIVE VENTURES LLC,2026-09-23,DOMESTIC LIMITED LIABILITY COMPANY,New York,New York,ZENBUSINESS INC.,41 STATE STREET,SUITE 112,ALBANY,NY,12207
8028501,VASTLY GROUP LLC,2026-09-23,DOMESTIC LIMITED LIABILITY COMPANY,Bronx,New York,ZENBUSINESS INC.,41 STATE STREET,SUITE 112,ALBANY,NY,12207
8028507,6Y OPTICAL INCORPORATED,2026-09-23,DOMESTIC BUSINESS CORPORATION,Queens,New York,6Y OPTICAL INCORPORATED,111-10 Liberty Avenue,,Richmond Hill,NY,11419
8028508,RENA CLEANING SERVICES LLC,2026-09-23,DOMESTIC LIMITED LIABILITY COMPANY,Richmond,New York,Rena Akweley Wilkerson,70 Northview Ct,,Staten Island,NY,10301
8028509,250 JACKSON AVE MART INC.,2026-09-23,DOMESTIC BUSINESS CORPORATION,Nassau,New York,Max Grumet,One Old Country Road,Suite 295,Carle Place,NY,11514
8028512,26 FOOLS LLC,2026-09-23,DOMESTIC LIMITED LIABILITY COMPANY,New York,New York,GLENN TREACHER,C/O FLYNN & FLYNN PLLC,444 BEACH 129TH ST,BELLE HARBOR,NY,11694
8028513,BANE TABLETOP LLC,2026-09-23,DOMESTIC LIMITED LIABILITY COMPANY,Kings,New York,Todd Barclay,9747 Shore Rd,Apartment A4,Brooklyn,NY,11209
8028514,YNCLW LTD.,2026-09-23,DOMESTIC BUSINESS CORPORATION,New York,New York,Elyqora Markets Ltd.,285 Fulton Street,,New York,NY,10007
8028515,JACS RLTY CORP.,2026-09-23,DOMESTIC BUSINESS CORPORATION,Nassau,New York,MARIE CARLTON,646 TERRELL PL,,UNIONDALE,NY,11553
8028518,1869 PATTERSON AVE LLC,2026-09-23,DOMESTIC LIMITED LIABILITY COMPANY,Westchester,New York,1869 PATTERSON AVE LLC,142 CARYL AVE,#2D,YONKERS,NY,10705
8028521,DAYTODAYCALL INC.,2026-09-23,DOMESTIC BUSINESS CORPORATION,Queens,New York,HUI HUANG,4207 COLLEGE POINT BLVD APT 3R,,FLUSHING,NY,11355
8028522,FREE MOVEMENT PT P.C.,2026-09-23,DOMESTIC PROFESSIONAL SERVICE CORPORATION,Queens,New York,FREE MOVEMENT PT P.C.,1732 STANHOPE ST.,,RIDGEWOOD,NY,11385
8028524,CHEEMA CARE LLC,2026-09-23,DOMESTIC LIMITED LIABILITY COMPANY,Nassau,New York,Cheema Care LLC,404 brown place,,new Hyde park,NY,11040
8028527,MILESTONE AUTO GROUP INC.,2026-09-23,DOMESTIC BUSINESS CORPORATION,Rockland,New York,MILESTONE AUTO GROUP INC.,5 Paddington Court,,Pomona,NY,10970
8028529,NEW LIFE 888 INC.,2026-09-23,DOMESTIC BUSINESS CORPORATION,Queens,New York,NEW LIFE 888 INC.,65-35 223rd Place,APT B,Oakland Gardens,NY,11364
8028530,THE COIL BOX LLC,2026-09-23,DOMESTIC LIMITED LIABILITY COMPANY,Queens,New York,Deja White,2610 93rd st,,east elmhurst,NY,11369
8028531,"NINSU, LLC",2026-09-23,DOMESTIC LIMITED LIABILITY COMPANY,Kings,New York,Nosagie Asaolu,399 Atlantic Avenue,Apt 2A,Brooklyn,NY,11217
8028532,HIGHER STEPS NURTURING INC.,2026-09-23,DOMESTIC BUSINESS CORPORATION,Kings,New York,RACHELLE PLAISIR,179 CONKLIN AVE,,BROOKLYN,NY,11236
8028533,FRANKLIN CHESS LLC,2026-09-23,DOMESTIC LIMITED LIABILITY COMPANY,Kings,New York,Collin Holson,274 Van Buren Street,Apt 2,Brooklyn,NY,11221
8028534,NEVER JUDGE A BOOK BY ITS COVER LLC,2026-09-23,DOMESTIC LIMITED LIABILITY COMPANY,Fulton,New York,Aymee Jo Lindsey,26 West Montgomery Street,,Johnstown,NY,12095
8028535,ALTA POUR - BESPOKE COFFEE & MATCHA ACTIVATIONS LLC,2026-09-23,DOMESTIC LIMITED LIABILITY COMPANY,Bronx,New York,Jasmine Lewis,101 Lincoln Ave,#568,Bronx,NY,10454
8028536,ON TARGET MERGER LLC,2026-09-23,DOMESTIC LIMITED LIABILITY COMPANY,Rockland,New York,c/o eric lawton,11 ramapo road,,GARNERVILLE,NY,10923
8028537,PRIME INSURANCE & FINANCIAL SERVICES LLC,2026-09-23,FOREIGN LIMITED LIABILITY COMPANY,Albany,Florida,REGISTERED AGENTS INC.,418 BROADWAY STE R,,ALBANY,NY,12207
8028538,HAO HAO XING WANG RESTAURANT INC.,2026-09-23,DOMESTIC BUSINESS CORPORATION,Kings,New York,HAO HAO XING WANG RESTAURANT INC.,914 BROADWAY,,BROOKLYN,NY,11206
8028539,ISLAND GUARD SECURITY INC.,2026-09-23,DOMESTIC BUSINESS CORPORATION,Suffolk,New York,TYLER HOELZER,5 THORPE LANE,,EAST ISLIP,NY,11730
8028540,MIRANDA RMC REMODELING LLC,2026-09-23,DOMESTIC LIMITED LIABILITY COMPANY,Onondaga,New York,RIMY MIRANDA CAMACHO,104 DELONG AVE,,SYRACUSE,NY,13208
8028541,"SILVER LAKE CANDLES & WICK, LLC",2026-09-23,DOMESTIC LIMITED LIABILITY COMPANY,Oswego,New York,"SILVER LAKE CANDLES & WICK, LLC",27 REGAN DRIVE,,OSWEGO,NY,13126
8028542,DTC SERVICES OF NEW YORK LLC,2026-09-23,FOREIGN LIMITED LIABILITY COMPANY,Nassau,Delaware,DTC OF NEW YORK LLC,42 HICKOEY LANE AVENUE,,ROSLYN HEIGHTS,NY,11577
8028544,PRIME ON FASHION LLC,2026-09-23,DOMESTIC LIMITED LIABILITY COMPANY,Kings,New York,Prime on Fashion LLC,620 Crawford Ave,,Brooklyn,NY,11223
8028545,1790 E. 174 CAPITAL LLC,2026-09-23,DOMESTIC LIMITED LIABILITY COMPANY,Queens,New York,SUNIL K. AGARWAL P.C,118-35 QUEENS BOULEVARD,SUITE 1610,FOREST HILLS,NY,11375
8028548,VARIEDADES SELVIN CORP.,2026-09-23,DOMESTIC BUSINESS CORPORATION,Suffolk,New York,Selvin Yahir Chicas Diaz,227 Orourke Street,,Brentwood,NY,11717
8028550,PYROMED ANALYTICS LLC,2026-09-23,DOMESTIC LIMITED LIABILITY COMPANY,Albany,New York,REGISTERED AGENTS INC.,418 BROADWAY,STE R,ALBANY,NY,12207
8028551,7814 46TH AVE LLC,2026-09-23,DOMESTIC LIMITED LIABILITY COMPANY,Queens,New York,7814 46TH AVE LLC,32-12 155TH STREET,,FLUSHING,NY,11354
8028552,GM LANDSCAPE SOLUTIONS INC.,2026-09-23,DOMESTIC BUSINESS CORPORATION,Suffolk,New York,GM LANDSCAPE SOLUTIONS INC.,63 COLUMBIA STREET,,HUNTINGTON STATION,NY,11746
8028553,ZB LADYD FUND LLC,2026-09-23,DOMESTIC LIMITED LIABILITY COMPANY,Albany,New York,REGISTERED AGENTS INC.,418 BROADWAY,STE R,ALBANY,NY,12207
8028554,HAMPTONS JURIED LLC,2026-09-23,DOMESTIC LIMITED LIABILITY COMPANY,Suffolk,New York,HAMPTONS JURIED LLC,72 LAUREL LANE,,SAG HARBOR,NY,11963
8028555,1MAP LLC,2026-09-23,DOMESTIC LIMITED LIABILITY COMPANY,New York,New York,c/o david j. pfeffer,tarter krinsky & drogin llp,"1350 broadway, floor 11",NEW YORK,NY,10018
8028556,"NEGT HOLDINGS, LLC",2026-09-23,DOMESTIC LIMITED LIABILITY COMPANY,Erie,New York,"NEGT HOLDINGS, LLC",90 Girdle Road,,East Aurora,NY,14052
8028557,SUN SHINE SOCIETY REAL ESTATE LLC,2026-09-23,DOMESTIC LIMITED LIABILITY COMPANY,Kings,New York,Miny International LLc,1060 Broadway,,Brooklyn,NY,11221
8028558,FW ELECTRICAL SERVICE INC.,2026-09-23,DOMESTIC BUSINESS CORPORATION,Queens,New York,FANG WANG,6113 155TH ST 2F,,FLUSHING,NY,11367
8028559,VIRELTO LTD.,2026-09-23,DOMESTIC BUSINESS CORPORATION,New York,New York,Elyqora Markets Ltd.,285 Fulton Street,,New York,NY,10007
8028560,ELMP HOLDINGS INC.,2026-09-23,DOMESTIC BUSINESS CORPORATION,Rockland,New York,c/o eric lawton,11 ramapo road,,GARNERVILLE,NY,10923
8028561,SPARKLE BUSINESS MANAGEMENT INC.,2026-09-23,DOMESTIC BUSINESS CORPORATION,Rockland,New York,SPARKLE BUSINESS MANAGEMENT INC.,6 Briarcliff,,Monsey,NY,10952
8028562,ZIV 875A LLC,2026-09-23,DOMESTIC LIMITED LIABILITY COMPANY,Kings,New York,ZIV 875A LLC,439 KINGSTON AVE,,BROOKLYN,NY,11225
8028565,PD PROPERTY 26 LLC,2026-09-23,DOMESTIC LIMITED LIABILITY COMPANY,Nassau,New York,PD Property 26 LLC,770 Middle Neck Road,Suite 7P,Great Neck,NY,11023
8028566,HOUSE TO HOME RENOVATIONS LLC,2026-09-23,DOMESTIC LIMITED LIABILITY COMPANY,Dutchess,New York,HOUSE TO HOME RENOVATIONS LLC,69 Mountain Top Road,,Stormville,NY,12582
8028567,THE LABOR BUILDING SERVICES LLC,2026-09-23,DOMESTIC LIMITED LIABILITY COMPANY,Albany,New York,NORTHWEST REGISTERED AGENT LLC,418 BROADWAY,STE N,ALBANY,NY,12207
8028568,AZ HOME VENTURES LLC,2026-09-23,DOMESTIC LIMITED LIABILITY COMPANY,Albany,New York,NORTHWEST REGISTERED AGENT LLC,418 BROADWAY,STE N,ALBANY,NY,12207
8028570,CNY ALLIANCE SEVEN LLC,2026-09-23,DOMESTIC LIMITED LIABILITY COMPANY,Rensselaer,New York,CNY ALLIANCE SEVEN LLC,125 defreest drive,,TROY,NY,12180
8028571,"COUSIN'S UNIFORM & TUX, LLC",2026-09-23,FOREIGN LIMITED LIABILITY COMPANY,Albany,Connecticut,"COUSIN'S UNIFORM & TUX, LLC",360 FAIRFIELD AVE,,STAMFORD,CT,06902
8028572,543 MONROE INC.,2026-09-23,DOMESTIC BUSINESS CORPORATION,Nassau,New York,543 MONROE INC.,317 LINWOOD AVE,,CEDARHURST,NY,11516
8028573,TJOVE LLC,2026-09-23,DOMESTIC LIMITED LIABILITY COMPANY,Albany,New York,TJove LLC,12 Linden Street Apt 12A,,Great Neck,NY,11021
8028574,WIGS BY FAYGE LLC,2026-09-23,DOMESTIC LIMITED LIABILITY COMPANY,Rockland,New York,Gottlieb,97 Buckingham Court,,Pomona,NY,10970
8028575,MATSUUME LLC,2026-09-23,DOMESTIC LIMITED LIABILITY COMPANY,Suffolk,New York,Kay Lim,131 W Montauk Hwy,,Hampton Bays,NY,11946
8028577,LG KINGS GRAPHICS LLC,2026-09-23,DOMESTIC LIMITED LIABILITY COMPANY,Kings,New York,LG Kings Graphics LLC,154 Tehama St,,Brooklyn,NY,11218
8028578,RUACH CS LLC,2026-09-23,DOMESTIC LIMITED LIABILITY COMPANY,Bronx,New York,PEDRO L RIVERA,65 WOODBURY ST,FL1,NEW ROCHELLE,NY,10805
8028579,BROOKLYN GINGER LLC,2026-09-23,DOMESTIC LIMITED LIABILITY COMPANY,Kings,New York,Entity Protect Registered Agent Services LLC,447 Broadway 2nd Fl. - #3000,,New York,NY,10013
8028580,GULF GATE LLC,2026-09-23,DOMESTIC LIMITED LIABILITY COMPANY,Albany,New York,NORTHWEST REGISTERED AGENT LLC,418 BROADWAY,STE N,ALBANY,NY,12207
8028582,EVERMONT PROPERTIES LLC,2026-09-23,DOMESTIC LIMITED LIABILITY COMPANY,Orange,New York,EVERMONT PROPERTIES LLC,4 ZENTA RD #203,,MONROE,NY,10950
8028583,85 4TH LEASING LLC,2026-09-23,DOMESTIC LIMITED LIABILITY COMPANY,Kings,New York,HARRY EINHORN,185 Clymer Street,#401,Brooklyn,NY,11211
8028584,HILLSIDE MM LLC,2026-09-23,DOMESTIC LIMITED LIABILITY COMPANY,Queens,New York,C/O C T CORPORATION SYSTEM,28 LIBERTY STREET,,NEW YORK,NY,10005
8028585,NJ 473 SERVICES LLC,2026-09-23,DOMESTIC LIMITED LIABILITY COMPANY,Albany,New York,NORTHWEST REGISTERED AGENT LLC,418 BROADWAY,STE N,ALBANY,NY,12207
8028586,420 SP LLC,2026-09-23,DOMESTIC LIMITED LIABILITY COMPANY,Westchester,New York,Gilbride Tusa Last & Spellane LLC,"1 Wolfs Lane, Suite 315",,Pelham,NY,10803
8028592,PYRAMID REHAB PT. P.C.,2026-09-23,DOMESTIC PROFESSIONAL SERVICE CORPORATION,Westchester,New York,PYRAMID REHAB PT. P.C.,26 arden place,,YONKERS,NY,10701
8028593,VUKOVIC PROPERTY GROUP LLC,2026-09-23,DOMESTIC LIMITED LIABILITY COMPANY,Erie,New York,Novica Vukovic,130 Daven Dr,,Getzville,NY,14068
8028594,SPONNEXT LLC,2026-09-23,DOMESTIC LIMITED LIABILITY COMPANY,Rockland,New York,SponNext LLC,4 Phillips Dr,,Stony Point,NY,10980
8028596,"PELVIC LIFE PHYSICAL THERAPY, P.C.",2026-09-23,DOMESTIC PROFESSIONAL SERVICE CORPORATION,Kings,New York,"PELVIC LIFE PHYSICAL THERAPY, P.C.","829 GREENWOOD AVE, APT 3C",,BROOKLYN,NY,11218
8028597,HILLSIDE LIHTC OWNER LLC,2026-09-23,DOMESTIC LIMITED LIABILITY COMPANY,Queens,New York,C/O C T CORPORATION SYSTEM,28 LIBERTY STREET,,NEW YORK,NY,10005
8028598,SOLARIS RESERVE LLC,2026-09-23,DOMESTIC LIMITED LIABILITY COMPANY,Albany,New York,Joshua M Rowinski,24 peter dr,,albany,NY,12205
8028599,85 4TH SECURITY LLC,2026-09-23,DOMESTIC LIMITED LIABILITY COMPANY,Kings,New York,Harry Einhorn,185 Clymer Street,401,Brooklyn,NY,11211
8028600,AMANDA CREATIONS LLC,2026-09-23,DOMESTIC LIMITED LIABILITY COMPANY,Albany,New York,NORTHWEST REGISTERED AGENT LLC,418 BROADWAY,STE N,ALBANY,NY,12207
8028601,ALIAS REAL ESTATE LLC,2026-09-23,DOMESTIC LIMITED LIABILITY COMPANY,Bronx,New York,Miny International LLC,1060 Broadway,,Albany,NY,12204
8028602,"MUD BAY RESORT RV PARK AND MARINA, LLC",2026-09-23,DOMESTIC LIMITED LIABILITY COMPANY,Jefferson,New York,"Mud Bay Resort RV Park and Marina, LLC",142 Arcade Street,Suite 100,Watertown,NY,13601
8028604,2RILL DESIGNS LLC,2026-09-23,DOMESTIC LIMITED LIABILITY COMPANY,Nassau,New York,2RILL DESIGNS LLC,82 HILLSIDE AVE,,MANHASSET,NY,11030
8028605,"ROBCO SALES & SERVICE, LLC",2026-09-23,FOREIGN LIMITED LIABILITY COMPANY,Albany,Delaware,"ROBCO SALES & SERVICE, LLC",5757 woodway no. 330,,HOUSTON,TX,77057
8028606,"SHI 2026 BRIARCLIFF OPCO, LLC",2026-09-23,FOREIGN LIMITED LIABILITY COMPANY,New York,Delaware,C/O C T CORPORATION SYSTEM,28 LIBERTY STREET,,NEW YORK,NY,10005
8028607,"ROOTED THERAPY STUDIO LMHC, PLLC",2026-09-23,DOMESTIC PROFESSIONAL SERVICE LIMITED LIABILITY COMPANY,Monroe,New York,"ROOTED THERAPY STUDIO LMHC, PLLC",2507 browncroft boulevard,suite 204b,PENFIELD,NY,14526
8028608,SIMPLEADVISORY LLC,2026-09-23,FOREIGN LIMITED LIABILITY COMPANY,Nassau,Delaware,SIMPLEADVISORY LLC,900 STEWART AVE,SUITE 210,GARDEN CITY,NY,11530
8028610,GARALI INC.,2026-09-23,DOMESTIC BUSINESS CORPORATION,Kings,New York,ARTOGHRUL GARAYEV,2265 OCEAN PKWY APT 3A,,BROOKLYN,NY,11223
8028611,OVER THE MOON COFFEE & JUICE INC.,2026-09-23,DOMESTIC BUSINESS CORPORATION,Queens,New York,OVER THE MOON COFFEE &amp; JUICE,83-15 37th Ave,,Jackson Heights,NY,11372
8028613,DASHT SOLUTIONS LLC,2026-09-23,DOMESTIC LIMITED LIABILITY COMPANY,Rockland,New York,DashT Solutions LLC,733 Union Rd,,Spring Valley,NY,10977
8028615,LB SUMMIT LLC,2026-09-23,DOMESTIC LIMITED LIABILITY COMPANY,Kings,New York,LEVI BORENSTEIN,580 CROWN ST,SUITE 303,BROOKLYN,NY,11213
8028616,BREANNA PAGAN LLC,2026-09-23,DOMESTIC LIMITED LIABILITY COMPANY,Orange,New York,Breanna Pagan,126 ledgeway dr,,dingmans ferry,PA,18328
8028617,PAYLUME INC.,2026-09-23,DOMESTIC BUSINESS CORPORATION,New York,New York,New York Registered Agent LLC,418 Broadway,STE Y,Albany,NY,12207
8028618,"EVAN’S LANDSCAPING, LLC",2026-09-23,DOMESTIC LIMITED LIABILITY COMPANY,Erie,New York,"EVAN’S LANDSCAPING, LLC",100 fennec lane,,EAST AMHERST,NY,14051
8028619,2027-205 PINEWILD LLC,2026-09-23,DOMESTIC LIMITED LIABILITY COMPANY,Monroe,New York,2027-205 PINEWILD LLC,305 pinewild drive suite 3,,ROCHESTER,NY,14626
8028621,BUFLO LLC,2026-09-23,DOMESTIC LIMITED LIABILITY COMPANY,Erie,New York,BUFLO LLC,2700 niagara falls blvd,,TONAWANDA,NY,14150
8028622,STONY FORD ROAD LLC,2026-09-23,DOMESTIC LIMITED LIABILITY COMPANY,Orange,New York,Stony Ford Road LLC,47 Stony Ford Road,,Campbell Hall,NY,10916
8028623,PRESCRIPTION PLUS RX LLC,2026-09-23,FOREIGN LIMITED LIABILITY COMPANY,Westchester,Delaware,PRESCRIPTION PLUS RX LLC,105 croton ave,,OSSINING,NY,10562
8028624,BAM DELIVERY INC.,2026-09-23,DOMESTIC BUSINESS CORPORATION,Nassau,New York,BAM DELIVERY INC.,269 HUNGRY HARBOR ROAD,,VALLEY STREAM,NY,11581
8028625,SIGNATURE BY GARABITO LLC,2026-09-23,DOMESTIC LIMITED LIABILITY COMPANY,Rockland,New York,KEWIN GARABITO,8 BUBENKO DR,,GARNERVILLE,NY,10923
8028627,RG GRANDVIEW LLC,2026-09-23,DOMESTIC LIMITED LIABILITY COMPANY,Steuben,New York,RENEE GARRISON,52 UNIVERSITY AVE,,ATLANTA,NY,14808
8028628,"WEST NYACK BP, INC.",2026-09-23,DOMESTIC BUSINESS CORPORATION,Rockland,New York,"West Nyack BP, Inc.",112 N Rte 303,,West Nyack,NY,10994
8028631,715 55TH STREET LLC,2026-09-23,DOMESTIC LIMITED LIABILITY COMPANY,Albany,New York,715 55TH STREET LLC,PO BOX 10873,,ALBANY,NY,12201
8028632,MURIN CONSULTING CORP.,2026-09-23,DOMESTIC BUSINESS CORPORATION,Rockland,New York,Murin Consulting Corp.,63 twin ave unit 301,,spring valley,NY,10977
8028633,THE VINCENT GROUP INC.,2026-09-23,DOMESTIC BUSINESS CORPORATION,Suffolk,New York,REPUBLIC REGISTERED AGENT SERVICES INC.,54 STATE STREET,STE 804,ALBANY,NY,12207
8028634,BLOOM NAIL STUDIO LLC,2026-09-23,DOMESTIC LIMITED LIABILITY COMPANY,Westchester,New York,THE LIMITED LIABILITY COMPANY,40 MAIN STREET,,TARRYTOWN,NY,10591
8028635,"JANKOWIAK VENTURES, LLC",2026-09-23,DOMESTIC LIMITED LIABILITY COMPANY,Erie,New York,"Jankowiak Ventures, LLC",2277 Three Rod Road,,East Aurora,NY,14052
8028639,TAX HUNT LLC,2026-09-23,DOMESTIC LIMITED LIABILITY COMPANY,Bronx,New York,DARRIN URBAEZ,1345 Shakespeare ave APT 4,,BRONX,NY,10452
8028640,EZ CARE NY INC.,2026-09-23,DOMESTIC BUSINESS CORPORATION,Kings,New York,EZ Care NY Inc.,501 Lafayette Ave,,Brooklyn,NY,11205
8028641,ARKINN JEWELLS LLC,2026-09-23,DOMESTIC LIMITED LIABILITY COMPANY,New York,New York,REPUBLIC REGISTERED AGENT SERVICES INC.,54 STATE STREET,STE 804,ALBANY,NY,12207
8028642,TOWERS ADVISORY LLC,2026-09-23,DOMESTIC LIMITED LIABILITY COMPANY,Greene,New York,Towers Advisory LLC,204 Water Street,#1,Catskill,NY,12414
8028643,MERCY RETAIL INC.,2026-09-23,DOMESTIC BUSINESS CORPORATION,Kings,New York,MERCY RETAIL INC.,7611 13TH AVE,,BROOKLYN,NY,11228
8028646,DIAMOND FUNDING PARTNERS LLC,2026-09-23,DOMESTIC LIMITED LIABILITY COMPANY,Rockland,New York,DIAMOND FUNDING PARTNERS LLC,26 Burbury Lane,,Great Neck,NY,11023
8028647,STONEBRIDGE INDUSTRIAL GROUP LLC,2026-09-23,DOMESTIC LIMITED LIABILITY COMPANY,Kings,New York,Stonebridge Industrial Group LLC,1438 42nd Street,,Brooklyn,NY,11219
8028648,"ANTHONY'S LEGACY OF SMILES, INC.",2026-09-23,DOMESTIC NOT-FOR-PROFIT CORPORATION,Chautauqua,New York,"ANTHONY'S LEGACY OF SMILES, INC.",617 windsor street,,JAMESTOWN,NY,14701
8028649,PATEL WITH PATIENCE LLC,2026-09-23,DOMESTIC LIMITED LIABILITY COMPANY,Nassau,New York,THE COMPANY,2500 1ST AVE,,EAST MEADOW,NY,11554
8028650,2107 ASTORIA MANAGER LLC,2026-09-23,FOREIGN LIMITED LIABILITY COMPANY,Albany,Delaware,2107 ASTORIA MANAGER LLC,"1133 westchester ave,",suite n-222,White plains,NY,10604
8028653,INFINITY TAX GROUP LLC,2026-09-23,DOMESTIC LIMITED LIABILITY COMPANY,Bronx,New York,JOSE ALMANZAR,2710 VALENTINE AVE APT 32,,BRONX,NY,10458
8028655,LSF MANAGEMENT LLC,2026-09-23,DOMESTIC LIMITED LIABILITY COMPANY,Kings,New York,LSF Management LLC,73 Penn Street Apt 1,,Brooklyn,NY,11249
8028656,"RESTLESS WORKS ARCHITECTURE, PLLC",2026-09-23,DOMESTIC PROFESSIONAL SERVICE LIMITED LIABILITY COMPANY,Delaware,New York,gregory evans,119 main street,,ANDES,NY,13731
8028657,"LOCI AI, INC.",2026-09-23,FOREIGN BUSINESS CORPORATION,New York,Delaware,"LOCI AI, INC.",105 lexington ave,apt 10c,NEW YORK,NY,10016
8028658,"SALSA VERDE NYC, INC.",2026-09-23,DOMESTIC BUSINESS CORPORATION,New York,New York,"SALSA VERDE NYC, INC.",4306 Broadway,,New York,NY,10033
8028659,ROCBUILD CONSTRUCTION LLC,2026-09-23,DOMESTIC LIMITED LIABILITY COMPANY,Monroe,New York,TARAS YENAL,10 JORDACHE LN,,SPENCERPORT,NY,14559
8028662,CLOUDHAVEN SYSTEMS LLC,2026-09-23,DOMESTIC LIMITED LIABILITY COMPANY,Westchester,New York,CLOUDHAVEN SYSTEMS LLC,44 ROSSITER AVENUE,,YONKERS,NY,10701
8028663,COVE RISK ADVISORS LLC,2026-09-23,DOMESTIC LIMITED LIABILITY COMPANY,Kings,New York,Cove Risk Advisors LLC,1449 37th Street,Suite 415,Brooklyn,NY,11218
8028664,MAGIC TIMES MOBILE BAR LLC,2026-09-23,DOMESTIC LIMITED LIABILITY COMPANY,Suffolk,New York,Magic Times Mobile Bar LLC,437 Pond Path,,East Setauket,NY,11733
8028665,"4R-4416, LLC",2026-09-23,DOMESTIC LIMITED LIABILITY COMPANY,Kings,New York,"4R-4416, LLC","5308 13th Avenue, #268",,Brooklyn,NY,11219
8028666,FINORA TAX LLC,2026-09-23,DOMESTIC LIMITED LIABILITY COMPANY,Bronx,New York,ESMERALDA RODRIGUEZ DESCHAMPS,55 FOX AVE 2ND FL,,YONKERS,NY,10704
8028667,WHITEPLAINS APPAREL INC.,2026-09-23,DOMESTIC BUSINESS CORPORATION,Bronx,New York,WHITEPLAINS APPAREL INC.,1205 WHITE PLAINS RD,,BRONX,NY,10472
8028669,ATHENIAN ARTS LLC,2026-09-23,DOMESTIC LIMITED LIABILITY COMPANY,Bronx,New York,ZENBUSINESS INC.,41 STATE STREET,SUITE 112,ALBANY,NY,12207
8028670,"CLARENCE RHYM, LLC",2026-09-23,DOMESTIC LIMITED LIABILITY COMPANY,Erie,New York,Clarence Rhym,66 Custer Street,66 Custer Street,Buffalo,NY,14214
8028671,"ONWARD YOUTH, INC.",2026-09-23,DOMESTIC NOT-FOR-PROFIT CORPORATION,Kings,New York,"ONWARD YOUTH, INC.",2116 ave p,,BROOKLYN,NY,11229
8028672,CONEY ISLAND PT P.C.,2026-09-23,DOMESTIC PROFESSIONAL SERVICE CORPORATION,Kings,New York,CONEY ISLAND PT P.C.,"49 murdock ct,",apt. 6d,BROOKLYN,NY,11223
8028673,ICA RISK MANAGEMENT LLC,2026-09-23,FOREIGN LIMITED LIABILITY COMPANY,Westchester,New Jersey,ICA RISK MANAGEMENT LLC,960 macarthur boulevard,suite 303,MAHWAH,NJ,07430
8028674,THE PM COLLECTIVE LLC,2026-09-23,DOMESTIC LIMITED LIABILITY COMPANY,Queens,New York,THE PM COLLECTIVE LLC,213-06 RICHLAND AVE,,OAKLAND GARDENS,NY,11364
8028675,1805 E 8TH LLC,2026-09-23,DOMESTIC LIMITED LIABILITY COMPANY,Albany,New York,1805 E 8TH LLC,9 Washington Square,Unit 16,Albany,NY,12205
8028676,HEARTKEY HORIZONS INC.,2026-09-23,DOMESTIC BUSINESS CORPORATION,Richmond,New York,HEARTKEY HORIZONS INC.,141 EVERGREEN AVE #1A,,STATEN ISLAND,NY,10305
8028677,"MIA NONA, INC.",2026-09-23,DOMESTIC BUSINESS CORPORATION,New York,New York,"MIA NONA, INC.",4306 Broadway,,New York,NY,10033
8028678,LUSIX INC.,2026-09-23,FOREIGN BUSINESS CORPORATION,New York,Delaware,LUSIX INC.,"529 FIFTH AVENUE, 8TH FLOOR",,NEW YORK,NY,10017
8028679,103 OCEAN AVENUE LLC,2026-09-23,DOMESTIC LIMITED LIABILITY COMPANY,Albany,New York,103 OCEAN AVENUE LLC,9 WASHINGTON SQUARE,UNIT 16,ALBANY,NY,12205
8028680,WE BEYOND GROUP INC.,2026-09-23,DOMESTIC BUSINESS CORPORATION,Queens,New York,WE BEYOND GROUP INC.,41-40 170TH ST,,FLUSHING,NY,11358
8028681,KETODEES BAKERY LLC,2026-09-23,DOMESTIC LIMITED LIABILITY COMPANY,Richmond,New York,Delba Lopez,491 Ridgewood Ave,,Staten island,NY,10312
8028683,DAVID KB CONSULTING LLC,2026-09-23,DOMESTIC LIMITED LIABILITY COMPANY,Queens,New York,David Baruch,25-20 Crescent St,Apt 1B,Astoria,NY,11102
8028684,LADYBUG HIVE INC.,2026-09-23,DOMESTIC BUSINESS CORPORATION,Kings,New York,Darlene Cordero,1746 West 10th street,,Brooklyn,NY,11223
8028685,HAVERFORD R LLC,2026-09-23,DOMESTIC LIMITED LIABILITY COMPANY,Nassau,New York,Reza Ardebili,100 Merrick Road Suite 400,,Rockville Centre,NY,11570
8028686,SG VENTURES GROUP INC.,2026-09-23,DOMESTIC BUSINESS CORPORATION,Nassau,New York,SG VENTURES GROUP INC.,33 W Hawthorne Ave Ste 22,,Valley Stream,NY,11580
8028689,"UPTOWN STAKE, INC.",2026-09-23,DOMESTIC BUSINESS CORPORATION,New York,New York,"UPTOWN STAKE, INC.",4306 Broadway,,New York,NY,10033
8028690,DE CORAZON A CORAZON CYNTHIA CRUZ INC.,2026-09-23,DOMESTIC BUSINESS CORPORATION,Bronx,New York,CYNTHIA CRUZ,4175 PARK AVE,,BRONX,NY,10457
8028692,SUPER POWER MART INC.,2026-09-23,DOMESTIC BUSINESS CORPORATION,Erie,New York,Sam Faiz Ismael,389 Filmore Ave,,Buffalo,NY,14206
8028694,59 DUELK LLC,2026-09-23,DOMESTIC LIMITED LIABILITY COMPANY,Kings,New York,59 DUELK LLC,5106 12th Ave,,Brooklyn,NY,11219
8028696,K22 PROPERTIES LLC,2026-09-23,DOMESTIC LIMITED LIABILITY COMPANY,Erie,New York,K22 PROPERTIES LLC,112 Columbia Boulevard,,Kenmore,NY,14217
8028697,HILLSIDE PHASE I OWNER LLC,2026-09-23,DOMESTIC LIMITED LIABILITY COMPANY,Queens,New York,C/O C T CORPORATION SYSTEM,28 LIBERTY STREET,,NEW YORK,NY,10005
8028698,YOYO MANAGEMENT INC.,2026-09-23,DOMESTIC BUSINESS CORPORATION,Queens,New York,THE CORP,34-22 149TH ST,,FLUSHING,NY,11354
8028700,K NGUYEN LLC,2026-09-23,DOMESTIC LIMITED LIABILITY COMPANY,New York,New York,Kathy Nguyen,550 West 150th St,Apt 4,New York,NY,10031
8028701,AMY GO TRANSPORT LLC,2026-09-23,DOMESTIC LIMITED LIABILITY COMPANY,Bronx,New York,AMY GO TRANSPORT LLC,1459 GRAND CONCOURSE,STE 2B,BRONX,NY,10452
8028702,LIC EQUIPMENT INC.,2026-09-23,DOMESTIC BUSINESS CORPORATION,Queens,New York,LIC EQUIPMENT INC.,25-25 BORDEN AVENUE,UNIT 207,LONG ISLAND CITY,NY,11101
8028703,"JUNCALITO COFFEE, INC.",2026-09-23,DOMESTIC BUSINESS CORPORATION,New York,New York,"JUNCALITO COFFEE, INC.",4306 Broadway,,New York,NY,10033
8028704,O DELI NY CORP.,2026-09-23,DOMESTIC BUSINESS CORPORATION,Kings,New York,O DELI NY CORP.,1076 Broadway,,Brooklyn,NY,11221
8028705,OLAMOS INC.,2026-09-23,DOMESTIC BUSINESS CORPORATION,Kings,New York,Olamos Inc.,5308 13th Ave.,Suite #290,Brooklyn,NY,11219
8028706,DEGEL ROME LLC,2026-09-23,DOMESTIC LIMITED LIABILITY COMPANY,Oneida,New York,NORTHWEST REGISTERED AGENT LLC,418 BROADWAY,STE N,ALBANY,NY,12207
8028708,"DULCELITO, INC.",2026-09-23,DOMESTIC BUSINESS CORPORATION,New York,New York,"DULCELITO, INC.",4306 Broadway,,New York,NY,10033
8028709,NORTHCREST COMMERCE LLC,2026-09-23,DOMESTIC LIMITED LIABILITY COMPANY,Kings,New York,ELI DABACH,4828 BAY PKWY,,BROOKLYN,NY,11230
8028711,WESTWORKSLANDSCAPING LLC,2026-09-23,DOMESTIC LIMITED LIABILITY COMPANY,Schenectady,New York,MADELINE WEST,204 SUNSET AVE,,BALLSOTON SPA,NY,12020
8028712,Y&S PLUMBING INC.,2026-09-23,DOMESTIC BUSINESS CORPORATION,Kings,New York,Y&S Plumbing Inc.,597 Marcy Ave Suite 2A,,Brooklyn,NY,11206
8028713,TOTAL OUTDOOR SOLUTIONS LLC,2026-09-23,DOMESTIC LIMITED LIABILITY COMPANY,Clinton,New York,Trevor Frenyea,4320 Rt 11,,Mooers Forks,NY,12959
8028714,WMP1 INC.,2026-09-23,DOMESTIC BUSINESS CORPORATION,Kings,New York,WMP1 INC.,29 south 10st,#7C,BROOKLYN,NY,11249
8028715,HUDSON HEALTH HOLDINGS LLC,2026-09-23,DOMESTIC LIMITED LIABILITY COMPANY,Westchester,New York,HUDSON HEALTH HOLDINGS LLC,64 bleecker street pmb #413,,NEW YORK,NY,10012
8028716,DEGEL WATERTOWN LLC,2026-09-23,DOMESTIC LIMITED LIABILITY COMPANY,Jefferson,New York,NORTHWEST REGISTERED AGENT LLC,418 BROADWAY,STE N,ALBANY,NY,12207
8028717,LIMAD HEALTH LLC,2026-09-23,DOMESTIC LIMITED LIABILITY COMPANY,Albany,New York,NORTHWEST REGISTERED AGENT LLC,418 BROADWAY,STE N,ALBANY,NY,12207
8028719,CONCIERGE DENTAL OF SENECA RIDGE PLLC,2026-09-23,DOMESTIC PROFESSIONAL SERVICE LIMITED LIABILITY COMPANY,Erie,New York,"benjamin david oppenheimer, dds",6575 goodrich road,,clarence center,NY,14221
8028720,PACKERS RENTALS LLC,2026-09-23,DOMESTIC LIMITED LIABILITY COMPANY,Albany,New York,NORTHWEST REGISTERED AGENT LLC,418 BROADWAY,STE N,ALBANY,NY,12207
8028721,NEW PLUS SPA INC.,2026-09-23,DOMESTIC BUSINESS CORPORATION,Nassau,New York,MINGMEI ZHOU,11 W SUNRISE HWY,,FREEPORT,NY,11520
8028722,CITYWIDE GOLDEN INC.,2026-09-23,DOMESTIC BUSINESS CORPORATION,Kings,New York,Citywide Golden Inc.,415 ALBEMARLE RD,,BROOKLYN,NY,11218
8028723,29 CALVERT 216 LLC,2026-09-23,DOMESTIC LIMITED LIABILITY COMPANY,Rockland,New York,29 Calvert 216 LLC,2 Ellish PKWY 112,,Spring Valley,NY,10977
8028725,744 EAST 4TH LLC,2026-09-23,DOMESTIC LIMITED LIABILITY COMPANY,Kings,New York,744 EAST 4TH LLC,665 DAHILL ROAD,,BROOKLYN,NY,11218
8028726,GRANDMA ROSE'S KITCHEN LLC,2026-09-23,DOMESTIC LIMITED LIABILITY COMPANY,Queens,New York,GRANDMA ROSE'S KITCHEN LLC,149-45 257TH STREET,,ROSEDALE,NY,11422
8028727,GALLO AVIATION CONSULTANTS INC.,2026-09-23,DOMESTIC BUSINESS CORPORATION,Suffolk,New York,GREGG BERNARD CPA,31 CURTIS PATH,,EAST NORTHPORT,NY,11731
8028728,RIRONE ENTERPRISE LLC,2026-09-23,FOREIGN LIMITED LIABILITY COMPANY,Nassau,New Jersey,RIRONE ENTERPRISE LLC,3313 S CLINTON AVE,,SOUTH PLAINFIELD,NJ,07080
8028730,PUMPKIN AND BEANSIE LLC,2026-09-23,DOMESTIC LIMITED LIABILITY COMPANY,Westchester,New York,Carmel Tuminaro,7 Ann Street,,West Harrison,NY,10604
8028731,OT LAUNDRY EQUIPMENT LLC,2026-09-23,DOMESTIC LIMITED LIABILITY COMPANY,Richmond,New York,OT Laundry Equipment LLC,288 Slater Boulevard,,Staten Island,NY,10305
8028733,BILORI LLC,2026-09-23,DOMESTIC LIMITED LIABILITY COMPANY,Albany,New York,ACCUMERA LLC,"911 CENTRAL AVE., #101",,ALBANY,NY,12206
8028735,SKYLINE MARKETING USA INC.,2026-09-23,DOMESTIC BUSINESS CORPORATION,Kings,New York,Skyline Marketing USA Inc.,415 ALBEMARLE RD,,BROOKLYN,NY,11218
8028737,CREATIVELY DRIVEN LLC,2026-09-23,DOMESTIC LIMITED LIABILITY COMPANY,Monroe,New York,CREATIVELY DRIVEN LLC,35 Main Street,,Scottsville,NY,14546
8028738,"TURF MANIACS, LLC",2026-09-23,DOMESTIC LIMITED LIABILITY COMPANY,Fulton,New York,"TURF MANIACS, LLC",367 McKay Rd,,Amsterdam,NY,12010
8028739,MAXALL CORP.,2026-09-23,DOMESTIC BUSINESS CORPORATION,Kings,New York,TAMARA DEMCHUK,2912 BRIGHTON 12TH STREET,APT 5C,BROOKLYN,NY,11235
8028740,MOURI LLC,2026-09-23,DOMESTIC LIMITED LIABILITY COMPANY,Albany,New York,MOURI LLC,7245 44th Ave,,Woodside,NY,11377
8028741,ENDLESS BELIEF LLC,2026-09-23,DOMESTIC LIMITED LIABILITY COMPANY,Richmond,New York,ENDLESS BELIEF LLC,16 MONROE PL,,STATEN ISLAND,NY,10314
8028743,6725 11 AVE REALTY LLC,2026-09-23,DOMESTIC LIMITED LIABILITY COMPANY,Kings,New York,Shi Wei Lei,4205 8th Avenue,,Brooklyn,NY,11232
8028744,Q INC.,2026-09-23,DOMESTIC BUSINESS CORPORATION,Madison,New York,Q INC / OMAR QAID,2192 Glenwood Shopping Plaza,,Oneida,NY,13421
8028745,LIMO LUXE LLC,2026-09-23,DOMESTIC LIMITED LIABILITY COMPANY,Queens,New York,LIMO LUXE LLC,4743 195TH ST,,FLUSHING,NY,11358
8028746,TARGETED SECURITY DEFENSIVE PATROL LLC,2026-09-23,DOMESTIC LIMITED LIABILITY COMPANY,Albany,New York,NORTHWEST REGISTERED AGENT LLC,418 BROADWAY,STE N,ALBANY,NY,12207
8028747,DPI PRODUCTION LLC,2026-09-23,DOMESTIC LIMITED LIABILITY COMPANY,New York,New York,Daniel Perez,"117 W 118th St, Apt A",,New York,NY,10026
8028748,WEEMIND LLC,2026-09-23,DOMESTIC LIMITED LIABILITY COMPANY,Rockland,New York,WeeMind LLC,14 Caroll,,Suffern,NY,10901
8028749,PRADO PROPERTY GROUP LLC,2026-09-23,DOMESTIC LIMITED LIABILITY COMPANY,Westchester,New York,Felipe Prado de Melo,165 Huguenot Street,Apt. 5L,New Rochelle,NY,10801
8028750,2212 AVE T LLC,2026-09-23,DOMESTIC LIMITED LIABILITY COMPANY,Kings,New York,2212 Ave T LLC,2212 Avenue T,,Brooklyn,NY,11229
8028751,J & J OF CNY LLC,2026-09-23,DOMESTIC LIMITED LIABILITY COMPANY,Oneida,New York,J &amp; J of CNY LLC,2 Bolton Circle,,New Hartford,NY,13413
8028752,1987 EAST 22 LLC,2026-09-23,DOMESTIC LIMITED LIABILITY COMPANY,Kings,New York,1987 East 22 LLC,1987 East 22nd Street,,Brooklyn,NY,11229
8028753,"NINETROY HOLDINGS, LLC",2026-09-23,DOMESTIC LIMITED LIABILITY COMPANY,Albany,New York,Quinn Kelly,127 Bullock Road,,Slingerlands,NY,12159
8028754,HALO ROOM STUDIOS LLC,2026-09-23,DOMESTIC LIMITED LIABILITY COMPANY,Kings,New York,Halo Room Studios LLC,315 Meserole St,#214,Brooklyn,NY,11385
8028756,SHIELD TRUCKING AND HAULAGE LLC,2026-09-23,DOMESTIC LIMITED LIABILITY COMPANY,Albany,New York,SHIELD TRUCKING AND HAULAGE LLC,163 E 95TH STREET,,BROOKLYN,NY,11212
8028757,WHISPERZZZ INC.,2026-09-23,DOMESTIC BUSINESS CORPORATION,Queens,New York,WHISPERZZZ INC.,222-62 BRADDOCK AVE,,JAMAICA,NY,11428
8028758,CELESTE NYC LLC,2026-09-23,DOMESTIC LIMITED LIABILITY COMPANY,Bronx,New York,Jaylen Bridgewater,120 Dreiser Loop,13A,Bronx,NY,104752616
8028759,BLUE EL SOLUTIONS LLC,2026-09-23,DOMESTIC LIMITED LIABILITY COMPANY,Westchester,New York,Mirtha Robles,2 Sammie Ln,,White Plains,NY,10605
8028760,PCNYC GRAHAM LLC,2026-09-23,DOMESTIC LIMITED LIABILITY COMPANY,Queens,New York,ZENBUSINESS INC.,41 STATE STREET,SUITE 112,ALBANY,NY,12207
8028761,80 VERNON 5A LLC,2026-09-23,DOMESTIC LIMITED LIABILITY COMPANY,Kings,New York,80 Vernon 5A LLC,116 Wallabout St apt 5B,,Brooklyn,NY,11249
8028762,FRESH BAGELS INC.,2026-09-23,DOMESTIC BUSINESS CORPORATION,New York,New York,Fresh Bagels Inc.,1111 1st Avenue,,New York,NY,10065
8028763,LEO HOUSE LLC,2026-09-23,DOMESTIC LIMITED LIABILITY COMPANY,Albany,New York,ACCUMERA LLC,"911 CENTRAL AVE., #101",,ALBANY,NY,12206
8028764,NEW HYDE SUPPLY INC.,2026-09-23,DOMESTIC BUSINESS CORPORATION,Nassau,New York,NEW HYDE SUPPLY INC.,149 COVERT AVENUE,SUITE B,NEW HYDE PARK,NY,11040
8028765,6727 11 AVE REALTY LLC,2026-09-23,DOMESTIC LIMITED LIABILITY COMPANY,Kings,New York,SHI WEI LEI,4205 8th Avenue,,Brooklyn,NY,11232
8028766,VE VENTURES HB 100 LLC,2026-09-23,DOMESTIC LIMITED LIABILITY COMPANY,Nassau,New York,VE VENTURES HB 100 LLC,"925 HEMPSTEAD TURNPIKE, #438",,FRANKLIN SQUARE,NY,11010
8028768,"VAULT JEWELRY, INC.",2026-09-23,DOMESTIC BUSINESS CORPORATION,Rockland,New York,"VAULT JEWELRY, INC.",37 E FOREST DRIVE,APT. E,GARNERVILLE,NY,10923
8028769,TWO LIONS TAXI LLC,2026-09-23,DOMESTIC LIMITED LIABILITY COMPANY,Albany,New York,ACCUMERA LLC,"911 CENTRAL AVE., #101",,ALBANY,NY,12206
8028770,MZA CONSULTING LLC,2026-09-23,DOMESTIC LIMITED LIABILITY COMPANY,Suffolk,New York,"MARTIN SILVER, P.C.","330 MOTOR PARKWAY, SUITE 201",,HAUPPAUGE,NY,11788
8028771,HAULISTIC TRANSPORT GROUP LLC,2026-09-23,DOMESTIC LIMITED LIABILITY COMPANY,Albany,New York,REGISTERED AGENTS INC.,418 BROADWAY,STE R,ALBANY,NY,12207
8028772,COLE PM CONSULTING LLC,2026-09-23,DOMESTIC LIMITED LIABILITY COMPANY,Westchester,New York,SimpleBiz Registered Agent Services LLC,405 RXR Plaza # F127,,Uniondale,NY,11556
8028773,NEED I SAY MORRISON LLC,2026-09-23,DOMESTIC LIMITED LIABILITY COMPANY,Queens,New York,Need I Say Morrison LLC,4210 27th St,7F,Long Island City,NY,11101
8028774,DREAM COLOR NYC LLC,2026-09-23,DOMESTIC LIMITED LIABILITY COMPANY,Bronx,New York,SANELA KURTAGIC,3419 IRWIN AVE SUITE 1102,,BRONX,NY,10463
8028775,709 GARFIELD ST LLC,2026-09-23,DOMESTIC LIMITED LIABILITY COMPANY,Kings,New York,709 Garfield st,4403 15th Ave #251,,Brooklyn,NY,11219
8028776,KANDLELIGHT CONSULTING LLC,2026-09-23,DOMESTIC LIMITED LIABILITY COMPANY,Queens,New York,Kandlelight Consulting llc,117-31 Inwood St,11731 Inwood street,New York,NY,114361335
8028777,"CONVERGE MARKETING SERVICES, LLC",2026-09-23,DOMESTIC LIMITED LIABILITY COMPANY,Westchester,New York,C/O C T CORPORATION SYSTEM,28 LIBERTY STREET,,NEW YORK,NY,10005
8028778,LEO & LEO TAXI LLC,2026-09-23,DOMESTIC LIMITED LIABILITY COMPANY,Albany,New York,ACCUMERA LLC,"911 CENTRAL AVE., #101",,ALBANY,NY,12206
8028780,WHAT A VIEW LLC,2026-09-23,DOMESTIC LIMITED LIABILITY COMPANY,Essex,New York,WHAT A VIEW LLC,92 VINEYARD ROAD,,TICONDEROGA,NY,12883
8028782,WATERVLIET REALTY VENTURES LLC,2026-09-23,DOMESTIC LIMITED LIABILITY COMPANY,Albany,New York,Pinal Patel,16 Alexis Dr,,Farmingdale,NJ,077273648
8028783,GSTG HOLDINGS LLC,2026-09-23,DOMESTIC LIMITED LIABILITY COMPANY,Monroe,New York,GSTG Holding LLC,32 Putney Place,,Hilton,NY,14468
8028784,1155 BOSTON ROAD LLC,2026-09-23,DOMESTIC LIMITED LIABILITY COMPANY,Kings,New York,1155 BOSTON ROAD LLC,1002 DEAN STREET,,BROOKLYN,NY,11238
8028785,EM CREATIVE PROPERTIES LLC,2026-09-23,DOMESTIC LIMITED LIABILITY COMPANY,Albany,New York,REGISTERED AGENTS INC.,418 BROADWAY,STE R,ALBANY,NY,12207
8028787,SHOMREI ISRAEL INC.,2026-09-23,DOMESTIC NOT-FOR-PROFIT CORPORATION,Rockland,New York,SHOMREI ISRAEL INC.,21 sutin pl,,SPRING VALLEY,NY,10977
8028788,IMPRESS L.A. METALS INC.,2026-09-23,DOMESTIC BUSINESS CORPORATION,Herkimer,New York,GARY R VELLETTO,4 W MAIN ST,,MOHAWK,NY,13407
8028790,"SHI 2026 BRIARCLIFF PROPCO, LLC",2026-09-23,FOREIGN LIMITED LIABILITY COMPANY,New York,Delaware,C/O C T CORPORATION SYSTEM,28 LIBERTY STREET,,NEW YORK,NY,10005
8028793,KINY TRADES INC.,2026-09-23,DOMESTIC BUSINESS CORPORATION,Queens,New York,KI HAN,13744 LABURNUM AVE,BSMT,FLUSHING,NY,11355
8028795,35 BRACE TERRACE LLC,2026-09-23,DOMESTIC LIMITED LIABILITY COMPANY,Westchester,New York,35 BRACE TERRACE LLC,3822 CRANBERRY LANE,,SHRUB OAK,NY,10588
8028797,865 SOUTHERN LLC,2026-09-23,DOMESTIC LIMITED LIABILITY COMPANY,Nassau,New York,Dilip Sleeba,110 Jericho Tpke Suite 203,,Floral Park,NY,11001
8028798,DOGHOUSE WORKS LLC,2026-09-23,DOMESTIC LIMITED LIABILITY COMPANY,Nassau,New York,SimpleBiz Registered Agent Services LLC,405 RXR Plaza # F127,,Uniondale,NY,11556
8028799,"RUDY PROPERTIES, LLC",2026-09-23,DOMESTIC LIMITED LIABILITY COMPANY,Chautauqua,New York,"RUDY PROPERTIES, LLC",5 Lowell Place,,Fredonia,NY,14063
8028800,TURBO SHADES LIMITED LIABILITY COMPANY,2026-09-23,DOMESTIC BUSINESS CORPORATION,Rockland,New York,ABRAHAM TEITELBAUM,400 RELLA BLVD,,SUFFREN,NY,10901
8028802,CGD MASON WORKS CORP.,2026-09-23,DOMESTIC BUSINESS CORPORATION,Suffolk,New York,Derick A. Jamboos,79 Clinton Ave,,Mastic,NY,11950
8028803,WELTKERN LLC,2026-09-23,FOREIGN LIMITED LIABILITY COMPANY,New York,Delaware,REPUBLIC REGISTERED AGENT SERVICES INC.,54 STATE STREET,STE 804,ALBANY,NY,12207
8028804,LMC BRANDS LLC,2026-09-23,DOMESTIC LIMITED LIABILITY COMPANY,Albany,New York,LMC BRANDS LLC,1 RIVER PLACE,APARTMENT 2922,NEW YORK,NY,10036
8028805,COBALT ONE INC.,2026-09-23,DOMESTIC BUSINESS CORPORATION,Kings,New York,COBALT ONE INC.,7602 21ST AVE APT 4M,,BROOKLYN,NY,11214
8028806,TAJA LOGISTICS LLC,2026-09-23,DOMESTIC LIMITED LIABILITY COMPANY,Kings,New York,FIRDAVS SAMADOV,1874 78TH ST,,BROOKLYN,NY,11214
8028807,US HALAL FOOD CORP.,2026-09-23,DOMESTIC BUSINESS CORPORATION,Queens,New York,SAMIR AMER,918 34TH AVE,,Astoria,NY,11106
8028808,AMARA VISION INC.,2026-09-23,DOMESTIC BUSINESS CORPORATION,New York,New York,AMARA VISION INC.,1966 1ST AVENUE,SUITE-11L,NEW YORK,NY,10029
8028810,CANM LLC,2026-09-23,DOMESTIC LIMITED LIABILITY COMPANY,Nassau,New York,CANM LLC,80 W SUNRISE HWY #1233,,Valley Stream,NY,11581
8028811,GOEN CREATIVE LLC,2026-09-23,DOMESTIC LIMITED LIABILITY COMPANY,Westchester,New York,Allison Hanagan,50 Abbeville Lane,,White Plains,NY,10607
8028813,7324 COFFEE CORP.,2026-09-23,DOMESTIC BUSINESS CORPORATION,Kings,New York,Law Office of Vincent F. Spata,1275 74th Street,,Brooklyn,NY,11228
8028814,"MEDIA PRODUCTION&CONSULTING, INC.",2026-09-23,DOMESTIC BUSINESS CORPORATION,New York,New York,Arabella Kordzakhia,"205, West 147, apt 6",,New York,NY,10039
8028815,SBVG LLC,2026-09-23,DOMESTIC LIMITED LIABILITY COMPANY,Genesee,New York,SBVG LLC,18 GATEWAY DRIVE,,BATAVIA,NY,14020
8028816,"ANTONB, INC.",2026-09-23,DOMESTIC BUSINESS CORPORATION,Suffolk,New York,"ANTONB, INC.",791 UDALL RD,,WEST ISLIP,NY,11795
8028817,WOLLSTONECRAFT LANE LLC,2026-09-23,FOREIGN LIMITED LIABILITY COMPANY,Kings,California,WOLLSTONECRAFT LANE LLC,1775 roulette cir,,THOUSAND OAKS,CA,91362
8028818,JED BLUE FLEET SERVICE LLC,2026-09-23,DOMESTIC LIMITED LIABILITY COMPANY,Erie,New York,Lucas Cellino,631 Bullis Rd,,Elma,NY,14059
8028819,DDICATIO NYC LLC,2026-09-23,DOMESTIC LIMITED LIABILITY COMPANY,Albany,New York,NORTHWEST REGISTERED AGENT LLC,418 BROADWAY,STE N,ALBANY,NY,12207
8028820,TINY MINDS GROWING LLC,2026-09-23,DOMESTIC LIMITED LIABILITY COMPANY,Suffolk,New York,CARMELLE V. CHROIRILUS,57 DAHLIA LN,,DEER PARK,NY,11729
8028821,"ACORN INN, LLC",2026-09-23,DOMESTIC LIMITED LIABILITY COMPANY,Ontario,New York,"ACORN INN, LLC",7558 Wild Turkey Run,,Bloomfield,NY,14469
8028822,BARCE DELI & GROCERY CORP.,2026-09-23,DOMESTIC BUSINESS CORPORATION,Bronx,New York,BARCE DELI & GROCERY CORP.,1201 STRATFORD AVENUE,,Bronx,NY,10472
8028824,"SUNBURST GROUP, LLC",2026-09-23,DOMESTIC LIMITED LIABILITY COMPANY,Suffolk,New York,"SUNBURST GROUP, LLC",244 east main st.,,PATCHOGUE,NY,11772
8028826,"115-20 209TH STREET, LLC",2026-09-23,DOMESTIC LIMITED LIABILITY COMPANY,Nassau,New York,"STEFANS LAW GROUP, PC",MICHAEL BECKETT,137 WOODBURY RD,"WOODBURY, NY 11797",NY,11797
8028828,A & C CLOTHING CORP.,2026-09-23,DOMESTIC BUSINESS CORPORATION,Queens,New York,ELVIA BATISTA,104-10 ROOSEVELT AVE,,CORONA,NY,11368
8028829,OQ MINI MART INC.,2026-09-23,DOMESTIC BUSINESS CORPORATION,Madison,New York,OQ MINI MART INC / OMAR QAID,2192 Glenwood Shopping Plaza,SUITE 1,Oneida,NY,13421
8028831,ENERCHI LIFE LLC,2026-09-23,DOMESTIC LIMITED LIABILITY COMPANY,Albany,New York,Julie Scher,1 Ash Pl,1N,Great Neck,NY,11021
8028833,ML RESEARCH LABS LLC,2026-09-23,DOMESTIC LIMITED LIABILITY COMPANY,Albany,New York,NORTHWEST REGISTERED AGENT LLC,418 BROADWAY,STE N,ALBANY,NY,12207
8028837,558 MIDWOOD LLC,2026-09-23,DOMESTIC LIMITED LIABILITY COMPANY,Kings,New York,558 MIDWOOD LLC,575 E NEW YORK AVE #3A,,BROOKLYN,NY,11225
8028838,GRIM STREET GYM LLC,2026-09-23,DOMESTIC LIMITED LIABILITY COMPANY,Onondaga,New York,LLC,449 S Salina St 2nd Fl,,Syracuse,NY,13202
8028840,"SARA GABERE PHYSICIAN, P.C.",2026-09-23,DOMESTIC PROFESSIONAL SERVICE CORPORATION,Orange,New York,"SARA GABERE PHYSICIAN, P.C.",18 orchard street,,MIDDLETOWN,NY,10940
8028841,RELATIONSHIP WISDOM TRAINING LLC,2026-09-23,DOMESTIC LIMITED LIABILITY COMPANY,Bronx,New York,RELATIONSHIP WISDOM TRAINING LLC,4050 BRUNER AVE,,BRONX,NY,10466
8028843,"GENDRON'S GENERAL CONTRACTING, LLC",2026-09-23,DOMESTIC LIMITED LIABILITY COMPANY,Albany,New York,"GENDRON'S GENERAL CONTRACTING, LLC",357 Delaware Avenue,Ste 124,Delmar,NY,12054
8028845,"DUTAN PRODUCE, CORP.",2026-09-23,DOMESTIC BUSINESS CORPORATION,Queens,New York,LUIS A DUTAN GUAMAN,4305 44TH ST APT 5A,,SUNNYSIDE,NY,11104
8028846,PLATINUM23 CORPORATION,2026-09-23,DOMESTIC BUSINESS CORPORATION,Kings,New York,PAATA KHVEDELIDZE,"3030 EMMONS AVE, #5K",,BROOKLYN,NY,11235
8028847,CHIEFLY LOGISTICS LLC,2026-09-23,DOMESTIC LIMITED LIABILITY COMPANY,Queens,New York,AMIL HEERALAL,15820 111TH AVE,19 RICHARD ST,JAMAICA,NY,11433
8028848,"HUBBARD CONSULTANT AND SUPPORT SERVICES, LLC",2026-09-23,DOMESTIC LIMITED LIABILITY COMPANY,Albany,New York,REGISTERED AGENTS INC.,418 BROADWAY,STE R,ALBANY,NY,12207
8028849,ORGON'S ESTATE LIMITED LIABILITY COMPANY,2026-09-23,DOMESTIC LIMITED LIABILITY COMPANY,New York,New York,Alchemation Limited Liability Company,561 7th Avenue,3rd Floor,New York,NY,10018
8028850,ES GENERAL CONTRACTOR LLC,2026-09-23,DOMESTIC LIMITED LIABILITY COMPANY,Kings,New York,ZENBUSINESS INC.,41 STATE STREET,SUITE 112,ALBANY,NY,12207
8028851,NUO SKIN LLC,2026-09-23,DOMESTIC LIMITED LIABILITY COMPANY,Albany,New York,NUO SKIN LLC,43-22 50th St,,Woodside,NY,11377
8028852,CHADWICK INVESTOR LLC,2026-09-23,DOMESTIC LIMITED LIABILITY COMPANY,Rockland,New York,CHADWICK INVESTOR LLC,19 DR FRANK RD,,SPRING VALLEY,NY,10977
8028853,CAVRENNE WATCHES LLC,2026-09-23,DOMESTIC LIMITED LIABILITY COMPANY,Albany,New York,NORTHWEST REGISTERED AGENT LLC,418 BROADWAY,STE N,ALBANY,NY,12207
8028854,"SETTING OUR SAILS, LLC",2026-09-23,DOMESTIC LIMITED LIABILITY COMPANY,Suffolk,New York,Ira Costell - Jack Townsend,140 Commodore Circle,,Port Jefferson Station,NY,11776
8028855,PROMISE HILL CAPITAL LLC,2026-09-23,DOMESTIC LIMITED LIABILITY COMPANY,New York,New York,BRIANA M RODRIGUEZ,1178 BROADWAY,3RD FLOOR #3399,NEW YORK,NY,10001
8028856,NORR LABS LLC,2026-09-23,DOMESTIC LIMITED LIABILITY COMPANY,New York,New York,amanda hankes,608 henry st,,brooklyn,NY,11231
8028857,SIGNATURE STRANDS LLC,2026-09-23,DOMESTIC LIMITED LIABILITY COMPANY,Bronx,New York,ZENBUSINESS INC.,41 STATE STREET,SUITE 112,ALBANY,NY,12207
8028858,"DATU LABS, INC.",2026-09-23,DOMESTIC BUSINESS CORPORATION,New York,New York,Bingpu Zhao,244 W 29th St,Apt N16J,New York,NY,10001
8028859,4D AUTO CARE INC.,2026-09-23,DOMESTIC BUSINESS CORPORATION,Orange,New York,4D AUTO CARE INC.,29 danielle court,,MONTGOMERY,NY,12549
8028860,ISLAND PREMIER CONSTRUCTION CORP.,2026-09-23,DOMESTIC BUSINESS CORPORATION,Suffolk,New York,ENDY B. PANAMENO,118 TOWNHOUSE RD N,,HUNTINGTON STATION,NY,11746
8028861,LEO LOCKSMITH LLC,2026-09-23,DOMESTIC LIMITED LIABILITY COMPANY,Kings,New York,LEO LOCKSMITH LLC,279 SMITH STREET STE2,,BROOKLYN,NY,11231
8028862,HELLO PRINTY INC.,2026-09-23,DOMESTIC BUSINESS CORPORATION,Queens,New York,HELLO PRINTY INC.,"82-16 Roosevelt Ave, Floor 2",,Elmhurst,NY,11373
8028863,CURATED JEWELRY LLC,2026-09-23,DOMESTIC LIMITED LIABILITY COMPANY,Queens,New York,CURATED JEWELRY LLC,153-04 77TH ROAD,,FLUSHING,NY,11367
8028864,MIA CLARK ADMIN SERVICES LLC,2026-09-23,DOMESTIC LIMITED LIABILITY COMPANY,Erie,New York,Mia Clark,337 Wyoming Avenue,,Buffalo,NY,14215
8028865,LEGACY TAX GROUP LLC,2026-09-23,DOMESTIC LIMITED LIABILITY COMPANY,Kings,New York,DELLY GERALDINA SOSA,166 ELTON ST APT 1,,BROOKLYN,NY,11208
8028866,MARTINEZ TREE SERVICE LLC,2026-09-23,DOMESTIC LIMITED LIABILITY COMPANY,Rockland,New York,"NORMAN A. MARTINEZ, YULEIDY M. URDANETA",42 MESA PL,,NANUET,NY,10954
8028867,NBUK LIMITED LIABILITY COMPANY,2026-09-23,DOMESTIC LIMITED LIABILITY COMPANY,New York,New York,Alchemation Limited Liability Company,561 7th Avenue,3rd Floor,New York,NY,10018
8028868,GUYS LIKE US LLC,2026-09-23,DOMESTIC LIMITED LIABILITY COMPANY,Wayne,New York,Guys Like Us LLC,801 Rookery Way,,Macedon,NY,14502
8028869,"CROSSROAD COACHING & CONSULTING, LLC",2026-09-23,DOMESTIC LIMITED LIABILITY COMPANY,Kings,New York,Crossroad Coaching & Consulting,447 Washington Avenue,,Brooklyn,NY,11238
8028871,MJG AUTOMOTIVE INC.,2026-09-23,DOMESTIC BUSINESS CORPORATION,Suffolk,New York,Michael Galarza,204 River Ave,,Patchogue,NY,11772
8028872,GROCERY AND MARKET CORP.,2026-09-23,DOMESTIC BUSINESS CORPORATION,Queens,New York,Kahnauth Law Group PLLC,96-01 Liberty Avenue,,Ozone Park,NY,11417
8028873,NY ATM SOLUTIONS LLC,2026-09-23,DOMESTIC LIMITED LIABILITY COMPANY,Oneida,New York,NY ATM Solutions LLC,2 Fountain St,Apt 109,Clinton,NY,13323
8028875,135 58TH STREET LLC,2026-09-23,DOMESTIC LIMITED LIABILITY COMPANY,Nassau,New York,135 58TH STREET LLC,150 Great Neck Road,,Great Neck,NY,11021
8028878,"JINGDUAN YANG, M.D., PLLC",2026-09-23,DOMESTIC PROFESSIONAL SERVICE LIMITED LIABILITY COMPANY,Orange,New York,stewart weisman,centolella law p.c.,"5793 widewaters parkway, ste 210",SYRACUSE,NY,13214
8028879,EL LEE STUDIO INC.,2026-09-23,DOMESTIC BUSINESS CORPORATION,Suffolk,New York,El Lee Studio Inc.,2 Piccadilly Court,,PORT JEFFERSON,NY,11777
8028880,SPERRY AVIATION GROUP LLC,2026-09-23,DOMESTIC LIMITED LIABILITY COMPANY,Suffolk,New York,Paul Sperry,44 Tanners Neck Lane,,Westhampton,NY,11977
8028882,"CHRISTOPHER GOODENOW, CPA, P.C.",2026-09-23,DOMESTIC PROFESSIONAL SERVICE CORPORATION,Erie,New York,"CHRISTOPHER GOODENOW, CPA, P.C.",721 CENTER ROAD,,WEST SENECA,NY,14224
8028883,SKY FLAME PROOFING LLC,2026-09-23,DOMESTIC LIMITED LIABILITY COMPANY,Queens,New York,ESTEBAN T HERNANDEZ,110-06 72ND AVENUE,APT 2C,QUEENS,NY,11375
8028884,PH DIGITAL SOLUTIONS LLC,2026-09-23,DOMESTIC LIMITED LIABILITY COMPANY,Kings,New York,PH DIGITAL SOLUTIONS LLC,162 BAY 40TH ST,,BROOKLYN,NY,11214
8028885,KOALA DAYCARE CORP.,2026-09-23,DOMESTIC BUSINESS CORPORATION,Bronx,New York,KOALA DAYCARE CORP.,2702 Bainbridge Ave,Apt. 1,Bronx,NY,10458
8028886,36 MIDDLE MART INC.,2026-09-23,DOMESTIC BUSINESS CORPORATION,Orange,New York,"REGISTERED AGENT SOLUTIONS, INC.",99 WASHINGTON AVENUE,SUITE 700,ALBANY,NY,12260
8028887,BAKERS UNLIMITED LLC,2026-09-23,DOMESTIC LIMITED LIABILITY COMPANY,Rockland,New York,Bakers Unlimited LLC,142 44th Street,,Brooklyn,NY,11220
8028889,"BREADWINNER LOGISTICS, LLC",2026-09-23,FOREIGN LIMITED LIABILITY COMPANY,Westchester,Delaware,C/O C T CORPORATION SYSTEM,28 LIBERTY STREET,,NEW YORK,NY,10005
8028890,MVW EQUITIES LLC,2026-09-23,DOMESTIC LIMITED LIABILITY COMPANY,Albany,New York,MVW Equities LLC,"101 Walworth St, #201",,Brooklyn,NY,11205
8028891,BACKER LAW PLLC,2026-09-23,DOMESTIC PROFESSIONAL SERVICE LIMITED LIABILITY COMPANY,Kings,New York,BACKER LAW PLLC,147 PRINCE STREET HD,,BROOKLYN,NY,11201
8028892,YV CAPITAL GROUP INC.,2026-09-23,DOMESTIC BUSINESS CORPORATION,Albany,New York,REPUBLIC REGISTERED AGENT SERVICES INC.,54 STATE STREET,STE 804,ALBANY,NY,12207
8028893,HB TRANSS LLC,2026-09-23,DOMESTIC LIMITED LIABILITY COMPANY,Kings,New York,SHAHZAD AHMAD,2077 E 12TH STREET 4D,,BROOKLYN,NY,11229
8028894,"ANGELO R. DEROSALIA, M.D., PLLC",2026-09-23,DOMESTIC PROFESSIONAL SERVICE LIMITED LIABILITY COMPANY,Onondaga,New York,"ANGELO R. DEROSALIA, M.D., PLLC",P.O. BOX 292,20 FENNELL STREET,SKANEATELES,NY,13152
8028896,"NORTHLINE TRANSPORTATION, INC.",2026-09-23,DOMESTIC BUSINESS CORPORATION,Nassau,New York,TAXTIME PROFESSIONAL SERVICES INC,1307 FOSTER AVENUE,,BROOKLYN,NY,11230
8028898,LYRON LLC,2026-09-23,DOMESTIC LIMITED LIABILITY COMPANY,Albany,New York,NORTHWEST REGISTERED AGENT LLC,418 BROADWAY,STE N,ALBANY,NY,12207
8028900,N & N HOME CONSTRUCTION LLC,2026-09-23,DOMESTIC LIMITED LIABILITY COMPANY,Otsego,New York,NATHANIEL WILMS,10 PINE CLIFF CIR,,ONEONTA,NY,13820
8028901,BOWERY NEWCO PREFERRED LLC,2026-09-23,DOMESTIC LIMITED LIABILITY COMPANY,New York,New York,Bowery NewCo Preferred LLC,c/o Schlam Stone & Dolan,25 Broadway,New York,NY,10004
8028902,CAUCOLLECTION LLC,2026-09-23,DOMESTIC LIMITED LIABILITY COMPANY,Suffolk,New York,FRANCE CAUTINA D JACOB,331 WALKER ST,,WEST BABYLON,NY,11704
8028905,BOLDEST BOWLING LLC,2026-09-23,DOMESTIC LIMITED LIABILITY COMPANY,Albany,New York,GLEN MAXWELL,437 OAKLEY AVE,,ELMONT,NY,11003
8028906,LAPLAND STORE INC,2026-09-23,FOREIGN BUSINESS CORPORATION,New York,Delaware,lapland store inc,"c/o withum, attn: scott bartolf","1411 broadway, 9th floor",NEW YORK,NY,10018
8028907,ZEYNEP CLEANING SERVICES LLC,2026-09-23,DOMESTIC LIMITED LIABILITY COMPANY,Westchester,New York,Sandra Marisol Coello Cardenas,142 Beekman Ave,,Sleepy Hollow,NY,10591
8028908,235 E 237TH LLC,2026-09-23,DOMESTIC LIMITED LIABILITY COMPANY,Kings,New York,Saba Humaidi,30 Bainton St,,Yonkers,NY,10704
8028910,LAKE CITY DENTAL GROUP P.C.,2026-09-23,DOMESTIC PROFESSIONAL SERVICE CORPORATION,Clinton,New York,LAKE CITY DENTAL GROUP P.C.,42 gravelly point drive,,PLATTSBURGH,NY,129016925
8028911,METROSTONE PROPERTY MANAGEMENT LLC,2026-09-23,DOMESTIC LIMITED LIABILITY COMPANY,Albany,New York,Metrostone Property Management LLC,1970 East Tremont Ave,Apt 1B,Bronx,NY,10462
8028913,MIZU ASIAN KITCHEN INC.,2026-09-23,DOMESTIC BUSINESS CORPORATION,Albany,New York,MIZU ASIAN KITCHEN INC.,165 WASHINGTON AVE EXT,,ALBANY,NY,12205
8028914,CULTURAL PRIORS LLC,2026-09-23,DOMESTIC LIMITED LIABILITY COMPANY,Albany,New York,NORTHWEST REGISTERED AGENT LLC,418 BROADWAY,STE N,ALBANY,NY,12207
8028915,MOON SPA 888 INC.,2026-09-23,DOMESTIC BUSINESS CORPORATION,Monroe,New York,MOON SPA 888 INC.,985 S Clinton Ave,,Rochester,NY,14620
8028916,CHRISTINA'S CREATIVE SOLUTIONS LLC,2026-09-23,DOMESTIC LIMITED LIABILITY COMPANY,Richmond,New York,REPUBLIC REGISTERED AGENT SERVICES INC.,54 STATE STREET,STE 804,ALBANY,NY,12207
8028917,104 OSPREY WAY LLC,2026-09-23,DOMESTIC LIMITED LIABILITY COMPANY,Kings,New York,Craig Stuart Lanza PLLC,"734 Prospect Place, Bsmt Suite",,Brooklyn,NY,11216
8028918,"2 B WISE PROPERTIES, LLC",2026-09-23,DOMESTIC LIMITED LIABILITY COMPANY,Ontario,New York,Bernard C. Klug,2305 Freshour Road,,Canandaigua,NY,14424
8028920,A3 HOSPITALITY GROUP INC.,2026-09-23,DOMESTIC BUSINESS CORPORATION,Queens,New York,A3 HOSPITALITY GROUP INC.,33-09 BROADWAY,,ASTORIA,NY,11106
8028921,DEBORAH ANNE STUDIO LLC,2026-09-23,DOMESTIC LIMITED LIABILITY COMPANY,New York,New York,DEBORAH BURKHOFF,"118 E 60TH STREET, APT. 24A",,NEW YORK,NY,10022
8028922,MAX SHOP LLC,2026-09-23,DOMESTIC LIMITED LIABILITY COMPANY,Albany,New York,NORTHWEST REGISTERED AGENT LLC,418 BROADWAY,STE N,ALBANY,NY,12207
8028923,BOWERY NEWCO COMMON LLC,2026-09-23,DOMESTIC LIMITED LIABILITY COMPANY,New York,New York,Bowery NewCo Common LLC,c/o Schlam Stone & Dolan LLP,26 Broadway,New York,NY,10004
8028924,"COLUMBA PR, INC.",2026-09-23,DOMESTIC BUSINESS CORPORATION,Wayne,New York,Cynthia McVey,4428 Lake Road,,Williamson,NY,14589
8028925,"ENVR AIR, LLC",2026-09-23,FOREIGN LIMITED LIABILITY COMPANY,Albany,Massachusetts,REGISTERED AGENTS INC.,418 BROADWAY STE R,,ALBANY,NY,12207
8028926,DEVOLEY PROPERTIES LLC,2026-09-23,DOMESTIC LIMITED LIABILITY COMPANY,Albany,New York,NORTHWEST REGISTERED AGENT LLC,418 BROADWAY,STE N,ALBANY,NY,12207
8028928,130 PARK LANE HOLDINGS LLC,2026-09-23,DOMESTIC LIMITED LIABILITY COMPANY,Orange,New York,130 PARK LANE HOLDINGS LLC,120 Strawberry Lane,,Newburgh,NY,12550
8028930,NY1 PROPERTY MANAGMENT LLC,2026-09-23,DOMESTIC LIMITED LIABILITY COMPANY,Suffolk,New York,ACCUMERA LLC,"911 CENTRAL AVE., #101",,ALBANY,NY,12206
8028931,NEXT IT SOLUTIONS INC.,2026-09-23,DOMESTIC BUSINESS CORPORATION,Rockland,New York,Next IT Solutions Inc.,59 Reagan Rd Apt 4,,Spring Valley,NY,10977
8028933,ELIZABETH CLAYTON PSYCHIATRY PLLC,2026-09-23,DOMESTIC PROFESSIONAL SERVICE LIMITED LIABILITY COMPANY,New York,New York,C/O ELIZABETH CLAYTON PSYCHIATRY PLLC,"110 EAST 87TH STREET, APT 6B",,NEW YORK,NY,10128
8028934,KAVROLIA HOLDINGS CORPORATION,2026-09-23,DOMESTIC BUSINESS CORPORATION,Albany,New York,REGISTERED AGENTS INC.,418 BROADWAY,STE R,ALBANY,NY,12207
8028935,EQUITY PRESERVATION LLC,2026-09-23,DOMESTIC LIMITED LIABILITY COMPANY,Albany,New York,EQUITY PRESERVATION LLC,"139 Fulton Street, Suite 300",,New York,NY,10038
8028936,KAZIT TAX ADVISORY CORPORATION,2026-09-23,DOMESTIC BUSINESS CORPORATION,Albany,New York,REGISTERED AGENTS INC.,418 BROADWAY,STE R,ALBANY,NY,12207
8028937,PINKYS DRIVERS LLC,2026-09-23,DOMESTIC LIMITED LIABILITY COMPANY,Bronx,New York,936 intervale ave bronx,Store 3,,Bronx,NY,10459
8028938,MAVERICK EXTERMINATOR PRO LLC,2026-09-23,DOMESTIC LIMITED LIABILITY COMPANY,New York,New York,Israel Babalola,238 E 58th Street,1076,New York,NY,10022
8028939,VIVI'S SWEET TOOTH LLC,2026-09-23,DOMESTIC LIMITED LIABILITY COMPANY,Queens,New York,Vivis Sweet Tooth,21006 43rd ave,2F,Bayside,NY,11361
8028941,RUZEXA AI PLATFORMS CORPORATION,2026-09-23,DOMESTIC BUSINESS CORPORATION,Albany,New York,REGISTERED AGENTS INC.,418 BROADWAY,STE R,ALBANY,NY,12207
8028942,C BURGER NY INC.,2026-09-23,DOMESTIC BUSINESS CORPORATION,Kings,New York,C BURGER NY INC.,4917 8TH AVE,,BROOKLYN,NY,11220
8028943,SAINT ALBANS 204 LLC,2026-09-23,DOMESTIC LIMITED LIABILITY COMPANY,Nassau,New York,SAINT ALBANS 204 LLC,122 Longworth Ave,,Woodmere,NY,11598
8028944,YAN HOUSE INC.,2026-09-23,DOMESTIC BUSINESS CORPORATION,Queens,New York,YAN ZHU,20719 27TH AVE,,BAYSIDE,NY,11360
8028946,ZEESAMI TECHNOLOGIES INC.,2026-09-23,DOMESTIC BUSINESS CORPORATION,Queens,New York,Zawwad Ul Sami,418 Broadway STE 5922,,Albany,NY,12207
8028947,OT ADVISORY GROUP INC.,2026-09-23,DOMESTIC BUSINESS CORPORATION,Kings,New York,OXANA TSVETKOVA,3541 SHORE PKWY APT 1B,,BROOKLYN,NY,11235
8028948,7910 GRAND LLC,2026-09-23,DOMESTIC LIMITED LIABILITY COMPANY,Albany,New York,7910 GRAND LLC,"185-08-Union Turnpike,",Suite 101,Fresh Meadows,NY,11366
8028949,DG GENERAL SOLUTIONS CORP.,2026-09-23,DOMESTIC BUSINESS CORPORATION,Putnam,New York,DG GENERAL SOLUTIONS CORP.,2424 ROUTE 6,,BREWSTER,NY,10509
8028950,18 COMMERCE DR LLC,2026-09-23,DOMESTIC LIMITED LIABILITY COMPANY,Suffolk,New York,18 Commerce Dr LLC,1113 North Country Road,Bldg 2,Stony Brook,NY,11790
8028951,38 MEADOWLARK LANE LLC,2026-09-23,DOMESTIC LIMITED LIABILITY COMPANY,Sullivan,New York,38 Meadowlark Lane LLC,31 Dr Frank Rd Unit 211,,Spring Valley,NY,10977
8028952,1317 123RD LLC,2026-09-23,DOMESTIC LIMITED LIABILITY COMPANY,Queens,New York,1317 123RD LLC,"3438 BELL BLVD, 4TH FLOOR",,BAYSIDE,NY,11361
8028953,PINE SPRING HOLDINGS LLC,2026-09-23,DOMESTIC LIMITED LIABILITY COMPANY,Albany,New York,NORTHWEST REGISTERED AGENT LLC,418 BROADWAY,STE N,ALBANY,NY,12207
8028955,YYB 2300 LLC,2026-09-23,DOMESTIC LIMITED LIABILITY COMPANY,Rockland,New York,YYB 2300 LLC,6 JANNA COURT,,SPRING VALLEY,NY,10977
8028956,LAMBDA VENTURE HOLDINGS INC.,2026-09-23,DOMESTIC BUSINESS CORPORATION,New York,New York,Lambda Venture Holdings Inc.,42 West Street #220,,Brooklyn,NY,11222
8028957,"D&A SISTER2SISTER WITH HEARTS FOUNDATION, INC.",2026-09-23,DOMESTIC NOT-FOR-PROFIT CORPORATION,Richmond,New York,angelina thomas,30 dongan hills ave,apt 4c,STATEN ISLAND,NY,10306
8028958,74TH GLENDALE LLC,2026-09-23,DOMESTIC LIMITED LIABILITY COMPANY,Queens,New York,74th Glendale LLC,64-05 74th Avenue,,Flushing,NY,11385
8028959,JODAH GLOBAL LLC,2026-09-23,DOMESTIC LIMITED LIABILITY COMPANY,Kings,New York,JODAH GLOBAL LLC,472 Hendrix St,,BROOKLYN,NY,11207
8028961,NOVAGROW AI LLC,2026-09-23,DOMESTIC LIMITED LIABILITY COMPANY,Nassau,New York,NovaGrow AI LLC,32 W Merrick Rd,,Freeport,NY,11520
8028962,WILD HAVEN PHOTO CO. LLC,2026-09-23,DOMESTIC LIMITED LIABILITY COMPANY,Livingston,New York,Alyssa Dettman,99023A Mountain View Dr,,Fort Drum,NY,13602
8028963,EMPIRE COMMERCE TRADING INC.,2026-09-23,DOMESTIC BUSINESS CORPORATION,Queens,New York,EMPIRE COMMERCE TRADING INC.,141-10 HOLLY AVE,,FLUSHING,NY,11355
8028965,MOBILE RPN PLLC,2026-09-23,DOMESTIC PROFESSIONAL SERVICE LIMITED LIABILITY COMPANY,Erie,New York,MOBILE RPN PLLC,3656 baker road,,orchard park,NY,14217
8028966,ELLMETT REAL ESTATE COMPANY LLC,2026-09-23,DOMESTIC LIMITED LIABILITY COMPANY,Nassau,New York,ELLMETT REAL ESTATE COMPANY LLC,67 SOUNDVIEW DRIVE,,PORT WASHINGTON,NY,11050
8028968,WOODHAVEN GLOBAL INC.,2026-09-23,DOMESTIC BUSINESS CORPORATION,Queens,New York,WOODHAVEN GLOBAL INC.,80-16 JAMAICA AVE,,WOODHAVEN,NY,11421
8028969,"TPN PROPERTIES, LLC",2026-09-23,DOMESTIC LIMITED LIABILITY COMPANY,Jefferson,New York,Tyler Newman,30831 Burnup Road,,Black River,NY,13612
8028970,LOS PRIMOS LATINO PRODUCTS NY LLC,2026-09-23,DOMESTIC LIMITED LIABILITY COMPANY,Allegany,New York,NICOLAS PERES PERES,11991 ROUTE 19,,FILLMORE,NY,14735
8028972,GORILLA STAR CONSTRUCTION CORPORATION,2026-09-23,DOMESTIC BUSINESS CORPORATION,Albany,New York,DIGNA P TAMA TAMA,584 Central Ave 2 FL,,ALBANY,NY,12206
8028973,"GLOBAL WASTEWATER SOLUTIONS, INC.",2026-09-23,FOREIGN BUSINESS CORPORATION,Albany,Texas,NORTHWEST REGISTERED AGENT LLC,"418 BROADWAY, STE N",,ALBANY,NY,12207
8028974,NV PROPERTIES 2 LLC,2026-09-23,DOMESTIC LIMITED LIABILITY COMPANY,Oneida,New York,The Chieco Law Group PLLC,1707 Oriskany St. W.,Suite 100,Utica,NY,13502
8028976,YM NAILS & SPA INC.,2026-09-23,DOMESTIC BUSINESS CORPORATION,Onondaga,New York,THE CORP,3955 STATE ROUTE 31 UNIT 4,,LIVERPOOL,NY,13090
8028978,83RD ELMHURST LLC,2026-09-23,DOMESTIC LIMITED LIABILITY COMPANY,Queens,New York,83rd Elmhurst LLC,24-20 83rd st,,East Elmhurst,NY,11370
8028979,"GOLDEN VEIL PERFUMERY, LLC",2026-09-23,DOMESTIC LIMITED LIABILITY COMPANY,Chautauqua,New York,Inc Authority RA,"42 Broadway, Fl. 12-200",,New York,NY,10004
8028982,REGENIX SOLUTIONS LLC,2026-09-23,DOMESTIC LIMITED LIABILITY COMPANY,Richmond,New York,Regenix Solutions LLC,131 Burke Avenue,,Staten Island,NY,10314
8028983,TERRY DELBALSO CPA CONSULTING PLLC,2026-09-23,DOMESTIC PROFESSIONAL SERVICE LIMITED LIABILITY COMPANY,Suffolk,New York,TERRY DELBALSO CPA CONSULTING PLLC,17 ground pine court,,dix hills,NY,11746
8028984,BHI MEDICAL SUPPLY INC.,2026-09-23,DOMESTIC BUSINESS CORPORATION,Queens,New York,BHI MEDICAL SUPPLY INC.,72-59 KISSENA BLVD SUITE 2A,,FLUSHING,NY,11367
8028985,RUDRANSH LLC,2026-09-23,DOMESTIC LIMITED LIABILITY COMPANY,Nassau,New York,RUDRANSH LLC,104 MARCUS AVE,,NEW HYDE PARK,NY,11040
8028986,SRI GURU LLC,2026-09-23,DOMESTIC LIMITED LIABILITY COMPANY,Queens,New York,NIBESH P. SHOME,9133 221st Street,,Queens Village,NY,11428
8028987,SIAN ASIAN INC.,2026-09-23,DOMESTIC BUSINESS CORPORATION,Nassau,New York,CARE OF THE CORPORATION,80 MANHATTAN CT #B,,BROOKLYN,NY,11235
8028988,WILLIAMSBRIDGE OFFICE MANAGEMENT LLC,2026-09-23,DOMESTIC LIMITED LIABILITY COMPANY,Bronx,New York,HART LAW PLLC,546 FIFTH AVENUE,6TH FLOOR,NEW YORK,NY,10036
8028989,"1825 BOSTON, LLC",2026-09-23,DOMESTIC LIMITED LIABILITY COMPANY,Albany,New York,"1825 BOSTON, LLC",PO Box 576,,Tallman,NY,10982
8028990,11515 95 AVE LLC,2026-09-23,DOMESTIC LIMITED LIABILITY COMPANY,Queens,New York,Shlomo Khaimov,120-07 84 Avenue,,Kew Gardens,NY,11415
8028992,199 UNION STREET LLC,2026-09-23,DOMESTIC LIMITED LIABILITY COMPANY,Ulster,New York,199 UNION STREET LLC,PO BOX 552,,MILTON,NY,12547
8028993,"950 EAST 176TH, LLC",2026-09-23,DOMESTIC LIMITED LIABILITY COMPANY,Albany,New York,"950 EAST 176TH, LLC",PO Box 576,,Tallman,NY,10982
8028994,BROKER BINGO LLC,2026-09-23,DOMESTIC LIMITED LIABILITY COMPANY,Rockland,New York,BROKER BINGO LLC,251 e townline road,,WEST NYACK,NY,10994
8028995,E&E CONSULTING GROUP INC.,2026-09-23,DOMESTIC BUSINESS CORPORATION,Nassau,New York,E&E CONSULTING GROUP INC.,36 Jefferson Ave,,Roslyn Heights,NY,11577
8028996,RED DOUBLE-HAPPINESS INC.,2026-09-23,DOMESTIC BUSINESS CORPORATION,Kings,New York,RED DOUBLE-HAPPINESS INC.,112 SMITH STREET,,BROOKLYN,NY,11201
8028997,5 TO 9 AUTO SALES LLC,2026-09-23,DOMESTIC LIMITED LIABILITY COMPANY,Monroe,New York,5 to 9 auto sales LLC,688 Pullman ave,Suite F,Rochester,NY,14615
8028998,J.R POWER & ELECTRICAL LLC,2026-09-23,DOMESTIC LIMITED LIABILITY COMPANY,Albany,New York,NORTHWEST REGISTERED AGENT LLC,418 BROADWAY,STE N,ALBANY,NY,12207
8028999,START TRANSPORTATION NYC CORP.,2026-09-23,DOMESTIC BUSINESS CORPORATION,Queens,New York,YULISA DIAZ BATISTA,114-30 Rockaway Beach Blvd,1C,ROCKAWAY PARK,NY,11694
8029001,KARAHAN PROPERTY LLC,2026-09-23,DOMESTIC LIMITED LIABILITY COMPANY,Albany,New York,Karahan Property LLC,1226 Western Ave,,Albany,NY,12203
8029002,1501 NOSTRAND LLC,2026-09-23,DOMESTIC LIMITED LIABILITY COMPANY,Albany,New York,1501 NOSTRAND LLC,1314 jericho tpke,Suite L,New hyde park,NY,11040
8029003,THE MOXIE HAIRSTYLIST LLC,2026-09-23,DOMESTIC LIMITED LIABILITY COMPANY,New York,New York,NAOMI REYNOSO,17C SWEEZY AVE,,MIDDLETOWN,NY,10940
8029004,LOS TRES CERDITOS CORP.,2026-09-23,DOMESTIC BUSINESS CORPORATION,Queens,New York,LOS TRES CERDITOS CORP.,1833 COLLEGE POINT BOULEVARD,,COLLEGE POINT,NY,11356
8029005,BELGO RFC LLC,2026-09-23,DOMESTIC LIMITED LIABILITY COMPANY,Kings,New York,BELGO RFC LLC,284 kingsland avenue,,BROOKLYN,NY,11222
8029006,DMB SERVICE MANAGEMENT INC.,2026-09-23,DOMESTIC BUSINESS CORPORATION,Orange,New York,DMB SERVICE MANAGEMENT INC.,3 Liska Way unit 204,,Kiryas Joel,NY,10950
8029007,ERZ MANAGEMENT LLC,2026-09-23,DOMESTIC LIMITED LIABILITY COMPANY,Queens,New York,MARIA MOROCHO LLAPA,3115 81st Street,,Flushing,NY,11370
8029008,SHINE WELLNESS SPA INC.,2026-09-23,DOMESTIC BUSINESS CORPORATION,Onondaga,New York,XINYU SHI,5781 BRIDGE STREET,SUITE 37,EAST SYRACUSE,NY,13057
8029010,TOKA GROUP INC.,2026-09-23,DOMESTIC BUSINESS CORPORATION,Kings,New York,ORIFKHON KHUJAEV,2336 E 1ST,,BROOKLYN,NY,11223
8029011,ORTIZ MANAGEMENT GROUP LLC,2026-09-23,DOMESTIC LIMITED LIABILITY COMPANY,Queens,New York,Amanda Georgina Ortiz,3007 89th St,,East Elmhurst,NY,11369
8029012,MENDEZ PROPERTY MANAGEMENT LLC,2026-09-23,DOMESTIC LIMITED LIABILITY COMPANY,Suffolk,New York,Andrea Mendez,1044 Suffolk Avenue,,Brentwood,NY,11717
8029013,VELORAA LLC,2026-09-23,DOMESTIC LIMITED LIABILITY COMPANY,Queens,New York,WEIWEI MAO,3111 55TH ST,,WOODSIDE,NY,11377
8029014,BETTER TEACHING INC.,2026-09-23,DOMESTIC BUSINESS CORPORATION,Kings,New York,BETTER TEACHING INC.,1432 56TH ST,,BROOKLYN,NY,11219
8029015,AAJ OUTDOOR SERVICES LLC,2026-09-23,DOMESTIC LIMITED LIABILITY COMPANY,Albany,New York,NORTHWEST REGISTERED AGENT LLC,418 BROADWAY,STE N,ALBANY,NY,12207
8029016,MI LINDO OAXACA DELI CORPORATION,2026-09-23,DOMESTIC BUSINESS CORPORATION,Westchester,New York,MONICA MARTINEZ,202 ELM ST,,YONKERS,NY,10701
8029017,"JANKOWIAK FUNERAL SERVICES, INC.",2026-09-23,DOMESTIC BUSINESS CORPORATION,Erie,New York,"Jankowiak Funeral Services, Inc.",2277 Three Rod Road,,East Aurora,NY,14052
8029018,AZ LUXE RENTALS LLC,2026-09-23,DOMESTIC LIMITED LIABILITY COMPANY,Broome,New York,Entity Protect Registered Agent Services LLC,447 Broadway 2nd Fl. - #3000,,New York,NY,10013
8029019,OPEN SHADOWS INC.,2026-09-23,FOREIGN NOT-FOR-PROFIT CORPORATION,New York,District of Columbia,OPEN SHADOWS INC.,1100 13th st nw,suite 800,WASHINGTON,DC,20005
8029020,THE WIG OUTLET CROWN HEIGHTS LLC,2026-09-23,DOMESTIC LIMITED LIABILITY COMPANY,Albany,New York,THE WIG OUTLET CROWN HEIGHTS LLC,260 Pearsall Place,,Lawrence,NY,11559
8029021,JSMN BENTLEY CO. LLC,2026-09-23,DOMESTIC LIMITED LIABILITY COMPANY,Richmond,New York,JSMN BENTLEY CO LLC,14 Tom Ct,,Staten Island,NY,10310
8029022,ECYM LLC,2026-09-23,DOMESTIC LIMITED LIABILITY COMPANY,Albany,New York,ECYM LLC,12 Linden Street Apt 12A,,Great Neck,NY,11021
8029026,ZENO BUILD LLC,2026-09-23,DOMESTIC LIMITED LIABILITY COMPANY,Queens,New York,ZENO BUILD LLC,13033 122ND PL,,S OZONE PARK,NY,11420
8029027,FR3 CREATIVE SOLUTIONS LLC,2026-09-23,DOMESTIC LIMITED LIABILITY COMPANY,Albany,New York,REGISTERED AGENTS INC.,418 BROADWAY,STE R,ALBANY,NY,12207
8029028,SOVIANA INC.,2026-09-23,DOMESTIC BUSINESS CORPORATION,Kings,New York,SOVIANA INC.,81 Prospect Street,,Brooklyn,NY,11201
8029029,CROWN MUFFLER SHOP CORP.,2026-09-23,DOMESTIC BUSINESS CORPORATION,Queens,New York,TERESA MARIN MORAN,101-12 NORTHERN BLVD,STORE B,CORONA,NY,113681139
8029030,DATA SQUAD INC.,2026-09-23,DOMESTIC BUSINESS CORPORATION,Nassau,New York,DATA SQUAD INC.,2 Carlyle Dr,,Glen Cove,NY,11542
8029031,USALB GROUP LLC,2026-09-23,DOMESTIC LIMITED LIABILITY COMPANY,Westchester,New York,USALB Group LLC,412 4th ST Apt 2,,Mamaroneck,NY,10543
8029033,FENIX SERVICE NY CORP.,2026-09-23,DOMESTIC BUSINESS CORPORATION,Orange,New York,FENIX SERVICE NY CORP.,449 CLOVE RD,,MONROE,NY,10950
8029034,RESPONSIVE CARE MANAGEMENT LLC,2026-09-23,DOMESTIC LIMITED LIABILITY COMPANY,Westchester,New York,Responsive Care Management LLC,3630 Hill Blvd Suite 102,,Jefferson Valley,NY,10535
8029035,311 PLEASANT AVENUE HOUSING DEVELOPMENT FUND CORPORATION,2026-09-23,DOMESTIC NOT-FOR-PROFIT CORPORATION (HOUSING DEVELOPMENT FUND COMPANY) (ARTICLE XI),New York,New York,"c/o asian americans for equality, inc.",108 norfolk st,ground floor,NEW YORK,NY,10002
8029036,FUNDELO CORP.,2026-09-23,DOMESTIC BUSINESS CORPORATION,Queens,New York,FUNDELO CORP.,7511 169 STREET,,FRESH MEADOWS,NY,11366
8029037,141 PLAZA LLC,2026-09-23,DOMESTIC LIMITED LIABILITY COMPANY,Kings,New York,141 Plaza LLC,199 Lee Ave Ste 746,,Brooklyn,NY,11211
8029039,ADROSTER COMMERCE LLC,2026-09-23,DOMESTIC LIMITED LIABILITY COMPANY,Kings,New York,AdRoster Commerce LLC,1260 47 ST,,brooklyn,NY,11219
8029040,6 DUQUESNE LLC,2026-09-23,DOMESTIC LIMITED LIABILITY COMPANY,Nassau,New York,"REGISTERED AGENT SOLUTIONS, INC.",99 WASHINGTON AVENUE,SUITE 700,ALBANY,NY,12260
8029041,STATEMENT OF THE ART FURNITURE COMPANY INC.,2026-09-23,DOMESTIC BUSINESS CORPORATION,Kings,New York,STATEMENT OF THE ART FURNITURE COMPANY INC.,6316 Strickland Ave,,Brooklyn,NY,11234
8029042,RUBI ADMINISTRATIVE SERVICES INC.,2026-09-23,DOMESTIC BUSINESS CORPORATION,Kings,New York,RUBI ADMINISTRATIVE SERVICES INC.,1233 McDonald Avenue,,Brooklyn,NY,11230
8029043,FYNPROOF LLC,2026-09-23,DOMESTIC LIMITED LIABILITY COMPANY,Albany,New York,NORTHWEST REGISTERED AGENT LLC,418 BROADWAY,STE N,ALBANY,NY,12207
8029044,KV CLEANING SERVICES LLC,2026-09-23,DOMESTIC LIMITED LIABILITY COMPANY,Suffolk,New York,KARLA V. ALVAREZ VEGA,271 WAVESCREST DR,,MASTIC BEACH,NY,11951
8029046,"HOPE FOR FERALS, INC.",2026-09-23,DOMESTIC NOT-FOR-PROFIT CORPORATION,Erie,New York,"HOPE FOR FERALS, INC.",106 princeton court,,BUFFALO,NY,14225
8029047,MIZU HIBACHI BUFFALO INC.,2026-09-23,DOMESTIC BUSINESS CORPORATION,Erie,New York,MIZU HIBACHI BUFFALO INC.,"1 walden galleria, F 211",,BUFFALO,NY,14225
8029048,"JCAW HOLDINGS, LLC",2026-09-23,DOMESTIC LIMITED LIABILITY COMPANY,Chenango,New York,Alicia Testani,4906 State Highway 23,,Norwich,NY,13815
8029049,CONCOURSE 280 LLC,2026-09-23,DOMESTIC LIMITED LIABILITY COMPANY,New York,New York,Celanie LLC,353 Lexington Avenue,4th Floor Ste 522,New York,NY,10016
8029050,MANHATTAN EXECUTIVE COACHING CONSORTIUM INC.,2026-09-23,DOMESTIC BUSINESS CORPORATION,New York,New York,Manhattan Executive Coaching Consortium Inc.,274 Madison Avenue,Suite 905,New York,NY,10016
8029051,"THE PEACE OFFICE, LLC",2026-09-23,DOMESTIC LIMITED LIABILITY COMPANY,Monroe,New York,Shira May,2500 East Ave,Apt 8E,Rochester,NY,14610
8029052,MILE TECHNOLOGY INC.,2026-09-23,FOREIGN BUSINESS CORPORATION,New York,Delaware,MILE TECHNOLOGY INC.,"228 park ave s,",pmb 45423,NEW YORK,NY,100031502
8029053,ANDRY HAND IN HAND TRANSPORT LLC,2026-09-23,DOMESTIC LIMITED LIABILITY COMPANY,Nassau,New York,ANDRIANA TRENCHFIELD,212 OAKLEY AVE,,ELMONT,NY,11003
8029054,"ANTHONY-DOMINIC, LLC",2026-09-23,DOMESTIC LIMITED LIABILITY COMPANY,Westchester,New York,"ANTHONY-DOMINIC, LLC",21 EDGEWOOD PARK,,NEW ROCHELLE,NY,10801
8029055,MIKA CREATION INC.,2026-09-23,DOMESTIC BUSINESS CORPORATION,New York,New York,THE CORP,37 W 47TH ST RM 705,,NEW YORK,NY,10036
8029056,"FILM AT ELEVEN, LLC",2026-09-23,FOREIGN LIMITED LIABILITY COMPANY,Ulster,Georgia,"FILM AT ELEVEN, LLC","2500 daniell's bridge road, building 200, suite 3a",,ATHENS,GA,30606
8029057,EL CHEFFY CO LLC,2026-09-23,DOMESTIC LIMITED LIABILITY COMPANY,Westchester,New York,EL CHEFFY CO LLC,65 Catskill Ave Apt 2,,Yonkers,NY,10704
8029058,SANHIL CONSTRUCTION LLC,2026-09-23,DOMESTIC LIMITED LIABILITY COMPANY,Albany,New York,NORTHWEST REGISTERED AGENT LLC,418 BROADWAY,STE N,ALBANY,NY,12207
8029059,"MURPHS MOTORS, LLC",2026-09-23,DOMESTIC LIMITED LIABILITY COMPANY,St. Lawrence,New York,Nicole Donaldson,4025 State Highway 68,,Lisbon,NY,13658
8029060,13 PRAG LLC,2026-09-23,DOMESTIC LIMITED LIABILITY COMPANY,Orange,New York,13 PRAG LLC,5 MOUNTAIN RD UNIT 101,,MONROE,NY,10950
8029062,PRINCE CITY MART CORP.,2026-09-23,DOMESTIC BUSINESS CORPORATION,Kings,New York,Prince City Mart,124 Wycoff Avenue 1 L,,Brooklyn,NY,11237
8029063,WG CORTLAND NY LLC,2026-09-23,FOREIGN LIMITED LIABILITY COMPANY,Cortland,New Jersey,WG CORTLAND NY LLC,85 horseneck point road,,OCEANPORT,NJ,07757
8029064,AQ HOME IMPROVEMENT LLC,2026-09-23,DOMESTIC LIMITED LIABILITY COMPANY,Westchester,New York,AQ Home Improvement LLC,1 Frederick Ct,,Harrison,NY,10528
8029066,69 WHITE PLAINS PETRO LLC,2026-09-23,DOMESTIC LIMITED LIABILITY COMPANY,Westchester,New York,69 WHITE PLAINS PETRO LLC,69 Bank St,,White Plains,NY,10606
8029067,LEVY MANAGEMENT GROUP NYC LLC,2026-09-23,DOMESTIC LIMITED LIABILITY COMPANY,Nassau,New York,Bar Levy,90 Rosedale Rd,,Valley Stream,NY,11581
8029069,36TH GLOBAL INC.,2026-09-23,DOMESTIC BUSINESS CORPORATION,Queens,New York,36TH GLOBAL INC.,21-12C 36TH AVE,,LONG ISLAND CITY,NY,11106
8029070,BUZZYBEANS LLC,2026-09-23,DOMESTIC LIMITED LIABILITY COMPANY,Otsego,New York,CORPORATION SERVICE COMPANY,80 STATE ST.,,ALBANY,NY,12207
8029071,R CARE INC.,2026-09-23,DOMESTIC BUSINESS CORPORATION,Kings,New York,R Care Inc.,37 Parkville Ave,,Brooklyn,NY,11230
8029072,CM21 CONSULTING LLC,2026-09-23,DOMESTIC LIMITED LIABILITY COMPANY,Nassau,New York,CARLOS E MEDINA,28 SYCAMORE COURT,,WOODBURY,NY,10930
8029073,BOREALIS PROPERTY CONSULTING LLC,2026-09-23,DOMESTIC LIMITED LIABILITY COMPANY,Albany,New York,NORTHWEST REGISTERED AGENT LLC,418 BROADWAY,STE N,ALBANY,NY,12207
8029074,"WELLNESS INFUSIONS, LLC",2026-09-23,DOMESTIC LIMITED LIABILITY COMPANY,Ontario,New York,Maggie Becker,5810 County Road 37,,Springwater,NY,14560
8029075,CENTENARIAN BLUEPRINT LLC,2026-09-23,DOMESTIC LIMITED LIABILITY COMPANY,Albany,New York,NORTHWEST REGISTERED AGENT LLC,418 BROADWAY,STE N,ALBANY,NY,12207
8029076,MATCHAKOVA LLC,2026-09-23,DOMESTIC LIMITED LIABILITY COMPANY,Suffolk,New York,MATCHAKOVA LLC,1426 Stony Brook Rd,,Stony Brook,NY,11790
8029077,ALYSH COMMERCE DR LLC,2026-09-23,DOMESTIC LIMITED LIABILITY COMPANY,Suffolk,New York,Alysh Commerce Dr LLC,26 Pine Drive,,Great Neck,NY,11021
8029079,ANGREN 2026 INC.,2026-09-23,DOMESTIC BUSINESS CORPORATION,Kings,New York,ANGREN 2026 INC.,2662 OCEAN AVE A3,,BROOKLYN,NY,11229
8029080,REINOSO AND SONS REFRIGERATION LLC,2026-09-23,DOMESTIC LIMITED LIABILITY COMPANY,Kings,New York,REINOSO AND SONS REFRIGERATION LLC,P.O.BOX 70006,,BROOKLYN,NY,11207
8029081,APEXSTONE CONSTRUCTION INC.,2026-09-23,DOMESTIC BUSINESS CORPORATION,Kings,New York,HAMZA S BUTT,2966 BRIGHTON 5TH APT 3R,,BROOKLYN,NY,11235
8029082,AAST HOLDINGS LLC,2026-09-23,DOMESTIC LIMITED LIABILITY COMPANY,Nassau,New York,AAST HOLDINGS LLC,17 W SUNRISE HWY,,FREEPORT,NY,11520
8029083,LUCKY 889 INC.,2026-09-23,DOMESTIC BUSINESS CORPORATION,Albany,New York,LUCKY 889 INC.,1133 CENTRAL AVE,,ALBANY,NY,12205
8029084,ARRICK CAPITAL LLC,2026-09-23,DOMESTIC LIMITED LIABILITY COMPANY,Albany,New York,NORTHWEST REGISTERED AGENT LLC,418 BROADWAY,STE N,ALBANY,NY,12207
8029085,HCMBRIDGE LLC,2026-09-23,DOMESTIC LIMITED LIABILITY COMPANY,Suffolk,New York,HCMBRIDGE LLC,3 Monterrey Dr,,Saint James,NY,11780
8029086,672 56 MGT INC.,2026-09-23,DOMESTIC BUSINESS CORPORATION,Kings,New York,Kevin K. Zheng,672 56 Street,,Brooklyn,NY,11220
8029088,CLUBDUBS LLC,2026-09-23,DOMESTIC LIMITED LIABILITY COMPANY,Nassau,New York,C T CORPORATION SYSTEM,28 LIBERTY STREET,,NEW YORK,NY,10005
8029089,G.J.N. HOLDING LLC,2026-09-23,DOMESTIC LIMITED LIABILITY COMPANY,Westchester,New York,G.J.N. HOLDING LLC,179 Underhill Street,,YONKERS,NY,10710
8029090,AMARE AMORE LLC,2026-09-23,DOMESTIC LIMITED LIABILITY COMPANY,Kings,New York,Angelo Milord,631 4th ave,,Brooklyn,NY,11232
8029091,Q&A LANDSCAPES LLC,2026-09-23,DOMESTIC LIMITED LIABILITY COMPANY,Suffolk,New York,JASON CUDDIHY,PO BOX 806,,HAMPTON BAYS,NY,11946
8029092,BIOLAB ROUTE LOGISTICS LLC,2026-09-23,DOMESTIC LIMITED LIABILITY COMPANY,Queens,New York,BIOLAB ROUTE LOGISTICS LLC,4836 47th St Apt 3C,,Woodside,NY,11377
8029094,KAT COMPLIANCE GROUP LLC,2026-09-23,DOMESTIC LIMITED LIABILITY COMPANY,Westchester,New York,KAT COMPLIANCE GROUP LLC,669 Main Street PMB 2021,,New Rochelle,NY,10801
8029095,FORGE & GRAIN LLC,2026-09-23,DOMESTIC LIMITED LIABILITY COMPANY,Wayne,New York,Steven Freer,134 Canal St,,Lyons,NY,14489
8029096,NAGA VENTURES LLC,2026-09-23,DOMESTIC LIMITED LIABILITY COMPANY,Ulster,New York,Inc Authority RA,"42 Broadway, Fl. 12-200",,New York,NY,27617
8029097,60 ALLISON AVE LLC,2026-09-23,DOMESTIC LIMITED LIABILITY COMPANY,Richmond,New York,60 ALLISON AVE LLC,96 Industrial Loop,Bay 7,Staten Island,NY,10309
8029098,"MORGAN'S PET SITTING, INC.",2026-09-23,DOMESTIC BUSINESS CORPORATION,Suffolk,New York,"Morgan's Pet Sitting, Inc.",49 Riverhead Rd,,Sound Beach,NY,11789
8029099,KINGS TOUCH BARBER CORP.,2026-09-23,DOMESTIC BUSINESS CORPORATION,Kings,New York,AZIZ ZAHOUM,8025 5TH AVE,,BROOKLYN,NY,11209
8029100,JK CAPITAL SOLUTIONS INC.,2026-09-23,DOMESTIC BUSINESS CORPORATION,Queens,New York,JK CAPITAL SOLUTIONS INC.,8811 63RD DRIVE,APT 422,REGO PARK,NY,11374
8029101,"PRIVILEGE CAFE - BAR, LLC",2026-09-23,DOMESTIC LIMITED LIABILITY COMPANY,Kings,New York,WILSON CHARLES,2667 PITKIN AVE SUITE 1,,BROOKLYN,NY,11208
8029102,OC 92 BAY STREET HOLDCO LLC,2026-09-23,DOMESTIC LIMITED LIABILITY COMPANY,Albany,New York,OC 92 Bay Street Holdco LLC,"1133 Broadway, Suite 701",,New York,NY,10010
8029103,ABBOTT LUXURY TRANSPORTATION CORP.,2026-09-23,DOMESTIC BUSINESS CORPORATION,Suffolk,New York,ABBOTT LUXURY TRANSPORTATION CORP.,20 MAYFLOWER PL,,DEER PARK,NY,11729
8029105,A NU ELEVATION CORP.,2026-09-23,DOMESTIC BUSINESS CORPORATION,Suffolk,New York,ANTHONY BRAZILL,200 BROADHOLLOW ROAD SUITE 207,,MELVILLE,NY,11747
8029106,SINGH ELITE LUXURY INC.,2026-09-23,DOMESTIC BUSINESS CORPORATION,Queens,New York,SINGH ELITE LUXURY INC.,10140 114TH STREET,,S RICHMOND HILL,NY,11419
8029107,"VERDORO, LLC",2026-09-23,FOREIGN LIMITED LIABILITY COMPANY,New York,Texas,CORPORATION SERVICE COMPANY,80 STATE STREET,,ALBANY,NY,122072543
8029108,SK30 DEVELOPMENT LLC,2026-09-23,DOMESTIC LIMITED LIABILITY COMPANY,New York,New York,SK30 DEVELOPMENT LLC,"157 W57th Street, #62A",,New York,NY,10019
8029109,"HUNLEY PROPERTIES, LLC",2026-09-23,DOMESTIC LIMITED LIABILITY COMPANY,Ontario,New York,"Hunley Properties, LLC",32 Island Lane,,Canandaigua,NY,14424
8029110,ELIZABETH MCGILL CONSULTING LLC,2026-09-23,DOMESTIC LIMITED LIABILITY COMPANY,Kings,New York,ELIZABETH MCGILL CONSULTING LLC,1183 Jefferson Ave Apt 1,,Brooklyn,NY,11221
8029111,RYU HOLDINGS NY LLC,2026-09-23,DOMESTIC LIMITED LIABILITY COMPANY,Albany,New York,NORTHWEST REGISTERED AGENT LLC,418 BROADWAY,STE N,ALBANY,NY,12207
8029112,AVENUE 236 LLC,2026-09-23,DOMESTIC LIMITED LIABILITY COMPANY,New York,New York,Celanie LLC,353 LEXINGTON AVENUE,4th Floor Ste 523,New York,NY,10016
8029113,MATTRONICA LLC,2026-09-23,DOMESTIC LIMITED LIABILITY COMPANY,Albany,New York,NORTHWEST REGISTERED AGENT LLC,418 BROADWAY,STE N,ALBANY,NY,12207
8029115,GKYL HOLDING LLC,2026-09-23,DOMESTIC LIMITED LIABILITY COMPANY,Albany,New York,GKYL HOLDING LLC,941 58TH STREET,,BROOKLYN,NY,11219
8029116,"SALDANA OUTDOORS, LLC",2026-09-23,DOMESTIC LIMITED LIABILITY COMPANY,Suffolk,New York,"SALDANA OUTDOORS, LLC",10 BOOTH ST,,CENTRAL ISLIP,NY,11722
8029118,SHARON DRIVE LLC,2026-09-23,DOMESTIC LIMITED LIABILITY COMPANY,Orange,New York,Sharon Drive LLC,15 Sharon Drive,,Middletown,NY,10941
8029119,"POINT FORWARD LEADERSHIP, LLC",2026-09-23,DOMESTIC LIMITED LIABILITY COMPANY,Kings,New York,MATTHIEU MCAULIFFE,360 FURMAN ST.,APT 736,BROOKLYN,NY,112014717
8029120,A VETERAN CONSULTANT LLC,2026-09-23,DOMESTIC LIMITED LIABILITY COMPANY,Schenectady,New York,A veteran consultant llc,306 Juniper Dr,,Schenectady,NY,12306
8029122,MONSTAH SONIC VISION LLC,2026-09-23,DOMESTIC LIMITED LIABILITY COMPANY,Kings,New York,MONSTAH SONIC VISION LLC,45 Main St Ste 240 #581153,,Brooklyn,NY,11201
8029123,MASTERLESS EYEWEAR LLC,2026-09-23,DOMESTIC LIMITED LIABILITY COMPANY,New York,New York,c/o visionary optics,1409 3rd avenue,,NEW YORK,NY,10075
8029124,BOBURJON EXPRESS INC.,2026-09-23,DOMESTIC BUSINESS CORPORATION,Kings,New York,BOBURJON KHOLIKOV,1800 OCEAN PKWY,D2,BROOKLYN,NY,11223
8029125,K & K LAUNDROMAT INC.,2026-09-23,DOMESTIC BUSINESS CORPORATION,Queens,New York,K &amp; K Laundromat Inc.,101-07 Martense Avenue,,Corona,NY,11368
8029127,VIKING SOLUTIONS LLC,2026-09-23,DOMESTIC LIMITED LIABILITY COMPANY,Suffolk,New York,VIKING SOLUTIONS LLC,"172 Jefferson Ave,",,Saint James,NY,11780
8029128,NOBEL JADE INC.,2026-09-23,DOMESTIC BUSINESS CORPORATION,Nassau,New York,NOBEL JADE INC.,43 STONE HILL DR S,,MANHASSET,NY,11030
8029129,LUX EQUIPMENT INC.,2026-09-23,DOMESTIC BUSINESS CORPORATION,Queens,New York,LUX EQUIPMENT INC.,23203 Seward Ave,,Queens Village,NY,11427
8029130,"4886 SHEPARD ROAD, LLC",2026-09-23,DOMESTIC LIMITED LIABILITY COMPANY,Onondaga,New York,"Bond, Schoeneck & King, PLLC",Attn: Kevin Pole,One Lincoln Center,Syracuse,NY,13202
8029131,JSB RESTORATION LLC,2026-09-23,DOMESTIC LIMITED LIABILITY COMPANY,Westchester,New York,JSB RESTORATION LLC,1 Fox Den Lane,,North Salem,NY,10560
8029133,HAYA COFFEE INC.,2026-09-23,DOMESTIC BUSINESS CORPORATION,Westchester,New York,GURASH PAIMAN,35 MAMARONECK AVE,,WHITE PLAINS,NY,10601
8029134,PATSO-NY INC.,2026-09-23,DOMESTIC BUSINESS CORPORATION,Sullivan,New York,PATSO-NY INC.,6005 STATE ROUTE 97,,NARROWSBURG,NY,12764
8029135,NYC FACADE CONSTRUCTION INC.,2026-09-23,DOMESTIC BUSINESS CORPORATION,Queens,New York,NYC FACADE CONSTRUCTION INC.,75-75 UTOPIA PKWY,,FLUSHING,NY,11366
8029136,SPEED PRODUCTIONS LLC,2026-09-23,DOMESTIC LIMITED LIABILITY COMPANY,Kings,New York,SPEED PRODUCTIONS LLC,388 7th St Apt 2L,,Brooklyn,NY,11215
8029137,NEW YORK CITY CLERGY INC.,2026-09-23,DOMESTIC NOT-FOR-PROFIT CORPORATION,Queens,New York,"LEGALCORP SOLUTIONS, LLC",11 BROADWAY,SUITE 615,NEW YORK CITY,NY,10004
8029138,MM WILLOW LLC,2026-09-23,DOMESTIC LIMITED LIABILITY COMPANY,Bronx,New York,MM WILLOW LLC,PO BOX 848,,YONKERS,NY,10704
8029139,SOLANOS CLEANING CORP.,2026-09-23,DOMESTIC BUSINESS CORPORATION,Queens,New York,ROSALINO PEREZ MENDEZ,9617 34TH AVE,1ST FL,CORONA,NY,11368
8029140,FRISKA GLOBAL LLC,2026-09-23,DOMESTIC LIMITED LIABILITY COMPANY,Nassau,New York,FRISKA GLOBAL LLC,104 Melrose Avenue,,Massapequa,NY,11758
8029141,OPEN EYE SECURITY SOLUTIONS LLC,2026-09-23,DOMESTIC LIMITED LIABILITY COMPANY,Richmond,New York,Entity Protect Registered Agent Services LLC,447 Broadway 2nd Fl. - #3000,,New York,NY,10013
8029142,BRONZE LUXE NYC CORP.,2026-09-23,DOMESTIC BUSINESS CORPORATION,Queens,New York,BRONZE LUXE NYC CORP.,4214 BROADWAY,,ASTORIA,NY,11103
8029143,1325 MANAGEMENT LLC,2026-09-23,DOMESTIC LIMITED LIABILITY COMPANY,Nassau,New York,1325 MANAGEMENT LLC,261 S Franklin St Apt 214,,Hempstead,NY,11550
8029144,NEW ANGELA SPA INC.,2026-09-23,DOMESTIC BUSINESS CORPORATION,Nassau,New York,NEW ANGELA SPA INC.,"170 FOREST AVE, UNIT A",,GLEN COVE,NY,11542
8029145,"17 WEST SECOND STREET, LLC",2026-09-23,DOMESTIC LIMITED LIABILITY COMPANY,Nassau,New York,"17 WEST SECOND STREET, LLC",117 hudson avenue,,FREEPORT,NY,11520
8029146,PRAXUS PROPERTIES LLC,2026-09-23,DOMESTIC LIMITED LIABILITY COMPANY,Albany,New York,Praxus Properties LLC,3231 74th Street,,East Elmhurst,NY,11370
8029147,KYPRIO LLC,2026-09-23,DOMESTIC LIMITED LIABILITY COMPANY,New York,New York,SimpleBiz Registered Agent Services LLC,405 RXR Plaza PMB F127,,Uniondale,NY,11556
8029148,MELBAR LLC,2026-09-23,DOMESTIC LIMITED LIABILITY COMPANY,Albany,New York,NORTHWEST REGISTERED AGENT LLC,418 BROADWAY,STE N,ALBANY,NY,12207
8029149,YILUFA LOGISTICS INC.,2026-09-23,DOMESTIC BUSINESS CORPORATION,Queens,New York,Yilufa Logistics Inc.,13677 Roosevelt Ave #301,,Flushing,NY,11354
8029150,EVEREST REFUNDS LLC,2026-09-23,DOMESTIC LIMITED LIABILITY COMPANY,New York,New York,Everest Refunds LLC,82 Nassau Street,#61387,New York,NY,10038
8029151,NORTHKAIRN CORP.,2026-09-23,DOMESTIC BUSINESS CORPORATION,New York,New York,THE CORP,20 RIVER TERRACE,STE 21 F,NEW YORK,NY,10282
8029152,HENDRICK'S HERB & TABLE LLC,2026-09-23,DOMESTIC LIMITED LIABILITY COMPANY,New York,New York,HENDRICK'S HERB & TABLE LLC,228 Park Ave S #433348,,New York,NY,10003
8029153,LOCKIMARA LLC,2026-09-23,DOMESTIC LIMITED LIABILITY COMPANY,Queens,New York,SimpleBiz Registered Agent Services LLC,405 RXR Plaza PMB F127,,Uniondale,NY,11556
8029154,LAKE ERIE IRONROOTS LLC,2026-09-23,DOMESTIC LIMITED LIABILITY COMPANY,Chautauqua,New York,Lake Erie IronRoots LLC,154 North Portage St,,WESTFIELD,NY,14787
8029155,TONIX MOVEMENT LLC,2026-09-23,DOMESTIC LIMITED LIABILITY COMPANY,Kings,New York,Tony Gonzales,145 Tompkins Ave,Apartment 1,Brooklyn,NY,11206
8029156,ANSWER MY LAWSUIT LLC,2026-09-23,DOMESTIC LIMITED LIABILITY COMPANY,Suffolk,New York,Eric Ehmer,19 Woodland Lane,,Smithtown,NY,11787
8029157,SAXWOOD 3 LLC,2026-09-23,DOMESTIC LIMITED LIABILITY COMPANY,Nassau,New York,"The Petrofsky Law Group, PLLC",129 Birch Hill Road,,Locust Valley,NY,11560
8029158,AVONDALE PERFORMANCE PARTNERS LLC,2026-09-23,DOMESTIC LIMITED LIABILITY COMPANY,New York,New York,AVONDALE PERFORMANCE PARTNERS LLC,228 Park Ave S #779418,,New York,NY,10003
8029159,BOMBSTARZCO LLC,2026-09-23,DOMESTIC LIMITED LIABILITY COMPANY,Bronx,New York,Entity Protect Registered Agent Services LLC,447 Broadway 2nd Fl. - #3000,,New York,NY,10013
8029160,JMAXURRY LLC,2026-09-23,DOMESTIC LIMITED LIABILITY COMPANY,Bronx,New York,SimpleBiz Registered Agent Services LLC,405 RXR Plaza PMB F127,,Uniondale,NY,11556
8029161,"SUNNY'S CARGO EXPRESS, INC.",2026-09-23,DOMESTIC BUSINESS CORPORATION,Erie,New York,"Sunny's Cargo Express, Inc.",57 Allie Ln,,Hamburg,NY,14075
8029162,NAVIOGRID LLC,2026-09-23,DOMESTIC LIMITED LIABILITY COMPANY,Nassau,New York,ZENBUSINESS INC.,41 STATE STREET,SUITE 112,ALBANY,NY,12207
8029163,BAXTER MARKET DELI LLC,2026-09-23,DOMESTIC LIMITED LIABILITY COMPANY,Queens,New York,BAXTER MARKET DELI LLC,8120 BAXTER AVE,,ELMHURST,NY,11373
8029164,OXYMORON LABS LLC,2026-09-23,DOMESTIC LIMITED LIABILITY COMPANY,New York,New York,Oxymoron Labs,155 E 88th St,,New York,NY,10128
8029165,AVANTI 2125 GROUP INC.,2026-09-23,DOMESTIC BUSINESS CORPORATION,Nassau,New York,FAHAD IFTIKHAR,62 BURTON AVE,,PLAINVIEW,NY,11803
8029166,AUDITADS LLC,2026-09-23,DOMESTIC LIMITED LIABILITY COMPANY,New York,New York,AUDITADS LLC,575 Grand St Apt E905,,New York,NY,10002
8029167,FR3 NETWORK LLC,2026-09-23,DOMESTIC LIMITED LIABILITY COMPANY,Albany,New York,REGISTERED AGENTS INC.,418 BROADWAY,STE R,ALBANY,NY,12207
8029168,HOMAIO LLC,2026-09-23,DOMESTIC LIMITED LIABILITY COMPANY,Onondaga,New York,Zachary Maio,4173 Chariot Ln,,Liverpool,NY,13090
8029169,LEVEL QUANTUM USA LLC,2026-09-23,DOMESTIC LIMITED LIABILITY COMPANY,Albany,New York,NORTHWEST REGISTERED AGENT LLC,418 BROADWAY,STE N,ALBANY,NY,12207
8029170,GALLERY ALB LLC,2026-09-23,DOMESTIC LIMITED LIABILITY COMPANY,Kings,New York,Andrew Barker,120 Atlantic Avenue,Apt 2A,Brooklyn,NY,11201
8029171,ROSCOE WOODS VILLAGE LLC,2026-09-23,DOMESTIC LIMITED LIABILITY COMPANY,Nassau,New York,Valerie Caliendo,68 Roxbury Road,,Franklin Square,NY,11010
8029172,RASPBERRY TEA MEDIA LLC,2026-09-23,DOMESTIC LIMITED LIABILITY COMPANY,New York,New York,Antia McCollough,141 West 127th Street apt 2c,,New York,NY,10027
8029173,MINDANDMOTION LLC,2026-09-23,DOMESTIC LIMITED LIABILITY COMPANY,Richmond,New York,MINDANDMOTION LLC,73 Goodall St,,Staten Island,NY,10308
8029174,K GELANE SPA 8 INC.,2026-09-23,DOMESTIC BUSINESS CORPORATION,Nassau,New York,K GELANE SPA 8 INC.,97 JACKSON AVE,,SYOSSET,NY,11791
8029175,SIYU ENDEAVOURS LLC,2026-09-23,DOMESTIC LIMITED LIABILITY COMPANY,New York,New York,Siyu Endeavours LLC,"1220 Broadway, Suite 703",,New York,NY,10001
8029176,CITYPLUS GROUP LLC,2026-09-23,DOMESTIC LIMITED LIABILITY COMPANY,Nassau,New York,CITYPLUS GROUP LLC,364 ARKANSAS DR,,VALLEY STREAM,NY,11580
8029177,NOVALYN TECHNOLOGIES INC.,2026-09-23,DOMESTIC BUSINESS CORPORATION,Queens,New York,DEJIN GAO,132-41 59TH AVE,,FLUSHING,NY,11355
8029178,JOEL LANDAU'S PROPERTIES INC.,2026-09-23,DOMESTIC BUSINESS CORPORATION,Kings,New York,JOEL LANDAU'S PROPERTIES INC.,205 Rutledge Street,,Brooklyn,NY,11211
8029179,SUNSHINE PALM TREE LLC,2026-09-23,DOMESTIC LIMITED LIABILITY COMPANY,Kings,New York,Sunshine Palm Tree LLC,5 Middleton St Apt BL,,Brooklyn,NY,11206
8029180,ALL THE BEST CONSTRUCTION INC.,2026-09-23,DOMESTIC BUSINESS CORPORATION,Queens,New York,DIAN ZHUO JIANG,5810 136TH STREET,,FLUSHING,NY,11355
8029181,ROUTE 29 865 LAKE AVE LLC,2026-09-23,DOMESTIC LIMITED LIABILITY COMPANY,Saratoga,New York,Brian Palmateer,391 Rugg Rd,,Schuylerville,NY,12871
8029182,R&R AUTOWERKS LLC,2026-09-23,DOMESTIC LIMITED LIABILITY COMPANY,Erie,New York,R&R AUTOWERKS LLC,19 Alys Dr E,,Depew,NY,14043
8029183,ALEO BEAUTY & STYLE LLC,2026-09-23,DOMESTIC LIMITED LIABILITY COMPANY,Suffolk,New York,ANA L. ESPINAL DE LAO,40 POPLAR ST,,BRENTWOOD,NY,11717
8029184,HAPPY PANDA DELI & CAFE CORP.,2026-09-23,DOMESTIC BUSINESS CORPORATION,Queens,New York,HAPPY PANDA DELI & CAFE CORP.,146-10 LIBERTY AVENUE,,JAMAICA,NY,11435
8029185,VECTORDRIVE GLOBAL HOLDINGS LLC,2026-09-23,DOMESTIC LIMITED LIABILITY COMPANY,Suffolk,New York,ZENBUSINESS INC.,41 STATE STREET,SUITE 112,ALBANY,NY,12207
8029186,TRIPLE S AI VENTURE LLC,2026-09-23,DOMESTIC LIMITED LIABILITY COMPANY,Albany,New York,REGISTERED AGENTS INC.,418 BROADWAY,STE R,ALBANY,NY,12207
8029187,EQUIPFLOW BILLING SOLUTIONS LLC,2026-09-23,DOMESTIC LIMITED LIABILITY COMPANY,Queens,New York,Equipflow Billing Solutions LLC,166-29 Jamaica Avenue,,Jamaica,NY,11432
8029188,FLATBUSH MINI MARKET INC.,2026-09-23,DOMESTIC BUSINESS CORPORATION,Kings,New York,FLATBUSH MINI MARKET INC.,1830 FLATBUSH AVE,,BROOKLYN,NY,11210
8029189,144 SHEPARD NJ LLC,2026-09-23,DOMESTIC LIMITED LIABILITY COMPANY,Kings,New York,144 SHEPARD NJ LLC,183 WILSON STREET,SUITE 126,BROOKLYN,NY,11211
8029190,NOVACARE PHARMACY CORP.,2026-09-23,DOMESTIC BUSINESS CORPORATION,Suffolk,New York,NOVACARE PHARMACY CORP.,237 CANDLEWOOD PATH,,"DIX HILLS,",NY,11746
8029191,EVERSTRONG PERFORMANCE LLC,2026-09-23,DOMESTIC LIMITED LIABILITY COMPANY,Suffolk,New York,EVERSTRONG PERFORMANCE LLC,4 Daremy Cir,,Medford,NY,11763
8029192,LTZ CONTRACTING LLC,2026-09-23,DOMESTIC LIMITED LIABILITY COMPANY,Dutchess,New York,LTZ CONTRACTING LLC,25 Shadow Ln,,Poughkeepsie,NY,12601
8029193,783 BURKE AVENUE LLC,2026-09-23,DOMESTIC LIMITED LIABILITY COMPANY,Bronx,New York,c/o The LLC,2937 Colden Avenue,,Bronx,NY,10469
8029194,CHOFIS PAINTING & MAINTENANCE INC.,2026-09-23,DOMESTIC BUSINESS CORPORATION,Westchester,New York,EDMUNDO DOMINGUEZ HEREDIA,120 RUSSELL STREET,,WHITE PLAINS,NY,10606
8029195,DESHI REALTY INC.,2026-09-23,DOMESTIC BUSINESS CORPORATION,Nassau,New York,Mahammed Rahman,2 Brookdale Court,,Glen Cove,NY,11542
8029196,JRB ENTERPRISE US LLC,2026-09-23,DOMESTIC LIMITED LIABILITY COMPANY,Bronx,New York,BALDUINO LAMOS,PO BOX 229,,BRONX,NY,10473
8029197,VITALITY IN MOTION LLC,2026-09-23,DOMESTIC LIMITED LIABILITY COMPANY,Saratoga,New York,SimpleBiz Registered Agent Services LLC,405 RXR Plaza # F127,,Uniondale,NY,11556
8029198,PHAT MEDIA LLC,2026-09-23,DOMESTIC LIMITED LIABILITY COMPANY,Albany,New York,PHAT MEDIA LLC,128 Grand St,,Albany,NY,12202
8029199,DARK DRAGON SOCIETY LLC,2026-09-23,DOMESTIC LIMITED LIABILITY COMPANY,Monroe,New York,Abigail Gleason,188 Corley Dr,,Rochester,NY,14622
8029200,MASSAGE WITH SARAH PEREZ LLC,2026-09-23,DOMESTIC LIMITED LIABILITY COMPANY,Rockland,New York,SimpleBiz Registered Agent Services LLC,405 RXR Plaza # F127,,Uniondale,NY,11556
8029201,"CASCADE LAKE COMPANY, LLC",2026-09-23,DOMESTIC LIMITED LIABILITY COMPANY,Orange,New York,"Cascade Lake Company, LLC",PO Box 262,,Sloatsburg,NY,10974
8029202,MAURO'S FLOWERS LLC,2026-09-23,DOMESTIC LIMITED LIABILITY COMPANY,New York,New York,MAURO F VILLALBA CORTEZ,1829 2ND AVE,,NEW YORK,NY,10128
8029203,ALIGNMENT PHARMACEUTICAL CONSULTING LLC,2026-09-23,DOMESTIC LIMITED LIABILITY COMPANY,Saratoga,New York,Alignment Pharmaceutical Consulting LLC,4 Morgan Court,,Clifton Park,NY,12065
8029204,PRECISION TREE SERVICES OF LONG ISLAND LLC,2026-09-23,DOMESTIC LIMITED LIABILITY COMPANY,Suffolk,New York,PRECISION TREE SERVICES OF LONG ISLAND LLC,55 Albany Ave,,Amityville,NY,11701
8029205,CCAP PORT JEFFERSON LLC,2026-09-23,DOMESTIC LIMITED LIABILITY COMPANY,Nassau,New York,CCAP Port Jefferson LLC,14 Skillman Street,,Roslyn,NY,11576
8029206,SPRING VALLEY FOOD CORP.,2026-09-23,DOMESTIC BUSINESS CORPORATION,Rockland,New York,SPRING VALLEY FOOD CORP.,184 E CENTRAL AVE,,SPRING VALLEY,NY,10977
8029207,JC12 CORPORATION,2026-09-23,DOMESTIC BUSINESS CORPORATION,Queens,New York,3436,12th Street,,Astoria,NY,11106
8029208,TILLERY ENTERPRISE SERVICES L.L.C.,2026-09-23,DOMESTIC LIMITED LIABILITY COMPANY,Niagara,New York,ZENBUSINESS INC.,41 STATE STREET,SUITE 112,ALBANY,NY,12207
8029209,KAYLEIGH AND AISLIN QUIRK LLC,2026-09-23,DOMESTIC LIMITED LIABILITY COMPANY,Kings,New York,KAYLEIGH AND AISLIN QUIRK LLC,45 Main St Ste 240 #524787,,Brooklyn,NY,11201
8029210,KRIFTCH LLC,2026-09-23,DOMESTIC LIMITED LIABILITY COMPANY,Orange,New York,KRIFTCH LLC,19 South 11 #1-D1,,Brooklyn,NY,11249
8029211,ZAYNAB HOLDING LLC,2026-09-23,DOMESTIC LIMITED LIABILITY COMPANY,Westchester,New York,ZAYNAB HOLDING LLC,30 MCGEORY AVENUE,,YONKERS,NY,10708
8029212,WILD EDGE LANDSCAPE DESIGN LLC,2026-09-23,DOMESTIC LIMITED LIABILITY COMPANY,Kings,New York,WILD EDGE LANDSCAPE DESIGN LLC,523 79th St Apt 1,,Brooklyn,NY,11209
8029213,"FIRE TACO, INC.",2026-09-23,DOMESTIC BUSINESS CORPORATION,Nassau,New York,PAUL PREVITI,84 ST. PAULS ROAD,,HEMPSTEAD,NY,11550
8029214,SHEILA CLEANING LLC,2026-09-23,DOMESTIC LIMITED LIABILITY COMPANY,Bronx,New York,ZENBUSINESS INC.,41 STATE STREET,SUITE 112,ALBANY,NY,12207
8029215,YOUR PET'S BEST FRIEND LLC,2026-09-23,DOMESTIC LIMITED LIABILITY COMPANY,Washington,New York,YOUR PET'S BEST FRIEND LLC,21 Thomas St,,Salem,NY,12865
8029216,"AQUA BLUE WELLNESS, INC.",2026-09-23,DOMESTIC BUSINESS CORPORATION,Kings,New York,ZHENDI HUANG,148 LORRAINE LOOP,,STATEN ISLAND,NY,10309
8029217,GTNE ERITAJ HOLDINGS LLC,2026-09-23,DOMESTIC LIMITED LIABILITY COMPANY,Nassau,New York,Eritaj LLC,85 Sea Lane,,Farmingdale,NY,11735
8029218,STRONG VISIONS CHILDCARE INC.,2026-09-23,DOMESTIC BUSINESS CORPORATION,Monroe,New York,STRONG VISIONS CHILDCARE INC.,31 Rosalind St,,Rochester,NY,14619
8029219,3822 DELI CORP.,2026-09-23,DOMESTIC BUSINESS CORPORATION,Bronx,New York,3822 DELI CORP.,3822 Dyre Ave,,Bronx,NY,10466
8029220,PHEENX LLC,2026-09-23,DOMESTIC LIMITED LIABILITY COMPANY,Erie,New York,PHEENX LLC,81 Red Jacket Pkwy,,Buffalo,NY,14220
8029221,NOVA RESTORE SERVICES LLC,2026-09-23,DOMESTIC LIMITED LIABILITY COMPANY,Queens,New York,Derek S. Perez Ortiz,"4705 72nd St, B1",,Woodside,NY,11377
8029222,GRANDIR LLC,2026-09-23,DOMESTIC LIMITED LIABILITY COMPANY,Bronx,New York,"GRANDIR, LLC.",40 RICHMAN PLAZA,,BRONX,NY,10453
8029223,PSARO VENTURES LLC,2026-09-23,DOMESTIC LIMITED LIABILITY COMPANY,Queens,New York,PSARO VENTURES LLC,1319 145th Pl,,Whitestone,NY,11357
8029224,ANGEE1012 LLC,2026-09-23,DOMESTIC LIMITED LIABILITY COMPANY,Dutchess,New York,ANGEE1012 LLC,15 WENDOVER DR,,POUGHKEEPSIE,NY,12601
8029225,EB HOME INTERIORS LLC,2026-09-23,DOMESTIC LIMITED LIABILITY COMPANY,Clinton,New York,Elizabeth Boyea,24 City Hall Place Unit #6,,Plattsburgh,NY,12901
8029226,DC-41 LLC,2026-09-23,DOMESTIC LIMITED LIABILITY COMPANY,Westchester,New York,DC-41 LLC,780 MAIN STREET,,NEW ROCHELLE,NY,10805
8029227,3001 NORTHERN HOLDINGS LLC,2026-09-23,DOMESTIC LIMITED LIABILITY COMPANY,Kings,New York,3001 NORTHERN HOLDINGS LLC,5308 13th Avenue,Suite 292,Brooklyn,NY,11219
8029228,GORDILLOSPECIALTIES LLC,2026-09-23,DOMESTIC LIMITED LIABILITY COMPANY,Putnam,New York,GUILLERMO GORDILLO,39 HORSEPOUND RD,,CARMEL,NY,10512
8029229,NEW YORK SIGNATURE CLOSETS LLC,2026-09-23,DOMESTIC LIMITED LIABILITY COMPANY,Kings,New York,Julie Burke,38 Cranberry St.,,Brooklyn,NY,11201
8029230,E221-1B LLC,2026-09-23,DOMESTIC LIMITED LIABILITY COMPANY,Westchester,New York,E221-1B LLC,780 MAIN STREET,,NEW ROCHELLE,NY,10805
8029231,BEAT ADVISOR LLC,2026-09-23,DOMESTIC LIMITED LIABILITY COMPANY,Erie,New York,BEAT ADVISOR LLC,68 Livingston St,,Buffalo,NY,14213
8029232,OAK-0 LLC,2026-09-23,DOMESTIC LIMITED LIABILITY COMPANY,Westchester,New York,OAK-0 LLC,780 MAIN STREET,,NEW ROCHELLE,NY,10805
8029233,MS 018 TRANSIT CORP.,2026-09-23,DOMESTIC BUSINESS CORPORATION,Kings,New York,MIKHAIL STRUZBERG,"1590 WEST 8TH STREET, #4M",,BROOKLYN,NY,11204
8029234,SIERRA'S IN-HOME DOG GROOMING LLC,2026-09-23,DOMESTIC LIMITED LIABILITY COMPANY,Schenectady,New York,SIERRA'S IN-HOME DOG GROOMING LLC,"305 Front St, Apt 1",,Schenectady,NY,12305
8029235,JEFFREY BAKER AUTOMOTIVE LLC,2026-09-23,DOMESTIC LIMITED LIABILITY COMPANY,Onondaga,New York,NORTHWEST REGISTERED AGENT LLC,418 BROADWAY,STE N,ALBANY,NY,12207
8029236,SEAN STRONG COACHING LLC,2026-09-23,DOMESTIC LIMITED LIABILITY COMPANY,Kings,New York,Sean Luebkemann,171 E 5th Street,apt 2,Brooklyn,NY,11218
8029237,THE STONE GROUP US INC.,2026-09-23,DOMESTIC BUSINESS CORPORATION,Orange,New York,The Stone Group US Inc.,187 County Route 105,,Highland Mills,NY,10930
8029238,JP TAX ADVOCATES LLC,2026-09-23,DOMESTIC LIMITED LIABILITY COMPANY,Westchester,New York,JP TAX ADVOCATES LLC,"2005 Palmer Ave, #1131",,Larchmont,NY,10538
8029239,DS CAPITAL SOLUTIONS LLC,2026-09-23,DOMESTIC LIMITED LIABILITY COMPANY,Albany,New York,REGISTERED AGENTS INC.,418 BROADWAY,STE R,ALBANY,NY,12207
8029240,PRECLEAN CARE CO. LLC,2026-09-23,DOMESTIC LIMITED LIABILITY COMPANY,Schenectady,New York,PRECLEAN CARE CO. LLC,PO Box 2622,,Glenville,NY,12325
8029241,UNDERSTORY DATA LLC,2026-09-23,DOMESTIC LIMITED LIABILITY COMPANY,Albany,New York,REGISTERED AGENTS INC.,418 BROADWAY,STE R,ALBANY,NY,12207
8029242,AJAX SERVICES INC.,2026-09-23,DOMESTIC BUSINESS CORPORATION,Kings,New York,Jemal Alakhverdov,1159 Brighton Beach Avenue,Apt 5K,Brooklyn,NY,11235
8029243,BOORA TAXI LLC,2026-09-23,DOMESTIC LIMITED LIABILITY COMPANY,Albany,New York,BOORA TAXI LLC,9132 114th Street,,Richmond Hill,NY,11418
8029244,MADDZ CONVENIENCE STORE INC.,2026-09-23,DOMESTIC BUSINESS CORPORATION,Kings,New York,MADDZ CONVENIENCE STORE INC,1335 GATES AVE,,BROOKLYN,NY,11221
8029245,TEAM-UZ LLC,2026-09-23,DOMESTIC LIMITED LIABILITY COMPANY,Albany,New York,REPUBLIC REGISTERED AGENT SERVICES INC.,54 STATE STREET,STE 804,ALBANY,NY,12207
8029246,MAGMAFILMZ LLC,2026-09-23,DOMESTIC LIMITED LIABILITY COMPANY,Queens,New York,MAGMAFILMZ LLC,14615 Brookville Blvd,,Rosedale,NY,11422
8029247,WOLF 77 LLC,2026-09-23,DOMESTIC LIMITED LIABILITY COMPANY,Broome,New York,MUHAMMAD EJAZ,17 MORGAN ST,APT 3R,BINGHAMTON,NY,13901
8029248,SOAR WITH US COLLABORATIVE GROUP LLC,2026-09-23,DOMESTIC LIMITED LIABILITY COMPANY,Albany,New York,REGISTERED AGENTS INC.,418 BROADWAY,STE R,ALBANY,NY,12207
8029249,H & J AUTO RENTAL LLC,2026-09-23,DOMESTIC LIMITED LIABILITY COMPANY,Kings,New York,Jonathan Cedillo,533 46th st,,Brooklyn,NY,11220
8029250,TATTOO FRENZY ART LLC,2026-09-23,DOMESTIC LIMITED LIABILITY COMPANY,Suffolk,New York,THOMAS BOYLE,8 MONTCLAIR DR,,SELDEN,NY,11784
8029251,STUDIO CAPRA LUNA LLC,2026-09-23,DOMESTIC LIMITED LIABILITY COMPANY,Monroe,New York,ZenBusiness Inc.,41 State Street,Suite 112,Albany,NY,12207
8029252,NORTHSPLINE SOLUTIONS LLC,2026-09-23,DOMESTIC LIMITED LIABILITY COMPANY,New York,New York,NORTHSPLINE SOLUTIONS LLC,228 Park Ave S #933176,,New York,NY,10003
8029253,"ALVERON CAPITAL PARTNERS, INC.",2026-09-23,DOMESTIC BUSINESS CORPORATION,New York,New York,"ALVERON CAPITAL PARTNERS, INC.",One World Trade Center,285 Fulton St,New York,NY,10007
8029254,HONEST TAX & BUSINESS SERVICES LLC,2026-09-23,DOMESTIC LIMITED LIABILITY COMPANY,Kings,New York,DANIEL CASTILLO,65 GRAHAM AVE. RETAIL,,BROOKLYN,NY,11206
8029255,SOLUCIONES UNIVERSALES PARA LATINOS CORP.,2026-09-23,DOMESTIC BUSINESS CORPORATION,Queens,New York,LUIS F AGUILAR ARIAS,4016 81ST ST,,ELMHURST,NY,11373
8029256,STEURRYS CONTRACTING LLC,2026-09-23,DOMESTIC LIMITED LIABILITY COMPANY,Cattaraugus,New York,STEURRYS CONTRACTING LLC,3854 Wing Hollow Rd,,Allegany,NY,14706
8029257,MINDSTROM LLC,2026-09-23,DOMESTIC LIMITED LIABILITY COMPANY,Kings,New York,Abdul Rehman,1514 Albany Ave,,Brooklyn,NY,11210
8029258,STRAUSS LAND HOLDINGS LLC,2026-09-23,DOMESTIC LIMITED LIABILITY COMPANY,New York,New York,MOHAMMAD ASHRAF,230 5TH AVE STE 505,,NEW YORK,NY,10001
8029259,AYLA SOLUTIONS INC.,2026-09-23,DOMESTIC BUSINESS CORPORATION,Richmond,New York,AINAZ ABDYRAKMANOVA,245 MILL RD APT 2R,,STATEN ISLAND,NY,10306
8029260,HP PROPERTY HOLDINGS LLC,2026-09-23,DOMESTIC LIMITED LIABILITY COMPANY,Albany,New York,REGISTERED AGENTS INC.,418 BROADWAY,STE R,ALBANY,NY,12207
8029261,HINOKI JAPANESE NAIL ATELIER INC.,2026-09-23,DOMESTIC BUSINESS CORPORATION,New York,New York,"STEPHEN CHAN, XIUQUN SU",1107 1ST AVE,,NEW YORK,NY,10035
8029262,LVG CAPITAL PARTNERS LLC,2026-09-23,DOMESTIC LIMITED LIABILITY COMPANY,Nassau,New York,LINA CHEN,121 HADDON RD,,New Hyde Park,NY,11040
8029263,COREFOCUS SOLUTIONS INC.,2026-09-23,DOMESTIC BUSINESS CORPORATION,Bronx,New York,MICHAEL KUTI,2928 BOUCK AVE,,BRONX,NY,10469
8029264,A&K GROCERY & DELI CORP.,2026-09-23,DOMESTIC BUSINESS CORPORATION,Westchester,New York,A&K GROCERY & DELI CORP.,624 SOUTH ST,,PEEKSKILL,NY,10566
8029265,THE PIGEON POINT LLC,2026-09-23,DOMESTIC LIMITED LIABILITY COMPANY,Queens,New York,Entity Protect Registered Agent Services LLC,447 Broadway 2nd Fl. - #3000,,New York,NY,10013
8029266,REGENIX VENTURES LLC,2026-09-23,DOMESTIC LIMITED LIABILITY COMPANY,Richmond,New York,Regenix Ventures LLC,222 grasmere drive,,Staten Island,NY,10305
8029267,MELIDA KNIBBS LLC,2026-09-23,DOMESTIC LIMITED LIABILITY COMPANY,Bronx,New York,MELIDA KNIBBS LLC,2915 Bouck Ave,,Bronx,NY,10469
8029268,106 ST MARYS AVE LLC,2026-09-23,DOMESTIC LIMITED LIABILITY COMPANY,Richmond,New York,106 St Marys Ave LLC,374 St Marks PL Apt 7,,Staten Island,NY,10301
8029269,FRIMPONMAA LLC,2026-09-23,DOMESTIC LIMITED LIABILITY COMPANY,Bronx,New York,SIBIL OWUSU,800 EAST 180TH STREET 8M,,BRONX,NY,10460
8029270,HOME ISLAND CONTRACTING LLC,2026-09-23,DOMESTIC LIMITED LIABILITY COMPANY,Suffolk,New York,Kyle Cruz,1070 Middle Country Rd,Suite 7 - 239,Selden,NY,11784
8029271,EZ MOBILE WASH LLC,2026-09-23,DOMESTIC LIMITED LIABILITY COMPANY,New York,New York,ANTHONY SANTIAGO JR,35 MORNINGSIDE AVE,51,NEW YORK,NY,10026
8029272,"AGAMEMNON FILM, LLC",2026-09-23,DOMESTIC LIMITED LIABILITY COMPANY,Kings,New York,Kavi Katyal,"84 N 9th St, Apt 107",,Brooklyn,NY,11249
8029273,DA HING FLOWERS INC.,2026-09-23,DOMESTIC BUSINESS CORPORATION,Kings,New York,Da Hing Flowers Inc.,8421 7th Ave,,Brooklyn,NY,11228
8029274,193-35 MCLAUGHLIN LLC,2026-09-23,DOMESTIC LIMITED LIABILITY COMPANY,Queens,New York,193-35 MCLAUGHLIN LLC,100-26 218TH STREET,,QUEENS VILLAGE,NY,11429
8029275,WITTER ELITE TRUCKING LLC,2026-09-23,DOMESTIC LIMITED LIABILITY COMPANY,Orange,New York,WITTER ELITE TRUCKING LLC,24 Old Anvil Ln,,Middletown,NY,10940
8029276,HALSEY PETROLEUM INC.,2026-09-23,DOMESTIC BUSINESS CORPORATION,Kings,New York,HALSEY PETROLEUM INC.,78-26 270TH STREET,,NEW HYDE PARK,NY,11040
8029277,HILT BAT GRIPS LLC,2026-09-23,DOMESTIC LIMITED LIABILITY COMPANY,Otsego,New York,Hilt Bat Grips LLC,PO Box 1076,,Cooperstown,NY,13326
8029278,AUTUMN LANE LLC,2026-09-23,DOMESTIC LIMITED LIABILITY COMPANY,New York,New York,Autumn Lane LLC,178 Columbus Ave #230042,,New York,NY,10023
8029279,MOONFLOWER & LATHER SOAP COMPANY LLC,2026-09-23,DOMESTIC LIMITED LIABILITY COMPANY,Oswego,New York,Liane Brown,123 Brackett Road,,Hannibal,NY,13074
8029280,BUJAJ LB INCORPORATED,2026-09-23,DOMESTIC BUSINESS CORPORATION,Dutchess,New York,GJELOSH BUJAJ,54 FRENDLY WAY,,STORMVILLE,NY,12582
8029281,ROYALE VP LLC,2026-09-23,DOMESTIC LIMITED LIABILITY COMPANY,Albany,New York,REGISTERED AGENTS INC.,418 BROADWAY,STE R,ALBANY,NY,12207
8029282,IN VIEW STUDIOS LLC,2026-09-23,DOMESTIC LIMITED LIABILITY COMPANY,Albany,New York,REGISTERED AGENTS INC.,418 BROADWAY,STE R,ALBANY,NY,12207
8029283,PRECISIONMED LOGISTICS LLC,2026-09-23,DOMESTIC LIMITED LIABILITY COMPANY,Albany,New York,REGISTERED AGENTS INC.,418 BROADWAY,STE R,ALBANY,NY,12207
8029284,XOSIYAT GLOBAL INC.,2026-09-23,DOMESTIC BUSINESS CORPORATION,Kings,New York,XOSIYAT GLOBAL INC,435 Ocean Parkway,3B,Brooklyn,NY,11218
8029285,LIFEALWAYZ ENTERTAINMENT LLC,2026-09-23,DOMESTIC LIMITED LIABILITY COMPANY,Kings,New York,Charles Olatunji,243 Hull St,Apt 2,Brooklyn,NY,11233
8029286,THOMPSEN HOLDING LLC,2026-09-23,DOMESTIC LIMITED LIABILITY COMPANY,Suffolk,New York,Lauren Thompsen,257 Foster Avenue,,Sayville,NY,11782
8029287,HERCULES MUSIC LLC,2026-09-23,DOMESTIC LIMITED LIABILITY COMPANY,New York,New York,Hercules Music LLC,333 W 39th St,Rm 704,New York,NY,10018
8029288,AD NY MARKETING INC.,2026-09-23,DOMESTIC BUSINESS CORPORATION,Kings,New York,MIRZO ULUGBEK ASTANOV,2000 QUENTIN RD,2E,BROOKLYN,NY,11229
8029289,CLEARLAND LLC,2026-09-23,DOMESTIC LIMITED LIABILITY COMPANY,Oneida,New York,CLEARLAND LLC,1776 Tilden Ave,,New Hartford,NY,13413
8029290,DETAILD LLC,2026-09-23,DOMESTIC LIMITED LIABILITY COMPANY,Nassau,New York,DETAILD LLC,1399 Hempstead Tpke,#1117,Elmont,NY,11003
8029291,JCR UNITWORKS LLC,2026-09-23,DOMESTIC LIMITED LIABILITY COMPANY,Oneida,New York,JCR Unitworks LLC,1709 Genesee St,STE 1,Utica,NY,13501
8029292,VIRGINIA MINI MAR CORP.,2026-09-23,DOMESTIC BUSINESS CORPORATION,Rockland,New York,VIRGINIA MINI MAR CORP.,19 N MAIN ST,,SPRING VALLEY,NY,10977
8029293,"MI PAIS DELI GROCERY 1, LLC",2026-09-23,DOMESTIC LIMITED LIABILITY COMPANY,Nassau,New York,"MI PAIS DELI GROCERY 1, LLC",294 UNIONDALE AVENUE,,UNIONDALE,NY,11553
8029294,GONZALEZ INTEREST GROUP LLC,2026-09-23,DOMESTIC LIMITED LIABILITY COMPANY,Westchester,New York,Gonzalez Interest Group LLC,74 Main St,,Tuckahoe,NY,10707
8029295,"PROJECT TIME MACHINES, LLC",2026-09-23,DOMESTIC LIMITED LIABILITY COMPANY,Nassau,New York,"Project Time Machines, LLC",930-22 Merrick Rd,,Baldwin,NY,11510
8029296,QAB STRATEGIC SERVICES LLC,2026-09-23,DOMESTIC LIMITED LIABILITY COMPANY,Kings,New York,QAB Strategic Services LLC,2935 West 5th Street,Apt 8G,Brooklyn,NY,11224
8029297,SAVIOR TECH LLC,2026-09-23,DOMESTIC LIMITED LIABILITY COMPANY,Monroe,New York,Michael A Vanderlyke,603 Beach Ave,,Rochester,NY,14612
8029298,PRESTIGE MARKETPLACE I INC.,2026-09-23,DOMESTIC BUSINESS CORPORATION,Queens,New York,Prestige Marketplace I Inc,4545 Center Boulevard,,Long Island CIty,NY,11101
8029299,EXCEL MEDICAL TRANSPORTATION CORP.,2026-09-23,DOMESTIC BUSINESS CORPORATION,Westchester,New York,EXCEL MEDICAL TRANSPORTATION CORP,594 PALISADE AVE #2,,YONKERS,NY,10703
8029300,66 LEMONS LLC,2026-09-23,DOMESTIC LIMITED LIABILITY COMPANY,Albany,New York,REGISTERED AGENTS INC.,418 BROADWAY,STE R,ALBANY,NY,12207
8029301,PURE GLOW COSMETICS INC.,2026-09-23,DOMESTIC BUSINESS CORPORATION,Orange,New York,Pure Glow Cosmetics Inc.,1 Kerestier Ct Unit 102,,Monroe,NY,10950
8029302,HUOT PROJECTS LLC,2026-09-23,DOMESTIC LIMITED LIABILITY COMPANY,Kings,New York,Zolaikha Guinan,61 Horatio St,Apt 5A,New York,NY,10014
8029303,5TEN INDUSTRIES LLC,2026-09-23,DOMESTIC LIMITED LIABILITY COMPANY,Richmond,New York,Haris Abdul Wajid,615 Manor Rd,,Staten Island,NY,10314
8029304,RUFUCO LLC,2026-09-23,DOMESTIC LIMITED LIABILITY COMPANY,Broome,New York,RUFUCO LLC,120 Main St,Apt 4,Windsor,NY,13865
8029305,DONAYSON COLLECTION LLC,2026-09-23,DOMESTIC LIMITED LIABILITY COMPANY,Suffolk,New York,DONAYSON MICHEL,512 CYPRESS ST,,NORTH BABYLON,NY,11703
8029306,5KIDS1HUSBAND MEDIA LLC,2026-09-23,DOMESTIC LIMITED LIABILITY COMPANY,Nassau,New York,5 Kids 1 Husband Media LLC,470 east pine st.,,Long Beach,NY,11561
8029307,GARDEN FRESH MAR CORP.,2026-09-23,DOMESTIC BUSINESS CORPORATION,Rockland,New York,GARDEN FRESH MAR CORP.,274 OLD NYACK TURNPIKE,,SPRING VALLEY,NY,10977
8029308,TURNER TECHNOLOGY SUPPLY LLC,2026-09-23,DOMESTIC LIMITED LIABILITY COMPANY,Erie,New York,Aron Turner,64 military rd,Apt 4,Buffalo,NY,14207
8029309,ALI FRESH SUPERMAR CORP.,2026-09-23,DOMESTIC BUSINESS CORPORATION,Rockland,New York,ALI FRESH SUPERMAR CORP.,19 NY-59,,MONSEY,NY,10952
8029310,ET COMMERCE LLC,2026-09-23,DOMESTIC LIMITED LIABILITY COMPANY,Greene,New York,Eamonn Tighe,63 Sutton Pl,,Coxsackie,NY,12051
8029311,EVIDIZE LLC,2026-09-23,DOMESTIC LIMITED LIABILITY COMPANY,Albany,New York,NORTHWEST REGISTERED AGENT LLC,418 BROADWAY,STE N,ALBANY,NY,12207
8029312,FAMOSA MINI MAR CORP.,2026-09-23,DOMESTIC BUSINESS CORPORATION,Westchester,New York,FAMOSA MINI MAR CORP.,94 BEEKMAN AVE,,SLEEPY HOLLOW,NY,10591
8029313,LUMEN BEAUTY SALON AND WELLNESS CORP.,2026-09-23,DOMESTIC BUSINESS CORPORATION,Queens,New York,LUMEN BEAUTY SALON AND WELLNESS CORP.,173-25 JAMAICA AVE,,JAMAICA,NY,11432
8029314,BARBERSHOP D AMIGO LLC,2026-09-23,DOMESTIC LIMITED LIABILITY COMPANY,Nassau,New York,BARBERSHOP D AMIGO LLC,23 S MAIN STREET,UNIT C,FREEPORT,NY,115203621
8029315,"IRON VALLEY AGGREGATES, LLC",2026-09-23,DOMESTIC LIMITED LIABILITY COMPANY,Schoharie,New York,"Iron Valley Aggregates, LLC.",141 Centre Lane,,Schoharie,NY,12157
8029316,JF MASTER CLEANING LLC,2026-09-23,DOMESTIC LIMITED LIABILITY COMPANY,Albany,New York,REGISTERED AGENTS INC.,418 BROADWAY,STE R,ALBANY,NY,12207
8029317,79 DELI AND GRILL CORPORATION,2026-09-23,DOMESTIC BUSINESS CORPORATION,Westchester,New York,INGRID E REYES,79 JACKSON ST,,YONKERS,NY,10701
8029318,MIL HOME SERVICES LLC,2026-09-23,DOMESTIC LIMITED LIABILITY COMPANY,Kings,New York,Esdras Milhomme,54 Bristol St,,Brooklyn,NY,11212
8029319,PICKUP JUNK REMOVAL LLC,2026-09-23,DOMESTIC LIMITED LIABILITY COMPANY,Suffolk,New York,Kevin Samstag,30 Edwards rd,,Mastic Beach,NY,11951
8029320,EVERYTHING LOVELY LLC,2026-09-23,DOMESTIC LIMITED LIABILITY COMPANY,Broome,New York,Lovely Nakashima,9 Grace st,,Binghamton,NY,13905
8029321,"JOSEPH GOHO, LLC",2026-09-23,DOMESTIC LIMITED LIABILITY COMPANY,Cattaraugus,New York,"JOSEPH GOHO, LLC",c/o 317 Wayne Street,,Olean,NY,14760
8029322,"DAO ENTERPRISES, LLC",2026-09-23,DOMESTIC LIMITED LIABILITY COMPANY,Erie,New York,Bryan Cirbus,44 East Avenue,,Springville,NY,14141
8029323,NORTHPOINT FOODSERVICE SOLUTIONS LLC,2026-09-23,DOMESTIC LIMITED LIABILITY COMPANY,Kings,New York,Julio Hincapie,492 gates Ave apt 2F,,Brooklyn,NY,11216
8029324,LATNT L.L.C.,2026-09-23,DOMESTIC LIMITED LIABILITY COMPANY,Saratoga,New York,Ryan Matuszewski,35 Fieldstone Drive,,Gansevoort,NY,12831
8029325,CONVENIENCE 24 CORP.,2026-09-23,DOMESTIC BUSINESS CORPORATION,Kings,New York,Convenience 24 Corp.,1035 Nostrand Avenue,,Brooklyn,NY,11225
8029326,R & R FIRST VENTURE LLC,2026-09-23,DOMESTIC LIMITED LIABILITY COMPANY,Nassau,New York,Reynabeth Zeoli,384 S. Bayview Avenue,,Freeport,NY,11520
8029327,SUGAR MAGNOLIA VENTURES LLC,2026-09-23,DOMESTIC LIMITED LIABILITY COMPANY,Nassau,New York,SUGAR MAGNOLIA VENTURES LLC,100 Harbor Acres Road,,Sands Point,NY,11050
8029328,EIGHTEENHUNDREDTALENT LLC,2026-09-23,DOMESTIC LIMITED LIABILITY COMPANY,New York,New York,EIGHTEENHUNDREDTALENT LLC,228 Park Ave S #236946,,New York,NY,10003
8029329,AVON ASSET MANAGEMENT LLC,2026-09-23,DOMESTIC LIMITED LIABILITY COMPANY,New York,New York,DANIIL PAYZIYEV,842 PARK AVENUE,,NEW YORK,NY,10075
8029330,ROBYN MACY LLC,2026-09-23,DOMESTIC LIMITED LIABILITY COMPANY,Queens,New York,ROBYN MACY,31-35 CRESCENT STREET 3K,,ASTORIA,NY,11106
8029331,PIXELS N GIGGLES PHOTO BOOTH LLC,2026-09-23,DOMESTIC LIMITED LIABILITY COMPANY,Chautauqua,New York,Pixels N Giggles Photo Booth LLC,3465 Charlotte Hill Road,,Sinclarirville,NY,14782
8029332,GRAND PLUS TEAM LLC,2026-09-23,DOMESTIC LIMITED LIABILITY COMPANY,Kings,New York,GRAND PLUS TEAM LLC,4901 14TH AVENUE,APT 1H,BROOKLYN,NY,11219
8029333,BARREL BROS LLC,2026-09-23,DOMESTIC LIMITED LIABILITY COMPANY,Nassau,New York,Registered Agents Inc.,418 Broadway,STE R,Albany,NY,12207
8029334,SOAPBOX CIVIC LLC,2026-09-23,DOMESTIC LIMITED LIABILITY COMPANY,Albany,New York,NORTHWEST REGISTERED AGENT LLC,418 BROADWAY,STE N,ALBANY,NY,12207
8029335,SHEIKH CAPITAL GROUP LLC,2026-09-23,DOMESTIC LIMITED LIABILITY COMPANY,Suffolk,New York,The Latif Law Firm PLLC,595 New Loudon Road,Box 171,Latham,NY,12110
8029336,SANCOFAMILY CORPORATION,2026-09-23,DOMESTIC BUSINESS CORPORATION,New York,New York,Sancofamily Corporation,105 W 55th St,Apt 7A,New York,NY,10019
8029337,ALBUNN GROUP LLC,2026-09-23,DOMESTIC LIMITED LIABILITY COMPANY,Monroe,New York,ALBUNN GROUP LLC,333 EAST AVE,,ROCHESTER,NY,14604
8029338,"SOFIA YANG ART, LLC",2026-09-23,DOMESTIC LIMITED LIABILITY COMPANY,Kings,New York,Sofia Yang,1042 Atlantic Ave,apt 4k,Brooklyn,NY,11238
8029339,DPI EARTHWORKS LLC,2026-09-23,DOMESTIC LIMITED LIABILITY COMPANY,New York,New York,DPI EARTHWORKS LLC,228 Park Ave S #339724,,New York,NY,10003
8029340,JOYCHOU INNOVATIONS INC.,2026-09-23,DOMESTIC BUSINESS CORPORATION,New York,New York,JOYCHOU INNOVATIONS INC.,309 KOSCIUSZKO STREET,SUITE 09,Brooklyn,NY,11221
8029341,J&R GLOBAL HOLDINGS LLC,2026-09-23,DOMESTIC LIMITED LIABILITY COMPANY,Suffolk,New York,JOAN W REYNOSO,169 COMMACK RD,1043,COMMACK,NY,11725
8029342,FOLD & SPREAD LLC,2026-09-23,DOMESTIC LIMITED LIABILITY COMPANY,Albany,New York,NORTHWEST REGISTERED AGENT LLC,418 BROADWAY,STE N,ALBANY,NY,12207
8029343,RUMMAN & OLIVE LLC,2026-09-23,DOMESTIC LIMITED LIABILITY COMPANY,Onondaga,New York,RUMMAN & OLIVE LLC,509 Delmar Pl,,Syracuse,NY,13208
8029344,ZAMBRANO HOLDING LLC,2026-09-23,DOMESTIC LIMITED LIABILITY COMPANY,Suffolk,New York,Marlon Zambrano Suarez,8 Bralo Ct,,Kings Park,NY,11754
8029345,POHLAR SOLUTIONS LLC,2026-09-23,DOMESTIC LIMITED LIABILITY COMPANY,New York,New York,POHLAR SOLUTIONS LLC,25 Water St Apt 2322,,New York,NY,10004
8029346,SYNTRIX SYSTEMS INC.,2026-09-23,DOMESTIC BUSINESS CORPORATION,Bronx,New York,Syntrix Systems Inc.,180 Brook Ave Apt 2B,,Bronx,NY,10454
8029347,FENGXIAN TRADING INC.,2026-09-23,DOMESTIC BUSINESS CORPORATION,Kings,New York,FENGXIAN YANG,6124 18TH AVE,,BROOKLYN,NY,11204
8029348,NEHEMIAH 10 CORP.,2026-09-23,DOMESTIC BUSINESS CORPORATION,Westchester,New York,NEHEMIAH 10 CORP.,568 Guard Hill Rd,,Bedford,NY,10506
8029349,FIRST MILE FREIGHT LLC,2026-09-23,DOMESTIC LIMITED LIABILITY COMPANY,Suffolk,New York,FIRST MILE FREIGHT LLC,1584 Yarrow Cir,,Bellport,NY,11713
8029350,CZTTY LLC,2026-09-23,DOMESTIC LIMITED LIABILITY COMPANY,Suffolk,New York,CZTTY LLC,10 Huron Rd,,Shirley,NY,11967
8029351,FENGXIAN CONSTRUCTION INC.,2026-09-23,DOMESTIC BUSINESS CORPORATION,Kings,New York,FENGXIAN YANG,6124 18TH AVE,,BROOKLYN,NY,11204
8029352,MONAYE LLC,2026-09-23,DOMESTIC LIMITED LIABILITY COMPANY,Monroe,New York,KashMonay Holleh,2390 highland ave,Upstairs,Rochester,NY,14610
8029353,MOYE SOUNIOU YEUF LLC,2026-09-23,DOMESTIC LIMITED LIABILITY COMPANY,New York,New York,ASS WADE,346 MALCOM X BLVD,APT 5B,NEW YORK,NY,10027
8029354,MIOQ INC.,2026-09-23,DOMESTIC BUSINESS CORPORATION,Nassau,New York,MIOQ INC.,91 Old Mill Road,,Great Neck,NY,11023
8029355,LADY B & MASTER C LEGACY LLC,2026-09-23,DOMESTIC LIMITED LIABILITY COMPANY,Albany,New York,NORTHWEST REGISTERED AGENT LLC,418 BROADWAY,STE N,ALBANY,NY,12207
8029356,FUTURE STIMULI LLC,2026-09-23,DOMESTIC LIMITED LIABILITY COMPANY,Nassau,New York,Julia LaFleur,50 Heatherfield Road,,Valley Stream,NY,11581
8029357,MY REMOTE CONTROLLER LLC,2026-09-23,DOMESTIC LIMITED LIABILITY COMPANY,Albany,New York,NORTHWEST REGISTERED AGENT LLC,418 BROADWAY,STE N,ALBANY,NY,12207
8029358,AURA INTELLIGENCE LLC,2026-09-23,DOMESTIC LIMITED LIABILITY COMPANY,Albany,New York,AURA INTELLIGENCE LLC,418 Broadway,STE R,Albany,NY,12207
8029359,NEXISE PRINT FACTORY LLC,2026-09-23,DOMESTIC LIMITED LIABILITY COMPANY,Nassau,New York,"LEGALCORP SOLUTIONS, LLC",11 BROADWAY,SUITE 615,NEW YORK CITY,NY,10004
8029360,EAST RIVER IT LLC,2026-09-23,DOMESTIC LIMITED LIABILITY COMPANY,Queens,New York,EAST RIVER IT LLC,3343 Crescent St Apt 2J,,Astoria,NY,11106
8029361,BLACKROCK7 CORP.,2026-09-23,DOMESTIC BUSINESS CORPORATION,Kings,New York,Giorgi Chagelishvili,2769 East 15th street Apt 2F,,Brooklyn,NY,11235
8029362,MONTAGE GROUP LLC,2026-09-23,DOMESTIC LIMITED LIABILITY COMPANY,Albany,New York,REGISTERED AGENTS INC.,418 BROADWAY,STE R,ALBANY,NY,12207
8029363,ABBOTT FAMILY CAPITAL LLC,2026-09-23,DOMESTIC LIMITED LIABILITY COMPANY,New York,New York,Michael Abbott,17 East 80th Street,PH,New York,NY,10075
8029364,UNIVERSAL INVESTIGATION AND INFORMATION SERVICES LLC,2026-09-23,DOMESTIC LIMITED LIABILITY COMPANY,Albany,New York,NORTHWEST REGISTERED AGENT LLC,418 BROADWAY,STE N,ALBANY,NY,12207
8029365,"BURN PILATES & BARRE, LLC",2026-09-23,DOMESTIC LIMITED LIABILITY COMPANY,Suffolk,New York,Gabriella M Lorenzo,15 Adams Street W,,East Islip,NY,11730
8029366,MCWESTLING LLC,2026-09-23,DOMESTIC LIMITED LIABILITY COMPANY,Kings,New York,MCWESTLING LLC,506 Washington Ave Apt 602,,Brooklyn,NY,11238
8029367,TRIMED DME CORP.,2026-09-23,DOMESTIC BUSINESS CORPORATION,New York,New York,Trimed Dme Corp.,2480-2496 Grand Concourse,,Bronx,NY,10458
8029368,CITIR HOLISTIC LIIVING LLC,2026-09-23,DOMESTIC LIMITED LIABILITY COMPANY,Kings,New York,Salihe citiroglu,2425 Kings Hwy,A8,Brooklyn,NY,11229
8029369,LANGTOUSHAN HOLDINGS LLC,2026-09-23,DOMESTIC LIMITED LIABILITY COMPANY,Kings,New York,Jinhui Wu,4821 91st Ave SE,,Mercer Island,WA,98040
8029370,NH MULTISERVICE SOLUTIONS LLC,2026-09-23,DOMESTIC LIMITED LIABILITY COMPANY,Suffolk,New York,NAGELLY L. HIDALGO,101 MILLER AVE,,CENTRAL ISLIP,NY,11722
8029371,AD AVENUE LLC,2026-09-23,DOMESTIC LIMITED LIABILITY COMPANY,Richmond,New York,AD AVENUE LLC,74 Grand Ave,,Staten Island,NY,10301
8029427,"EMPIRE TERMINAL PARTNERS, LLC",2026-09-23,FOREIGN LIMITED LIABILITY COMPANY,Suffolk,Delaware,"EMPIRE TERMINAL PARTNERS, LLC",336 s service road,,MELVILLE,NY,11747
8029430,CLUCK-F-LUCK LIMITED LIABILITY COMPANY,2026-09-23,DOMESTIC LIMITED LIABILITY COMPANY,New York,New York,c/o envoy theatricals,246 w. 44th street 8th floor,Attn: daniel neale,NEW YORK,NY,10036
8029431,"OAKTREE EDL SAPLING FUND GP, L.P.",2026-09-23,FOREIGN LIMITED PARTNERSHIP,Albany,New York,CORPORATION SERVICE COMPANY,80 STATE STREET,,ALBANY,NY,122072543
8029433,BMJARV LLC,2026-09-23,FOREIGN LIMITED LIABILITY COMPANY,Rockland,Pennsylvania,BMJARV LLC,230 e comly st,,PHILADELPHIA,PA,19120
8029437,"OAKTREE AURORA GP, L.P.",2026-09-23,FOREIGN LIMITED PARTNERSHIP,Albany,New York,CORPORATION SERVICE COMPANY,80 STATE STREET,,ALBANY,NY,122072543
8029438,"OAKTREE WAVE HILL HOLDINGS GP, L.P.",2026-09-23,FOREIGN LIMITED PARTNERSHIP,Albany,Delaware,CORPORATION SERVICE COMPANY,80 STATE STREET,,ALBANY,NY,122072543
8029443,GOLDENBERG LLP,2026-09-23,DOMESTIC REGISTERED LIMITED LIABILITY PARTNERSHIP,,New York,GOLDENBERG LLP,"85 broad street, 18th floor",,NEW YORK,NY,10004
8029458,"AKIVA TOLCHIN, LMFT, PLLC",2026-09-23,DOMESTIC PROFESSIONAL SERVICE LIMITED LIABILITY COMPANY,Albany,New York,"AKIVA TOLCHIN, LMFT, PLLC",288 briarcliffe road,,TEANECK,NJ,07666
8029484,85 HARBOR ROAD LLC,2026-09-23,DOMESTIC LIMITED LIABILITY COMPANY,Nassau,New York,philip j. michaels,c/o norton rose fulbright us llp,1301 avenue of the americas,NEW YORK,NY,10019
8029487,THE ELYSIAN FOUNDATION INC.,2026-09-23,DOMESTIC NOT-FOR-PROFIT CORPORATION,Kings,New York,THE ELYSIAN FOUNDATION INC.,66 marlborough road,,BROOKLYN,NY,11226
8029492,MOTHER'S TOUCH FOUNDATION INC.,2026-09-23,DOMESTIC NOT-FOR-PROFIT CORPORATION,New York,New York,MOTHER'S TOUCH FOUNDATION INC.,228 park ave s #584652,,NEW YORK,NY,10003
8029496,DOMI LIC PROCO LLC,2026-09-23,FOREIGN LIMITED LIABILITY COMPANY,New York,Delaware,CORPORATION SERVICE COMPANY,80 STATE STREET,,ALBANY,NY,122072543
8029527,FORWARD PRIORITIES PROJECT,2026-09-23,FOREIGN NOT-FOR-PROFIT CORPORATION,Erie,District of Columbia,TELOS LEGAL CORP.,"5500 MAIN ST., STE 345",,WILLIAMSVILLE,NY,14221
8029537,MITCHELL SCHMARGON NP IN FAMILY HEALTH P.C.,2026-09-23,DOMESTIC PROFESSIONAL SERVICE CORPORATION,Kings,New York,mitchell schmargon,3714 laurel avenue,,BROOKLYN,NY,11224
8029558,"RHONE APPAREL, INC.",2026-09-23,FOREIGN BUSINESS CORPORATION,Albany,Delaware,CORPORATION SERVICE COMPANY,80 STATE STREET,,ALBANY,NY,122072543
8029589,"CODOXO, INC.",2026-09-23,FOREIGN BUSINESS CORPORATION,New York,Delaware,C/O CORPORATION SERVICE COMPANY,80 STATE STREET,,ALBANY,NY,122072543
8029629,NO CHILD COATLESS INC.,2026-09-23,DOMESTIC NOT-FOR-PROFIT CORPORATION,Queens,New York,NO CHILD COATLESS INC.,15628 89th street,,HOWARD BEACH,NY,11414
8029636,"DQOP NY, LLC",2026-09-23,DOMESTIC LIMITED LIABILITY COMPANY,Albany,New York,c/o REGISTERED AGENTS INC.,418 BROADWAY STE R,,ALBANY,NY,12207
8029643,OTH PAYROLL SERVICES LLC,2026-09-23,FOREIGN LIMITED LIABILITY COMPANY,Broome,Virginia,CORPORATION SERVICE COMPANY,80 STATE STREET,,ALBANY,NY,122072543
8029666,"FIG MANAGEMENT SERVICES, LLC",2026-09-23,FOREIGN LIMITED LIABILITY COMPANY,New York,Delaware,"FIG MANAGEMENT SERVICES, LLC","551 madison ave, 10th floor",,NEW YORK,NY,10022
8029706,"VK 88 ARKAY, LLC",2026-09-23,FOREIGN LIMITED LIABILITY COMPANY,Albany,Delaware,CORPORATION SERVICE COMPANY,80 STATE STREET,,ALBANY,NY,122072543
8029725,ISRAEL KOHN LCSW P.C.,2026-09-23,DOMESTIC PROFESSIONAL SERVICE CORPORATION,Kings,New York,ISRAEL KOHN LCSW P.C.,91 franklin ave,,BROOKLYN,NY,11205
8029728,"GOODWILL NORTHEAST CIRCULARITY COLLECTIVE, LLC",2026-09-23,DOMESTIC LIMITED LIABILITY COMPANY,Monroe,New York,"GOODWILL NORTHEAST CIRCULARITY COLLECTIVE, LLC",422 s clinton avenue,,ROCHESTER,NY,14620
8029730,"HI AUTO, INC.",2026-09-23,FOREIGN BUSINESS CORPORATION,Rockland,Delaware,"VCORP AGENT SERVICES, INC.",25 ROBERT PITT DR / SUITE 204,,MONSEY,NY,10952
8029745,GALINA PODLUZSKAYA NURSE PRACTITIONER IN PSYCHIATRY P.C.,2026-09-23,DOMESTIC PROFESSIONAL SERVICE CORPORATION,Schoharie,New York,GALINA PODLUZSKAYA NURSE PRACTITIONER IN PSYCHIATRY P.C.,8 wren ln,,NEW CITY,NY,10956
8029780,AL SIGL REALTY LLC NUMBER TWO,2026-09-23,FOREIGN LIMITED LIABILITY COMPANY,Monroe,Delaware,AL SIGL REALTY LLC NUMBER TWO,"1000 elmwood avenue,",suite 300,ROCHESTER,NY,14620
8029781,HOHM NY,2026-09-23,FOREIGN BUSINESS CORPORATION,New York,Alabama,REGISTERED AGENTS INC.,418 BROADWAY STE R,,ALBANY,NY,12207
8029784,AL SIGL REALTY LLC NUMBER ONE,2026-09-23,FOREIGN LIMITED LIABILITY COMPANY,Monroe,Delaware,AL SIGL REALTY LLC NUMBER ONE,"1000 elmwood avenue,",suite 300,ROCHESTER,NY,14620
8029794,GHW GROUP INC.,2026-09-23,FOREIGN BUSINESS CORPORATION,Albany,Illinois,REPUBLIC REGISTERED AGENT SERVICES INC.,54 STATE STREET,STE 804,ALBANY,NY,12207
8029799,WILD DANDELION WELLNESS LCSW P.C.,2026-09-23,DOMESTIC PROFESSIONAL SERVICE CORPORATION,Dutchess,New York,WILD DANDELION WELLNESS LCSW P.C.,51124 annie ave.,,PLEASANT VALLEY,NY,12569
8029823,D&D PREMIUM CLEANING LLC,2026-09-23,FOREIGN LIMITED LIABILITY COMPANY,Westchester,Connecticut,D&D PREMIUM CLEANING LLC,12 glendale dr,,DANBURY,CT,06811
8029829,"BUOYANT MEDICAL NY, P.C.",2026-09-23,DOMESTIC PROFESSIONAL SERVICE CORPORATION,Albany,New York,"DELANEY CORPORATE SERVICES, LTD.","99 WASHINGTON AVENUE, SUITE 805A",,ALBANY,NY,12210
8029835,"CENTRAL PARK PLAY THERAPY, LCSW PLLC",2026-09-23,DOMESTIC PROFESSIONAL SERVICE LIMITED LIABILITY COMPANY,New York,New York,"CENTRAL PARK PLAY THERAPY, LCSW PLLC",295 central park west,,NEW YORK,NY,10024
8029842,MKBB HOSPITALITY GROUP INC.,2026-09-23,DOMESTIC BUSINESS CORPORATION,Nassau,New York,MKBB HOSPITALITY GROUP INC.,2405 MERRICK ROAD,,BELLMORE,NY,11710
8029853,"VK 205 MARCUS, LLC",2026-09-23,FOREIGN LIMITED LIABILITY COMPANY,Albany,Delaware,CORPORATION SERVICE COMPANY,80 STATE STREET,,ALBANY,NY,122072543
8029861,ELLIEMD LLC,2026-09-23,FOREIGN LIMITED LIABILITY COMPANY,Albany,Delaware,REGISTERED AGENTS INC.,418 BROADWAY STE R,,ALBANY,NY,12207
8029891,MEGA RENOVATION CORP.,2026-09-23,DOMESTIC BUSINESS CORPORATION,Kings,New York,MEGA RENOVATION CORP.,418 evergreen avenue 2nd floor,,BROOKLYN,NY,11221
8029895,62 ORCHARD PLACE LLC,2026-09-23,DOMESTIC LIMITED LIABILITY COMPANY,Albany,New York,62 ORCHARD PLACE LLC,151 brandon terrace,,ALBANY,NY,12203
8029900,"WILSON'S LEGACY ANIMAL PROTECTION AND ADVOCACY, INC.",2026-09-23,DOMESTIC NOT-FOR-PROFIT CORPORATION,Westchester,New York,"WILSON'S LEGACY ANIMAL PROTECTION AND ADVOCACY, INC.",p.o. box 623,,GLENS FALLS,NY,12801
8029929,POOJA DENTISTRY P.C.,2026-09-23,DOMESTIC PROFESSIONAL SERVICE CORPORATION,Suffolk,New York,pooja lineswala,85 fern lineswala,,FARMINGVILLE,NY,11738
8029935,"THE PUBLISHING TRIANGLE ASSOCIATION FOR LITERARY EDUCATION, INC.",2026-09-23,DOMESTIC NOT-FOR-PROFIT CORPORATION,New York,New York,"THE PUBLISHING TRIANGLE ASSOCIATION FOR LITERARY EDUCATION, INC.","511 avenue of the americas, #d36",,NEW YORK,NY,10011
8029951,"OCULIS US, INC.",2026-09-23,FOREIGN BUSINESS CORPORATION,New York,Delaware,COGENCY GLOBAL INC.,122 EAST 42ND STREET,18TH FLOOR,NEW YORK,NY,10168
8029963,"CLARITY AND LEGACY FINANCIAL PARTNERS, LLC",2026-09-23,DOMESTIC LIMITED LIABILITY COMPANY,Westchester,New York,"CLARITY AND LEGACY FINANCIAL PARTNERS, LLC",attn: Roseanne nagle,10 shady ln,RIDGEFIELD,CT,06877
8029983,EMA CONCIERGE LLC,2026-09-23,DOMESTIC LIMITED LIABILITY COMPANY,Westchester,New York,c/o EMA CONCIERGE LLC,38 carthage road,,SCARSDALE,NY,105837009
8029998,JOY MISSIONS INC.,2026-09-23,DOMESTIC NOT-FOR-PROFIT CORPORATION,Westchester,New York,elton paul,8 old croton falls rd,,SOMERS,NY,10589
8030069,TWO RIVERS LEGAL PLLC,2026-09-23,DOMESTIC PROFESSIONAL SERVICE LIMITED LIABILITY COMPANY,New York,New York,TWO RIVERS LEGAL PLLC,"300 east 77th st,",apt 5-c,NEW YORK,NY,10075
8030079,ITUS - IVORIAN TALENTS IN THE US INC.,2026-09-23,DOMESTIC NOT-FOR-PROFIT CORPORATION,Bronx,New York,ITUS - IVORIAN TALENTS IN THE US INC.,2416 maclay ave apt 2,,BRONX,NY,10461
8030086,8 EAST 30TH STREET MEMBERS LLC,2026-09-23,FOREIGN LIMITED LIABILITY COMPANY,Albany,Delaware,c/o the llc,227 sea breeze avenue,"suite c-403, floor 4",BROOKLYN,NY,11224
8030090,MAGRO ARRIETA LLC,2026-09-23,DOMESTIC LIMITED LIABILITY COMPANY,Essex,New York,MAGRO ARRIETA LLC,151 RIVER STREET,,SARANAC LAKE,NY,12983
8030098,ROVER HOLDINGS US LLC,2026-09-23,FOREIGN LIMITED LIABILITY COMPANY,New York,Delaware,C T CORPORATION SYSTEM,28 LIBERTY STREET,,NEW YORK,NY,10005
8030128,"BUTTERCUP PRODUCTIONS, INC.",2026-09-23,FOREIGN BUSINESS CORPORATION,New York,California,bell & company cpas pc,"122 e 42nd st, 31 flr",,NEW YORK,NY,10168
8030129,SUNDIAL PRODUCT INC.,2026-09-23,FOREIGN BUSINESS CORPORATION,New York,Delaware,C/O CORPORATION SERVICE COMPANY,80 STATE STREET,,ALBANY,NY,122072543
8030139,SAVANNAH GA MEZZ MEMBER LLC,2026-09-23,FOREIGN LIMITED LIABILITY COMPANY,Rockland,Delaware,"c/o VCORP AGENT SERVICES, INC.","25 ROBERT PITT DR., SUITE 204",,MONSEY,NY,10952
8030141,YOUNG GOOSE LLC,2026-09-23,FOREIGN LIMITED LIABILITY COMPANY,New York,Florida,YOUNG GOOSE LLC,"7901 4TH ST. N, STE. 300",,ST. PETERSBURG,FL,33702
8030160,"SANDRA FARBER LICENSED PSYCHOANALYST, PLLC",2026-09-23,DOMESTIC PROFESSIONAL SERVICE LIMITED LIABILITY COMPANY,New York,New York,"SANDRA FARBER LICENSED PSYCHOANALYST, PLLC","340 riverside drive,",apt 14c,NEW YORK,NY,100253440
8030185,HAPPY 2222 CHURCH AVE DE LLC,2026-09-23,FOREIGN LIMITED LIABILITY COMPANY,Kings,Delaware,HAPPY 2222 CHURCH AVE DE LLC,po box 250016,,BROOKLYN,NY,11225
8030192,"PROJECT ALTITUDE, INC.",2026-09-23,FOREIGN BUSINESS CORPORATION,New York,Delaware,C/O CORPORATION SERVICE COMPANY,80 STATE STREET,,ALBANY,NY,122072543
8030434,ZDJ HUDSON YARDS LLC,2026-09-23,FOREIGN LIMITED LIABILITY COMPANY,Nassau,Delaware,ZDJ HUDSON YARDS LLC,"60 cuttermill rd,",suite 405,great neck,NY,11201
8030437,BETHEA WELLNESS MENTAL HEALTH COUNSELING PLLC,2026-09-23,DOMESTIC PROFESSIONAL SERVICE LIMITED LIABILITY COMPANY,Albany,New York,NORTHWEST REGISTERED AGENT LLC,"418 BROADWAY, STE N",,ALBANY,NY,12207
8030445,SMS PLASTIC SURGERY PLLC,2026-09-23,DOMESTIC PROFESSIONAL SERVICE LIMITED LIABILITY COMPANY,New York,New York,SMS PLASTIC SURGERY PLLC,418 BROADWAY STE N,,ALBANY,NY,12207
8030452,LOFTED TECHNOLOGIES LLC,2026-09-23,DOMESTIC LIMITED LIABILITY COMPANY,Albany,New York,LOFTED TECHNOLOGIES LLC,18 cleveland street,,ALBANY,NY,12206
8030481,NEW HORIZONS THERAPY LCSW PLLC,2026-09-23,DOMESTIC PROFESSIONAL SERVICE LIMITED LIABILITY COMPANY,Rockland,New York,NEW HORIZONS THERAPY LCSW PLLC,65 WILLIAMS RD,,SPRING VALLEY,NY,10977
8030482,JAMBA JUIICE LLC,2026-09-23,FOREIGN LIMITED LIABILITY COMPANY,Kings,California,C/O CORPORATION SERVICE COMPANY,80 STATE STREET,,ALBANY,NY,122072543
8030484,COOK PROPERTIES NY MHPS DE LLC,2026-09-23,FOREIGN LIMITED LIABILITY COMPANY,Monroe,Delaware,COOK PROPERTIES NY MHPS DE LLC,"90 airpark dr,",st 400,ROCHESTER,NY,14624
8026969,"HEAVY SUPPLY, CORP.",2026-09-22,DOMESTIC BUSINESS CORPORATION,Bronx,New York,Abduaziz Fattoev,1510 Castle Hill Ave,PMB 1183,Bronx,NY,10462
8026970,ROUGE55 LLC,2026-09-22,DOMESTIC LIMITED LIABILITY COMPANY,Nassau,New York,ROUGE55 LLC,130 Middle Neck Rd,,Great Neck,NY,11021
8026971,YOUANDHOST LLC,2026-09-22,DOMESTIC LIMITED LIABILITY COMPANY,Nassau,New York,YOUANDHOST LLC,88 Arleigh Rd,,Great Neck,NY,11021
8026972,GEORGE'S HOUSE PET CARE LLC,2026-09-22,DOMESTIC LIMITED LIABILITY COMPANY,Nassau,New York,Brittany Butts,342 Boundary Avenue,,Massapequa,NY,11758
8026973,HC RETAIL GROUP INC.,2026-09-22,DOMESTIC BUSINESS CORPORATION,Suffolk,New York,HC Retail Group Inc.,1077 Main Street,,Holbrook,NY,11741
8026974,"BULLS SUPPLY, CORP.",2026-09-22,DOMESTIC BUSINESS CORPORATION,Kings,New York,Maftuna Narzillaeva,238 Wilson Ave,Ste A Unit 3026,Brooklyn,NY,11237
8026975,CROSS BAY DEVELOPMENT COMPANY CORPORATION,2026-09-22,DOMESTIC BUSINESS CORPORATION,Queens,New York,Kimble Cannon,"345 Seventh Avenue, Suite 503",,New York,NY,10001
8026976,HEAVYLANES TRUCKING LLC,2026-09-22,DOMESTIC LIMITED LIABILITY COMPANY,New York,New York,HEAVYLANES TRUCKING LLC,228 Park Ave S #857833,,New York,NY,10003
8026977,CAPSTONE INSTRUCTIVE ADVISORS LLC,2026-09-22,DOMESTIC LIMITED LIABILITY COMPANY,Albany,New York,REGISTERED AGENTS INC.,418 BROADWAY STE R,,ALBANY,NY,12207
8026978,PARLEX LABS LLC,2026-09-22,DOMESTIC LIMITED LIABILITY COMPANY,Albany,New York,NORTHWEST REGISTERED AGENT LLC,418 BROADWAY,STE N,ALBANY,NY,12207
8026979,EAST REPUBLIC HELICOPTERS LLC,2026-09-22,DOMESTIC LIMITED LIABILITY COMPANY,Kings,New York,EAST REPUBLIC HELICOPTERS LLC,1227 E 69th St Apt 3,,Brooklyn,NY,11234
8026980,HAPPY BUTTER BREAD LLC,2026-09-22,DOMESTIC LIMITED LIABILITY COMPANY,Richmond,New York,Happy Butter Bread LLC,238 Willard Ave,,Staten Island,NY,10314
8026981,ZSB ENTERPRISE LLC,2026-09-22,DOMESTIC LIMITED LIABILITY COMPANY,Queens,New York,ZSB ENTERPRISE LLC,14718 5th Ave,,Flushing,NY,11357
8026982,OBSIDIAN VAULT COLLECTIBLES LLC,2026-09-22,DOMESTIC LIMITED LIABILITY COMPANY,Kings,New York,OBSIDIAN VAULT COLLECTIBLES LLC,45 Main St Ste 240 #617901,,Brooklyn,NY,11201
8026983,J3 SOCIAL FORGE INC.,2026-09-22,DOMESTIC BUSINESS CORPORATION,Queens,New York,YAN JIANG,4252 Layton St Apt 5G,,Elmhurst,NY,11373
8026984,KINGS MECHANICAL PLUMBING & HVAC LLC,2026-09-22,DOMESTIC LIMITED LIABILITY COMPANY,Dutchess,New York,David King,213 Overlook Road,,Poughkeepsie,NY,12603
8026985,PACIFIC PRIVATE CAPITAL ADVISORS INC.,2026-09-22,DOMESTIC BUSINESS CORPORATION,New York,New York,ALEXEY YANN RAMANOV RICHARD,244 Madison Avenue Suite 1666,,New York,NY,10016
8026986,ZENLOYA INC.,2026-09-22,DOMESTIC BUSINESS CORPORATION,Albany,New York,JIANYING WENG,418 BROADWAY,STE R,ALBANY,NY,12207
8026987,MEDWRX STAFFING LLC,2026-09-22,DOMESTIC LIMITED LIABILITY COMPANY,Queens,New York,BALRAM RAMASAMI,94-39 PLATTWOOD AVENUE,,OZONE PARK,NY,11417
8026988,AMERICAN EARLY YEARS CORPORATION,2026-09-22,DOMESTIC BUSINESS CORPORATION,New York,New York,American Early Years Corporation,I952 1st Avenue,Apt 12o,New York,NY,10029
8026994,TOP FLOOR DYNASTY LLC,2026-09-22,DOMESTIC LIMITED LIABILITY COMPANY,New York,New York,Babacar Mbaye,767 Broadway,#1375,New York,NY,10003
8026995,COMMONKIND TECHNOLOGIES LLC,2026-09-22,DOMESTIC LIMITED LIABILITY COMPANY,New York,New York,Entity Protect Registered Agent Services LLC,447 Broadway 2nd Fl. - #3000,,New York,NY,10013
8026996,TIA TRACK LLC,2026-09-22,DOMESTIC LIMITED LIABILITY COMPANY,Suffolk,New York,Marc Ragosta,21 Barbera Road,,Commack,NY,117251792
8026998,MOMENTUM SPACE LLC,2026-09-22,DOMESTIC LIMITED LIABILITY COMPANY,Kings,New York,ZENBUSINESS INC.,41 STATE STREET,SUITE 112,ALBANY,NY,12207
8026999,CAREPOINT RCM LTD.,2026-09-22,DOMESTIC BUSINESS CORPORATION,Suffolk,New York,ZAINAB BIN TUL HUDA,10149 BRUCEVILLE RD APT 1079,,ELK GROVE,CA,95757
8027005,AINAK INTERNATIONAL INC.,2026-09-22,DOMESTIC BUSINESS CORPORATION,Queens,New York,KELLY RENNAY ROBERTS,23-02 121st St,,College Point,NY,11356
8027007,CANDIDS AND CUPOLAS LLC,2026-09-22,DOMESTIC LIMITED LIABILITY COMPANY,Saratoga,New York,CANDIDS AND CUPOLAS LLC,25 Old Schuylerville Rd,,Saratoga Springs,NY,12866
8027009,BRENNTAG MID-SOUTH TRADING INC.,2026-09-22,DOMESTIC BUSINESS CORPORATION,Queens,New York,ALEXANDER JESSE MEAKINS,34-25 150th Pl Apt 1g,,Flushing,NY,11354
8027011,BELLA GRACE VISUALS LLC,2026-09-22,DOMESTIC LIMITED LIABILITY COMPANY,Columbia,New York,Isabella Lugo,171 Post Hill Road,,Craryville,NY,12521
8027018,RMASM VENTURES LLC,2026-09-22,DOMESTIC LIMITED LIABILITY COMPANY,Suffolk,New York,Randy Batista,56 Manchester Rd,,Huntington,NY,11743
8027022,"LOUIS PROPERTIES, LLC",2026-09-22,DOMESTIC LIMITED LIABILITY COMPANY,Yates,New York,"LOUIS PROPERTIES, LLC",3541 Hall Rd,,Himrod,NY,14842
8027025,"PATRIOT PREMIER GROUP, LLC",2026-09-22,DOMESTIC LIMITED LIABILITY COMPANY,Nassau,New York,Corey Rosenbloom,695 Merrick Avenue,Apt 336,Westbury,NY,11590
8027026,GIROUX GRP CORP.,2026-09-22,DOMESTIC BUSINESS CORPORATION,Erie,New York,Lynnette Gerow,824 Nicole Ln,,Angola,NY,14006
8027027,GRUENE LLC,2026-09-22,DOMESTIC LIMITED LIABILITY COMPANY,Herkimer,New York,GRUENE LLC,721 E MAIN ST,,LITTLE FALLS,NY,13365
8027028,HOUSE OF INK AND RUIN LLC,2026-09-22,DOMESTIC LIMITED LIABILITY COMPANY,Erie,New York,HOUSE OF INK AND RUIN LLC,253 Abbington Ave,,Buffalo,NY,14223
8027029,ENKAZE CORP.,2026-09-22,DOMESTIC BUSINESS CORPORATION,Kings,New York,ENKAZE CORP.,1643 W 4th Street,Suite 2F,Brooklyn,NY,11223
8027031,8315TRANSITROAD LLC,2026-09-22,DOMESTIC LIMITED LIABILITY COMPANY,Erie,New York,8315TRANSITROAD LLC,PO Box 355,,East Amherst,NY,14051
8027032,HUDSON VALLEY EXPRESS TRANSPORTATION LLC,2026-09-22,DOMESTIC LIMITED LIABILITY COMPANY,Dutchess,New York,HUDSON VALLEY EXPRESS TRANSPORTATION LLC,43 VIOLET AVENUE,,POUGHKEEPSIE,NY,12601
8027034,NORTHCREST TRADING INC.,2026-09-22,DOMESTIC BUSINESS CORPORATION,Erie,New York,NORTHCREST TRADING INC.,4498 Main St Ste 4 #5388,,Amherst,NY,14226
8027035,SEVEN STAR HERITAGE BEVERAGES LLC,2026-09-22,DOMESTIC LIMITED LIABILITY COMPANY,Albany,New York,NORTHWEST REGISTERED AGENT LLC,418 BROADWAY,STE N,ALBANY,NY,12207
8027038,WHAT IF MICRO BAKERY LLC,2026-09-22,DOMESTIC LIMITED LIABILITY COMPANY,Suffolk,New York,WHAT IF MICRO BAKERY LLC,1410 N Ocean Ave,,Medford,NY,11763
8027040,"SADDLE HOUSE MEDIA, LLC",2026-09-22,DOMESTIC LIMITED LIABILITY COMPANY,Suffolk,New York,"Saddle House Media, LLC",2000 Deer Park Ave,,Deer Park,NY,11729
8027041,MANHATTAN CRUISE LINES INC.,2026-09-22,DOMESTIC BUSINESS CORPORATION,New York,New York,Mergen Saryyev,203 West 58th Street,,New York,NY,10019
8027042,JUSTE COMMUNITY DEVELOPMENT LLC,2026-09-22,DOMESTIC LIMITED LIABILITY COMPANY,Rockland,New York,Yolanda Juste,6 Harriet Lane,,New City,NY,10956
8027043,EL FLACO RD HANDS CAR WASH LLC,2026-09-22,DOMESTIC LIMITED LIABILITY COMPANY,Dutchess,New York,Kelvin Manuel Cruz Estevez,86 Rhobella Drive Apt A,,poughkeepsie,NY,12603
8027044,B&F LEGACY CONSULTANTS LLC,2026-09-22,DOMESTIC LIMITED LIABILITY COMPANY,Albany,New York,NORTHWEST REGISTERED AGENT LLC,418 BROADWAY,STE N,ALBANY,NY,12207
8027045,MS4GLAS TRADE : LLC,2026-09-22,DOMESTIC LIMITED LIABILITY COMPANY,New York,New York,Marie-Ange Wany,219 Beverly Rd,,Hempstead,NY,11550
8027047,MELVORO TRADING INC.,2026-09-22,DOMESTIC BUSINESS CORPORATION,Erie,New York,MELVORO TRADING INC.,4498 Main St Ste 4 #5388,,Amherst,NY,14226
8027048,BAYSIDE DIAGNOSTIC LABS LLC,2026-09-22,DOMESTIC LIMITED LIABILITY COMPANY,Nassau,New York,Tajinder Singh,1103 Stewart Ave 2nd Floor,,Garden City,NY,11530
8027050,T&V TRANSPORTATIONS LLC,2026-09-22,DOMESTIC LIMITED LIABILITY COMPANY,Queens,New York,T&V TRANSPORTATIONS LLC,102 30 NICOLLS AVE 2 FLL,,CORONA,NY,11368
8027054,SOPHIA RANDAZZO LLC,2026-09-22,DOMESTIC LIMITED LIABILITY COMPANY,Greene,New York,SOPHIA RANDAZZO LLC,312 TURK HOLLOW ROAD,,FLEISCHMANNS,NY,12430
8027055,CORAM PLAZA LLC,2026-09-22,DOMESTIC LIMITED LIABILITY COMPANY,Suffolk,New York,Coram Plaza LLC,2 Kingston Place,,Huntington Station,NY,11746
8027056,HARRINGTONS TREE REMOVAL AND PROPERTY MAINTENANCE LLC,2026-09-22,DOMESTIC LIMITED LIABILITY COMPANY,Chenango,New York,Dylan M Harrington,132 Log Cabin Lane,,South New Berlin,NY,13843
8027058,EQ 104-09 94TH AVENUE LLC,2026-09-22,DOMESTIC LIMITED LIABILITY COMPANY,Nassau,New York,EQ 104-09 94TH AVENUE LLC,2868 SAINT JOHN ROAD,,OCEANSIDE,NY,11572
8027061,EMANONBLUE LTD.,2026-09-22,DOMESTIC BUSINESS CORPORATION,Suffolk,New York,EMANONBLUE LTD.,500 BI-COUNTY BLVD,SUITE 202N,FARMINGDALE,NY,11735
8027062,MSJANAS LLC,2026-09-22,DOMESTIC LIMITED LIABILITY COMPANY,Suffolk,New York,MSJANAS LLC,223 32ND STREET,,LINDENHURST,NY,11757
8027063,"REFAIRE, INC.",2026-09-22,DOMESTIC BUSINESS CORPORATION,Kings,New York,Laura Schaack,10401 Doering Lane,,Austin,TX,78750
8027064,1304 VESTAL ROAD LLC,2026-09-22,DOMESTIC LIMITED LIABILITY COMPANY,Nassau,New York,1304 VESTAL ROAD LLC,2 MICHAEL ROAD,,SYOSSET,NY,11791
8027067,RMA CONSULTING GROUP LLC,2026-09-22,DOMESTIC LIMITED LIABILITY COMPANY,New York,New York,RMA CONSULTING GROUP LLC,"22 E 41ST STREET, 3RD FLOOR",,NEW YORK,NY,10017
8027070,3333 VETS LLC,2026-09-22,DOMESTIC LIMITED LIABILITY COMPANY,Suffolk,New York,3333 VETS LLC,25 GRUCCI LANE,,BROOKHAVEN,NY,11719
8027071,LUMA'S LEGACY PROPERTY MANAGEMENT LLC,2026-09-22,DOMESTIC LIMITED LIABILITY COMPANY,Montgomery,New York,Nehemie Luma,341 Chapman Drive,,Amsterdam,NY,12010
8027074,"C+M PROCESS SERVICING SOLUTIONS, LLC",2026-09-22,DOMESTIC LIMITED LIABILITY COMPANY,Orange,New York,Natasha C. Coward,334 E Main Street,Ste. 2,Middletown,NY,10940
8027075,ENVIOS LA PERLA ESCONDIDA LLC,2026-09-22,DOMESTIC LIMITED LIABILITY COMPANY,Wayne,New York,ENVIOS LA PERLA ESCONDIDA LLC,6633 N GENEVA RD,,SODUS,NY,14551
8027078,55 PARK AVE LLC,2026-09-22,DOMESTIC LIMITED LIABILITY COMPANY,Westchester,New York,JONATHAN MERHEB,6 TIMBERLANE DRIVE,,KATONAH,NY,10536
8027080,NEST TUTORING LLC,2026-09-22,DOMESTIC LIMITED LIABILITY COMPANY,Westchester,New York,Rebecca Rodriguez,46 Pershing Avenue,,Ossining,NY,10562
8027081,DHAIRE LLC,2026-09-22,DOMESTIC LIMITED LIABILITY COMPANY,New York,New York,Diany Hiraldo,611 academy street apt E9,,New York,NY,10034
8027082,341 LARKFIELD ROAD LLC,2026-09-22,DOMESTIC LIMITED LIABILITY COMPANY,Suffolk,New York,341 LARKFIELD ROAD LLC,434 NEW YORK AVENUE,,HUNTINGTON,NY,11743
8027084,PANCAKES AND PILLOWS LLC,2026-09-22,DOMESTIC LIMITED LIABILITY COMPANY,Albany,New York,PANCAKES AND PILLOWS LLC,9 washington Square,Unit 16,Albany,NY,12205
8027087,MYRTLE TREE LLC,2026-09-22,DOMESTIC LIMITED LIABILITY COMPANY,Essex,New York,MYRTLE TREE LLC,PO Box 1655,,Lake Placid,NY,12946
8027089,BAXTER POND ASSOCIATES 64 LLC,2026-09-22,DOMESTIC LIMITED LIABILITY COMPANY,Queens,New York,BAXTER POND ASSOCIATES 64 LLC,46-02 BROADWAY,,ASTORIA,NY,11103
8027090,BACK OFFICE MANAGEMENT CORPORATION,2026-09-22,DOMESTIC BUSINESS CORPORATION,New York,New York,Leonid Kats,307 Deer Path,,Morganville,NJ,07751
8027092,BEVERLY PARK ASSOCIATES 41 LLC,2026-09-22,DOMESTIC LIMITED LIABILITY COMPANY,Queens,New York,BEVERLY PARK ASSOCIATES 41 LLC,46-02 BROADWAY,,ASTORIA,NY,11103
8027094,"STONE COTTAGE VETERINARY CARE OF NEWBURGH, P.C.",2026-09-22,DOMESTIC PROFESSIONAL SERVICE CORPORATION,Orange,New York,"STONE COTTAGE VETERINARY CARE OF NEWBURGH, P.C.",154 ny-17k,,NEWBURGH,NY,12550
8027095,"COMPASSION VETERINARY CARE OF HIGHLAND, P.C.",2026-09-22,DOMESTIC PROFESSIONAL SERVICE CORPORATION,Ulster,New York,"COMPASSION VETERINARY CARE OF HIGHLAND, P.C.",240 S RIVERSIDE RD.,,HIGHLAND,NY,12528
8027096,RUNWAY RESIDENCES LLC,2026-09-22,DOMESTIC LIMITED LIABILITY COMPANY,Dutchess,New York,RUNWAY RESIDENCES LLC,847 Route 376,,Wappingers Falls,NY,12590
8027097,THE PEOPLE PRACTICE NYC LLC,2026-09-22,DOMESTIC LIMITED LIABILITY COMPANY,Bronx,New York,ZENBUSINESS INC.,41 STATE STREET,SUITE 112,ALBANY,NY,12207
8027099,"JADD HEALTH AND BUSINESS SOLUTIONS, LLC",2026-09-22,DOMESTIC LIMITED LIABILITY COMPANY,Sullivan,New York,"JADD Health and Business Solutions, LLC",41 North Shore Rd,,Rock Hill,NY,12775
8027101,PARTNER UP LLC,2026-09-22,DOMESTIC LIMITED LIABILITY COMPANY,Westchester,New York,NAIM JAMAL,1715 STRAWBERRY ROAD,APARTMENT 2,MOHEGAN LAKE,NY,10547
8027106,GROUNDSWELL PEOPLE PARTNERS LLC,2026-09-22,DOMESTIC LIMITED LIABILITY COMPANY,New York,New York,Magdalena Kozak,169 W 80th Street,2B,New York,NY,10024
8027108,12 NORTH HOUSE LLC,2026-09-22,DOMESTIC LIMITED LIABILITY COMPANY,Queens,New York,12 NORTH HOUSE LLC,16 NORTH DRIVE,,MALBA,NY,11357
8027109,BSA EQUITY PARTNERS LLC,2026-09-22,DOMESTIC LIMITED LIABILITY COMPANY,Kings,New York,BASSAM AMIN,55 83RD ST.,,BROOKLYN,NY,11209
8027110,JOLOCO LLC,2026-09-22,DOMESTIC LIMITED LIABILITY COMPANY,Erie,New York,JoLoCo LLC,554 Girard Ave,,East Aurora,NY,14052
8027111,"AMC REI, LLC",2026-09-22,DOMESTIC LIMITED LIABILITY COMPANY,Nassau,New York,"AMC REI, LLC",22 WILSHIRE LANE,,PLAINVIEW,NY,11803
8027112,AYATS REAL ESTATE LLC,2026-09-22,DOMESTIC LIMITED LIABILITY COMPANY,Richmond,New York,AYATS REAL ESTATE LLC,71 Giffords Lane,,Staten Island,NY,10308
8027113,VIC REMODELING INC.,2026-09-22,DOMESTIC BUSINESS CORPORATION,Monroe,New York,Jeronimo Carlos Villegas,76 HARVEST ST,,ROCHESTER,NY,14605
8027115,134 WYANDANCH LLC,2026-09-22,DOMESTIC LIMITED LIABILITY COMPANY,Suffolk,New York,COGENCY GLOBAL INC.,122 EAST 42ND STREET,18TH FLOOR,NEW YORK,NY,10168
8027117,SHEVA E MAYER LLC,2026-09-22,DOMESTIC LIMITED LIABILITY COMPANY,Rockland,New York,Aron Kleinberger,2038 58th Street,,Brooklyn,NY,11204
8027118,J.V.A. II. DRYWALL INC.,2026-09-22,DOMESTIC BUSINESS CORPORATION,Oswego,New York,KATELYN SHEDD,66 PHYLLIS LANE,,HASTINGS,NY,13076
8027119,FS COMMERCE LLC,2026-09-22,DOMESTIC LIMITED LIABILITY COMPANY,Queens,New York,Md Mamun,111-50 Inwood street,,Jamaica,NY,11435
8027120,EVRAMOS SUPPLY LLC,2026-09-22,DOMESTIC LIMITED LIABILITY COMPANY,Westchester,New York,Elvis Vicente Ramos,22 Grove St,,Port Chester,NY,10573
8027123,REAL REWARDS US LLC,2026-09-22,DOMESTIC LIMITED LIABILITY COMPANY,Albany,New York,Real Rewards US LLC,196 Walworth St #3,,Brooklyn,NY,11205
8027125,"COUNTRY DREAMS CLEANING SERVICE, LLC",2026-09-22,DOMESTIC LIMITED LIABILITY COMPANY,Schoharie,New York,"COUNTRY DREAMS CLEANING SERVICE, LLC",418 State Rt 7,,Richmondville,NY,12149
8027128,FORDHAM MANOR MERCHANT VENTURES LLC,2026-09-22,DOMESTIC LIMITED LIABILITY COMPANY,Albany,New York,FORDHAM MANOR MERCHANT VENTURES LLC,P.O. BOX 1460,,MATTITUCK,NY,11952
8027130,435 WEST 141 BH LLC,2026-09-22,DOMESTIC LIMITED LIABILITY COMPANY,Kings,New York,435 WEST 141 BH LLC,1274 49 ST SUITE 384,,BROOKLYN,NY,11219
8027132,OK SNF INVESTORS LLC,2026-09-22,DOMESTIC LIMITED LIABILITY COMPANY,Kings,New York,OK SNF INVESTORS LLC,1648 61ST ST,,BROOKLYN,NY,11204
8027134,DECKER HAVEN LLC,2026-09-22,DOMESTIC LIMITED LIABILITY COMPANY,Albany,New York,NORTHWEST REGISTERED AGENT LLC,418 BROADWAY,STE N,ALBANY,NY,12207
8027135,BLACKROOTS LAB LLC,2026-09-22,DOMESTIC LIMITED LIABILITY COMPANY,Dutchess,New York,ZENBUSINESS INC.,41 STATE STREET,SUITE 112,ALBANY,NY,12207
8027136,PURSUIT CREATIVE LLC,2026-09-22,DOMESTIC LIMITED LIABILITY COMPANY,Albany,New York,ZENBUSINESS INC.,41 STATE STREET,SUITE 112,ALBANY,NY,12207
8027137,LDM N' SON CORP.,2026-09-22,DOMESTIC BUSINESS CORPORATION,Rockland,New York,Luis D Mazariego,40 Claremont Ln,,Suffern,NY,10901
8027140,TERRAPONT TRADE GROUP LLC,2026-09-22,DOMESTIC LIMITED LIABILITY COMPANY,Albany,New York,NORTHWEST REGISTERED AGENT LLC,418 BROADWAY,STE N,ALBANY,NY,12207
8027143,DCP NETWORK LLC,2026-09-22,DOMESTIC LIMITED LIABILITY COMPANY,Nassau,New York,DCP NETWORK LLC,75 Sealey ave,,Hempstead,NY,11550
8027144,PAINT ME HAPPY LLC,2026-09-22,DOMESTIC LIMITED LIABILITY COMPANY,Suffolk,New York,CHRISTINA BRILLANTE,32 ELIOT DRIVE,,LAKE GROVE,NY,11755
8027145,RUI DA INC.,2026-09-22,DOMESTIC BUSINESS CORPORATION,Queens,New York,RUI DA INC.,17337 EFFINGTON AVE,,FLUSHING,NY,11358
8027147,JUNIOR'S AUTO PROGRAMMING & DIAGNOSTICS LLC,2026-09-22,DOMESTIC LIMITED LIABILITY COMPANY,Bronx,New York,ZENBUSINESS INC.,41 STATE STREET,SUITE 112,ALBANY,NY,12207
8027149,LUTECHNOLOGIES LLC,2026-09-22,DOMESTIC LIMITED LIABILITY COMPANY,Albany,New York,NORTHWEST REGISTERED AGENT LLC,418 BROADWAY,STE N,ALBANY,NY,12207
8027150,ON THE LEVEL CONSULTING & INVESTIGATIONS LLC,2026-09-22,DOMESTIC LIMITED LIABILITY COMPANY,Nassau,New York,ZENBUSINESS INC.,41 STATE STREET,SUITE 112,ALBANY,NY,12207
8027151,TCB MUSIC MEDIA LLC,2026-09-22,DOMESTIC LIMITED LIABILITY COMPANY,New York,New York,Taylor Bennett,65 W 55th St,Apt 6B,New York,NY,10019
8027152,PEREZ PRODUCTION LLC,2026-09-22,DOMESTIC LIMITED LIABILITY COMPANY,Bronx,New York,Yfranlin Perez,2625 Grand Concourse,,Bronx,NY,10468
8027153,"KIAVI FUNDING, LLC",2026-09-22,FOREIGN LIMITED LIABILITY COMPANY,Albany,Delaware,CORPORATION SERVICE COMPANY,80 STATE STREET,,ALBANY,NY,122072543
8027155,MASTER CLASS SERVICES INC.,2026-09-22,DOMESTIC BUSINESS CORPORATION,Kings,New York,Master Class Services Inc.,199 Lee Ave Ste 424,,Brooklyn,NY,11211
8027159,FOUNDATION AXIS LLC,2026-09-22,DOMESTIC LIMITED LIABILITY COMPANY,Albany,New York,NORTHWEST REGISTERED AGENT LLC,418 BROADWAY,STE N,ALBANY,NY,12207
8027161,TOMORROW HOSPITALITY 2 LLC,2026-09-22,DOMESTIC LIMITED LIABILITY COMPANY,New York,New York,Jean Baptiste PAIN,c/o Cinotti LLP,11 Broadway suite 368,New York,NY,10004
8027162,HUNT WATER TESTING AND GEOSPATIAL ANALYTICS LLC,2026-09-22,DOMESTIC LIMITED LIABILITY COMPANY,Ulster,New York,New York Registered Agent LLC:,418 Broadway STE R,,"Albany,",NY,12207
8027165,"OCEAN AUTO REPAIR, INC.",2026-09-22,DOMESTIC BUSINESS CORPORATION,Queens,New York,NAITRAM ARJUNE,101-30 111th Street,,Richmond Hill,NY,11419
8027166,ASHLAND PARTNERS INC.,2026-09-22,DOMESTIC BUSINESS CORPORATION,New York,New York,Abie Abouhamra,72-72 112th St Apt 3T,,Forest Hills,NY,11375
8027169,CHERRY AVENUE OPCO HOLDCO LLC,2026-09-22,DOMESTIC LIMITED LIABILITY COMPANY,Nassau,New York,Gitelis LLP,534 Willow Ave Suite 213,,Cedarhurst,NY,11516
8027170,120 CORPORATE DRIVE LLC,2026-09-22,DOMESTIC LIMITED LIABILITY COMPANY,Suffolk,New York,JOSEPH FERRARA,130 CORPORATE DR,,HOLTSVILLE,NY,11742
8027171,CARVER GLOBAL INC.,2026-09-22,DOMESTIC BUSINESS CORPORATION,New York,New York,Robert Michael Galapo,209 West 38th St Suite 1102,,New York,NY,10018
8027173,CHERRY AVENUE PROPCO HOLDCO LLC,2026-09-22,DOMESTIC LIMITED LIABILITY COMPANY,Nassau,New York,Gitelis LLP,534 Willow Ave,Suite 213,Cedarhurst,NY,11516
8027174,5 HAYWOOD LLC,2026-09-22,DOMESTIC LIMITED LIABILITY COMPANY,Richmond,New York,5 HAYWOOD LLC,5 Haywood Street,,Staten Island,NY,10307
8027175,QQ HVAC SUPPLY CORP.,2026-09-22,DOMESTIC BUSINESS CORPORATION,Queens,New York,QQ HVAC SUPPLY CORP.,132-25 33RD AVE,,FLUSHING,NY,11354
8027176,84 NEWFOUNDLAND AVE LLC,2026-09-22,DOMESTIC LIMITED LIABILITY COMPANY,Suffolk,New York,"REGISTERED AGENT SOLUTIONS, INC.",99 WASHINGTON AVENUE,SUITE 700,ALBANY,NY,12260
8027177,7 DAYS DEAL INC.,2026-09-22,DOMESTIC BUSINESS CORPORATION,Queens,New York,7 Days Deal Inc.,14210 Roosevelt 609,,FLUSHING,NY,11354
8027178,"DTBK CHUN YANG TEA, INC.",2026-09-22,DOMESTIC BUSINESS CORPORATION,Kings,New York,"CHUN YANG TEA NEW YORK, LLC",2211 86TH STREET,STE 2,BROOKLYN,NY,11214
8027179,"AURORA FIBERWORKS, LLC",2026-09-22,DOMESTIC LIMITED LIABILITY COMPANY,Richmond,New York,Frank A. Rufano,16 Shiel Avenue,,Staten Island,NY,103094278
8027181,"ADVANCED LEARNING DAYCARE II, INC.",2026-09-22,DOMESTIC BUSINESS CORPORATION,Bronx,New York,"ADVANCED LEARNING DAYCARE II, INC.",140 Donizetti Place,Apt. 22-A,Bronx,NY,10475
8027182,HDARTMOUTH LLC,2026-09-22,DOMESTIC LIMITED LIABILITY COMPANY,Nassau,New York,HDARTMOUTH LLC,129 DARTMOUTH DR,,HICKSVILLE,NY,11801
8027185,GHS SECURITY LLC,2026-09-22,DOMESTIC LIMITED LIABILITY COMPANY,Orange,New York,GHS SECURITY LLC,212 MINE RD,,Monroe,NY,10950
8027186,CASAS07 LLC,2026-09-22,DOMESTIC LIMITED LIABILITY COMPANY,Nassau,New York,ZENBUSINESS INC.,41 STATE STREET,SUITE 112,ALBANY,NY,12207
8027187,HERDRIVE LLC,2026-09-22,DOMESTIC LIMITED LIABILITY COMPANY,Albany,New York,NORTHWEST REGISTERED AGENT LLC,418 BROADWAY,STE N,ALBANY,NY,12207
8027190,130 CORPORATE DRIVE LLC,2026-09-22,DOMESTIC LIMITED LIABILITY COMPANY,Suffolk,New York,JOSEPH FERRARA,130 CORPORATE DR,,HOLTSVILLE,NY,11742
8027191,YUMMY GYRO WP CORP.,2026-09-22,DOMESTIC BUSINESS CORPORATION,Nassau,New York,YUMMY GYRO WP CORP.,14 STEVENS PL,,HUNTINGTON STATION,NY,11746
8027192,VET RENTALS INC.,2026-09-22,DOMESTIC BUSINESS CORPORATION,Suffolk,New York,VET RENTALS INC.,617 MONTAUK HIGHWAY,,WEST BABYLON,NY,11704
8027193,CJ'S PROPERTY MAINTENANCE OF CNY INC.,2026-09-22,DOMESTIC BUSINESS CORPORATION,Onondaga,New York,CAMERON LATIMER,8057 TRINA CIRCLE,,CLAY,NY,13041
8027197,FEELINE STUDIO LLC,2026-09-22,DOMESTIC LIMITED LIABILITY COMPANY,Albany,New York,NORTHWEST REGISTERED AGENT LLC,418 BROADWAY,STE N,ALBANY,NY,12207
8027199,TALYA PAINTS LLC,2026-09-22,DOMESTIC LIMITED LIABILITY COMPANY,Kings,New York,Talya Whyte,176 Scholes Street,Apt. 4B,Brooklyn,NY,11206
8027201,730 WEST 183RD STREET REALTY LLC,2026-09-22,DOMESTIC LIMITED LIABILITY COMPANY,Westchester,New York,730 WEST 183RD STREET REALTY LLC,PO BOX 338,,PLEASANTVILLE,NY,10570
8027202,ASHRAPHI TRAVEL & DMC LLC,2026-09-22,DOMESTIC LIMITED LIABILITY COMPANY,Albany,New York,NORTHWEST REGISTERED AGENT LLC,418 BROADWAY,STE N,ALBANY,NY,12207
8027203,SPECIAL LIFE SOURCE GROUP LLC,2026-09-22,DOMESTIC LIMITED LIABILITY COMPANY,Queens,New York,Jordan Schloss,13411 160th Street,,Jamaica,NY,11434
8027207,KL SPACE 716 LLC,2026-09-22,DOMESTIC LIMITED LIABILITY COMPANY,Erie,New York,Kenneth Lowe,1669 Clinton St,,Buffalo,NY,14206
8027209,"REVOLUTION SEATING, LLC",2026-09-22,DOMESTIC LIMITED LIABILITY COMPANY,Suffolk,New York,"REVOLUTION SEATING, LLC",166 Laurel Road,,East Northport,NY,11731
8027211,4D ANTS LLC,2026-09-22,DOMESTIC LIMITED LIABILITY COMPANY,Kings,New York,ZENBUSINESS INC.,41 STATE STREET,SUITE 112,ALBANY,NY,12207
8027212,GRIMLANDTCG LLC,2026-09-22,DOMESTIC LIMITED LIABILITY COMPANY,Erie,New York,ZENBUSINESS INC.,41 STATE STREET,SUITE 112,ALBANY,NY,12207
8027213,EXECUTIVE SIGNATURE STAYS LLC,2026-09-22,DOMESTIC LIMITED LIABILITY COMPANY,Albany,New York,REGISTERED AGENTS INC.,418 BROADWAY,STE R,ALBANY,NY,12207
8027214,ANNUVIA INC.,2026-09-22,DOMESTIC BUSINESS CORPORATION,Nassau,New York,ANNUVIA INC.,35 E. VALLEY STREAM BLVD.,,VALLEY STREAM,NY,11580
8027215,ON THE BAY CONVENIENCE INC.,2026-09-22,DOMESTIC BUSINESS CORPORATION,Richmond,New York,THE ORGANIZATION GROUP,509 72BND ST,OFFICE,BROOKLYN,NY,11209
8027216,STYLEHUB CLASSIC INC.,2026-09-22,DOMESTIC BUSINESS CORPORATION,Queens,New York,SHUHUI HUANG,4134 FRAME PL APT 3D,,FLUSHING,NY,11355
8027217,ROHMAN SERVICES INC.,2026-09-22,DOMESTIC BUSINESS CORPORATION,Queens,New York,ROHMAN SERVICES INC.,9039 179TH ST,,JAMAICA,NY,11432
8027218,COTTON LLC,2026-09-22,DOMESTIC LIMITED LIABILITY COMPANY,Albany,New York,NORTHWEST REGISTERED AGENT LLC,418 BROADWAY,STE N,ALBANY,NY,12207
8027219,ELGIR MEDICAL LLC,2026-09-22,DOMESTIC LIMITED LIABILITY COMPANY,Albany,New York,REGISTERED AGENTS INC.,418 BROADWAY,STE R,ALBANY,NY,12207
8027220,KURST LUXE HAIR LLC,2026-09-22,DOMESTIC LIMITED LIABILITY COMPANY,Albany,New York,NORTHWEST REGISTERED AGENT LLC,418 BROADWAY,STE N,ALBANY,NY,12207
8027223,PRECISION 2D VDC CONSULTING LLC,2026-09-22,DOMESTIC LIMITED LIABILITY COMPANY,Bronx,New York,Esmerald Hamzaraj,254E 203 street Apt. 4H,,Bronx,NY,10458
8027224,NORTH SHORE REAL PROPERTY LLC,2026-09-22,DOMESTIC LIMITED LIABILITY COMPANY,Niagara,New York,Maria Villanueva-Lopez,7270 Katie Drive,,North Tonawanda,NY,14120
8027226,WCS PROPERTY VENTURES LLC,2026-09-22,DOMESTIC LIMITED LIABILITY COMPANY,Albany,New York,REGISTERED AGENTS INC.,418 BROADWAY,STE R,ALBANY,NY,12207
8027227,SULIN LLC,2026-09-22,DOMESTIC LIMITED LIABILITY COMPANY,Kings,New York,ZENBUSINESS INC.,41 STATE STREET,SUITE 112,ALBANY,NY,12207
8027228,CHEN CALVA REMODELING & PAINTING INCORPORATED,2026-09-22,DOMESTIC BUSINESS CORPORATION,Orange,New York,CHEN CALVA REMODELING &amp; PAINTING INCORPORATED,67 MONHAGEN AVE,,MIDDLETOWN,NY,10940
8027229,EMPIRE CROWN REALTY LLC,2026-09-22,DOMESTIC LIMITED LIABILITY COMPANY,Albany,New York,NORTHWEST REGISTERED AGENT LLC,418 BROADWAY,STE N,ALBANY,NY,12207
8027230,RICH LIFE PROPERTY GROUP LLC,2026-09-22,DOMESTIC LIMITED LIABILITY COMPANY,Suffolk,New York,Karen Pearse,9 Truxton Road,,Melville,NY,11746
8027233,SACKATOGA STABLE #44 LLC,2026-09-22,DOMESTIC LIMITED LIABILITY COMPANY,Saratoga,New York,Sackatoga Stable #44 LLC,"60 Railroad Place, Suite 101",,Saratoga Springs,NY,12866
8027234,SOUTHERN BRUCKNER LLC,2026-09-22,DOMESTIC LIMITED LIABILITY COMPANY,Nassau,New York,SOUTHERN BRUCKNER LLC,P.O. Box 231291,,Great Neck,NY,11023
8027235,"GOLDEN 98, INC.",2026-09-22,DOMESTIC BUSINESS CORPORATION,Queens,New York,"GOLDEN 98, INC.",141-19 CHERRY AVE,,FLUSHING,NY,11355
8027237,GORMAN REALTY XI LLC,2026-09-22,DOMESTIC LIMITED LIABILITY COMPANY,Suffolk,New York,"Joseph, Terracciano & Lynam, LLP","2 Roosevelt Avenue, Suite 200",,Syosset,NY,11791
8027238,ALPHA LION BUILD AND DESIGN CONSULTING LLC,2026-09-22,DOMESTIC LIMITED LIABILITY COMPANY,Suffolk,New York,ALPHA LION BUILD AND DESIGN CONSULTING LLC,272 Jamaica Avenue,,Medford,NY,11763
8027241,"37 MCALPIN AVE, LLC",2026-09-22,DOMESTIC LIMITED LIABILITY COMPANY,Putnam,New York,"37 McAlpin Ave, LLC",10 McMahon Place,,Mahopac,NY,10541
8027242,K&M TRUCK AND TRAILER REPAIR LLC,2026-09-22,DOMESTIC LIMITED LIABILITY COMPANY,Suffolk,New York,"Joseph, Terracciano & Lynam, LLP","2 Roosevelt Ave., Suite 200",,Syosset,NY,11791
8027243,HOME TEAM VENTURES LLC,2026-09-22,DOMESTIC LIMITED LIABILITY COMPANY,Erie,New York,Stephen Ogden,107 Valley Brook Ln,,East Amherst,NY,14051
8027244,FORRESTER PROPERTIES LLC,2026-09-22,DOMESTIC LIMITED LIABILITY COMPANY,New York,New York,FORRESTER PROPERTIES LLC,"130 W 15th St, Apt 14L",,New York,NY,10011
8027247,"430 HILL STREET, LLC",2026-09-22,DOMESTIC LIMITED LIABILITY COMPANY,Putnam,New York,"430 Hill Street, LLC",10 McMahon Place,,Mahopac,NY,10541
8027248,"ZAREEN'S ROSARIUM, LLC",2026-09-22,DOMESTIC LIMITED LIABILITY COMPANY,Saratoga,New York,"Zareen's Rosarium, LLC",105 A Overlook Pass,,Halfmoon,NY,12065
8027250,"155 SHEAR HILL ROAD, LLC",2026-09-22,DOMESTIC LIMITED LIABILITY COMPANY,Putnam,New York,"155 Shear Hill Road, LLC",10 McMahon Place,,Mahopac,NY,10541
8027252,"21 E BRANCH ROAD, LLC",2026-09-22,DOMESTIC LIMITED LIABILITY COMPANY,Putnam,New York,"21 E Branch Road, LLC",10 McMahon Place,,Mahopac,NY,10541
8027253,25E67TH STREET UP LLC,2026-09-22,DOMESTIC LIMITED LIABILITY COMPANY,Albany,New York,25E67th Street UP LLC,511 6th Ave #7134,,New York,NY,10011
8027255,144-33 225 ST LLC,2026-09-22,DOMESTIC LIMITED LIABILITY COMPANY,Nassau,New York,"JONATHAN J. SOMERSTEIN, ESQ.",199 JERICHO TURNPIKE,SUITE 101,FLORAL PARK,NY,11001
8027257,"31 MCALPIN AVE, LLC",2026-09-22,DOMESTIC LIMITED LIABILITY COMPANY,Putnam,New York,"31 McAlpin Ave, LLC",10 McMahon Place,,Mahopac,NY,10541
8027258,ASMC SERVICES INC.,2026-09-22,DOMESTIC BUSINESS CORPORATION,Nassau,New York,ANA SOFIA MENDOZA CARO,24 S COTTAGE STREET,,VALLEY STREAM,NY,11580
8027259,WARRIOR III REALTY ADVISORS INC.,2026-09-22,DOMESTIC BUSINESS CORPORATION,Westchester,New York,Matthew Cronin,292 KATONAH AVE,STE 837,KATONAH,NY,10536
8027260,PLAAAYGROUND LABS LLC,2026-09-22,DOMESTIC LIMITED LIABILITY COMPANY,Westchester,New York,ZENBUSINESS INC.,41 STATE STREET,SUITE 112,ALBANY,NY,12207
8027261,UNITUP II LLC,2026-09-22,DOMESTIC LIMITED LIABILITY COMPANY,Albany,New York,UnitUp II LLC,511 6th Ave #7134,,New York,NY,10011
8027262,FULL BIRD INC.,2026-09-22,DOMESTIC BUSINESS CORPORATION,Nassau,New York,Kevin Fernandez,182 Forest Drive,,Jericho,NY,11753
8027263,ELLA'S HAIR CARE SUPPLY LLC,2026-09-22,DOMESTIC LIMITED LIABILITY COMPANY,Kings,New York,ELLA'S HAIR CARE SUPPLY LLC,1367 Saint Marks Ave Apt 3C,,Brooklyn,NY,11233
8027264,CONCH MANAGEMENT GROUP LLC,2026-09-22,DOMESTIC LIMITED LIABILITY COMPANY,Onondaga,New York,Conch Management Group LLC,114 Kreischer Rd Ste 6A,,North Syracuse,NY,13212
8027265,DAVYDOV MAXDRIVE LLC,2026-09-22,DOMESTIC LIMITED LIABILITY COMPANY,Queens,New York,ZENBUSINESS INC.,41 STATE STREET,SUITE 112,ALBANY,NY,12207
8027266,ARIES ONLY LLC,2026-09-22,DOMESTIC LIMITED LIABILITY COMPANY,Albany,New York,NORTHWEST REGISTERED AGENT LLC,418 BROADWAY,STE N,ALBANY,NY,12207
8027267,DIS FAMILY LLC,2026-09-22,DOMESTIC LIMITED LIABILITY COMPANY,Albany,New York,DIS FAMILY LLC,118 W 76TH STREET,,NEW YORK,NY,10023
8027268,CONEY SEABREEZE CORP.,2026-09-22,DOMESTIC BUSINESS CORPORATION,Kings,New York,Coney Seabreeze Corp.,1724 Mermaid Avenue,,Brooklyn,NY,11224
8027269,"GOLMAN DEVELOPMENT, LLC",2026-09-22,DOMESTIC LIMITED LIABILITY COMPANY,Westchester,New York,"GOLMAN DEVELOPMENT, LLC",62 HILLBRIGHT TERRACE,,YONKERS,NY,10703
8027272,2324 SKF EV LLC,2026-09-22,DOMESTIC LIMITED LIABILITY COMPANY,Albany,New York,2324 SKF EV LLC,"1144 EVERGREEN AVENUE, SUITE 1",,BRONX,NY,10472
8027273,MELIORUM MISSION CRITICAL LLC,2026-09-22,DOMESTIC LIMITED LIABILITY COMPANY,Ontario,New York,MELIORUM MISSION CRITICAL LLC,"21 Framark Dr., Unit 356",,Victor,NY,14564
8027276,GENERATION II PROPERTIES LLC,2026-09-22,DOMESTIC LIMITED LIABILITY COMPANY,Jefferson,New York,STANLEY TIBBLES,24771 STATE ROUTE 12,,WATERTOWN,NY,13601
8027277,2074 SKF EV LLC,2026-09-22,DOMESTIC LIMITED LIABILITY COMPANY,Albany,New York,2074 SKF EV LLC,"1144 EVERGREEN AVENUE, SUITE 1",,BRONX,NY,10472
8027278,RENOVATE HAPPY INC.,2026-09-22,DOMESTIC BUSINESS CORPORATION,Queens,New York,HONGXING HU,3525 158TH ST,,FLUSHING,NY,11358
8027281,DIDIDI LLC,2026-09-22,DOMESTIC LIMITED LIABILITY COMPANY,Schenectady,New York,FABIO FRANCO,2019 MICHAEL LANE,,SCHENECTADY,NY,12306
8027282,1773 SKF EV LLC,2026-09-22,DOMESTIC LIMITED LIABILITY COMPANY,Albany,New York,1773 SKF EV LLC,"1144 EVERGREEN AVENUE, SUITE 1",,BRONX,NY,10472
8027283,SHANGHAI & SZECHUAN CUISINE INC.,2026-09-22,DOMESTIC BUSINESS CORPORATION,Queens,New York,SHANGHAI & SZECHUAN CUISINE INC.,"136-20 ROOSEVELT AVE, SUITE 219",,FLUSHING,NY,11354
8027285,TRIPLE 333 SAUCES & MORE LLC,2026-09-22,DOMESTIC LIMITED LIABILITY COMPANY,Oswego,New York,TRIPLE 333 SAUCES & MORE LLC,26 Roberts Dr,,Sandy Creek,NY,13145
8027286,ARC GNOMON LLC,2026-09-22,DOMESTIC LIMITED LIABILITY COMPANY,Kings,New York,NORTHWEST REGISTERED AGENT LLC,418 BROADWAY,STE N,ALBANY,NY,12207
8027287,PTM SOLUTIONS INC.,2026-09-22,DOMESTIC BUSINESS CORPORATION,Suffolk,New York,PTM SOLUTIONS INC.,11 grand street,,Smithtown,NY,11787
8027289,171 SKF EV LLC,2026-09-22,DOMESTIC LIMITED LIABILITY COMPANY,Albany,New York,171 SKF EV LLC,"1144 EVERGREEN AVENUE, SUITE 1",,BRONX,NY,10472
8027290,ELEPHANTINE LLC,2026-09-22,DOMESTIC LIMITED LIABILITY COMPANY,Monroe,New York,Northwest Registered Agent LLC,418 Broadway,STE N,Albany,NY,12207
8027291,189 SKF EV LLC,2026-09-22,DOMESTIC LIMITED LIABILITY COMPANY,Albany,New York,189 SKF EV LLC,"1144 EVERGREEN AVENUE, SUITE 1",,BRONX,NY,10472
8027293,FAST MICRO SOLUTIONS CORPORATION,2026-09-22,FOREIGN BUSINESS CORPORATION,New York,New Jersey,CORPORATION SERVICE COMPANY,80 STATE STREET,,ALBANY,NY,122072543
8027295,MONI'S KITCHEN LLC,2026-09-22,DOMESTIC LIMITED LIABILITY COMPANY,Albany,New York,ZENBUSINESS INC.,41 STATE STREET,SUITE 112,ALBANY,NY,12207
8027296,"B & B AUTO SERVICE, INC.",2026-09-22,DOMESTIC BUSINESS CORPORATION,Suffolk,New York,"B & B AUTO SERVICE, INC.",P.O. BOX 651,,MONTAUK,NY,11954
8027297,AUSTRA HOLDINGS LLC,2026-09-22,DOMESTIC LIMITED LIABILITY COMPANY,Orange,New York,AUSTRA HOLDINGS LLC,12 AUSTRA PKWY,UNIT 201,MONROE,NY,10950
8027298,"JA CUSTOM BUILDERS, LLC",2026-09-22,DOMESTIC LIMITED LIABILITY COMPANY,Oneida,New York,"JA CUSTOM BUILDERS, LLC",7859 Brimfield Street,,Clinton,NY,13323
8027302,BLUE SKY BROOKLYN INC.,2026-09-22,DOMESTIC BUSINESS CORPORATION,Kings,New York,BLUE SKY BROOKLYN INC.,3019 Fort Hamilton Pkwy,,Brooklyn,NY,11218
8027303,2 NEW YORK BROTHERS LLC,2026-09-22,DOMESTIC LIMITED LIABILITY COMPANY,Kings,New York,RAMANDEEP SINGH,2423 MERMAID AVENUE,,BROOKLYN,NY,11224
8027304,FEELINGS WORLD LLC,2026-09-22,DOMESTIC LIMITED LIABILITY COMPANY,Kings,New York,FEELINGS WORLD LLC,5120 FT HAMILTON PKWY,,BROOKLYN,NY,11219
8027305,THREE B EXPRESS INC.,2026-09-22,DOMESTIC BUSINESS CORPORATION,Montgomery,New York,VADMATTIE SINGH,18 LINCOLN AVENUE,,AMSTERDAM,NY,12010
8027309,VIDAL RIDESHARE CORP.,2026-09-22,DOMESTIC BUSINESS CORPORATION,Queens,New York,JUAN VIDAL,62-40 WOODHAVEN BLVD,APT 12,REGO PARK,NY,11374
8027310,GALLONFILMS LLC,2026-09-22,DOMESTIC LIMITED LIABILITY COMPANY,Suffolk,New York,"LEGALCORP SOLUTIONS, LLC",11 BROADWAY,SUITE 615,NEW YORK CITY,NY,10004
8027313,"PARK AND PAGE CREATIONS, LLC",2026-09-22,DOMESTIC LIMITED LIABILITY COMPANY,Orange,New York,"PARK AND PAGE CREATIONS, LLC",15 BRIDLE LANE,,CHESTER,NY,10918
8027314,VENTURE MOMENTUM LLC,2026-09-22,DOMESTIC LIMITED LIABILITY COMPANY,Onondaga,New York,OLEKSANDR PERETS,171 LOOKOUT CIR,,SYRACUSE,NY,13209
8027317,DYW PROPERTY MANAGEMENT LLC,2026-09-22,DOMESTIC LIMITED LIABILITY COMPANY,Nassau,New York,THE LIMITED LIABILTY COMPANY,13 PEARCE PLACE,,GREAT NECK,NY,11021
8027318,"NEWMIE AND FRIENDS, LLC",2026-09-22,DOMESTIC LIMITED LIABILITY COMPANY,Albany,New York,Jamel Newerls,40 Mereline Avenue,,Albany,NY,12209
8027319,MOLLY TEA NY 1385 BROADWAY LLC,2026-09-22,DOMESTIC LIMITED LIABILITY COMPANY,New York,New York,REPUBLIC REGISTERED AGENT SERVICES INC.,54 STATE STREET,STE 804,ALBANY,NY,12207
8027321,"OVER HUDSON, LLC",2026-09-22,DOMESTIC LIMITED LIABILITY COMPANY,Westchester,New York,"H.B. WOOLFALK & ASSOCIATES, P.C.",113 WALWORTH AVENUE,,SCARSDALE,NY,10583
8027322,OUTWATER BEER LLC,2026-09-22,DOMESTIC LIMITED LIABILITY COMPANY,New York,New York,Outwater Beer LLC,106 7th Avenue,Apt. 7,New York,NY,10011
8027325,SHARESPARK DIGITAL INC.,2026-09-22,DOMESTIC BUSINESS CORPORATION,Queens,New York,SHARESPARK DIGITAL INC.,20207 109th Avenue,,Saint Albans,NY,11412
8027327,YCC APPARREL INC.,2026-09-22,DOMESTIC BUSINESS CORPORATION,Kings,New York,YCC Apparrel Inc.,1836 83st 2nd Floor,,Brooklyn,NY,11214
8027328,BRIA HARRISON INC.,2026-09-22,DOMESTIC BUSINESS CORPORATION,Westchester,New York,BRIA HARRISON INC.,44 BRUNDIGE DRIVE,,GOLDEN'S BRIDGE,NY,10526
8027329,"DUKE ENERGY PROGRESS, INC.",2026-09-22,DOMESTIC BUSINESS CORPORATION,Kings,New York,Doukerson douze,204 E51st st,Apt 4,Brooklyn,NY,11203
8027332,HEAVEN & HILLS HOLDINGS CORP.,2026-09-22,DOMESTIC BUSINESS CORPORATION,Nassau,New York,HEAVEN &amp; HILLS HOLDINGS CORP.,37 WHEELRIGHT LANE,,LEVITTOWN,NY,11756
8027335,"VD BEAUTY ENTERPRISE, INC.",2026-09-22,DOMESTIC BUSINESS CORPORATION,Queens,New York,Veronica Espinoza,93-04 C 37 Av.,,Jackson Heights,NY,11372
8027336,THE MANSA COURT LLC,2026-09-22,DOMESTIC LIMITED LIABILITY COMPANY,Albany,New York,REPUBLIC REGISTERED AGENT SERVICES INC.,54 STATE STREET,STE 804,ALBANY,NY,12207
8027337,NEXT PARTITIONS INC.,2026-09-22,DOMESTIC BUSINESS CORPORATION,Rockland,New York,Next Partitions Inc.,7 N Madison Ave #128,,Spring Valley,NY,10977
8027338,48 JANE STREET NYC LLC,2026-09-22,DOMESTIC LIMITED LIABILITY COMPANY,New York,New York,pryor cashman llp,7 times square,"attn: barry c. landsman, esq.",NEW YORK,NY,10036
8027339,"STYLIANOU ASB, LLC",2026-09-22,DOMESTIC LIMITED LIABILITY COMPANY,Queens,New York,"STYLIANOU ASB, LLC",146-19 21st Avenue,,Whitestone,NY,11357
8027343,PRIMELINE CONTRACTING LLC,2026-09-22,DOMESTIC LIMITED LIABILITY COMPANY,Queens,New York,ZENBUSINESS INC.,41 STATE STREET,SUITE 112,ALBANY,NY,12207
8027344,BLUE CLOUDS REAL ESTATE GROUP LLC,2026-09-22,DOMESTIC LIMITED LIABILITY COMPANY,Suffolk,New York,Michael Malave,852 South Bay Street,,Lindenhurst,NY,11757
8027346,CONSTANT NETWORK LLC,2026-09-22,DOMESTIC LIMITED LIABILITY COMPANY,Rockland,New York,REGISTERED AGENTS INC.,418 BROADWAY,STE R,ALBANY,NY,12207
8027347,THE QUANTUM FRONT LLC,2026-09-22,DOMESTIC LIMITED LIABILITY COMPANY,New York,New York,REPUBLIC REGISTERED AGENT SERVICES INC.,54 STATE STREET,STE 804,ALBANY,NY,12207
8027348,ARES H LLC,2026-09-22,DOMESTIC LIMITED LIABILITY COMPANY,Kings,New York,ARES H LLC,7602 12TH AVE,,BROOKLYN,NY,11228
8027352,LUXE RESTORE STUDIO LLC,2026-09-22,DOMESTIC LIMITED LIABILITY COMPANY,New York,New York,REPUBLIC REGISTERED AGENT SERVICES INC.,54 STATE STREET,STE 804,ALBANY,NY,12207
8027355,"RIAD PARTNERS, LLC",2026-09-22,DOMESTIC LIMITED LIABILITY COMPANY,Albany,New York,REGISTERED AGENTS INC.,418 BROADWAY,STE R,ALBANY,NY,12207
8027356,1420 NOBLE NY LLC,2026-09-22,DOMESTIC LIMITED LIABILITY COMPANY,Albany,New York,REPUBLIC REGISTERED AGENT SERVICES INC.,54 STATE STREET,STE 804,ALBANY,NY,12207
8027359,7622 3RD AVE LLC,2026-09-22,DOMESTIC LIMITED LIABILITY COMPANY,Albany,New York,7622 3rd Ave LLC,PO Box 10873,,Albany,NY,12201
8027360,SHIVSHAKTI NYC LLC,2026-09-22,DOMESTIC LIMITED LIABILITY COMPANY,Queens,New York,SHIVSHAKTI NYC LLC,"23-15 44th Rd, Apt 62A",,Long Island City,NY,11101
8027361,CROSS ISLAND COMMERCIAL CLEANERS INC.,2026-09-22,DOMESTIC BUSINESS CORPORATION,Suffolk,New York,CROSS ISLAND COMMERCIAL CLEANERS INC.,21 GROVE DRIVE,,MASTIC,NY,11950
8027362,8621 LEFFERTS BLVD LLC,2026-09-22,DOMESTIC LIMITED LIABILITY COMPANY,Queens,New York,Yossi Assayag,193-25 Keno Ave,,Hollis,NY,11423
8027367,MEGA FREIGHT LLC,2026-09-22,DOMESTIC LIMITED LIABILITY COMPANY,Monroe,New York,mohamed eissa,35 east path rise,,West Henrietta,NY,14586
8027368,PORT WATSON REALTY LLC,2026-09-22,DOMESTIC LIMITED LIABILITY COMPANY,Cortland,New York,Michael Mowdy,6 June Run,,Jamesport,NY,11947
8027369,SWIFTEDGE SOLUTIONS LLC,2026-09-22,DOMESTIC LIMITED LIABILITY COMPANY,Kings,New York,SWIFTEDGE SOLUTIONS LLC,340 WEBSTER AVE 1C,,BROOKLYN,NY,11230
8027372,1420 NOBLE BRONX 1 LLC,2026-09-22,DOMESTIC LIMITED LIABILITY COMPANY,Westchester,New York,REPUBLIC REGISTERED AGENT SERVICES INC.,54 STATE STREET,STE 804,ALBANY,NY,12207
8027373,DENRSCH STUDIO LLC,2026-09-22,DOMESTIC LIMITED LIABILITY COMPANY,Albany,New York,NORTHWEST REGISTERED AGENT LLC,418 BROADWAY,STE N,ALBANY,NY,12207
8027374,LIVO HOME CORP.,2026-09-22,DOMESTIC BUSINESS CORPORATION,Monroe,New York,LIVO HOME CORP.,4002 155TH ST FL 3,,FLUSHING,NY,11354
8027375,MI CASERITA MINI MARKET CORP.,2026-09-22,DOMESTIC BUSINESS CORPORATION,Kings,New York,GLADYS CLAUDINA CHANGO TELENCHANA,5613 MYRTLE AVENUE,,RIDGEWOOD,NY,11385
8027376,"REX EVENTS, INC.",2026-09-22,DOMESTIC BUSINESS CORPORATION,New York,New York,REX DUVAL,116 PINEHURST AVENUE,D-10,NEW YORK,NY,10033
8027377,1420 NOBLE BRONX 2 LLC,2026-09-22,DOMESTIC LIMITED LIABILITY COMPANY,New York,New York,REPUBLIC REGISTERED AGENT SERVICES INC.,54 STATE STREET,STE 804,ALBANY,NY,12207
8027379,974 COLUMBIA SMOKE SHOP 1 CORP.,2026-09-22,DOMESTIC BUSINESS CORPORATION,New York,New York,974 COLUMBIA SMOKE SHOP 1 CORP,974 AMSTERDAM AVE,,NEW YORK,NY,10025
8027381,DE HUA TANG LLC,2026-09-22,DOMESTIC LIMITED LIABILITY COMPANY,Queens,New York,De Hua Tang LLC,13668 Roosevelt Ave #4D,,Flushing,NY,11354
8027382,RELIABILITY JUNK HAUL LLC,2026-09-22,DOMESTIC LIMITED LIABILITY COMPANY,Albany,New York,REPUBLIC REGISTERED AGENT SERVICES INC.,54 STATE STREET,STE 804,ALBANY,NY,12207
8027384,YARDLEY CAPITAL LLC,2026-09-22,DOMESTIC LIMITED LIABILITY COMPANY,Suffolk,New York,stephen charles homes inc,68 south service road,suite 100,melville ny,NY,11747
8027385,WOAINI LLC,2026-09-22,DOMESTIC LIMITED LIABILITY COMPANY,Albany,New York,NORTHWEST REGISTERED AGENT LLC,418 BROADWAY,STE N,ALBANY,NY,12207
8027386,PRIMELINE LUXURY LIMO INC.,2026-09-22,DOMESTIC BUSINESS CORPORATION,Queens,New York,PRIMELINE LUXURY LIMO INC.,20207 109th Avenue,,Saint Albans,NY,11412
8027388,MOTHER TONGUE KITCHEN LLC,2026-09-22,DOMESTIC LIMITED LIABILITY COMPANY,Albany,New York,REGISTERED AGENTS INC.,418 BROADWAY,STE R,ALBANY,NY,12207
8027389,"MAKE GOOD TALK, LLC",2026-09-22,DOMESTIC LIMITED LIABILITY COMPANY,Albany,New York,NORTHWEST REGISTERED AGENT LLC,418 BROADWAY,STE N,ALBANY,NY,12207
8027392,PAPERPLAST LLC,2026-09-22,DOMESTIC LIMITED LIABILITY COMPANY,Suffolk,New York,ZENBUSINESS INC.,41 STATE STREET,SUITE 112,ALBANY,NY,12207
8027393,JOLI'S ARTS LLC,2026-09-22,DOMESTIC LIMITED LIABILITY COMPANY,Otsego,New York,Lisa Rodriguez Burns,83 East Street,,Oneonta,NY,138201303
8027394,SUPERK TRADING CORP.,2026-09-22,DOMESTIC BUSINESS CORPORATION,Queens,New York,SuperK Trading Corp.,14425 33rd Ave 3L,,Flushing,NY,11354
8027396,CASUAL LUXURIES WITH A TWIST INC.,2026-09-22,DOMESTIC BUSINESS CORPORATION,Suffolk,New York,CASUAL LUXURIES WITH A TWIST INC.,19 FALCON COURT,,FARMINGVILLE,NY,11738
8027397,VM SERVICES CONTRACTING CORP.,2026-09-22,DOMESTIC BUSINESS CORPORATION,Nassau,New York,VM SERVICES CONTRACTING CORP.,89 LIBERTY AVE,,MINEOLA,NY,11501
8027398,PART ZERO LLC,2026-09-22,DOMESTIC LIMITED LIABILITY COMPANY,Kings,New York,ZENBUSINESS INC.,41 STATE STREET,SUITE 112,ALBANY,NY,12207
8027399,GROUP A LANDSCAPE & DESIGN LLC,2026-09-22,DOMESTIC LIMITED LIABILITY COMPANY,Suffolk,New York,ZENBUSINESS INC.,41 STATE STREET,SUITE 112,ALBANY,NY,12207
8027400,MZ P&C SOLUTIONS LLC,2026-09-22,DOMESTIC LIMITED LIABILITY COMPANY,Albany,New York,Zubair Ahmed,2 Eva Street,,Latham,NY,12110
8027402,SUBIM GLOBAL LLC,2026-09-22,DOMESTIC LIMITED LIABILITY COMPANY,Bronx,New York,Imrane Boubacar nouhou,373 E183rd St,Apt 901,Bronx,NY,10458
8027404,POLLO EL GRANJERO BAR & GRILL CORP.,2026-09-22,DOMESTIC BUSINESS CORPORATION,Putnam,New York,POLLO EL GRANJERO BAR &amp; GRILL CORP.,8 LAKE TRAIL,,CARMEL,NY,10512
8027405,"ORDER OF AHEPA WESTCHESTER CHAPTER NO. 51, INC.",2026-09-22,DOMESTIC NOT-FOR-PROFIT CORPORATION,Westchester,New York,"ORDER OF AHEPA WESTCHESTER CHAPTER NO. 51, INC.",53 apple hill road,,BREWSTER,NY,10509
8027406,54 HARRISON LLC,2026-09-22,DOMESTIC LIMITED LIABILITY COMPANY,Kings,New York,54 Harrison LLC,5813 11 AVE #3,,Brooklyn,NY,11219
8027408,"BONNER CREATIVE MEDIA, LLC",2026-09-22,DOMESTIC LIMITED LIABILITY COMPANY,Kings,New York,"Bonner Creative Media, LLC",697 grand st,Ste 866,Brooklyn,NY,11211
8027409,A1 FLOORING LLC,2026-09-22,DOMESTIC LIMITED LIABILITY COMPANY,Kings,New York,A1 Flooring LLC,83 South 10th Street Unit 3,,Brooklyn,NY,11249
8027416,"STYLIANOU WTA, LLC",2026-09-22,DOMESTIC LIMITED LIABILITY COMPANY,Queens,New York,"STYLIANOU WTA, LLC",146-19 21st Avenue,,Whitestone,NY,11357
8027417,BH 46 CAR LLC,2026-09-22,DOMESTIC LIMITED LIABILITY COMPANY,Nassau,New York,BH 46 CAR LLC,16 Middleneck Road,Suite 565,Great Neck,NY,11021
8027418,FINEXA SERVICES LLC,2026-09-22,DOMESTIC LIMITED LIABILITY COMPANY,Westchester,New York,MARTHA MARIA REYES,53 MCGEORY AVE,,BRONXVILLE,NY,10708
8027420,129 DRAKE AVE LLC,2026-09-22,DOMESTIC LIMITED LIABILITY COMPANY,Kings,New York,Rochester Joseph,1655 Flatbush Ave,B1608,Brooklyn,NY,11210
8027424,ACCELERATED DIGITAL SOLUTIONS LLC,2026-09-22,DOMESTIC LIMITED LIABILITY COMPANY,Orange,New York,Accelerated Digital Solutions LLC,219 Village Drive,,Florida,NY,10921
8027426,TRUEGRID SYSTEMS LLC,2026-09-22,DOMESTIC LIMITED LIABILITY COMPANY,Kings,New York,TRUEGRID SYSTEMS LLC,771 E 10TH ST APT 1R,,BROOKLYN,NY,11230
8027427,AG PAINTING SERVICES LLC,2026-09-22,DOMESTIC LIMITED LIABILITY COMPANY,Westchester,New York,GUSTAVO REYES MARTINEZ,258 NEW MAIN STREET,APT. 2D,YONKERS,NY,10701
8027428,AI SOLUTIONS EXPRESS CORP.,2026-09-22,DOMESTIC BUSINESS CORPORATION,Suffolk,New York,AI SOLUTIONS EXPRESS CORP.,159 ISLIP BLVD,,ISLIP TERRACE,NY,11752
8027429,CITY GROUP SERVICE INC.,2026-09-22,DOMESTIC BUSINESS CORPORATION,Saratoga,New York,city group r,1122 62 ST Brooklyn NY 11219,,Brooklyn,NY,11219
8027430,"LUCKY LOUNGE MOVIE, LLC",2026-09-22,DOMESTIC LIMITED LIABILITY COMPANY,Suffolk,New York,Douglas Scheidet,127 East 25th Street,,Huntington Station,NY,11746
8027435,5111 TILDEN LLC,2026-09-22,DOMESTIC LIMITED LIABILITY COMPANY,Kings,New York,5111 TILDEN LLC,95 GUERNSEY ST,,BROOKLYN,NY,11222
8027436,"IT'S IN THE WALLS, LLC",2026-09-22,DOMESTIC LIMITED LIABILITY COMPANY,Westchester,New York,"THE LLC ATTN: RUSS POSTERNAK/ POST FILM, INC.",4 NORTH LAKE RD.,,ARMONK,NY,10504
8027437,11 DELI GROCERY CORP.,2026-09-22,DOMESTIC BUSINESS CORPORATION,New York,New York,BASHEER HAFEDH,551 LENOX AVENUE,,NEW YORK,NY,10037
8027439,LRJ 37TH PROPERTY LLC,2026-09-22,DOMESTIC LIMITED LIABILITY COMPANY,Queens,New York,LRJ 37TH PROPERTY LLC,14477 37TH AVE,,FLUSHING,NY,11354
8027440,NOTZER CHESSED LLC,2026-09-22,DOMESTIC LIMITED LIABILITY COMPANY,Rockland,New York,NOTZER CHESSED LLC,49 S Main St.,,Spring Valley,NY,10977
8027442,A&A GENERAL MAINTENANCE LLC,2026-09-22,DOMESTIC LIMITED LIABILITY COMPANY,Albany,New York,REGISTERED AGENTS INC.,418 BROADWAY,STE R,ALBANY,NY,12207
8027443,NEWWAY TRADING INC.,2026-09-22,DOMESTIC BUSINESS CORPORATION,Queens,New York,NEWWAY TRADING INC.,45-37 172ND ST,,FLUSHING,NY,11358
8027444,MYKRIS LAB GROWN JEWELRY INC.,2026-09-22,DOMESTIC BUSINESS CORPORATION,New York,New York,KARAN KEJARIWAL,30 WEST 47TH STREET,STE 508,NEW YORK,NY,10036
8027446,"PREMIERE ACTOR'S STUDIO, INC.",2026-09-22,DOMESTIC BUSINESS CORPORATION,Suffolk,New York,"Premiere Actor's Studio, Inc.",170 Glenmere Way,,Holbrook,NY,11741
8027447,RDB DIGITAL VENTURES LLC,2026-09-22,DOMESTIC LIMITED LIABILITY COMPANY,Chautauqua,New York,RICHARD BRUCE,14 CRAWFORD LN,,LAKEWOOD,NY,14750
8027448,3823 FARRAGUT RD LLC,2026-09-22,DOMESTIC LIMITED LIABILITY COMPANY,Kings,New York,Dana Charles,3823 Farragut Road,,Brooklyn,NY,11210
8027450,CLAUDIA RODRIGUEZ LLC,2026-09-22,DOMESTIC LIMITED LIABILITY COMPANY,Suffolk,New York,Claudia Patricia Rodriguez Ramirez,817 Flint St,,Greenport,NY,11944
8027452,ROADSIDE SERVICE NETWORK LLC,2026-09-22,DOMESTIC LIMITED LIABILITY COMPANY,Monroe,New York,Janet Clinkscales,4904 East River Rd,,West Henrietta,NY,14586
8027455,FG ECOMMERCE LLC,2026-09-22,DOMESTIC LIMITED LIABILITY COMPANY,Westchester,New York,Fabio Garcia,278 Glen Ave,,Port Chester,NY,10573
8027456,TICA.P LIMITED LIABILITY COMPANY,2026-09-22,DOMESTIC LIMITED LIABILITY COMPANY,Kings,New York,REPUBLIC REGISTERED AGENT SERVICES INC.,54 STATE STREET,STE 804,ALBANY,NY,12207
8027457,AMNJ SERVICES CORP.,2026-09-22,DOMESTIC BUSINESS CORPORATION,Richmond,New York,AMNJ SERVICES CORP,72 HARRIS LANE,,STATEN ISLAND,NY,10309
8027458,DAVITI DAMENIA INC.,2026-09-22,DOMESTIC BUSINESS CORPORATION,Richmond,New York,DAVITI DAMENIA INC.,610 VICTORY BLVD,APT 2M,STATEN ISLAND,NY,10301
8027459,CJMOTORING INC.,2026-09-22,DOMESTIC BUSINESS CORPORATION,Nassau,New York,CHRISTOPHER MILLER,200 BLUEBERRY LANE,,HICKSVILLE,NY,11801
8027460,ALDERWICK & CO. LLC,2026-09-22,DOMESTIC LIMITED LIABILITY COMPANY,New York,New York,Alderwick & Co. LLC,224 W 35th St,Ste 500 #2213,New York,NY,10001
8027461,NEW MOON BARBER SHOP CORP.,2026-09-22,DOMESTIC BUSINESS CORPORATION,Queens,New York,MUHAMMAD QAIYYUM,169-06 HILLSIDE AVE,,JAMAICA,NY,11432
8027462,SECOND WIND REALTY LLC,2026-09-22,DOMESTIC LIMITED LIABILITY COMPANY,Monroe,New York,Second Wind Realty LLC,91 Westchester Avenue,,Rochester,NY,14609
8027464,APAR DISTRIBUTORS INC.,2026-09-22,DOMESTIC BUSINESS CORPORATION,Nassau,New York,ARIELLE PARISI,39 S BAY DRIVE,,MASSAPEQUA,NY,11758
8027465,227-41 113TH DR INVESTOR LLC,2026-09-22,DOMESTIC LIMITED LIABILITY COMPANY,Suffolk,New York,227-41 113TH DR INVESTOR LLC,68-60 Austin Street Suite 201,,Forest Hills,NY,11375
8027466,NANI'S GROUP FAMILY DAYCARE LLC,2026-09-22,DOMESTIC LIMITED LIABILITY COMPANY,Bronx,New York,Julissa Dorville,2400 Walton ave,apt. 2J,Bronx,NY,10468
8027468,BEN & C XLIN LLC,2026-09-22,DOMESTIC LIMITED LIABILITY COMPANY,Queens,New York,BEN & C XLIN LLC,41-46 94TH STREET,,ELMHURST,NY,11373
8027469,BEACH BREEZE MARKET INC.,2026-09-22,DOMESTIC BUSINESS CORPORATION,Queens,New York,TESNEAM SALEH,310 BEACH 54TH STREET,,FAR ROCKAWAY,NY,11692
8027470,KOS MECHANICAL CORP.,2026-09-22,DOMESTIC BUSINESS CORPORATION,Queens,New York,KOS MECHANICAL CORP.,213-16 48TH AVENUE,,BAYSIDE,NY,11364
8027471,VERTEXLANE SOLUTIONS LLC,2026-09-22,DOMESTIC LIMITED LIABILITY COMPANY,Westchester,New York,VERTEXLANE SOLUTIONS LLC,44 ROSSITER AVENUE,,YONKERS,NY,10701
8027474,KESANE2020 CORP.,2026-09-22,DOMESTIC BUSINESS CORPORATION,Kings,New York,TAMAR DIASAMIDZE,227 27TH AVE FL 2,,BROOKLYN,NY,11214
8027475,CRESCELION LLC,2026-09-22,DOMESTIC LIMITED LIABILITY COMPANY,Albany,New York,NORTHWEST REGISTERED AGENT LLC,418 BROADWAY,STE N,ALBANY,NY,12207
8027476,OYSTER BEAUTY LOUNGE INC.,2026-09-22,DOMESTIC BUSINESS CORPORATION,Nassau,New York,OYSTER BEAUTY LOUNGE INC.,1260 OLD COUNTRY ROAD,,WESTBURY,NY,11590
8027477,J & D REAL REMODELING CORP.,2026-09-22,DOMESTIC BUSINESS CORPORATION,Suffolk,New York,Abel Delgado Alvarado,37 W Main Street,,Smithtown,NY,11787
8027478,COMMSIMPLE GROUP INC.,2026-09-22,DOMESTIC BUSINESS CORPORATION,New York,New York,Manlong Rao,12 E 49th Street #505,,New York,NY,10017
8027480,NEW HAPPY SISTER 2 BEAUTY SALON INC.,2026-09-22,DOMESTIC BUSINESS CORPORATION,Queens,New York,THE CORP,59-08 WOODSIDE AVE,,WOODSIDE,NY,11377
8027482,DIAMOND PILLAR PROPERTIES LLC,2026-09-22,DOMESTIC LIMITED LIABILITY COMPANY,Kings,New York,Jonathon Beckles,"94 Ryerson Street, Apt. 1F",,Brooklyn,NY,11205
8027484,HUDSON INDUSTRIAL HOLDINGS INC.,2026-09-22,DOMESTIC BUSINESS CORPORATION,Rockland,New York,hudson industrial holdings inc.,178 rt 59 unit 303,,Monsey,NY,10952
8027485,HEIDY'S LUXE NAIL&SPA INC.,2026-09-22,DOMESTIC BUSINESS CORPORATION,Suffolk,New York,HEIDY'S LUXE NAIL&SPA INC.,1870 E JERICHO TPKE,,HUNTINGTON,NY,11743
8027486,1119 42 #2 LLC,2026-09-22,DOMESTIC LIMITED LIABILITY COMPANY,Kings,New York,1119 42 #2 LLC,5014 16TH AVE SUITE 499,,BROOKLYN,NY,11204
8027487,KNOTE PROFESSIONAL SERVICES LLC,2026-09-22,DOMESTIC LIMITED LIABILITY COMPANY,Schenectady,New York,Karishma Persaud,233 Bradford Rd,,Schenectady,NY,12304
8027489,AJ&THP SERVICES LLC,2026-09-22,DOMESTIC LIMITED LIABILITY COMPANY,Kings,New York,AJ&THP SERVICES LLC,2006 BENSON AVE APT 4E,,BROOKLYN,NY,11214
8027490,GRAND CONSOURSE #1 CONVENIENCE INC.,2026-09-22,DOMESTIC BUSINESS CORPORATION,Bronx,New York,GRAND CONSOURSE #1 CONVENIENCE INC,2855 GRAND CONSOURSE,,BRONX,NY,10468
8027491,5KDS REALTY GROUP LLC,2026-09-22,DOMESTIC LIMITED LIABILITY COMPANY,Bronx,New York,DOMINGO LOPEZ,2773 BRIGGS AVENUE SUITE 3A,,BRONX,NY,10458
8027492,CAMP BONAPARTE LLC,2026-09-22,DOMESTIC LIMITED LIABILITY COMPANY,Lewis,New York,Sarah Donovan,26 Avenue at Port Imperial,Apt 435,West New York,NJ,07093
8027494,3011 MURRAY LLC,2026-09-22,DOMESTIC LIMITED LIABILITY COMPANY,Queens,New York,3011 MURRAY LLC,3011 MURRAY ST,,FLUSHING,NY,11354
8027495,MISS COLOUR NAILS & SPA INC.,2026-09-22,DOMESTIC BUSINESS CORPORATION,Nassau,New York,MISS COLOUR NAILS & SPA INC.,218 E Park Ave,,Long Beach,NY,11561
8027496,STOLAR ASSOCIATES LLC,2026-09-22,DOMESTIC LIMITED LIABILITY COMPANY,New York,New York,BUSINESS FILINGS INCORPORATED,28 LIBERTY STREET,,NEW YORK,NY,10005
8027497,TRIMAX AGENCY INC.,2026-09-22,DOMESTIC BUSINESS CORPORATION,New York,New York,TRIMAX AGENCY INC.,106 CENTRAL PARK S,APT 5K,NEW YORK,NY,10019
8027499,"NY DRS FINCO XVI, LLC",2026-09-22,DOMESTIC LIMITED LIABILITY COMPANY,Sullivan,New York,"Solarholdco, LLC",PO Box 384,,Callicoon,NY,12723
8027500,PUPUSERIA BLANCO INCORPORATED,2026-09-22,DOMESTIC BUSINESS CORPORATION,Suffolk,New York,MARIA I MANCIA,948 WILSON BLVD,,CENTRAL ISLIP,NY,11722
8027501,"NEUROCHETANA, LLC",2026-09-22,DOMESTIC LIMITED LIABILITY COMPANY,Albany,New York,"NEUROCHETANA, LLC",3039 Johnson Avenue,,Bronx,NY,10463
8027502,"FABULOUS SISTERS, LLC",2026-09-22,DOMESTIC LIMITED LIABILITY COMPANY,Queens,New York,Maria Almonte-Weston,8-16 Clintonville Street,2nd floor,Whitestone,NY,113571230
8027503,ZAR THE STAR LLC,2026-09-22,DOMESTIC LIMITED LIABILITY COMPANY,Albany,New York,NORTHWEST REGISTERED AGENT LLC,418 BROADWAY,STE N,ALBANY,NY,12207
8027504,BRIGHTSTONE ENTERPRISES CORP.,2026-09-22,DOMESTIC BUSINESS CORPORATION,Queens,New York,Rabia Tul Zahra,21311A Hillside Avenue,,Queens Village,NY,11427
8027505,JT SHALLOW BAY LLC,2026-09-22,DOMESTIC LIMITED LIABILITY COMPANY,Kings,New York,JT Shallow Bay LLC,1000 Stanley Ave,,Brooklyn,NY,11208
8027506,831 AVE Z LLC,2026-09-22,DOMESTIC LIMITED LIABILITY COMPANY,Nassau,New York,831 AVE Z LLC,134 STUART AVE,,VALLEY STREAM,NY,11580
8027508,1119 42 #1 LLC,2026-09-22,DOMESTIC LIMITED LIABILITY COMPANY,Kings,New York,1119 42 #1 LLC,5014 16TH AVE SUITE 499,,BROOKLYN,NY,11204
8027509,REALMO REALTY INC.,2026-09-22,DOMESTIC BUSINESS CORPORATION,New York,New York,REPUBLIC REGISTERED AGENT SERVICES INC.,54 STATE STREET,STE 804,ALBANY,NY,12207
8027510,PREMIER MASTER CONSTRUCTION OF LI INC.,2026-09-22,DOMESTIC BUSINESS CORPORATION,Nassau,New York,HERMAN VIGIL,856 JEAN PL,,SEAFORD,NY,11783
8027511,ABD DELIGHTS INC.,2026-09-22,DOMESTIC BUSINESS CORPORATION,Suffolk,New York,ABD DELIGHTS INC.,2272 MIDDLE COUNTRY ROAD,,CENTEREACH,NY,11720
8027512,BROMIES LLC,2026-09-22,DOMESTIC LIMITED LIABILITY COMPANY,Washington,New York,SimpleBiz Registered Agent Services LLC,405 RXR Plaza # F127,,Uniondale,NY,11556
8027513,41 STEVENS LLC,2026-09-22,DOMESTIC LIMITED LIABILITY COMPANY,Kings,New York,41 Stevens LLC,1542 38th St,,Brooklyn,NY,11218
8027514,ROYAL TINTS LLC,2026-09-22,DOMESTIC LIMITED LIABILITY COMPANY,Erie,New York,ROYAL TINTS LLC,2160 Alvin Road,,Grand Island,NY,14072
8027515,93 ESTATE DRIVE LLC,2026-09-22,DOMESTIC LIMITED LIABILITY COMPANY,Nassau,New York,93 ESTATE DRIVE LLC,55 Pilgrim Street,,New Hyde Park,NY,11040
8027516,"NY DRS ASSETCO I, LLC",2026-09-22,DOMESTIC LIMITED LIABILITY COMPANY,Sullivan,New York,"Solarholdco, LLC",PO Box 384,,Callicoon,NY,12723
8027517,876 AUTOCARE CORP.,2026-09-22,DOMESTIC BUSINESS CORPORATION,Bronx,New York,MICHAEL BRYAN,3448-B ROMBOUTS AVENUE,,BRONX,NY,10475
8027518,HONEST APPOINTING LLC,2026-09-22,DOMESTIC LIMITED LIABILITY COMPANY,Queens,New York,Adnan Mubarez,204-20 46th Avenue,,Queens,NY,11361
8027520,TREMONT CANDY & GROCERY INC.,2026-09-22,DOMESTIC BUSINESS CORPORATION,Bronx,New York,YASER H SHARHAN,757 E TREMONT AVE,,BRONX,NY,10457
8027521,ELEVARE WORLDWIDE LLC,2026-09-22,DOMESTIC LIMITED LIABILITY COMPANY,New York,New York,REGISTERED AGENTS INC.,418 BROADWAY,STE R,ALBANY,NY,12207
8027522,TREASURE KIDS PLACE LLC,2026-09-22,DOMESTIC LIMITED LIABILITY COMPANY,Dutchess,New York,TREASURE KIDS PLACE LLC,47 GLEASON BLVD.,,PLEASANT VALLEY,NY,12569
8027523,BEAST MIDNITE RECOVERY LLC,2026-09-22,DOMESTIC LIMITED LIABILITY COMPANY,Kings,New York,SimpleBiz Registered Agent Services LLC,405 RXR Plaza # F127,,Uniondale,NY,11556
8027524,SAN JOSE SHIPPING GROUP CORP.,2026-09-22,DOMESTIC BUSINESS CORPORATION,Bronx,New York,CESAR SANTOS / MIRIAM BETANCES,4175 PARK AVE,,BRONX,NY,10457
8027525,TOWNSEND LODGE CORP.,2026-09-22,DOMESTIC BUSINESS CORPORATION,Ulster,New York,Iryna Matiychuk,76 Hill St E,,Wading River,NY,11792
8027526,"APADULA REALTY MANAGEMENT, LLC",2026-09-22,DOMESTIC LIMITED LIABILITY COMPANY,Suffolk,New York,"APADULA REALTY MANAGEMENT, LLC",145 N COUNTRY ROAD,,SMITHTOWN,NY,11787
8027527,SHADA'S NEWBORN CARE LLC,2026-09-22,DOMESTIC LIMITED LIABILITY COMPANY,Kings,New York,Shada Roberts,940 Gates Ave,Apt 1D,Brooklyn,NY,11221
8027528,BESTMED CARE SOLUTIONS LLC,2026-09-22,DOMESTIC LIMITED LIABILITY COMPANY,Kings,New York,ZENBUSINESS INC.,41 STATE STREET,SUITE 112,ALBANY,NY,12207
8027529,EASY TREE LLC,2026-09-22,DOMESTIC LIMITED LIABILITY COMPANY,Saratoga,New York,SimpleBiz Registered Agent Services LLC,405 RXR Plaza # F127,,New York,NY,11556
8027530,VERA DARJANIA INC.,2026-09-22,DOMESTIC BUSINESS CORPORATION,Kings,New York,VERA DARJANIA INC.,3232 SHORE PKWY APT E7,,BROOKLYN,NY,11235
8027533,SUNSHINE EARTH LLC,2026-09-22,DOMESTIC LIMITED LIABILITY COMPANY,Kings,New York,ALINA DALANTAEVA,1950 68TH STREET APT 1F,,BROOKLYN,NY,11204
8027535,SOW LLC,2026-09-22,DOMESTIC LIMITED LIABILITY COMPANY,Bronx,New York,THIERNO BOUBACAR SOW,1378 Boston Road,,The Bronx,NY,10456
8027536,BK CLARENDON RD LLC,2026-09-22,DOMESTIC LIMITED LIABILITY COMPANY,Kings,New York,BK CLARENDON RD LLC,3715 CLARENDON RD,,BROOKLYN,NY,11203
8027537,TROUTMAN STREET HOSPITALITY LLC,2026-09-22,FOREIGN LIMITED LIABILITY COMPANY,New York,Delaware,TROUTMAN STREET HOSPITALITY LLC,36 e 12th street,4th floor,NEW YORK,NY,10003
8027539,WEALTH WITH INTENTION GLOBAL INC.,2026-09-22,DOMESTIC BUSINESS CORPORATION,Albany,New York,WEALTH WITH INTENTION GLOBAL INC.,418 Broadway,#8639,Albany,NY,12207
8027540,CHIC HAIR & NAILS SALON LLC,2026-09-22,DOMESTIC LIMITED LIABILITY COMPANY,Bronx,New York,CHIC HAIR & NAILS SALON LLC,"858 SOUTHERN BLVD, STORE 5",,BRONX,NY,10459
8027541,BLESSED & BEYOND LLC,2026-09-22,DOMESTIC LIMITED LIABILITY COMPANY,New York,New York,The Limited Liability Company,c/o Chaves Perlowitz Luftig,"One Liberty Plaza, 46th Floor",New York,NY,10006
8027542,ELEVATE CAPITAL MENTOR LLC,2026-09-22,DOMESTIC LIMITED LIABILITY COMPANY,Kings,New York,Elevate Capital Mentor LLC,5314 16th Avenue,Unit 215,Brooklyn,NY,11204
8027543,THE STRATEGIC HIRE LLC,2026-09-22,DOMESTIC LIMITED LIABILITY COMPANY,Bronx,New York,US Postal Service,3300 Conner St,,Bronx,NY,10475
8027544,GARAGE DOOR PRO LONG ISLAND INC.,2026-09-22,DOMESTIC BUSINESS CORPORATION,Suffolk,New York,NAHUM KOHEN,6 MONMOUTH PLACE,,MELVILLE,NY,11747
8027546,RURAL ROBOTICS LLC,2026-09-22,DOMESTIC LIMITED LIABILITY COMPANY,Wyoming,New York,Rural Robotics LLC,PO Box 3,,Arcade,NY,14009
8027547,RM MULTILATINO 2 CORP.,2026-09-22,DOMESTIC BUSINESS CORPORATION,Nassau,New York,RM MULTILATINO 2 CORP.,37B GUY LOMBARDO BLVD,,FREEPORT,NY,11520
8027548,ALOCALSAID LLC,2026-09-22,DOMESTIC LIMITED LIABILITY COMPANY,New York,New York,C T CORPORATION SYSTEM,28 LIBERTY STREET,,NEW YORK,NY,10005
8027549,NY GRILL & DELI 1 INC.,2026-09-22,DOMESTIC BUSINESS CORPORATION,New York,New York,Franklin E Jaquez Rodriguez,191 Avenue A,,New York,NY,100094094
8027550,"ASTRA POLARIS, INC.",2026-09-22,FOREIGN BUSINESS CORPORATION,Westchester,Delaware,ganapathi palanipandian,445 hamilton avenue 11th floor,,WHITE PLAINS,NY,10601
8027553,5 SS CORP.,2026-09-22,DOMESTIC BUSINESS CORPORATION,Bronx,New York,MEAD ALMONTASER,830 KINSELLA ST,,BRONX,NY,10462
8027554,TATARIN US INC.,2026-09-22,DOMESTIC BUSINESS CORPORATION,Kings,New York,TATARIN US INC.,829 E 10TH ST APT 2B,,BROOKLYN,NY,11230
8027555,"NETWORK FOR SYRIAN LEGISLATIVE STUDIES, INC.",2026-09-22,DOMESTIC NOT-FOR-PROFIT CORPORATION,New York,New York,"NETWORK FOR SYRIAN LEGISLATIVE STUDIES, INC.",885 west end avenue,apt. 4c,NEW YORK,NY,10025
8027557,GROWTH FOUNDRY LLC,2026-09-22,DOMESTIC LIMITED LIABILITY COMPANY,New York,New York,GROWTH FOUNDRY LLC,1156 6th Ave Suite 305,,New York,NY,10036
8027558,AWAKEN INTEGRATIVE NURSE PRACTITIONER IN PSYCHIATRY PLLC,2026-09-22,DOMESTIC PROFESSIONAL SERVICE LIMITED LIABILITY COMPANY,Suffolk,New York,AMBAR ARANCIBIA,1 GROVELAND PARK BLVD,,SOUND BEACH,NY,11789
8027559,GH VET NYC LLC,2026-09-22,DOMESTIC LIMITED LIABILITY COMPANY,Albany,New York,GH VET NYC LLC,20435 ROSEWOOD GARDEN WAY,,BOCA RATON,FL,33434
8027560,SILVEROAK CREST HOLDINGS LLC,2026-09-22,DOMESTIC LIMITED LIABILITY COMPANY,Albany,New York,REPUBLIC REGISTERED AGENT SERVICES INC.,54 STATE STREET,STE 804,ALBANY,NY,12207
8027561,32 W 120TH LLC,2026-09-22,DOMESTIC LIMITED LIABILITY COMPANY,Albany,New York,32 W 120TH LLC,9 Washington Square,,Albany,NY,12205
8027562,"NORTHFORK COMMUNICATIONS, LLC",2026-09-22,DOMESTIC LIMITED LIABILITY COMPANY,Suffolk,New York,"NORTHFORK COMMUNICATIONS, LLC",P.O. BOX 244,,ORIENT,NY,11957
8027563,GABBY 6524 HOLDINGS LLC,2026-09-22,DOMESTIC LIMITED LIABILITY COMPANY,Queens,New York,"C/O Tesser, Ryan & Rochman, LLP","15 Fisher Lane, Suite 200",,White Plains,NY,10603
8027564,RECOVERY INTERVENTION AND SUPPORT EFFORT INCORPORATED,2026-09-22,DOMESTIC NOT-FOR-PROFIT CORPORATION,Nassau,New York,RECOVERY INTERVENTION AND SUPPORT EFFORT INCORPORATED,354 baltustrol circle,,ROSLYN,NY,11576
8027565,REMODEL JOY INC.,2026-09-22,DOMESTIC BUSINESS CORPORATION,Queens,New York,GUANGPING REN,6530 UTOPIA PKWY,,FRESH MEADOWS,NY,11365
8027566,BEYOND AGAVE CO.,2026-09-22,FOREIGN BUSINESS CORPORATION,Albany,Delaware,REGISTERED AGENTS INC.,418 BROADWAY STE R,,ALBANY,NY,12207
8027567,WISHSTAR PROPERTY HOLDINGS LLC,2026-09-22,DOMESTIC LIMITED LIABILITY COMPANY,Queens,New York,ZENBUSINESS INC.,41 STATE STREET,SUITE 112,ALBANY,NY,12207
8027568,OLIVIA 6119 HOLDINGS LLC,2026-09-22,DOMESTIC LIMITED LIABILITY COMPANY,Queens,New York,"C/O Tesser, Ryan & Rochman, LLP",15 Fisher Lane Ste 200,,White plains,NY,10603
8027571,JME BUILT & MANAGED LLC,2026-09-22,DOMESTIC LIMITED LIABILITY COMPANY,Nassau,New York,ZENBUSINESS INC.,41 STATE STREET,SUITE 112,ALBANY,NY,12207
8027572,CLASSIC UNITED ENTERTAINMENT LLC,2026-09-22,DOMESTIC LIMITED LIABILITY COMPANY,Bronx,New York,COGENCY GLOBAL INC.,122 EAST 42ND STREET,18TH FLOOR,NEW YORK,NY,10168
8027573,"GRENERGY SOLAR STORE, LLC",2026-09-22,FOREIGN LIMITED LIABILITY COMPANY,Columbia,Massachusetts,"GRENERGY SOLAR STORE, LLC",po box 1116,,SHEFFIELD,MA,01257
8027574,WEISSBRIDGE GLOBAL INC.,2026-09-22,DOMESTIC BUSINESS CORPORATION,Kings,New York,Weissbridge Global Inc.,1167 57th Street,,Brooklyn,NY,11219
8027577,SB PROCESSING CORP.,2026-09-22,DOMESTIC BUSINESS CORPORATION,Westchester,New York,SB PROCESSING CORP.,"1929 Commerce Street, Ste #1",,Yorktown Heights,NY,10598
8027578,NNC HOLDINGS LLC,2026-09-22,DOMESTIC LIMITED LIABILITY COMPANY,Albany,New York,NORTHWEST REGISTERED AGENT LLC,418 BROADWAY,STE N,ALBANY,NY,12207
8027579,"MILLENNIUM INFORMATION SERVICES, INC.",2026-09-22,FOREIGN BUSINESS CORPORATION,Westchester,Illinois,C/O CORPORATE CREATIONS NETWORK INC.,600 MAMARONECK AVENUE #400,,HARRISON,NY,10528
8027580,SEELEY PLUMBING & HEATING LLC,2026-09-22,DOMESTIC LIMITED LIABILITY COMPANY,Saratoga,New York,Christopher Seeley,21 Sage Lane,,Fort Edward,NY,12828
8027582,TONYS VARIETY AND CONVENIENCE STORE LLC,2026-09-22,DOMESTIC LIMITED LIABILITY COMPANY,Queens,New York,Anthony Misripersaud,125-10 Liberty Avenue,,Queens,NY,11419
8027583,SDB ENTITIES LLC,2026-09-22,DOMESTIC LIMITED LIABILITY COMPANY,Orange,New York,SDB Entities LLC,55 Franklin Ave Apt B1,,Brooklyn,NY,11205
8027584,"AMERICAN EASTERN GULF, INC.",2026-09-22,DOMESTIC BUSINESS CORPORATION,Nassau,New York,ZAHEER AHMED SAJID,317 MAPLE AVE,,EAST MEADOW,NY,11554
8027585,89 DELI AND GROCERY I INC.,2026-09-22,DOMESTIC BUSINESS CORPORATION,Queens,New York,Alfreuri Concepcion Brito,164-03 89th Ave,,Jamaica,NY,11432
8027586,BRIDGE 1493 BOSTON RD LLC,2026-09-22,DOMESTIC LIMITED LIABILITY COMPANY,New York,New York,BRIDGE 1493 BOSTON RD LLC,70 WEST 40TH STREET FLOOR 11,,NEW YORK,NY,10018
8027588,EVERGREEN HOME SOLUTIONS NEW YORK LLC,2026-09-22,FOREIGN LIMITED LIABILITY COMPANY,Albany,Wyoming,NORTHWEST REGISTERED AGENT LLC,"418 BROADWAY, STE N",,ALBANY,NY,12207
8027590,THE 479 LEXINGTON AVENUE CONDOMINIUM INC.,2026-09-22,DOMESTIC NOT-FOR-PROFIT CORPORATION,Kings,New York,THE 479 LEXINGTON AVENUE CONDOMINIUM INC.,479 lexington avenue,,BROOKLYN,NY,11221
8027592,"TORRICO ELECTRIC, LLC",2026-09-22,FOREIGN LIMITED LIABILITY COMPANY,Columbia,Massachusetts,"TORRICO ELECTRIC, LLC",po box 1116,,SHEFFIELD,MA,01257
8027594,GREAT WALL OF FLUSHING LLC,2026-09-22,DOMESTIC LIMITED LIABILITY COMPANY,Queens,New York,TIMMY WU,249-05 GRAND CENTRAL PARKWAY,,LITTLE NECK,NY,11362
8027595,AM APPRAISALS AMC,2026-09-22,FOREIGN BUSINESS CORPORATION,Albany,Delaware,CORPORATION SERVICE COMPANY,80 STATE STREET,,ALBANY,NY,122072543
8027596,DM EVENT STAFFING LLC,2026-09-22,DOMESTIC LIMITED LIABILITY COMPANY,Queens,New York,DM EVENT STAFFING LLC,"104-46 39th Avenue, Apt 4",,Corona,NY,11368
8027598,GOLDEN HORSE ART LLC,2026-09-22,DOMESTIC LIMITED LIABILITY COMPANY,Nassau,New York,Golden Horse Art LLC,37 Clariage Circle,,Manhasset,NY,11030
8027599,4TH TREAT LLC,2026-09-22,DOMESTIC LIMITED LIABILITY COMPANY,Rockland,New York,4TH TREAT LLC,14 VALLEY VIEW TERRACE,,SPRING VALLEY,NY,10977
8027602,A&H BK HOLDINGS LLC,2026-09-22,DOMESTIC LIMITED LIABILITY COMPANY,Kings,New York,Hersh Guttman,1274 49th Street #445,,Brooklyn,NY,11219
8027603,EASTBOUND SOFTWARE LLC,2026-09-22,DOMESTIC LIMITED LIABILITY COMPANY,Rockland,New York,Eastbound Software LLC,1 Blue Hill Plaza 1509-24,,Pearl River,NY,10965
8027605,"MOTOR IMAGINATION CENTER, LLC",2026-09-22,DOMESTIC LIMITED LIABILITY COMPANY,Warren,New York,Carol Martindale,22 Cedarwood Drive,,Queensbury,NY,12804
8027606,MORANO SIGNATURE INC.,2026-09-22,DOMESTIC BUSINESS CORPORATION,Suffolk,New York,Christine Morano,554 Polaris St,,North Babylon,NY,11703
8027607,CURATE THE COLLECTION LLC,2026-09-22,DOMESTIC LIMITED LIABILITY COMPANY,Albany,New York,NORTHWEST REGISTERED AGENT LLC,418 BROADWAY,STE N,ALBANY,NY,12207
8027608,GRAND LAFAYETTE LLC,2026-09-22,DOMESTIC LIMITED LIABILITY COMPANY,Kings,New York,Grand Lafayette LLC,199 Lee Ave #952,,Brooklyn,NY,11211
8027610,THIRD AVE COMMONS MT LLC,2026-09-22,DOMESTIC LIMITED LIABILITY COMPANY,Westchester,New York,THIRD AVE COMMONS MT LLC,266-15 69TH AVENUE,,GLEN OAKS,NY,11004
8027611,XPX NYC INC.,2026-09-22,DOMESTIC NOT-FOR-PROFIT CORPORATION,New York,New York,BUSINESS FILINGS INCORPORATED,28 LIBERTY ST.,,NEW YORK,NY,10005
8027612,JUSTIN KLEPPE NP IN FAMILY HEALTH PLLC,2026-09-22,DOMESTIC PROFESSIONAL SERVICE LIMITED LIABILITY COMPANY,Sullivan,New York,JUSTIN KLEPPE NP IN FAMILY HEALTH PLLC,3 cedar falls terrace,,SPARTA,NJ,07871
8027613,"111W56ST35J, LLC",2026-09-22,DOMESTIC LIMITED LIABILITY COMPANY,Nassau,New York,"111W56ST35J, LLC",278 Swan Ct,,Manhasset,NY,11030
8027614,SOUTH ST REALTY GROUP LLC,2026-09-22,DOMESTIC LIMITED LIABILITY COMPANY,Rockland,New York,Moshe Kaufman,39 columbus ave,,spring valley,NY,10977
8027615,LETTERSHOP INDUSTRIES LLC,2026-09-22,DOMESTIC LIMITED LIABILITY COMPANY,Albany,New York,NORTHWEST REGISTERED AGENT LLC,418 BROADWAY,STE N,ALBANY,NY,12207
8027616,JEH 1 LLC,2026-09-22,DOMESTIC LIMITED LIABILITY COMPANY,Suffolk,New York,JEH 1 LLC,121 NEWPORT STREET,,BAYPORT,NY,11705
8027617,SOUTH CENTER REAL ESTATE LLC,2026-09-22,DOMESTIC LIMITED LIABILITY COMPANY,Dutchess,New York,Alex Kramer,PO Box 15,,Millerton,NY,12546
8027618,MUNJAHOMES LLC,2026-09-22,DOMESTIC LIMITED LIABILITY COMPANY,Westchester,New York,MUNJAHOMES LLC,47 Stoneleigh Rd,,Scarsdale,NY,10583
8027619,MELROSE COMMONS REDEVELOPMENT LLC,2026-09-22,DOMESTIC LIMITED LIABILITY COMPANY,Queens,New York,"c/o infinite horizons, llc",142-05 rockaway boulevard,,JAMAICA,NY,11436
8027620,"OUR TOWN HOSPITALITY, LLC",2026-09-22,FOREIGN LIMITED LIABILITY COMPANY,Broome,Virginia,CORPORATION SERVICE COMPANY,80 STATE STREET,,ALBANY,NY,122072543
8027622,TRINITY ALLIANCE CONTRACTING LLC,2026-09-22,DOMESTIC LIMITED LIABILITY COMPANY,Queens,New York,Louis Lebron,6904 58th Road,Suite 2,Maspeth,NY,11378
8027623,PRECISION HEALTH MEDICAL P.C.,2026-09-22,DOMESTIC PROFESSIONAL SERVICE CORPORATION,Kings,New York,PRECISION HEALTH MEDICAL P.C.,"221 sea breeze avenue,",apt ph2b,BROOKLYN,NY,11224
8027624,BROTHERS RESTORATION SERVICES LLC,2026-09-22,FOREIGN LIMITED LIABILITY COMPANY,Rensselaer,Massachusetts,david mendelsohn,653 river rd,,SCHODACK LANDING,NY,12156
8027625,LONEWOLF TRAINING LLC,2026-09-22,DOMESTIC LIMITED LIABILITY COMPANY,Suffolk,New York,Entity Protect Registered Agent Services LLC,447 Broadway 2nd Fl. - #3000,,New York,NY,10013
8027628,"GOOD TALK, BY JESSICA DELUTIS, LCSW, PLLC",2026-09-22,DOMESTIC PROFESSIONAL SERVICE LIMITED LIABILITY COMPANY,Onondaga,New York,"GOOD TALK, BY JESSICA DELUTIS, LCSW, PLLC","3522 james street,",suite 207,SYRACUSE,NY,13206
8027629,ANNS CREATIONS AND ALTERATIONS CORP.,2026-09-22,DOMESTIC BUSINESS CORPORATION,Nassau,New York,ANNS CREATIONS AND ALTERATIONS CORP.,"328 MULRY LN, LEFT DOOR",,LAWRENCE,NY,11559
8027630,IDM CONTRACTING CORPORATION,2026-09-22,DOMESTIC BUSINESS CORPORATION,Kings,New York,IOANNIS D MASTORAKIS,8404 5th Avenue,,Brooklyn,NY,11209
8027631,"AG REALTY ACQUISITIONS, LLC",2026-09-22,DOMESTIC LIMITED LIABILITY COMPANY,Westchester,New York,"AG REALTY ACQUISITIONS, LLC",12 Cottage Place,Apartment 3,White Plains,NY,10601
8027632,LYNETTE THELEN SOLUTIONS LLC,2026-09-22,DOMESTIC LIMITED LIABILITY COMPANY,Livingston,New York,LYNETTE THELEN SOLUTIONS LLC,4456 Shelly Road,,Livonia,NY,14487
8027633,"W G DISTRIBUTORS, INC.",2026-09-22,DOMESTIC BUSINESS CORPORATION,Nassau,New York,Corinne Potter,2743 Bellmore Ave,,Bellmore,NY,11710
8027634,INTERACTIVE MEDIA LABS,2026-09-22,FOREIGN BUSINESS CORPORATION,New York,Delaware,CORPORATION SERVICE COMPANY,80 STATE STREET,,ALBANY,NY,122072543
8027636,SWITZER BUILDS LLC,2026-09-22,DOMESTIC LIMITED LIABILITY COMPANY,Albany,New York,NORTHWEST REGISTERED AGENT LLC,418 BROADWAY,STE N,ALBANY,NY,12207
8027637,RD CAPITAL SOLUTIONS LLC,2026-09-22,DOMESTIC LIMITED LIABILITY COMPANY,Suffolk,New York,RD Capital Solutions LLC,740 Veterans Memorial Hwy,,Hauppauge,NY,11788
8027638,S&S NEW YORK ENTERPRISES LLC,2026-09-22,DOMESTIC LIMITED LIABILITY COMPANY,Queens,New York,JOSE JULIO R SIMBANA ESPINOSA,8615 DONGAN AVE,APT B,ELMHURST,NY,11373
8027639,OPEN FORM PARTNERS LLC,2026-09-22,DOMESTIC LIMITED LIABILITY COMPANY,Albany,New York,REGISTERED AGENTS INC.,418 BROADWAY,STE R,ALBANY,NY,12207
8027640,PROSPECT PAINT & HARDWARE SUPPLY INC.,2026-09-22,DOMESTIC BUSINESS CORPORATION,Kings,New York,PROSPECT PAINT & HARDWARE SUPPLY INC.,550 PROSPECT AVENUE,,BROOKLYN,NY,11215
8027641,"SONS OF SILENCE LINY, INC.",2026-09-22,DOMESTIC NOT-FOR-PROFIT CORPORATION,Suffolk,New York,"SONS OF SILENCE LINY, INC.",730 smithtown ave.,,BOHEMIA,NY,11716
8027642,JM ESTRADA TILES INC.,2026-09-22,DOMESTIC BUSINESS CORPORATION,Suffolk,New York,JM ESTRADA TILES INC.,7 TROUT BROOK LN,,RIVERHEAD,NY,11901
8027643,ZEIDE VENTURES LLC,2026-09-22,DOMESTIC LIMITED LIABILITY COMPANY,Rockland,New York,Zeide Ventures LLC,372 Blauvelt Rd,Unit 203,Monsey,NY,10952
8027644,VOICESTACK INC,2026-09-22,FOREIGN BUSINESS CORPORATION,Albany,Delaware,C/O CORPORATION SERVICE COMPANY,80 STATE STREET,,ALBANY,NY,122072543
8027645,30-16 LLC,2026-09-22,DOMESTIC LIMITED LIABILITY COMPANY,Queens,New York,30-16 LLC,111 BOURNDALE ROAD SOUTH,,MANHASSET,NY,11030
8027646,WOODCOCK RD LLC,2026-09-22,DOMESTIC LIMITED LIABILITY COMPANY,Nassau,New York,Ankit Kejriwal,25 Boyd Drive,,Westbury,NY,11590
8027647,EEKO HOLDINGS LLC,2026-09-22,FOREIGN LIMITED LIABILITY COMPANY,Westchester,Nevada,c/o paracorp incorporated,2804 gateway oaks dr. #100,,SACRAMENTO,CA,95833
8027648,"WHISKED MOMENTS, LLC",2026-09-22,DOMESTIC LIMITED LIABILITY COMPANY,New York,New York,Samantha Lee Estupinan,315 E 70th Street,Apt 2a,New York,NY,10021
8027649,OHLILA NYC LLC,2026-09-22,DOMESTIC LIMITED LIABILITY COMPANY,Queens,New York,Charlotte Orcel,3449 81st st,5Y,Jackson Heights,NY,11372
8027651,DISPUTE RESOLUTION CENTER OF NORTHERN NEW YORK LLC,2026-09-22,DOMESTIC LIMITED LIABILITY COMPANY,St. Lawrence,New York,DISPUTE RESOLUTION CENTER OF NORTHERN NEW YORK LLC,422 STATE STREET,,OGDENSBURG,NY,13669
8027652,WEI MEI 88 INC.,2026-09-22,DOMESTIC BUSINESS CORPORATION,Kings,New York,WEI MEI 88 INC.,5904 8TH AVE,#1B,BROOKLYN,NY,11220
8027653,NW BROADWAY CORP.,2026-09-22,DOMESTIC BUSINESS CORPORATION,Queens,New York,NW BROADWAY CORP.,8269 BROADWAY,,ELMHURST,NY,11373
8027654,GOOD J.A. CONSTRUCTION SOLUTIONS LLC,2026-09-22,DOMESTIC LIMITED LIABILITY COMPANY,Queens,New York,Good J.A. Construction Solutions LLC,11244 38th Avenue,Apt 3A,Corona,NY,11368
8027656,UNIQUE JT SOLUTIONS LLC,2026-09-22,DOMESTIC LIMITED LIABILITY COMPANY,Nassau,New York,UNIQUE JT SOLUTIONS LLC,74 Monroe Ave,,Roosevelt,NY,11575
8027657,JAXMOM LLC,2026-09-22,DOMESTIC LIMITED LIABILITY COMPANY,Albany,New York,REGISTERED AGENTS INC.,418 BROADWAY,STE R,ALBANY,NY,12207
8027658,QUEER ARTS FESTIVALS INC.,2026-09-22,DOMESTIC NOT-FOR-PROFIT CORPORATION,Monroe,New York,QUEER ARTS FESTIVALS INC.,418 broadway,ste r,ALBANY,NY,12207
8027659,DGAVSKIY LLC,2026-09-22,DOMESTIC LIMITED LIABILITY COMPANY,Kings,New York,Dmytro Gavrylovskyy,2250 83rd St,,Brooklyn,NY,11214
8027660,JOSHUA COLLECTION E-COMMERCE INC.,2026-09-22,DOMESTIC BUSINESS CORPORATION,New York,New York,MAHBUBE ELAHY CHOWDRY,114 W 29TH STREET,,NEW YORK,NY,10001
8027661,SOLANGEL UNIQUE HOME LLC,2026-09-22,DOMESTIC LIMITED LIABILITY COMPANY,Albany,New York,Solangel Unique Home LLC,418 Broadway,#12251,Albany,NY,12207
8027663,VICTORY 2ND AVE CORP.,2026-09-22,DOMESTIC BUSINESS CORPORATION,New York,New York,VICTORY 2ND AVE CORP.,1548 2nd Ave,,New York,NY,10028
8027664,NEXAMART USA INC.,2026-09-22,DOMESTIC BUSINESS CORPORATION,Kings,New York,BILAL IQBAL,913 E 15TH ST FL 2,,BROOKLYN,NY,11230
8027665,CW 6318 LLC,2026-09-22,DOMESTIC LIMITED LIABILITY COMPANY,Kings,New York,Carmie Wu,230 87th Street,,Brooklyn,NY,11209
8027667,SLM CONSULTING SERVICES INC.,2026-09-22,DOMESTIC BUSINESS CORPORATION,New York,New York,SIBORA MURCHISON,SLM CONSULTING SERVICES INC.,51 EAST 90TH STREET APT 6B,NEW YORK,NY,10128
8027668,MONLEO CORPORATION,2026-09-22,DOMESTIC BUSINESS CORPORATION,Kings,New York,LEVAN ARDOTELI,3133 Brighton 7st apt 5CL,,Brooklyn,NY,11235
8027669,SARVAR ZERO INC.,2026-09-22,DOMESTIC BUSINESS CORPORATION,Kings,New York,SARVARBEK ERKINOV,1293 E 5TH ST,APT 1E,BROOKLYN,NY,11230
8027671,MEHFIL RESTAURANT INC.,2026-09-22,DOMESTIC BUSINESS CORPORATION,Nassau,New York,MEHFIL RESTAURANT INC.,46 WEST OLD COUNTRY ROAD,,"HICKSVILLE,",NY,11801
8027672,ALLIED BRICK LLC,2026-09-22,DOMESTIC LIMITED LIABILITY COMPANY,Queens,New York,attention: joseph j. mckillop,c/o muss development llc,"118-35 queens boulevard, suite 1600",FOREST HILLS,NY,11375
8027673,JERICHO RECOVERY INC.,2026-09-22,DOMESTIC BUSINESS CORPORATION,Nassau,New York,JERICHO RECOVERY INC.,266 JERICHO TPKE,SUITE 102,FLORAL PARK,NY,11001
8027674,GRAND MAGIC INC.,2026-09-22,DOMESTIC BUSINESS CORPORATION,Nassau,New York,GRAND MAGIC INC.,1260 HEMPSTEAD TURNPIKE,,ELMONT,NY,11003
8027676,GOGODEAL CORP.,2026-09-22,DOMESTIC BUSINESS CORPORATION,Queens,New York,GoGoDeal Corp.,153-23 58th Ave,,FLUSHING,NY,11355
8027677,LUCIGNANI CONSULTING LLC,2026-09-22,DOMESTIC LIMITED LIABILITY COMPANY,Queens,New York,LUCIGNANI CONSULTING LLC,19 PILLING STREET,APARTMENT 2,BROOKLYN,NY,11207
8027678,"DHS WILDCATS MUSIC BOOSTERS, INCORPORATED",2026-09-22,DOMESTIC NOT-FOR-PROFIT CORPORATION,Erie,New York,mollie profic,123 brentwood dr,,BUFFALO,NY,14227
8027679,"ALPHAEASY CONCEPT, LLC",2026-09-22,DOMESTIC LIMITED LIABILITY COMPANY,Kings,New York,"ALPHAEASY CONCEPT,LLC",634 CLEVELAND STREET,,BROOKLYN,NY,11208
8027680,156 E 91 LLC,2026-09-22,DOMESTIC LIMITED LIABILITY COMPANY,Kings,New York,156 E 91 LLC,575 E NEW YORK AVE #3A,,BROOKLYN,NY,11225
8027681,SYPS MOBILE BARTENDING LLC,2026-09-22,DOMESTIC LIMITED LIABILITY COMPANY,Monroe,New York,Entity Protect Registered Agent Services LLC,447 Broadway 2nd Fl. - #3000,,New York,NY,10013
8027682,MASTER DEVELOP LLC,2026-09-22,DOMESTIC LIMITED LIABILITY COMPANY,Saratoga,New York,alessandra will,730 bruno road,B,clifton park,NY,12065
8027683,SUPERIOR BUILD GROUP LLC,2026-09-22,DOMESTIC LIMITED LIABILITY COMPANY,Bronx,New York,NIKOLIN PREKU,"555 KAPPOCK STREET, 12K",,BRONX,NY,10463
8027684,FOR THE GIRLS MARKET LLC,2026-09-22,DOMESTIC LIMITED LIABILITY COMPANY,Ulster,New York,Shelby Schaeffer,145 Parsell St,,Kingston,NY,12401
8027685,COURSE MANAGEMENT CO. LLC,2026-09-22,DOMESTIC LIMITED LIABILITY COMPANY,Erie,New York,Matthew Schwandt,5711 Dorothy Circle,,Clarence Center,NY,14032
8027686,BYRNE PROPERTY SERVICES LLC,2026-09-22,DOMESTIC LIMITED LIABILITY COMPANY,Dutchess,New York,ZENBUSINESS INC.,41 STATE STREET,SUITE 112,ALBANY,NY,12207
8027687,"LITTLE OWL & CO STUDIOS, LLC",2026-09-22,DOMESTIC LIMITED LIABILITY COMPANY,Albany,New York,ACCUMERA LLC,"911 CENTRAL AVE., #101",,ALBANY,NY,12206
8027688,"ROCHESTER JR RATTLERS, LLC",2026-09-22,DOMESTIC LIMITED LIABILITY COMPANY,Monroe,New York,"ROCHESTER JR RATTLERS, LLC",po box 543,,HONEOYE FALLS,NY,14472
8027689,LUXEGLOW LIGHTING LLC,2026-09-22,FOREIGN LIMITED LIABILITY COMPANY,Erie,Michigan,matthew smuda,2838 w becker rd.,,GOWANDA,NY,14070
8027690,ECIRIS LLC,2026-09-22,DOMESTIC LIMITED LIABILITY COMPANY,Albany,New York,REGISTERED AGENTS INC.,418 BROADWAY,STE R,ALBANY,NY,12207
8027691,LILU MED CORP.,2026-09-22,DOMESTIC BUSINESS CORPORATION,Kings,New York,Tetyana Bornstein,3711 Shore Pkwy,,Brooklyn,NY,11235
8027692,INTERVENTIONAL PAIN MANAGEMENT MEDICAL CONSULTANT P.C.,2026-09-22,DOMESTIC PROFESSIONAL SERVICE CORPORATION,Kings,New York,INTERVENTIONAL PAIN MANAGEMENT MEDICAL CONSULTANT P.C.,979 51ST STREET,,BROOKLYN,NY,11219
8027696,BRONX WATERPOLO CLUB LLC,2026-09-22,DOMESTIC LIMITED LIABILITY COMPANY,Bronx,New York,West Gartland,2459 Hoffman Ave,,Bronx,NY,10458
8027697,"THEIA SYSTEMS, INC.",2026-09-22,FOREIGN BUSINESS CORPORATION,Kings,Delaware,"THEIA SYSTEMS, INC.",76 N 4TH STREET,APT. 422,BROOKLYN,NY,11249
8027698,FIRST MAGIC INC.,2026-09-22,DOMESTIC BUSINESS CORPORATION,Westchester,New York,FIRST MAGIC INC.,300 W 1ST ST,,MOUNT VERNON,NY,10550
8027699,SAMPSON AND KINGDOM LLC,2026-09-22,DOMESTIC LIMITED LIABILITY COMPANY,Kings,New York,NORTHWEST REGISTERED AGENT LLC,418 BROADWAY,STE N,ALBANY,NY,12207
8027700,40 WEYGANT HILL LLC,2026-09-22,DOMESTIC LIMITED LIABILITY COMPANY,Orange,New York,40 Weygant Hill LLC,40 Weygant Hill,,Woodbury,NY,10930
8027701,BELLHART PROPERTIES LLC,2026-09-22,DOMESTIC LIMITED LIABILITY COMPANY,Saratoga,New York,Bellhart Properties LLC,98 Woodin Rd,,Halfmoon,NY,12065
8027702,VIVIAN HOLDINGS LLC,2026-09-22,DOMESTIC LIMITED LIABILITY COMPANY,Kings,New York,Harold Klein,"1276 47th St, 2nd Fl",,Brooklyn,NY,11219
8027703,"HIGH VIBRATION, LLC",2026-09-22,DOMESTIC LIMITED LIABILITY COMPANY,Nassau,New York,Margaret Rigano,24 Locust Street,,Garden city,NY,11530
8027704,JAHSAF ONE LLC,2026-09-22,DOMESTIC LIMITED LIABILITY COMPANY,Kings,New York,JAKHONGIR ABDUALIEV,1039 E 14 TH ST,,BROOKLYN,NY,11230
8027705,IGNITE OPPORTUNITIES LLC,2026-09-22,DOMESTIC LIMITED LIABILITY COMPANY,Suffolk,New York,IGNITE OPPORTUNITIES LLC,500 W Main St Ste 107,,Babylon,NY,11702
8027706,K TRENDS LLC,2026-09-22,DOMESTIC LIMITED LIABILITY COMPANY,Suffolk,New York,GLORY JESUS CHAMBI,17 ANDREW AVE,,ISLIP TERRACE,NY,11752
8027707,"GILCHRIST HOLDINGS, LLC",2026-09-22,DOMESTIC LIMITED LIABILITY COMPANY,Madison,New York,"GILCHRIST HOLDINGS, LLC",2765 nys rt. 26,,EATON,NY,13334
8027709,31 DEER RUN LLC,2026-09-22,DOMESTIC LIMITED LIABILITY COMPANY,Suffolk,New York,31 DEER RUN LLC,331 Greenwich St. Fl 2,,New York,NY,10013
8027712,LEGACY FUND SOLUTIONS LLC,2026-09-22,DOMESTIC LIMITED LIABILITY COMPANY,Queens,New York,LEGACY FUND SOLUTIONS LLC,80-22 210TH ST,,QUEENS VILLAGE,NY,11427
8027714,WHITESFAMILYFARM LLC,2026-09-22,DOMESTIC LIMITED LIABILITY COMPANY,Ulster,New York,Scott E. White,WhitesFamilyFarm,27 Sunset Drive,Kerhonkson,NY,12446
8027715,RMCONSTRUCTION LLC,2026-09-22,DOMESTIC LIMITED LIABILITY COMPANY,Dutchess,New York,Ronald Cirillo,74 brown rd,,wappingers falls,NY,12590
8027716,JAEVITAS HOLDINGS LLC,2026-09-22,FOREIGN LIMITED LIABILITY COMPANY,Orange,Delaware,REGISTERED AGENTS INC.,418 BROADWAY STE R,,ALBANY,NY,12207
8027717,HILL YEAH TRAVEL LLC,2026-09-22,DOMESTIC LIMITED LIABILITY COMPANY,Nassau,New York,SimpleBiz Registered Agent Services LLC,405 RXR Plaza # F127,,Uniondale,NY,11556
8027718,FDUS SUPPLIES INC.,2026-09-22,DOMESTIC BUSINESS CORPORATION,Queens,New York,THE CORP,42-47 UNION ST UNIT 4A,,FLUSHING,NY,11355
8027719,AUTOMOTIVE EXOTIC AUDIO INC.,2026-09-22,DOMESTIC BUSINESS CORPORATION,Nassau,New York,AUTOMOTIVE EXOTIC AUDIO INC.,1276 HEMPSTEAD TPKE,,ELMONT,NY,11003
8027720,PATCH STORAGE HOLDINGS LLC,2026-09-22,DOMESTIC LIMITED LIABILITY COMPANY,Suffolk,New York,PATCH STORAGE HOLDINGS LLC,2901 west cypress creek rd,ste 120,FORT LAUDERDALE,FL,33309
8027721,PERSAN LLC,2026-09-22,DOMESTIC LIMITED LIABILITY COMPANY,Queens,New York,PERLA SANCHEZ,3233 103TH STREET,2FL,EAST ELMHURST,NY,11369
8027723,FIRE SAFETY HEROES LLC,2026-09-22,DOMESTIC LIMITED LIABILITY COMPANY,Albany,New York,REGISTERED AGENTS INC.,418 BROADWAY,STE R,ALBANY,NY,12207
8027724,SIDEREAL LIMITED LIABILITY COMPANY,2026-09-22,DOMESTIC LIMITED LIABILITY COMPANY,Albany,New York,NORTHWEST REGISTERED AGENT LLC,418 BROADWAY,STE N,ALBANY,NY,12207
8027726,BETCO HOLDINGS LLC,2026-09-22,DOMESTIC LIMITED LIABILITY COMPANY,Kings,New York,David Betesh,21 West 38th Street,14th Floor,New York,NY,10018
8027727,COM REALTY LLC,2026-09-22,DOMESTIC LIMITED LIABILITY COMPANY,Rockland,New York,Com Realty LLC,PO Box 356,,Monsey,NY,10952
8027729,"HIGH TOUCH OVERHEAD DOOR, LLC",2026-09-22,FOREIGN LIMITED LIABILITY COMPANY,Westchester,Delaware,"CAPITOL SERVICES, INC.",1218 CENTRAL AVE.,STE 100,ALBANY,NY,12205
8027731,35 RIMON LLC,2026-09-22,DOMESTIC LIMITED LIABILITY COMPANY,Rockland,New York,Pinchus S Neiman,17 Valencia Dr,,Monsey,NY,10952
8027732,S & D PROFESSIONAL PROPERTIES LLC,2026-09-22,DOMESTIC LIMITED LIABILITY COMPANY,Westchester,New York,THE LIMITED LIABILITY COMPANY,75 ECHO BAY DRIVE,,NEW ROCHELLE,NY,10805
8027733,HOOKMILL HOLDINGS LLC,2026-09-22,DOMESTIC LIMITED LIABILITY COMPANY,Suffolk,New York,HookMill Holdings LLC,P.O. Box 236,,Wainscott,NY,11975
8027734,"LRBL TRANSPORT, INC.",2026-09-22,DOMESTIC BUSINESS CORPORATION,Erie,New York,LEONEXIS LA ROSA BOIZAN,"29 Slate Creek Dr, Apt.# 10",,Cheektowaga,NY,14227
8027735,MONIJAS LLC,2026-09-22,DOMESTIC LIMITED LIABILITY COMPANY,Albany,New York,NORTHWEST REGISTERED AGENT LLC,418 BROADWAY,STE N,ALBANY,NY,12207
8027736,MATTHEW WARD CHIROPRACTIC PLLC,2026-09-22,DOMESTIC PROFESSIONAL SERVICE LIMITED LIABILITY COMPANY,Broome,New York,"HINMAN, HOWARD & KATTELL, LLP",ATTENTION: RYAN M. MEAD,"80 EXCHANGE STREET, SUITE 700",BINGHAMTON,NY,13901
8027739,GABATINIE ENTERTAINMENT LLC,2026-09-22,DOMESTIC LIMITED LIABILITY COMPANY,Bronx,New York,REPUBLIC REGISTERED AGENT SERVICES INC.,54 STATE STREET,STE 804,ALBANY,NY,12207
8027740,ERNESTO GENERAL CONSTRUCTION INC.,2026-09-22,DOMESTIC BUSINESS CORPORATION,Queens,New York,ERNESTO GENERAL CONSTRUCTION INC.,14756 69TH RD APT 1,,FLUSHING,NY,11367
8027741,"AMSA LABS, INC.",2026-09-22,FOREIGN BUSINESS CORPORATION,Kings,Delaware,CORPORATION SERVICE COMPANY,80 STATE STREET,,ALBANY,NY,122072543
8027742,"SHARING, SPARKLES AND HEARTS, BY TRACEY AND CHARLOTTE LLC",2026-09-22,DOMESTIC LIMITED LIABILITY COMPANY,Franklin,New York,SimpleBiz Registered Agent Services LLC,405 RXR Plaza # F127,,Uniondale,NY,11556
8027743,PROBABILITY PRESS LLC,2026-09-22,DOMESTIC LIMITED LIABILITY COMPANY,Queens,New York,Kody Martin,66-94 Fresh Pond Rd,Apt 2,Ridgewood,NY,11385
8027744,COLORTEXIA SUPPLY LLC,2026-09-22,DOMESTIC LIMITED LIABILITY COMPANY,Albany,New York,COLORTEXIA SUPPLY LLC,5316 NEW UTRECHT AVENUE,,BROOKLYN,NY,11219
8027745,HIGH LANTERN GROUP LLC,2026-09-22,FOREIGN LIMITED LIABILITY COMPANY,New York,Colorado,mitzi davis,685 third avenue 22nd floor,,NEW YORK,NY,10017
8027746,CLEMENTE DELI FOOD CORP.,2026-09-22,DOMESTIC BUSINESS CORPORATION,Kings,New York,CLEMENTE DELI FOOD CORP.,71 DIVISION AVE,,BROOKLYN NY,NY,11249
8027747,THE HARDEN HOME LLC,2026-09-22,DOMESTIC LIMITED LIABILITY COMPANY,Monroe,New York,DIANNA BARNES,52 GREEN KNOLLS DR APT D,,ROCHESTER,NY,14620
8027749,M'S FAMILY PAINTING LLC,2026-09-22,DOMESTIC LIMITED LIABILITY COMPANY,Albany,New York,REPUBLIC REGISTERED AGENT SERVICES INC.,54 STATE STREET,STE 804,ALBANY,NY,12207
8027751,THE EVERYTHING LADY LLC,2026-09-22,DOMESTIC LIMITED LIABILITY COMPANY,Monroe,New York,REPUBLIC REGISTERED AGENT SERVICES INC.,54 STATE STREET,STE 804,ALBANY,NY,12207
8027753,CALLLATCH LLC,2026-09-22,DOMESTIC LIMITED LIABILITY COMPANY,New York,New York,CallLatch LLC,207 2nd Ave,Apt 5R,New York,NY,10003
8027754,THE TOMORROW MAKERS TRIZILLIONAIRE SOLUTIONS CORPORATION TTMT,2026-09-22,DOMESTIC BUSINESS CORPORATION,Queens,New York,ROBERT CERAN,90-35 201 ST,,HOLLIS,NY,11423
8027755,BHATTI FAMILY INC.,2026-09-22,DOMESTIC BUSINESS CORPORATION,Monroe,New York,BHATTI FAMILY INC.,7 copley sq,,ROCHESTER,NY,14616
8027756,CHORE STUDIO LLC,2026-09-22,DOMESTIC LIMITED LIABILITY COMPANY,New York,New York,SimpleBiz Registered Agent Services LLC,405 RXR Plaza # F127,,Uniondale,NY,11556
8027757,LUMA GUARCONI STUDIO LLC,2026-09-22,DOMESTIC LIMITED LIABILITY COMPANY,Kings,New York,LUMA GUARCONI STUDIO LLC,432 Suydam St Apt B8,,Brooklyn,NY,11237
8027758,CN KENNETH LLC,2026-09-22,DOMESTIC LIMITED LIABILITY COMPANY,Queens,New York,CN Kenneth LLC,"10249 43rd Avenue, Apt# 4B",,Corona,NY,11368
8027759,"M & D CONSTRUCTIVE, LLC",2026-09-22,DOMESTIC LIMITED LIABILITY COMPANY,Suffolk,New York,"M & D CONSTRUCTIVE, LLC",64 TOWNHOUSE RD,,HUNTINGTON STATION,NY,11746
8027760,17901 - 17911 UNION LLC,2026-09-22,DOMESTIC LIMITED LIABILITY COMPANY,Queens,New York,HART LAW PLLC,"546 FIFTH AVENUE, 6TH FLOOR",,NEW YORK,NY,10036
8027761,BY CMS LLC,2026-09-22,DOMESTIC LIMITED LIABILITY COMPANY,Nassau,New York,SimpleBiz Registered Agent Services LLC,405 RXR Plaza # F127,,Uniondale,NY,11556
8027762,"NOVAXIS NY, INC.",2026-09-22,DOMESTIC BUSINESS CORPORATION,Fulton,New York,Gary Lavicka,44 W Main St,,Johnstown,NY,12095
8027763,WILLOW RIDGE SENIOR LIVING - IVY KNOLL LLC,2026-09-22,DOMESTIC LIMITED LIABILITY COMPANY,Albany,New York,WILLOW RIDGE SENIOR LIVING - IVY KNOLL LLC,4 executive park drive,,ALBANY,NY,12203
8027765,ORANGE HERITAGE TRAIL LLC,2026-09-22,FOREIGN LIMITED LIABILITY COMPANY,Orange,Delaware,C/O C T CORPORATION SYSTEM,28 LIBERTY STREET,,NEW YORK,NY,10005
8027766,"SENSATIONAL RESOLUTIONS, PLLC",2026-09-22,DOMESTIC PROFESSIONAL SERVICE LIMITED LIABILITY COMPANY,Albany,New York,"SENSATIONAL RESOLUTIONS, PLLC",418 broadway,ste y,ALBANY,NY,12207
8027767,SPATIAL WORK STUDIO LLC,2026-09-22,DOMESTIC LIMITED LIABILITY COMPANY,Albany,New York,SPATIAL WORK STUDIO LLC,2125 72ND STREET,,BROOKLYN,NY,11204
8027769,"METRO PHYSICAL THERAPY, OCCUPATIONAL THERAPY AND SPEECH THERAPY PLLC",2026-09-22,DOMESTIC PROFESSIONAL SERVICE LIMITED LIABILITY COMPANY,Queens,New York,"METRO PHYSICAL THERAPY, OCCUPATIONAL THERAPY AND SPEECH THERAPY PLLC",9910 metropolitan ave,,FOREST HILLS,NY,11375
8027771,"SANDERS SPECIALTIES, LLC",2026-09-22,DOMESTIC LIMITED LIABILITY COMPANY,Erie,New York,"SANDERS SPECIALTIES, LLC",333 villa avenue,,BUFFALO,NY,14216
8027772,BRIDGEPOINT SUPPORT SOLUTIONS LLC,2026-09-22,DOMESTIC LIMITED LIABILITY COMPANY,Bronx,New York,Luis Moreno,559 Vincent Avenue,#2,Bronx,NY,10465
8027773,"MEMORYBRIDGE DIGITAL, LLC",2026-09-22,DOMESTIC LIMITED LIABILITY COMPANY,Monroe,New York,"MemoryBridge Digital, LLC",1726 Long Pond Rd,Suite 5 #1020,Rochester,NY,14606
8027774,"SOFTSOUNDSPRESS, LLC",2026-09-22,DOMESTIC LIMITED LIABILITY COMPANY,Monroe,New York,"SoftSoundsPress, LLC",192 Morton Street,,"Rochester,",NY,14609
8027775,NORTH BAY APARTMENTS LLC,2026-09-22,DOMESTIC LIMITED LIABILITY COMPANY,Onondaga,New York,Mark Koester,3 Burns Cove Road,,Jamesville,NY,13078
8027776,BENJAMIN PAWLAK MUSIC LLC,2026-09-22,DOMESTIC LIMITED LIABILITY COMPANY,New York,New York,SimpleBiz Registered Agent Services LLC,405 RXR Plaza # F127,,Uniondale,NY,11556
8027777,AURA ETFS INC.,2026-09-22,FOREIGN BUSINESS CORPORATION,Albany,Delaware,AURA ETFS INC.,"450 w 17th st,",apt 618,NEW YORK,NY,10011
8027778,"HOUSE OF SEVEN FOUNDATION, INC.",2026-09-22,DOMESTIC NOT-FOR-PROFIT CORPORATION,Westchester,New York,yahve alcinay,291 phillips hill road,,NEW CITY,NY,10956
8027779,ALYSSA CRAWLEY DESIGN CO. LLC,2026-09-22,DOMESTIC LIMITED LIABILITY COMPANY,Suffolk,New York,ALYSSA CRAWLEY DESIGN CO. LLC,6 DIANNE CREST,,HUNTINGTON STATION,NY,11746
8027780,BANGLA PRIME TRADE LLC,2026-09-22,DOMESTIC LIMITED LIABILITY COMPANY,Queens,New York,REPUBLIC REGISTERED AGENT SERVICES INC.,54 STATE STREET,STE 804,ALBANY,NY,12207
8027782,GEOLOGICAL BORING SOLUTIONS LLC,2026-09-22,DOMESTIC LIMITED LIABILITY COMPANY,Greene,New York,Kyle C. Brandow,4431 Route 23,,Catskill,NY,12414
8027783,THRIVEED EMPOWERMENT LLC,2026-09-22,DOMESTIC LIMITED LIABILITY COMPANY,Westchester,New York,Sonal Patel-Sheth,77 Harmon Drive,,Larchmont,NY,10538
8027784,STEELPEAK CORP.,2026-09-22,DOMESTIC BUSINESS CORPORATION,Erie,New York,STEELPEAK CORP.,397 ruskin road,,BUFFALO,NY,14226
8027786,THE HALO EFFECT DESIGN STUDIO LLC,2026-09-22,DOMESTIC LIMITED LIABILITY COMPANY,Albany,New York,NORTHWEST REGISTERED AGENT LLC,418 BROADWAY,STE N,ALBANY,NY,12207
8027787,PALACIOS LUNA CORP.,2026-09-22,DOMESTIC BUSINESS CORPORATION,Nassau,New York,PALACIOS LUNA CORP.,90 S MAIN STREET,,FREEPORT,NY,11520
8027788,BENSON RX PHARMACY INC.,2026-09-22,DOMESTIC BUSINESS CORPORATION,Kings,New York,BENSON RX PHARMACY INC.,6822 18th avenue,,BROOKLYN,NY,11204
8027789,SLANTED FLOORS NY LIMITED LIABILITY COMPANY,2026-09-22,DOMESTIC LIMITED LIABILITY COMPANY,New York,New York,c/o baseline theatrical,attention: adam zell,"1501 broadway, 24th floor",NEW YORK,NY,10036
8027790,BUTCHS AUTOMOTIVE LLC,2026-09-22,DOMESTIC LIMITED LIABILITY COMPANY,Broome,New York,Butchs Automotive LLC,26 Towpath Road,,Binghamton,NY,13904
8027791,ENCHANTED EMPERESS CORPORATION,2026-09-22,DOMESTIC BUSINESS CORPORATION,Rockland,New York,Nadja Green,193 Filors Lane,,Stony Point,NY,10980
8027792,SWEET LITTLE PEARL CREATIONS LLC,2026-09-22,DOMESTIC LIMITED LIABILITY COMPANY,Bronx,New York,Megan Walters,1848 colden ave,Apt 2F,Bronx,NY,10462
8027793,FIERRO RESTORATION GROUP INC.,2026-09-22,DOMESTIC BUSINESS CORPORATION,Westchester,New York,LUIS FIERRO,406 MIDLAND AVE,,YONKERS,NY,10704
8027794,NEW WAY GROUP LLC,2026-09-22,DOMESTIC LIMITED LIABILITY COMPANY,Kings,New York,GLORALUIS DE JESUS,156 AUTUMN AVE,,BROOKLYN,NY,11208
8027795,19 RIMON LLC,2026-09-22,DOMESTIC LIMITED LIABILITY COMPANY,Rockland,New York,Pinchus S Neiman,17 Valencia Dr,,Monsey,NY,10952
8027796,ADIRONDACK TRADES NETWORK LLC,2026-09-22,DOMESTIC LIMITED LIABILITY COMPANY,Franklin,New York,ADIRONDACK TRADES NETWORK LLC,9 lalonde avenue,,TUPPER LAKE,NY,12986
8027797,"ALY AESTHETICS, LLC",2026-09-22,DOMESTIC LIMITED LIABILITY COMPANY,Oneida,New York,"ALY AESTHETICS, LLC",504 mohawk street,,UTICA,NY,13501
8027798,SARAH BUCHHEIT LLC,2026-09-22,DOMESTIC LIMITED LIABILITY COMPANY,Nassau,New York,SimpleBiz Registered Agent Services LLC,405 RXR Plaza # F127,,Uniondale,NY,11556
8027799,"FLAT RATE LONG DISTANCE HOLDINGS, INC.",2026-09-22,DOMESTIC BUSINESS CORPORATION,Bronx,New York,"FLAT RATE LONG DISTANCE HOLDINGS, INC.",27 bruckner blvd.,,BRONX,NY,10454
8027800,INOMJON LLC,2026-09-22,DOMESTIC LIMITED LIABILITY COMPANY,Kings,New York,IKHTIYOR IBROGIMOV,24 BRIGHTON 3RD LN,,BROOKLYN,NY,11235
8027801,LUCID COMMERCIAL CLEANING LLC,2026-09-22,DOMESTIC LIMITED LIABILITY COMPANY,Richmond,New York,James Bavaro,602 Main Street,,Staten Island,NY,10307
8027802,"16 CARRIAGE ASSOCIATES, LLC",2026-09-22,FOREIGN LIMITED LIABILITY COMPANY,Nassau,Florida,"laurence i. blair, esq.",greenspoon marder llp,"2255 glades road, suite 400-e",BOCA RATON,FL,33431
8027804,NANCY LAVO REALTY LLC,2026-09-22,DOMESTIC LIMITED LIABILITY COMPANY,Tioga,New York,NANCY LAVO REALTY LLC,14 Halstead Ave,,Owego,NY,13827
8027805,THE GALIL GROUPE LLC,2026-09-22,DOMESTIC LIMITED LIABILITY COMPANY,Rockland,New York,THE GALIL GROUPE LLC,5 Miele Rd unit 113,,Monsey,NY,10952
8027806,BOGHT PROPERTY MANAGEMENT LLC,2026-09-22,DOMESTIC LIMITED LIABILITY COMPANY,Albany,New York,Boght Property Management LLC,6 Havenbrook Ct,,Cohoes,NY,12047
8027807,SOLIDLINE SAFETY CONSULTING LLC,2026-09-22,DOMESTIC LIMITED LIABILITY COMPANY,Kings,New York,SolidLine Safety Consulting LLC,1835 83rd Street,apt 6c,Brooklyn,NY,11214
8027809,452 CARLSAM LLC,2026-09-22,DOMESTIC LIMITED LIABILITY COMPANY,Rockland,New York,452 CARLSAM LLC,21 Annette Ln,,Airmont,NY,10901
8027810,KOSCIUSZKO STREET HOLDINGS 614 LLC,2026-09-22,DOMESTIC LIMITED LIABILITY COMPANY,Kings,New York,Kosciuszko Street Holdings 614 LLC,532 Willoughby Ave Suite 1,,Brooklyn,NY,11206
8027812,2-HAULIT LLC,2026-09-22,DOMESTIC LIMITED LIABILITY COMPANY,Nassau,New York,SABRINA ADONUS,43 STERLING RD,,ELMONT,NY,11003
8027813,907 SOUTHERN BLVD LLC,2026-09-22,DOMESTIC LIMITED LIABILITY COMPANY,Albany,New York,907 Southern Blvd LLC,10 Florence Court,,Valley Cottage,NY,10989
8027815,NORTHPEAK DIGITAL INC.,2026-09-22,DOMESTIC BUSINESS CORPORATION,Orange,New York,NORTHPEAK DIGITAL INC.,8 REBECCA DRIVE,,MIDDLETOWN,NY,10940
8027817,METROPOLITAN AG CONSULTING INC.,2026-09-22,DOMESTIC BUSINESS CORPORATION,Rockland,New York,Lindsey S. Arnell,70 Tate Avenue,,Piermont,NY,10968
8027818,"CURECTION, LLC",2026-09-22,FOREIGN LIMITED LIABILITY COMPANY,Albany,Maryland,"CAPITOL SERVICES, INC.",1218 CENTRAL AVE.,STE 100,ALBANY,NY,12205
8027820,LITTLE BLOOM GROUP FAMILY DAYCARE INC.,2026-09-22,DOMESTIC BUSINESS CORPORATION,Bronx,New York,MATTHEW MARTINEZ GOMEZ,3251 3RD AVENUE,5D,BRONX,NY,10456
8027821,"COPYRIGHT SLAP, INC.",2026-09-22,FOREIGN BUSINESS CORPORATION,New York,Delaware,"COPYRIGHT SLAP, INC.",99 wall street,#1754,NEW YORK,NY,10005
8027823,NEO IVY YAO FAMILY FOUNDATION,2026-09-22,FOREIGN NOT-FOR-PROFIT CORPORATION,New York,Delaware,c/o ranting (renee) yao,250 park avenue,floor 14,NEW YORK,NY,10177
8027824,LOIS & HAROLD HOLDINGS INC.,2026-09-22,DOMESTIC BUSINESS CORPORATION,Suffolk,New York,LOIS & HAROLD HOLDINGS INC.,126 Davidson St,,Wyandanch,NY,11798
8027826,BLACKCHIP PROPERTIES LLC,2026-09-22,DOMESTIC LIMITED LIABILITY COMPANY,Onondaga,New York,BLACKCHIP PROPERTIES LLC,6259 State Route 31 # 1,,Cicero,NY,13039
8027827,SMASH ME LLC,2026-09-22,DOMESTIC LIMITED LIABILITY COMPANY,New York,New York,SMASH ME LLC,3903 BROADWAY,,NEW YORK,NY,10032
8027828,35 SPINNER LANE LLC,2026-09-22,DOMESTIC LIMITED LIABILITY COMPANY,Suffolk,New York,35 SPINNER LANE LLC,"81 Newtown Lane, Suite 272",,East Hampton,NY,11937
8027830,LIBERTY OUTLET INC.,2026-09-22,DOMESTIC BUSINESS CORPORATION,Queens,New York,LIBERTY OUTLET INC.,63-14 QUEENS BLVD APT 2B,,WOODSIDE,NY,11377
8027831,492 MAIN CAPITAL LLC,2026-09-22,DOMESTIC LIMITED LIABILITY COMPANY,Westchester,New York,492 MAIN CAPITAL LLC,148 arnold place,,THORNWOOD,NY,10594
8027833,WOLKR WEARS AND GEARS CORP.,2026-09-22,DOMESTIC BUSINESS CORPORATION,Bronx,New York,"muhammad s ali, muhammad asim",2770 FISH AVE,,BRONX,NY,10469
8027835,UPSCALE TRIMMING INC.,2026-09-22,DOMESTIC BUSINESS CORPORATION,Rockland,New York,UPSCALE TRIMMING INC.,2 Krolla Dr Unit 302,,Monroe,NY,10950
8027836,RIMON CAPITAL LLC,2026-09-22,DOMESTIC LIMITED LIABILITY COMPANY,Albany,New York,RIMON CAPITAL LLC,"1274 49 Street, Suite 408",,Brooklyn,NY,11219
8027837,RABBIT'S CHEESESTEAKS INC.,2026-09-22,DOMESTIC BUSINESS CORPORATION,Richmond,New York,RABBIT'S CHEESESTEAKS INC.,4072 Hylan Blvd,,Staten Island,NY,10308
8027838,EMPIRE MOTOR WORKS LLC,2026-09-22,DOMESTIC LIMITED LIABILITY COMPANY,Kings,New York,Michele Fox,394 Myrtle Avenue,Suite 95,Brooklyn,NY,11205
8027840,NABSYS 2.0 LLC,2026-09-22,FOREIGN LIMITED LIABILITY COMPANY,Kings,Delaware,REGISTERED AGENTS INC.,418 BROADWAY STE R,,ALBANY,NY,12207
8027842,AVI SINGH INC.,2026-09-22,DOMESTIC BUSINESS CORPORATION,Queens,New York,AVI SINGH INC.,120 08 133 AVE,,SOUTH OZONE PARK,NY,11420
8027843,NA CREATIVE STUDIO LLC,2026-09-22,DOMESTIC LIMITED LIABILITY COMPANY,Albany,New York,NA CREATIVE STUDIO LLC,25 LINKS RD,,SMITHTOWN,NY,11787
8027844,RIGMER LLC,2026-09-22,DOMESTIC LIMITED LIABILITY COMPANY,Queens,New York,RIGO A MERCEDES,3233 103TH STREET,2FL,EAST ELMHURST,NY,11369
8027845,BITEBOX VENDING LLC,2026-09-22,DOMESTIC LIMITED LIABILITY COMPANY,Erie,New York,BITEBOX VENDING LLC,8921 BOSTON STATE RD,APT 110,BOSTON,NY,14025
8027846,33 WY INC.,2026-09-22,DOMESTIC BUSINESS CORPORATION,Kings,New York,33 WY INC.,4917 7TH AVE,,BROOKLYN,NY,11220
8027848,"MS. ANNE'S, LLC",2026-09-22,DOMESTIC LIMITED LIABILITY COMPANY,Kings,New York,Inc Authority RA,"42 Broadway, Fl. 12-200",,New York,NY,10004
8027849,HELL'S SHOP LLC,2026-09-22,DOMESTIC LIMITED LIABILITY COMPANY,New York,New York,HELL'S SHOP LLC,228 Park Ave S #485721,,New York,NY,10003
8027850,"40TH AVE 4A, INC.",2026-09-22,DOMESTIC BUSINESS CORPORATION,Suffolk,New York,"tini law, p.c.",435 montauk highway,,WEST ISLIP,NY,11795
8027851,EAST 124 EXPRESS INC.,2026-09-22,DOMESTIC BUSINESS CORPORATION,New York,New York,EAST 124 EXPRESS INC.,136 EAST 124TH ST,,NEW YORK,NY,10035
8027852,NUR DAYCARE LLC,2026-09-22,DOMESTIC LIMITED LIABILITY COMPANY,Bronx,New York,Zayenabu KENNEH,1064 Sheridan Ave,Apt 1B,Bronx,NY,10456
8027854,MEYROV LAW PLLC,2026-09-22,DOMESTIC PROFESSIONAL SERVICE LIMITED LIABILITY COMPANY,Queens,New York,MEYROV LAW PLLC,112-07 75th ave,second floor,FOREST HILLS,NY,11375
8027855,CEFLI LLC,2026-09-22,DOMESTIC LIMITED LIABILITY COMPANY,Rockland,New York,CEFLI LLC,6 Melnick Dr,Suite 107,Monsey,NY,10952
8027856,THE MODERN DAY COLLECTIVE LLC,2026-09-22,DOMESTIC LIMITED LIABILITY COMPANY,Nassau,New York,Edward Van-Ess,112 N Terrace Pl,,Valley Stream,NY,11580
8027857,YADAV TRANSPORT INC.,2026-09-22,DOMESTIC BUSINESS CORPORATION,Suffolk,New York,YADAV TRANSPORT INC.,128 W 3RD STREET,,DEER PARK,NY,11729
8027858,MAZZA LIMOUSINE CORP.,2026-09-22,DOMESTIC BUSINESS CORPORATION,Rockland,New York,Mordehay Herskovitz,2 Mazza Court,,Pomona,NY,10970
8027859,RES RIVER ROAD LLC,2026-09-22,FOREIGN LIMITED LIABILITY COMPANY,Orange,Delaware,C T CORPORATION SYSTEM,28 LIBERTY STREET,,NEW YORK,NY,10005
8027860,SM&M PARTNERS LLC,2026-09-22,DOMESTIC LIMITED LIABILITY COMPANY,Nassau,New York,SM&M Partners LLC,11 Willets Lane,,Manhasset,NY,11030
8027861,FLOOR TO DRAWER LLC,2026-09-22,DOMESTIC LIMITED LIABILITY COMPANY,Westchester,New York,Irene Tsikitas,716 Larchmont Acres,Apt C,Larchmont,NY,10538
8027862,BLUEMOON GROCERY & DISCOUNT CORP.,2026-09-22,DOMESTIC BUSINESS CORPORATION,Kings,New York,HUSSAIN ALHADDAD,383 SUTTER AVE,,BROOKLYN,NY,11207
8027863,MOTION HOUSE LLC,2026-09-22,DOMESTIC LIMITED LIABILITY COMPANY,Albany,New York,MOTION HOUSE LLC,305 AVENUE J,,BROOKLYN,NY,11230
8027864,SSAM PHARMACY CORP.,2026-09-22,DOMESTIC BUSINESS CORPORATION,Westchester,New York,SOHAIL AKHTAR/SIDRA SOHAIL/AYESHA SOHAIL/MUSTAFA SOHAIL,16 WOODLANDS AVE N,,WHITEPLAINS,NY,10607
8027866,GOZO NYC LLC,2026-09-22,DOMESTIC LIMITED LIABILITY COMPANY,Albany,New York,CORPORATION SERVICE COMPANY,80 STATE STREET,,ALBANY,NY,122072543
8027867,PEAKINFRA INC.,2026-09-22,FOREIGN BUSINESS CORPORATION,New York,Delaware,PEAKINFRA INC.,233 east 60th street apt 5,,NEW YORK,NY,10022
8027868,"STARBERD, LLC",2026-09-22,DOMESTIC LIMITED LIABILITY COMPANY,Warren,New York,"Starberd, LLC",57 Revere Rd,,Queensbury,NY,12804
8027869,"THRIVE OROSCO PSYCHIATRIC SERVICES, NP IN PSYCHIATRY P.C.",2026-09-22,DOMESTIC PROFESSIONAL SERVICE CORPORATION,Westchester,New York,c/o BUSINESS FILINGS INCORPORATED,28 LIBERTY ST.,,NEW YORK,NY,10005
8027871,"20 CEDAR HILL TERRACE, LLC",2026-09-22,DOMESTIC LIMITED LIABILITY COMPANY,Suffolk,New York,"20 CEDAR HILL TERRACE, LLC",1007 ROUTE 25A,,MILLER PLACE,NY,11764
8027872,WELL APPOINTED PROJECTS LLC,2026-09-22,DOMESTIC LIMITED LIABILITY COMPANY,Albany,New York,NORTHWEST REGISTERED AGENT LLC,418 BROADWAY,STE N,ALBANY,NY,12207
8027873,550 FIFTH AVE GRC EMPLOYER LLC,2026-09-22,DOMESTIC LIMITED LIABILITY COMPANY,Kings,New York,550 FIFTH AVE GRC EMPLOYER LLC,168 39th street,suite 306,BROOKLYN,NY,11232
8027875,"PHOENIX HEALTHCARE, NP IN PSYCHIATRY, PLLC",2026-09-22,DOMESTIC PROFESSIONAL SERVICE LIMITED LIABILITY COMPANY,Erie,New York,"PHOENIX HEALTHCARE, NP IN PSYCHIATRY, PLLC",5820 main street,suite 503,williamsville,NY,14221
8027876,227 HOLDINGZ LLC,2026-09-22,DOMESTIC LIMITED LIABILITY COMPANY,Nassau,New York,227 HOLDINGZ LLC,17 BARSTOW RD.,SUITE 401,GREAT NECK,NY,11021
8027877,"JEWELS OF COLOR, INC.",2026-09-22,DOMESTIC BUSINESS CORPORATION,Nassau,New York,"Jewels of Color, Inc.","98 Cutter Mill Rd., Suite 482N",,Great Neck,NY,11021
8027878,KAYSAYO INSURANCE SERVICES LLC,2026-09-22,DOMESTIC LIMITED LIABILITY COMPANY,Kings,New York,KAYSAYO INSURANCE SERVICES LLC,319 STATE ST.,APT GARDEN,BROOKLYN,NY,11217
8027879,LA CHICATANA DELI GROCERY CORP.,2026-09-22,DOMESTIC BUSINESS CORPORATION,Bronx,New York,LA CHICATANA DELI GROCERY CORP.,4330 KATONAH AVE,,BRONX,NY,10470
8027880,WE ARE OUT THERE LIMITED LIABILITY COMPANY,2026-09-22,DOMESTIC LIMITED LIABILITY COMPANY,New York,New York,Alchemation Limited Liability Company,561 7th Avenue,3rd Floor,New York,NY,10018
8027881,BRANDEALR LLC,2026-09-22,DOMESTIC LIMITED LIABILITY COMPANY,Suffolk,New York,BRANDEALR LLC,"1721 Motor Parkway, Unit S208",,Hauppauge,NY,11788
8027882,EDICTIVE HOUSE LLC,2026-09-22,DOMESTIC LIMITED LIABILITY COMPANY,Kings,New York,Edictive House LLC,55 Fleet St,30D,Brooklyn,NY,11201
8027883,LCH TECHNOLOGY INC.,2026-09-22,DOMESTIC BUSINESS CORPORATION,Kings,New York,LCH TECHNOLOGY INC.,8315 13th Ave,,Brooklyn,NY,11228
8027884,SASTRERIA GARCIA LLC,2026-09-22,DOMESTIC LIMITED LIABILITY COMPANY,New York,New York,Christopher Garcia Morillo,540 West 165th St APT Bsmt,,New York,NY,10032
8027885,JS SHOPPING CORP.,2026-09-22,DOMESTIC BUSINESS CORPORATION,Queens,New York,JS Shopping Corp.,15005 25th Ave,,WHITESTONE,NY,11357
8027886,AALEEN MOBILE TRADING LLC,2026-09-22,DOMESTIC LIMITED LIABILITY COMPANY,Queens,New York,Aaleen Mobile Trading LLC,109-10 PARK LANE,UNIT B1,S RICHMOND HILL,NY,11418
8027888,HIWORDY NY INC.,2026-09-22,DOMESTIC BUSINESS CORPORATION,Nassau,New York,RICHARD WU,3439 PARK AVE,,OCEANSIDE,NY,11572
8027890,17119 107 AVE INC.,2026-09-22,DOMESTIC BUSINESS CORPORATION,Queens,New York,MOSTAK AHMED,175-61 HILLSIDE AVE,SUITE 206,JAMAICA,NY,11432
8027891,HTN SERVICES LLC,2026-09-22,DOMESTIC LIMITED LIABILITY COMPANY,Bronx,New York,Billy Filmore,2097 Webster Avenue,Apt 4S,Bronx,NY,10457
8027892,BLESSED CREATIVE TOUCH LLC,2026-09-22,DOMESTIC LIMITED LIABILITY COMPANY,Kings,New York,DANIELA BAEZ,453 HINSDALE STREET # 305,,BROOKLYN,NY,11207
8027893,UNITED SAFETY GROUP INC.,2026-09-22,DOMESTIC BUSINESS CORPORATION,Nassau,New York,MANPREET KAUR,101 BARRYMORE BLVD,,FRANKLIN SQUARE,NY,11010
8027894,GLOBO VOYAGE LLC,2026-09-22,DOMESTIC LIMITED LIABILITY COMPANY,Westchester,New York,Po Kwok,76 Westminster Road,,Scarsdale,NY,10583
8027895,TANDOORI ADDA INC.,2026-09-22,DOMESTIC BUSINESS CORPORATION,Nassau,New York,TANDOORI ADDA INC.,1560 DUTCH BROADWAY,,ELMONT,NY,11003
8027896,GOYAL FAMILY PARTNERS LLC,2026-09-22,DOMESTIC LIMITED LIABILITY COMPANY,Westchester,New York,GOYAL FAMILY PARTNERS LLC,1725 CENTRAL PARK AVENUE,,YONKERS,NY,10710
8027897,"GET APPROVED INSURANCE AGENCY, LLC",2026-09-22,DOMESTIC LIMITED LIABILITY COMPANY,Kings,New York,"GET APPROVED INSURANCE AGENCY, LLC",1480 ocean ave,apt 4f,BROOKLYN,NY,11230
8027898,SMARTVALUE AUTO LLC,2026-09-22,DOMESTIC LIMITED LIABILITY COMPANY,Monroe,New York,SMARTVALUE AUTO LLC,22 WRIGHT STREET,,ROCHESTER,NY,14611
8027900,ARENA TECH LLC,2026-09-22,DOMESTIC LIMITED LIABILITY COMPANY,Albany,New York,AIRIN PARVIN KHAN,3714 73RD STREET,SUITE #206 2ND FLOOR,JACKSON HEIGHTS,NY,11372
8027901,QUEENS BLVD. MEDICAL P.C.,2026-09-22,DOMESTIC PROFESSIONAL SERVICE CORPORATION,Queens,New York,QUEENS BLVD. MEDICAL P.C.,"31-10 37th ave,",ste 204,LONG ISLAND CITY,NY,11101
8027902,WESERVE LLC,2026-09-22,DOMESTIC LIMITED LIABILITY COMPANY,Albany,New York,NORTHWEST REGISTERED AGENT LLC,418 BROADWAY,STE N,ALBANY,NY,12207
8027903,G&G GROCERY INC.,2026-09-22,DOMESTIC BUSINESS CORPORATION,Bronx,New York,HISHAM A NAGI,6 E 167TH STREET,,BRONX,NY,10452
8027904,100 TRENTON AVENUE LLC,2026-09-22,DOMESTIC LIMITED LIABILITY COMPANY,Nassau,New York,Frank Arena,4202 Austin Blvd.,,Island Park,NY,11558
8027905,"QUEENS BLVD. ANESTHESIA, P.C.",2026-09-22,DOMESTIC PROFESSIONAL SERVICE CORPORATION,Queens,New York,"QUEENS BLVD. ANESTHESIA, P.C.",31-10 37th ave,ste 204,LONG ISLAND CITY,NY,11101
8027906,CRAVE ON WHEELS INC.,2026-09-22,DOMESTIC BUSINESS CORPORATION,Nassau,New York,PRABHPREET BHARIJ,1662 MADISON STREET,,ELMONT,NY,11003
8027907,FORTYS TIRE SHOP CORP.,2026-09-22,DOMESTIC BUSINESS CORPORATION,Kings,New York,FORTYS TIRE SHOP CORP.,7315 13TH AVENUE,,BROOKLYN,NY,11228
8027908,GRAND AVE LAUNDRY LLC,2026-09-22,DOMESTIC LIMITED LIABILITY COMPANY,Queens,New York,Grand Ave Laundry LLC,225 Cherry Street,17p,New York,NY,10002
8027909,LIN ORTHODONTICS PLLC,2026-09-22,DOMESTIC PROFESSIONAL SERVICE LIMITED LIABILITY COMPANY,Kings,New York,LIN ORTHODONTICS PLLC,1269 66TH STREET,,BROOKLYN,NY,11219
8027910,MAISON STEEP LLC,2026-09-22,DOMESTIC LIMITED LIABILITY COMPANY,Westchester,New York,Yoonju Lee (also known as Lucy Lee),8 Hamilton Road,,Scarsdale,NY,10583
8027911,8621 LEFFERTS LLC,2026-09-22,DOMESTIC LIMITED LIABILITY COMPANY,Queens,New York,Yossi Assayag,193-25 Keno Ave,,Hollis,NY,11423
8027913,BLOOMKIND LLC,2026-09-22,DOMESTIC LIMITED LIABILITY COMPANY,Cattaraugus,New York,Justin Manganiello,94 Washington St,,Cattaraugus,NY,14719
8027914,"D & T VENDING SERVICES, LLC",2026-09-22,DOMESTIC LIMITED LIABILITY COMPANY,Orange,New York,Toumeka Herring,807 Cortland Drive,,Newburgh,NY,12550
8027915,196 OAK LENDER LLC,2026-09-22,DOMESTIC LIMITED LIABILITY COMPANY,Albany,New York,USACORP INC,66 Park Avenue,,Albany,NY,12202
8027916,ELEVATE EXPRESS LOGISTICS LLC,2026-09-22,DOMESTIC LIMITED LIABILITY COMPANY,New York,New York,Entity Protect Registered Agent Services LLC,447 Broadway 2nd Fl. - #3000,,New York,NY,10013
8027917,ALL-TYPE COLLISION REPAIR-SERVICE INC.,2026-09-22,DOMESTIC BUSINESS CORPORATION,Kings,New York,ALL-TYPE COLLISION REPAIR-SERVICE INC.,218 48th Street,,Brooklyn,NY,11220
8027918,DSG PROPERTY MANAGEMENT GROUP LLC,2026-09-22,DOMESTIC LIMITED LIABILITY COMPANY,Queens,New York,DSG PROPERTY MANAGEMENT GROUP LLC,116-53 SUTPHIN BLVD,,JAMAICA,NY,11434
8027919,BENCH BEAUTY GROUP INC.,2026-09-22,DOMESTIC BUSINESS CORPORATION,Queens,New York,THE COMPANY,145-12 14TH AVENUE,,WHITESTONE,NY,11357
8027920,NAYEL LLC,2026-09-22,DOMESTIC LIMITED LIABILITY COMPANY,Broome,New York,Natasha Rampersaud,1122 Frost Road,,Endicott,NY,13760
8027921,STARPATH LEARNING LLC,2026-09-22,DOMESTIC LIMITED LIABILITY COMPANY,Richmond,New York,Starpath Learning,25 Harold Street,,Staten Island,NY,10314
8027923,OOO ZEROMAX INC.,2026-09-22,DOMESTIC BUSINESS CORPORATION,Kings,New York,ODILKHON ISMOILOV,2077 E 12 TH STREET,,BROOKLYN,NY,11229
8027925,"TAMEXPRESS CARGO, LLC",2026-09-22,DOMESTIC LIMITED LIABILITY COMPANY,Onondaga,New York,TAMRA THOMAS,138 MCKINLEY AVE,,SYRACUSE,NY,13205
8027926,525 CC NAILS INC.,2026-09-22,DOMESTIC BUSINESS CORPORATION,New York,New York,525 CC NAILS INC.,525 3RD AVE,,NEW YORK,NY,10016
8027927,"ODIN STRATEGIC GROUP, INC.",2026-09-22,DOMESTIC BUSINESS CORPORATION,Westchester,New York,John V. Hogan,"348 E. Olive Ave., E1",,Burbank,CA,91607
8027928,"TWIN RIVER HOLDCO, LLC",2026-09-22,FOREIGN LIMITED LIABILITY COMPANY,Delaware,Delaware,ELI ALBRECHT,1500 K STREET,2ND FLOOR,WASHINGTON,DC,20005
8027929,"FRIENDS OF OAK ORCHARD YOUTH SAILING, INC.",2026-09-22,DOMESTIC NOT-FOR-PROFIT CORPORATION,Orleans,New York,"FRIENDS OF OAK ORCHARD YOUTH SAILING, INC.",932 water street,,KENT,NY,14477
8027930,CANAL PROJECT MEMBER LLC,2026-09-22,DOMESTIC LIMITED LIABILITY COMPANY,Albany,New York,CANAL PROJECT MEMBER LLC,2 Harrison Street,,Catskill,NY,12414
8027931,SUNRISE TECH INC.,2026-09-22,DOMESTIC BUSINESS CORPORATION,Nassau,New York,MANDEEP MEHTA,63 WINIFRED DR,,MERRICK,NY,11566
8027932,TRZ PROPERTIES LLC,2026-09-22,DOMESTIC LIMITED LIABILITY COMPANY,Rensselaer,New York,TRZ PROPERTIES LLC,9 Valente Dr,,Wynantskill,NY,12198
8027933,RENSSELAER MAZAL AVE LLC,2026-09-22,DOMESTIC LIMITED LIABILITY COMPANY,Nassau,New York,"JONATHAN J. SOMERSTEIN, ESQ",199 JERICHO TURNPIKE,SUITE 101,FLORAL PARK,NY,11001
8027934,127 FOOD INC.,2026-09-22,DOMESTIC BUSINESS CORPORATION,Queens,New York,127 FOOD INC.,127-02 MERRICK BLVD,,ROCHDALE,NY,11434
8027935,ALCEU HUNTER LLC,2026-09-22,DOMESTIC LIMITED LIABILITY COMPANY,Suffolk,New York,ALCEU HUNTER LLC,147 SMITH ROAD,,LAKE GROVE,NY,11755
8027936,LUCKY STAR MINI MARKET I INC.,2026-09-22,DOMESTIC BUSINESS CORPORATION,Bronx,New York,Rodolfo Castillo Soto,1201 White Plains Rd,,bronx,NY,10472
8027937,CT TAX SOLUTIONS LLC,2026-09-22,DOMESTIC LIMITED LIABILITY COMPANY,Kings,New York,Carla Tejada,185 Menahan st,Apt. 2R,Brooklyn,NY,11234
8027939,GRACE ORIGINAL BEAUTY SALON CORP.,2026-09-22,DOMESTIC BUSINESS CORPORATION,New York,New York,GRICEYDA M VILLAR BAEZ,2461 FREDERICK DOUGLASS BLVD,,NEW YORK,NY,10027
8027940,JWW WILLIAMS LLC,2026-09-22,DOMESTIC LIMITED LIABILITY COMPANY,Suffolk,New York,JWW WILLIAMS LLC,154 Old Northport Rd,,Kings Park,NY,11754
8027941,PSAINI LIMO INC.,2026-09-22,DOMESTIC BUSINESS CORPORATION,Queens,New York,PSAINI LIMO INC.,13007 133RD AVE,,SOUTH OZONE PARK,NY,11420
8027942,HARRISON NYC HOLDINGS LLC,2026-09-22,DOMESTIC LIMITED LIABILITY COMPANY,Kings,New York,Harrison NYC Holdings LLC,183 Wilson St,STE 253,Brooklyn,NY,11211
8027944,3545 12TH AVENUE LLC,2026-09-22,DOMESTIC LIMITED LIABILITY COMPANY,Kings,New York,3545 12TH AVENUE LLC,3545 12th Ave.,,Brooklyn,NY,11218
8027945,ARDI HOSPITALITY LLC,2026-09-22,DOMESTIC LIMITED LIABILITY COMPANY,Nassau,New York,ARDI HOSPITALITY,1998 Hillside Avenue,,New Hyde Park,NY,11040
8027946,AYB HOLDINGS INC.,2026-09-22,DOMESTIC BUSINESS CORPORATION,Kings,New York,AYB HOLDINGS INC.,225 Division Avenue,3b,Brooklyn,NY,11211
8027947,LOOSE LEAF BEVERAGES LLC,2026-09-22,DOMESTIC LIMITED LIABILITY COMPANY,Nassau,New York,LOOSE LEAF BEVERAGES LLC,165 Birch Dr,,Roslyn,NY,11576
8027948,RL HOME LLC,2026-09-22,DOMESTIC LIMITED LIABILITY COMPANY,Rockland,New York,RL HOME LLC,14 KORITZ WAY,,SPRING VALLEY,NY,10977
8027949,IRLL INC.,2026-09-22,DOMESTIC BUSINESS CORPORATION,New York,New York,IRLL INC.,235 East 4th Street,,New York,NY,10009
8027950,SWIFT CURRENT SOLUTIONS LLC,2026-09-22,DOMESTIC LIMITED LIABILITY COMPANY,Albany,New York,NORTHWEST REGISTERED AGENT LLC,418 BROADWAY,STE N,ALBANY,NY,12207
8027951,"NORTHSTAR EXECUTION PARTNERS, LLC",2026-09-22,DOMESTIC LIMITED LIABILITY COMPANY,Oswego,New York,"NorthStar Execution Partners, LLC",273 Tanner Road,,Constantia,NY,13044
8027952,AXLECREST LOGISTICS LLC,2026-09-22,DOMESTIC LIMITED LIABILITY COMPANY,Kings,New York,AXLECREST LOGISTICS LLC,45 Main St Ste 240 #423451,,Brooklyn,NY,11201
8027954,TOWER 18127 REALTY LLC,2026-09-22,DOMESTIC LIMITED LIABILITY COMPANY,Albany,New York,TOWER 18127 REALTY LLC,PO BOX 10873,,ALBANY,NY,12201
8027955,"ACCORD MEDIATION SERVICES, LLC",2026-09-22,DOMESTIC LIMITED LIABILITY COMPANY,Monroe,New York,"Accord Mediation Services, LLC",1150 Penfield Road,,Rochester,NY,14625
8027956,LAKSEWANA RESTAURANT INC.,2026-09-22,DOMESTIC BUSINESS CORPORATION,Richmond,New York,Ruchira Yamasinghe,668 Bay St,,Staten Island,NY,10304
8027957,JG FAMILY CAPITAL LLC,2026-09-22,DOMESTIC LIMITED LIABILITY COMPANY,Kings,New York,JOSE E CARABALLO SANCHEZ,156 AUTUMN AVE,,BROOKLYN,NY,11208
8027958,AMG EMPIRE CORPORATION,2026-09-22,DOMESTIC BUSINESS CORPORATION,Richmond,New York,Mohammad Maaz,54 Elizabeth Avenue,,Staten Island,NY,10310
8027959,BLACC VANILLA TOO LLC,2026-09-22,DOMESTIC LIMITED LIABILITY COMPANY,Albany,New York,NORTHWEST REGISTERED AGENT LLC,418 BROADWAY,STE N,ALBANY,NY,12207
8027960,NORTH ROCK INVESTIGATIVE GROUP LLC,2026-09-22,DOMESTIC LIMITED LIABILITY COMPANY,New York,New York,NORTH ROCK INVESTIGATIVE GROUP LLC,228 Park Ave S #553883,,New York,NY,10003
8027962,"BUTLER INTERIORS, INC.",2026-09-22,DOMESTIC BUSINESS CORPORATION,Westchester,New York,"BUTLER INTERIORS, INC.",46 HALSTEAD AVE,,YONKERS,NY,10704
8027963,THE GOOD STUFF FOODS NYC LLC,2026-09-22,DOMESTIC LIMITED LIABILITY COMPANY,Albany,New York,NORTHWEST REGISTERED AGENT LLC,418 BROADWAY,STE N,ALBANY,NY,12207
8027964,197 NEP AVE LLC,2026-09-22,DOMESTIC LIMITED LIABILITY COMPANY,Westchester,New York,RICHARD ROMANO,313 SOUTH 6TH AVE,,MOUNT VERNON,NY,10550
8027965,SUS ALAFIA 4 INC.,2026-09-22,DOMESTIC BUSINESS CORPORATION,New York,New York,SUS ALAFIA 4 INC.,"463 seventh avenue, 17th floor",,NEW YORK,NY,10018
8027966,VERMA SOFTWARE INC.,2026-09-22,DOMESTIC BUSINESS CORPORATION,Kings,New York,A UMROMOV,"249 THOMAS BOYLAND STREET,",,BROOKLYN,NY,11233
8027967,STRONZO LLC,2026-09-22,DOMESTIC LIMITED LIABILITY COMPANY,Suffolk,New York,Anthony Loffredo,350 Motor Parkway Suite 307,,Hauppauge,NY,11788
8027968,OAKLEY COMMERCE INC.,2026-09-22,DOMESTIC BUSINESS CORPORATION,Nassau,New York,Oakley Commerce Inc.,3 Oakley Pl,,GREAT NECK,NY,11020
8027969,NEXT CALL OFFICIATING LLC,2026-09-22,DOMESTIC LIMITED LIABILITY COMPANY,Onondaga,New York,NEXT CALL OFFICIATING LLC,135 Clearview Rd,,Syracuse,NY,13214
8027970,MOOSE STRATEGIC HOLDINGS LLC,2026-09-22,DOMESTIC LIMITED LIABILITY COMPANY,New York,New York,Moose Strategic Holdings LLC,"275 Madison Avenue, 8th Floor",,New York,NY,10016
8027971,THE SUPPER GROUP LLC,2026-09-22,DOMESTIC LIMITED LIABILITY COMPANY,Albany,New York,NORTHWEST REGISTERED AGENT LLC,418 BROADWAY,STE N,ALBANY,NY,12207
8027972,ECHELON 2101 GROUP INC.,2026-09-22,DOMESTIC BUSINESS CORPORATION,Nassau,New York,FAHAD IFTIKHAR,62 BURTON AVE,,PLAINVIEW,NY,11803
8027973,BARSIDE SUPPLY LLC,2026-09-22,DOMESTIC LIMITED LIABILITY COMPANY,Queens,New York,CORPORATE CREATIONS NETWORK INC.,600 Mamaroneck Avenue #400,,Harrison,NY,10528
8027974,AKIS SOFTWARE INC.,2026-09-22,DOMESTIC BUSINESS CORPORATION,Onondaga,New York,Akis Software Inc.,102 Guilford Rd,,Syracuse,NY,13224
8027975,744 NEW MORRIS DELI & GROCERY INC.,2026-09-22,DOMESTIC BUSINESS CORPORATION,Bronx,New York,744 NEW MORRIS DELI & GROCERY INC.,744 MORRIS PARK AVE,,BRONX,NY,10462
8027976,INNER COMPASS PARENTING LLC,2026-09-22,DOMESTIC LIMITED LIABILITY COMPANY,Nassau,New York,INNER COMPASS PARENTING LLC,225 Windsor Ave,,Rockville Centre,NY,11570
8027977,ATTERBURY OF SOUTHAMPTON LLC,2026-09-22,DOMESTIC LIMITED LIABILITY COMPANY,Suffolk,New York,ATTERBURY OF SOUTHAMPTON LLC,27 Atterbury Road,,Southampton,NY,11968
8027978,HGR LOGISTICS LLC,2026-09-22,DOMESTIC LIMITED LIABILITY COMPANY,Queens,New York,HGR LOGISTICS LLC,21604 47th Avenue Apt 3C,,Bayside,NY,11361
8027979,PATRIOT'S PALATE INC.,2026-09-22,DOMESTIC BUSINESS CORPORATION,Kings,New York,PATRIOT'S PALATE INC.,7408 5TH AVE,,BROOKLYN,NY,11209
8027980,"BEAUTIFUL HOME BY IVETTE, INC.",2026-09-22,DOMESTIC BUSINESS CORPORATION,Kings,New York,"BEAUTIFUL HOME BY IVETTE, INC.",3044 CONEY ISLAND AVENUE,4TH FLOOR,BROOKLYN,NY,11235
8027981,GAME PLAN LLC,2026-09-22,DOMESTIC LIMITED LIABILITY COMPANY,Kings,New York,Jesse Sutton,1989 E 2ND ST,,BROOKLYN,NY,112232944
8027982,RISING STAR CONSTRUCTION GROUP LLC,2026-09-22,DOMESTIC LIMITED LIABILITY COMPANY,Albany,New York,RISING STAR CONSTRUCTION GROUP LLC,15 Peyster St Apt 1,,Albany,NY,12208
8027983,LYDELL SERVICES INC.,2026-09-22,DOMESTIC BUSINESS CORPORATION,Bronx,New York,LYDELL V WILLIAMS,4638 MATILDA AVE,#2,BRONX,NY,10470
8027984,8617 LEFFERTS LLC,2026-09-22,DOMESTIC LIMITED LIABILITY COMPANY,Queens,New York,Yossi Assayag,193-25 Keno Ave,,Hollis,NY,11423
8027985,CDR CONSULTANCY INC.,2026-09-22,DOMESTIC BUSINESS CORPORATION,New York,New York,The Corporation c/o Ross Katz & Pachnanda PLLC,1430 Broadway,Eighth Floor,New York,NY,10018
8027986,KC CONSULTANCY INC.,2026-09-22,DOMESTIC BUSINESS CORPORATION,Saratoga,New York,Kelly A. Carpenter,21 Mitchell Road,,Mechanicville,NY,12118
8027987,CS GENERAL TWENTY NINE LLC,2026-09-22,DOMESTIC LIMITED LIABILITY COMPANY,Nassau,New York,CS General Twenty Nine LLC,555 Willow Ave.,,Cedarhurst,NY,11516
8027988,FRUITS & CONVENIENCE MART CORP.,2026-09-22,DOMESTIC BUSINESS CORPORATION,Queens,New York,FRUITS & CONVENIENCE MART CORP.,9115 37TH AVE,,JACKSON HEIGHTS,NY,11372
8027989,NORTHSTAR BROADCAST INC.,2026-09-22,DOMESTIC BUSINESS CORPORATION,Queens,New York,DEJIN GAO,132-41 59TH AVE,,FLUSHING,NY,11355
8027990,ADAM LINDERMAN LLC,2026-09-22,DOMESTIC LIMITED LIABILITY COMPANY,Suffolk,New York,ADAM LINDERMAN LLC,136 Sequams Ln W,,West Islip,NY,11795
8027991,YORKTOWN MANAGEMENT CORP.,2026-09-22,DOMESTIC BUSINESS CORPORATION,Orange,New York,Yorktown Management Corp.,17 D A Weider Blvd Apt 203,,Monroe,NY,10950
8027992,SILBERSTEINS STUDIO LLC,2026-09-22,DOMESTIC LIMITED LIABILITY COMPANY,Kings,New York,Silbersteins Studio LLC,4815 15th Ave Apt 6G,,Brooklyn,NY,11219
8027993,K'S CORNERSTONE LLC,2026-09-22,DOMESTIC LIMITED LIABILITY COMPANY,Albany,New York,K's Cornerstone LLC,418 Broadway,STE R,Albany,NY,12207
8027994,MELISSA FASHION BOUTIQUE LLC,2026-09-22,DOMESTIC LIMITED LIABILITY COMPANY,Nassau,New York,Melissa Coriolan,150 Mirin Ave,,Roosevelt,NY,11575
8027995,CANA ARRIBA DELI GROCERY 1 INC.,2026-09-22,DOMESTIC BUSINESS CORPORATION,Bronx,New York,Marlyn Polanco,3868 Barnes Ave,,bronx,NY,10467
8027996,4711 BELMONT LLC,2026-09-22,DOMESTIC LIMITED LIABILITY COMPANY,Queens,New York,4711 BELMONT LLC,4115 161st St,,Flushing,NY,11358
8027997,JACKSON ALEXANDER LLC,2026-09-22,DOMESTIC LIMITED LIABILITY COMPANY,Westchester,New York,Jackson Alexander LLC,222 Purchase St,#290,Rye,NY,10580
8027998,SPEEYWAY LOGISTICS LLC,2026-09-22,DOMESTIC LIMITED LIABILITY COMPANY,Schenectady,New York,Roger Ramsunahi,1268 Webster Street,,Schenectady,NY,12303
8027999,PERSONAL DEFENSE SOLUTIONS LLC,2026-09-22,DOMESTIC LIMITED LIABILITY COMPANY,Nassau,New York,PERSONAL DEFENSE SOLUTIONS LLC,8 Granada Pl,,Massapequa,NY,11758
8028000,ATLANTIC REALTY HOLDING GROUP LLC,2026-09-22,DOMESTIC LIMITED LIABILITY COMPANY,Kings,New York,Atlantic Realty Holding Group LLC,"3611 14th Ave, Suite 223",,Brooklyn,NY,11218
8028001,114N6 HOLDINGS LLC,2026-09-22,DOMESTIC LIMITED LIABILITY COMPANY,Albany,New York,C/O City Urban Realty,"99 Madison Avenue, Suite 606",,New York,NY,10016
8028002,LDAAS LECHANECH LLC,2026-09-22,DOMESTIC LIMITED LIABILITY COMPANY,Rockland,New York,favish schneebalg,11 herrick ave #211,,spring valley,NY,10977
8028003,W & Y 88 GROUP INC.,2026-09-22,DOMESTIC BUSINESS CORPORATION,Kings,New York,W & Y 88 GROUP INC.,"915 61ST STREET 2FL.,",,BROOKLYN,NY,11219
8028004,QUEENS GEAR LLC,2026-09-22,DOMESTIC LIMITED LIABILITY COMPANY,Queens,New York,Sabiha Chowdury,86-22 Dongan Avenue,apt 1j,Elmhurst,NY,11373
8028005,BNI BROOKLYN NORTH LLC,2026-09-22,DOMESTIC LIMITED LIABILITY COMPANY,New York,New York,BNI BROOKLYN NORTH LLC,71 W 23rd St Ste 1629,,New York,NY,10010
8028006,EA CUSTOMS WORKS LLC,2026-09-22,DOMESTIC LIMITED LIABILITY COMPANY,Franklin,New York,EA CUSTOMS WORKS LLC,87 Buckwheat Rd,,Moira,NY,12957
8028007,DJM VISA & TRAVEL SERVICES LLC,2026-09-22,DOMESTIC LIMITED LIABILITY COMPANY,Bronx,New York,Denisha James-Mullings,3030 Wallace Ave,Apt 2B,Bronx,NY,10467
8028008,DAVID SPANO LLC,2026-09-22,DOMESTIC LIMITED LIABILITY COMPANY,Westchester,New York,DAVID SPANO LLC,21 High St,,Bedford Hills,NY,10507
8028009,AKUBIE30 LLC,2026-09-22,DOMESTIC LIMITED LIABILITY COMPANY,Kings,New York,Aaron kubie,100 w 57th st,,New york,NY,10019
8028010,CHEET N FREET GROUP LLC,2026-09-22,DOMESTIC LIMITED LIABILITY COMPANY,Kings,New York,CHEET N FREET GROUP LLC,880 Atlantic Ave Apt 8G,,Brooklyn,NY,11238
8028011,CJ RESTORATION & WELLNESS SVCS LLC,2026-09-22,DOMESTIC LIMITED LIABILITY COMPANY,Suffolk,New York,CHRISTY JANES,14 GARY LANE,,NORTH BABYLON,NY,11703
8028012,D. AND S. POWER EQUIPMENT REAIRS LLC,2026-09-22,DOMESTIC LIMITED LIABILITY COMPANY,Erie,New York,D. AND S. POWER EQUIPMENT REAIRS LLC,992 OLEAN ROAD,,EAST AURORA,NY,14052
8028013,INVENTORY PILOT LLC,2026-09-22,DOMESTIC LIMITED LIABILITY COMPANY,Rockland,New York,Inventory Pilot LLC,11 Hillman Place,Unit 211,Spring Valley,NY,10977
8028014,WAYPOINT GROWTH PARTNERS LLC,2026-09-22,DOMESTIC LIMITED LIABILITY COMPANY,Dutchess,New York,CINDY ELLA HAYES,20 WATER STREET,,BEACON,NY,12508
8028015,JASLOK SINGH TRANSPORTATION INC.,2026-09-22,DOMESTIC BUSINESS CORPORATION,Queens,New York,Manvinder Singh,10135 117th Street,,South Richmond Hill,NY,11419
8028016,CARMA HUDSON VALLEY LLC,2026-09-22,DOMESTIC LIMITED LIABILITY COMPANY,Columbia,New York,CARMA HUDSON VALLEY LLC,"1647 County Route 10,",,Ancram,NY,12502
8028017,132 ST SOLUTIONS LLC,2026-09-22,DOMESTIC LIMITED LIABILITY COMPANY,Nassau,New York,ANGEL MIGUITAMA,20 Surrey Ln,,Hempstead,NY,11550
8028018,EDGE CONTRACTING GROUP LLC,2026-09-22,DOMESTIC LIMITED LIABILITY COMPANY,Kings,New York,ZENBUSINESS INC.,41 STATE STREET,SUITE 112,ALBANY,NY,12207
8028019,TINY STEPS AND DREAMS GROUP FAMILY DAYCARE INC.,2026-09-22,DOMESTIC BUSINESS CORPORATION,New York,New York,Cristina Penagos,610 West 145th ST Apt 3A,,New York,NY,10031
8028020,DUTT BAGEL INC.,2026-09-22,DOMESTIC BUSINESS CORPORATION,Nassau,New York,DUTT BAGEL INC.,21S 1ST STREET,,NEW HYDE PARK,NY,11040
8028021,ALPA-RX TRANSPORT LLC,2026-09-22,DOMESTIC LIMITED LIABILITY COMPANY,Nassau,New York,ALPA-RX TRANSPORT LLC,648 WADLEIGH AVE,,WEST HEMPSTEAD,NY,11552
8028022,BLONDIE'S LEGACY LLC,2026-09-22,DOMESTIC LIMITED LIABILITY COMPANY,Oneida,New York,REGISTERED AGENTS INC.,418 BROADWAY,STE R,ALBANY,NY,12207
8028023,HC SOLUTIONS CLEANING SERVICES LLC,2026-09-22,DOMESTIC LIMITED LIABILITY COMPANY,Suffolk,New York,HC Solutions Cleaning Services LLC,9 Raines St,,Melville,NY,11747
8028024,IRON HAUL LOGISTICS LLC,2026-09-22,DOMESTIC LIMITED LIABILITY COMPANY,Queens,New York,Bryan Mccants,9935 59th Avenue Apt 3D,,Corona,NY,11368
8028025,G&L COLLISION LLC,2026-09-22,DOMESTIC LIMITED LIABILITY COMPANY,Orange,New York,G&L COLLISION LLC,365 Beamer Rd,,Walden,NY,12586
8028026,ANJUM PROPERTIES LLC,2026-09-22,DOMESTIC LIMITED LIABILITY COMPANY,Queens,New York,Anjum Properties LLC,10117 78th St.,,Ozone Park,NY,11416
8028027,LIC DELI & BAGELS CORP.,2026-09-22,DOMESTIC BUSINESS CORPORATION,Queens,New York,LIC DELI & BAGELS CORP.,41-04 27TH STREET,,LONG ISLAND CITY,NY,11101
8028028,SB LIC LLC,2026-09-22,DOMESTIC LIMITED LIABILITY COMPANY,Queens,New York,SB LIC LLC,4705 CENTER BLVD,#2614,LONG ISLAND CITY,NY,11109
8028029,MADE BY THEANO LLC,2026-09-22,DOMESTIC LIMITED LIABILITY COMPANY,Albany,New York,MADE BY THEANO LLC,"330 West 15 Street, Apt 1 D",,New york,NY,10011
8028030,H.M BEAUTY INC.,2026-09-22,DOMESTIC BUSINESS CORPORATION,Kings,New York,H.M BEAUTY INC.,5508 7TH AVENUE 1FL,,BROOKLYN,NY,11220
8028031,GOOD FORTUNE REALTY 88 LLC,2026-09-22,DOMESTIC LIMITED LIABILITY COMPANY,Queens,New York,Good Fortune Realty 88 LLC,138-22 60th Avenue,,Flushing,NY,11355
8028032,VELTRIXA ENTERPRISES LLC,2026-09-22,DOMESTIC LIMITED LIABILITY COMPANY,Kings,New York,MUHAMMAD ARSHAD,1955 FLATBUSH AVE,,BROOKLYN,NY,112342819
8028033,646 WYONA STREET LLC,2026-09-22,DOMESTIC LIMITED LIABILITY COMPANY,Queens,New York,646 WYONA STREET LLC,"145-16 177th Street,",,Jamaica,NY,11434
8028034,PENA & P CORPORATION,2026-09-22,DOMESTIC BUSINESS CORPORATION,Bronx,New York,Maria Pena Payamps,2316 Laconia Avenue,1st Floor,Bronx,NY,10469
8028035,MYMUSE STUDIO LLC,2026-09-22,DOMESTIC LIMITED LIABILITY COMPANY,Madison,New York,MYMUSE STUDIO LLC,3466 Hill Crest Ln,,Canastota,NY,13032
8028036,"MILK HONEY ALLEN NEW ROCHELLE, LLC",2026-09-22,DOMESTIC LIMITED LIABILITY COMPANY,Kings,New York,THE COMPANY,135 AVENUE P SUITE D4,,BROOKLYN,NY,11204
8028037,"DWARTICULATED, LLC",2026-09-22,DOMESTIC LIMITED LIABILITY COMPANY,Bronx,New York,Dionna Walters,2260 Bronx Park East,#1B,Bronx,NY,10467
8028038,180-06 LLC,2026-09-22,DOMESTIC LIMITED LIABILITY COMPANY,Queens,New York,180-06 LLC,"145-16 177th Street,",,Jamaica,NY,11434
8028039,GO RR 2440 SAW MILL HOLDINGS LLC,2026-09-22,DOMESTIC LIMITED LIABILITY COMPANY,Westchester,New York,Geist Schwarz & Jellinek PLLC,4 Westchester Park Drive,Ste.100,White Plains,NY,10604
8028040,CASA AMIGO RESTAURANT INC.,2026-09-22,DOMESTIC BUSINESS CORPORATION,Kings,New York,CASA AMIGO RESTAURANT INC.,369 BROADWAY,,BROOKLYN,NY,11211
8028041,SEVASTIK INC.,2026-09-22,DOMESTIC BUSINESS CORPORATION,Kings,New York,VIKENTII MOMONT,312 NEPTUNE AVE APT 3F,,BROOKLYN,NY,11235
8028042,BIRDS RETURNING LLC,2026-09-22,DOMESTIC LIMITED LIABILITY COMPANY,Albany,New York,Registered Agents Inc.,418 Broadway STE R,,Albany,NY,12207
8028043,SIRTORI PRODUCTIONS LLC,2026-09-22,DOMESTIC LIMITED LIABILITY COMPANY,Rensselaer,New York,Paulina Sirtori,26 Chester Ct,,Troy,NY,12182
8028044,"STEBELLA, LLC",2026-09-22,DOMESTIC LIMITED LIABILITY COMPANY,New York,New York,c/o Hutton,188 E 78th St,,New York,NY,10075
8028045,SLD OFF MAIN INC.,2026-09-22,DOMESTIC BUSINESS CORPORATION,Suffolk,New York,Danielle Demelfi,144 Aspen Rd,,Mastic Beach,NY,11951
8028046,SHOEZSHOES LLC,2026-09-22,DOMESTIC LIMITED LIABILITY COMPANY,New York,New York,SHOEZSHOES LLC,652 W 189th St Apt 1P,,New York,NY,10040
8028047,SFJ II LLC,2026-09-22,DOMESTIC LIMITED LIABILITY COMPANY,New York,New York,REPUBLIC REGISTERED AGENT SERVICES INC.,54 STATE STREET,STE 804,ALBANY,NY,12207
8028048,NESHAMA HEALING LLC,2026-09-22,DOMESTIC LIMITED LIABILITY COMPANY,Nassau,New York,NESHAMA HEALING LLC,125 Piermont Avenue,,Hewlett,NY,11557
8028049,11732 CAPITAL LLC,2026-09-22,DOMESTIC LIMITED LIABILITY COMPANY,Queens,New York,11732 CAPITAL LLC,"11931 197th St, Ph 2",,Saint Albans,NY,11412
8028050,MLT NY INC.,2026-09-22,DOMESTIC BUSINESS CORPORATION,Suffolk,New York,MLT NY INC.,"150 Motor Parkway, Suite 401",,Hauppauge,NY,11788
8028051,FBDD LLC,2026-09-22,DOMESTIC LIMITED LIABILITY COMPANY,Suffolk,New York,ZENBUSINESS INC.,41 STATE STREET,SUITE 112,ALBANY,NY,12207
8028052,GRASSO MEDIA LLC,2026-09-22,DOMESTIC LIMITED LIABILITY COMPANY,Westchester,New York,GRASSO MEDIA LLC,11 Stockbridge Rd,,Mount Kisco,NY,10549
8028053,LUXVOYAGE LLC,2026-09-22,DOMESTIC LIMITED LIABILITY COMPANY,Bronx,New York,ZENBUSINESS INC.,41 STATE STREET,SUITE 112,ALBANY,NY,12207
8028054,RPM MOBILE MECHANICS LLC,2026-09-22,DOMESTIC LIMITED LIABILITY COMPANY,New York,New York,RPM MOBILE MECHANICS LLC,228 Park Ave S #529250,,New York,NY,10003
8028055,914DREAMWORKS LLC,2026-09-22,DOMESTIC LIMITED LIABILITY COMPANY,Queens,New York,GUILLERMO GORDILLO,143-08 ROOSEVELT AVE,APT 212,FLUSHING,NY,11354
8028056,KEYSTONE ABA CONSULTING LLC,2026-09-22,DOMESTIC LIMITED LIABILITY COMPANY,Nassau,New York,REGISTERED AGENTS INC.,418 BROADWAY,STE R,ALBANY,NY,12207
8028057,TWO MEMBERS CORPORATION,2026-09-22,DOMESTIC BUSINESS CORPORATION,Richmond,New York,ABDUL MANNAN,44 CLINTON PL,,STATEN ISLAND,NY,10302
8028058,"7 EIGHTEEN & COLLECTIVE, LLC",2026-09-22,DOMESTIC LIMITED LIABILITY COMPANY,Monroe,New York,Kyra Ambeau,142 Holloway Road,,Rochester,NY,14610
8028059,TS NY TRANSPORTATION INC.,2026-09-22,DOMESTIC BUSINESS CORPORATION,Kings,New York,TS NY TRANSPORTATION INC.,101 TAAFFE UNIT 3,,BROOKLYN,NY,11205
8028060,CAPE ATLAS SEARCH LLC,2026-09-22,DOMESTIC LIMITED LIABILITY COMPANY,Erie,New York,CAPE ATLAS SEARCH LLC,9660 Rocky Pt,,Clarence,NY,14031
8028061,DAVID GARGIULO LLC,2026-09-22,DOMESTIC LIMITED LIABILITY COMPANY,New York,New York,DAVID GARGIULO LLC,99 John St Apt 604,,New York,NY,10038
8028062,FUEL MARKET I CORP.,2026-09-22,DOMESTIC BUSINESS CORPORATION,Kings,New York,WALTER ACOSTA CRUZ,5121 2ND AVE,,BROOKLYN,NY,11232
8028063,"LOUIS CABINS, LLC",2026-09-22,DOMESTIC LIMITED LIABILITY COMPANY,Yates,New York,Inc Authority RA,"42 Broadway, Fl. 12-200",,New York,NY,10004
8028064,NOTO MEDIA LLC,2026-09-22,DOMESTIC LIMITED LIABILITY COMPANY,Suffolk,New York,NOTO MEDIA LLC,38 1st St,,Kings Park,NY,11754
8028065,CCCA CONSULTING LLC,2026-09-22,DOMESTIC LIMITED LIABILITY COMPANY,Richmond,New York,Chris Rodriguez,283 Main Street,,Staten Island,NY,10307
8028066,MYACAT LLC,2026-09-22,DOMESTIC LIMITED LIABILITY COMPANY,Kings,New York,Mya Bailey,67 Bulwer Pl,,Brooklyn,NY,112071902
8028067,ATLANTIC DOCK & DOOR LLC,2026-09-22,DOMESTIC LIMITED LIABILITY COMPANY,Suffolk,New York,ATLANTIC DOCK & DOOR LLC,1328 Avalon Pines Dr,,Coram,NY,11727
8028068,50 NORFOLK DRIVE CORP.,2026-09-22,DOMESTIC BUSINESS CORPORATION,Nassau,New York,RAQUEL CLARKE,3392 Elliott Boulevard,,Oceanside,NY,115723608
8028069,109 SHENANDOAH LLC,2026-09-22,DOMESTIC LIMITED LIABILITY COMPANY,Dutchess,New York,303 Honness Rd,303 Honness Rd,,Fishkill,NY,125242983
8028070,OMSTUDIO LLC,2026-09-22,DOMESTIC LIMITED LIABILITY COMPANY,Albany,New York,NORTHWEST REGISTERED AGENT LLC,418 BROADWAY,STE N,ALBANY,NY,12207
8028071,518 MOCKTAILS CO. LLC,2026-09-22,DOMESTIC LIMITED LIABILITY COMPANY,Schenectady,New York,518 MOCKTAILS CO. LLC,1606 Woolsey St,,Schenectady,NY,12303
8028072,GUARDIAN COMMERCE GROUP LLC,2026-09-22,DOMESTIC LIMITED LIABILITY COMPANY,Orange,New York,Amada Santana,11 Fletcher St,,Goshen,NY,10924
8028073,JUSTLOFRANO LLC,2026-09-22,DOMESTIC LIMITED LIABILITY COMPANY,Queens,New York,JUSTLOFRANO LLC,2332 35th St,,Astoria,NY,11105
8028074,ESMEE CONTRACTING LLC,2026-09-22,DOMESTIC LIMITED LIABILITY COMPANY,Westchester,New York,"Roy Malone, Jr",14 East Sanford Blvd,Apt 1B,Mount Vernon,NY,10550
8028075,GEORGE ON A MONDAY LLC,2026-09-22,DOMESTIC LIMITED LIABILITY COMPANY,Albany,New York,George On A Monday LLC,418 Broadway,#12254,Albany,NY,12207
8028076,LITTLE DIGGERS WESTCHESTER LLC,2026-09-22,DOMESTIC LIMITED LIABILITY COMPANY,Westchester,New York,LITTLE DIGGERS WESTCHESTER LLC,152 Beekman Ave Apt 2,,Sleepy Hollow,NY,10591
8028077,OLBRYS TUTORING LLC,2026-09-22,DOMESTIC LIMITED LIABILITY COMPANY,Westchester,New York,Jared Olbrys,10 LeCount Place,,New Rochelle,NY,10801
8028078,LEGACY RENOVATION GROUP INC.,2026-09-22,DOMESTIC BUSINESS CORPORATION,Richmond,New York,Usmonbek Zohirov,146 Dudley Ave,,Staten Island,NY,10301
8028079,INDIGO HAUS RESERVE LLC,2026-09-22,DOMESTIC LIMITED LIABILITY COMPANY,Queens,New York,Indigo Haus LLC,10 Halletts Point,Th 6,Astoria,NY,11102
8028080,"BEACH PROFESSIONAL SERVICES, INC.",2026-09-22,DOMESTIC BUSINESS CORPORATION,Albany,New York,"BEACH PROFESSIONAL SERVICES, INC.","2001 Marcus Ave, S150",,Lake Success,NY,11042
8028081,8 DRAYTON PLACE LLC,2026-09-22,DOMESTIC LIMITED LIABILITY COMPANY,Kings,New York,ABCO Family Trust,320 Roebling St,Suite 325,Brooklyn,NY,11211
8028082,DUAL DYAD TECHNOLOGIES LLC,2026-09-22,DOMESTIC LIMITED LIABILITY COMPANY,New York,New York,DUAL DYAD TECHNOLOGIES LLC,228 Park Ave S #841502,,New York,NY,10003
8028083,FGP KINGSTON LLC,2026-09-22,DOMESTIC LIMITED LIABILITY COMPANY,Ulster,New York,Frances Gallo Properties LLC,5404 CONTINENTAL DR,,FORT COLLINS,CO,80526
8028084,PARKWISE CORP.,2026-09-22,DOMESTIC BUSINESS CORPORATION,Orange,New York,PARKWISE CORP.,18 FRANKFURT RD. UNIT 303,,MONROE,NY,10950
8028085,SARATOGA OFF LEASH ADVENTURES LLC,2026-09-22,DOMESTIC LIMITED LIABILITY COMPANY,Saratoga,New York,SARATOGA OFF LEASH ADVENTURES LLC,405 Robert Dr,,Ballston Spa,NY,12020
8028086,INCOMMON NEW YORK CORP.,2026-09-22,DOMESTIC BUSINESS CORPORATION,New York,New York,Incommon New York Corp.,130 W 87th Street,,New York,NY,10024
8028087,YS LUXURY LLC,2026-09-22,DOMESTIC LIMITED LIABILITY COMPANY,Bronx,New York,Entity Protect Registered Agent Services LLC,447 Broadway 2nd Fl. - #3000,,New York,NY,10013
8028088,WHEREVER & WHENEVER EVENT AND TOUR CREATOR LLC,2026-09-22,DOMESTIC LIMITED LIABILITY COMPANY,Richmond,New York,WHEREVER & WHENEVER EVENT AND TOUR CREATOR LLC,3755 Amboy Rd,,Staten Island,NY,10308
8028089,BRONX WAFFLE AND CREPE INCORPORATED,2026-09-22,DOMESTIC BUSINESS CORPORATION,Bronx,New York,MIGUEL GUADALUPE VELAZQUEZ MARTINEZ,1205 COLLEGE AVE,STORE 3,BRONX,NY,10456
8028090,A&G PROPERTY MANAGEMENT GROUP LLC,2026-09-22,DOMESTIC LIMITED LIABILITY COMPANY,Erie,New York,A&G PROPERTY MANAGEMENT GROUP LLC,258 ADAM STREET,,TONAWANDA,NY,14150
8028091,THREE SHORES CAPITAL PARTNERS LLC,2026-09-22,DOMESTIC LIMITED LIABILITY COMPANY,New York,New York,THREE SHORES CAPITAL PARTNERS LLC,200 W 86th St Apt 18G,,New York,NY,10024
8028092,170 MCKINLEY AVENUE CORP.,2026-09-22,DOMESTIC BUSINESS CORPORATION,Nassau,New York,HARPREET SINGH,170 MCKINLEY AVENUE,,FRANKLIN SQUARE,NY,11010
8028093,CHEZ COUCHETTE LLC,2026-09-22,DOMESTIC LIMITED LIABILITY COMPANY,Westchester,New York,Jennifer Chandler,14 Helena Drive,,Bedford,NY,10506
8028094,C&G MARINE SOLUTIONS LLC,2026-09-22,DOMESTIC LIMITED LIABILITY COMPANY,New York,New York,C&G MARINE SOLUTIONS LLC,228 Park Ave S #615885,,New York,NY,10003
8028095,AURAE HOUSE LLC,2026-09-22,DOMESTIC LIMITED LIABILITY COMPANY,Onondaga,New York,AURAE HOUSE LLC,47 North St,,Camillus,NY,13031
8028096,PRETTY THOUGHTS LLC,2026-09-22,DOMESTIC LIMITED LIABILITY COMPANY,Erie,New York,Tia Scott,221 Courtland Ave,,Buffalo,NY,14215
8028097,PUCCINETTA LLC,2026-09-22,DOMESTIC LIMITED LIABILITY COMPANY,New York,New York,Puccinetta LLC,C/O Cea Legal PC,"14 Wall Street, 20th Floor",New York,NY,10005
8028098,POULIN'S PULLS LLC,2026-09-22,DOMESTIC LIMITED LIABILITY COMPANY,Albany,New York,Reginald Poulin III,129 Central Ave,,Cohoes,NY,12047
8028099,JUSTIN'S BOX LLC,2026-09-22,DOMESTIC LIMITED LIABILITY COMPANY,Kings,New York,Justin Chu,1618 bay ridge parkway,,Brooklyn,NY,11204
8028100,JB AARON MUSIC LLC,2026-09-22,DOMESTIC LIMITED LIABILITY COMPANY,Niagara,New York,JB AARON MUSIC LLC,908 Sycamore Dr,,Niagara Falls,NY,14304
8028101,SHELTER ROCK DESIGN LLC,2026-09-22,DOMESTIC LIMITED LIABILITY COMPANY,Suffolk,New York,Entity Protect Registered Agent Services LLC,447 Broadway 2nd Fl. - #3000,,New York,NY,10013
8028102,DEWEY GROCERY & SNACKS INC.,2026-09-22,DOMESTIC BUSINESS CORPORATION,Monroe,New York,WALLACE DOUGLASS MCGEE III,1274 DEWEY AVE,,ROCHESTER,NY,14613
8028103,KRIAH DIMENSIONS LLC,2026-09-22,DOMESTIC LIMITED LIABILITY COMPANY,Albany,New York,KRIAH DIMENSIONS LLC,1522 50TH STREET,,BROOKLYN,NY,11219
8028104,SORRENTO PROPERTY GROUP LLC,2026-09-22,DOMESTIC LIMITED LIABILITY COMPANY,New York,New York,SORRENTO PROPERTY GROUP LLC,"424 Madison Ave, 501",,New York,NY,10017
8028105,26 GRANDVIEW AVENUE SPRING VALLEY LLC,2026-09-22,DOMESTIC LIMITED LIABILITY COMPANY,Kings,New York,ABCO Family Trust,320 Roebling St,suite 325,Brooklyn,NY,11211
8028106,EMILY TALENTO LLC,2026-09-22,DOMESTIC LIMITED LIABILITY COMPANY,Nassau,New York,EMILY TALENTO LLC,700 Shore Rd Apt 7EE,,Long Beach,NY,11561
8028107,YYL CONSTRUCTION LLC,2026-09-22,DOMESTIC LIMITED LIABILITY COMPANY,Orange,New York,YYL CONSTRUCTION LLC,66 Milval Ln,,Highland Mills,NY,10930
8028108,POTENCIAL SIN LIMITES LLC,2026-09-22,DOMESTIC LIMITED LIABILITY COMPANY,Bronx,New York,CRISTINA DURAN,4388 LOCUST POINT DRIVE,,BRONS,NY,10465
8028109,RON CONVENIENCE INC.,2026-09-22,DOMESTIC BUSINESS CORPORATION,Delaware,New York,RON CONVENIENCE INC.,11 MAIN ST,,SIDNEY,NY,13838
8028110,THE CROWN GROUP FAMILY DAYCARE LLC,2026-09-22,DOMESTIC LIMITED LIABILITY COMPANY,Bronx,New York,THE CROWN GROUP FAMILY DAYCARE LLC,4130 Hill Ave # 2,,Bronx,NY,10466
8028111,9 KARNELL STREET SPRING VALLEY LLC,2026-09-22,DOMESTIC LIMITED LIABILITY COMPANY,Kings,New York,ABCO Family Trust,320 Roebling St,suite 325,Brooklyn,NY,11211
8028112,12 GARDEN PLACE HOLDINGS LLC,2026-09-22,DOMESTIC LIMITED LIABILITY COMPANY,Kings,New York,ABCO Family Trust,320 Roebling St,suite 325,Brooklyn,NY,11211
8028113,BILGE RATS MARINE LLC,2026-09-22,DOMESTIC LIMITED LIABILITY COMPANY,Suffolk,New York,BILGE RATS MARINE LLC,25B Gardners Ln,,Hampton Bays,NY,11946
8028114,14 PARK AVENUE HOLDINGS LLC,2026-09-22,DOMESTIC LIMITED LIABILITY COMPANY,Kings,New York,ABCO Family Trust,320 Roebling St,suite 325,Brooklyn,NY,11211
8028115,MUSLIM INFLUENCE INDEX LLC,2026-09-22,DOMESTIC LIMITED LIABILITY COMPANY,Kings,New York,MUSLIM INFLUENCE INDEX LLC,"427 77th St, Ste A",,Brooklyn,NY,11209
8028116,MECRO MEDIA GROUP LLC,2026-09-22,DOMESTIC LIMITED LIABILITY COMPANY,Suffolk,New York,Mecro Media Group LLC,1421 Islip Ave,#1006,Central Islip,NY,11722
8028117,4 SOUTH OAK STREET SPRING VALLEY LLC,2026-09-22,DOMESTIC LIMITED LIABILITY COMPANY,Kings,New York,ABCO Family Trust,320 Roebling St,suite 325,Brooklyn,NY,11211
8028118,SK WARDROBE LLC,2026-09-22,DOMESTIC LIMITED LIABILITY COMPANY,Erie,New York,SK Wardrobe LLC,"C3, 171 Walden Ave",,Buffalo,NY,14211
8028119,MEG ADAMS LLC,2026-09-22,DOMESTIC LIMITED LIABILITY COMPANY,Albany,New York,ZenBusiness Inc.,41 State Street,Suite 112,Albany,NY,12207
8028120,GO SMASH LLC,2026-09-22,DOMESTIC LIMITED LIABILITY COMPANY,Richmond,New York,John Ghaly,2040 Victory blvd,Menicucci Villa,Staten Island,NY,10314
8028121,66 CAMPBELL AVENUE HOLDINGS LLC,2026-09-22,DOMESTIC LIMITED LIABILITY COMPANY,Kings,New York,ABCO Family Trust,320 Roebling St,suite 325,Brooklyn,NY,11211
8028122,HARLEM WRAPS R US LLC,2026-09-22,DOMESTIC LIMITED LIABILITY COMPANY,New York,New York,HARLEM WRAPS R US LLC,233 W 145th St,,New York,NY,10039
8028123,14 GARDEN PLACE HOLDINGS LLC,2026-09-22,DOMESTIC LIMITED LIABILITY COMPANY,Kings,New York,ABCO Family Trust,320 Roebling St,suite 325,Brooklyn,NY,11211
8028124,17 ROBERT COURT LLC,2026-09-22,DOMESTIC LIMITED LIABILITY COMPANY,Kings,New York,ABCO Family Trust,320 Roebling St,suite 325,Brooklyn,NY,11211
8028125,DIGITAL IMPACT MARKETING LLC,2026-09-22,DOMESTIC LIMITED LIABILITY COMPANY,Monroe,New York,DIGITAL IMPACT MARKETING LLC,212 Wintergreen Way,,Rochester,NY,14618
8028126,19 LOCUST HOLLOW DRIVE MONSEY LLC,2026-09-22,DOMESTIC LIMITED LIABILITY COMPANY,Kings,New York,ABCO Family Trust,320 Roebling St,suite 325,Brooklyn,NY,11211
8028127,"OUTFIT SECURES PRODUCTION, LLC",2026-09-22,DOMESTIC LIMITED LIABILITY COMPANY,Suffolk,New York,Caleef McClean,2 Fowler Ln,,Amityville,NY,11701
8028128,101 FRANKLIN AVENUE HOLDINGS LLC,2026-09-22,DOMESTIC LIMITED LIABILITY COMPANY,Kings,New York,ABCO Family Trust,320 Roebling St,suite 325,Brooklyn,NY,11211
8028129,CT CABINA 1 LLC,2026-09-22,DOMESTIC LIMITED LIABILITY COMPANY,Suffolk,New York,CT CABINA 1 LLC,1 Eustace Dr,,Commack,NY,11725
8028130,GLOW GUYS LLC,2026-09-22,DOMESTIC LIMITED LIABILITY COMPANY,Nassau,New York,GLOW GUYS LLC,30 Salem Rd,,Rockville Centre,NY,11570
8028131,"TIMBER & TWINE, LLC",2026-09-22,DOMESTIC LIMITED LIABILITY COMPANY,Fulton,New York,Donna Herbst,126 Lakeview Ave,,Mayfield,NY,12117
8028132,AR-C MEDI LLC,2026-09-22,DOMESTIC LIMITED LIABILITY COMPANY,Queens,New York,Kyle Anthony G Cordero,9041 198th Street,,Hollis,NY,11423
8028133,FOUR COLTS LLC,2026-09-22,DOMESTIC LIMITED LIABILITY COMPANY,Nassau,New York,FOUR COLTS LLC,330 Sunrise Hwy Ste 230,,Rockville Centre,NY,11570
8028134,VALORA DRIVE LLC,2026-09-22,DOMESTIC LIMITED LIABILITY COMPANY,New York,New York,Chonarop Jamroendararasame,25170 Batson Rd,,Burneyville,OK,73430
8028135,BLAZN BELLA NY LLC,2026-09-22,DOMESTIC LIMITED LIABILITY COMPANY,Albany,New York,NORTHWEST REGISTERED AGENT LLC,418 BROADWAY,STE N,ALBANY,NY,12207
8028136,TIMBERLINE JUNK REMOVAL LLC,2026-09-22,DOMESTIC LIMITED LIABILITY COMPANY,Orange,New York,Elijah Addy,9 Lyman St,,Port Jervis,NY,12771
8028137,4231 RENTAL PROPERTIES LLC,2026-09-22,DOMESTIC LIMITED LIABILITY COMPANY,Oswego,New York,Kirk G Nelson,47 Jones Drive,,Fulton NY,NY,13069
8028138,AA SMART VENDING LLC,2026-09-22,DOMESTIC LIMITED LIABILITY COMPANY,Nassau,New York,AA Smart Vending LLC,724 Thrush Ave,,West Hempstead,NY,115523814
8028139,MAHONEYENTERTAINMENTGROUP LLC,2026-09-22,DOMESTIC LIMITED LIABILITY COMPANY,Nassau,New York,Shanique Mahoney,97 Fairfield Street,,Valley Stream,NY,11581
8028140,"GLB ASSETS, LLC",2026-09-22,DOMESTIC LIMITED LIABILITY COMPANY,Bronx,New York,THE COMPANY,2243 HERMANY AVE,SUITE 1,BRONX,NY,10473
8028141,RFG NORTHERN BLVD LLC,2026-09-22,DOMESTIC LIMITED LIABILITY COMPANY,Nassau,New York,Roy F. Gerard,8 Glenwood Road,,Glen Head,NY,11545
8028142,"YOKE OF OXEN, LLC",2026-09-22,DOMESTIC LIMITED LIABILITY COMPANY,Rensselaer,New York,Abegail Causwell,1040 Broadway,Apt 304,Rensselaer,NY,12144
8028143,EGO MOVIE LLC,2026-09-22,DOMESTIC LIMITED LIABILITY COMPANY,Kings,New York,Nicholas Shanman,146 N 7th St,Apt. #3,Brooklyn,NY,11249
8028144,SWEET SMILE KAFEE LLC,2026-09-22,DOMESTIC LIMITED LIABILITY COMPANY,Kings,New York,Registered Agents Inc.,418 Broadway STE R,,Albany,NY,12207
8028145,CERTIFIED BELIEVER LLC,2026-09-22,DOMESTIC LIMITED LIABILITY COMPANY,Erie,New York,Registered Agents Inc.,418 Broadway STE R,,Albany,NY,12207
8028146,KALI HEART STUDIOS LLC,2026-09-22,DOMESTIC LIMITED LIABILITY COMPANY,Albany,New York,NORTHWEST REGISTERED AGENT LLC,418 BROADWAY,STE N,ALBANY,NY,12207
8028147,CUARTAS ELECTRIC CORP.,2026-09-22,DOMESTIC BUSINESS CORPORATION,Nassau,New York,Joseph Cuartas,2582 Martin Ave,,Bellmore,NY,11710
8028148,KARAMEL LLC,2026-09-22,DOMESTIC LIMITED LIABILITY COMPANY,Albany,New York,Colin van Grinsven,25 Brookwood Avenue,,Albany,NY,12203
8028149,SILQM LLC,2026-09-22,DOMESTIC LIMITED LIABILITY COMPANY,Kings,New York,SILQM LLC,70 DAHILL RD,APT 1NE,BROOKLYN,NY,11218
8028150,GOULD SECURITY AND CONSULTING LLC,2026-09-22,DOMESTIC LIMITED LIABILITY COMPANY,Rockland,New York,GOULD SECURITY AND CONSULTING LLC,16 Osborn St,,Stony Point,NY,10980
8028151,MONROE STONE & MASONRY LLC,2026-09-22,DOMESTIC LIMITED LIABILITY COMPANY,Oswego,New York,Ralph Monroe,267 county route 41A,,Pulaski,NY,13142
8028152,MY 85 SOUTH STREET LLC,2026-09-22,DOMESTIC LIMITED LIABILITY COMPANY,New York,New York,Michael Mintz,7 Penn Plaza,Suite 601,New York,NY,10001
8028153,PRIMECRAFT CONSTRCTION INC.,2026-09-22,DOMESTIC BUSINESS CORPORATION,Kings,New York,WEI LIANG,765 57TH STREET,,BROOKLYN,NY,11220
8028154,"SECURITY WORLD ENFORCEMENT AGENCY, LLC",2026-09-22,DOMESTIC LIMITED LIABILITY COMPANY,Bronx,New York,CELSO LEONEL CARDONA,1941 SOUTHERN BLVD,APT. 1D,BRONX,NY,10460
8028155,JAYBELL TRADING ENTERPRISE LLC,2026-09-22,DOMESTIC LIMITED LIABILITY COMPANY,Dutchess,New York,JAMES MAJEKFORD,31 ROOSEVELT ROAD,,HYDE PARK,NY,12538
8028156,SEVEN STONES LLC,2026-09-22,DOMESTIC LIMITED LIABILITY COMPANY,Kings,New York,MARLON A RICHARDS,9115 FOSTER AVE,,BROOKLYN,NY,11236
8028157,DUTCHESS SOLUTIONS LLC,2026-09-22,DOMESTIC LIMITED LIABILITY COMPANY,Dutchess,New York,Dutchess Solutions Llc,2 Broad St,,Pawling,NY,12564
8028158,"PUEBLITO VERDE COFFEE, LLC",2026-09-22,DOMESTIC LIMITED LIABILITY COMPANY,Queens,New York,Gavin Gratson,68-15 Cooper Ave,1 Fl,Glendale,NY,11385
8028159,PRIMARY FORM LLC,2026-09-22,DOMESTIC LIMITED LIABILITY COMPANY,Albany,New York,REGISTERED AGENTS INC.,418 BROADWAY,STE R,ALBANY,NY,12207
8028160,WESTMERE COMMERCE LLC,2026-09-22,DOMESTIC LIMITED LIABILITY COMPANY,New York,New York,Theodore Cunha,435 East 52nd Street,Apt 9A,New York,NY,10022
8028161,ENID NAILS AND SPA LLC,2026-09-22,DOMESTIC LIMITED LIABILITY COMPANY,Bronx,New York,Gregory Rivera,817 E 166 St,Apt 3B,Bronx,NY,10459
8028162,AYBAR TRUCKING LLC,2026-09-22,DOMESTIC LIMITED LIABILITY COMPANY,Queens,New York,Halil Aysel,4110 20 AVE,,Astoria,NY,11105
8028163,THE MAINE AGENCY LLC,2026-09-22,DOMESTIC LIMITED LIABILITY COMPANY,Madison,New York,Nick Maine,1195 Tunnel Lane,,Cazenovia,NY,13035
8028164,RADICAL IMAGINATION PRODUCTIONS LLC,2026-09-22,DOMESTIC LIMITED LIABILITY COMPANY,New York,New York,Alva Rogers,99 Wall Street,#2263,New York,NY,10005
8028165,"RH27, LLC",2026-09-22,DOMESTIC LIMITED LIABILITY COMPANY,Albany,New York,"RH27, LLC",79 N Pearl St,Fl 400,Albany,NY,12207
8028166,LEGITIMATE SALVAGE LLC,2026-09-22,DOMESTIC LIMITED LIABILITY COMPANY,Albany,New York,NORTHWEST REGISTERED AGENT LLC,418 BROADWAY,STE N,ALBANY,NY,12207
8028167,MP TECHNICAL SERVICES LLC,2026-09-22,DOMESTIC LIMITED LIABILITY COMPANY,Richmond,New York,Maksim Piliuk,262 milton ave,,Staten Island,NY,10306
8028168,LULA ROADRUNNER RACING LLC,2026-09-22,DOMESTIC LIMITED LIABILITY COMPANY,Nassau,New York,Daniel Zanatta,104 Cambridge Ave,,Garden City,NY,11530
8028169,ITQAN VENTURES LLC,2026-09-22,DOMESTIC LIMITED LIABILITY COMPANY,Erie,New York,MUJEEB MUQTADIR,74 CAPE HENRY LANE,,EAST AMHERST,NY,14051
8028170,"MH27, LLC",2026-09-22,DOMESTIC LIMITED LIABILITY COMPANY,Albany,New York,"MH27, LLC",79 N Pearl St,Fl 400,Albany,NY,12207
8028171,WPEXPORTS LLC,2026-09-22,DOMESTIC LIMITED LIABILITY COMPANY,Albany,New York,NORTHWEST REGISTERED AGENT LLC,418 BROADWAY,STE N,ALBANY,NY,12207
8028172,"MY PRECIOUS LITTLE WORLD DAYCARE III, LLC",2026-09-22,DOMESTIC LIMITED LIABILITY COMPANY,Nassau,New York,Juana Cordova,70 Birch Ln,,Valley Stream,NY,11581
8028173,COVETURE ATELIER LLC,2026-09-22,DOMESTIC LIMITED LIABILITY COMPANY,Niagara,New York,Cassadi Currier,6526 Nash Road,,North Tonawanda,NY,14120
8028174,LEVEL X CLEANING SERVICE LLC,2026-09-22,DOMESTIC LIMITED LIABILITY COMPANY,Westchester,New York,Oksana Hasii,52 Alder St.,Apt. 3,Yonkers,NY,10701
8028175,RITA THE PITA LLC,2026-09-22,DOMESTIC LIMITED LIABILITY COMPANY,Ulster,New York,Rita the Pita LLC,180 Salem Street,,Port Ewen,NY,12466
8028176,ESH PIZZA INCORPORATED,2026-09-22,DOMESTIC BUSINESS CORPORATION,Kings,New York,C/O CORPORATION,1516 EAST 19TH STREET,,BROOKLYN,NY,11230
8028177,JCO PRESTIGE GROUP LLC,2026-09-22,DOMESTIC LIMITED LIABILITY COMPANY,Westchester,New York,Joel Alberto Ochoa,16 Rochelle Terrace,Apt 2D,Mount Vernon,NY,10550
8028178,SHIMA JAPAN LLC,2026-09-22,DOMESTIC LIMITED LIABILITY COMPANY,Albany,New York,REGISTERED AGENTS INC.,418 BROADWAY,STE R,ALBANY,NY,12207
8028179,MBB WEST LLC,2026-09-22,DOMESTIC LIMITED LIABILITY COMPANY,Monroe,New York,MBB WEST LLC,738 Gillett Rd,,Rochester,NY,14624
8028180,ACPHL LLC,2026-09-22,DOMESTIC LIMITED LIABILITY COMPANY,Albany,New York,NORTHWEST REGISTERED AGENT LLC,418 BROADWAY,STE N,ALBANY,NY,12207
8028181,MUNCHIEZ TOO INC.,2026-09-22,DOMESTIC BUSINESS CORPORATION,Oswego,New York,Ali Naser,6065 S Main St,,Sandy Creek,NY,13145
8028182,GLOVER SOLUTIONS LLC,2026-09-22,DOMESTIC LIMITED LIABILITY COMPANY,Bronx,New York,James Glover,800 Soundview Ave 14C,,Bronx,NY,10473
8028183,THE JJS FINISH LLC,2026-09-22,DOMESTIC LIMITED LIABILITY COMPANY,Suffolk,New York,Shane Corrar,267 Farmers Ave,,Lindenhurst,NY,11757
8028184,POPULARLONER718 LLC,2026-09-22,DOMESTIC LIMITED LIABILITY COMPANY,Albany,New York,NORTHWEST REGISTERED AGENT LLC,418 BROADWAY,STE N,ALBANY,NY,12207
8028185,NSCLI LLC,2026-09-22,DOMESTIC LIMITED LIABILITY COMPANY,Suffolk,New York,NSCLI LLC,930 Park Ave,,Huntington,NY,11743
8028186,AB MORNIGSIDE LLC,2026-09-22,DOMESTIC LIMITED LIABILITY COMPANY,Orange,New York,AB MORNIGSIDE LLC,74 Corbin Hill Road,,Fort Montgomery,NY,10922
8028187,HOUSEMATE CO. LLC,2026-09-22,DOMESTIC LIMITED LIABILITY COMPANY,New York,New York,Tehila Ronay,8 Rockood Lane,,Suffern,NY,10901
8028188,KUAIJIAN HAIR SALON INC.,2026-09-22,DOMESTIC BUSINESS CORPORATION,Queens,New York,KUAIJIAN HAIR SALON INC.,135-12A ROOSEVELT AVE 2FL,,FLUSHING,NY,11354
8028189,OPAL NAIL STUDIO INC.,2026-09-22,DOMESTIC BUSINESS CORPORATION,Ontario,New York,Ai Nguyen,128 Cobblestone Ct Dr STE 115,,Victor,NY,14564
8028220,"FLAT OUT PRODUCTIONS, LLC",2026-09-22,DOMESTIC LIMITED LIABILITY COMPANY,New York,New York,"FLAT OUT PRODUCTIONS, LLC",c/o heloisa zero,211 w. 19th street floor 3,NEW YORK,NY,10011
8028224,OLYMBEC 83RD STREET LLC,2026-09-22,FOREIGN LIMITED LIABILITY COMPANY,New York,Delaware,C/O C T CORPORATION SYSTEM,28 LIBERTY STREET,,NEW YORK,NY,10005
8028230,"OAKTREE A2 GP, L.P.",2026-09-22,FOREIGN LIMITED PARTNERSHIP,Albany,New York,CORPORATION SERVICE COMPANY,80 STATE STREET,,ALBANY,NY,122072543
8028231,"LEXINGTON 55 ACUPUNCTURE, P.C.",2026-09-22,DOMESTIC PROFESSIONAL SERVICE CORPORATION,New York,New York,"LEXINGTON 55 ACUPUNCTURE, P.C.",141 e 55th st,apt 9a,NEW YORK,NY,10022
8028234,"OAKTREE A2 (LB) GP, L.P.",2026-09-22,FOREIGN LIMITED PARTNERSHIP,Albany,New York,CORPORATION SERVICE COMPANY,80 STATE STREET,,ALBANY,NY,122072543
8028241,"GOULD ARCHITECTURE, D.P.C.",2026-09-22,DOMESTIC DESIGN PROFESSIONAL SERVICE CORPORATION,Westchester,New York,"GOULD ARCHITECTURE, D.P.C.","150 school street, suite 3s",,YONKERS,NY,10701
8028244,324 EAST 86TH STREET NYC LLC,2026-09-22,FOREIGN LIMITED LIABILITY COMPANY,New York,Delaware,324 EAST 86TH STREET NYC LLC,639 west diversey parkway suite 208,,CHICAGO,IL,60614
8028245,"KAREN LIN, DNP, NP IN ADULT HEALTH PLLC",2026-09-22,DOMESTIC PROFESSIONAL SERVICE LIMITED LIABILITY COMPANY,Kings,New York,"KAREN LIN, DNP, NP IN ADULT HEALTH PLLC","809 BROOKLYN AVENUE, 1ST FLOOR",,BROOKLYN,NY,11203
8028247,FLOW ACUPUNCTURE BY KIM PLLC,2026-09-22,DOMESTIC PROFESSIONAL SERVICE LIMITED LIABILITY COMPANY,Queens,New York,FLOW ACUPUNCTURE BY KIM PLLC,6161 223rd place,,OAKLAND GARDENS,NY,11364
8028250,THREE TAILS GROUP LLC,2026-09-22,DOMESTIC LIMITED LIABILITY COMPANY,Kings,New York,THREE TAILS GROUP LLC,8 south 4th street apt. 32d,,BROOKLYN,NY,11249
8028251,ROOTED PRESENCIA LCSW PLLC,2026-09-22,DOMESTIC PROFESSIONAL SERVICE LIMITED LIABILITY COMPANY,Dutchess,New York,ROOTED PRESENCIA LCSW PLLC,2522 south road #1019,,POUGHKEEPSIE,NY,12601
8028252,E MIKHAYLOV FAMILY NURSE PRACTITIONER P.C.,2026-09-22,DOMESTIC PROFESSIONAL SERVICE CORPORATION,Queens,New York,E MIKHAYLOV FAMILY NURSE PRACTITIONER P.C.,150-11 78th rd,,FLUSHING,NY,11367
8028259,RENAE DATKHAYEV NP IN FAMILY HEALTH P.C.,2026-09-22,DOMESTIC PROFESSIONAL SERVICE CORPORATION,Queens,New York,RENAE DATKHAYEV NP IN FAMILY HEALTH P.C.,"109-23 71ST RD, APT 1G",,FOREST HILLS,NY,11375
8028265,"ATLANTIC MANAGEMENT GROUP INTERNATIONAL, LLC",2026-09-22,FOREIGN LIMITED LIABILITY COMPANY,Nassau,Wyoming,"ATLANTIC MANAGEMENT GROUP INTERNATIONAL, LLC",99 hillside avenue,ste 99f,WILLISTON PARK,NY,11596
8028267,NEW PARADIGMS IDEA COMPANY INC.,2026-09-22,DOMESTIC BUSINESS CORPORATION,Nassau,New York,NEW PARADIGMS IDEA COMPANY INC.,31 CONCORD ROAD,,PORT WASHINGTON,NY,11050
8028274,"CONNECT PSYCHOLOGY, PLLC",2026-09-22,DOMESTIC PROFESSIONAL SERVICE LIMITED LIABILITY COMPANY,Nassau,New York,dina kalnicki,45 n station plaza,#306,GREAT NECK,NY,11021
8028276,NEW YORK INTEGRATIVE CARE PHYSICAL THERAPY AND ACUPUNCTURE PLLC,2026-09-22,DOMESTIC PROFESSIONAL SERVICE LIMITED LIABILITY COMPANY,Queens,New York,NEW YORK INTEGRATIVE CARE PHYSICAL THERAPY AND ACUPUNCTURE PLLC,"138-30 northern boulevard,",unit c805,FLUSHING,NY,11354
8028277,OLYMBEC 84TH STREET LLC,2026-09-22,FOREIGN LIMITED LIABILITY COMPANY,New York,Delaware,C/O C T CORPORATION SYSTEM,28 LIBERTY STREET,,NEW YORK,NY,10005
8028283,ARP REALTY GROUP LLC,2026-09-22,FOREIGN LIMITED LIABILITY COMPANY,Kings,New Jersey,ARP REALTY GROUP LLC,606 monmouth avenue,,PORT MONMOUTH,NJ,07758
8028289,"EMPOWER ALLIED HEALTH ACADEMY, INC.",2026-09-22,DOMESTIC NOT-FOR-PROFIT CORPORATION,Bronx,New York,"EMPOWER ALLIED HEALTH ACADEMY, INC.",3714 white plains road,,BRONX,NY,10467
8028292,UNIVERSAL ELECTRICAL SERVICE COMPANY OF PA,2026-09-22,FOREIGN BUSINESS CORPORATION,Albany,Pennsylvania,C T CORPORATION SYSTEM,28 LIBERTY STREET,,NEW YORK,NY,10005
8028294,INTEGRATIVE CONSULTING OT PLLC,2026-09-22,DOMESTIC PROFESSIONAL SERVICE LIMITED LIABILITY COMPANY,Nassau,New York,INTEGRATIVE CONSULTING OT PLLC,26 davison lane west,,WEST ISLIP,NY,11795
8028296,524 COURTLANDT OWNER LLC,2026-09-22,FOREIGN LIMITED LIABILITY COMPANY,Bronx,Delaware,c/o courtlandt development llc,524 courtlandt avenue,,BRONX,NY,10451
8028297,"ASHLEY G. NICHOL, PA, PLLC",2026-09-22,DOMESTIC PROFESSIONAL SERVICE LIMITED LIABILITY COMPANY,New York,New York,"ASHLEY G. NICHOL, PA, PLLC",230 central park west,apartment 4fg,NEW YORK,NY,10024
8028298,"FAIR FOR ALL, INC.",2026-09-22,DOMESTIC NOT-FOR-PROFIT CORPORATION,Bronx,New York,"FAIR FOR ALL, INC.",3321 bruckner blvd,bsmt,BRONX,NY,10461
8028300,ATIF SYED PA P.C.,2026-09-22,DOMESTIC PROFESSIONAL SERVICE CORPORATION,Suffolk,New York,ATIF SYED PA P.C.,584 boxwood drive,,SHIRLEY,NY,11967
8028303,SUNRISE INTEGRATIVE MEDICAL WELLNESS PLLC,2026-09-22,DOMESTIC PROFESSIONAL SERVICE LIMITED LIABILITY COMPANY,Nassau,New York,SUNRISE INTEGRATIVE MEDICAL WELLNESS PLLC,30 haight street,,DEER PARK,NY,11729
8028304,"ALEXANDRA FIELDS, MD PLLC",2026-09-22,DOMESTIC PROFESSIONAL SERVICE LIMITED LIABILITY COMPANY,Westchester,New York,"ALEXANDRA FIELDS, MD PLLC",po box 32,,EASTCHESTER,NY,10709
8028305,FBM USA CORP,2026-09-22,FOREIGN BUSINESS CORPORATION,Suffolk,Nevada,FBM USA CORP,"493-b johnson avenue, unit 16",,MEDFORD,NY,11763
8028306,UNA DAY GLOBE INC,2026-09-22,FOREIGN BUSINESS CORPORATION,Nassau,Wyoming,UNA DAY GLOBE INC,"185 great neck road,",4th floor 480,GREAT NECK,NY,11021
8028314,ALIGNEAGE FERTILITY - SAN FRANCISCO LLC,2026-09-22,DOMESTIC LIMITED LIABILITY COMPANY,New York,New York,ALIGNEAGE FERTILITY - SAN FRANCISCO LLC,90 west street 9j,,NEW YORK,NY,10006
8028315,ERIC YUAN MD PLLC,2026-09-22,DOMESTIC PROFESSIONAL SERVICE LIMITED LIABILITY COMPANY,Albany,New York,ERIC YUAN MD PLLC,418 BROADWAY STE. R,,ALBANY,NY,12207
8028320,"ADAMS DENTAL OFFICE, PLLC",2026-09-22,DOMESTIC PROFESSIONAL SERVICE LIMITED LIABILITY COMPANY,Jefferson,New York,"ADAMS DENTAL OFFICE, PLLC",p.o. box 820,,BLACK RIVER,NY,13612
8028322,MPB SPEECH P.C.,2026-09-22,DOMESTIC PROFESSIONAL SERVICE CORPORATION,Suffolk,New York,MPB SPEECH P.C.,22 DENA DRIVE,,BLUE POINT,NY,11715
8028325,EVER GUARD ENGINEERING PLLC,2026-09-22,DOMESTIC PROFESSIONAL SERVICE LIMITED LIABILITY COMPANY,Suffolk,New York,EVER GUARD ENGINEERING PLLC,4 HORSESHOE DRIVE,,NORTHPORT,NY,11768
8028326,"NORTH MEDICAL CARE SERVICES, P.C.",2026-09-22,FOREIGN PROFESSIONAL SERVICE CORPORATION,Albany,New Jersey,NORTHWEST REGISTERED AGENT LLC,"418 BROADWAY, STE N",,ALBANY,NY,12207
8028333,"AIXCRYPTO HOLDINGS, INC.",2026-09-22,FOREIGN BUSINESS CORPORATION,Rockland,Delaware,"VCORP AGENT SERVICES, INC.","25 ROBERT PITT DR., SUITE 204",,MONSEY,NY,10952
8028335,MAVERICK TECHNOLOGY INSURANCE SERVICES LLC,2026-09-22,FOREIGN LIMITED LIABILITY COMPANY,Albany,Delaware,CORPORATION SERVICE COMPANY,80 STATE STREET,,ALBANY,NY,122072543
8028342,"HP SILVER GLEN COMPANY, INC.",2026-09-22,DOMESTIC BUSINESS CORPORATION,New York,New York,"nyc partnership housing development fund company, inc.","253 west 35th street, 3rd floor",,NEW YORK,NY,10001
8028343,"WILLIAM NDAMA MENTAL HEALTH COUNSELING, PLLC",2026-09-22,DOMESTIC PROFESSIONAL SERVICE LIMITED LIABILITY COMPANY,Lewis,New York,"WILLIAM NDAMA MENTAL HEALTH COUNSELING, PLLC",136 w. 113th st.,apt. 2a,NEW YORK,NY,10026
8028344,GONZALEZ ENGINEERING P.C.,2026-09-22,DOMESTIC PROFESSIONAL SERVICE CORPORATION,Nassau,New York,GONZALEZ ENGINEERING P.C.,416 BAYVIEW AVE,,CEDARHURST,NY,11516
8028345,A&B TRUCKS LLC,2026-09-22,FOREIGN LIMITED LIABILITY COMPANY,Kings,New Jersey,A&B TRUCKS LLC,360 W PLEASANTVIEW AVE,APT 200P,HACKENSACK,NJ,07601
8028349,SAFE PATH ADDICTION MEDICINE PLLC,2026-09-22,DOMESTIC PROFESSIONAL SERVICE LIMITED LIABILITY COMPANY,Albany,New York,SAFE PATH ADDICTION MEDICINE PLLC,6386 zorn rd,,ALBANY,NY,12203
8028369,MY HAVEN APPLIED BEHAVIOR ANALYSIS PLLC,2026-09-22,DOMESTIC PROFESSIONAL SERVICE LIMITED LIABILITY COMPANY,Orange,New York,MY HAVEN APPLIED BEHAVIOR ANALYSIS PLLC,51 forest rd,ste 316-240,MONROE,NY,10950
8028380,BF REALTY PARTNERS LLC,2026-09-22,DOMESTIC LIMITED LIABILITY COMPANY,Dutchess,New York,BF REALTY PARTNERS LLC,po box 250,,ELDRED,NY,12732
8028386,INNOVATIVE ASSET PARTNERS LLC,2026-09-22,FOREIGN LIMITED LIABILITY COMPANY,Monroe,Colorado,INNOVATIVE ASSET PARTNERS LLC,2170 MONROE AVE,,ROCHESTER,NY,14618
8028392,"WSWHE EDUCATIONAL FOUNDATION, INC.",2026-09-22,DOMESTIC NOT-FOR-PROFIT CORPORATION,Saratoga,New York,"patrick j. fitzgerald, esq.","girvin & ferlazzo, p.c.",20 corporate woods boulevard,ALBANY,NY,12211
8028402,"BLACKWELL CAPTIVE SOLUTIONS, INC.",2026-09-22,FOREIGN BUSINESS CORPORATION,Albany,Delaware,"BLACKWELL CAPTIVE SOLUTIONS, INC.",1280 e 17th ave,#514,DENVER,CO,80218
8028432,CF LESSEE WT7 LLC,2026-09-22,DOMESTIC LIMITED LIABILITY COMPANY,Albany,New York,"INCORP SERVICES, INC. c/o jessica mendez",ONE COMMERCE PLAZA - 99 WASHINGTON AVE SUITE 805-A,,ALBANY,NY,122102822
8028438,KIDS SPACE AFTER 9511 LLC,2026-09-22,DOMESTIC LIMITED LIABILITY COMPANY,Bronx,New York,KIDS SPACE AFTER 9511 LLC,123 grove ave,,CEDARHURST,NY,11516
8028445,"BXMT 2026-FL7, LLC",2026-09-22,FOREIGN LIMITED LIABILITY COMPANY,New York,Delaware,CORPORATION SERVICE COMPANY,80 STATE STREET,,ALBANY,NY,122072543
8028468,"CASTING SOLUTIONS, INC.",2026-09-22,FOREIGN BUSINESS CORPORATION,Erie,Michigan,LEGALINC CORPORATE SERVICES INC.,"1967 WEHRLE DRIVE, SUITE 1-086",,BUFFALO,NY,14221
8028474,195 MERRIMAC LLC,2026-09-22,DOMESTIC LIMITED LIABILITY COMPANY,Suffolk,New York,195 MERRIMAC LLC,24 mike lane,,SMITHTOWN,NY,11787
8028482,"TRUE MARKETS SOLUTIONS, INC.",2026-09-22,FOREIGN BUSINESS CORPORATION,New York,Delaware,"TRUE MARKETS SOLUTIONS, INC.",1 san filippo way,,kinnelon,NJ,07405
8028487,FUEL POINT INC.,2026-09-22,DOMESTIC BUSINESS CORPORATION,Niagara,New York,FUEL POINT INC.,502 main street,,NIAGARA FALLS,NY,14301
8028489,"REACH CAREERS, INC.",2026-09-22,DOMESTIC BUSINESS CORPORATION,Orange,New York,"moses and schreiber, llp",one huntington quadrangle,suite 2n05,MELVILLE,NY,11747
8028490,KIDSPACE CHILDCARE 9511 LLC,2026-09-22,DOMESTIC LIMITED LIABILITY COMPANY,Bronx,New York,KIDSPACE CHILDCARE 9511 LLC,123 grove ave,,CEDARHURST,NY,11516
8028499,MO PAGE ENTERTAINMENT INC.,2026-09-22,FOREIGN BUSINESS CORPORATION,New York,Delaware,MO PAGE ENTERTAINMENT INC.,"1880 century park east.,",suite 1600,LOS ANGELES,CA,90067
8028503,ALLIED UNIVERSAL ELECTRONIC MONITORING LLC,2026-09-22,FOREIGN LIMITED LIABILITY COMPANY,Albany,Delaware,CORPORATION SERVICE COMPANY,80 STATE STREET,,ALBANY,NY,122072543
8028504,L+M ALAFIA 4 DEVELOPER LLC,2026-09-22,DOMESTIC LIMITED LIABILITY COMPANY,Westchester,New York,CORPORATION SERVICE COMPANY,80 STATE STREET,,ALBANY,NY,122072543
8028505,"WME BASKETBALL, LLC",2026-09-22,FOREIGN LIMITED LIABILITY COMPANY,New York,Delaware,C/O CORPORATION SERVICE COMPANY,80 STATE STREET,,ALBANY,NY,122072543
8028520,PIVOT ENERGY FUND 3 HOLDINGS LLC,2026-09-22,FOREIGN LIMITED LIABILITY COMPANY,Rockland,Delaware,"c/o VCORP AGENT SERVICES, INC.","25 ROBERT PITT DR., SUITE 204",,MONSEY,NY,10952
8028523,ELIHU TITLE GROUP LLC,2026-09-22,FOREIGN LIMITED LIABILITY COMPANY,Albany,New Jersey,ELIHU TITLE GROUP LLC,950 WOODGATE AVENUE,,LONG BRANCH,NJ,07740
8028638,THE FELLOWSHIP CDC INC.,2026-09-22,DOMESTIC NOT-FOR-PROFIT CORPORATION,Nassau,New York,THE FELLOWSHIP CDC INC.,2260 grand ave,,BALDWIN,NY,11510
8028755,TRANDESIGN GROUP INC.,2026-09-22,FOREIGN BUSINESS CORPORATION,Kings,Colorado,TRANDESIGN GROUP INC.,"5613 dtc pkwy,",ste 100,greenwood village,CO,80111
8028830,KESKUSA LLC,2026-09-22,FOREIGN LIMITED LIABILITY COMPANY,Kings,Wyoming,KESKUSA LLC,730 bradford st,,BROOKLYN,NY,11207
8028844,MELISSAS EVENT PLANNING AND DECORATING SERVICES LLC,2026-09-22,DOMESTIC LIMITED LIABILITY COMPANY,Kings,New York,matthew mcmillian,694 pennsylvania ave apt. 2r,,BROOKLYN,NY,11207
8028888,MCCULLE HARPER PLLC,2026-09-22,DOMESTIC PROFESSIONAL SERVICE LIMITED LIABILITY COMPANY,Erie,New York,WILLIAM F. HARPER V,PO BOX 2,,BOWMANSVILLE,NY,14026
8029121,FRIENDS & FAMILY OF STATEN ISLAND INC.,2026-09-22,DOMESTIC NOT-FOR-PROFIT CORPORATION,Richmond,New York,rahman mahbubur,93 mariners ln,,STATEN ISLAND,NY,10303
8029428,THE LANIER PRACTICE INC.,2026-09-22,FOREIGN BUSINESS CORPORATION,New York,Georgia,THE LANIER PRACTICE INC.,520 FIFTH AVENUE #50D,ATTN: STEVEN BLAKE LANIER OR JILL MARIE LANIER,NEW YORK,NY,10036
8029460,KAUFF & PERRELLE LLC,2026-09-22,DOMESTIC PROFESSIONAL SERVICE LIMITED LIABILITY COMPANY,New York,New York,KAUFF & PERRELLE LLC,810 seventh avenue,33rd floor,NEW YORK,NY,10019
8029500,BEYOND THE RIBBON INC.,2026-09-22,DOMESTIC NOT-FOR-PROFIT CORPORATION,Nassau,New York,harvinder kaur,134 wheatley rd,apt. 3,GLEN HEAD,NY,11545
8029524,"SGB JEWELRY, LLC",2026-09-22,FOREIGN LIMITED LIABILITY COMPANY,New York,Delaware,C/O C T CORPORATION SYSTEM,28 LIBERTY STREET,,NEW YORK,NY,10005
8029989,FOR THE LUV OF DOGS LTD.,2026-09-22,DOMESTIC NOT-FOR-PROFIT CORPORATION,Bronx,New York,FOR THE LUV OF DOGS LTD.,1309 astor ave,,BRONX,NY,10469
8030747,BIG CREEK RESERVOIR,2026-09-22,FOREIGN NOT-FOR-PROFIT CORPORATION,New York,Delaware,"REGISTERED AGENT SOLUTIONS, INC.","99 WASHINGTON AVEnue, SuiTE 700",,ALBANY,NY,12260
8025945,SUPERAMUS LLC,2026-09-21,DOMESTIC LIMITED LIABILITY COMPANY,Queens,New York,NORTHWEST REGISTERED AGENT LLC,418 BROADWAY,STE N,ALBANY,NY,12207
8025946,LOCKHOUND LOGISTICS LLC,2026-09-21,DOMESTIC LIMITED LIABILITY COMPANY,Kings,New York,New York Registered Agent LLC,"418 Broadway, STE Y",,Albany,NY,12207
8025947,STE4LTH COMMERCE LLC,2026-09-21,DOMESTIC LIMITED LIABILITY COMPANY,Albany,New York,NORTHWEST REGISTERED AGENT LLC,418 BROADWAY,STE N,ALBANY,NY,12207
8025948,BRIDGE BK LLC,2026-09-21,DOMESTIC LIMITED LIABILITY COMPANY,Kings,New York,BRIDGE BK LLC,95 Maple St,,Brooklyn,NY,11225
8025949,CALYXON COMPONENTS LLC,2026-09-21,DOMESTIC LIMITED LIABILITY COMPANY,Suffolk,New York,Jimi Fuscaldo,5 Camelot Drive,,Centereach,NY,11720
8025950,GREENLAND TREATS CORP.,2026-09-21,DOMESTIC BUSINESS CORPORATION,New York,New York,Jhoseline Dennis,498 West 158th Street,2e,New York,NY,10032
8025951,AEROTEC LLC,2026-09-21,DOMESTIC LIMITED LIABILITY COMPANY,Queens,New York,SHAHBAZ ALI KHAN,15027 116TH AVE,,JAMAICA,NY,11434
8025952,MCCLURG REALTY LLC,2026-09-21,DOMESTIC LIMITED LIABILITY COMPANY,Cayuga,New York,Ferguson McClurg,6 Train Drive,,Auburn,NY,13021
8025953,BA CREATIVE LLC,2026-09-21,DOMESTIC LIMITED LIABILITY COMPANY,Albany,New York,NORTHWEST REGISTERED AGENT LLC,418 BROADWAY,STE N,ALBANY,NY,12207
8025954,WREN GROWTH ADVISORY LLC,2026-09-21,DOMESTIC LIMITED LIABILITY COMPANY,Albany,New York,NORTHWEST REGISTERED AGENT LLC,418 BROADWAY,STE N,ALBANY,NY,12207
8025955,FLINT HILL WERKS LLC,2026-09-21,DOMESTIC LIMITED LIABILITY COMPANY,Albany,New York,NORTHWEST REGISTERED AGENT LLC,418 BROADWAY,STE N,ALBANY,NY,12207
8025956,LINCHPIN GLOBAL USA LLC,2026-09-21,DOMESTIC LIMITED LIABILITY COMPANY,Albany,New York,NORTHWEST REGISTERED AGENT LLC,418 BROADWAY,STE N,ALBANY,NY,12207
8025957,ZHANG MEDIA LLC,2026-09-21,DOMESTIC LIMITED LIABILITY COMPANY,Albany,New York,NORTHWEST REGISTERED AGENT LLC,418 BROADWAY,STE N,ALBANY,NY,12207
8025958,SWEET HUDSON LLC,2026-09-21,DOMESTIC LIMITED LIABILITY COMPANY,Albany,New York,NORTHWEST REGISTERED AGENT LLC,418 BROADWAY,STE N,ALBANY,NY,12207
8025959,YOUNG CATZ ART STUDIOS LLC,2026-09-21,DOMESTIC LIMITED LIABILITY COMPANY,Albany,New York,REGISTERED AGENTS INC.,418 BROADWAY,STE R,ALBANY,NY,12207
8025960,LEDGE DEVELOPMENT LLC,2026-09-21,DOMESTIC LIMITED LIABILITY COMPANY,Albany,New York,NORTHWEST REGISTERED AGENT LLC,418 BROADWAY,STE N,ALBANY,NY,12207
8025961,GLEN MONTE LLC,2026-09-21,DOMESTIC LIMITED LIABILITY COMPANY,Albany,New York,NORTHWEST REGISTERED AGENT LLC,418 BROADWAY,STE N,ALBANY,NY,12207
8025962,NAYAB KHAN LLC,2026-09-21,DOMESTIC LIMITED LIABILITY COMPANY,Albany,New York,NORTHWEST REGISTERED AGENT LLC,418 BROADWAY,STE N,ALBANY,NY,12207
8025963,AP LINK LLC,2026-09-21,DOMESTIC LIMITED LIABILITY COMPANY,Albany,New York,NORTHWEST REGISTERED AGENT LLC,418 BROADWAY,STE N,ALBANY,NY,12207
8025964,MUNICIPAL JEWELRY LLC,2026-09-21,DOMESTIC LIMITED LIABILITY COMPANY,Albany,New York,NORTHWEST REGISTERED AGENT LLC,418 BROADWAY,STE N,ALBANY,NY,12207
8025965,BOYD LABS LLC,2026-09-21,DOMESTIC LIMITED LIABILITY COMPANY,Albany,New York,NORTHWEST REGISTERED AGENT LLC,418 BROADWAY,STE N,ALBANY,NY,12207
8025966,MIKE & SONS JEWELRY CASTINGS LLC,2026-09-21,DOMESTIC LIMITED LIABILITY COMPANY,Albany,New York,NORTHWEST REGISTERED AGENT LLC,418 BROADWAY,STE N,ALBANY,NY,12207
8025967,LESS SOFTWARE LLC,2026-09-21,DOMESTIC LIMITED LIABILITY COMPANY,Albany,New York,NORTHWEST REGISTERED AGENT LLC,418 BROADWAY,STE N,ALBANY,NY,12207
8025968,AZKAL LLC,2026-09-21,DOMESTIC LIMITED LIABILITY COMPANY,Albany,New York,NORTHWEST REGISTERED AGENT LLC,418 BROADWAY,STE N,ALBANY,NY,12207
8025969,PALDEN MEDIA LLC,2026-09-21,DOMESTIC LIMITED LIABILITY COMPANY,Albany,New York,NORTHWEST REGISTERED AGENT LLC,418 BROADWAY,STE N,ALBANY,NY,12207
8025970,BEE CARVED LLC,2026-09-21,DOMESTIC LIMITED LIABILITY COMPANY,Albany,New York,NORTHWEST REGISTERED AGENT LLC,418 BROADWAY,STE N,ALBANY,NY,12207
8025971,CRAVINGS CLUB LLC,2026-09-21,DOMESTIC LIMITED LIABILITY COMPANY,Albany,New York,NORTHWEST REGISTERED AGENT LLC,418 BROADWAY,STE N,ALBANY,NY,12207
8025972,KCJEWELRYCO LLC,2026-09-21,DOMESTIC LIMITED LIABILITY COMPANY,Albany,New York,NORTHWEST REGISTERED AGENT LLC,418 BROADWAY,STE N,ALBANY,NY,12207
8025973,GREAT WORK FOUNDRY LLC,2026-09-21,DOMESTIC LIMITED LIABILITY COMPANY,Albany,New York,NORTHWEST REGISTERED AGENT LLC,418 BROADWAY,STE N,ALBANY,NY,12207
8025974,REIKI CIRCLE LLC,2026-09-21,DOMESTIC LIMITED LIABILITY COMPANY,Albany,New York,NORTHWEST REGISTERED AGENT LLC,418 BROADWAY,STE N,ALBANY,NY,12207
8025975,AFRICA-US PRESIDENTIAL FORUM LLC,2026-09-21,DOMESTIC LIMITED LIABILITY COMPANY,Albany,New York,NORTHWEST REGISTERED AGENT LLC,418 BROADWAY,STE N,ALBANY,NY,12207
8025976,SELMA LV LLC,2026-09-21,DOMESTIC LIMITED LIABILITY COMPANY,Albany,New York,NORTHWEST REGISTERED AGENT LLC,418 BROADWAY,STE N,ALBANY,NY,12207
8025977,OSMINKINA HOLDINGS LLC,2026-09-21,DOMESTIC LIMITED LIABILITY COMPANY,Albany,New York,NORTHWEST REGISTERED AGENT LLC,418 BROADWAY,STE N,ALBANY,NY,12207
8025978,PALISADES IT LLC,2026-09-21,DOMESTIC LIMITED LIABILITY COMPANY,Albany,New York,NORTHWEST REGISTERED AGENT LLC,418 BROADWAY,STE N,ALBANY,NY,12207
8025979,APPROPRIATE CAPITAL LLC,2026-09-21,DOMESTIC LIMITED LIABILITY COMPANY,Albany,New York,NORTHWEST REGISTERED AGENT LLC,418 BROADWAY,STE N,ALBANY,NY,12207
8025980,A NEW DAY LIVING LLC,2026-09-21,DOMESTIC LIMITED LIABILITY COMPANY,Albany,New York,NORTHWEST REGISTERED AGENT LLC,418 BROADWAY,STE N,ALBANY,NY,12207
8025981,HOUSE OF KAIYA LLC,2026-09-21,DOMESTIC LIMITED LIABILITY COMPANY,Albany,New York,NORTHWEST REGISTERED AGENT LLC,418 BROADWAY,STE N,ALBANY,NY,12207
8025982,CLEANVARO LLC,2026-09-21,DOMESTIC LIMITED LIABILITY COMPANY,Albany,New York,NORTHWEST REGISTERED AGENT LLC,418 BROADWAY,STE N,ALBANY,NY,12207
8025983,NYC SUPER SOLUTIONS LLC,2026-09-21,DOMESTIC LIMITED LIABILITY COMPANY,Albany,New York,NORTHWEST REGISTERED AGENT LLC,418 BROADWAY,STE N,ALBANY,NY,12207
8025984,LIMUDY LLC,2026-09-21,DOMESTIC LIMITED LIABILITY COMPANY,Albany,New York,NORTHWEST REGISTERED AGENT LLC,418 BROADWAY,STE N,ALBANY,NY,12207
8025985,XIDDIG LLC,2026-09-21,DOMESTIC LIMITED LIABILITY COMPANY,Albany,New York,NORTHWEST REGISTERED AGENT LLC,418 BROADWAY,STE N,ALBANY,NY,12207
8025986,BLUE SOFA LLC,2026-09-21,DOMESTIC LIMITED LIABILITY COMPANY,Kings,New York,NORTHWEST REGISTERED AGENT LLC,418 BROADWAY,STE N,ALBANY,NY,12207
8025987,ALKADAR GLOBAL RESOURCES LLC,2026-09-21,DOMESTIC LIMITED LIABILITY COMPANY,Albany,New York,NORTHWEST REGISTERED AGENT LLC,418 BROADWAY,STE N,ALBANY,NY,12207
8025988,CREEKWELL GROUP LLC,2026-09-21,DOMESTIC LIMITED LIABILITY COMPANY,Albany,New York,REGISTERED AGENTS INC.,418 BROADWAY,STE R,ALBANY,NY,12207
8025989,BLOOMINGJACKS LLC,2026-09-21,DOMESTIC LIMITED LIABILITY COMPANY,Albany,New York,REGISTERED AGENTS INC.,418 BROADWAY,STE R,ALBANY,NY,12207
8025990,FORTUNA JEWELRY NYC LLC,2026-09-21,DOMESTIC LIMITED LIABILITY COMPANY,Albany,New York,NORTHWEST REGISTERED AGENT LLC,418 BROADWAY,STE N,ALBANY,NY,12207
8025991,TWO SUNS APPLIANCES LLC,2026-09-21,DOMESTIC LIMITED LIABILITY COMPANY,New York,New York,Entity Protect Registered Agent Services LLC,447 Broadway 2nd Fl. - #3000,,New York,NY,10013
8025992,OCCUPY - CAREER & STRATEGY CONSULTING LIMITED LIABILITY COMPANY,2026-09-21,DOMESTIC LIMITED LIABILITY COMPANY,Kings,New York,OCCUPY - CAREER &amp; STRATEGY CONSULTING LLC,44 COURT STREET,SUITE 1217,BROOKLYN,NY,11201
8025993,602 CLARENDON ST LLC,2026-09-21,DOMESTIC LIMITED LIABILITY COMPANY,Onondaga,New York,602 Clarendon St LLC,PO Box 412,,Syracuse,NY,132140412
8025994,"HILL 61, LLC",2026-09-21,DOMESTIC LIMITED LIABILITY COMPANY,Kings,New York,Sandra Arndt,"108 St. Nicholas Ave, Ste 2L",,Brooklyn,NY,11237
8025995,SWEATSHIRT GIRL LLC,2026-09-21,DOMESTIC LIMITED LIABILITY COMPANY,Oneida,New York,Julie Arcuri,533 Higby Road,,New Hartford,NY,13413
8025996,566-68 CLARENDON ST LLC,2026-09-21,DOMESTIC LIMITED LIABILITY COMPANY,Onondaga,New York,566-68 Clarendon St LLC,PO Box 412,,Syracuse,NY,132140412
8025997,M&S HUMANITARIAN AND COMMUNITY SERVICES LLC,2026-09-21,DOMESTIC LIMITED LIABILITY COMPANY,Richmond,New York,ZENBUSINESS INC.,41 STATE STREET,SUITE 112,ALBANY,NY,12207
8025998,"TRF UNITS CO., INC.",2026-09-21,DOMESTIC BUSINESS CORPORATION,Monroe,New York,"TRF UNITS CO., INC.",2300 Buffalo Road,Building 200,Rochester,NY,14624
8025999,"GAE UNITS CO., INC.",2026-09-21,DOMESTIC BUSINESS CORPORATION,Monroe,New York,"GAE UNITS CO., INC.",2300 Buffalo Road,Building 200,Rochester,NY,14624
8026000,"JSD UNITS CO., INC.",2026-09-21,DOMESTIC BUSINESS CORPORATION,Monroe,New York,"JSD UNITS CO., INC.",2300 Buffalo Road,Building 200,Rochester,NY,14624
8026004,M&A BUSINESS MULTI-SERVICES LLC,2026-09-21,DOMESTIC LIMITED LIABILITY COMPANY,New York,New York,MOUSSA KABA,9 W 137TH STREET APT 3C,,NEW YORK,NY,10037
8026006,FAMILY FOUNDATIONS DEVELOPMENTAL GROUP LLC,2026-09-21,DOMESTIC LIMITED LIABILITY COMPANY,Onondaga,New York,Jennifer Petrie,126 Dorando Way,,Liverpool,NY,13090
8026010,OCTAGONNYC CORPORATION,2026-09-21,DOMESTIC BUSINESS CORPORATION,New York,New York,OctagonNYC Corporation,445 East 77th Street,apt 5b,New York,NY,100752334
8026017,BHOTO STUDIO LLC,2026-09-21,DOMESTIC LIMITED LIABILITY COMPANY,Albany,New York,NORTHWEST REGISTERED AGENT LLC,418 BROADWAY,STE N,ALBANY,NY,12207
8026020,DAVID STESNER ARTHOUSE LLC,2026-09-21,DOMESTIC LIMITED LIABILITY COMPANY,Albany,New York,NORTHWEST REGISTERED AGENT LLC,418 BROADWAY,STE N,ALBANY,NY,12207
8026022,ZITOH MARIE HAIR BRAIDING LLC,2026-09-21,DOMESTIC LIMITED LIABILITY COMPANY,Albany,New York,NORTHWEST REGISTERED AGENT LLC,418 BROADWAY,STE N,ALBANY,NY,12207
8026023,STUDIO AYER LLC,2026-09-21,DOMESTIC LIMITED LIABILITY COMPANY,Albany,New York,NORTHWEST REGISTERED AGENT LLC,418 BROADWAY,STE N,ALBANY,NY,12207
8026024,FRANKLYN PROPERTIES LLC,2026-09-21,DOMESTIC LIMITED LIABILITY COMPANY,Kings,New York,Franklyn Bowen,111 Skidmore Lane,,Brooklyn,NY,11236
8026028,WANDERLUSH TRAVELING BAR LLC,2026-09-21,DOMESTIC LIMITED LIABILITY COMPANY,Oneida,New York,Elizabeth Closinski,510 Expense St,,Rome,NY,13440
8026032,OPES 001 LLC,2026-09-21,FOREIGN LIMITED LIABILITY COMPANY,New York,Delaware,OPES 001 LLC,"545 w 25th street, 19th floor",attention: efrem kamen,NEW YORK,NY,10001
8026037,CLAULIGHT LLC,2026-09-21,DOMESTIC LIMITED LIABILITY COMPANY,Suffolk,New York,CLAUDINE LALANNE,186 MARK TREE ROAD,,BROOKLYN,NY,11720
8026038,KORBELLO LI LLC,2026-09-21,DOMESTIC LIMITED LIABILITY COMPANY,Suffolk,New York,The Company,107 Chris Sundrop Ct,,Riverhead,NY,11905
8026040,"EMPIRE PROPERTY & FACILITY SERVICES, INC.",2026-09-21,DOMESTIC BUSINESS CORPORATION,Kings,New York,Brandon Gobernik,6801 14th ave,apt 6,Brooklyn,NY,11219
8026045,KING STATE PRODUCTIONS LLC,2026-09-21,DOMESTIC LIMITED LIABILITY COMPANY,Kings,New York,LACODIA MICHELLE SPRINGS,2858 LINDEN BLVD,8G,BROOKLYN,NY,11208
8026046,"LADDER AND LEGACY WEALTH MANAGEMENT, LLC",2026-09-21,DOMESTIC LIMITED LIABILITY COMPANY,Albany,New York,"Ladder and Legacy Wealth Management, LLC",125 Wolf Road,,Albany,NY,12205
8026053,"EL BLACHY USA, CORP.",2026-09-21,DOMESTIC BUSINESS CORPORATION,Bronx,New York,"EL BLACHY USA, CORP.",3103 Harding Ave,,The Bronx,NY,10465
8026055,MOHAWK CLEANERS INC.,2026-09-21,DOMESTIC BUSINESS CORPORATION,Onondaga,New York,CHERI ABRAMS,4590 KINGSFORD TERRACE,,SYRACUSE,NY,13215
8026057,EDICIONES SABINO LLC,2026-09-21,DOMESTIC LIMITED LIABILITY COMPANY,Westchester,New York,EDICIONES SABINO LLC,1111 Midland Avenue,Apt 6D,Bronxville,NY,10708
8026058,PARALLEL POINTS LLC,2026-09-21,DOMESTIC LIMITED LIABILITY COMPANY,Albany,New York,NORTHWEST REGISTERED AGENT LLC,418 BROADWAY,STE N,ALBANY,NY,12207
8026059,121-19 SUTPHIN LLC,2026-09-21,DOMESTIC LIMITED LIABILITY COMPANY,Queens,New York,121-19 Sutphin LLC,4262a White Plains Rd,,Bronx,NY,10466
8026060,HOPKINS UTILITY TRAINING LLC,2026-09-21,DOMESTIC LIMITED LIABILITY COMPANY,Nassau,New York,Hopkins Utility Training LLC,415 Mineola Blvd,,Mineola,NY,11501
8026063,FUFU'S CREATIONS INC.,2026-09-21,DOMESTIC BUSINESS CORPORATION,Queens,New York,FUFU'S CREATIONS INC.,58-49 192ND STREET,,FRESH MEADOWS,NY,11365
8026065,ALPHACG LLC,2026-09-21,DOMESTIC LIMITED LIABILITY COMPANY,Westchester,New York,ALON TVINA,2 POPHAM LANE,,SCARSDALE,NY,10583
8026070,MONTCLAIR DENTISTRY P.C.,2026-09-21,DOMESTIC PROFESSIONAL SERVICE CORPORATION,New York,New York,MONTCLAIR DENTISTRY P.C.,"224 west 35th street,","suite 500, #1105",NEW YORK,NY,10001
8026078,1080 EXPRESS INC.,2026-09-21,DOMESTIC BUSINESS CORPORATION,New York,New York,SADDAM ALHAJ,1080 Park Ave,,NEW YORK,NY,10128
8026079,NATURE'S DATES LLC,2026-09-21,DOMESTIC LIMITED LIABILITY COMPANY,Richmond,New York,"ALTALLAL, MOHAMMED",39 MADISON AVE,,STATEN ISLAND,NY,103141525
8026080,ACH ORD ENTERPRISES LLC,2026-09-21,DOMESTIC LIMITED LIABILITY COMPANY,Queens,New York,ACH ORD ENTERPRISES LLC,147-09 182ND ST,,SPRINGFIELD GARDENS,NY,11413
8026084,SAKAN ESTATE LLC,2026-09-21,DOMESTIC LIMITED LIABILITY COMPANY,Albany,New York,SAKAN ESTATE LLC,12 Louisa St,,Beacon,NY,12508
8026085,DEREK DENG LLC,2026-09-21,DOMESTIC LIMITED LIABILITY COMPANY,Kings,New York,DEREK DENG LLC,180 FRONT STREET,UNIT 7F,BROOKLYN,NY,11201
8026086,KNOXX CONSTRUCTION INC.,2026-09-21,DOMESTIC BUSINESS CORPORATION,Kings,New York,CLAUDE CHAN,1408 BROOKLYN AVE,APT 3A,BROOKLYN,NY,11210
8026087,NYC SIX STAR SERVICE CORP.,2026-09-21,DOMESTIC BUSINESS CORPORATION,Albany,New York,NORTHWEST REGISTERED AGENT LLC,418 BROADWAY,STE N,ALBANY,NY,12207
8026089,SHARP TAX SERVICES LLC,2026-09-21,DOMESTIC LIMITED LIABILITY COMPANY,Bronx,New York,KATHERINNE ROJAS HERNANDEZ,2794 VALENTINE AVE,5H,BRONX,NY,10458
8026090,POKEPALS LLC,2026-09-21,DOMESTIC LIMITED LIABILITY COMPANY,Nassau,New York,BUSINESS FILINGS INCORPORATED,28 LIBERTY STREET,,NEW YORK,NY,10005
8026093,VNA CONTRACTING LLC,2026-09-21,DOMESTIC LIMITED LIABILITY COMPANY,Oneida,New York,Vincent Aponte,1926 Genesee st,Ste 1 #776,Utica,NY,13501
8026094,PLUSMB LLC,2026-09-21,DOMESTIC LIMITED LIABILITY COMPANY,Oneida,New York,Brian Ewanyk,125 Hayes Circle,,Barneveld,NY,13304
8026096,SITEWAVE LLC,2026-09-21,DOMESTIC LIMITED LIABILITY COMPANY,Richmond,New York,SITEWAVE LLC,345 Hoyt Ave,,Staten Island,NY,10301
8026097,HERU HOLDINGS LLC,2026-09-21,DOMESTIC LIMITED LIABILITY COMPANY,Queens,New York,VICTOR ROBEIRI,209-38 111TH AVE,,QUEENS VILLAGE,NY,11429
8026098,THE RODRIGUEZ LUNA GROUP LLC,2026-09-21,DOMESTIC LIMITED LIABILITY COMPANY,Kings,New York,ZENBUSINESS INC.,41 STATE STREET,SUITE 112,ALBANY,NY,12207
8026101,DAISY CONSTRUCTION INCORPORATED,2026-09-21,DOMESTIC BUSINESS CORPORATION,Bronx,New York,SANTILJAN MARKVUKAJ,1079 ESPLANADE AVE APT 1,,BRONX,NY,10461
8026103,MSM PREMIER HAULING LLC,2026-09-21,DOMESTIC LIMITED LIABILITY COMPANY,Madison,New York,ZENBUSINESS INC.,41 STATE STREET,SUITE 112,ALBANY,NY,12207
8026104,KINETRA HEALTH NY CORPORATION,2026-09-21,DOMESTIC BUSINESS CORPORATION,Bronx,New York,Ha Yeon PARK,1500 Astor Avenue,,Bronx,NY,10469
8026105,165 ST NICHOLAS AVE LLC,2026-09-21,DOMESTIC LIMITED LIABILITY COMPANY,Queens,New York,165 ST NICHOLAS AVE LLC,97-09 64TH RD,2ND FL,REGO PARK,NY,11374
8026106,716 SALONS NY LLC,2026-09-21,DOMESTIC LIMITED LIABILITY COMPANY,Albany,New York,NORTHWEST REGISTERED AGENT LLC,418 BROADWAY,STE N,ALBANY,NY,12207
8026107,WORTH WARING LLC,2026-09-21,DOMESTIC LIMITED LIABILITY COMPANY,Kings,New York,ZENBUSINESS INC.,41 STATE STREET,SUITE 112,ALBANY,NY,12207
8026110,WESTCOMM PROPERTIES LLC,2026-09-21,DOMESTIC LIMITED LIABILITY COMPANY,Rockland,New York,WESTCOMM PROPERTIES LLC,1203 LEGACY ROAD,,WEST NYACK,NY,10994
8026111,FBF DESIGNS LLC,2026-09-21,DOMESTIC LIMITED LIABILITY COMPANY,Albany,New York,NORTHWEST REGISTERED AGENT LLC,418 BROADWAY,STE N,ALBANY,NY,12207
8026112,J & L DIGGING AND GRADING LLC,2026-09-21,DOMESTIC LIMITED LIABILITY COMPANY,Oswego,New York,Lauren White,44 Dutchess Ln,,Fulton,NY,13069
8026116,TWO BLUNTS MEDIA LLC,2026-09-21,DOMESTIC LIMITED LIABILITY COMPANY,Kings,New York,ZENBUSINESS INC.,41 STATE STREET,SUITE 112,ALBANY,NY,12207
8026117,THE LOTUS GODDESS SPIRITUAL COACHING LLC,2026-09-21,DOMESTIC LIMITED LIABILITY COMPANY,Albany,New York,NORTHWEST REGISTERED AGENT LLC,418 BROADWAY,STE N,ALBANY,NY,12207
8026118,STEADFAST PSALMIST VENTURES LLC,2026-09-21,DOMESTIC LIMITED LIABILITY COMPANY,Albany,New York,REGISTERED AGENTS INC.,418 BROADWAY,STE R,ALBANY,NY,12207
8026119,MULHOLLAND PINE AND GATHER EVENT DESIGN LLC,2026-09-21,DOMESTIC LIMITED LIABILITY COMPANY,Saratoga,New York,MULHOLLAND PINE AND GATHER EVENT DESIGN LLC,32 Hyspot Rd,,Greenfield Center,NY,12833
8026120,1741 MARKET DELI INC.,2026-09-21,DOMESTIC BUSINESS CORPORATION,New York,New York,Mohamed Zaid,1741 1st Ave,,New York,NY,10128
8026122,MBC MANUFACTURING TECHNOLOGIES LLC,2026-09-21,DOMESTIC LIMITED LIABILITY COMPANY,Onondaga,New York,Mehdi Benhadjoudja,310 Crenshaw Court,,Camillus,NY,13031
8026124,HAPPY SEAFOOD RESTAURANT INC.,2026-09-21,DOMESTIC BUSINESS CORPORATION,Kings,New York,YU YU LI,816 58TH STREET,,BROOKLYN,NY,11220
8026125,SETAR SYSTEMS LLC,2026-09-21,DOMESTIC LIMITED LIABILITY COMPANY,Albany,New York,NORTHWEST REGISTERED AGENT LLC,418 BROADWAY,STE N,ALBANY,NY,12207
8026126,MHA GLOBAL HOLDINGS INC.,2026-09-21,DOMESTIC BUSINESS CORPORATION,Albany,New York,NORTHWEST REGISTERED AGENT LLC,418 BROADWAY,STE N,ALBANY,NY,12207
8026127,JABASH MULTI-SERVICE GROUP LLC,2026-09-21,DOMESTIC LIMITED LIABILITY COMPANY,Westchester,New York,Lirone Dyer,111 Centre Avenue,,New Rochelle,NY,10801
8026128,COOKIE LYNN & CO. LLC,2026-09-21,DOMESTIC LIMITED LIABILITY COMPANY,Queens,New York,Cookie Lynn &amp; Co. LLC,116-15 107th avenue,,south richmond hill,NY,11419
8026129,MRS. DOING'S DOGSITTERS CLUB LLC,2026-09-21,DOMESTIC LIMITED LIABILITY COMPANY,Broome,New York,Marissa Cotter,4 English St,,Binghamton,NY,13904
8026130,JCD LOGISTICS LLC,2026-09-21,DOMESTIC LIMITED LIABILITY COMPANY,Lewis,New York,JCD LOGISTICS LLC,87 STONECUTTER ROAD,,LEVITTOWN,NY,11756
8026131,ATLAS FOOD GROUP INC.,2026-09-21,DOMESTIC BUSINESS CORPORATION,Nassau,New York,Atlas Food Group Inc.,3800 Hampton Rd,"2nd Floor, Unit C",Oceanside,NY,11572
8026132,TRUNCELLITO TAX & PLANNING LLC,2026-09-21,DOMESTIC LIMITED LIABILITY COMPANY,Suffolk,New York,Christopher Truncellito,25 Woodland Ave,,Farmingdale,NY,11735
8026133,"DLH CAPITAL ENTERPRISES, LLC",2026-09-21,DOMESTIC LIMITED LIABILITY COMPANY,Albany,New York,REGISTERED AGENTS INC.,418 BROADWAY,STE R,ALBANY,NY,12207
8026134,H & Y FAMILY LLC,2026-09-21,DOMESTIC LIMITED LIABILITY COMPANY,Queens,New York,H & Y FAMILY LLC,7620 222ND ST,,OAKLAND GARDENS,NY,11364
8026135,LILA SHAKTI YOGA INC.,2026-09-21,DOMESTIC BUSINESS CORPORATION,Suffolk,New York,Alicia Watins,28 Winston Drive,,Smithtown,NY,11787
8026137,STARLIGHT PROTECTION LLC,2026-09-21,DOMESTIC LIMITED LIABILITY COMPANY,Queens,New York,STARLIGHT PROTECTION LLC,10713 105th St,,Ozone Park,NY,11417
8026138,FLEXIBLE WAY OPERATIONS LLC,2026-09-21,DOMESTIC LIMITED LIABILITY COMPANY,Kings,New York,ZENBUSINESS INC.,41 STATE STREET,SUITE 112,ALBANY,NY,12207
8026140,"EASY PEASY SOLUTIONS, INC.",2026-09-21,DOMESTIC BUSINESS CORPORATION,Westchester,New York,"EASY PEASY SOLUTIONS, INC.",17 SPRING ROAD,,YONKERS,NY,10705
8026141,NASIM TIRE SHOP LLC,2026-09-21,DOMESTIC LIMITED LIABILITY COMPANY,Albany,New York,Seydou Kere,818 Livingston Avenue,,Albany,NY,12206
8026142,ELLESRAM SIX LLC,2026-09-21,DOMESTIC LIMITED LIABILITY COMPANY,Suffolk,New York,ZENBUSINESS INC.,41 STATE STREET,SUITE 112,ALBANY,NY,12207
8026143,PICKLE N FRIENDS LLC,2026-09-21,DOMESTIC LIMITED LIABILITY COMPANY,Suffolk,New York,Pickle N Friends LLC,49 West Jericho Turnpike #1016,,Huntington,NY,11746
8026145,DIGITAL NOVELTIES LLC,2026-09-21,DOMESTIC LIMITED LIABILITY COMPANY,Albany,New York,NORTHWEST REGISTERED AGENT LLC,418 BROADWAY,STE N,ALBANY,NY,12207
8026146,FIRE FLOW TRUCKING LLC,2026-09-21,DOMESTIC LIMITED LIABILITY COMPANY,Oswego,New York,FIRE FLOW TRUCKING LLC,22 Beley Dr,,Parish,NY,13131
8026147,PROFORM GLASS LLC,2026-09-21,DOMESTIC LIMITED LIABILITY COMPANY,Queens,New York,REGISTERED AGENTS INC.,418 BROADWAY,STE R,ALBANY,NY,12207
8026148,FERRUM NYC LLC,2026-09-21,DOMESTIC LIMITED LIABILITY COMPANY,Queens,New York,Fran Posso,20-38 31ST ST,APT C1,Astoria,NY,11105
8026150,3418 CARMAN LLC,2026-09-21,DOMESTIC LIMITED LIABILITY COMPANY,Albany,New York,3418 CARMAN LLC,6004 Baneberry Drive,,Schenectady,NY,12303
8026151,"SACRED PEACE IN HARMONY, INC.",2026-09-21,DOMESTIC BUSINESS CORPORATION,Orange,New York,AIMEE MEDINA,68 MAUREEN DRIVE,,MIDDLETOWN,NY,10940
8026152,LAST RUN LIMITED,2026-09-21,DOMESTIC BUSINESS CORPORATION,Cattaraugus,New York,Ryan and Ian Landinguin,4174 Tasseff Terrace,,Hamburg,NY,14075
8026155,"GROUNDED MEADOWS, LLC",2026-09-21,DOMESTIC LIMITED LIABILITY COMPANY,St. Lawrence,New York,"Grounded Meadows, LLC",431 Old Market Road,,Norfolk,NY,13667
8026156,15 GAY STREET LLC,2026-09-21,DOMESTIC LIMITED LIABILITY COMPANY,New York,New York,Angeline huang,260 W 71st St,,New York,NY,10023
8026158,BAMB AESTHETICS LLC,2026-09-21,DOMESTIC LIMITED LIABILITY COMPANY,New York,New York,ZENBUSINESS INC.,41 STATE STREET,SUITE 112,ALBANY,NY,12207
8026159,LAUNDRY TAXI INC.,2026-09-21,DOMESTIC BUSINESS CORPORATION,Queens,New York,LAUNDRY TAXI INC.,11-25 154th. St.,,Whitestone,NY,11357
8026160,TPLI LLC,2026-09-21,DOMESTIC LIMITED LIABILITY COMPANY,Nassau,New York,TPLI LLC,527 Christie St,,South Hempstead,NY,11550
8026161,OBLE YORK LLC,2026-09-21,DOMESTIC LIMITED LIABILITY COMPANY,Albany,New York,CRISTIAN JAVIER GUZMAN GOMEZ,37-07 91 St,FLOOR 1,Jackson Heights,NY,11372
8026162,MANAGRE GROUP[ LLC,2026-09-21,DOMESTIC LIMITED LIABILITY COMPANY,Queens,New York,FATIMATA SAWADOGO OUEDRAOGO,12021 201 TH STREET,,SAINT ALBANS,NY,11412
8026163,RADIANT JUNIOR MEZZ LLC,2026-09-21,DOMESTIC LIMITED LIABILITY COMPANY,Nassau,New York,CORPORATION SERVICE COMPANY,80 STATE ST.,,ALBANY,NY,12207
8026164,HIVE GROUP VENTURES LIMITED LIABILITY COMPANY,2026-09-21,DOMESTIC LIMITED LIABILITY COMPANY,Kings,New York,leonardo novik,325 12 street,,BROOKLYN,NY,11215
8026165,MAMMOTH NYC INC.,2026-09-21,DOMESTIC BUSINESS CORPORATION,Queens,New York,MI ZHANG,133-36 41ST RD #2J,,FLUSHING,NY,11355
8026166,"BAREFOOT SUMMER, LLC",2026-09-21,DOMESTIC LIMITED LIABILITY COMPANY,Madison,New York,"BAREFOOT SUMMER, LLC",P.O. Box 203,,Mount Holly,NC,28120
8026167,H&L STUDIO INC.,2026-09-21,DOMESTIC BUSINESS CORPORATION,Kings,New York,HUIXIANG LI,2323-2325 86TH STREET,,BROOKLYN,NY,11214
8026170,FINECRAFT CONSTRUCTION INC.,2026-09-21,DOMESTIC BUSINESS CORPORATION,Kings,New York,FINECRAFT CONSTRUCTION INC.,3619 FLATLANDS AVE,,BROOKLYN,NY,11234
8026171,"FLTF SOLUTIONS, INC.",2026-09-21,DOMESTIC BUSINESS CORPORATION,Kings,New York,"FLTF SOLUTIONS, INC.",7 DEKALB AVE #24D,,BROOKLYN,NY,11201
8026172,PRAGATI MANAGEMENT LLC,2026-09-21,DOMESTIC LIMITED LIABILITY COMPANY,Chemung,New York,Pragati Management LLC,871 County Route 64,,Elmira,NY,14903
8026173,HUMMINGBIRDHF LLC,2026-09-21,DOMESTIC LIMITED LIABILITY COMPANY,Warren,New York,HummingbirdHF LLC,224 Wales Avenue,,River Edge,NJ,076611530
8026174,BNT VENDING LLC,2026-09-21,DOMESTIC LIMITED LIABILITY COMPANY,Monroe,New York,Nathaniel Learch,29 Heberton Road,,Rochester,NY,14622
8026175,HARBORSTONE RESIDENTIAL LLC,2026-09-21,DOMESTIC LIMITED LIABILITY COMPANY,Kings,New York,Harborstone Residential LLC,333 Schermerhorn St Apt 36Q,,Brooklyn,NY,11217
8026177,TRADINGTHENEWTRAP LLC,2026-09-21,DOMESTIC LIMITED LIABILITY COMPANY,Nassau,New York,ZENBUSINESS INC.,41 STATE STREET,SUITE 112,ALBANY,NY,12207
8026179,"JEQ PHARMA, INC.",2026-09-21,DOMESTIC BUSINESS CORPORATION,Suffolk,New York,"JEQ PHARMA, INC.",189 Loop Drive,,Sayville,NY,11782
8026180,LEWIS LILY POND LLC,2026-09-21,DOMESTIC LIMITED LIABILITY COMPANY,Suffolk,New York,CORPORATION SERVICE COMPANY,80 STATE STREET,,ALBANY,NY,122072543
8026181,APPLIED POSSIBILITY LLC,2026-09-21,DOMESTIC LIMITED LIABILITY COMPANY,New York,New York,APPLIED POSSIBILITY LLC,228 Park Ave S #103842,,New York,NY,10003
8026182,"SEVEN OUT SPORTS, LLC",2026-09-21,DOMESTIC LIMITED LIABILITY COMPANY,Suffolk,New York,CORPORATE CREATIONS NETWORK INC.,600 Mamaroneck Avenue #400,,Harrison,NY,10528
8026184,VARIETY FLATBUSH CORP.,2026-09-21,DOMESTIC BUSINESS CORPORATION,Kings,New York,VARIETY FLATBUSH CORP.,340 STAGG STREET,,BROOKLYN,NY,11206
8026186,HARTS CLEANING COMPANY LLC,2026-09-21,DOMESTIC LIMITED LIABILITY COMPANY,Bronx,New York,HARTS CLEANING COMPANY LLC,1290 Rodman Pl Apt 8L,,Bronx,NY,10460
8026187,BAXTER BEAUTY INC.,2026-09-21,DOMESTIC BUSINESS CORPORATION,New York,New York,THE CORP,118 BAXTER ST.,,NEW YORK,NY,10013
8026189,"KBT BEAUTY PROFESSIONAL, INC.",2026-09-21,DOMESTIC BUSINESS CORPORATION,Suffolk,New York,KRISTIE THORNTON,1510 LOUIS KOSSUTH AVE,,BOHEMIA,NY,11716
8026190,CLCA NY TRADING INC.,2026-09-21,DOMESTIC BUSINESS CORPORATION,Nassau,New York,YANXING LIN,14456 ROOSEVELT AVE STE 2A,,FLUSHING,NY,11354
8026191,KARENS INSIGHTS LLC,2026-09-21,DOMESTIC LIMITED LIABILITY COMPANY,New York,New York,Entity Protect Registered Agent Services LLC,447 Broadway 2nd Fl. - #3000,,New York,NY,10013
8026194,RESTAURANTKEURSERIGNEFALLOU LLC,2026-09-21,DOMESTIC LIMITED LIABILITY COMPANY,New York,New York,MameDiop Sankhe,120 W 116 street,,New York,NY,10026
8026195,DOT ZIP LLC,2026-09-21,DOMESTIC LIMITED LIABILITY COMPANY,Albany,New York,NORTHWEST REGISTERED AGENT LLC,418 BROADWAY,STE N,ALBANY,NY,12207
8026198,PROSPERITY & LOVE LLC,2026-09-21,DOMESTIC LIMITED LIABILITY COMPANY,Albany,New York,NORTHWEST REGISTERED AGENT LLC,418 BROADWAY,STE N,ALBANY,NY,12207
8026200,SANTACON THE PLAY LLC,2026-09-21,DOMESTIC LIMITED LIABILITY COMPANY,Albany,New York,New York Registered Agent,418 Broadway STE R,,Albany,NY,12207
8026201,116 VINE BATAVIA LLC,2026-09-21,DOMESTIC LIMITED LIABILITY COMPANY,Genesee,New York,Ryan Macdonald,5775 Clinton Street Road,,Bergen,NY,14416
8026202,TAXLIO SERVICES LLC,2026-09-21,DOMESTIC LIMITED LIABILITY COMPANY,Bronx,New York,EMMANUEL ROSARIO TOLENTINO,245 EAST GUN HILL ROAD,APT 1J,BRONX,NY,10467
8026203,TAMARI DEVDARIANI INC.,2026-09-21,DOMESTIC BUSINESS CORPORATION,Kings,New York,TAMARI DEVDARIANI INC.,3030 BRIGHTON 12TH ST 6C,,BROOKLYN,NY,11235
8026205,"JERSEY MIKE'S FRANCHISE SYSTEMS, LLC",2026-09-21,FOREIGN LIMITED LIABILITY COMPANY,New York,Delaware,C/O C T CORPORATION SYSTEM,28 LIBERTY STREET,,NEW YORK,NY,10005
8026206,"TERRAFORM SURFACE GROUP, INC.",2026-09-21,DOMESTIC BUSINESS CORPORATION,Westchester,New York,"TERRAFORM SURFACE GROUP, INC.",17 SPRING ROAD,,YONKERS,NY,10705
8026208,MONTEREY COMMERCE CORP.,2026-09-21,DOMESTIC BUSINESS CORPORATION,Queens,New York,MONTEREY COMMERCE CORP.,29-21 24TH AVE.,,ASTORIA,NY,11102
8026209,KRIS RE LLC,2026-09-21,DOMESTIC LIMITED LIABILITY COMPANY,Queens,New York,KEVINDRA TEJIRAM,134-17 101 AVENUE,,RICHMOND HILL,NY,11419
8026210,DEFINING GREATNESS LLC,2026-09-21,DOMESTIC LIMITED LIABILITY COMPANY,Albany,New York,NORTHWEST REGISTERED AGENT LLC,418 BROADWAY,STE N,ALBANY,NY,12207
8026211,OSCURO HOUSE LLC,2026-09-21,DOMESTIC LIMITED LIABILITY COMPANY,Albany,New York,NORTHWEST REGISTERED AGENT LLC,418 BROADWAY,STE N,ALBANY,NY,12207
8026213,LAST LOOK CAR OFFER LLC,2026-09-21,DOMESTIC LIMITED LIABILITY COMPANY,Schenectady,New York,LAST LOOK CAR OFFER LLC,PO Box 2557,,Glenville,NY,12325
8026214,COMMDEX HOLDINGS LLC,2026-09-21,FOREIGN LIMITED LIABILITY COMPANY,Albany,Georgia,CORPORATION SERVICE COMPANY,80 STATE STREET,,ALBANY,NY,122072543
8026215,CHELSEA 26 HOTEL LLC,2026-09-21,DOMESTIC LIMITED LIABILITY COMPANY,Albany,New York,CHELSEA 26 HOTEL LLC,16 Madison Sq W Suite 1054,,New York,NY,10010
8026219,INTERREGIONAL LTD.,2026-09-21,DOMESTIC BUSINESS CORPORATION,Queens,New York,ADREANNE GALVAN,16130 JEWEL AVE APT 4H,,FRESH MEADOWS,NY,11365
8026220,ADAM FRUIT MARKET CORP.,2026-09-21,DOMESTIC BUSINESS CORPORATION,Bronx,New York,adam fruit market corp.,1800a white plains rd,,bronx,NY,10462
8026221,"APEX AUTOMOTIVE 332, LLC",2026-09-21,DOMESTIC LIMITED LIABILITY COMPANY,Ontario,New York,"APEX AUTOMOTIVE 332, LLC",866 COUNTY ROAD 9,,VICTOR,NY,14564
8026223,RHONSEVYCH LLC,2026-09-21,DOMESTIC LIMITED LIABILITY COMPANY,Kings,New York,ROSTYSLAV HONSEVYCH,2159 BAY RIDGE AVE APT 1,,BROOKLYN,NY,11204
8026224,VILLAS REMODELING CORP.,2026-09-21,DOMESTIC BUSINESS CORPORATION,Queens,New York,DARIO VILLA,7823 88TH AVE,,JAMAICA,NY,11421
8026227,BROOKMARSH TRADING INC.,2026-09-21,DOMESTIC BUSINESS CORPORATION,Queens,New York,SHAOYONG LIU & ZIYU LIU,200-16 36TH AVE,,FLUSHING,NY,11361
8026229,EMPIREHOUSE INC.,2026-09-21,DOMESTIC BUSINESS CORPORATION,New York,New York,Adam Jones,224 w 35th st,Ste 500,New york,NY,10001
8026230,GRUBE PROPERTIES LLC,2026-09-21,DOMESTIC LIMITED LIABILITY COMPANY,Ulster,New York,Anika Grube,42 Ackerman Place,,Nyack,NY,10960
8026231,35 CRANBERRY STREET LLC,2026-09-21,DOMESTIC LIMITED LIABILITY COMPANY,Albany,New York,REGISTERED AGENTS INC.,418 BROADWAY,STE R,ALBANY,NY,12207
8026232,MF AUTO REPAIR #1 CORP.,2026-09-21,DOMESTIC BUSINESS CORPORATION,Westchester,New York,MF AUTO REPAIR #1 CORP.,105 BEDFORD RD,,KATONAH NY,NY,10536
8026233,CASEY DRANE MEDIA LLC,2026-09-21,DOMESTIC LIMITED LIABILITY COMPANY,New York,New York,Casey Drane,323 Pleasant Ave,Apt 3,New York,NY,10035
8026234,POLO 3 LLC,2026-09-21,DOMESTIC LIMITED LIABILITY COMPANY,Queens,New York,POLO 3 LLC,10 EAST LANE,,NEW HYDE PARK,NY,11040
8026235,HEXIDESK LLC,2026-09-21,DOMESTIC LIMITED LIABILITY COMPANY,Cattaraugus,New York,REPUBLIC REGISTERED AGENT SERVICES INC.,54 STATE STREET,STE 804,ALBANY,NY,12207
8026237,SMANA DEALS LLC,2026-09-21,DOMESTIC LIMITED LIABILITY COMPANY,Queens,New York,Abdul Suboor Mohammad,209-14 hillside ave,,queens village,NY,11427
8026238,FMC FREIGHT LLC,2026-09-21,DOMESTIC LIMITED LIABILITY COMPANY,Lewis,New York,FMC FREIGHT LLC,"65 ROOSEVELT AVENUE, SUITE 102",,VALLEY STREAM,NY,11581
8026239,IFSE CONSTRUCTION GROUP LLC,2026-09-21,DOMESTIC LIMITED LIABILITY COMPANY,Nassau,New York,REPUBLIC REGISTERED AGENT SERVICES INC.,54 STATE STREET,STE 804,ALBANY,NY,12207
8026240,DRKAWANAREED LLC,2026-09-21,DOMESTIC LIMITED LIABILITY COMPANY,Albany,New York,NORTHWEST REGISTERED AGENT LLC,418 BROADWAY,STE N,ALBANY,NY,12207
8026241,500 CENTRAL 134 INC.,2026-09-21,DOMESTIC BUSINESS CORPORATION,Westchester,New York,500 CENTRAL 134 INC.,571A White Plains Rd,,Eastchester,NY,10709
8026243,ABBERO LLC,2026-09-21,DOMESTIC LIMITED LIABILITY COMPANY,Kings,New York,Parker Nisbet,951 Lorimer Street,Unit 2,Brooklyn,NY,11222
8026244,HAPPYTAILS SUPPLY LLC,2026-09-21,DOMESTIC LIMITED LIABILITY COMPANY,Albany,New York,REGISTERED AGENTS INC.,418 BROADWAY,STE R,ALBANY,NY,12207
8026245,SEMPER FIRE INC.,2026-09-21,FOREIGN BUSINESS CORPORATION,Nassau,Texas,semper fire inc.,3900 sunrise hwy,,SEAFORD,NY,11783
8026246,CKPA-CJKS LLC,2026-09-21,DOMESTIC LIMITED LIABILITY COMPANY,Queens,New York,CKPA-CJKS LLC,38-25 Astoria Blvd.,,Astoria,NY,11103
8026247,EASYSTAN LLC,2026-09-21,DOMESTIC LIMITED LIABILITY COMPANY,New York,New York,Stanley Pompidou Chery,175 East 52ND Street Apt C6,,Brooklyn,NY,11203
8026249,VELORA NY LLC,2026-09-21,DOMESTIC LIMITED LIABILITY COMPANY,Nassau,New York,FARHEEN ASHRAF,60 CLIFF DR,,HICKSVILLE,NY,11801
8026250,PACHECO INDUSTRIES LLC,2026-09-21,DOMESTIC LIMITED LIABILITY COMPANY,Albany,New York,REPUBLIC REGISTERED AGENT SERVICES INC.,54 STATE STREET,STE 804,ALBANY,NY,12207
8026251,IXI BLUE LLC,2026-09-21,DOMESTIC LIMITED LIABILITY COMPANY,Westchester,New York,REPUBLIC REGISTERED AGENT SERVICES INC.,54 STATE STREET,STE 804,ALBANY,NY,12207
8026254,NEW SHUN FENG CORPORATION,2026-09-21,DOMESTIC BUSINESS CORPORATION,Kings,New York,NEW SHUN FENG CORPORATION,524 New Lots Avenue,,Brooklyn,NY,11207
8026255,"CARDIGAN ADVISORY GROUP, LLC",2026-09-21,DOMESTIC LIMITED LIABILITY COMPANY,Monroe,New York,"Cardigan Advisory Group, LLC",30 Mountain Rd,,Rochester,NY,14625
8026257,PURPOSE PARTNERS LENDING CO INC.,2026-09-21,DOMESTIC BUSINESS CORPORATION,Suffolk,New York,Andromache Petridis,127 Clinton ave.,,East Patchogue,NY,117726127
8026258,MIX AIR HVAC LLC,2026-09-21,DOMESTIC LIMITED LIABILITY COMPANY,Albany,New York,RODRIGUE JASMIN,2 BILTMORE AVE,,ELMONT,NY,11003
8026259,MDE ACCESS LLC,2026-09-21,DOMESTIC LIMITED LIABILITY COMPANY,New York,New York,Michael Walker,140w 133rd street,suite 1b,new york,NY,10030
8026261,ONE SMALL VOICE LLC,2026-09-21,DOMESTIC LIMITED LIABILITY COMPANY,Richmond,New York,ONE SMALL VOICE LLC,78 CROSSHILL ST,,STATEN ISLAND,NY,10301
8026262,TED LEONARD CONSULTING LLC,2026-09-21,DOMESTIC LIMITED LIABILITY COMPANY,Ontario,New York,Theodore Michael Leonard,5569 Lakewood Trail,,Canandaigua,NY,14424
8026265,ELITE LEGACY VENTURES INC.,2026-09-21,DOMESTIC BUSINESS CORPORATION,Suffolk,New York,Robert Green,15 Carleton Ave,,Islip Terrace,NY,11752
8026267,WKL INTERNATIONAL FOOD INC.,2026-09-21,DOMESTIC BUSINESS CORPORATION,Suffolk,New York,WKL Food International Inc,92 Central Ave D2,,Farmingdale,NY,11735
8026269,K & N CLEANING LLC,2026-09-21,DOMESTIC LIMITED LIABILITY COMPANY,Schenectady,New York,K & N CLEANING LLC,5 Barney Street,,Schenectady,NY,12307
8026270,A AND S DIECAST LLC,2026-09-21,DOMESTIC LIMITED LIABILITY COMPANY,Saratoga,New York,Richard Blackson,12 Blue Spruce lane,,Ballston lake,NY,12019
8026272,FIT WITH CRUZ LLC,2026-09-21,DOMESTIC LIMITED LIABILITY COMPANY,Bronx,New York,ZENBUSINESS INC.,41 STATE STREET,SUITE 112,ALBANY,NY,12207
8026274,CR1 CONSTRUCTION INC.,2026-09-21,DOMESTIC BUSINESS CORPORATION,Orange,New York,CESAR RODRIGUEZ BAUTISTA,416 1/2 NORTH ST,,MIDDLETOWN,NY,10940
8026275,ARTCRAFT PRODUCTIONS 1,2026-09-21,FOREIGN BUSINESS CORPORATION,New York,Delaware,CORPORATION SERVICE COMPANY,80 STATE STREET,,ALBANY,NY,122072543
8026276,SUNNATZ LLC,2026-09-21,DOMESTIC LIMITED LIABILITY COMPANY,Kings,New York,Sunnat Zugurdiev,829 E 10th Street,Apt 1D,Brooklyn,NY,112302888
8026277,HABIBI BINZ CORPORATION,2026-09-21,DOMESTIC BUSINESS CORPORATION,New York,New York,KASANDRA CRUZ,1303 ST NICHOLAS AVE,,NEW YORK,NY,10033
8026278,JOT SPA INC.,2026-09-21,DOMESTIC BUSINESS CORPORATION,Nassau,New York,KULWINDER K. SINGH,16 BYRON STREET,,BETHPAGE,NY,11714
8026283,59 FAIRGREEN LLC,2026-09-21,DOMESTIC LIMITED LIABILITY COMPANY,Erie,New York,ARON KIEFER,25 LANDINGS DR,,AMHERST,NY,14228
8026284,BEVERLY RESIDENTIAL LLC,2026-09-21,DOMESTIC LIMITED LIABILITY COMPANY,Monroe,New York,Beverly Residential LLC,26 Cannock Drive,,Fairport,NY,14450
8026285,ELEVATE WEALTH ADVISORS INC.,2026-09-21,DOMESTIC BUSINESS CORPORATION,Kings,New York,Patricia Lawrence,872 East 28th St. 1B,,Brooklyn,NY,11210
8026286,UNION PHARM INC.,2026-09-21,DOMESTIC BUSINESS CORPORATION,Kings,New York,CHANG SUO ZHUANG,860 58TH STREET,,BROOKLYN,NY,11220
8026287,SPOT CUSTOM COURIER LLC,2026-09-21,DOMESTIC LIMITED LIABILITY COMPANY,Albany,New York,REPUBLIC REGISTERED AGENT SERVICES INC.,54 STATE STREET,STE 804,ALBANY,NY,12207
8026289,LAWSON FAMILY ENTERPRISES LLC,2026-09-21,DOMESTIC LIMITED LIABILITY COMPANY,Erie,New York,Gary E. Lawson,4800 Meadow Lane,,Hamburg,NY,14075
8026290,THE GILDED SWEEP CORP.,2026-09-21,DOMESTIC BUSINESS CORPORATION,Bronx,New York,ANTONETA ULDEDAJ,3246 KINGSBRIDGE AVE APT 23,,BRONX,NY,10463
8026291,LEXDRIVE LLC,2026-09-21,DOMESTIC LIMITED LIABILITY COMPANY,Albany,New York,REPUBLIC REGISTERED AGENT SERVICES INC.,54 STATE STREET,STE 804,ALBANY,NY,12207
8026294,"DEFBAR HOLDINGS, LLC",2026-09-21,DOMESTIC LIMITED LIABILITY COMPANY,Westchester,New York,SEAN BARTON,26 HILLCREST AVE,,CORTLANDT MANOR,NY,10567
8026296,ACTIVE CALIBRATIONS INC.,2026-09-21,DOMESTIC BUSINESS CORPORATION,Nassau,New York,Vernel Blanche,321 Peninsula Blvd,,Hempstead,NY,11550
8026297,A & A FRAMING & RENO CORP.,2026-09-21,DOMESTIC BUSINESS CORPORATION,Suffolk,New York,REPUBLIC REGISTERED AGENT SERVICES INC.,54 STATE STREET,STE 804,ALBANY,NY,12207
8026298,YHZ TRUCKING INC.,2026-09-21,DOMESTIC BUSINESS CORPORATION,Kings,New York,YHZ TRUCKING INC.,6920 12TH AVE,,Brooklyn,NY,11228
8026299,NAVAS SPARKLE CLEANING LLC,2026-09-21,DOMESTIC LIMITED LIABILITY COMPANY,Orange,New York,Nava Sparkle Cleaning LLC,2 Laurel Dr,,Bloomingburg,NY,12721
8026302,LINGXI MAKEUP INC.,2026-09-21,DOMESTIC BUSINESS CORPORATION,Queens,New York,Xin Wang,143-21 22nd Rd,,Whitestone,NY,11357
8026304,JAFE CLEANING SERVICES LLC,2026-09-21,DOMESTIC LIMITED LIABILITY COMPANY,Albany,New York,REPUBLIC REGISTERED AGENT SERVICES INC.,54 STATE STREET,STE 804,ALBANY,NY,12207
8026305,C&B AT HOME IN UTICA LLC,2026-09-21,DOMESTIC LIMITED LIABILITY COMPANY,Oneida,New York,C&B AT HOME IN UTICA LLC,P.O. BOX 8142,,UTICA,NY,13504
8026306,BEBES OF THE ISLAND LLC,2026-09-21,DOMESTIC LIMITED LIABILITY COMPANY,Nassau,New York,Vianna Calderon Lopez,262 Waukena Avenue,,Oceanside,NY,11572
8026307,HUDSON VALLEY SENIOR ADVOCATES LLC,2026-09-21,DOMESTIC LIMITED LIABILITY COMPANY,Ulster,New York,Victoria Camerati,36 Crispell Rd,,Olivebridge,NY,12461
8026308,NEW ENGLAND ROLL FORMING CORP.,2026-09-21,DOMESTIC BUSINESS CORPORATION,Westchester,New York,NEW ENGLAND ROLL FORMING CORP.,96 McLean Ave,,White Plains,NY,10607
8026309,GREENZ UNITED LLC,2026-09-21,DOMESTIC LIMITED LIABILITY COMPANY,Kings,New York,Dave Louison,5514 Tilden Ave,GRND FL,Brooklyn,NY,11203
8026310,PRIVATE CIRCLE HOSPITALITY GROUP LLC,2026-09-21,DOMESTIC LIMITED LIABILITY COMPANY,Kings,New York,REPUBLIC REGISTERED AGENT SERVICES INC.,54 STATE STREET,STE 804,ALBANY,NY,12207
8026311,SUNRISE DIAGNOSTIC LABS LLC,2026-09-21,DOMESTIC LIMITED LIABILITY COMPANY,New York,New York,Daljit Singh,5 Pennsylvania Plaza 19th FL,,New York,NY,10001
8026313,CAR 2019 LLC,2026-09-21,DOMESTIC LIMITED LIABILITY COMPANY,Orange,New York,CAR 2019 LLC,3 Satmar Dr unit 301,,Monroe,NY,10950
8026314,131-44 MATHEWSON INC.,2026-09-21,DOMESTIC BUSINESS CORPORATION,Queens,New York,MOSTAK AHMED,175-61 HILLSIDE AVENUE,SUITE 206,JAMAICA,NY,11432
8026317,OTSEGO HAVEN LLC,2026-09-21,DOMESTIC LIMITED LIABILITY COMPANY,Oneida,New York,OTSEGO HAVEN LLC,11636 Steuben Rd E,,Deerfield,NY,13502
8026324,AVNA TESTING CLINIC LLC,2026-09-21,DOMESTIC LIMITED LIABILITY COMPANY,Suffolk,New York,Sanjeev kumar,150 Motor Parkway Suite 401,,Hauppauge,NY,11788
8026325,WANG WANG MAIN ST INC.,2026-09-21,DOMESTIC BUSINESS CORPORATION,Queens,New York,WANG WANG MAIN ST INC.,43-18 MAIN ST UNIT 1A,,FLUSHING,NY,11355
8026327,"EAST COAST DITCHBANGERS, LLC",2026-09-21,DOMESTIC LIMITED LIABILITY COMPANY,Rensselaer,New York,"East Coast Ditchbangers, LLC",47 Dutch Church Road,,Petersburg,NY,12138
8026328,1178 ASTOR LLC,2026-09-21,DOMESTIC LIMITED LIABILITY COMPANY,Bronx,New York,1178 ASTOR LLC,1178 ASTOR AVE,,BRONX,NY,10469
8026329,438 WESTCHESTER CORPORATION,2026-09-21,DOMESTIC BUSINESS CORPORATION,Suffolk,New York,MICHAEL CASSESE,155 PINELAWN ROAD,SUITE 210 SOUTH,MELVILLE,NY,11747
8026331,EAGLES KONSTRUCTION INC.,2026-09-21,DOMESTIC BUSINESS CORPORATION,Albany,New York,ERI PJESHKA,2103 Nahant St,,Schenactady,NY,12306
8026332,RACKING AUTO REPAIRS LLC,2026-09-21,DOMESTIC LIMITED LIABILITY COMPANY,Bronx,New York,RACKING AUTO REPAIRS LLC,870 Jennings St Apt 5K,,Bronx,NY,10459
8026334,"BRAD GARROW FOUNDATION, INC.",2026-09-21,DOMESTIC NOT-FOR-PROFIT CORPORATION,Franklin,New York,"BRAD GARROW FOUNDATION, INC.",33 spruce street,,MALONE,NY,12953
8026336,609 SMR LLC,2026-09-21,DOMESTIC LIMITED LIABILITY COMPANY,Westchester,New York,609 SMR LLC,34 JUDSON AVE,,ARDSLEY,NY,10502
8026337,JONATHAN COLLETTE LLC,2026-09-21,DOMESTIC LIMITED LIABILITY COMPANY,Westchester,New York,NORTHWEST REGISTERED AGENT LLC,418 BROADWAY,STE N,ALBANY,NY,12207
8026341,MOOLA FARM CREAMERY LLC,2026-09-21,DOMESTIC LIMITED LIABILITY COMPANY,Sullivan,New York,MOOLA FARM CREAMERY LLC,PO Box 826,,Livingston Manor,NY,12758
8026344,BROKE AZZ ACRES LLC,2026-09-21,DOMESTIC LIMITED LIABILITY COMPANY,Albany,New York,NORTHWEST REGISTERED AGENT LLC,418 BROADWAY,STE N,ALBANY,NY,12207
8026345,WORTHY IMPACTS LLC,2026-09-21,DOMESTIC LIMITED LIABILITY COMPANY,Suffolk,New York,Worthy Impacts LLC,85 Rhoda Avenue,,North Babylon,NY,11703
8026346,THERE GOES GAIL INC.,2026-09-21,DOMESTIC BUSINESS CORPORATION,Kings,New York,Gail Schulman,15 Chester Ct. Apt 3,,Brooklyn,NY,11225
8026347,CHIEF INVESTIGATIONS LLC,2026-09-21,DOMESTIC LIMITED LIABILITY COMPANY,Westchester,New York,CHIEF INVESTIGATIONS LLC,5 THE CROSSING AT BLIND BROOK,,PURCHASE,NY,10577
8026348,PROCAST PROPERTY MANAGEMENT AND DEVELOPMENT LLC,2026-09-21,DOMESTIC LIMITED LIABILITY COMPANY,Oswego,New York,PROCAST PROPERTY MANAGEMENT AND DEVELOPMENT LLC,"54A Northern Blvd,",,Central Square,NY,13036
8026349,84 WITHERS STREET LLC,2026-09-21,DOMESTIC LIMITED LIABILITY COMPANY,New York,New York,c/o Paracorp Incorporated,One Commerce Plaza,99 Washington Avenue #805A,Albany,NY,122102822
8026350,SPECIAL RESERVE LLC,2026-09-21,DOMESTIC LIMITED LIABILITY COMPANY,Suffolk,New York,Special Reserve LLC,366 S Country Road,,Brookhaven,NY,11719
8026351,GOLDEN CHEESE BITE LLC,2026-09-21,DOMESTIC LIMITED LIABILITY COMPANY,Albany,New York,NORTHWEST REGISTERED AGENT LLC,418 BROADWAY,STE N,ALBANY,NY,12207
8026352,ENEJAH LLC,2026-09-21,DOMESTIC LIMITED LIABILITY COMPANY,Bronx,New York,Mohamed Mahmoud Ishagh,1991 Bronxdale Ave,C8,Bronx,NY,10462
8026353,NEXORA HOME SYSTEMS INC.,2026-09-21,DOMESTIC BUSINESS CORPORATION,Kings,New York,NEXORA HOME SYSTEMS INC.,862 BUSHWICK AVE,,BROOKLYN,NY,11221
8026354,COREBIT X TECH LLC,2026-09-21,DOMESTIC LIMITED LIABILITY COMPANY,Orange,New York,COREBIT X TECH LLC,2 Harriman Woods Dr,,Harriman,NY,10926
8026355,BROOKSIDE NEXUS INC.,2026-09-21,DOMESTIC BUSINESS CORPORATION,Albany,New York,Brookside Nexus INC,"80 State Street, Suite 914",,Albany,NY,12207
8026358,"ENVIRONMENTALLY SOUND PEST SERVICES, INC.",2026-09-21,DOMESTIC BUSINESS CORPORATION,Kings,New York,"ENVIRONMENTALLY SOUND PEST SERVICES, INC.",850 3RD AVENUE,,BROOKLYN,NY,11232
8026360,MSK FOOD GROUP LLC,2026-09-21,DOMESTIC LIMITED LIABILITY COMPANY,New York,New York,Kim Sebastiano,16 Hemlock Court,,Staten Island,NY,10309
8026362,928 TOP DELI GROCERY CORP.,2026-09-21,DOMESTIC BUSINESS CORPORATION,Bronx,New York,928 TOP DELI GROCERY CORP.,928 TINTON AVE,,BRONX,NY,10456
8026363,MEH SLAYS MS LLC,2026-09-21,DOMESTIC LIMITED LIABILITY COMPANY,Bronx,New York,Lamaisia Dean,3985 Gouvenuer Ave,APT 2C,Bronx,NY,10463
8026365,BALINGIT VENTURES LLC,2026-09-21,DOMESTIC LIMITED LIABILITY COMPANY,Queens,New York,Bryce Luke Balingit,3-12A Weatherly Place,,College Point,NY,11356
8026367,DOVE & HOPE LLC,2026-09-21,DOMESTIC LIMITED LIABILITY COMPANY,Saratoga,New York,DOVE & HOPE LLC,224 26TH AVENUE,#419,ASTORIA,NY,11102
8026368,NEXTGEN BROADBAND LLC,2026-09-21,DOMESTIC LIMITED LIABILITY COMPANY,Erie,New York,NEXTGEN BROADBAND LLC,2495 MAIN STREET SUITE 470,,BUFFALO,NY,14214
8026369,H2 COMMERCIAL LLC,2026-09-21,DOMESTIC LIMITED LIABILITY COMPANY,Albany,New York,NORTHWEST REGISTERED AGENT LLC,418 BROADWAY,STE N,ALBANY,NY,12207
8026370,ARTSY FARTSY 63 LLC,2026-09-21,DOMESTIC LIMITED LIABILITY COMPANY,Albany,New York,USA CORPORATE SERVICES INC.,911 CENTRAL AVE STE 214,,ALBANY,NY,12206
8026371,JM HOME DEVELOPMENT LLC,2026-09-21,DOMESTIC LIMITED LIABILITY COMPANY,Erie,New York,Jon Mcmahon,488 Moore Ave,,Buffalo,NY,14223
8026372,SHADY MOBILE AUTO GLASS REPAIRS LLC,2026-09-21,DOMESTIC LIMITED LIABILITY COMPANY,Bronx,New York,SHADY MOBILE AUTO GLASS REPAIRS LLC,1290 Rodman Pl Apt 5F,,Bronx,NY,10460
8026375,NAVORA INC.,2026-09-21,DOMESTIC BUSINESS CORPORATION,Queens,New York,NAVORA INC.,15528 CHERRY AVE,,FLUSHING,NY,11355
8026376,FH NARITA CO. INC.,2026-09-21,DOMESTIC BUSINESS CORPORATION,Albany,New York,REGISTERED AGENTS INC.,418 BROADWAY,STE R,ALBANY,NY,12207
8026377,ALTEREGO CAFE LLC,2026-09-21,DOMESTIC LIMITED LIABILITY COMPANY,Westchester,New York,ALTEREGO CAFE LLC,87 FULTON STREET,,WHITE PLAINS,NY,10606
8026378,SHAX PREMIUM INC.,2026-09-21,DOMESTIC BUSINESS CORPORATION,Kings,New York,Shax Premium INC.,1802 OCEAN PKWY F6,,BROOKLYN,NY,11223
8026379,BITSHIFT FORGE LLC,2026-09-21,DOMESTIC LIMITED LIABILITY COMPANY,Albany,New York,NORTHWEST REGISTERED AGENT LLC,418 BROADWAY,STE N,ALBANY,NY,12207
8026380,TT TRANSLATIONS INC.,2026-09-21,DOMESTIC BUSINESS CORPORATION,Kings,New York,TAMAR TSULADZE,"229 NEPTUNE AVE , APT 4",,BROOKLYN,NY,11235
8026383,RALLY TRAVEL RETREATS LLC,2026-09-21,DOMESTIC LIMITED LIABILITY COMPANY,Westchester,New York,RALLY TRAVEL RETREATS LLC,55 Bloomer Rd,,North Salem,NY,10560
8026384,LULES MULTISERVICES LLC,2026-09-21,DOMESTIC LIMITED LIABILITY COMPANY,Queens,New York,LULES MULTISERVICES LLC,31-09 42nd Street,Apt 2A,ASTORIA,NY,11103
8026386,CRESCENT BRIDGE LLC,2026-09-21,DOMESTIC LIMITED LIABILITY COMPANY,Onondaga,New York,Jayden Burney,4523 Broad Rd,,Syracuse,NY,13215
8026387,VVZS CONSULTING INC.,2026-09-21,DOMESTIC BUSINESS CORPORATION,Kings,New York,AZ GU,1213 Avenue Z,,Brooklyn,NY,11235
8026388,23 CEDAR DRIVE CT LLC,2026-09-21,DOMESTIC LIMITED LIABILITY COMPANY,Dutchess,New York,Patrick Hatcher,5 Reservoir Road,,Pawling,NY,12564
8026391,EAST MEET INTERIOR PAINTING LLC,2026-09-21,DOMESTIC LIMITED LIABILITY COMPANY,Bronx,New York,EAST MEET INTERIOR PAINTING LLC,1290 Rodman Pl Apt 8L,,Bronx,NY,10460
8026392,WORLD OF PARROTS LLC,2026-09-21,DOMESTIC LIMITED LIABILITY COMPANY,Kings,New York,WORLD OF PARROTS LLC c/o Colbert Law LLC,"315 Madison Avenue, Ste. 4032",,New York,NY,10017
8026393,SQUARED AWAY HOME SERVICES LLC,2026-09-21,DOMESTIC LIMITED LIABILITY COMPANY,Monroe,New York,Squared Away Home Services LLC,88 Covered Wagon Trail,,West Henrietta,NY,14586
8026394,VANTAGE FILM LLC,2026-09-21,DOMESTIC LIMITED LIABILITY COMPANY,Queens,New York,Rocco Macchio,28-38 Bell Blvd,,Bayside,NY,11360
8026395,ERNESTO CONSTRUCTION CORP.,2026-09-21,DOMESTIC BUSINESS CORPORATION,Suffolk,New York,ROGELIO E RAMIREZ ANDRES,1543 PINE ACRES BLVD,,BAY SHORE,NY,11706
8026396,ATLANTIC PRIME MANAGEMENT GROUP LLC,2026-09-21,DOMESTIC LIMITED LIABILITY COMPANY,Westchester,New York,ATLANTIC PRIME MANAGEMENT GROUP LLC,"2 Star Ridge Rd, # 2",,North Salem,NY,10560
8026397,COMSTOCK SEXTON LLC,2026-09-21,DOMESTIC LIMITED LIABILITY COMPANY,Sullivan,New York,Comstock Sexton LLC,428 Hollow Road,,Glen Spey,NY,12737
8026399,CARL-KAT SERVICES LLC,2026-09-21,DOMESTIC LIMITED LIABILITY COMPANY,Nassau,New York,Carlos Wells,32 Walton Avenue,,Uniondale,NY,11553
8026400,FRY & PIE PREMIUM LLC,2026-09-21,DOMESTIC LIMITED LIABILITY COMPANY,Queens,New York,FRY &amp; PIE PREMIUM LLC,"168-31 HILLSIDE AVENUE, APT 2F",,JAMAICA,NY,11432
8026401,JPLUSASSET.USA LLC,2026-09-21,DOMESTIC LIMITED LIABILITY COMPANY,Albany,New York,NORTHWEST REGISTERED AGENT LLC,418 BROADWAY,STE N,ALBANY,NY,12207
8026402,PRC PROPERTY HOLDINGS LLC,2026-09-21,DOMESTIC LIMITED LIABILITY COMPANY,Nassau,New York,c/o Adam B. Bayroff P.C.,31 Stewart Street,,Floral Park,NY,11001
8026403,EFFECTAI LLC,2026-09-21,DOMESTIC LIMITED LIABILITY COMPANY,Albany,New York,EFFECTAI LLC,31 Wertman Ln,,Albany,NY,12211
8026404,BEEITSMART CORP.,2026-09-21,DOMESTIC BUSINESS CORPORATION,Queens,New York,Richard Ji,63-61 99th St,E15,Rego Park,NY,11374
8026406,CITY ISLAND CONCIERGE LLC,2026-09-21,DOMESTIC LIMITED LIABILITY COMPANY,Albany,New York,NORTHWEST REGISTERED AGENT LLC,418 BROADWAY,STE N,ALBANY,NY,12207
8026408,LA REINA DEL MARIACHI LLC,2026-09-21,DOMESTIC LIMITED LIABILITY COMPANY,Suffolk,New York,Katherine Salguero,22 Ruland Rd,,Selden,NY,11784
8026409,DERRI CAFE LLC,2026-09-21,DOMESTIC LIMITED LIABILITY COMPANY,Putnam,New York,DERRI CAFE LLC,"99 Main Street, Suite A",,Brewster,NY,10509
8026411,XKY TRUCKING INC.,2026-09-21,DOMESTIC BUSINESS CORPORATION,Kings,New York,XKY TRUCKING INC.,1824 82ND ST,,BROOKLYN,NY,11214
8026412,AA REAL ESTATE TOWER LLC,2026-09-21,DOMESTIC LIMITED LIABILITY COMPANY,Queens,New York,THE LIMITED LIABILITY COMPANY,24-04 41ST STREET,,ASTORIA,NY,11103
8026413,PIRONI MARA CONSTRUCTION LLC,2026-09-21,DOMESTIC LIMITED LIABILITY COMPANY,Nassau,New York,Pironi Mara Construction LLC,75 Harrison Street,,Garden City,NY,11530
8026414,ORTIZ 19A DRIVER TRAINING & CERTIFICATION SVS LLC,2026-09-21,DOMESTIC LIMITED LIABILITY COMPANY,Bronx,New York,FRANKLIN A ORTIZ,1061 INTERVALE AVENUE,,BRONX,NY,10459
8026415,APEX EQ CONSULTING LLC,2026-09-21,DOMESTIC LIMITED LIABILITY COMPANY,Oneida,New York,Apex EQ Consulting LLC,1926 Genesee St,Ste 1 #690,Utica,NY,13501
8026417,AZZARA RE LLC,2026-09-21,DOMESTIC LIMITED LIABILITY COMPANY,Queens,New York,Thomas Azzara,6941 185th Street,,Fresh Meadows,NY,11365
8026418,RAMAN RANDHAWA LIMO INC.,2026-09-21,DOMESTIC BUSINESS CORPORATION,Queens,New York,Raman Randhawa Limo Inc.,8647 126th st Apt 1,,Richmond Hill,NY,11418
8026419,RESCUE READY CPR LLC,2026-09-21,DOMESTIC LIMITED LIABILITY COMPANY,Albany,New York,NORTHWEST REGISTERED AGENT LLC,418 BROADWAY,STE N,ALBANY,NY,12207
8026420,STYLED BY SARAH LLC,2026-09-21,DOMESTIC LIMITED LIABILITY COMPANY,Nassau,New York,Sarah Turano,92 Connecticut Avenue,,Massapequa,NY,11758
8026421,PARKWAY DISCOUNT WINE & LIQUOR INC.,2026-09-21,DOMESTIC BUSINESS CORPORATION,Queens,New York,PARKWAY DISCOUNT WINE & LIQUOR INC.,"101-05 LEFFERTS BLVD, SUITE 207",,SOUTH RICHMOND HILL,NY,11419
8026424,C & G GLOBAL LLC,2026-09-21,DOMESTIC LIMITED LIABILITY COMPANY,Kings,New York,ZENBUSINESS INC.,41 STATE STREET,SUITE 112,ALBANY,NY,12207
8026426,EL GRAN JEFE LLC,2026-09-21,DOMESTIC LIMITED LIABILITY COMPANY,Westchester,New York,El Gran Jefe LLC,32112 Town Green Dr,,Elmsford,NY,10523
8026431,ALREEF COFFEE HOUSE LLC,2026-09-21,DOMESTIC LIMITED LIABILITY COMPANY,Monroe,New York,ALREEF COFFEE HOUSE LLC,125 Kuhn Rd,,Rochester,NY,14612
8026432,"LITTLE DREAMS DR, INC.",2026-09-21,DOMESTIC NOT-FOR-PROFIT CORPORATION,Bronx,New York,"LITTLE DREAMS DR, INC.",300 white plains rd,#1,BRONX,NY,10473
8026433,5N LANDSCAPING & MAINTENANCE LLC,2026-09-21,DOMESTIC LIMITED LIABILITY COMPANY,Chautauqua,New York,NORTHWEST REGISTERED AGENT LLC,418 BROADWAY,STE N,ALBANY,NY,12207
8026434,RUPAK PROPERTY LLC,2026-09-21,DOMESTIC LIMITED LIABILITY COMPANY,Albany,New York,Nazmul Hoque,315 23rd Street,,Watervliet,NY,12110
8026435,PROPERLYPR INC.,2026-09-21,DOMESTIC BUSINESS CORPORATION,Suffolk,New York,HUNZA A KHAN,578 OLD COUNTRY RD,,HUNTINGTON STATION,NY,11746
8026437,ADRIAN WEGER GILMORE FOUNDATION INC.,2026-09-21,DOMESTIC NOT-FOR-PROFIT CORPORATION,Suffolk,New York,kayla gilmore,27 wood ave,,MASTIC,NY,11950
8026438,ZEITGEIST HOLDINGS LLC,2026-09-21,DOMESTIC LIMITED LIABILITY COMPANY,Queens,New York,ZENBUSINESS INC.,41 STATE STREET,SUITE 112,ALBANY,NY,12207
8026439,"ACADEMIA CLUB ALIANZA LIMA NY NJ, LLC",2026-09-21,DOMESTIC LIMITED LIABILITY COMPANY,Suffolk,New York,Denis J Bejar,509 Albany Avenue,,Lindenhurst,NY,11757
8026442,KWESLOVE VENTURES INC.,2026-09-21,DOMESTIC BUSINESS CORPORATION,Westchester,New York,kwesi mensah,24 north road,,white plains,NY,10603
8026443,SJNM HOLDINGS LLC,2026-09-21,DOMESTIC LIMITED LIABILITY COMPANY,Rockland,New York,Stephen Samuel,12 Oak Rd,,Congers,NY,10920
8026444,SOMALI FOOD AND GRILL LLC,2026-09-21,DOMESTIC LIMITED LIABILITY COMPANY,Monroe,New York,Somali Food and Grill LLC,993 Maple St,,Rochester,NY,14611
8026445,X-CELLENT APPEAL L.L.C.,2026-09-21,DOMESTIC LIMITED LIABILITY COMPANY,Albany,New York,Rahiem Smith,1503 5th Ave,Apt # 2,Watervliet,NY,12189
8026446,BLACK DIAMOND CHAUFFEURS INC.,2026-09-21,DOMESTIC BUSINESS CORPORATION,Queens,New York,Black Diamond Chauffeurs Inc.,13524 122nd PL 2nd,,South Ozone Park,NY,11420
8026447,KOBE TALLEY PRODUCTIONS LLC,2026-09-21,DOMESTIC LIMITED LIABILITY COMPANY,Albany,New York,NORTHWEST REGISTERED AGENT LLC,418 BROADWAY,STE N,ALBANY,NY,12207
8026449,"FIRE ISLAND CONSERVATION FOUNDATION, INC.",2026-09-21,DOMESTIC NOT-FOR-PROFIT CORPORATION,Suffolk,New York,"FIRE ISLAND CONSERVATION FOUNDATION, INC.",9 point o' woods ave.,,point o' woods,NY,11706
8026451,JMASALCE MARKET LLC,2026-09-21,DOMESTIC LIMITED LIABILITY COMPANY,Bronx,New York,JOSE MARIA SALCE TAVAREZ,35 E clarke pl apt 4G,,BRONX,NY,10452
8026452,MAP INSPECTIONS & CONSULTANTS LLC,2026-09-21,DOMESTIC LIMITED LIABILITY COMPANY,Nassau,New York,MAP Inspections and Consultants LLC,100 Willis Avenue,,Mineola,NY,11501
8026453,6246 MUD MILL ROAD LLC,2026-09-21,DOMESTIC LIMITED LIABILITY COMPANY,Onondaga,New York,6246 MUD MILL ROAD LLC,9055 Brewerton Road,,Brewerton,NY,13029
8026455,"DSS PROINSIGHT, LLC",2026-09-21,DOMESTIC LIMITED LIABILITY COMPANY,Nassau,New York,"DSS SECURITY SERVICES, INC",371 MERRICK ROAD,SUITE 301,ROCKVILLE,NY,11570
8026457,DAVIS PROPERTY OPERATIONS LLC,2026-09-21,DOMESTIC LIMITED LIABILITY COMPANY,Wyoming,New York,Joseph Bragg,7586 Curriers Road,,Arcade,NY,14009
8026460,ENIGMA ENTERTAINMENT LLC,2026-09-21,DOMESTIC LIMITED LIABILITY COMPANY,Albany,New York,NORTHWEST REGISTERED AGENT LLC,418 BROADWAY,STE N,ALBANY,NY,12207
8026462,CHANETIC LLC,2026-09-21,DOMESTIC LIMITED LIABILITY COMPANY,Albany,New York,REGISTERED AGENTS INC.,418 BROADWAY,STE R,ALBANY,NY,12207
8026463,SSJJ LLC,2026-09-21,DOMESTIC LIMITED LIABILITY COMPANY,Nassau,New York,SSJJ LLC,2 EMPIRE BLVD,,ISLAND PARK,NY,11558
8026464,67E COLUMBUS CIRCLE LLC,2026-09-21,DOMESTIC LIMITED LIABILITY COMPANY,New York,New York,C/O KAPLAN FOX & KILSHEIMER LLP,"ATTN: JASON P. RESKA, ESQ.","800 THIRD AVENUE, 38TH FLOOR",NEW YORK,NY,10022
8026466,350 MADISON MEZZ LENDER LLC,2026-09-21,FOREIGN LIMITED LIABILITY COMPANY,New York,Delaware,CORPORATION SERVICE COMPANY,80 STATE STREET,,ALBANY,NY,122072543
8026467,BLUE CORD GROUP LLC,2026-09-21,DOMESTIC LIMITED LIABILITY COMPANY,Nassau,New York,EDWARD EVANS,PO BOX 366,,MASSAPEQUA,NY,11758
8026468,S&D INTERNATIONAL PRODUCTS LLC,2026-09-21,DOMESTIC LIMITED LIABILITY COMPANY,New York,New York,Suegin Cozier,245 chestnut street,4 solidarity court 714W,Brooklyn,NY,11208
8026469,CHVENCHVEN7787 INC.,2026-09-21,DOMESTIC BUSINESS CORPORATION,Kings,New York,CHVENCHVEN7787 INC.,2732 E 19TH ST 2RR,,BROOKLYN,NY,11235
8026470,VITAL ROOTS AND CAFE INC.,2026-09-21,DOMESTIC BUSINESS CORPORATION,Queens,New York,VITAL ROOTS AND CAFE INC.,229 BEACH 20th STREET,,FAR ROCKAWAY,NY,11691
8026472,SOAP GAME DISTRIBUTION LLC,2026-09-21,DOMESTIC LIMITED LIABILITY COMPANY,Kings,New York,kyronne anthony,2529 atlantic ave,,brooklyn,NY,11207
8026473,AARONS PLUMBING LLC,2026-09-21,DOMESTIC LIMITED LIABILITY COMPANY,Steuben,New York,AARON HERRNECKAR,19 VERMONT ST,,BATH,NY,14810
8026474,"CHESTNUT WASHINGTON, LLC",2026-09-21,DOMESTIC LIMITED LIABILITY COMPANY,Albany,New York,"CHESTNUT WASHINGTON, LLC",22 Century Hill Drive,Suite 201,Latham,NY,12110
8026475,FOX EQUITIES LLC,2026-09-21,DOMESTIC LIMITED LIABILITY COMPANY,Kings,New York,FOX EQUITIES LLC,16 DuPont St Apt 22D,,Brooklyn,NY,11222
8026478,ZITZ ADVISORY LLC,2026-09-21,DOMESTIC LIMITED LIABILITY COMPANY,Albany,New York,NORTHWEST REGISTERED AGENT LLC,418 BROADWAY,STE N,ALBANY,NY,12207
8026479,DFOJ CONSULTING LLC,2026-09-21,DOMESTIC LIMITED LIABILITY COMPANY,Kings,New York,Samantha Johnson,3919 Avenue H,,Brooklyn,NY,11210
8026481,SANDRA'S CREATIONS INCORPORATED,2026-09-21,DOMESTIC BUSINESS CORPORATION,Westchester,New York,SANDRA JIMENEZ,7 HILLSIDE CLOSE,,WHITEPLAIN,NY,10603
8026482,M&A CARRIERS LLC,2026-09-21,DOMESTIC LIMITED LIABILITY COMPANY,Monroe,New York,Merwais Ayoubi,1 Trails Edge Dr,APT 214,West Henrietta,NY,14586
8026483,THE DRY METHOD LLC,2026-09-21,DOMESTIC LIMITED LIABILITY COMPANY,Onondaga,New York,The Dry Method LLC c/o Sheng Thao,117 Stephen Pl,,Syracuse,NY,13212
8026484,BROWN CODE INCORPORATED,2026-09-21,DOMESTIC BUSINESS CORPORATION,Albany,New York,register agent inc,418 broadway STE R,,albany,NY,12207
8026485,SUNRISE STUDIO PROJECTS LLC,2026-09-21,DOMESTIC LIMITED LIABILITY COMPANY,Suffolk,New York,Amber Otto,469 Montauk Highway,,Eastport,NY,11941
8026488,PRETTIEDIAMOND LLC,2026-09-21,DOMESTIC LIMITED LIABILITY COMPANY,Kings,New York,Diamond Rayshell Roberson,308 Sutter Ave,6f,Brooklyn,NY,11212
8026489,PRESENCE AND FIRE INC.,2026-09-21,DOMESTIC BUSINESS CORPORATION,New York,New York,Kalong Chui,831 6th Ave,,New York,NY,10001
8026492,X STAR COMMUNICATIONS INC.,2026-09-21,DOMESTIC BUSINESS CORPORATION,Queens,New York,LIANGMING LIU,13654 39TH AVE,,FLUSHING,NY,11354
8026493,LUCKY DUCK IP LLC,2026-09-21,DOMESTIC LIMITED LIABILITY COMPANY,New York,New York,Lucky Duck IP LLC,67 Cooper Square,,New York,NY,10003
8026495,OLIVER WORLDWIDE LLC,2026-09-21,DOMESTIC LIMITED LIABILITY COMPANY,Albany,New York,REPUBLIC REGISTERED AGENT SERVICES INC.,54 STATE STREET,STE 804,ALBANY,NY,12207
8026497,102 SHALIMAR DRIVE LLC,2026-09-21,DOMESTIC LIMITED LIABILITY COMPANY,Orange,New York,Daniel Paesano,175 Gallows Hill Rd,,Redding,CT,06896
8026498,WILLOW NATURE LLC,2026-09-21,DOMESTIC LIMITED LIABILITY COMPANY,Albany,New York,NORTHWEST REGISTERED AGENT LLC,418 BROADWAY,STE N,ALBANY,NY,12207
8026499,YANO LLC,2026-09-21,DOMESTIC LIMITED LIABILITY COMPANY,New York,New York,REPUBLIC REGISTERED AGENT SERVICES INC.,54 STATE STREET,STE 804,ALBANY,NY,12207
8026502,BUY-SIDE TALENT LLC,2026-09-21,DOMESTIC LIMITED LIABILITY COMPANY,New York,New York,REPUBLIC REGISTERED AGENT SERVICES INC.,54 STATE STREET,STE 804,ALBANY,NY,12207
8026503,FADEAWAY SPORTS LLC,2026-09-21,DOMESTIC LIMITED LIABILITY COMPANY,Saratoga,New York,Nathan D DeSilva,682 Tanner Rd,,Clifton Park,NY,12065
8026504,GOKORO APPS LLC,2026-09-21,DOMESTIC LIMITED LIABILITY COMPANY,Albany,New York,c/o Northwest Registered Agent LLC,418 Broadway STE N,,Albany,NY,12207
8026505,SM TRAVELING SERVICE INC.,2026-09-21,DOMESTIC BUSINESS CORPORATION,Queens,New York,YUEYING CHEN,"29-50 UNION ST, SUITE 208",,FLUSHING,NY,11354
8026506,MELODY MASTERS LLC,2026-09-21,FOREIGN LIMITED LIABILITY COMPANY,Erie,Utah,TELOS LEGAL CORP.,"5500 MAIN ST., STE 345",,WILLIAMSVILLE,NY,14221
8026507,181 BENZINGER AVE LLC,2026-09-21,DOMESTIC LIMITED LIABILITY COMPANY,Richmond,New York,181 BENZINGER AVE LLC,181 BENZINGER AVE,,STATEN ISLAND,NY,10301
8026508,NICE ACCENT ARCHIVE CORP.,2026-09-21,DOMESTIC BUSINESS CORPORATION,Kings,New York,JOANA CAROLINA BARBOSA,160 PARKSIDE AVE,APT 15C,BROOKLYN,NY,11226
8026509,YOLANDA PEARL LLC,2026-09-21,DOMESTIC LIMITED LIABILITY COMPANY,Erie,New York,YOLANDA PEARL LLC,82 BRANT STREET - APARTMENT 1,,AMHERST,NY,14226
8026510,"OVERBEEKE ATELIER, INC.",2026-09-21,DOMESTIC BUSINESS CORPORATION,Suffolk,New York,Francesca Overbeeke,1 Abigail Rose Hollow,,Lake Grove,NY,11755
8026511,MEADOW GROVE PEDIATRICS PLLC,2026-09-21,DOMESTIC PROFESSIONAL SERVICE LIMITED LIABILITY COMPANY,Monroe,New York,MEADOW GROVE PEDIATRICS PLLC,920 south winton road,suite a,ROCHESTER,NY,14618
8026512,TASTEE DESIGN LLC,2026-09-21,DOMESTIC LIMITED LIABILITY COMPANY,New York,New York,Tastee Design LLC,230 W 79th St,Apt 115N,New York,NY,10024
8026513,COVER+CARE LLC,2026-09-21,DOMESTIC LIMITED LIABILITY COMPANY,Queens,New York,Jonathan Domond Cherry,11018 Francis Lewis,,Queens Village,NY,11429
8026515,CHIPI SUPPLY LLC,2026-09-21,DOMESTIC LIMITED LIABILITY COMPANY,New York,New York,CHIPI SUPPLY LLC,551 WEST 185TH ST,APT 4D,NEW YORK,NY,10033
8026516,BIBI MAHARAJ LLC,2026-09-21,DOMESTIC LIMITED LIABILITY COMPANY,New York,New York,Bibi Maharaj,1177 High Ridge Road,Suite 204,Stamford,CT,06905
8026517,ANJIE SERVICE INC.,2026-09-21,DOMESTIC BUSINESS CORPORATION,Queens,New York,JIANWEI ZOU,1434 68TH ST,,BROOKLYN,NY,11219
8026518,MISSION AND MARGIN ADVISORY LLC,2026-09-21,DOMESTIC LIMITED LIABILITY COMPANY,Albany,New York,NORTHWEST REGISTERED AGENT LLC,418 BROADWAY,STE N,ALBANY,NY,12207
8026522,201E84 OWNER LLC,2026-09-21,FOREIGN LIMITED LIABILITY COMPANY,New York,Delaware,CORPORATION SERVICE COMPANY,80 STATE STREET,,ALBANY,NY,122072543
8026523,FRIDAYS TK LLC,2026-09-21,DOMESTIC LIMITED LIABILITY COMPANY,Kings,New York,CHAW THIRI HLAING,2116 E 15TH ST,,Brooklyn,NY,11229
8026524,JAMAICA DAY PARADE LLC,2026-09-21,DOMESTIC LIMITED LIABILITY COMPANY,Kings,New York,Lawman Lynch,"854 Ashford Street, 5E",,Brooklyn,NY,11207
8026525,ROSE CONSULTS LLC,2026-09-21,DOMESTIC LIMITED LIABILITY COMPANY,Albany,New York,NORTHWEST REGISTERED AGENT LLC,418 BROADWAY,STE N,ALBANY,NY,12207
8026526,D CLASSIC JEWELRY LLC,2026-09-21,DOMESTIC LIMITED LIABILITY COMPANY,Bronx,New York,D CLASSIC JEWELRY LLC,"2800 HEATH AVE, APT 3N",,BRONX,NY,10463
8026527,GALLARDO ADVISORY CORP.,2026-09-21,DOMESTIC BUSINESS CORPORATION,Suffolk,New York,GALLARDO ADVISORY CORP.,124 Casa Loop,,Holtsville,NY,11742
8026528,NUOVA TE BOUTIQUE LLC,2026-09-21,DOMESTIC LIMITED LIABILITY COMPANY,Suffolk,New York,c/o The Company,1 Osprey Avenue,,East Quogue,NY,11942
8026529,FLHL INC.,2026-09-21,DOMESTIC BUSINESS CORPORATION,Queens,New York,FLHL INC.,132-35 METROPOLITAN AVENUE,,RICHMOND HILL,NY,11418
8026530,408 VINCENT AVENUE LLC,2026-09-21,DOMESTIC LIMITED LIABILITY COMPANY,Nassau,New York,408 Vincent Avenue LLC,75 Harrison Street,,Garden City,NY,11530
8026532,ETERNITY HOME1 LLC,2026-09-21,DOMESTIC LIMITED LIABILITY COMPANY,Queens,New York,ETERNITY HOME1 LLC,6944 168TH ST,,FRESH MEADOWS,NY,11365
8026533,TIMINGL LLC,2026-09-21,DOMESTIC LIMITED LIABILITY COMPANY,Albany,New York,NORTHWEST REGISTERED AGENT LLC,418 BROADWAY,STE N,ALBANY,NY,12207
8026534,137 LAFAYETTE AVE LLC,2026-09-21,DOMESTIC LIMITED LIABILITY COMPANY,Richmond,New York,137 LAFAYETTE AVE LLC,137 LAFAYETTE AVE,,STATEN ISLAND,NY,10301
8026535,"RED QUILT REALTY, LLC",2026-09-21,DOMESTIC LIMITED LIABILITY COMPANY,New York,New York,Corporate Service Bureau Inc.,283 Washington Avenue,,Albany,NY,12206
8026536,LUMORA PROPERTY CARE & MANAGEMENT LLC,2026-09-21,DOMESTIC LIMITED LIABILITY COMPANY,Suffolk,New York,LUMORA PROPERTY CARE & MANAGEMENT LLC,9 PRIVATE RD,,EAST HAMPTON,NY,11937
8026537,TRUTH & JUSTICE CO. LLC,2026-09-21,DOMESTIC LIMITED LIABILITY COMPANY,Warren,New York,TRUTH & JUSTICE CO. LLC,2452 State Route 9N,,Lake George,NY,12845
8026538,NOVASTONE TRADING INC.,2026-09-21,DOMESTIC BUSINESS CORPORATION,Queens,New York,NOVASTONE TRADING INC.,52-08 GRAND AVE,,MASPETH,NY,11378
8026539,RV KAT LLC,2026-09-21,DOMESTIC LIMITED LIABILITY COMPANY,Erie,New York,RV Kat LLC,1344 West Avenue,,Buffalo,NY,14213
8026541,NEXERA PARTNERS LLC,2026-09-21,DOMESTIC LIMITED LIABILITY COMPANY,Albany,New York,NORTHWEST REGISTERED AGENT LLC,418 BROADWAY,STE N,ALBANY,NY,12207
8026542,JM RENTALS & REPAIRS LLC,2026-09-21,DOMESTIC LIMITED LIABILITY COMPANY,Suffolk,New York,JUNIOR MARAJ,47 SAINT PETERS DRIVE,,BRENTWOOD,NY,11717
8026543,LUMEN STAGE ARTS LLC,2026-09-21,DOMESTIC LIMITED LIABILITY COMPANY,New York,New York,Lingyu Chu,111 E 39th St,Apt 5R,New York,NY,10016
8026545,REVIRT INC.,2026-09-21,DOMESTIC BUSINESS CORPORATION,Albany,New York,NORTHWEST REGISTERED AGENT LLC,418 BROADWAY,STE N,ALBANY,NY,12207
8026546,GOLDEN MONKEY PERFORMANCE LABORATORY CORP.,2026-09-21,DOMESTIC NOT-FOR-PROFIT CORPORATION,New York,New York,GOLDEN MONKEY PERFORMANCE LABORATORY CORP.,210 canal street,room 310,NEW YORK,NY,10013
8026547,HENRIETTA HEATING & COOLING COMPANY LLC,2026-09-21,DOMESTIC LIMITED LIABILITY COMPANY,New York,New York,REGISTERED AGENTS INC.,418 BROADWAY,STE R,ALBANY,NY,12207
8026548,"MAELEN CONTRACTING, CORP.",2026-09-21,DOMESTIC BUSINESS CORPORATION,Kings,New York,FRANCISCO ENMANUEL BALICO CRUZ,2043 WEST 4TH ST. 2FL.,,BROOKLYN,NY,11223
8026549,AJR GLOBAL HOLDINGS LLC,2026-09-21,DOMESTIC LIMITED LIABILITY COMPANY,Albany,New York,REGISTERED AGENTS INC.,418 BROADWAY,STE R,ALBANY,NY,12207
8026550,JUST A SEC PRO LLC,2026-09-21,DOMESTIC LIMITED LIABILITY COMPANY,Albany,New York,Debrian Carson,116-36 120th Street,,Queens,NY,11420
8026551,ITTY GROUP INC.,2026-09-21,DOMESTIC BUSINESS CORPORATION,Westchester,New York,SARIN ITTY,7 SOUTH LAWN AVENUE,,ELMSFORD,NY,10523
8026552,130-19 116TH AVE LLC,2026-09-21,DOMESTIC LIMITED LIABILITY COMPANY,Queens,New York,130-19 116TH AVE LLC,130-19 116TH AVE,,SOUTH OZONE PARK,NY,11420
8026553,JX 168 CLEANING INC.,2026-09-21,DOMESTIC BUSINESS CORPORATION,Queens,New York,JINGXIA YANG,14011 ASH AVE APT 5N,,FLUSHING,NY,11355
8026554,CRAFTD BAY CO LLC,2026-09-21,DOMESTIC LIMITED LIABILITY COMPANY,Kings,New York,CRAFTD BAY CO LLC,"1820 Avenue M, Suite #1047",,Brooklyn,NY,11230
8026555,"MOHAWK VALLEY DRUG TESTING, LLC",2026-09-21,DOMESTIC LIMITED LIABILITY COMPANY,Montgomery,New York,Jacob Bieniek Sr.,347 West Main St.,,Amsterdam,NY,12010
8026558,THE ONE STEP BEYOND STORE LLC,2026-09-21,DOMESTIC LIMITED LIABILITY COMPANY,Albany,New York,REGISTERED AGENTS INC.,418 BROADWAY,STE R,ALBANY,NY,12207
8026559,UNITY FUTURE LLC,2026-09-21,DOMESTIC LIMITED LIABILITY COMPANY,Bronx,New York,GISELA HENRIQUEZ,1420 CLAY AVE AP 3G,,BRONX,NY,10456
8026560,AVENLI LLC,2026-09-21,DOMESTIC LIMITED LIABILITY COMPANY,Queens,New York,Avenli LLC,109-19 Farmers Blvd,,Queens,NY,11412
8026561,JL SMILE SPA INC.,2026-09-21,DOMESTIC BUSINESS CORPORATION,Jefferson,New York,LEI JIN,21182 SALMON RUN MALL LOOP W SPACE D108,,WATERTOWN,NY,13601
8026563,"MM GREENLIGHT, LLC",2026-09-21,DOMESTIC LIMITED LIABILITY COMPANY,Albany,New York,"MM GREENLIGHT, LLC",1 dock street #300,,STAMFORD,CT,069026740
8026564,CP LEGACY VENTURE LLC,2026-09-21,DOMESTIC LIMITED LIABILITY COMPANY,Westchester,New York,CP LEGACY VENTURE LLC,"152 Sickles Ave,",,New Rochelle,NY,10801
8026565,"HAIR NATION, LLC",2026-09-21,DOMESTIC LIMITED LIABILITY COMPANY,Suffolk,New York,Gail Sanderson,14 Brooks Avenue,,Nesconset,NY,11767
8026566,"TDH DIGITAL, LLC",2026-09-21,DOMESTIC LIMITED LIABILITY COMPANY,Richmond,New York,"TDH DIGITAL, LLC",382 Boscombe Avenue,,Staten Island,NY,10309
8026567,WELCOME HOME HUB CORP.,2026-09-21,DOMESTIC BUSINESS CORPORATION,Queens,New York,WELCOME HOME HUB CORP.,55-03 84th Street,,Elmhurst,NY,11373
8026568,AUDACIOUS AI LLC,2026-09-21,DOMESTIC LIMITED LIABILITY COMPANY,Albany,New York,NORTHWEST REGISTERED AGENT LLC,418 BROADWAY,STE N,ALBANY,NY,12207
8026569,3368 BERTHA LLC,2026-09-21,DOMESTIC LIMITED LIABILITY COMPANY,Nassau,New York,3368 Bertha LLC,350 Old Country Road,Suite 201,Garden City,NY,11530
8026570,LEGACY HOUSE CONSTRUCTION LLC,2026-09-21,DOMESTIC LIMITED LIABILITY COMPANY,Queens,New York,JOSE EMILIO MONGES CANETE,1212 120TH STREET,,COLLEGE POINT,NY,11356
8026573,YL PORT JEFFERSON INC.,2026-09-21,DOMESTIC BUSINESS CORPORATION,Nassau,New York,YL Port Jefferson Inc.,3712 Prince St 9C,,Flushing,NY,11354
8026574,"ISLAND SKIN & BODY, CORP.",2026-09-21,DOMESTIC BUSINESS CORPORATION,Suffolk,New York,THE COMPANY,98 AVERILL BLVD,,FRANKLIN SQUARE,NY,11010
8026575,SHERPASON LLC,2026-09-21,DOMESTIC LIMITED LIABILITY COMPANY,New York,New York,Sonam Sherpa,86-18 53rd Ave,,Elmhurst,NY,11373
8026576,"THE HERDSMEN, LLC",2026-09-21,DOMESTIC LIMITED LIABILITY COMPANY,Columbia,New York,Tim Piastrelli,654 County Road 9,,Ghent,NY,12075
8026577,RESTOCK CORE LLC,2026-09-21,DOMESTIC LIMITED LIABILITY COMPANY,Albany,New York,NEW YORK REGISTERED AGENT LLC,418 broadway,ste r,ALBANY,NY,12207
8026579,HONGYUN TRUCK CHASSIS REPAIR INC.,2026-09-21,DOMESTIC BUSINESS CORPORATION,Queens,New York,Hongyun Truck Chassis Repair Inc.,57-43 Lawrence St 3rd Floor,,Flushing,NY,11355
8026580,ATH FUNDS LLC,2026-09-21,DOMESTIC LIMITED LIABILITY COMPANY,Rockland,New York,ATH FUNDS LLC,20 VAILSHIRE CIR,,NANUET,NY,10954
8026584,OPEN EASEL ART LLC,2026-09-21,DOMESTIC LIMITED LIABILITY COMPANY,Allegany,New York,Heather Miller,774 State Route 244,,Alfred Station,NY,14803
8026585,ARABICA PRODUCTIONS LLC,2026-09-21,DOMESTIC LIMITED LIABILITY COMPANY,Nassau,New York,Arabica Productions LLC,PO Box 1000,,Long Beach,NY,11561
8026586,TRISHALA DUTT MARRIAGE & FAMILY THERAPY PLLC,2026-09-21,DOMESTIC PROFESSIONAL SERVICE LIMITED LIABILITY COMPANY,Albany,New York,TRISHALA DUTT MARRIAGE & FAMILY THERAPY PLLC,15 east 30th street #37b,,NEW YORK,NY,10016
8026587,NATORA 110 GREENE LLC,2026-09-21,FOREIGN LIMITED LIABILITY COMPANY,New York,Delaware,NATORA 110 GREENE LLC,64 MCCOUNS LANE,,BROOKVILLE,NY,11545
8026588,CUSTOM MOTORS & MARINE LLC,2026-09-21,DOMESTIC LIMITED LIABILITY COMPANY,Herkimer,New York,SERGII OLENICH,2273 BLEECKER STREET,,FRANKFORT,NY,13340
8026589,GS PREMIER CHAUFFEUR INC.,2026-09-21,DOMESTIC BUSINESS CORPORATION,Kings,New York,GS PREMIER CHAUFFEUR INC.,"5101 13TH AVENUE, APT 2B",,BROOKLYN,NY,11219
8026590,VARINDER TRANSPORT INC.,2026-09-21,DOMESTIC BUSINESS CORPORATION,Queens,New York,Varinder Transport Inc.,13505 122nd Pl,,S Ozone Park,NY,11420
8026593,"BK PILATES GROUP, LLC",2026-09-21,FOREIGN LIMITED LIABILITY COMPANY,Kings,Pennsylvania,"BK PILATES GROUP, LLC",511 germantown pike,,LAFAYETTE HILL,PA,19444
8026596,YINUO MASTER SERVICE LLC,2026-09-21,DOMESTIC LIMITED LIABILITY COMPANY,Queens,New York,YINUO MASTER SERVICE LLC,150-46 58TH ROAD,,FLUSHING,NY,11355
8026597,"AVENOR INSURANCE AGENCY, INC.",2026-09-21,DOMESTIC BUSINESS CORPORATION,Suffolk,New York,"AVENOR INSURANCE AGENCY, INC.",990 smithtown ave,,BOHEMIA,NY,11716
8026598,AKSARBEN CAPITAL LLC,2026-09-21,DOMESTIC LIMITED LIABILITY COMPANY,Suffolk,New York,Aksarben Capital LLC,646 Main St Suite 301,,Port Jefferson,NY,11777
8026599,MUWAHHID LLC,2026-09-21,DOMESTIC LIMITED LIABILITY COMPANY,Kings,New York,Ikboldzhon Boboev,1833 W 12th street,,Brooklyn,NY,11223
8026600,NY CONVENIENCE MARKET LLC,2026-09-21,DOMESTIC LIMITED LIABILITY COMPANY,Suffolk,New York,SUMIT ASIJA,1058 E Jericho Tpke,,Huntington,NY,11743
8026601,PULSE LMSW PLLC,2026-09-21,DOMESTIC PROFESSIONAL SERVICE LIMITED LIABILITY COMPANY,Nassau,New York,"C/O LOVE LAW FIRM, PLLC",1936 HEMPSTEAD TPKE,SUITE 116,EAST MEADOW,NY,11554
8026603,KOKOBAN BAY RIDGE INCORPORATED,2026-09-21,DOMESTIC BUSINESS CORPORATION,Kings,New York,KOKOBAN BAY RIDGE INCORPORATED,7712 3RD AVE,,BROOKLYN,NY,11209
8026604,JENNIFER LEFEVER LCSW P.C.,2026-09-21,DOMESTIC PROFESSIONAL SERVICE CORPORATION,Kings,New York,JENNIFER LEFEVER LCSW P.C.,651 vanderbilt st apt 6r,,BROOKLYN,NY,11218
8026606,LPS ESTATE PARTNERS LLC,2026-09-21,DOMESTIC LIMITED LIABILITY COMPANY,Queens,New York,LPS ESTATE PARTNERS LLC,10412 204TH ST,,SAINT ALBANS,NY,11412
8026609,MAKHDOOM LLC,2026-09-21,DOMESTIC LIMITED LIABILITY COMPANY,Herkimer,New York,SYED SHAH,603 E GANSEVOORT ST,,LITTLE FALLS,NY,13365
8026611,DVB CAPITAL LLC,2026-09-21,DOMESTIC LIMITED LIABILITY COMPANY,Albany,New York,NORTHWEST REGISTERED AGENT LLC,418 BROADWAY,STE N,ALBANY,NY,12207
8026612,THE SUBWAY TOKEN LLC,2026-09-21,DOMESTIC LIMITED LIABILITY COMPANY,Kings,New York,Sam Kessler,1775 E 18th st,Apt 6N,Brooklyn,NY,11229
8026614,"SEAGULL PRODUCTIONS, INC.",2026-09-21,DOMESTIC BUSINESS CORPORATION,New York,New York,"Seagull Productions, Inc.","214 West 39th Street, Suite 902",,New York,NY,10018
8026615,"KANURRA, INC.",2026-09-21,FOREIGN BUSINESS CORPORATION,New York,Delaware,DISCERN REGISTERED AGENT INC.,1252 FORREST AVENUE,,DOVER,DE,19904
8026617,NANO NUCLEAR ENERGY INC.,2026-09-21,FOREIGN BUSINESS CORPORATION,New York,Nevada,CORPORATION SERVICE COMPANY,80 STATE STREET,,ALBANY,NY,122072543
8026618,ZARO X INC.,2026-09-21,DOMESTIC BUSINESS CORPORATION,Kings,New York,ZARO X INC.,2971 CONEY ISLAND AVE FL 2,,BROOKLYN,NY,11235
8026620,BULLPEN WORKS LLC,2026-09-21,DOMESTIC LIMITED LIABILITY COMPANY,Albany,New York,Bullpen Works LLC,418 Broadway STE N,,Albany,NY,12207
8026621,LOCKTWELVEPROPERTIES LLC,2026-09-21,DOMESTIC LIMITED LIABILITY COMPANY,Washington,New York,LOCKTWELVEPROPERTIES LLC,112 Main St,,Whitehall,NY,12887
8026623,"HIGHVIEW BROTHERS, LLC",2026-09-21,DOMESTIC LIMITED LIABILITY COMPANY,Nassau,New York,Humza Ahmad,815 Highview Ave,,Westbury,NY,11590
8026624,FERRO STRATEGIES INC.,2026-09-21,DOMESTIC BUSINESS CORPORATION,Suffolk,New York,FERRO STRATEGIES INC.,10 SAMARA COURT,,COMMACK,NY,11725
8026625,WHITESTONE PROS CORPORATION,2026-09-21,DOMESTIC BUSINESS CORPORATION,Kings,New York,Mahmoud Shalaby,575 8th ave,Suite 1005,New York,NY,10018
8026626,SUSHI SZ 88 INC.,2026-09-21,DOMESTIC BUSINESS CORPORATION,Orange,New York,SHUNZENG HU,20 ATWOOD DRIVE,,MIDDLETOWN,NY,10940
8026627,XIN HUA SERVICES INC.,2026-09-21,DOMESTIC BUSINESS CORPORATION,Kings,New York,XIN HUA SERVICES INC,2156 62ND ST,,BROOKLYN,NY,11204
8026630,DEANO INDUSTRIES INC.,2026-09-21,DOMESTIC BUSINESS CORPORATION,Suffolk,New York,DEANO INDUSTRIES INC.,73 ONEIDA AVENUE,,S. SETAUKET,NY,11720
8026631,FOSTER MILLENIUM GROUP LLC,2026-09-21,DOMESTIC LIMITED LIABILITY COMPANY,Suffolk,New York,ZENBUSINESS INC.,41 STATE STREET,SUITE 112,ALBANY,NY,12207
8026632,"MATTER HEALTH MEDICAL SERVICES OF NY, P.C.",2026-09-21,DOMESTIC PROFESSIONAL SERVICE CORPORATION,New York,New York,C/O C T CORPORATION SYSTEM,28 LIBERTY STREET,,NEW YORK,NY,10005
8026633,GLOBAL SUPPLY GROUP INC.,2026-09-21,DOMESTIC BUSINESS CORPORATION,Kings,New York,MAMASHARIF MUSAEV,153 BAY 47TH STREET 1FL,,BROOKLYN,NY,11204
8026634,42-02 RIN MANAGEMENT LLC,2026-09-21,DOMESTIC LIMITED LIABILITY COMPANY,Queens,New York,42-02 RIN MANAGEMENT LLC,4202 192nd St,,Flushing,NY,11358
8026635,HIBACHI PARTY MONSTER INC.,2026-09-21,DOMESTIC BUSINESS CORPORATION,Queens,New York,HIBACHI PARTY MONSTER INC.,6120 172ND STREET,,FRESH MEADOWS,NY,11365
8026636,ALTA ADVISORY LLC,2026-09-21,DOMESTIC LIMITED LIABILITY COMPANY,Kings,New York,Jacob Roberts,194 MacDonough Street,,Brooklyn,NY,11216
8026637,METRO ROUTE LOGISTICS LLC,2026-09-21,DOMESTIC LIMITED LIABILITY COMPANY,Kings,New York,Justin Thomas,300 Bushwick Ave apt 7G,,Brooklyn,NY,11206
8026639,"DIVORCE88, P.C.",2026-09-21,DOMESTIC PROFESSIONAL SERVICE CORPORATION,New York,New York,"DIVORCE88, P.C.","295 madison ave, 12fl",,NEW YORK,NY,10017
8026640,124 RENCE STREET LLC,2026-09-21,DOMESTIC LIMITED LIABILITY COMPANY,Nassau,New York,NANCY DAVILA,151 LINCOLN ST,,GARDEN CITY,NY,11530
8026641,SWIFTPAY MERCHANT SERVICES LLC,2026-09-21,DOMESTIC LIMITED LIABILITY COMPANY,Kings,New York,SWIFTPAY MERCHANT SERVICES LLC,714 Foster Ave Apt B5,,Brooklyn,NY,11230
8026642,"TOMER LABS, INC.",2026-09-21,DOMESTIC BUSINESS CORPORATION,New York,New York,"James C. Jurney, Jr.",30 Kemble Street,,Lenox,MA,01240
8026644,"ALYSSIUN, INC.",2026-09-21,DOMESTIC BUSINESS CORPORATION,New York,New York,"ALYSSIUN, INC.","c/o Bustos & Associates, P.C.","104 W 40th Street, Suite 542",New York,NY,10018
8026645,VANFOURTH LLC,2026-09-21,DOMESTIC LIMITED LIABILITY COMPANY,Onondaga,New York,Lawrence Van Der Bogart,32 Nursery Lane,,Syracuse,NY,13210
8026646,PROFIT DUCK INC.,2026-09-21,DOMESTIC BUSINESS CORPORATION,New York,New York,Alan Ordukhanov,1775 York Ave Apt 18D,,New York,NY,10128
8026647,GRACE HAVEN ACRES LLC,2026-09-21,DOMESTIC LIMITED LIABILITY COMPANY,Orange,New York,Jeremy Neil,83 Onderdonk Rd,,Warwick,NY,10990
8026648,DIMAS LANDSCAPING 1 LLC,2026-09-21,DOMESTIC LIMITED LIABILITY COMPANY,Rockland,New York,DIMAS MEZA,14 VALLEY DRIVE,,NANUET,NY,10954
8026650,MINI MART 63 INC.,2026-09-21,DOMESTIC BUSINESS CORPORATION,Queens,New York,MINI MART 63 INC.,98-53 63RD RD,,REGO PARK,NY,11374
8026651,NIHALIFE INSURANCE AND FINANCIAL SOLUTIONS INC.,2026-09-21,FOREIGN BUSINESS CORPORATION,Albany,California,NIHALIFE INSURANCE AND FINANCIAL SOLUTIONS,p.o. box 1150,,ELK GROVE,CA,95759
8026653,WYJW DELIVERTY NJ INC.,2026-09-21,DOMESTIC BUSINESS CORPORATION,Queens,New York,WYJW DELIVERTY NJ INC.,16015 16TH AVE,,WHITESTONE,NY,11357
8026654,FERUZKA&DIAMOND LLC,2026-09-21,DOMESTIC LIMITED LIABILITY COMPANY,New York,New York,FERUZA KODIROVA,10 W 46TH ST,,NEW YORK,NY,10036
8026656,JFLAIR LLC,2026-09-21,DOMESTIC LIMITED LIABILITY COMPANY,Kings,New York,JFLAIR LLC,45 Main St Ste 240 #553904,,Brooklyn,NY,11201
8026657,VDL LAND & CATTLE LLC,2026-09-21,DOMESTIC LIMITED LIABILITY COMPANY,Dutchess,New York,Matthew R von der Lieth,386 White Schoolhouse Rd,,Rhinebeck,NY,12572
8026658,PEPPER COFFEE LLC,2026-09-21,DOMESTIC LIMITED LIABILITY COMPANY,Queens,New York,LUIS PAREDES-SANCHEZ,88-10 35 AVE,APT. 3B,JACKSON HEIGHTS,NY,11372
8026659,HUSSAIN TRANSPORTATION US INC.,2026-09-21,DOMESTIC BUSINESS CORPORATION,Suffolk,New York,HUSSAIN TRANSPORTATION US INC.,10 Park Ave,,Selden,NY,11784
8026660,"UNKNOWN ENTITY, INC.",2026-09-21,FOREIGN BUSINESS CORPORATION,New York,California,altman greenfield & selvaggi,200 park ave south 8th fl,,NEW YORK,NY,10003
8026662,LECHONERA EL BAMBINO 585 LLC,2026-09-21,DOMESTIC LIMITED LIABILITY COMPANY,Monroe,New York,Carlos Alberto Rivera Negroni,"21 Manchester St,",,Rochester,NY,14621
8026664,Q.D SHIPPING LLC,2026-09-21,DOMESTIC LIMITED LIABILITY COMPANY,Kings,New York,Q.D SHIPPING LLC,288 Crown St Apt 2H,,Brooklyn,NY,11225
8026665,"SWAYPAY IT, INC.",2026-09-21,FOREIGN BUSINESS CORPORATION,Albany,Delaware,REGISTERED AGENTS INC.,418 BROADWAY STE R,,ALBANY,NY,12207
8026666,"GRIDI AMHERST SH I, LLC",2026-09-21,DOMESTIC LIMITED LIABILITY COMPANY,Sullivan,New York,"Gridi, LLC",PO Box 384,,Callicoon,NY,12723
8026667,NYEMART LLC,2026-09-21,DOMESTIC LIMITED LIABILITY COMPANY,Suffolk,New York,NYEmart LLC,6 Jill Dr,,Commack,NY,11725
8026668,KJT SERVICE INC.,2026-09-21,DOMESTIC BUSINESS CORPORATION,Queens,New York,TINA J KIM,4604A 189TH ST,,FLUSHING,NY,11358
8026671,CAMILO STUDIO LLC,2026-09-21,DOMESTIC LIMITED LIABILITY COMPANY,New York,New York,"John J. Accursio, Esq.",500 Court Street,,Brooklyn,NY,11231
8026673,AXLE X SWARM INTEGRATED SYSTEMS LLC,2026-09-21,DOMESTIC LIMITED LIABILITY COMPANY,Albany,New York,NORTHWEST REGISTERED AGENT LLC,418 BROADWAY,STE N,ALBANY,NY,12207
8026676,D-ULTIMATE CONTAINERS LLC,2026-09-21,DOMESTIC LIMITED LIABILITY COMPANY,New York,New York,Entity Protect Registered Agent Services LLC,447 Broadway 2nd Fl. - #3000,,New York,NY,10013
8026678,PRECISION SIGNATURE EVENTS LLC,2026-09-21,DOMESTIC LIMITED LIABILITY COMPANY,Nassau,New York,Colin M Kerley,17 Minnesota Ave,,Long Beach,NY,11561
8026680,PHOTOGRAPHY BY HELI LLC,2026-09-21,DOMESTIC LIMITED LIABILITY COMPANY,Albany,New York,NORTHWEST REGISTERED AGENT LLC,418 BROADWAY,STE N,ALBANY,NY,12207
8026681,XBL SERVICES INC.,2026-09-21,DOMESTIC BUSINESS CORPORATION,Queens,New York,XBL SERVICES INC.,4232 158TH ST,,FLUSHING,NY,11358
8026682,MACROGROK LLC,2026-09-21,DOMESTIC LIMITED LIABILITY COMPANY,Queens,New York,Endri Mataj,110-50 71st Rd,Apt 3O,Forest Hills,NY,11375
8026683,VERONIX TRADING INC.,2026-09-21,DOMESTIC BUSINESS CORPORATION,Queens,New York,XINHAO OU,5938 161ST ST,,FRESH MEADOWS,NY,11365
8026684,QUEENS 135 HAIR SALON INC.,2026-09-21,DOMESTIC BUSINESS CORPORATION,Queens,New York,QUEENS 135 HAIR SALON INC.,135-12A ROOSEVELT AVE 2FL,,FLUSHING,NY,11354
8026685,CHOUBLAK MANAGEMENT LLC,2026-09-21,DOMESTIC LIMITED LIABILITY COMPANY,New York,New York,Erica Myrtil,353 Lexington Avenue,4th Floor Ste 522,New York,NY,10016
8026686,"PL 400K MEMBER, LLC",2026-09-21,FOREIGN LIMITED LIABILITY COMPANY,Albany,Delaware,CORPORATION SERVICE COMPANY,80 STATE STREET,,ALBANY,NY,122072543
8026688,L & G 28 INC.,2026-09-21,DOMESTIC BUSINESS CORPORATION,Westchester,New York,L & G 28 INC.,2 DEPOT SQUARE,,TUCKAHOE,NY,10707
8026689,GAME ON SPORT EVENTS INC.,2026-09-21,DOMESTIC BUSINESS CORPORATION,Suffolk,New York,Kevin Carpenter,"111 SMITHTOWN BYPASS, SUITE 115",,HAUPPAUGE,NY,11788
8026690,ROCK SPORTS INC.,2026-09-21,DOMESTIC BUSINESS CORPORATION,Queens,New York,Michael Tellone,9701 Beach Channel Drive,,Rockaway Beach,NY,11693
8026691,CANAL STREET CONSULTING LLC,2026-09-21,DOMESTIC LIMITED LIABILITY COMPANY,Kings,New York,CANAL STREET CONSULTING LLC,1437 Hancock St Ph A,,Brooklyn,NY,11237
8026692,OMEGA RISING LLC,2026-09-21,DOMESTIC LIMITED LIABILITY COMPANY,Westchester,New York,Zayn Cooper,40 Memorial HWY Apt 38K,,New Rochelle,NY,10801
8026693,AB20 PROPERTY LLC,2026-09-21,DOMESTIC LIMITED LIABILITY COMPANY,Nassau,New York,ANGELO E JARA-VIELMA,96 KINGFISHER RD,,LEVITTOWN,NY,11756
8026694,XIN HUA SERVICES 168 LLC,2026-09-21,DOMESTIC LIMITED LIABILITY COMPANY,Kings,New York,XIN HUA SERVICES 168 LLC,2156 62ND STREET,,BROOKLYN,NY,11204
8026696,NICK KNOWS BALL LLC,2026-09-21,DOMESTIC LIMITED LIABILITY COMPANY,New York,New York,Nicholas Coutracos,510 E 14th St,Apt 417,New York,NY,10009
8026697,AMBER LYN'S SWEET SHOPPE LLC,2026-09-21,DOMESTIC LIMITED LIABILITY COMPANY,Albany,New York,Amber Linke,145 Riverwalk Way,,Cohoes,NY,12047
8026699,"DARKNESS PRODUCTIONS, LIMITED LIABILITY COMPANY",2026-09-21,DOMESTIC LIMITED LIABILITY COMPANY,New York,New York,"Darkness Productions, Limited Liability Company",10728 Valley Spring Lane,,Toluca Lake,CA,91602
8026700,CMK PARTNERS LLC,2026-09-21,DOMESTIC LIMITED LIABILITY COMPANY,New York,New York,CMK PARTNERS LLC,105 Sullivan St Apt 2C,,New York,NY,10012
8026702,CARMEN BALBUENA CLEANING SERVICE LLC,2026-09-21,DOMESTIC LIMITED LIABILITY COMPANY,Suffolk,New York,CARMEN BALBUENA,273 34TH ST,,LINDENHURST,NY,11757
8026704,OTTER LAKE LLC,2026-09-21,DOMESTIC LIMITED LIABILITY COMPANY,Onondaga,New York,Rebekah J Sigworth,3263 Webb Road,,Lafayette,NY,13084
8026705,BLACK ROCK SPIRIT INC.,2026-09-21,DOMESTIC BUSINESS CORPORATION,Queens,New York,BLACK ROCK SPIRIT INC.,8619 239TH STREET,,BELLEROSE,NY,11426
8026706,PRIZEBOX BY EDUCORE LLC,2026-09-21,FOREIGN LIMITED LIABILITY COMPANY,Albany,New Jersey,REGISTERED AGENTS INC.,418 BROADWAY STE R,,ALBANY,NY,12207
8026707,FLDG SERVICES LLC,2026-09-21,DOMESTIC LIMITED LIABILITY COMPANY,Queens,New York,ZENBUSINESS INC.,41 STATE STREET,SUITE 112,ALBANY,NY,12207
8026708,"SERGIO'S PIZZA OF GRAHAM AVE, INC.",2026-09-21,DOMESTIC BUSINESS CORPORATION,Dutchess,New York,Madison Williams,7005 Chelsea Cove N.,,Hopewell Junction,NY,12533
8026710,GOURMET GARDEN MAR CORP.,2026-09-21,DOMESTIC BUSINESS CORPORATION,Kings,New York,GOURMET GARDEN MAR CORP.,1345 NOSTRAND AVE,,BROOKLYN,NY,11226
8026711,EVE BIRTH SERVICES LLC,2026-09-21,DOMESTIC LIMITED LIABILITY COMPANY,Kings,New York,EVE BIRTH SERVICES LLC,169 Windsor Pl,,Brooklyn,NY,11215
8026712,"GRAY RIDERS STABLE 2026, LLC",2026-09-21,DOMESTIC LIMITED LIABILITY COMPANY,Saratoga,New York,Daniel DeFedericis,6 Laura Ln,,Saratoga Springs,NY,12866
8026713,VORTEX TRANSPORT GROUP INC.,2026-09-21,DOMESTIC BUSINESS CORPORATION,Delaware,New York,VORTEX TRANSPORT GROUP INC.,192 ROODS CREEK RD.,,HANCOCK,NY,13783
8026714,RADIANCE SPA NYC INC.,2026-09-21,DOMESTIC BUSINESS CORPORATION,New York,New York,RADIANCE SPA NYC INC.,269 72ND ST STE 1B,,NEW YORK,NY,10023
8026716,KUROLIA SWEETS INC.,2026-09-21,DOMESTIC BUSINESS CORPORATION,Queens,New York,Mohammad Abidur Rahman,104-29 109th Street,,South Richmond Hill,NY,11419
8026717,WIIS 2 TOWER LLC,2026-09-21,DOMESTIC LIMITED LIABILITY COMPANY,Bronx,New York,WIIS 2 TOWER LLC,4419 Third Avenue,,Bronx,NY,10457
8026718,"SKII HEALTH, INC.",2026-09-21,FOREIGN BUSINESS CORPORATION,Bronx,Delaware,"SKII HEALTH, INC.",3000 BRONX PARK EAST,APT. 12M,BRONX,NY,10467
8026719,WAREHOUSE93 LLC,2026-09-21,DOMESTIC LIMITED LIABILITY COMPANY,New York,New York,WAREHOUSE93 LLC,202 Riverside Dr Apt 3H,,New York,NY,10025
8026721,MISSION STATEMENT PRODUCTIONS INC.,2026-09-21,DOMESTIC BUSINESS CORPORATION,Kings,New York,REGISTERED AGENTS INC.,418 BROADWAY,STE R,ALBANY,NY,12207
8026723,CASTLEHILL MUNCHIES CORP.,2026-09-21,DOMESTIC BUSINESS CORPORATION,Bronx,New York,THE CORP,1269 CASTLE HILL AVE,,BRONX,NY,10462
8026724,BEGIN CONSTRUCTION INC.,2026-09-21,DOMESTIC BUSINESS CORPORATION,Queens,New York,ZE CHEN,4220 KISSENA BLVD APT C2,,FLUSHING,NY,11355
8026727,J&FRIENDS DISTRIBUTOR INC.,2026-09-21,DOMESTIC BUSINESS CORPORATION,Queens,New York,J&FRIENDS DISTRIBUTOR INC.,"4028 Murray St, Unit B",,Flushing,NY,11354
8026728,MS FIRE PROTECTION GROUP INC.,2026-09-21,DOMESTIC BUSINESS CORPORATION,Queens,New York,MS FIRE PROTECTION GROUP INC.,76-22 30TH AVE,,EAST ELMHURST,NY,11370
8026729,GARDEN SECRETS LLC,2026-09-21,DOMESTIC LIMITED LIABILITY COMPANY,Westchester,New York,GARDEN SECRETS LLC,24 WILLOW STREET,,PLEASANTVILLE,NY,10570
8026730,FABIENNE DEALS LLC,2026-09-21,DOMESTIC LIMITED LIABILITY COMPANY,Kings,New York,Fabienne Martial Noel,9208 Rost pl,,Brooklyn,NY,11236
8026731,PARKERA SERVICING INC.,2026-09-21,DOMESTIC BUSINESS CORPORATION,Nassau,New York,Chen Fu,171 8th Avenue,,Sea Cliff,NY,11579
8026732,TASTY GRILL & DELI CORP.,2026-09-21,DOMESTIC BUSINESS CORPORATION,Bronx,New York,TASTY GRILL & DELI CORP.,3505 Rochambeau Ave,,Bronx,NY,10467
8026734,YWXD LLC,2026-09-21,DOMESTIC LIMITED LIABILITY COMPANY,Queens,New York,YAN WANG,132-59 41ST RD,SUITE CB,FLUSHING,NY,11355
8026735,HALEY RAY ETC LLC,2026-09-21,DOMESTIC LIMITED LIABILITY COMPANY,Kings,New York,Haley Ray,475 Sterling Pl,Apt 4A,Brooklyn,NY,11238
8026736,ZYNARC LLC,2026-09-21,DOMESTIC LIMITED LIABILITY COMPANY,Suffolk,New York,Suneeshkumar Raghavan,18 williams blvd apt 18-1H,,Lake Grove,MD,11755
8026737,"OBJETS D'EDESE DORET, INC.",2026-09-21,DOMESTIC BUSINESS CORPORATION,New York,New York,"OBJETS D'EDESE DORET, INC.",1803 Riverside Drive,Apt. 2M,New York,NY,10037
8026740,LUCKY CAT NEWBURGH LLC,2026-09-21,DOMESTIC LIMITED LIABILITY COMPANY,Orange,New York,LUCKY CAT NEWBURGH LLC,"47 Lander St, First Floor",,Newburgh,NY,12550
8026742,DOWNTOWN NATURAL MAR CORP.,2026-09-21,DOMESTIC BUSINESS CORPORATION,Kings,New York,DOWNTOWN NATURAL MAR CORP.,1701 CHURCH AVE,,BROOKLYN,NY,11226
8026744,MANGOVILLE EVENTS INC.,2026-09-21,DOMESTIC BUSINESS CORPORATION,Westchester,New York,Estrado M. Willis,707 BROADWAY,1A,YONKERS,NY,10701
8026745,STUDIO BUSINESS CASUAL LLC,2026-09-21,DOMESTIC LIMITED LIABILITY COMPANY,New York,New York,Studio Business Casual LLC,375 S End Ave,APT 20E,New York,NY,10280
8026747,HUDSON LINE ADVISORS LLC,2026-09-21,DOMESTIC LIMITED LIABILITY COMPANY,New York,New York,HUDSON LINE ADVISORS LLC,20 Exchange Pl Apt 825,,New York,NY,10005
8026748,MAXINE SPORTS LLC,2026-09-21,DOMESTIC LIMITED LIABILITY COMPANY,Bronx,New York,MAXINE SPORTS LLC,2124 Newbold Ave Apt 2,,Bronx,NY,10462
8026750,GEM'S BEA HIVE LLC,2026-09-21,DOMESTIC LIMITED LIABILITY COMPANY,Erie,New York,Gem's Bea Hive LLC,213 Beech Rd.,,East Aurora,NY,14052
8026751,THE MOON HAUS INC.,2026-09-21,DOMESTIC BUSINESS CORPORATION,Queens,New York,THE MOON HAUS INC.,165-19 NORTHERN BLVD,,FLUSHING,NY,11358
8026752,GEOFF BRUSKIN HOLDINGS INC.,2026-09-21,DOMESTIC BUSINESS CORPORATION,Nassau,New York,GEOFF BRUSKIN HOLDINGS INC.,"125 Front Street, Second Floor Unit #1",,Massapequa Park,NY,11762
8026753,GRACEFULLY DETAILED LLC,2026-09-21,DOMESTIC LIMITED LIABILITY COMPANY,Kings,New York,GRACEFULLY DETAILED LLC,12 Halsey St Apt 201,,Brooklyn,NY,11216
8026754,EAST MEADOW MUNCHIES CORP.,2026-09-21,DOMESTIC BUSINESS CORPORATION,Nassau,New York,THE CORP,2079 HEMPSTEAD TPKE,,EAST MEADOW,NY,11554
8026755,RKL PIZZERIA LLC,2026-09-21,DOMESTIC LIMITED LIABILITY COMPANY,Dutchess,New York,Shah Haque,29 Delaware Ave.,,Hudson,NY,12534
8026756,CROCHET FOR ALL INCORPORATED,2026-09-21,DOMESTIC BUSINESS CORPORATION,Suffolk,New York,Lori Keller,39 Pleasant Aveneue,,Centereach,NY,11720
8026757,GSA KING TOM FARM CORP.,2026-09-21,DOMESTIC BUSINESS CORPORATION,Kings,New York,GSA KING TOM FARM CORP.,1140 MCDONALD AVE,,BROOKLYN,NY,11230
8026758,HOWES HOME INSPECTIONS LLC,2026-09-21,DOMESTIC LIMITED LIABILITY COMPANY,Saratoga,New York,HOWES HOME INSPECTIONS LLC,129 Hudson St,,South Glens Falls,NY,12803
8026759,NATHAN WONG DENTAL PLLC,2026-09-21,DOMESTIC PROFESSIONAL SERVICE LIMITED LIABILITY COMPANY,Rockland,New York,NATHAN WONG DENTAL PLLC,68-36 selfridge street,,FOREST HILLS,NY,11375
8026760,NATIVI CLEANING SERVICES LLC,2026-09-21,DOMESTIC LIMITED LIABILITY COMPANY,Suffolk,New York,BELKIS AVILA CASTRO,89 E PULASKI RD,,HUNTINGTON STATION,NY,11746
8026761,KARMA FOOD WHOLESALE CORPORATION,2026-09-21,DOMESTIC BUSINESS CORPORATION,Queens,New York,KARMA FOOD WHOLESALE CORPORATION,2609 9TH ST,,ASTORIA,NY,11102
8026762,638 CONDO MANAGEMENT INC.,2026-09-21,DOMESTIC BUSINESS CORPORATION,Kings,New York,XING LONG CHEN,5116 7TH AVENUE,,BROOKLYN,NY,11220
8026763,ASCENT INVESTORS LLC,2026-09-21,DOMESTIC LIMITED LIABILITY COMPANY,Kings,New York,Olga Gorelik,3000 Ocean Parkway,Apt. 20G,brooklyn,NY,11235
8026764,AVE Y GOURMET BASKET CORPORATION,2026-09-21,DOMESTIC BUSINESS CORPORATION,Kings,New York,AVE Y GOURMET BASKET CORPPORATION,3773 NOSTRAND AVE,,BROOKLYN,NY,11235
8026765,"TRIANGLE PSYCHOLOGICAL SERVICES, PLLC",2026-09-21,DOMESTIC PROFESSIONAL SERVICE LIMITED LIABILITY COMPANY,Rockland,New York,"TRIANGLE PSYCHOLOGICAL SERVICES, PLLC",26 court street,suite 1001,BROOKLYN,NY,11242
8026766,EASTERN ELECTRIC PICTURES LLC,2026-09-21,DOMESTIC LIMITED LIABILITY COMPANY,Queens,New York,EASTERN ELECTRIC PICTURES LLC,6036 67th Ave # 2L,,Ridgewood,NY,11385
8026767,CC LENDING GROUP INC.,2026-09-21,DOMESTIC BUSINESS CORPORATION,Queens,New York,CC LENDING GROUP INC.,8561 DEXTER CT,,WOODHAVEN,NY,11421
8026768,A&P ICE CREAM I CORP.,2026-09-21,DOMESTIC BUSINESS CORPORATION,Delaware,New York,ALEX I IZQUIERDO,85 OLD MILL RD,,EAST BRANCH,NY,13756
8026769,PORTOM INC.,2026-09-21,DOMESTIC BUSINESS CORPORATION,Suffolk,New York,Omar Marcelo Portillo,46 Glasgow Avenue,,Deer Park,NY,11729
8026770,CEDAR RIDGE EQUITY LLC,2026-09-21,DOMESTIC LIMITED LIABILITY COMPANY,Fulton,New York,CEDAR RIDGE EQUITY LLC,52 Spruce Valley Road,,Stone Ridge,NY,12484
8026771,EPHRAIM BLESSINGS LLC,2026-09-21,DOMESTIC LIMITED LIABILITY COMPANY,Albany,New York,NORTHWEST REGISTERED AGENT LLC,418 BROADWAY,STE N,ALBANY,NY,12207
8026772,NJLC SERVICES INC.,2026-09-21,DOMESTIC BUSINESS CORPORATION,Nassau,New York,NJLC Services Inc.,6 Bering Ct,,Woodbury,NY,11797
8026773,SAHASR LLC,2026-09-21,DOMESTIC LIMITED LIABILITY COMPANY,Queens,New York,SAHASR LLC,3024 85th St,,East Elmhurst,NY,11370
8026774,ECHELON 8850 GROUP INC.,2026-09-21,DOMESTIC BUSINESS CORPORATION,Nassau,New York,FAHAD IFTIKHAR,62 BURTON AVE,,PLAINVIEW,NY,11803
8026775,2ND & UNION LLC,2026-09-21,DOMESTIC LIMITED LIABILITY COMPANY,Columbia,New York,2nd & Union LLC,"Rock Sibs, LLC","1 Rockefeller Plaza, Room 2500",New York,NY,10020
8026776,DESTINEE ALDEN MENTAL HEALTH COUNSELING PLLC,2026-09-21,DOMESTIC PROFESSIONAL SERVICE LIMITED LIABILITY COMPANY,Rockland,New York,DESTINEE ALDEN MENTAL HEALTH COUNSELING PLLC,1 blue hill plaza suite 1509-24,,PEARL RIVER,NY,10965
8026777,ASIAN AMERICAN WOMEN SUPPORTING CENTER INC.,2026-09-21,DOMESTIC BUSINESS CORPORATION,New York,New York,ASIAN AMERICAN WOMEN SUPPORTING CENTER INC.,50 ALLEN ST APT 01,,NEW YORK,NY,10002
8026778,RAYSA BEAUTY SALON & NAILS INC.,2026-09-21,DOMESTIC BUSINESS CORPORATION,Westchester,New York,RAYSA BEAUTY SALON & NAILS INC.,3 CARYL AVE,,YONKERS,NY,10705
8026779,SOLX POWER GROUP LLC,2026-09-21,DOMESTIC LIMITED LIABILITY COMPANY,Onondaga,New York,SOLX POWER GROUP LLC,5982 Court Street Rd,,Syracuse,NY,13206
8026780,69 CHELSEA ST LLC,2026-09-21,DOMESTIC LIMITED LIABILITY COMPANY,Richmond,New York,69 CHELSEA ST LLC,69 CHELSEA ST,,STATEN ISLAND,NY,10305
8026781,CONNECTED SPEECH THERAPY PLLC,2026-09-21,DOMESTIC PROFESSIONAL SERVICE LIMITED LIABILITY COMPANY,Rockland,New York,CONNECTED SPEECH THERAPY PLLC,po box 92,,SHIRLEY,NY,11967
8026782,JMS JANITORIAL SERVICES INC.,2026-09-21,DOMESTIC BUSINESS CORPORATION,Suffolk,New York,JMS JANITORIAL SERVICES INC.,51 GROVER LN,,EAST NORTHPORT,NY,11731
8026783,"RENDON ADVISORY, LLC",2026-09-21,DOMESTIC LIMITED LIABILITY COMPANY,Westchester,New York,Mercedes Rendon,8 Amherst Drive,,Yonkers,NY,10710
8026784,THE GLOW RITUAL NYC LLC,2026-09-21,DOMESTIC LIMITED LIABILITY COMPANY,New York,New York,Kelly Schuerman,45-11 43rd Ave Apt 4C,,Sunnyside,NY,11104
8026785,WINTERSEVE REVIVED WEARS LLC,2026-09-21,DOMESTIC LIMITED LIABILITY COMPANY,Nassau,New York,WINTERSEVE REVIVED WEARS LLC,709 Spruce Ct,,North Baldwin,NY,11510
8026786,NOVA GLOBAL TRADING INC.,2026-09-21,DOMESTIC BUSINESS CORPORATION,Queens,New York,WENJUN ZHONG,14226 37Ave. 1FL,,Flushing,NY,11354
8026787,11DLR LLC,2026-09-21,DOMESTIC LIMITED LIABILITY COMPANY,Broome,New York,Chris O'Donnell,10 Allis Court,,Melville,NY,11747
8026788,CAPUCIN LLC,2026-09-21,DOMESTIC LIMITED LIABILITY COMPANY,Kings,New York,Capucin LLC,"1245 Willoughby Ave, Apt 1L",,Brooklyn,NY,11237
8026789,THE GOTHIC CARDSMITH LLC,2026-09-21,DOMESTIC LIMITED LIABILITY COMPANY,Nassau,New York,THE GOTHIC CARDSMITH LLC,709 Spruce Ct,,North Baldwin,NY,11510
8026790,ELIAN ENTERPRISE INC.,2026-09-21,DOMESTIC BUSINESS CORPORATION,Queens,New York,ELIAN ENTERPRISE INC.,"158-14 Northern Blvd., Ste UL",,Flushing,NY,11358
8026791,MR MANGO FRUIT & VEGETABLES CORP.,2026-09-21,DOMESTIC BUSINESS CORPORATION,Kings,New York,MR MANGO FRUIT & VEGETABLES CORP.,59 LAFAYETTE AVE,,BROOKLYN,NY,11238
8026792,CURIO FAIRPORT LLC,2026-09-21,DOMESTIC LIMITED LIABILITY COMPANY,Monroe,New York,Kathleen Costabile,7408 Pittsford Palmyra road,,Fairport,NY,14450
8026793,CENTRAL FAMILY LLC,2026-09-21,DOMESTIC LIMITED LIABILITY COMPANY,Westchester,New York,CENTRAL FAMILY LLC,4 BAYBERRY ROAD,,ELMSFORD,NY,10523
8026794,GLF QUALITY MANUFACTURING & LEADERSHIP CONSULTING LLC,2026-09-21,DOMESTIC LIMITED LIABILITY COMPANY,Erie,New York,Gerardo Solis Garcia,205 Shoreline Parkway,apartment 4,East Amherst,NY,140512297
8026795,SULLIVAN RIGGING & OPERATIONS LLC,2026-09-21,DOMESTIC LIMITED LIABILITY COMPANY,Nassau,New York,SULLIVAN RIGGING & OPERATIONS LLC,1108 Van Buren Pl,,Baldwin,NY,11510
8026796,EVOLUTION PREMIUM LIMOUSINE INC.,2026-09-21,DOMESTIC BUSINESS CORPORATION,Queens,New York,PABLO I GUERRERO ESPINOZA,1420 117TH ST,APT 1,COLLEGE POINT,NY,11356
8026797,42 CRESTVIEW LLC,2026-09-21,DOMESTIC LIMITED LIABILITY COMPANY,Westchester,New York,Kathryn Davenel,200 West 86th street,1L,New,NY,10024
8026798,MADHR LLC,2026-09-21,DOMESTIC LIMITED LIABILITY COMPANY,Westchester,New York,MadHR LLC,91 South Buckhout Street,,Irvington,NY,10533
8026799,EBRU PIZZERIA INC.,2026-09-21,DOMESTIC BUSINESS CORPORATION,Saratoga,New York,Ebru Pizzeria Inc,111 Green St,,Schuylerville,NY,12871
8026800,110 EAST 16 LLC,2026-09-21,DOMESTIC LIMITED LIABILITY COMPANY,Queens,New York,110 EAST 16 LLC,5819 230TH STREET,,OAKLAND GARDENS,NY,11364
8026801,"PRECIOUS HAIR & BEAUTY, LLC",2026-09-21,DOMESTIC LIMITED LIABILITY COMPANY,Richmond,New York,Leslyn Leonardo,497 Morningstar Road,,Staten Island,NY,10303
8026802,14727 HOOK CREEK CORPORATION,2026-09-21,DOMESTIC BUSINESS CORPORATION,Queens,New York,Charles Thomas,188-28 Jamaica Avenue,,Hollis,NY,11423
8026803,ENTINE HOLDINGS LLC,2026-09-21,DOMESTIC LIMITED LIABILITY COMPANY,Kings,New York,ENTINE HOLDINGS LLC,188 Freeman St Apt 2R,,Brooklyn,NY,11222
8026804,SOFT SCIENCE LLC,2026-09-21,DOMESTIC LIMITED LIABILITY COMPANY,Albany,New York,NORTHWEST REGISTERED AGENT LLC,418 BROADWAY,STE N,ALBANY,NY,12207
8026805,GG'S LITTLE NEST LLC,2026-09-21,DOMESTIC LIMITED LIABILITY COMPANY,Queens,New York,Yinelkis Diaz,17222 133rd Ave 1E,,Jamaica,NY,11421
8026806,NIKA LUXE CORP.,2026-09-21,DOMESTIC BUSINESS CORPORATION,Richmond,New York,NIKA LUXE CORP.,15 Rupert Ave,,Staten Island,NY,10314
8026807,WENG DH 1 LLC,2026-09-21,DOMESTIC LIMITED LIABILITY COMPANY,Warren,New York,WENG DH 1 LLC,367 BAY RD,,QUEENSBURY,NY,12804
8026808,FELIXMAR PREMIUM CORP.,2026-09-21,DOMESTIC BUSINESS CORPORATION,Queens,New York,FELIX MARCELINO,11104 142ND ST,APT 2,JAMAICA,NY,11435
8026809,TOOAVID TECHNOLOGIES LLC,2026-09-21,DOMESTIC LIMITED LIABILITY COMPANY,Nassau,New York,TooAvid Technologies LLC,5500 Sunrise Highway Unit 50,#1108,Massapequa,NY,11758
8026810,K2C CONSTRUCTION LLC,2026-09-21,DOMESTIC LIMITED LIABILITY COMPANY,Nassau,New York,CARLOS LOPEZ CHAVEZ,134 N Franklin St B2,,HEMPSTEAD,NY,11550
8026811,GREEN PLANET PLA CORP.,2026-09-21,DOMESTIC BUSINESS CORPORATION,Kings,New York,GREEN PLANET PLA CORP.,969 FULTON ST,,BROOKLYN,NY,11238
8026812,VETERAN RATING PARTNERS LLC,2026-09-21,DOMESTIC LIMITED LIABILITY COMPANY,Dutchess,New York,Robert Grandchamp,815 State Route 82,,Hopewell Junction,NY,12533
8026813,ELM4HOMES LLC,2026-09-21,DOMESTIC LIMITED LIABILITY COMPANY,Chemung,New York,ELM4HOMES LLC,1177 COLLEGE AVE,,ELMIRA,NY,14901
8026814,TARIUS PRODUCTS INC.,2026-09-21,DOMESTIC BUSINESS CORPORATION,Queens,New York,TARIUS PRODUCTS INC.,142-04 Bayside Ave.,,Flushing,NY,11354
8026815,AUSTIN PILATES LLC,2026-09-21,DOMESTIC LIMITED LIABILITY COMPANY,Queens,New York,Austin Pilates LLC,224-34 77th Ave,,Oakland Gardens,NY,11364
8026816,ONCUE FIT LLC,2026-09-21,DOMESTIC LIMITED LIABILITY COMPANY,Westchester,New York,Samantha Felder,2 Weaver,Unit 10,Scarsdale,NY,10583
8026817,2 BOYS HALAL FOOD CORP.,2026-09-21,DOMESTIC BUSINESS CORPORATION,Queens,New York,NAJAH ZUHAIR ABDULMAJEED,2814 31TH STREET,504,ASTORIA,NY,11102
8026818,DOMENICO PRIME CORP.,2026-09-21,DOMESTIC BUSINESS CORPORATION,Kings,New York,DOMENICO MESA,800 DUMONT AVE,APT 2R,BROOKLYN,NY,11207
8026819,NEW CHAPTER NP LLC,2026-09-21,DOMESTIC LIMITED LIABILITY COMPANY,Albany,New York,REGISTERED AGENTS INC.,418 BROADWAY,STE R,ALBANY,NY,12207
8026820,100 THAYER ST DELI & JUICE BAR INC.,2026-09-21,DOMESTIC BUSINESS CORPORATION,New York,New York,100 THAYER ST DELI &amp; JUICE BAR INC,100 THAYER ST.,,NEW YORK,NY,10040
8026821,NUCAL LLC,2026-09-21,DOMESTIC LIMITED LIABILITY COMPANY,Nassau,New York,REPUBLIC REGISTERED AGENT SERVICES INC.,54 STATE STREET,STE 804,ALBANY,NY,12207
8026822,SUNDOG BEVERAGES LLC,2026-09-21,DOMESTIC LIMITED LIABILITY COMPANY,Albany,New York,NORTHWEST REGISTERED AGENT LLC,418 BROADWAY,STE N,ALBANY,NY,12207
8026823,JM ELM TREE LLC,2026-09-21,DOMESTIC LIMITED LIABILITY COMPANY,Dutchess,New York,Joanna Mestousis,377 Hill Top Road,,Pine Plains,NY,12567
8026824,300 RICHARDSON ST LLC,2026-09-21,DOMESTIC LIMITED LIABILITY COMPANY,Kings,New York,tina rohatsch,23 kingsland ave,3R,brooklyn,NY,11211
8026825,IF IT BENDS PRODUCTIONS LLC,2026-09-21,DOMESTIC LIMITED LIABILITY COMPANY,Albany,New York,NORTHWEST REGISTERED AGENT LLC,418 BROADWAY,STE N,ALBANY,NY,12207
8026826,JESSICA LEWIS DESIGN LLC,2026-09-21,DOMESTIC LIMITED LIABILITY COMPANY,New York,New York,Jessica Beyer,345 West 14th Street,8B,New York,NY,10014
8026827,DUA WHOLESALE INC.,2026-09-21,DOMESTIC BUSINESS CORPORATION,Queens,New York,DEEPAK MANN,127-26 101ST AVE,,S RICHMOND HILL,NY,11419
8026828,D&C BUSINESS CORP.,2026-09-21,DOMESTIC BUSINESS CORPORATION,Queens,New York,DANY M BENAVIDES,6611 99TH ST,APT 4E,REGO PARK,NY,11374
8026829,COMMACK AUTO WORKS LLC,2026-09-21,DOMESTIC LIMITED LIABILITY COMPANY,Suffolk,New York,COMMACK AUTO WORKS LLC,15 VETERANS MEMORIAL HWY,,COMMACK,NY,11725
8026830,OPSKURED LLC,2026-09-21,DOMESTIC LIMITED LIABILITY COMPANY,Sullivan,New York,Theodora Johnson,PO Box 66,,North Branch,NY,12766
8026831,TRELLIS MARKETING AND COACHING LLC,2026-09-21,DOMESTIC LIMITED LIABILITY COMPANY,Kings,New York,TARA DALY,37 CARROLL ST,APT 1,BROOKLYN,NY,112311348
8026832,1621 GOURMET DELI CORP.,2026-09-21,DOMESTIC BUSINESS CORPORATION,Kings,New York,1621 GOURMET DELI CORP.,1621 Oriental Blvd,,BROOKLYN,NY,11235
8026833,1955 HEALTHY DELI CORP.,2026-09-21,DOMESTIC BUSINESS CORPORATION,New York,New York,1955 HEALTHY DELI CORP.,1955 FIRST AVE,,NEW YORK,NY,10029
8026834,SUPPLY GLOBAL LINK LLC,2026-09-21,DOMESTIC LIMITED LIABILITY COMPANY,New York,New York,Meeting needs,44 Kenwood ave,,Messapequea,NY,11758
8026835,BASEMENT TO ROOF INC.,2026-09-21,DOMESTIC BUSINESS CORPORATION,Nassau,New York,BASEMENT TO ROOF INC.,4 WAGON LN,,LEVITTOWN,NY,11756
8026836,JR HUNTER LLC,2026-09-21,DOMESTIC LIMITED LIABILITY COMPANY,New York,New York,James Rhodes,27 West 55th Street,,New York,NY,10019
8026837,POLONIA TRANSPORTATION INC.,2026-09-21,DOMESTIC BUSINESS CORPORATION,New York,New York,C/O THE CORPORATION,1365 ST NICHOLAS AVE,23S,NEW YORK,NY,10033
8026838,NORTH SHORE BUILDING GROUP CORP.,2026-09-21,DOMESTIC BUSINESS CORPORATION,Suffolk,New York,RUTH CASTRO LOPEZ,197 BROADWAY,,SHIRLEY,NY,11967
8026839,KING LOS SERVICES LLC,2026-09-21,DOMESTIC LIMITED LIABILITY COMPANY,Kings,New York,KING LOS SERVICES LLC,373 S 2nd st,2C,Brooklyn,NY,11211
8026840,JNM GLOBAL SOLUTIONS LLC,2026-09-21,DOMESTIC LIMITED LIABILITY COMPANY,Albany,New York,JNM GLOBAL SOLUTIONS LLC,155 Benjamin St,,Schenectady,NY,12303
8026841,IMMORI INC.,2026-09-21,DOMESTIC BUSINESS CORPORATION,Kings,New York,IBROHIMZHON ABDURAHMONOV,450 E 34TH ST,APT 3C,BROOKLYN,NY,11203
8026842,"BREAKTHROUGH WELLNESS COACHING, LLC",2026-09-21,DOMESTIC LIMITED LIABILITY COMPANY,Saratoga,New York,Breakthrough Wellness Coaching,643 Hudson Avenue,,Stillwater,NY,12170
8026843,MARTENS RE LLC,2026-09-21,DOMESTIC LIMITED LIABILITY COMPANY,Nassau,New York,Ravesh Chandihok,50 Cortland Ave,,Hicksville,NY,11801
8026844,4SZN CARE LLC,2026-09-21,DOMESTIC LIMITED LIABILITY COMPANY,New York,New York,4SZN CARE LLC,228 Park Ave S #528143,,New York,NY,10003
8026845,FIVE CORNERS FARMS INC.,2026-09-21,DOMESTIC BUSINESS CORPORATION,Suffolk,New York,FIVE CORNERS FARMS INC.,136 Rivendell Court,,Melville,NY,11747
8026846,"GEEKED OUT COLLECTIBLES, LLC",2026-09-21,DOMESTIC LIMITED LIABILITY COMPANY,Washington,New York,Jason Mahoney,1 Deer Run Way,,Hartford,NY,12838
8026847,MENDLSTEIN CAPITAL HOLDINGS LLC,2026-09-21,DOMESTIC LIMITED LIABILITY COMPANY,Queens,New York,Soho Workspaces Inc,447 Broadway,2nd Floor,New York,NY,10013
8026848,GROWNSTONE HOLDINGS GROUP LLC,2026-09-21,DOMESTIC LIMITED LIABILITY COMPANY,Westchester,New York,Ignacio Paez,209 Main St Ste 1,,Tuckahoe,NY,10707
8026849,CHEN XIN ADMINISTRATIVE SERVICES INC.,2026-09-21,DOMESTIC BUSINESS CORPORATION,Queens,New York,XIN CHEN,175-07 JEWEL AVE,,FRESH MEADOWS,NY,11365
8026850,59-56-57RD A&J FAMILY LLC,2026-09-21,DOMESTIC LIMITED LIABILITY COMPANY,Queens,New York,THE ORGANIZATION,59-56 57TH RD,,MASPETH,NY,11378
8026851,IGNITION AUTOMOTIVE REPAIR LLC,2026-09-21,DOMESTIC LIMITED LIABILITY COMPANY,Erie,New York,DAVID JOSEPH VACCARO III,193 PRYOR AVE,,TONAWANDA,NY,14150
8026852,HEADQUARTERS TRAINING LLC,2026-09-21,DOMESTIC LIMITED LIABILITY COMPANY,Bronx,New York,NORTHWEST REGISTERED AGENT LLC,418 BROADWAY,STE N,ALBANY,NY,12207
8026853,MCR WOODWORK LLC,2026-09-21,DOMESTIC LIMITED LIABILITY COMPANY,Sullivan,New York,MCR WoodWork,PO Box 66,,North Branch,NY,12766
8026854,NEWYORK BLACK CAR SERVICES LLC,2026-09-21,DOMESTIC LIMITED LIABILITY COMPANY,Albany,New York,NORTHWEST REGISTERED AGENT LLC,418 BROADWAY,STE N,ALBANY,NY,12207
8026855,CPW 2026 LLC,2026-09-21,DOMESTIC LIMITED LIABILITY COMPANY,New York,New York,The Limited Liability Company,c/o Chaves Perlowitz Luftig,"One Liberty Plaza, 46th Floor",New York,NY,10006
8026856,CREEK WOODS PROPERTIES LLC,2026-09-21,DOMESTIC LIMITED LIABILITY COMPANY,Erie,New York,ARON KIEFER,25 LANDINGS DR,,AMHERST,NY,14228
8026857,MARKET TON LLC,2026-09-21,DOMESTIC LIMITED LIABILITY COMPANY,Monroe,New York,Mark Natyazhko,9 Packet Lane,,Rochester,NY,14606
8026858,THE CULTURE HOUSE BK LLC,2026-09-21,DOMESTIC LIMITED LIABILITY COMPANY,Kings,New York,TANYA BARRY,739 THOMAS S BOYLAND ST,,BROOKLYN,NY,11212
8026859,AMBIPATH LLC,2026-09-21,DOMESTIC LIMITED LIABILITY COMPANY,Albany,New York,NORTHWEST REGISTERED AGENT LLC,418 BROADWAY,STE N,ALBANY,NY,12207
8026860,VIP BUFFET & RESTAURANT INC.,2026-09-21,DOMESTIC BUSINESS CORPORATION,Bronx,New York,THE CORP,1447 WEBSTER AVENUE,,BRONX,NY,10456
8026861,GRID & STONE LLC,2026-09-21,DOMESTIC LIMITED LIABILITY COMPANY,Westchester,New York,Grid & Stone LLC,4 Martine Ave Apt 320,,White Plains,NY,10606
8026862,JG HARDWARE LLC,2026-09-21,DOMESTIC LIMITED LIABILITY COMPANY,Bronx,New York,EUCLIDES GUAILLAS CHILLPI,2885 VALENTINE AVE APT 17,,BRONX,NY,10458
8026863,TEMPLETON'S MANAGEMENT LLC,2026-09-21,DOMESTIC LIMITED LIABILITY COMPANY,Livingston,New York,Matthew Templeton,60 Lincoln ave,,Dansville,NY,14437
8026864,"ALWAYS, LOVELY LLC",2026-09-21,DOMESTIC LIMITED LIABILITY COMPANY,Kings,New York,"Always, Lovely LLC",42 Broadway,Suite 12-606,New York,NY,10004
8026865,DEVOE AUTO SALES CORPORATION,2026-09-21,DOMESTIC BUSINESS CORPORATION,Bronx,New York,JUAN PABLO FRIAS,1104 E 180TH STREET,,BRONX,NY,10460
8026866,SAAB ENTERPRISES INC.,2026-09-21,DOMESTIC BUSINESS CORPORATION,Queens,New York,Phuman Singh,8718 Little Neck,,Floral Park,NY,11001
8026867,LLAILLPAINTING LLC,2026-09-21,DOMESTIC LIMITED LIABILITY COMPANY,Queens,New York,LLAILLPAINTING LLC,6610 Grand Ave Bsmt,,Maspeth,NY,11378
8026868,MONUMENT DESIGN SERVICES LLC,2026-09-21,DOMESTIC LIMITED LIABILITY COMPANY,Albany,New York,NORTHWEST REGISTERED AGENT LLC,418 BROADWAY,STE N,ALBANY,NY,12207
8026869,W.S. SOLUTION GROUP LLC,2026-09-21,DOMESTIC LIMITED LIABILITY COMPANY,Albany,New York,NORTHWEST REGISTERED AGENT LLC,418 BROADWAY,STE N,ALBANY,NY,12207
8026870,DANI J LLC,2026-09-21,DOMESTIC LIMITED LIABILITY COMPANY,Kings,New York,WINNIFRED SIMPSON UGBEKILE,1511 E 94TH STREET,,BROOKLYN,NY,11236
8026871,APEX STRATEGIC DEVELOPMENT GROUP LLC,2026-09-21,DOMESTIC LIMITED LIABILITY COMPANY,Queens,New York,APEX STRATEGIC DEVELOPMENT GROUP LLC,16211 9th Ave Apt 2C,,Whitestone,NY,11357
8026872,MVPCH CORP.,2026-09-21,DOMESTIC BUSINESS CORPORATION,Columbia,New York,"REGISTERED AGENT SOLUTIONS, INC.",99 WASHINGTON AVENUE,SUITE 700,ALBANY,NY,12260
8026873,SOUTH APALACHIN AUTO SERVICES LLC,2026-09-21,DOMESTIC LIMITED LIABILITY COMPANY,Tioga,New York,SOUTH APALACHIN AUTO SERVICES LLC,4287 Pennsylvania Ave,,Apalachin,NY,13732
8026874,HAMPTONS W&A LLC,2026-09-21,DOMESTIC LIMITED LIABILITY COMPANY,Suffolk,New York,William Minchala,105-40 oakview hwy,,easts hampton,NY,11937
8026875,"GRAN FIGO ENTERPRISES, LLC",2026-09-21,DOMESTIC LIMITED LIABILITY COMPANY,New York,New York,Inc Authority RA,"42 Broadway, Fl. 12-200",,New York,NY,10004
8026876,INDIGO PAINTING CO LLC,2026-09-21,DOMESTIC LIMITED LIABILITY COMPANY,Cayuga,New York,INDIGO PAINTING CO LLC,29 S Marvine Ave,,Auburn,NY,13021
8026877,HUNT PERFORMANCE HOLDINGS LLC,2026-09-21,DOMESTIC LIMITED LIABILITY COMPANY,New York,New York,Entity Protect Registered Agent Services LLC,447 Broadway 2nd Fl. - #3000,,New York,NY,10013
8026878,SCB 2006 TEALL LLC,2026-09-21,DOMESTIC LIMITED LIABILITY COMPANY,Onondaga,New York,Mohamed Mahmoud,406 Willumae Drive,,Syracuse,NY,13208
8026879,RAIDERS HOCKEY INC.,2026-09-21,DOMESTIC BUSINESS CORPORATION,New York,New York,Leon Oleynik,356 Rolling Hill Green,,Staten Island,NY,10312
8026880,ALVIRTUS INC.,2026-09-21,DOMESTIC BUSINESS CORPORATION,Queens,New York,ALVIRTUS INC.,4312 161st St,,Flushing,NY,11358
8026881,MARCAR REALTY II INC.,2026-09-21,DOMESTIC BUSINESS CORPORATION,Suffolk,New York,MARCAR REALTY II INC.,306 S GERHART AVE,,LOS ANGELES,CA,90022
8026882,SOLUMINA LLC,2026-09-21,DOMESTIC LIMITED LIABILITY COMPANY,Kings,New York,Sejal Shah,18 6th Ave,Apt 2400,Brooklyn,NY,11217
8026883,SHARKSWIM LLC,2026-09-21,DOMESTIC LIMITED LIABILITY COMPANY,Albany,New York,NORTHWEST REGISTERED AGENT LLC,418 BROADWAY,STE N,ALBANY,NY,12207
8026884,ALL INCLUSIVE CLEANING LLC,2026-09-21,DOMESTIC LIMITED LIABILITY COMPANY,Albany,New York,REGISTERED AGENTS INC.,418 BROADWAY,STE R,ALBANY,NY,12207
8026885,MOMO AUTO GROUP LLC,2026-09-21,DOMESTIC LIMITED LIABILITY COMPANY,Bronx,New York,MADOU DOUMBIA,1113 WASHINGTON AVE,,BRONX,NY,10456
8026886,PERRY CLEANING LLC,2026-09-21,DOMESTIC LIMITED LIABILITY COMPANY,Albany,New York,Lakesha Perry,29 Bertha street,Apt 1,Albany,NY,12209
8026887,ZYZ GROUP INC.,2026-09-21,DOMESTIC BUSINESS CORPORATION,Queens,New York,ZYZ Group Inc,251-14 Northern Blvd,,Little Neck,NY,11362
8026888,JBNYC ENTERTAINMENT LLC,2026-09-21,DOMESTIC LIMITED LIABILITY COMPANY,Queens,New York,JBNYC ENTERTAINMENT LLC,3441 LINDEN PL UNIT 9B,,FLUSHING,NY,11354
8026889,"DELGADO ACCOUNTING & ADVISORY, LLC",2026-09-21,DOMESTIC LIMITED LIABILITY COMPANY,Suffolk,New York,Santiago Delgado,3 Sundown Dr,,Bellport,NY,11713
8026890,ZEENAT CARE INC.,2026-09-21,DOMESTIC BUSINESS CORPORATION,Onondaga,New York,Zeeshan James,416 Willumae Dr.,,Syracuse,NY,13208
8026891,ELL'S HAIRCRAFT LLC,2026-09-21,DOMESTIC LIMITED LIABILITY COMPANY,Oswego,New York,Ell's Haircraft LLC,6451 State Route 3,,Mexico,NY,13114
8026892,FULL SCOPE TRANSPORTATION LLC,2026-09-21,DOMESTIC LIMITED LIABILITY COMPANY,New York,New York,Entity Protect Registered Agent Services LLC,447 Broadway 2nd Fl. - #3000,,New York,NY,10013
8026893,ELRINGTON CONSULTING LLC,2026-09-21,DOMESTIC LIMITED LIABILITY COMPANY,Albany,New York,REGISTERED AGENTS INC.,418 BROADWAY,STE R,ALBANY,NY,12207
8026894,K-LONGHWA TRADING INC.,2026-09-21,DOMESTIC BUSINESS CORPORATION,Queens,New York,K-LONGHWA TRADING INC.,4005 195th St,Apt 3,Flushing,NY,11358
8026895,FLIPSWITCH PROPERTIES LLC,2026-09-21,DOMESTIC LIMITED LIABILITY COMPANY,Nassau,New York,Sharmin Rahman,84 Browers Ln,,Roslyn Heights,NY,11577
8026896,ALTAGRACIA VENTURES LLC,2026-09-21,DOMESTIC LIMITED LIABILITY COMPANY,Kings,New York,ALTAGRACIA VENTURES LLC,45 Main St Ste 240 #174684,,Brooklyn,NY,11201
8026897,FRAMMA TRADING INC.,2026-09-21,DOMESTIC BUSINESS CORPORATION,New York,New York,Framma Trading Inc.,10 West 33rd Street Room 507,,New York,NY,10001
8026898,FIGTREE STUDIOS LLC,2026-09-21,DOMESTIC LIMITED LIABILITY COMPANY,New York,New York,FIGTREE STUDIOS LLC,228 Park Ave S #677534,,New York,NY,10003
8026899,DADASH MILAD LLC,2026-09-21,DOMESTIC LIMITED LIABILITY COMPANY,New York,New York,Misagh Daraei,225 Cherry Street #72G,,New York,NY,10002
8026900,TWINKLING TOTS DAYCARE INC.,2026-09-21,DOMESTIC BUSINESS CORPORATION,Suffolk,New York,Kaitlyn DeMaio,23 Forrestall Dr,,Mastic,NY,119501407
8026901,JAQUISH EXCAVATION & GRADING LLC,2026-09-21,DOMESTIC LIMITED LIABILITY COMPANY,Hamilton,New York,JAQUISH EXCAVATION & GRADING LLC,111 Davids Way,,Lake Pleasant,NY,12108
8026902,SMOKESHOW FILM LLC,2026-09-21,DOMESTIC LIMITED LIABILITY COMPANY,Albany,New York,NORTHWEST REGISTERED AGENT LLC,418 BROADWAY,STE N,ALBANY,NY,12207
8026903,VIKSEM LLC,2026-09-21,DOMESTIC LIMITED LIABILITY COMPANY,Queens,New York,VIKTOR SEMCHYSHYN,3150 36TH STREET,APT 3F,ASTORIA,NY,11106
8026904,HARRISON 21 AVE LLC,2026-09-21,DOMESTIC LIMITED LIABILITY COMPANY,Nassau,New York,Harrison 21 Ave LLC,21 Harrison Ave,,Lynbrook,NY,11463
8026905,OSKIE LLC,2026-09-21,DOMESTIC LIMITED LIABILITY COMPANY,Kings,New York,Nathaniel Kublin,375 Lefferts Ave,Apt 8C,Brooklyn,NY,11225
8026906,AMIN'S FOOD & CAFE INC.,2026-09-21,DOMESTIC BUSINESS CORPORATION,Broome,New York,AL AMIN MIAH,108 FILLMOR AVE APT B,,ENDICOTT,NY,13760
8026907,KA REALDRIVER INC.,2026-09-21,DOMESTIC BUSINESS CORPORATION,Kings,New York,ALIOU KA,181 55TH ST APT 2,,BROOKLYN,NY,11203
8026908,SALT & STEEL CULINARY CONSULTING LLC,2026-09-21,DOMESTIC LIMITED LIABILITY COMPANY,Albany,New York,NORTHWEST REGISTERED AGENT LLC,418 BROADWAY,STE N,ALBANY,NY,12207
8026909,"LUXURY DREAMS VENTURES, INC.",2026-09-21,DOMESTIC BUSINESS CORPORATION,Nassau,New York,"LUXURY DREAMS VENTURES, INC.",89 Lee Avenue,,Albertson,NY,11507
8026910,SKY IT FIRM LLC,2026-09-21,DOMESTIC LIMITED LIABILITY COMPANY,Bronx,New York,ARAFATUN NESA,2466 FRISBY AVE,,BRONX,NY,10461
8026911,NEXT PHASE REFERRALS LLC,2026-09-21,DOMESTIC LIMITED LIABILITY COMPANY,Suffolk,New York,Lamar Lanier,18 MELODY LANE,,Amittyville,NY,11701
8026912,POSTHOUSE CONSTRUCTION LLC,2026-09-21,DOMESTIC LIMITED LIABILITY COMPANY,New York,New York,Posthouse Construction LLC,"217 E 70th Street, #78",,New York,NY,10021
8026913,FLOW 37 BROOKLYN CORP.,2026-09-21,DOMESTIC BUSINESS CORPORATION,Kings,New York,JONNATHAN N SAIGUA CHACON,861 WYCKOFF AVE,,RIDGEWOOD,NY,11385
8026914,AMIN ALLIANCE LLC,2026-09-21,DOMESTIC LIMITED LIABILITY COMPANY,Broome,New York,AL AMIN MIAH,108 FILLMORE AVE APT B,,ENDICOTT,NY,13760
8026915,MODERNIS CONSTRUCTION INC.,2026-09-21,DOMESTIC BUSINESS CORPORATION,New York,New York,235 eas,235 east 84th street apt 40,,nyc,NY,10028
8026916,RODRIGUEZ GLOBAL ELITE LLC,2026-09-21,DOMESTIC LIMITED LIABILITY COMPANY,Bronx,New York,Gisselle Luciano,165 East 179st #3F,,Bronx,NY,10453
8026917,REVS SOLUTIONS LIMITED LIABILITY COMPANY,2026-09-21,DOMESTIC BUSINESS CORPORATION,Suffolk,New York,NEHA JAMBEKAR,2 GLOVER DR,,DIX HILLS,NY,11746
8026918,CLEAR MIND INSPECTIONS LLC,2026-09-21,DOMESTIC LIMITED LIABILITY COMPANY,Otsego,New York,Clear Mind Inspections LLC,327 Taylor road,,Richfield Springs,NY,13439
8026919,BRIDGE FUNDING NY LLC,2026-09-21,DOMESTIC LIMITED LIABILITY COMPANY,New York,New York,BRIDGE FUNDING NY LLC,22 W 19th St Ste 10R,,New York,NY,10011
8026920,GET ON MY WAVELENGTH LLC,2026-09-21,DOMESTIC LIMITED LIABILITY COMPANY,Albany,New York,Get On My Wavelength,"418 Broadway, STE N",,Albany,NY,12207
8026921,SKYE NY AUTO RENTALS LLC,2026-09-21,DOMESTIC LIMITED LIABILITY COMPANY,Richmond,New York,JAVIER ALEJANDRO LEON UGARTE,656 JEWETT AVE,,STATEN ISLAND,NY,10314
8026922,JOHIRUL ISLAM LLC,2026-09-21,DOMESTIC LIMITED LIABILITY COMPANY,Kings,New York,JOHIRUL ISLAM,278 MILFORD ST,APT 1,BROOKLYN,NY,11208
8026923,MAVI B V SERVICES LLC,2026-09-21,DOMESTIC LIMITED LIABILITY COMPANY,Albany,New York,NORTHWEST REGISTERED AGENT LLC,418 BROADWAY,STE N,ALBANY,NY,12207
8026924,STITCHCROSS TRADE INC.,2026-09-21,DOMESTIC BUSINESS CORPORATION,New York,New York,Victor Lalo,209 West 38th St. Suite 1101,,New York,NY,10018
8026925,COODO INC.,2026-09-21,DOMESTIC BUSINESS CORPORATION,Queens,New York,YASONG GUO,243-11 THORNHILL AVE,,DOUGLASTON,NY,11362
8026926,METRO PAVING & EXCAVATING LLC,2026-09-21,DOMESTIC LIMITED LIABILITY COMPANY,Albany,New York,NORTHWEST REGISTERED AGENT LLC,418 BROADWAY,STE N,ALBANY,NY,12207
8026927,VIZ MEDICAL SUPPLY INC.,2026-09-21,DOMESTIC BUSINESS CORPORATION,Queens,New York,VIZ MEDICAL SUPPLY INC.,74-02 GRAND AVENUE,UNIT A,ELMHURST,NY,11373
8026928,ASM WHOLESALE CORP.,2026-09-21,DOMESTIC BUSINESS CORPORATION,New York,New York,ASM WHOLESALE CORP,2320 ADAM CLAYTON POWELL JR,,NEW YORK,NY,10030
8026929,STEVES ORIGINAL SAUCES & MARINADE LLC,2026-09-21,DOMESTIC LIMITED LIABILITY COMPANY,Kings,New York,STEVES ORIGINAL SAUCES & MARINADE LLC,"4902 Church Ave, Building 4",,Brooklyn,NY,11203
8026930,THEATER EMERGENCY LIMITED LIABILITY COMPANY,2026-09-21,DOMESTIC LIMITED LIABILITY COMPANY,New York,New York,Harbor Compliance,418 Broadway STE R,,Albany,NY,12207
8026931,FIVE SPARROWS LLC,2026-09-21,DOMESTIC LIMITED LIABILITY COMPANY,Schoharie,New York,Kathryn Flanagan,PO Box 125,,Esperance,NY,12066
8026932,SHOWLORE LLC,2026-09-21,DOMESTIC LIMITED LIABILITY COMPANY,Albany,New York,NORTHWEST REGISTERED AGENT LLC,418 BROADWAY,STE N,ALBANY,NY,12207
8026933,AFIG LLC,2026-09-21,DOMESTIC LIMITED LIABILITY COMPANY,Saratoga,New York,Effie Levenson,37 Piping Rock Circle,,Saratoga Springs,NY,12866
8026934,HEGAZY HALAL FOOD CORP.,2026-09-21,DOMESTIC BUSINESS CORPORATION,New York,New York,FATHI S AHMED,518 9TH AVE,APT 2,NEW YORK,NY,10018
8026935,TOPLAND MANAGEMENT LLC,2026-09-21,DOMESTIC LIMITED LIABILITY COMPANY,Westchester,New York,TOPLAND MANAGEMENT LLC,60 Topland Rd,,White Plains,NY,10605
8026936,SNOWPIN INC.,2026-09-21,DOMESTIC BUSINESS CORPORATION,Onondaga,New York,XUEPING LI,3788 Timber Trl,,Liverpool,NY,13090
8026937,JAMD CHURNS LLC,2026-09-21,DOMESTIC LIMITED LIABILITY COMPANY,Albany,New York,NORTHWEST REGISTERED AGENT LLC,418 BROADWAY,STE N,ALBANY,NY,12207
8026938,G PRODUCTIONS STUDIOS LLC,2026-09-21,DOMESTIC LIMITED LIABILITY COMPANY,New York,New York,G Productions Studios LLC,257-40 148th Avenue,,Rosedale,NY,11422
8026939,RED ROSE SERVICES INC.,2026-09-21,DOMESTIC BUSINESS CORPORATION,Queens,New York,RED ROSE SERVICES INC.,"3750 97TH STREET, STE 6K",,CORONA,NY,11368
8026940,RHOTUS LLC,2026-09-21,DOMESTIC LIMITED LIABILITY COMPANY,Sullivan,New York,Markus Rhoten,115 Evergreen Lane,,Narrowsburg,NY,12764
8026941,LUMORELAY TECHNOLOGIES LTD.,2026-09-21,DOMESTIC BUSINESS CORPORATION,New York,New York,DANIEL MARTINEZ,88 PINE ST,,NEW YORK,NY,10005
8026942,"TRINITEE LEGACY ENTERPRISES, LLC",2026-09-21,DOMESTIC LIMITED LIABILITY COMPANY,New York,New York,Trinitee Alston,2330 7th Avenue,APT 3S,New York,NY,10030
8026943,CHOSEN RESEARCH LABS LLC,2026-09-21,DOMESTIC LIMITED LIABILITY COMPANY,Nassau,New York,Chosen Research Labs LLC,46 S Long Beach Rd,,Rockville Centre,NY,11570
8026944,LICENSE TO EARN LLC,2026-09-21,DOMESTIC LIMITED LIABILITY COMPANY,Queens,New York,Jorge Vasquez,8408 Queens Boulevard,,Elmhurst,NY,11373
8026945,DARYNA MYKHALIUK INC.,2026-09-21,DOMESTIC BUSINESS CORPORATION,Kings,New York,Daryna Myhaliuk Inc.,2586 E 26TH ST,,BROOKLYN,NY,11235
8026946,RJL PIPING CORPORATION,2026-09-21,DOMESTIC BUSINESS CORPORATION,Nassau,New York,RJL PIPING CORPORATION,21 Park Lane Pl,,Massapequa,NY,11758
8026947,CASHWELL J VENTURE LLC,2026-09-21,DOMESTIC LIMITED LIABILITY COMPANY,Kings,New York,"LEGALCORP SOLUTIONS, LLC",11 BROADWAY,SUITE 615,NEW YORK CITY,NY,10004
8026948,"EMBER & ARC EVENTS, LLC",2026-09-21,DOMESTIC LIMITED LIABILITY COMPANY,Westchester,New York,"EMBER & ARC EVENTS, LLC",543 Main St Apt 301,,New Rochelle,NY,10801
8026949,RONG BIN INC.,2026-09-21,DOMESTIC BUSINESS CORPORATION,Kings,New York,Zhongqin Zhang,834 Bay Ridge Ave 1R,,Brooklyn,NY,11220
8026950,DAY OFF STUDIOS LLC,2026-09-21,DOMESTIC LIMITED LIABILITY COMPANY,Kings,New York,DAY OFF STUDIOS LLC,HAWTHORNE ST APT 3,,BROOKLYN,NY,112031529
8026951,BACKEND CONSULTING LLC,2026-09-21,DOMESTIC LIMITED LIABILITY COMPANY,New York,New York,BACKEND CONSULTING LLC,228 Park Ave S #190817,,New York,NY,10003
8026952,MAGIS TRAINING LLC,2026-09-21,DOMESTIC LIMITED LIABILITY COMPANY,Albany,New York,NORTHWEST REGISTERED AGENT LLC,418 BROADWAY,STE N,ALBANY,NY,12207
8026953,EMPIRE WAY CORPORATION,2026-09-21,DOMESTIC BUSINESS CORPORATION,New York,New York,Empire Way Corporation,31 Cunard Ave,Apt 1,Staten Island,NY,10304
8026954,STUDIO9 SOUNDS LLC,2026-09-21,DOMESTIC LIMITED LIABILITY COMPANY,Suffolk,New York,STUDIO9 SOUNDS LLC,93 Allen Blvd ste 102,,Farmingdale,NY,11735
8026955,GOODNESS TOGETHER LLC,2026-09-21,DOMESTIC LIMITED LIABILITY COMPANY,New York,New York,NORTHWEST REGISTERED AGENT LLC,418 BROADWAY,STE N,ALBANY,NY,12207
8026956,CORAM HAIR BRAIDING LLC,2026-09-21,DOMESTIC LIMITED LIABILITY COMPANY,Suffolk,New York,Nagoule Toni-nana,29 Winfield Davis Drive,,Coram,NY,11727
8026957,THE MAPLE HOUSE PLG LLC,2026-09-21,DOMESTIC LIMITED LIABILITY COMPANY,Kings,New York,Sean Henry,220-03 99th Avenue,,Queens,NY,11429
8026958,ALLISON MONET S LLC,2026-09-21,DOMESTIC LIMITED LIABILITY COMPANY,Albany,New York,REGISTERED AGENTS INC.,418 BROADWAY,STE R,ALBANY,NY,12207
8026959,LEISURE HOME GROUP INC.,2026-09-21,DOMESTIC BUSINESS CORPORATION,Suffolk,New York,LEISURE HOME GROUP INC.,5 Windward Ct,,Dix Hills,NY,11746
8026960,MACHINERY LAB LLC,2026-09-21,DOMESTIC LIMITED LIABILITY COMPANY,Albany,New York,NORTHWEST REGISTERED AGENT LLC,418 BROADWAY,STE N,ALBANY,NY,12207
8026961,S&E CANINE ADVENTURES LLC,2026-09-21,DOMESTIC LIMITED LIABILITY COMPANY,Albany,New York,NORTHWEST REGISTERED AGENT LLC,418 BROADWAY,STE N,ALBANY,NY,12207
8026962,"PRIORITY SUPPLY, CORP.",2026-09-21,DOMESTIC BUSINESS CORPORATION,New York,New York,Numonkhon Aslamkhonov,152 E 118th St,S1,New York,NY,10035
8026963,BURLY LIFE LLC,2026-09-21,DOMESTIC LIMITED LIABILITY COMPANY,Clinton,New York,Registered Agents Inc.,418 Broadway STE R,,Albany,NY,12207
8026964,OTE NEXUS LLC,2026-09-21,DOMESTIC LIMITED LIABILITY COMPANY,Suffolk,New York,OTE NEXUS LLC,730 Church St,,Bohemia,NY,11716
8026965,VALDEZ'S LUXURY CAR SERVICE LLC,2026-09-21,DOMESTIC LIMITED LIABILITY COMPANY,Kings,New York,Registered Agents Inc.,418 Broadway STE R,,Albany,NY,12207
8026966,THE PARTY'S HERE ENTERTAINMENT LLC,2026-09-21,DOMESTIC LIMITED LIABILITY COMPANY,Bronx,New York,Registered Agents Inc.,418 Broadway STE R,,Albany,NY,12207
8026967,"POWELLE LIVING GROUP, LLC",2026-09-21,DOMESTIC LIMITED LIABILITY COMPANY,Erie,New York,RASHEEDAH SHAKOOR,4205 RIVIERA DRIVE,,CORONA,CA,92883
8026968,APEX GLOBAL COMMERCE LLC,2026-09-21,DOMESTIC LIMITED LIABILITY COMPANY,Albany,New York,NORTHWEST REGISTERED AGENT LLC,418 BROADWAY,STE N,ALBANY,NY,12207
8027006,CARING COUNSELING NY MENTAL HEALTH COUNSELING PLLC,2026-09-21,DOMESTIC PROFESSIONAL SERVICE LIMITED LIABILITY COMPANY,Rockland,New York,CARING COUNSELING NY MENTAL HEALTH COUNSELING PLLC,2074 n jerusalem rd,,BELLMORE,NY,11710
8027014,DEEP ROOTS MENTAL HEALTH COUNSELING PLLC,2026-09-21,DOMESTIC PROFESSIONAL SERVICE LIMITED LIABILITY COMPANY,Rockland,New York,DEEP ROOTS MENTAL HEALTH COUNSELING PLLC,7956 state route 417,,BOLIVAR,NY,14715
8027015,AJ 5 BARK LLC,2026-09-21,DOMESTIC LIMITED LIABILITY COMPANY,Albany,New York,AJ 5 BARK LLC,3900 park east drive suite 101,,BEACHWOOD,OH,44122
8027017,"LILRJD, INC.",2026-09-21,DOMESTIC BUSINESS CORPORATION,Niagara,New York,"LILRJD, INC.",6280 south transit road,,LOCKPORT,NY,14094
8027021,RESOLUTE TAX LAW PLLC,2026-09-21,DOMESTIC PROFESSIONAL SERVICE LIMITED LIABILITY COMPANY,Rockland,New York,RESOLUTE TAX LAW PLLC,1 blue hill plaza suite 1509-24,,PEARL RIVER,NY,10965
8027023,"SILVER RIVER NETWORK, INC.",2026-09-21,FOREIGN BUSINESS CORPORATION,New York,Delaware,CORPORATION SERVICE COMPANY,80 STATE STREET,,ALBANY,NY,122072543
8027037,"MCPHEE ELECTRIC, LLC",2026-09-21,FOREIGN LIMITED LIABILITY COMPANY,Albany,Delaware,CORPORATION SERVICE COMPANY,80 STATE STREET,,ALBANY,NY,122072543
8027049,ALEXA ANNE WEEKS NP IN PSYCHIATRY P.C.,2026-09-21,DOMESTIC PROFESSIONAL SERVICE CORPORATION,Monroe,New York,ALEXA ANNE WEEKS NP IN PSYCHIATRY P.C.,"95 allens creed rd,","bldg 1, ste 137",ROCHESTER,NY,14618
8027052,"YSA2003, INC",2026-09-21,FOREIGN BUSINESS CORPORATION,Albany,Delaware,REGISTERED AGENTS INC.,418 BROADWAY STE R,,ALBANY,NY,12207
8027053,PIACERE LLC,2026-09-21,DOMESTIC LIMITED LIABILITY COMPANY,Kings,New York,PIACERE LLC,45 main street suite 628,,BROOKLYN,NY,11201
8027065,BESPOKE ENVIRONMENTS LLC,2026-09-21,FOREIGN LIMITED LIABILITY COMPANY,Kings,Delaware,"CAPITOL SERVICES, INC.",1218 CENTRAL AVE.,STE 100,ALBANY,NY,12205
8027069,"FORESEE HOLDINGS, INC.",2026-09-21,FOREIGN BUSINESS CORPORATION,New York,Delaware,"FORESEE HOLDINGS, INC.","80 w 40th street,",floor 6,NEW YORK,NY,10018
8027072,"CLENATA HOLDINGS, INC.",2026-09-21,FOREIGN BUSINESS CORPORATION,New York,Delaware,"CLENATA HOLDINGS, INC.",1178 broadway,3rd floor #1238,NEW YORK,NY,10001
8027076,TH+RED+HEAD DESIGNS LLC,2026-09-21,DOMESTIC LIMITED LIABILITY COMPANY,Nassau,New York,c/o kristin stevens,87 longridge road,,MANHASSET,NY,11030
8027077,PERCEPTION CORE WELLNESS NP IN PSYCHIATRY PLLC,2026-09-21,DOMESTIC PROFESSIONAL SERVICE LIMITED LIABILITY COMPANY,Orange,New York,PERCEPTION CORE WELLNESS NP IN PSYCHIATRY PLLC,24 pavek circle,,MONROE,NY,109504182
8027079,ARVELLE LLC,2026-09-21,FOREIGN LIMITED LIABILITY COMPANY,Albany,Texas,NORTHWEST REGISTERED AGENT LLC,"418 BROADWAY, STE N",,ALBANY,NY,12207
8027088,"PATRIOT PROPERTY MANAGEMENT GROUP, LLC",2026-09-21,DOMESTIC LIMITED LIABILITY COMPANY,Albany,New York,"PATRIOT PROPERTY MANAGEMENT GROUP, LLC",145 16TH ST,,WATERVLIET,NY,12189
8027121,HIGH RUSTLER VENTURES LLC,2026-09-21,FOREIGN LIMITED LIABILITY COMPANY,Albany,Idaho,HIGH RUSTLER VENTURES LLC,6 rooster ridge rd.,,NEWTOWN,CT,06470
8027122,TECH JUSTICE LAW PROJECT,2026-09-21,FOREIGN NOT-FOR-PROFIT CORPORATION,New York,District of Columbia,"INCORP SERVICES, INC.",ONE COMMERCE PLAZA - 99 WASHINGTON AVE.,SUITE 805-A,ALBANY,NY,122102822
8027124,"JOSHUA MORROW LMHC PSYCHOTHERAPY , PLLC",2026-09-21,DOMESTIC PROFESSIONAL SERVICE LIMITED LIABILITY COMPANY,Clinton,New York,"JOSHUA MORROW LMHC PSYCHOTHERAPY , PLLC",15 TREMBLAY AVENUE,,PLATTSBURGH,NY,12901
8027129,RIDGEWOOD OUTDOORS LLC,2026-09-21,DOMESTIC LIMITED LIABILITY COMPANY,Orange,New York,RIDGEWOOD OUTDOORS LLC,13 arbor rd,,CAMPBELL HALL,NY,10916
8027131,LAW OFFICE OF MICHAEL D. NATHAN P.C.,2026-09-21,DOMESTIC PROFESSIONAL SERVICE CORPORATION,Nassau,New York,C/O MICHAEL D. NATHAN,"11 VIKING ROAD, POST OFFICE 301",,GLENWOOD LANDING,NY,11547
8027133,"TEXTILE SOLUTIONS, INC.",2026-09-21,DOMESTIC BUSINESS CORPORATION,Suffolk,New York,"TEXTILE SOLUTIONS, INC.","200 orville dr., unit 125",,BOHEMIA,NY,11716
8027139,"HALCYON HOUSE DEVELOPER, LLC",2026-09-21,DOMESTIC LIMITED LIABILITY COMPANY,New York,New York,C/O CORPORATION SERVICE COMPANY,80 STATE STREET,,ALBANY,NY,122072543
8027141,"EMBER THERAPY LCSW, PLLC",2026-09-21,DOMESTIC PROFESSIONAL SERVICE LIMITED LIABILITY COMPANY,Suffolk,New York,"C/O MJ MORLEY LAW, P.C.",1323 N. FOREST ROAD,,BUFFALO,NY,14221
8027154,EMANOIL SHAFIK PODIATRY P.C.,2026-09-21,DOMESTIC PROFESSIONAL SERVICE CORPORATION,Queens,New York,EMANOIL SHAFIK PODIATRY P.C.,"218-4 northern blvd,",ste 108,BAYSIDE,NY,11361
8027156,"RAAH PHYSICAL THERAPY, P.C.",2026-09-21,DOMESTIC PROFESSIONAL SERVICE CORPORATION,Orange,New York,"RAAH PHYSICAL THERAPY, P.C.",38 evergreen dr,,MONROE,NY,10950
8027160,STATEN ISLAND CHIROPRACTIC CARE P.C.,2026-09-21,DOMESTIC PROFESSIONAL SERVICE CORPORATION,Richmond,New York,STATEN ISLAND CHIROPRACTIC CARE P.C.,71 todt hill rd,,STATEN ISLAND,NY,10314
8027184,"SWAN BOOKS, LLC",2026-09-21,DOMESTIC LIMITED LIABILITY COMPANY,Saratoga,New York,"JOHN P. MASTROPIETRO, ESQ.","MATROPIETRO LAW GROUP, LLC",63 FRANKLIN STREET,SARATOGA SPRINGS,NY,12866
8027189,NY AI PROFESSIONAL DESIGN INC.,2026-09-21,DOMESTIC BUSINESS CORPORATION,New York,New York,c/o the corporation,109 mott street,,NEW YORK,NY,10013
8027195,SARATOGA NATURALS LLC,2026-09-21,DOMESTIC LIMITED LIABILITY COMPANY,Warren,New York,SARATOGA NATURALS LLC,one washington street,po box 2168,GLENS FALLS,NY,12801
8027198,"MANGROVE ROOTS PSYCHOTHERAPY LCSW, PLLC",2026-09-21,DOMESTIC PROFESSIONAL SERVICE LIMITED LIABILITY COMPANY,New York,New York,"c/o mj morley law, p.c.",1323 n. forest road,,BUFFALO,NY,14221
8027200,"GROFI CAPITAL, LLC",2026-09-21,FOREIGN LIMITED LIABILITY COMPANY,New York,Delaware,"GROFI CAPITAL, LLC",attention: jaime andrade,40 wall street,NEW YORK,NY,10005
8027205,CANOPIC LAW PLLC,2026-09-21,DOMESTIC PROFESSIONAL SERVICE LIMITED LIABILITY COMPANY,Suffolk,New York,CANOPIC LAW PLLC,PO BOX 1801,,AMAGANSETT,NY,11930
8027206,FRANCHINI PROPERTIES LLC,2026-09-21,DOMESTIC LIMITED LIABILITY COMPANY,Monroe,New York,FRANCHINI PROPERTIES LLC,240 albermarle street,,ROCHESTER,NY,14613
8027225,VISION REMODELING CORP.,2026-09-21,DOMESTIC BUSINESS CORPORATION,Nassau,New York,VISION REMODELING CORP.,912 van buren st,,BALDWIN,NY,11510
8027231,AREL GOLOMBECK RADIOLOGY P.C.,2026-09-21,DOMESTIC PROFESSIONAL SERVICE CORPORATION,Westchester,New York,AREL GOLOMBECK RADIOLOGY P.C.,25 HARLAN DRIVE,,NEW ROCHELLE,NY,10804
8027232,"REED CPA GROUP, P.C.",2026-09-21,DOMESTIC PROFESSIONAL SERVICE CORPORATION,New York,New York,"alan reed, cpa",10 fieldstone drive,,EASTON,CT,06612
8027249,SHARI ISA LUSSKIN MD PLLC,2026-09-21,DOMESTIC PROFESSIONAL SERVICE LIMITED LIABILITY COMPANY,New York,New York,SHARI ISA LUSSKIN MD PLLC,15 fisher lane,2nd fl.,WHITE PLAINS,NY,10603
8027251,BATOU XYZ INCORPORATED,2026-09-21,FOREIGN BUSINESS CORPORATION,New York,Delaware,BATOU XYZ INCORPORATED,300 tice boulevard,suite 315,WOODCLIFF LAKE,NJ,07677
8027254,MALKIN MEDICAL PLLC,2026-09-21,DOMESTIC PROFESSIONAL SERVICE LIMITED LIABILITY COMPANY,Kings,New York,MALKIN MEDICAL PLLC,138 brighton,11th st fl 1,BROOKLYN,NY,11235
8027256,IK PEDIATRICS P.C.,2026-09-21,DOMESTIC PROFESSIONAL SERVICE CORPORATION,Nassau,New York,IK PEDIATRICS P.C.,1419 horseshoe dr,,north BELLMORE,NY,11710
8027274,DICKY'S STORAGE LLC,2026-09-21,DOMESTIC LIMITED LIABILITY COMPANY,Jefferson,New York,DICKY'S STORAGE LLC,636 stone circle,,WATERTOWN,NY,13601
8027280,343 NORTHUMBERLAND LLC,2026-09-21,DOMESTIC LIMITED LIABILITY COMPANY,Erie,New York,343 NORTHUMBERLAND LLC,104 santin drive,,cheektowaga,NY,14225
8027288,"CUSCO LIFE & HEALTH FOUNDATION, INC.",2026-09-21,DOMESTIC NOT-FOR-PROFIT CORPORATION,Westchester,New York,ada santa cruz,61 monroe st,,NEW ROCHELLE,NY,10801
8027292,"HARMONY FOR THE MIND MENTAL HEALTH COUNSELING, PLLC",2026-09-21,DOMESTIC PROFESSIONAL SERVICE LIMITED LIABILITY COMPANY,Erie,New York,"C/O MJ MORLEY LAW, P.C.",1323 N. FOREST ROAD,,BUFFALO,NY,14221
8027300,"MNW CERTIFIED REGISTERED NURSE ANESTHETIST, PLLC",2026-09-21,DOMESTIC PROFESSIONAL SERVICE LIMITED LIABILITY COMPANY,Erie,New York,"c/o mj morley law, p.c.",1323 n. forest road,,BUFFALO,NY,14221
8027301,"OFFICE OF MARVIN I. BENJAMIN CPA, P.C.",2026-09-21,DOMESTIC PROFESSIONAL SERVICE CORPORATION,Rockland,New York,"OFFICE OF MARVIN I. BENJAMIN CPA, P.C.",300 north middletown road,suite 8,PEARL RIVER,NY,10965
8027307,"ASSURA, INC.",2026-09-21,FOREIGN BUSINESS CORPORATION,Albany,Virginia,REGISTERED AGENTS INC.,418 BROADWAY STE R,,ALBANY,NY,12207
8027308,"PURE INTERACTIVE ENTERTAINMENT, INC.",2026-09-21,FOREIGN BUSINESS CORPORATION,New York,Delaware,"PURE INTERACTIVE ENTERTAINMENT, INC.",430 WEST BROADWAY FLOOR 5,,NEW YORK,NY,10012
8027311,BURGER EXPERIENCE 2 LLC,2026-09-21,DOMESTIC LIMITED LIABILITY COMPANY,Westchester,New York,sachin shah,"301 route 17 n, suite 802",,RUTHERFORD,NJ,07070
8027312,421 FRANKLIN LLC,2026-09-21,DOMESTIC LIMITED LIABILITY COMPANY,Erie,New York,421 FRANKLIN LLC,121 nottingham terrace,,BUFFALO,NY,14216
8027316,AXEL MC HOLDINGS INC.,2026-09-21,FOREIGN BUSINESS CORPORATION,Albany,Delaware,NORTHWEST REGISTERED AGENT LLC,"418 BROADWAY, STE N",,ALBANY,NY,12207
8027323,BAL BETHPAGE HOLDINGS LLC,2026-09-21,FOREIGN LIMITED LIABILITY COMPANY,New York,Delaware,CORPORATION SERVICE COMPANY,80 STATE STREET,,ALBANY,NY,122072543
8027324,"TCJ PARTNERS, LLC",2026-09-21,DOMESTIC LIMITED LIABILITY COMPANY,Saratoga,New York,"TCJ PARTNERS, LLC",509 state route 67,,malta,NY,12020
8027326,"FLAT RATE MOVERS HOLDINGS, INC.",2026-09-21,DOMESTIC BUSINESS CORPORATION,Bronx,New York,"FLAT RATE MOVERS HOLDINGS, INC.",27 bruckner blvd,,BRONX,NY,10454
8027334,"FLAT RATE STORAGE SYSTEMS HOLDINGS, INC.",2026-09-21,DOMESTIC BUSINESS CORPORATION,Bronx,New York,"FLAT RATE STORAGE SYSTEMS HOLDINGS, INC.",27 bruckner blvd,,BRONX,NY,10454
8027340,"PINNACLE ADVISING, LLC",2026-09-21,DOMESTIC LIMITED LIABILITY COMPANY,Albany,New York,travis frantti,52 south swan,UNIT 201,ALBANY,NY,12210
8027341,CRYSTALINSURE INC.,2026-09-21,DOMESTIC BUSINESS CORPORATION,Kings,New York,CRYSTALINSURE INC.,7611 5TH AVENUE,,BROOKLYN,NY,11209
8027349,"ELVIN ENGINEERING, PLLC",2026-09-21,DOMESTIC PROFESSIONAL SERVICE LIMITED LIABILITY COMPANY,Monroe,New York,michael s. smith,1160a pittsford-victor road,,PITTSFORD,NY,14534
8027351,"FLAT RATE ELITE SERVICES HOLDINGS, INC.",2026-09-21,DOMESTIC BUSINESS CORPORATION,Bronx,New York,"FLAT RATE ELITE SERVICES HOLDINGS, INC.",27 bruckner blvd.,,BRONX,NY,10454
8027353,DILEDGER LLC,2026-09-21,FOREIGN LIMITED LIABILITY COMPANY,Albany,Delaware,c/o USA CORPORATE SERVICES INC.,911 CENTRAL AVE SuiTE 214,,ALBANY,NY,12206
8027365,NOURISHNOW LLC,2026-09-21,FOREIGN LIMITED LIABILITY COMPANY,Bronx,Delaware,REGISTERED AGENTS INC.,418 BROADWAY STE R,,ALBANY,NY,12207
8027383,1001 ENTERTAINMENT INC.,2026-09-21,DOMESTIC BUSINESS CORPORATION,Westchester,New York,matthew zoni,21 travis ln,,MONTROSE,NY,10548
8027387,"EVL SVP, LLC",2026-09-21,DOMESTIC LIMITED LIABILITY COMPANY,Chautauqua,New York,"stefanie l. pate, esq. c/o leech tishman",one dag hammarskjold plaza,"885 second avenue, 3rd floor",NEW YORK,NY,10017
8027391,"JESSICA M. ESPEY PA, PLLC",2026-09-21,DOMESTIC PROFESSIONAL SERVICE LIMITED LIABILITY COMPANY,Saratoga,New York,"JESSICA M. ESPEY PA, PLLC",36 sweet brier drive,,BALLSTON LAKE,NY,12019
8027395,"AV STUMPFL, INC.",2026-09-21,FOREIGN BUSINESS CORPORATION,New York,Delaware,c/o C T CORPORATION SYSTEM,28 LIBERTY STREET,,NEW YORK,NY,10005
8027401,ROOTED CHIROPRACTIC PLLC,2026-09-21,DOMESTIC PROFESSIONAL SERVICE LIMITED LIABILITY COMPANY,Erie,New York,the pllc,5615 johns terrace,,HAMBURG,NY,14075
8027407,"MADELINE BRUCKER, PA, PLLC",2026-09-21,DOMESTIC PROFESSIONAL SERVICE LIMITED LIABILITY COMPANY,Rensselaer,New York,"MADELINE BRUCKER, PA, PLLC",203 thornberry ln,bldg 4203t,RENSSELAER,NY,12144
8027411,RED BEAVER PROPERTIES LLC,2026-09-21,DOMESTIC LIMITED LIABILITY COMPANY,Chemung,New York,RED BEAVER PROPERTIES LLC,674 E. SULLIVANVILLE ROAD,,CAYUTA,NY,14824
8027413,MIAMI HOME LLC,2026-09-21,FOREIGN LIMITED LIABILITY COMPANY,Albany,Delaware,REGISTERED AGENTS INC.,418 BROADWAY STE R,,ALBANY,NY,12207
8027425,11TH ST. WORKSHOP LLC,2026-09-21,DOMESTIC LIMITED LIABILITY COMPANY,New York,New York,"UNITED STATES CORPORATION AGENTS, INC.","7014 13TH AVENUE , SUITE 202",,BROOKLYN,NY,11228
8027431,STEEL REEF US CORP.,2026-09-21,FOREIGN BUSINESS CORPORATION,Bronx,Delaware,c/o UNITED AGENT GROUP INC.,600 MAMARONECK AVENUE,#400,HARRISON,NY,10528
8027432,LUDLOW APARTMENTS LLC,2026-09-21,FOREIGN LIMITED LIABILITY COMPANY,New York,Delaware,C T CORPORATION SYSTEM,28 LIBERTY STREET,,NEW YORK,NY,10005
8027441,LUDLOW LAND LLC,2026-09-21,FOREIGN LIMITED LIABILITY COMPANY,New York,Delaware,C T CORPORATION SYSTEM,28 LIBERTY STREET,,NEW YORK,NY,10005
8027626,COLUMBIA YOUTH WRESTLING INC.,2026-09-21,DOMESTIC NOT-FOR-PROFIT CORPORATION,Rensselaer,New York,COLUMBIA YOUTH WRESTLING INC.,98 s waldron ln,,WYNANTSKILL,NY,12198
8027832,12 ROCK LANE INC.,2026-09-21,DOMESTIC BUSINESS CORPORATION,Nassau,New York,12 ROCK LANE INC.,12 rock lane,,LEVITTOWN,NY,11756
8028268,FOUNDATION 1 GROUP OF NEW YORK LLC,2026-09-21,FOREIGN LIMITED LIABILITY COMPANY,Albany,Delaware,USA CORPORATE SERVICES INC.,911 CENTRAL AVE STE 214,,ALBANY,NY,12206
8028323,"NYC FURMEETS, INC.",2026-09-21,DOMESTIC NOT-FOR-PROFIT CORPORATION,New York,New York,"NYC FURMEETS, INC.",500 8th avenue,frnt 3 #1572,NEW YORK,NY,10018
8028437,"SOHO SET ENTERPRISES, LLC",2026-09-21,FOREIGN LIMITED LIABILITY COMPANY,New York,California,"SOHO SET ENTERPRISES, LLC",420 n camden drive,ste 100,BEVERLY HILLS,CA,90210
8028467,STEEL REEF BURKE LLC,2026-09-21,FOREIGN LIMITED LIABILITY COMPANY,Bronx,Delaware,C/O UNITED AGENT GROUP INC.,600 MAMARONECK AVENUE #400,,HARRISON,NY,10528
8028796,"QUANTUM HUB NYC, INC.",2026-09-21,DOMESTIC NOT-FOR-PROFIT CORPORATION,New York,New York,"QUANTUM HUB NYC, INC.",1178 broadway,3rd floor,NEW YORK,NY,10001
8028835,350 PROPERTY SERVICES LLC,2026-09-21,DOMESTIC LIMITED LIABILITY COMPANY,Monroe,New York,350 PROPERTY SERVICES LLC,363 RANSFORD AVENUE,,ROCHESTER,NY,14622
8030233,NEW YORK STREET DANCE ASSOCIATION INC.,2026-09-21,DOMESTIC NOT-FOR-PROFIT CORPORATION,Nassau,New York,NEW YORK STREET DANCE ASSOCIATION INC.,443 s oyster bay rd,suite c,PLAINVIEW,NY,11803
